Open,High,Low,Close,Volume,ret5,ma5,ret20,ma20,ret60,ma60,ret120,ma120,ma20_slope,rsi14,volume_ma20,volume_ratio,ma20_deviation,symbol,date,benchmark_ret20,benchmark_ret60,market_regime,rs20_rank_pct,rs60_rank_pct,period_date,as_of_date,revenue,gross_profit,operating_income,pretax_income,tax_expense,net_income_parent,eps,current_assets,current_liabilities,assets,liabilities,equity,cash,short_borrowings,long_borrowings,bonds_payable,tax_rate,nopat,invested_capital_proxy,roic_proxy,roe,roa,debt_to_equity,gross_margin,operating_margin,net_margin,revenue_growth,pe,pb,eva_like_score,fundamental_score,fundamental_pass,technical_score,score,final_score,fundamental_rank,pass_market,pass_score,pass_rs20,pass_rs60,pass_close_ma20,pass_ma20_ma60,pass_ma20_slope,pass_rsi,pass_ret20_benchmark,pass_ret60_benchmark,pass_ret5_cap,pass_ret20_cap,pass_volume_ratio,pass_ma20_deviation,pass_fundamental_score,pass_fundamental_filter,pass_fundamental_universe,entry_pass_count,entry_all_pass,close_ma60_ratio,close_ma120_ratio,above_ma120,turnover20,liquidity_rank,price_bucket,eva_rank_bucket,forward_60d_return,forward_60d_max_drawdown,reward_60,fwd60_rank_label,top_quantile_60,reg_forward60,reg_reward60,cls_topq60,rank_forward60,ensemble_score,ranker_score,stable_ensemble_score,fundamental_rank_score,fundamental_score_rank,final_score_rank,stable_ml_rank,fund_ml_85_15,fund_final_ml,name
15.75,15.949999809265137,15.600000381469728,15.800000190734863,364785.0,-0.01863355177805759,15.949999809265137,0.012820500280416702,15.93999981880188,0.09722226453416272,15.353173844019572,-0.021671791706659005,15.442003607749939,0.005507705448257651,53.84617641837336,262064.35,1.3919672782658152,-0.008782912776566065,1110.TW,2026-08-06,-0.023629488921441566,0.08167542462573607,neutral,0.23148148148148148,0.2205746061167748,2026-03-31,2026-05-15,582643000.0,83497000.0,44070000.0,33666000.0,8657000.0,25695000.0,0.05,2827051000.0,1931603000.0,12789768000.0,3130316000.0,9659452000.0,402347000.0,1166000000.0,483161000.0,,0.2571437058159567,32737676.884690788,10858165000.0,0.0030150284955782,0.0026600887917865,0.0020090278416309,0.3240676593247732,0.1433073082487904,0.0756380836979076,0.0441007615297875,-0.2132017328270251,,,22.850230007474945,22.850230007474945,False,67.8588915197106,67.8588915197106,56.606726141651684,814.0,True,False,True,True,False,True,True,True,True,True,True,True,True,True,False,False,False,12,False,0.029103190731429196,0.023183298753100656,1.0,4140616.779984808,0.7722222222222223,0.0,3.0,,,,,,0.04257459890058172,0.027632606555758565,0.13107609745250676,-1.7508571897773735,0.3155844155844155,-1.7508571897773735,0.3341008236614643,-814.0,0.2727272727272727,0.16883116883116883,0.23376623376623376,0.26688311688311683,0.23376623376623373,東泥
31.600000381469727,31.850000381469727,31.549999237060547,31.700000762939453,110000.0,-0.013996912646403126,31.879999923706055,0.007949125403348134,31.900000190734865,0.07640067713789156,30.845833492279052,-0.04518072185330857,31.73583337465922,0.0012554945716520337,49.27537193372365,135423.6,0.8122661042831529,-0.006269574501554409,1321.TW,2026-08-06,-0.023629488921441566,0.08167542462573607,neutral,0.25,0.2511584800741427,2026-03-31,2026-05-15,880894000.0,105477000.0,20883000.0,93159000.0,58043000.0,35116000.0,0.16,2103160000.0,996940000.0,11565078000.0,5771280000.0,5793798000.0,430438000.0,490000000.0,3742014000.0,,0.4,12529800.0,10568138000.0,0.0011856203997336,0.0060609638099222,0.0030363824610607,0.9961134302576652,0.119738583756956,0.0237065980696882,0.0398640472065878,-0.1112010218886778,,,14.654052606066369,14.654052606066369,False,61.22103799814643,61.22103799814643,49.579291650126414,967.0,True,False,True,True,False,True,True,False,True,False,True,True,True,True,False,False,False,10,False,0.027691495866831062,-0.0011290899878614313,0.0,4292928.223320007,0.7648148148148148,1.0,3.0,,,,,,0.020674808852631316,-0.0029070086266995087,0.13439441207717548,-1.6212228698924545,0.2324675324675325,-1.6212228698924545,0.20849316488109593,-967.0,0.12987012987012986,0.012987012987012988,0.09090909090909091,0.12402597402597401,0.08701298701298701,大洋
44.5,45.25,44.34999847412109,45.04999923706055,207618.0,0.033256899396455486,44.49000091552735,0.005580357237890077,44.38250026702881,0.10687956738522009,43.66166667938232,0.05257009439504201,42.64291661580403,-0.00325641199398555,65.13759156147083,89394.6,2.3224892778758446,0.015039688300922727,1339.TW,2026-08-06,-0.023629488921441566,0.08167542462573607,neutral,0.2564814814814815,0.20389249304911955,2026-03-31,2026-05-15,394676000.0,97156000.0,-1039000.0,239290000.0,15507000.0,206388000.0,2.78,1829193000.0,837135000.0,5225726000.0,1066079000.0,4159647000.0,705809000.0,,152479000.0,,0.0648042124618663,-971668.4232521208,4388591000.0,-0.0002214078330042,0.0496167102641161,0.0394946080219284,0.2562907381323463,0.2461664757928022,-0.0026325390953592,0.5229302009749769,-0.2023637499065291,,,43.397534008094304,43.397534008094304,False,58.86422663054798,58.86422663054798,54.99755347493456,460.0,True,False,True,True,True,True,False,True,True,True,True,True,True,True,False,False,False,12,False,0.031797516294397754,0.05644741993009972,1.0,4027226.661797333,0.7777777777777778,1.0,3.0,,,,,,0.061723126182688624,0.057302056494758696,0.15634909496879304,-1.0337746284249474,0.6006493506493507,-1.0337746284249474,0.562878120847161,-460.0,0.5714285714285714,0.12987012987012986,0.5974025974025974,0.5753246753246752,0.44415584415584414,昭輝
19.549999237060547,19.549999237060547,18.799999237060547,19.350000381469727,257472.0,0.06906077202516059,19.309999847412108,-0.0025772803115313714,18.67249984741211,0.216981185264856,17.493333260218304,0.022159200938393964,17.72118546962738,-0.00253739521567076,60.396048578836755,276730.35,0.9304075248703296,0.036283333222333125,1414.TW,2026-08-06,-0.023629488921441566,0.08167542462573607,neutral,0.2935185185185185,0.1056533827618165,2026-03-31,2026-05-15,113452000.0,12596000.0,-7033000.0,11377000.0,382000.0,10995000.0,0.06,876335000.0,611698000.0,4159720000.0,1289474000.0,2870246000.0,113194000.0,505000000.0,,,0.033576514019513,-6796856.376900765,3548022000.0,-0.0019156748117403,0.0038306821087809,0.0026432067543007,0.4492555690348492,0.1110249268413073,-0.0619909741564714,0.0969132320276416,-0.1489036091252128,,,15.88871955373819,15.88871955373819,False,65.9056638426343,65.9056638426343,53.40142777041027,938.0,True,False,True,True,True,True,False,True,True,True,True,True,True,True,False,False,False,12,False,0.10613569716148263,0.09191342840093841,1.0,5354732.378064251,0.7388888888888889,0.0,3.0,,,,,,0.029333773109940862,0.00792835442765023,0.20015207498928506,-1.6263348542143605,0.34870129870129873,-1.6263348542143605,0.49626843855356445,-938.0,0.15584415584415584,0.1038961038961039,0.4805194805194805,0.20454545454545453,0.2051948051948052,東和
22.850000381469727,22.850000381469727,22.200000762939453,22.450000762939453,35044.0,-0.032327585143793525,22.779999923706054,0.02277904248842688,22.0625,0.06904765537806923,21.688333320617676,-0.2929133617971825,25.008750073115035,0.006845403490233453,66.66666666666674,59403.4,0.5899325627826016,0.017563773957595563,1438.TW,2026-08-06,-0.023629488921441566,0.08167542462573607,neutral,0.18888888888888888,0.2669138090824838,2026-03-31,2026-05-15,377477000.0,149341000.0,122347000.0,87324000.0,15498000.0,,0.65,13719838000.0,9737355000.0,14176631000.0,10964578000.0,3212053000.0,127523000.0,3403550000.0,71700000.0,910937000.0,0.1774769822729146,100633223.64985572,4439276000.0,0.0226688369116621,,,3.413573188238177,0.3956294025861178,0.3241177608172153,,1565.2946058091286,,,68.22752717503778,68.22752717503778,False,67.8278396397745,67.8278396397745,67.92776152359032,178.0,True,False,True,True,True,True,True,True,True,False,True,True,False,True,True,False,False,11,False,0.03511876321071239,-0.10231416215104228,0.0,1333606.3753211976,0.9092592592592592,0.0,3.0,,,,,,0.19119858974300843,0.14130262603015795,0.32902900864143036,0.12734862078760043,0.9512987012987013,0.12734862078760043,0.9576962938321156,-178.0,0.8701298701298701,0.6623376623376623,0.974025974025974,0.8857142857142857,0.8285714285714285,三地開發
12.899999618530272,12.949999809265137,12.600000381469728,12.949999809265137,151058.0,-0.18037976880158324,13.479999923706055,0.1115880028585674,13.959187841415405,0.09809933166563778,12.448464934031168,0.12625580418578175,12.024146262804667,0.02874158824896654,48.49395923229005,76564.85,1.9729418917427513,-0.07229561229601889,1459.TW,2026-08-06,-0.023629488921441566,0.08167542462573607,neutral,0.046296296296296294,0.21872103799814643,2026-03-31,2026-05-15,231160000.0,43640000.0,24305000.0,20991000.0,11327000.0,10929000.0,0.03,2303265000.0,1144782000.0,4781139000.0,1238615000.0,3542524000.0,1064701000.0,969808000.0,0.0,,0.4,14583000.0,3636357000.0,0.0040103323188564,0.0030850884849333,0.0022858569893073,0.3496419502027368,0.1887869873680567,0.1051436234642671,0.0472789409932514,-0.1821658664987316,,,27.476121095005883,27.476121095005883,False,70.03523606330118,70.03523606330118,59.39545732122736,725.0,True,False,True,True,False,True,True,False,True,True,True,True,True,True,False,False,False,11,False,0.0402888932805594,0.07699952464188597,1.0,991514.7928964138,0.9314814814814815,0.0,3.0,,,,,,0.08669579780520618,0.07024737979528548,0.2539335089845811,-1.0710388487707638,0.7909090909090909,-1.0710388487707638,0.7975027519826117,-725.0,0.36363636363636365,0.2857142857142857,0.8571428571428571,0.43766233766233764,0.43896103896103894,聯發
10.0,10.350000381469728,9.649999618530272,9.989999771118164,1359495.0,0.059384883119783405,9.529999923706054,0.18787157578751268,9.490499925613403,0.403089878046216,8.176499994595845,0.3427418943932603,7.6953333457310995,0.016004709299141884,62.28571169068261,975770.3,1.3932531047522148,0.05263156308095929,1467.TW,2026-08-06,-0.023629488921441566,0.08167542462573607,neutral,0.022222222222222223,0.03521779425393883,2026-03-31,2026-05-15,1182469000.0,233654000.0,6454000.0,43184000.0,15488000.0,25429000.0,0.11,4780307000.0,3706895000.0,8859724000.0,5854515000.0,3005209000.0,1788594000.0,1910806000.0,1915954000.0,,0.3586513523527232,4139264.171915524,5152829000.0,0.0008032993471965,0.00846164110383,0.0028701797031149,1.948122410121892,0.197598414842165,0.0054580712052493,0.0215050035138341,-0.0488497818933252,,,14.540544369959688,14.540544369959688,False,89.68739272813036,89.68739272813036,70.90068063858769,970.0,True,True,True,True,True,True,True,True,True,True,True,True,True,True,False,False,False,14,False,0.22179413902292278,0.29818934700989996,1.0,9747945.073663903,0.6657407407407407,0.0,3.0,,,,,,0.09557119430138478,0.053272958200556386,0.3296226983074408,-1.051762915755841,0.8324675324675326,-1.051762915755841,0.8490936613199827,-970.0,0.11688311688311688,0.8051948051948052,0.935064935064935,0.2396103896103896,0.487012987012987,南緯
13.75,13.75,13.25,13.449999809265137,35010.0,-0.01824817543653745,13.870000076293945,0.10245901799528734,13.40750002861023,0.08467743734167299,12.475833368301391,0.04669256108821873,12.448749995231628,0.0317429817844683,48.62384695003354,59161.6,0.5917689852877542,0.003169851244767319,1468.TW,2026-08-06,-0.023629488921441566,0.08167542462573607,neutral,0.05092592592592592,0.24003707136237257,2026-03-31,2026-05-15,127625000.0,33061000.0,6858000.0,37576000.0,10255000.0,27394000.0,0.17,2026221000.0,1309595000.0,3251907000.0,1720312000.0,1531595000.0,422483000.0,1024218000.0,318861000.0,,0.2729135618479881,4986358.792846498,1942312000.0,0.002567228536325,0.0178859293742797,0.0084239801445736,1.1232159937842576,0.2590479921645445,0.0537355533790401,0.2146444662095984,-0.4821632894854295,,,27.22145617109853,27.22145617109853,False,67.7354497085602,67.7354497085602,57.60695132419478,732.0,True,False,True,True,True,True,True,False,True,True,True,True,False,True,False,False,False,11,False,0.07808427799612239,0.08042974711654005,1.0,795723.5087158203,0.9518518518518518,0.0,3.0,,,,,,0.09149534881393283,0.07244125162204139,0.2573835222535997,-0.9092078386903477,0.8415584415584416,-0.9092078386903477,0.8408843825441897,-732.0,0.35064935064935066,0.22077922077922077,0.9090909090909091,0.4344155844155844,0.4233766233766234,昶和
355.5,368.0,354.0,364.5,2077048.0,0.035511363636363535,353.3,0.08805970149253728,342.325,0.044412607449856756,335.29927113850914,-0.10332103321033215,349.36630223592124,0.016102701098248774,72.79411764705883,1659430.9,1.2516628441714568,0.06477762360330108,1476.TW,2026-08-06,-0.023629488921441566,0.08167542462573607,neutral,0.06944444444444445,0.32344763670064874,2026-03-31,2026-05-15,9621070000.0,3094736000.0,2194913000.0,2290689000.0,456173000.0,1834516000.0,6.69,23249199000.0,9214639000.0,36864649000.0,9360987000.0,27503662000.0,2958067000.0,280436000.0,,,0.1991422668026956,1757813049.7452948,27650010000.0,0.0635736858592562,0.0667007906074471,0.0497635553236923,0.3403542044692085,0.321662351484814,0.2281360597106143,0.1906769205504169,0.026290598239542,,,82.3980197254144,82.3980197254144,False,72.32580141752102,72.32580141752102,74.84385599449436,71.0,True,False,True,True,True,True,True,False,True,False,True,True,True,True,True,False,False,11,False,0.08708855453917264,0.04331756573895107,1.0,604862563.05,0.15648148148148147,2.0,2.0,,,,,,0.03744859330608051,0.00278613132886698,0.1902567170206516,-0.9192328013930673,0.47077922077922085,-0.9192328013930673,0.49596330463761085,-71.0,0.974025974025974,0.935064935064935,0.4675324675324675,0.8980519480519481,0.861038961038961,儒鴻
67.5999984741211,68.80000305175781,67.4000015258789,68.80000305175781,23010.0,0.01176475076114425,68.56000061035157,0.028400620067907223,67.4450008392334,0.14666671752929683,65.95535500844319,0.1008000488281251,63.99017747243246,0.004467942456628946,57.14289606840308,16065.2,1.4322884246694718,0.020090476620413744,1525.TW,2026-08-06,-0.023629488921441566,0.08167542462573607,neutral,0.17314814814814813,0.15291936978683968,2026-03-31,2026-05-15,281735000.0,40655000.0,2924000.0,46209000.0,106069000.0,-59860000.0,-0.82,2768107000.0,386523000.0,5758402000.0,665056000.0,5093346000.0,2111569000.0,,,,0.4,1754400.0,5371879000.0,0.0003265896346511,-0.0117525885734053,-0.0103952450697259,0.1305734972648628,0.1443022698635242,0.0103785472163557,-0.2124691642855875,0.0173619762608918,,,20.40210850591844,20.40210850591844,False,76.97351019972363,76.97351019972363,62.830659776272334,854.0,True,True,True,True,True,True,True,True,True,True,True,True,True,True,False,False,False,14,False,0.043129902688727295,0.0751650607844847,1.0,1105285.8090270997,0.9203703703703704,1.0,3.0,,,,,,0.007281416164054371,-0.008272938083682634,0.08142145073446418,-1.3462832696172389,0.20454545454545453,-1.3462832696172389,0.202416556483916,-854.0,0.2077922077922078,0.45454545454545453,0.07792207792207792,0.18831168831168832,0.2558441558441558,江申
17.600000381469727,19.149999618530277,17.600000381469727,19.149999618530277,1773177.0,0.03234503537180777,18.16999969482422,0.329861119849447,16.82499990463257,0.26402640928832266,15.3174999554952,-0.10304453038084682,16.427499977747598,0.054858931343709276,59.89583488553819,1891713.0,0.9373393321291338,0.1381872051754096,1526.TW,2026-08-06,-0.023629488921441566,0.08167542462573607,neutral,0.005555555555555556,0.07970342910101946,2026-03-31,2026-05-15,161967000.0,20373000.0,-31597000.0,-32188000.0,-5656000.0,-26532000.0,-0.44,1390560000.0,762634000.0,2260417000.0,919977000.0,1340440000.0,321815000.0,47136000.0,137059000.0,0.0,0.1757176587548154,-26044849.136324096,1497783000.0,-0.0173889336014122,-0.0197935006415803,-0.0117376572552763,0.6863246396705559,0.1257848821056141,-0.1950829489957831,-0.1638111467150715,-0.1925147819844253,,,13.294112740747746,13.294112740747746,False,91.61389747862806,91.61389747862806,72.03395129415797,990.0,True,True,True,True,True,True,True,True,True,True,True,True,True,True,False,False,False,14,False,0.25020399374378033,0.16572817802285988,1.0,36226303.22836877,0.4666666666666667,0.0,3.0,,,,,,0.008363791543865219,-0.05477923435848746,0.2611872410984778,-1.8804585202647894,0.2707792207792208,-1.8804585202647894,0.26274908467663416,-990.0,0.09090909090909091,0.8311688311688312,0.16883116883116883,0.10259740259740259,0.32857142857142857,日馳
32.349998474121094,32.349998474121094,31.649999618530277,31.850000381469727,1090481.0,-0.0184899959125725,32.56000022888183,0.058139534146894656,31.882500076293944,0.10207615231413181,30.812500095367433,-0.0015673742212682917,30.53583342234294,0.016742409174416575,46.464639069552014,1355921.8,0.8042359080000041,-0.00101935841751577,1808.TW,2026-08-06,-0.023629488921441566,0.08167542462573607,neutral,0.10277777777777777,0.20852641334569044,2026-03-31,2026-05-15,5392216000.0,1474911000.0,1229561000.0,1153602000.0,211319000.0,942283000.0,1.06,46784978000.0,26633648000.0,51660398000.0,37973630000.0,13686768000.0,5845055000.0,11570200000.0,207356000.0,10980553000.0,0.1831818946222353,1004327686.4663897,25026750000.0,0.0401301681787043,0.068846275468394,0.0182399485191732,2.774477509957062,0.2735259492572256,0.2280251755493474,0.1747487489373571,173.44891620834682,,,72.1127428848662,72.1127428848662,False,66.70350633302441,66.70350633302441,68.05581547098485,149.0,True,False,True,True,False,True,True,False,True,True,True,True,True,True,True,False,False,11,False,0.03367140877537156,0.043036878704126647,1.0,43186109.84724312,0.4462962962962963,1.0,3.0,,,,,,0.08533407524297074,0.04562010197256968,0.200911263238808,-0.682690360824842,0.7272727272727273,-0.682690360824842,0.7551143710195881,-149.0,0.8831168831168831,0.6753246753246753,0.8051948051948052,0.8714285714285713,0.8051948051948052,潤隆
30.75,31.100000381469727,30.600000381469727,30.850000381469727,36480.0,-0.004838697371944312,30.9,0.06932408920467803,30.629999828338622,0.11371839464873723,29.733348496754964,0.052901064326603686,28.956257581710815,0.015062228348857351,47.8260995760296,33175.35,1.0996116092219073,0.007182518914922165,2008.TW,2026-08-06,-0.023629488921441566,0.08167542462573607,neutral,0.09259259259259259,0.19184430027803523,2026-03-31,2026-05-15,349981000.0,60260000.0,34264000.0,25821000.0,1897000.0,,0.13,2434612000.0,1949854000.0,8362257000.0,4596942000.0,3765315000.0,312935000.0,1633298000.0,2437214000.0,,0.073467332791139,31746715.309244413,6412403000.0,0.0049508297137975,,,1.2208651865780151,0.1721807755278143,0.0979024575619819,,-0.2357091693673075,,,28.43463561506169,28.43463561506169,False,68.85475470169742,68.85475470169742,58.74972493003849,710.0,True,False,True,True,True,True,True,False,True,True,True,True,True,True,False,False,False,12,False,0.03755553750821683,0.06540012273392071,1.0,1023459.5601553917,0.9259259259259259,1.0,3.0,,,,,,0.04331464079342921,0.023777534512222698,0.17014834514887017,-1.2915597019391993,0.4194805194805195,-1.2915597019391993,0.4013425702416451,-710.0,0.38961038961038963,0.24675324675324675,0.38961038961038963,0.38961038961038963,0.3467532467532468,高興昌
63.0,65.30000305175781,63.0,65.0,382861.0,-0.022556390977443663,64.57999954223632,0.05691056910569103,64.04499988555908,0.03833868345653513,62.691666730244954,0.04931161587249355,62.97510293324788,0.009854932332281019,56.31067170107608,374829.35,1.021427484267174,0.014911392242132893,2015.TW,2026-08-06,-0.023629488921441566,0.08167542462573607,neutral,0.10462962962962963,0.3392029657089898,2026-03-31,2026-05-15,6404574000.0,820478000.0,589291000.0,648609000.0,122645000.0,526749000.0,0.91,12172005000.0,4388066000.0,26283228000.0,5068762000.0,21214466000.0,4570295000.0,40284000.0,,,0.1890892664147429,477862397.1051897,21895162000.0,0.0218250222174738,0.0248297081812005,0.0200412597722014,0.2389295115889318,0.1281081302206829,0.0920109596672628,0.0822457512396609,-0.1410674325019171,,,42.92012472337977,42.92012472337977,False,69.5918505808751,69.5918505808751,62.92391911650127,462.0,True,False,True,True,True,True,True,True,True,False,True,True,True,True,False,False,False,12,False,0.03682041633519706,0.032153930242852624,1.0,24363907.75,0.5231481481481481,1.0,3.0,,,,,,0.06817107261618462,0.03920540536939211,0.13467335251349957,-1.2370464076000958,0.5025974025974026,-1.2370464076000958,0.5101785496503594,-462.0,0.5584415584415584,0.4675324675324675,0.4935064935064935,0.5487012987012987,0.5181818181818182,豐興
44.34999847412109,46.95000076293945,44.34999847412109,46.09999847412109,39566946.0,0.05491985513229092,44.46999969482422,0.19799333179150147,42.3940507888794,0.20997376169014537,41.73563321431478,0.20838785400439197,39.59531660079956,0.0318770919541224,69.96335655314613,19467099.15,2.0325034405549838,0.08741669211317293,2027.TW,2026-08-06,-0.023629488921441566,0.08167542462573607,neutral,0.020370370370370372,0.11121408711770157,2026-03-31,2026-05-15,31174326000.0,8517820000.0,5633209000.0,4716863000.0,1204326000.0,2914770000.0,1.17,89517343000.0,24455518000.0,159942793000.0,66551339000.0,93391454000.0,9252095000.0,11925609000.0,29968117000.0,,0.2553235063218923,4194918326.275959,135487275000.0,0.0309617144951506,0.0312102432841446,0.0182238283159154,0.7126063054977172,0.2732318896004359,0.1807002659816927,0.0934990543179666,0.1950875950100803,,,67.77515994414823,67.77515994414823,False,80.32978065670132,80.32978065670132,77.19112547856305,180.0,True,True,True,True,True,True,True,True,True,True,True,True,True,True,True,False,False,14,False,0.10457167949016255,0.16427907216658477,1.0,897433241.1105639,0.12129629629629629,1.0,3.0,,,,,,0.0397873737750201,-0.013152210189965367,0.30035614512259445,-1.017133789240806,0.5480519480519481,-1.017133789240806,0.5407026659643288,-180.0,0.8571428571428571,0.948051948051948,0.5714285714285714,0.8142857142857143,0.8272727272727273,大成鋼
38.75,40.95000076293945,38.75,40.95000076293945,2499641.0,0.06363638345297273,39.0,0.06779667254935795,39.492499923706056,0.0622568501524543,39.003497695922846,0.05405411509133584,39.35674883524577,0.002602182329329594,58.602163548800895,875206.6,2.8560582152831113,0.036905762918252316,2031.TW,2026-08-06,-0.023629488921441566,0.08167542462573607,neutral,0.0962962962962963,0.2808155699721965,2026-03-31,2026-05-15,4589073000.0,567832000.0,427931000.0,146733000.0,66925000.0,70724000.0,0.22,15811293000.0,10640609000.0,28813736000.0,17538865000.0,11274871000.0,1366991000.0,6979961000.0,6673974000.0,,0.4,256758600.0,18173127000.0,0.0141284766237533,0.0062727103485263,0.0024545237729671,1.5555712344735475,0.1237356651332415,0.0932499875247136,0.0154113913637895,-0.0896215532289155,,,22.130264986727884,22.130264986727884,False,75.50193938143933,75.50193938143933,62.159020782761466,826.0,True,True,True,True,True,True,True,True,True,False,True,True,True,True,False,False,False,13,False,0.04990585926913127,0.040482305445587397,1.0,35839710.93772964,0.47129629629629627,1.0,3.0,,,,,,0.05618676421683175,0.02750425517203635,0.204318444490344,-1.514363546032925,0.5116883116883116,-1.514363546032925,0.5929925289624955,-826.0,0.2597402597402597,0.37662337662337664,0.6233766233766234,0.3142857142857142,0.3675324675324675,新光鋼
34.29999923706055,34.599998474121094,34.04999923706055,34.599998474121094,1511143.0,0.06625570602873809,33.869999694824216,0.017647013944738,33.62999992370605,0.06625570602873809,32.50666669209798,0.008629334711654613,33.40095283190409,-5.671569000129687e-09,56.12243150285012,1724536.7,0.8762602732664373,0.028843251638882128,2101.TW,2026-08-06,-0.023629488921441566,0.08167542462573607,neutral,0.2111111111111111,0.2715477293790547,2026-03-31,2026-05-15,5423749000.0,2237626000.0,1648897000.0,1437849000.0,93759000.0,1344090000.0,1.86,40354728000.0,37879190000.0,52223322000.0,38754818000.0,13468504000.0,1824544000.0,7891061000.0,37500000.0,,0.0652078208490599,1541376019.8254476,14344132000.0,0.1074569043163746,0.0997950477647703,0.0257373515993486,2.8774404343644995,0.4125607582504279,0.3040142528719526,0.2478156714110479,1.6217745942925426,,,82.80478413647866,82.80478413647866,False,58.86205718304173,58.86205718304173,64.84773892140096,68.0,True,False,True,True,True,True,False,True,True,False,True,True,True,True,True,False,False,11,False,0.0643969989864257,0.035898546016079225,1.0,59668967.18856583,0.4027777777777778,1.0,2.0,,,,,,0.12262712413312801,0.0654319329586311,0.3425689648038315,0.5282045306259956,0.9415584415584415,0.5282045306259956,0.7257704430978194,-68.0,0.987012987012987,0.5584415584415584,0.7922077922077922,0.9577922077922078,0.8194805194805195,南港
18.049999237060547,18.350000381469727,17.950000762939453,18.049999237060547,1071708.0,-0.01366120275533722,18.15,0.03735630073451568,17.975,0.058651029017430245,17.447226842244465,-0.06233770197088073,17.94653010368347,0.006157292940490169,48.648615210772725,1152556.2,0.9298531386148459,0.004172419307957975,2106.TW,2026-08-06,-0.023629488921441566,0.08167542462573607,neutral,0.14537037037037037,0.28637627432808155,2026-03-31,2026-05-15,8698617000.0,1718035000.0,255513000.0,171823000.0,60640000.0,111183000.0,0.12,25478129000.0,9730576000.0,47068938000.0,27476173000.0,19592765000.0,9412275000.0,3037616000.0,14974373000.0,,0.3529213201957829,165337014.71281496,37338362000.0,0.0044280735912522,0.0056746967566854,0.0023621310512678,1.4023632192801785,0.1975066841085198,0.029373979794719,0.0127816870199021,-0.0124089540383796,,,20.024805479941964,20.024805479941964,False,63.82718363968335,63.82718363968335,52.876589099748,861.0,True,False,True,True,True,True,True,False,True,False,True,True,True,True,False,False,False,11,False,0.03454832107510675,0.00576541162995281,1.0,20803638.530669402,0.549074074074074,0.0,3.0,,,,,,0.013857981404281957,-0.013549904810372722,0.14886249623710454,-1.790037899293987,0.17857142857142858,-1.790037899293987,0.16814904409454628,-861.0,0.19480519480519481,0.07792207792207792,0.05194805194805195,0.17337662337662338,0.13116883116883116,建大
21.899999618530277,22.200000762939453,21.850000381469727,22.100000381469727,75131.0,0.018433161496169914,21.89000015258789,0.0327103166082916,21.85500001907349,0.06506025934793858,21.199784342447916,-0.09611453203027231,21.70447554588318,0.007258899903196584,59.5237814110173,81230.55,0.9249106401470875,0.01121026594291541,2115.TW,2026-08-06,-0.023629488921441566,0.08167542462573607,neutral,0.15925925925925927,0.2761816496756256,2026-03-31,2026-05-15,795763000.0,146418000.0,55001000.0,50773000.0,23159000.0,28129000.0,0.27,2550411000.0,942761000.0,4966182000.0,1610225000.0,3355957000.0,883919000.0,179756000.0,658841000.0,,0.4,33000600.0,4023421000.0,0.0082021245104601,0.0083818118050976,0.0056641097728597,0.4798109749320388,0.1839969940798956,0.0691173125666812,0.0353484643040704,-0.0114512019538349,,,30.9467161073479,30.9467161073479,False,72.61162693226044,72.61162693226044,62.1953992260323,666.0,True,False,True,True,True,True,True,True,True,False,True,True,True,True,False,False,False,12,False,0.04246345266915408,0.01822319248168003,1.0,1795195.1859869957,0.875,0.0,3.0,,,,,,0.05016341140418943,0.03761035011395032,0.148118226547063,-1.6790348825935217,0.40454545454545454,-1.6790348825935217,0.456657520355405,-666.0,0.4155844155844156,0.38961038961038963,0.42857142857142855,0.41753246753246753,0.4103896103896104,六暉-KY
502.0,518.0,502.0,516.0,337945.0,-0.06352087114337568,524.4,0.08289611752360959,502.0,0.08975712777191136,479.76755981445314,-0.019011406844106515,492.79627990722656,0.02496044101883523,61.71875,539103.15,0.626865192681586,0.027888446215139417,2207.TW,2026-08-06,-0.023629488921441566,0.08167542462573607,neutral,0.07685185185185185,0.23262279888785914,2026-03-31,2026-05-15,71331231000.0,,,,1278339000.0,4429572000.0,7.95,371776395000.0,39724833000.0,525151865000.0,369092964000.0,116334068000.0,33821612000.0,111314642000.0,1403494000.0,,,,485427032000.0,,0.0380763096842792,0.0084348400819256,3.1726988520679944,,,0.0620986339069348,-0.0236719001813244,,,23.69838641660918,23.69838641660918,False,78.40430054573181,78.40430054573181,64.72782201345116,795.0,True,True,True,True,True,True,True,True,True,True,True,True,False,True,False,False,False,13,False,0.07552082137349903,0.04708582641318193,1.0,278177225.40000004,0.23333333333333334,3.0,3.0,,,,,,0.037376295926459364,-0.031164908988158147,0.22444903376272762,-0.4017421324786026,0.5071428571428571,-0.4017421324786026,0.5237725864993962,-795.0,0.2987012987012987,0.5454545454545454,0.5194805194805194,0.3318181818181818,0.4168831168831168,和泰車
224.5,230.0,224.5,230.0,65501.0,-0.002169197396963085,227.7,0.02269557680336387,224.74134674072266,0.09263657957244664,224.68727467854816,-0.14018691588785048,232.13947067260742,-0.0006468911442264704,59.09090909090909,63189.95,1.0365730626468292,0.023398690697284508,2247.TW,2026-08-06,-0.023629488921441566,0.08167542462573607,neutral,0.18981481481481483,0.2289156626506024,2026-03-31,2026-05-15,8954402000.0,1071235000.0,228149000.0,239620000.0,49871000.0,189749000.0,2.35,11058769000.0,4180964000.0,21216122000.0,8824557000.0,12391565000.0,3847286000.0,1000000.0,,1957261000.0,0.2081253651615057,180665406.06376764,17035158000.0,0.0106054435223769,0.0153127550878359,0.0089436231560131,0.7121422516042163,0.1196322211131463,0.0254789767088857,0.0211905831344181,-0.3190939047800822,,,24.122169142423303,24.122169142423303,False,63.71611828157566,63.71611828157566,53.81763099678757,784.0,True,False,True,True,True,True,False,True,True,True,True,True,True,True,False,False,False,12,False,0.02364497646363173,-0.009216315805358088,0.0,14533688.5,0.6018518518518519,2.0,3.0,,,,,,0.025799331516847566,-0.0015781344107727306,0.153765699598952,-1.5797699685864193,0.2681818181818182,-1.5797699685864193,0.49084908383769055,-784.0,0.3246753246753247,0.11688311688311688,0.44155844155844154,0.3422077922077922,0.2857142857142857,汎德永業
36.79999923706055,37.29999923706055,36.5,37.29999923706055,29507927.0,0.10518516257957167,36.71999969482422,0.019125704702813273,36.07500019073486,0.19169329540736024,35.8458332379659,0.20780219308525627,32.83889153798421,0.007751936869299447,55.50847526118572,49033812.8,0.601787324195193,0.03395700734161888,2324.TW,2026-08-06,-0.023629488921441566,0.08167542462573607,neutral,0.20462962962962963,0.12140871177015755,2026-03-31,2026-05-15,201303536000.0,10597495000.0,2644084000.0,3090596000.0,699988000.0,1967195000.0,0.45,372539532000.0,285043722000.0,452433934000.0,306525209000.0,145908725000.0,84569615000.0,55846516000.0,11898445000.0,,0.2264896479513983,2045226345.6860747,167390212000.0,0.0122183150451238,0.013482367144254,0.0043480270867569,2.100801093286231,0.0526443559342146,0.0131348115017711,0.009772282390509,0.0110778585236814,,,17.5664711440274,17.5664711440274,False,72.55394977442066,72.55394977442066,58.80708011682234,901.0,True,False,True,True,True,True,True,True,True,True,False,True,False,True,False,False,False,11,False,0.040567225469164914,0.13584830334228082,1.0,1828961180.0301695,0.07592592592592592,1.0,3.0,,,,,,0.020817289158084083,-0.023129196466297988,0.2404247006834471,-1.5353750187474648,0.3694805194805195,-1.5353750187474648,0.38760953596594583,-901.0,0.16883116883116883,0.2597402597402597,0.33766233766233766,0.19415584415584414,0.2298701298701299,仁寶
95.6999969482422,96.9000015258789,93.5999984741211,94.6999969482422,5189022.0,0.09988384002940487,94.1999984741211,0.12336884365352985,88.03499984741211,0.13959083859349963,88.09111315409342,0.43484843860973044,82.545556640625,0.020406893638417273,66.78571253406666,6536612.0,0.7938396833099471,0.07570849221766673,2347.TW,2026-08-06,-0.023629488921441566,0.08167542462573607,neutral,0.04259259259259259,0.16404077849860982,2026-03-31,2026-05-15,126357648000.0,5428837000.0,3373256000.0,3875913000.0,784782000.0,2954386000.0,1.77,208416617000.0,157729943000.0,249263901000.0,167490035000.0,81773866000.0,15304988000.0,56810338000.0,2500000000.0,,0.2024766809781334,2690250321.030425,91533958000.0,0.0293907351961162,0.036128730907745,0.0118524422836502,2.048209815590717,0.042964055487959,0.0266960967807821,0.0233811411241209,0.3825024363831348,,,42.4453478070041,42.4453478070041,False,69.50167429559957,69.50167429559957,62.737592673450706,475.0,True,False,True,True,True,False,True,True,True,True,True,True,False,True,False,False,False,11,False,0.07502327485166616,0.14724524011066364,1.0,619017136.4518434,0.1537037037037037,1.0,3.0,,,,,,0.04981392594051387,0.0037946139944110046,0.3485655361961396,-0.7569578117046165,0.6876623376623378,-0.7569578117046165,0.7620141094281186,-475.0,0.5324675324675324,0.44155844155844154,0.8181818181818182,0.5753246753246752,0.5623376623376624,聯強
830.0,843.0,806.0,818.0,4054046.0,0.1099050203527816,814.2,0.19590643274853803,750.15,0.2337858220211162,740.8539998372396,0.6327345309381238,655.4769999186198,0.04762237273933388,68.20987654320987,4380943.65,0.9253819094431858,0.0904485769512764,2357.TW,2026-08-06,-0.023629488921441566,0.08167542462573607,neutral,0.021296296296296296,0.10194624652455977,2026-03-31,2026-05-15,208369726000.0,30970538000.0,11895859000.0,13859608000.0,2702804000.0,9797017000.0,13.19,485857648000.0,327627459000.0,671441698000.0,354711686000.0,316730012000.0,57955263000.0,41417377000.0,275376000.0,,0.1950130191272365,9576011621.29809,343814239000.0,0.0278522833991703,0.0309317608967223,0.0145910166574134,1.1199181402487366,0.1486326185407567,0.0570901504184921,0.0470174683629425,0.4108280576281871,,,51.58078089609261,51.58078089609261,False,81.33886242370363,81.33886242370363,73.89934204180088,344.0,True,True,True,True,True,True,True,True,True,True,False,True,True,True,False,False,False,13,False,0.10413117858540111,0.24794615234639528,1.0,3583611905.7000003,0.04351851851851852,3.0,3.0,,,,,,0.08988773191130453,0.045435317189446614,0.34381371695445934,-1.0873569777088539,0.8077922077922078,-1.0873569777088539,0.8336761295209751,-344.0,0.6493506493506493,0.8961038961038961,0.8961038961038961,0.6863636363636364,0.7727272727272727,華碩
342.0,348.5,339.0,344.0,7486723.0,0.12000346567206122,333.4,0.022288261515601704,331.3848815917969,0.09728867623604476,338.169960530599,0.5087719298245614,295.4141469319662,-0.0009797718368846622,60.24222364065883,6847815.2,1.093300969921034,0.0380678754794328,2376.TW,2026-08-06,-0.023629488921441566,0.08167542462573607,neutral,0.1925925925925926,0.2196478220574606,2026-03-31,2026-05-15,105057330000.0,12614630000.0,7413710000.0,7054503000.0,1410189000.0,5268403000.0,7.86,234087870000.0,170374747000.0,247826770000.0,180781022000.0,67045748000.0,63311111000.0,69227536000.0,,9540960000.0,0.199899128258929,5931715833.835495,77452023000.0,0.0765856798063944,0.0785792262322138,0.0212584096544533,2.6963831024750444,0.1200737730532462,0.0705682316502808,0.0501478859209538,0.5978925716183887,,,59.16561347732097,59.16561347732097,False,56.838883977479085,56.838883977479085,57.42056635243955,275.0,True,False,True,True,True,False,False,True,True,True,False,True,True,True,False,False,False,10,False,0.01723996850652698,0.16446691389909351,1.0,2355648428.8,0.062037037037037036,2.0,3.0,,,,,,0.11015653338987436,0.08237350768549681,0.3749882399779973,0.4741632326370695,0.9675324675324675,0.4741632326370695,0.968758075109547,-275.0,0.7402597402597403,0.2077922077922078,0.987012987012987,0.7772727272727273,0.6298701298701299,技嘉
151.0,158.0,151.0,154.0,16743493.0,0.13235294117647056,147.9,0.06206896551724128,145.8,0.33333333333333326,137.43333333333334,0.711111111111111,115.6441665649414,0.010395010395010394,62.37623762376238,15752224.1,1.0629288215878037,0.056241426611796985,2377.TW,2026-08-06,-0.023629488921441566,0.08167542462573607,neutral,0.09907407407407408,0.0551436515291937,2026-03-31,2026-05-15,56256838000.0,8440506000.0,3876357000.0,4133431000.0,716617000.0,3416814000.0,4.04,106512512000.0,56814984000.0,119099762000.0,64185562000.0,54914200000.0,25875075000.0,0.0,6305082000.0,,0.1733709840565864,3204309172.355363,62284778000.0,0.0514461040923251,0.0622209555998266,0.0286886719387398,1.1688335985956273,0.1500352010541367,0.0689046369794192,0.0607359766647389,0.0507372103469625,,,60.05362798212559,60.05362798212559,False,84.33122597180451,84.33122597180451,78.26182647438478,263.0,True,True,True,True,True,True,True,True,True,True,False,True,True,True,True,False,False,13,False,0.1205432937181663,0.3316711475759515,1.0,2425842511.4,0.06018518518518518,2.0,3.0,,,,,,0.030936912388811563,-0.007384257431451625,0.26159062705234365,-0.7701281651358,0.5331168831168831,-0.7701281651358,0.6117236212063799,-263.0,0.7662337662337663,0.974025974025974,0.6363636363636364,0.7467532467532467,0.8025974025974026,微星
670.0,672.0,614.0,622.0,10826326.0,0.13711151736745886,594.0,0.17662432518589744,559.2414154052734,0.33907427341227137,512.5027969360351,1.1448275862068966,432.1097318013509,0.03667201202957112,72.9957805907173,4304373.5,2.515192048273692,0.11222091723883931,2395.TW,2026-08-06,-0.023629488921441566,0.08167542462573607,neutral,0.02962962962962963,0.05282669138090825,2026-03-31,2026-05-15,20385264000.0,7979823000.0,3728486000.0,4068287000.0,750007000.0,3334165000.0,3.85,49300373000.0,29811036000.0,83769137000.0,34044129000.0,49725008000.0,10001958000.0,,43915000.0,,0.184354496130681,3041122842.1397014,53958101000.0,0.0563608204473263,0.0670520756879516,0.0398018305954375,0.6846480346468723,0.3914505595806853,0.182901040673302,0.1635576071028562,0.1748587968840969,,,87.43653384699755,87.43653384699755,False,82.14218692982502,82.14218692982502,83.46577365911816,49.0,True,True,True,True,True,True,True,False,True,True,False,True,True,True,True,False,False,12,False,0.21365191315752208,0.43944918205624983,1.0,2677320317.0,0.05462962962962963,3.0,2.0,,,,,,-0.03620919707963359,-0.11189222812835616,0.31497284582979773,-1.1907587920271463,0.3363636363636364,-1.1907587920271463,0.3714684309942931,-49.0,1.0,1.0,0.2987012987012987,0.8948051948051948,0.8597402597402598,研華
49.09999847412109,49.09999847412109,47.04999923706055,48.150001525878906,3830629.0,0.1276346760084759,48.54000015258789,0.20224725201300298,44.85249977111816,0.4330358247773227,39.95532989501953,0.6777003569998297,34.56808164914449,0.04563469146102208,66.27359084702849,5725987.75,0.6689900794845396,0.07351879542027451,2425.TW,2026-08-06,-0.023629488921441566,0.08167542462573607,neutral,0.018518518518518517,0.03151065801668211,2026-03-31,2026-05-15,742329000.0,57186000.0,84000.0,19626000.0,14929000.0,59718000.0,0.62,6477498000.0,3530704000.0,6656471000.0,3632354000.0,3024117000.0,955233000.0,0.0,,,0.4,50400.0,3125767000.0,1.6124042515005117e-05,0.0197472518424386,0.0089714204418527,1.2011287923053242,0.0770359234247887,0.0001131573736173,0.0804468099723976,-0.0094210083147737,,,20.556959597295062,20.556959597295062,False,83.92369889346305,83.92369889346305,68.08201406942106,850.0,True,True,True,True,True,True,True,True,True,True,False,True,False,True,False,False,False,12,False,0.2050958320802363,0.39290348867451685,1.0,275706318.8996639,0.23425925925925925,1.0,3.0,,,,,,0.006768037500356201,-0.08187647920561567,0.21171134542075376,-1.3977575704510614,0.2636363636363636,-1.3977575704510614,0.280722640359122,-850.0,0.22077922077922077,0.6883116883116883,0.19480519480519481,0.21688311688311687,0.35584415584415585,承啟
42.45000076293945,46.0,42.45000076293945,45.95000076293945,1311818.0,0.13316896738541972,44.16999969482422,0.07863855419744792,45.52250003814697,0.3475074140490497,40.201666577657065,0.6094571625519376,36.070416657129925,0.011723528257129502,45.51148717600759,1904963.35,0.6886316211805334,0.00939097642779374,2527.TW,2026-08-06,-0.023629488921441566,0.08167542462573607,neutral,0.07962962962962963,0.04819277108433735,2026-03-31,2026-05-15,4588717000.0,1261812000.0,1127130000.0,1064163000.0,166487000.0,902888000.0,3.45,13282023000.0,8513905000.0,33780839000.0,11901818000.0,21879021000.0,1538877000.0,2676000000.0,3358749000.0,,0.1564487771140323,950791889.8514608,25266934000.0,0.0376298877359421,0.0412672943638565,0.0267278145459915,0.5439831151494393,0.2749814381667032,0.2456307503818605,0.1967626244983074,24.973085718167,,,82.24426248497689,82.24426248497689,False,72.18887320298549,72.18887320298549,74.70272052348334,75.0,True,False,True,True,True,True,True,False,True,True,False,True,False,True,True,False,False,10,False,0.14298745984021344,0.2738971440147382,1.0,87533067.3858717,0.3527777777777778,1.0,2.0,,,,,,0.03407021492327757,-0.010885427484914407,0.4010955770747016,-1.2042680876793357,0.5253246753246753,-1.2042680876793357,0.6355779133436874,-75.0,0.961038961038961,0.922077922077922,0.6753246753246753,0.9181818181818182,0.8922077922077922,宏璟
90.5,94.5,90.5,93.0,1173190.0,0.07638886987917748,89.36000061035156,0.05084745762711873,88.04000091552734,0.24,86.52833366394043,0.448209764931516,77.9962428410848,0.0022768670072343903,70.96776257694621,336464.8,3.4868134794486676,0.05633801718416254,2535.TW,2026-08-06,-0.023629488921441566,0.08167542462573607,neutral,0.11898148148148148,0.09453197405004633,2026-03-31,2026-05-15,7158996000.0,1023899000.0,759460000.0,917121000.0,168741000.0,748785000.0,2.88,29176307000.0,17358125000.0,31406521000.0,21164629000.0,10241892000.0,7958413000.0,1895000000.0,3752518000.0,0.0,0.1839898988246916,619727031.4385997,14048396000.0,0.0441137216973809,0.0731100269364293,0.023841704721131,2.0664764869615886,0.1430227087708946,0.10608470796743,0.1045935770881838,0.5557714720596632,,,66.50740970485359,66.50740970485359,False,73.76209096965127,73.76209096965127,71.94842065345185,196.0,True,False,True,True,True,True,True,True,True,True,True,True,False,True,True,False,False,12,False,0.07479245308472349,0.19236512699060326,1.0,31291226.4,0.4898148148148148,1.0,3.0,,,,,,0.08802360967705358,0.048719134493014044,0.32160647515812635,-0.6790715856918587,0.8448051948051947,-0.6790715856918587,0.8764171591281494,-196.0,0.8311688311688312,0.8181818181818182,0.948051948051948,0.8487012987012987,0.8506493506493507,達欣工
42.84999847412109,43.54999923706055,42.5,43.09999847412109,1177927.0,0.0034923797093633357,42.530000305175776,0.09669209442317439,41.265000343322754,0.09669209442317439,39.13666687011719,-0.0751072985966662,42.732500076293945,0.019014694930645153,63.5294133486639,1297627.35,0.9077544489178653,0.04446863238897958,2539.TW,2026-08-06,-0.023629488921441566,0.08167542462573607,neutral,0.05648148148148148,0.22335495829471733,2026-03-31,2026-05-15,2476909000.0,1123612000.0,1002985000.0,1009807000.0,195023000.0,814784000.0,0.68,31998835000.0,10750825000.0,32104295000.0,13379256000.0,18725039000.0,5711725000.0,397000000.0,2628180000.0,,0.1931289840533884,809279525.9292122,21353470000.0,0.0378992044819512,0.0435130735909281,0.0253792833637991,0.7145115158371633,0.4536347520235907,0.4049341336318774,0.3289519316212262,-0.5500200926952697,,,74.05495514883755,74.05495514883755,False,78.6169416876427,78.6169416876427,77.47644505294141,129.0,True,True,True,True,True,True,True,True,True,True,True,True,True,True,True,False,False,14,False,0.101269012436777,0.008599974192266213,1.0,55927736.8049778,0.4111111111111111,1.0,3.0,,,,,,0.016040192580444416,-0.021162695731262966,0.1781856253092203,-1.7511758924109417,0.21103896103896103,-1.7511758924109417,0.2156613177054322,-129.0,0.9090909090909091,0.961038961038961,0.11688311688311688,0.7902597402597402,0.7662337662337663,櫻花建
43.79999923706055,44.20000076293945,43.79999923706055,44.09999847412109,5060152.0,-0.00563697877342384,44.029999542236325,0.01146789030960127,43.79499969482422,0.03278683105778146,43.587499936421715,0.17757002872380379,40.40416666666667,0.00045687916953108843,56.66665607029206,8106714.5,0.6241926985340362,0.006964237502504522,2542.TW,2026-08-06,-0.023629488921441566,0.08167542462573607,neutral,0.23796296296296296,0.3456904541241891,2026-03-31,2026-05-15,16191907000.0,4874634000.0,3912933000.0,3918335000.0,698387000.0,2421313000.0,1.15,244126134000.0,168451704000.0,269504119000.0,203260373000.0,66243746000.0,18030010000.0,104829064000.0,11468836000.0,23019028000.0,0.1782356536641201,3215508829.0010934,101052415000.0,0.0318202076516537,0.0365515712230404,0.0089843265067128,3.068370756086167,0.3010537301134449,0.2416597995529495,0.1495384700517363,13.610654325020349,,,58.947380152838136,58.947380152838136,False,64.98437629465072,64.98437629465072,63.47512725919758,278.0,True,False,True,True,True,True,True,True,True,False,True,True,False,True,False,False,False,11,False,0.011757924598724934,0.0914715513858988,1.0,357506097.0801353,0.19907407407407407,1.0,3.0,,,,,,0.060127085132787486,0.12691369042873504,0.2124293335830076,0.12999269748486228,0.7727272727272727,0.12999269748486228,0.7763619219558422,-278.0,0.7272727272727273,0.5194805194805194,0.8311688311688312,0.7428571428571429,0.6857142857142857,興富發
99.0,100.0,99.0,100.0,238610.0,0.015228426395939021,100.91999969482421,0.08459873438104815,97.125,0.17924524058053204,92.57333335876464,0.16414433322068356,88.62250010172527,0.01904312407400729,60.20942073763812,216474.55,1.102254283471198,0.029601029601029616,2546.TW,2026-08-06,-0.023629488921441566,0.08167542462573607,neutral,0.07314814814814814,0.13067655236329936,2026-03-31,2026-05-15,4271987000.0,331333000.0,227648000.0,236497000.0,50162000.0,186338000.0,1.43,15279304000.0,9683343000.0,16184746000.0,9989889000.0,6194857000.0,7854449000.0,0.0,,,0.2121041704545935,179362909.8043527,6501403000.0,0.0275883389791945,0.0300794675325031,0.0115131865523252,1.6126101054471476,0.0775594588653944,0.0532885516739634,0.0436185784273219,0.0858039345262302,,,37.32527210445105,37.32527210445105,False,81.97909183952788,81.97909183952788,70.81563690575868,570.0,True,True,True,True,True,True,True,True,True,True,True,True,True,True,False,False,False,14,False,0.08022468643808667,0.12838161736821996,1.0,21647455.0,0.5462962962962963,1.0,3.0,,,,,,0.08853107331217257,0.06168989117843364,0.3603564797097939,0.2727839884729208,0.9188311688311688,0.2727839884729208,0.8977162067566653,-570.0,0.4675324675324675,0.7922077922077922,0.961038961038961,0.5415584415584416,0.6636363636363636,根基
22.600000381469727,22.700000762939453,22.100000381469727,22.149999618530277,23627479.0,0.020737273722098548,22.410000228881835,0.07599784781510355,21.40927734375,0.18133331298828148,20.719956334431966,-0.006726440522965782,19.90456150372823,0.01572542222879829,66.27906099921094,41451689.7,0.5700003828794462,0.03459819137690401,2610.TW,2026-08-06,-0.023629488921441566,0.08167542462573607,neutral,0.08425925925925926,0.1278962001853568,2026-03-31,2026-05-15,56997031000.0,11740924000.0,6436036000.0,7021709000.0,1173546000.0,5169442000.0,0.85,86787582000.0,117191909000.0,372739998000.0,264413465000.0,108326533000.0,52710911000.0,,54806125000.0,5750000000.0,0.1671311072560825,5360374176.979992,255548089000.0,0.0209759900688593,0.0477209217062268,0.0138687611411104,2.440892897403077,0.2059918524528058,0.1129187939631452,0.0906966890959636,0.080061410563945,,,43.706898976143904,43.706898976143904,False,76.2923764998737,76.2923764998737,68.14600711894126,453.0,True,True,True,True,True,True,True,True,True,True,True,True,False,True,False,False,False,13,False,0.06901767846498297,0.11281022766472204,1.0,918154911.0424355,0.11851851851851852,0.0,3.0,,,,,,0.057164358799153,0.017590390170356726,0.22229423557833236,-1.0310453929119,0.6,-1.0310453929119,0.5567242050355207,-453.0,0.5974025974025974,0.7012987012987013,0.5844155844155844,0.5954545454545455,0.625974025974026,華航
85.0999984741211,85.5999984741211,84.0,84.30000305175781,4896111.0,-0.0011848160226682891,85.31999969482422,0.048507480744556686,83.33999938964844,0.13458949649078678,81.32964973449707,0.14538049999279568,79.16482493082682,0.01832844113789503,63.48316388636481,9740767.25,0.5026412062150443,0.011519122499880963,2615.TW,2026-08-06,-0.023629488921441566,0.08167542462573607,neutral,0.12222222222222222,0.1696014828544949,2026-03-31,2026-05-15,33640864000.0,7656632000.0,5825197000.0,9789626000.0,2113020000.0,7671518000.0,2.73,141008376000.0,35567443000.0,420232464000.0,133190864000.0,287041600000.0,99479800000.0,1000000000.0,42718782000.0,0.0,0.2158427707044171,4567870339.620942,384665021000.0,0.0118749303686256,0.0267261539790748,0.0182554149362434,0.4640124079575922,0.2275991484642011,0.1731583647792161,0.2280416460171772,-0.0929984351119866,,,48.73816272918027,48.73816272918027,False,75.29415215211125,75.29415215211125,68.65515479637851,389.0,True,True,True,True,True,True,True,True,True,True,True,True,False,True,False,False,False,13,False,0.036522391611885086,0.06486691690934743,1.0,821146708.9014626,0.12777777777777777,1.0,3.0,,,,,,0.06071972932982081,0.042063825915654184,0.24002702759163103,-0.9106533576911298,0.7116883116883117,-0.9106533576911298,0.7063942139837984,-389.0,0.6233766233766234,0.7142857142857143,0.7532467532467533,0.6428571428571428,0.6766233766233767,萬海
86.19999694824219,86.5999984741211,84.5,85.5,2207412.0,0.09475034149111972,83.22000122070312,0.030120481927710774,82.25000076293945,0.15696885297165952,77.69443778991699,0.22668584997916974,74.49138552347819,0.013180587179644564,63.43611727755026,2584964.8,0.8539427693560857,0.03951366816916724,2637.TW,2026-08-06,-0.023629488921441566,0.08167542462573607,neutral,0.16944444444444445,0.14550509731232622,2026-03-31,2026-05-15,4338022000.0,1244039000.0,1197473000.0,1201283000.0,6082000.0,1195201000.0,1.6,8930959000.0,8128467000.0,84286573000.0,33874386000.0,50412187000.0,5975075000.0,2132536000.0,18694305000.0,992902000.0,0.0050629202277897,1191410289.726068,76158106000.0,0.0156439065032167,0.0237085726909645,0.0141802063775923,0.6719483524886551,0.2867756318432686,0.276041246448266,0.2755175054437253,0.2360516073148353,,,62.80204855376821,62.80204855376821,False,76.86504793956661,76.86504793956661,73.34929809311701,238.0,True,True,True,True,True,True,True,True,True,True,True,True,True,True,True,False,False,14,False,0.10046487795161063,0.1477837255833041,1.0,221014490.39999998,0.24722222222222223,1.0,3.0,,,,,,0.020045509953640846,-0.023821433688271304,0.20536359634334966,-1.6949986200870786,0.2779220779220779,-1.6949986200870786,0.28215600213156755,-238.0,0.7922077922077922,0.8701298701298701,0.2077922077922078,0.7045454545454546,0.6987012987012987,慧洋-KY
45.59999847412109,46.20000076293945,45.29999923706055,45.59999847412109,81326.0,-0.05000003178914403,46.41999969482422,0.00440521897621915,45.93156204223633,0.05190311601379172,44.29802055358886,0.06293698956195692,43.469010225931804,0.007789089549642149,52.835453599782674,120165.35,0.6767841145554854,-0.007218643420190074,2704.TW,2026-08-06,-0.023629488921441566,0.08167542462573607,neutral,0.26296296296296295,0.3002780352177943,2026-03-31,2026-05-15,378532000.0,113136000.0,11772000.0,102498000.0,43662000.0,58697000.0,0.16,22038050000.0,4179836000.0,34495152000.0,8091080000.0,26404072000.0,3958344000.0,340000000.0,400000000.0,,0.4,7063200.0,30315316000.0,0.0002329911388685,0.0022230283268429,0.0017016014308329,0.3064330380556453,0.2988809400526243,0.0310990880559635,0.1550648293935519,0.0078893625405718,,,28.393804821713665,28.393804821713665,False,60.53244200820256,60.53244200820256,52.497782711580335,712.0,True,False,True,True,False,True,True,True,True,False,True,True,False,True,False,False,False,10,False,0.02939133406552963,0.049023160111384856,1.0,5479539.776642227,0.7351851851851852,1.0,3.0,,,,,,0.03509272598256321,0.019988639343457057,0.18023740770793376,-1.4085827669177713,0.3642857142857143,-1.4085827669177713,0.39199125123008505,-712.0,0.37662337662337664,0.05194805194805195,0.35064935064935066,0.37272727272727274,0.27402597402597406,國賓
58.5,59.09999847412109,57.70000076293945,57.79999923706055,374125.0,0.006968601054850199,58.97999954223633,0.02664298437525736,57.23500003814697,0.07037035624186205,55.053931427001956,0.19298242160757884,52.19154904683431,0.010415743107721106,58.13952663126095,232787.8,1.6071503747189502,0.009871568070883185,2832.TW,2026-08-06,-0.023629488921441566,0.08167542462573607,neutral,0.17962962962962964,0.26413345690454126,2026-03-31,2026-05-15,,,514384000.0,513794000.0,96832000.0,,,,,25841065000.0,13610551000.0,12230514000.0,3713301000.0,,,,0.1884646375784847,417440805.8638287,25841065000.0,0.0161541641516643,,,1.112835568480605,,,,,,,55.14019466216183,55.14019466216183,False,75.59251516203655,75.59251516203655,70.47943503706787,306.0,True,True,True,True,True,True,True,True,True,False,True,True,True,True,False,False,False,13,False,0.049879595132996224,0.10745897166595819,1.0,13455134.662397003,0.6148148148148148,1.0,3.0,,,,,,0.046373592671130504,0.021665845024936896,0.13883605089910642,-1.5608695133771984,0.3493506493506493,-1.5608695133771984,0.33535689950375547,-306.0,0.6883116883116883,0.7662337662337663,0.2597402597402597,0.624025974025974,0.625974025974026,台產
154.5,157.0,153.0,157.0,292181.0,0.0,159.9,0.0940766550522647,151.8,0.18045112781954886,144.12479527791342,0.38938053097345127,132.44156430562336,0.024810126582278557,67.14285714285714,429165.9,0.6808113132939966,0.03425559947299073,2850.TW,2026-08-06,-0.023629488921441566,0.08167542462573607,neutral,0.06018518518518518,0.12882298424467098,2026-03-31,2026-05-15,,,1507350000.0,1508204000.0,248433000.0,,,,,58099283000.0,36260125000.0,21839158000.0,14722947000.0,,,,0.1647210854765005,1259057671.8069968,58099283000.0,0.0216707953488341,,,1.6603261444420157,,,,,,,51.89726928896828,51.89726928896828,False,76.00310630234675,76.00310630234675,69.97664704900214,341.0,True,True,True,True,True,True,True,True,True,True,True,True,False,True,False,False,False,13,False,0.08933372427179886,0.18542846290840664,1.0,67379046.3,0.38055555555555554,2.0,3.0,,,,,,0.01211146262398813,-0.04166292973951214,0.18189823072545516,-1.8456811316448314,0.19415584415584416,-1.8456811316448314,0.18201623257594662,-341.0,0.6623376623376623,0.7402597402597403,0.06493506493506493,0.5727272727272726,0.5662337662337662,新產
9.68000030517578,9.81999969482422,9.68000030517578,9.770000457763672,17363585.0,0.019833041291310582,9.804000091552734,0.10270889800775707,9.318499994277953,0.26390691250408294,8.5443332751592,0.24142320201185297,8.191249982515972,0.029099952820767452,72.83240244405293,20276261.55,0.856350415345673,0.04845205384589413,2867.TW,2026-08-06,-0.023629488921441566,0.08167542462573607,neutral,0.05,0.08155699721964782,2026-03-31,2026-05-15,,,-260328000.0,-260476000.0,-99972000.0,,,,,1583200325000.0,1505084533000.0,78115792000.0,70736282000.0,,,,0.3838050338610851,-160412803.14501145,1583200325000.0,-0.0001013218609243,,,19.267352918856663,,,,,,,0.0,0.0,False,75.49874622333331,75.49874622333331,56.624059667499985,1079.0,True,True,True,True,True,True,True,False,True,True,True,True,True,True,False,False,False,13,False,0.14344796055273656,0.19273620981138473,1.0,198099084.62523594,0.2574074074074074,0.0,3.0,,,,,,0.0497893909985164,0.0383069761263369,0.2167196357036804,-0.6642150644262947,0.6610389610389611,-0.6642150644262947,0.6569634207151879,-1079.0,0.012987012987012988,0.18181818181818182,0.7142857142857143,0.11818181818181818,0.2038961038961039,三商壽
128.5,129.5,125.0,126.0,19926021.0,0.016129032258064502,128.7,0.012048192771084265,126.525,0.33051746631908197,120.17499631245931,0.3725489739794441,105.14749806722006,0.010986815821014781,52.54237288135593,22481371.5,0.8863347594251534,-0.004149377593361092,2881.TW,2026-08-06,-0.023629488921441566,0.08167542462573607,neutral,0.23703703703703705,0.056533827618164965,2026-03-31,2026-05-15,66193246000.0,,,38624861000.0,5062760000.0,33551455000.0,,,,13120104726000.0,12085399702000.0,1034705024000.0,358727505000.0,,,,0.131075164257549,,13120104726000.0,,0.0324261062058977,0.0025572551211051,11.68004351160858,,,0.5068712750542556,-0.3925800152621125,,,12.264204123597382,12.264204123597382,False,67.07817973327468,67.07817973327468,53.374685830855356,1007.0,True,False,True,True,False,True,True,True,True,True,True,True,True,True,False,False,False,12,False,0.04847101199317261,0.19831667244663387,1.0,2832652809.0,0.05092592592592592,2.0,3.0,,,,,,-0.014650792051269632,-0.10591889114523315,0.4069661384659025,-1.3281440281228956,0.3720779220779221,-1.3281440281228956,0.3510759432605522,-1007.0,0.06493506493506493,0.09090909090909091,0.2727272727272727,0.09610389610389608,0.11428571428571427,富邦金
99.3000030517578,100.5,97.5,97.5,16618124.0,0.024159696696295585,99.83999938964844,0.012461027105027611,97.03000030517578,0.2613194844858786,95.17660916646322,0.3052209368570038,84.86997114817301,0.01088711453017915,56.7226774922777,21463880.75,0.7742366906320051,0.004843859562465136,2882.TW,2026-08-06,-0.023629488921441566,0.08167542462573607,neutral,0.23425925925925925,0.082483781278962,2026-03-31,2026-05-15,72538053000.0,,,38391738000.0,6735806000.0,31593811000.0,,,,14450034484000.0,13633007653000.0,817026831000.0,293505959000.0,,,,0.1754493636104726,,14450034484000.0,,0.0386692453677815,0.0021864176888285,16.686119887046893,,,0.4355480977687669,-0.3173702053156907,,,13.906153918122188,13.906153918122188,False,71.56120208965105,71.56120208965105,57.147440046768835,984.0,True,False,True,True,True,True,True,True,True,True,True,True,False,True,False,False,False,12,False,0.02441136382021325,0.1488162265281845,1.0,2092728373.125,0.06851851851851852,1.0,3.0,,,,,,-0.010915232365415988,-0.09509948166052935,0.36217816805440095,-1.1042415524471345,0.40584415584415584,-1.1042415524471345,0.3994231475358562,-984.0,0.1038961038961039,0.19480519480519481,0.37662337662337664,0.1448051948051948,0.18571428571428572,國泰金
31.149999618530277,31.350000381469727,30.5,30.600000381469727,45934499.0,0.056994803973978936,30.8,0.01830286716716012,30.182499980926515,0.39407741767075466,27.63781760533651,0.6767123496695742,24.09349206288656,0.009532567686793338,53.614457969759584,47778354.75,0.9614081363904645,0.013832532123152275,2883.TW,2026-08-06,-0.023629488921441566,0.08167542462573607,neutral,0.2101851851851852,0.03707136237256719,2026-03-31,2026-05-15,23565513000.0,,,13099615000.0,1407592000.0,11689699000.0,,,,4235032868000.0,3864021319000.0,371011549000.0,75116245000.0,,,,0.1074529289601259,,4235032868000.0,,0.0315076418281523,0.0027602380818169,10.414827596108069,,,0.4960511150340754,-0.1317078255463794,,,12.146336472811727,12.146336472811727,False,70.71421358401471,70.71421358401471,56.07224430621397,1012.0,True,False,True,True,True,True,True,True,True,True,True,True,True,True,False,False,False,13,False,0.10717860644544008,0.2700525229634829,1.0,1462017673.575996,0.08981481481481482,1.0,3.0,,,,,,-0.027065675589252866,-0.126165003139395,0.2971036470637026,-1.1155410928443226,0.35,-1.1155410928443226,0.3581914933765004,-1012.0,0.05194805194805195,0.15584415584415584,0.2857142857142857,0.08701298701298701,0.12987012987012986,凱基金
37.70000076293945,38.25,37.70000076293945,37.95000076293945,22642386.0,0.006631299600549534,38.23000030517578,0.09208635289034395,36.337500190734865,0.18965521055664247,34.18535327911377,0.1362275158441273,33.50809329350789,0.026845637439197566,69.38776463480906,44846055.45,0.5048913616325647,0.04437566050885722,2884.TW,2026-08-06,-0.023629488921441566,0.08167542462573607,neutral,0.06388888888888888,0.12418906394810009,2026-03-31,2026-05-15,25169421000.0,,,12706707000.0,2639201000.0,10056957000.0,,,,4679436007000.0,4394289185000.0,285146822000.0,45485669000.0,,,,0.2077014131198586,,4679436007000.0,,0.0352693988642805,0.0021491814365995,15.410619533399537,,,0.3995704549580223,0.174006725249566,,,29.938092003685178,29.938092003685178,False,74.35683996058108,74.35683996058108,63.252152971357106,686.0,True,False,True,True,True,True,True,True,True,True,True,True,False,True,False,False,False,12,False,0.11012457449505919,0.13256222699762432,1.0,1701907838.542325,0.08055555555555556,1.0,3.0,,,,,,-0.07276892422961007,-0.159380573162099,0.16233939154410476,-1.5028706219931767,0.112987012987013,-1.5028706219931767,0.11024763233563314,-686.0,0.4025974025974026,0.4935064935064935,0.025974025974025976,0.34610389610389614,0.35454545454545455,玉山金
50.5,51.900001525878906,50.29999923706055,50.29999923706055,31290910.0,-0.02330098568814476,51.37999954223633,0.07708776049909627,48.98250007629394,0.27180784342282993,45.064166895548496,0.29305905563005163,42.274166679382326,0.02597266500247552,63.235306767314974,32694269.2,0.9570762939701983,0.026897344127280176,2886.TW,2026-08-06,-0.023629488921441566,0.08167542462573607,neutral,0.08333333333333333,0.0732159406858202,2026-03-31,2026-05-15,20768442000.0,,,11219594000.0,1822242000.0,9397352000.0,,,,5003279677000.0,4601326283000.0,401953394000.0,108936088000.0,,,,0.1624160375143699,,5003279677000.0,,0.0233792079884763,0.0018782383969458,11.447412440557724,,,0.4524822805677961,0.1010590363542149,,,21.43739093265881,21.43739093265881,False,80.42737264088899,80.42737264088899,65.67987721383145,835.0,True,True,True,True,True,True,True,True,True,True,True,True,True,True,False,False,False,14,False,0.11618615636782703,0.18985194004054784,1.0,1644521715.816252,0.0824074074074074,1.0,3.0,,,,,,-0.07586899440041707,-0.14695283163296985,0.18161327995184343,-1.6677740298907826,0.11298701298701298,-1.6677740298907826,0.11473907798372822,-835.0,0.24675324675324675,0.5974025974025974,0.03896103896103896,0.21558441558441557,0.3103896103896104,兆豐金
35.79999923706055,36.29999923706055,35.5,35.5,50662936.0,0.0,35.880000305175784,0.05654766702868441,34.625,0.20338983050847448,31.886666520436606,0.22625212657837213,30.392499907811484,0.01905673558218172,61.66667938232421,40565285.1,1.24892345450322,0.025270758122743597,2892.TW,2026-08-06,-0.023629488921441566,0.08167542462573607,neutral,0.10555555555555556,0.11306765523632993,2026-03-31,2026-05-15,19296673000.0,,,10035758000.0,1792064000.0,8243694000.0,,,,5146398447000.0,4848752228000.0,297646219000.0,66304190000.0,,,,0.1785678769854753,,5146398447000.0,,0.0276962832845526,0.0016018374956578,16.290320247609124,,,0.427208047729264,0.0559316737098873,,,19.735682713005552,19.735682713005552,False,82.44614571426476,82.44614571426476,66.76852996394996,866.0,True,True,True,True,True,True,True,True,True,True,True,True,True,True,False,False,False,14,False,0.11331800636004274,0.16805133199575284,1.0,1440067621.05,0.09074074074074075,1.0,3.0,,,,,,-0.055908409109823025,-0.14575851977007737,0.20082236251037755,-1.0859733310652555,0.25,-1.0859733310652555,0.24448692913061326,-866.0,0.18181818181818182,0.6233766233766234,0.15584415584415584,0.17792207792207793,0.3090909090909091,第一金
16.299999237060547,16.399999618530273,15.800000190734863,16.200000762939453,1488587.0,-0.024096362008327765,16.610000228881837,0.051948127547131184,15.997500133514404,0.21348316854174976,14.920833365122478,0.06578953725149184,14.801250012715657,0.02171483669575264,66.12905061704278,1271259.95,1.1709540601825772,0.01265826708766915,2905.TW,2026-08-06,-0.023629488921441566,0.08167542462573607,neutral,0.11296296296296296,0.10750695088044486,2026-03-31,2026-05-15,29552820000.0,,,,-68929000.0,32878000.0,0.03,133124099000.0,1468399841000.0,1617410517000.0,62246052000.0,86764624000.0,72610211000.0,2757000000.0,7269508000.0,,,,149010676000.0,,0.0003789332389661,2.032755423217024e-05,0.717412801788895,,,0.0011125165043471,-0.4161502905041906,,,21.27042291580655,21.27042291580655,False,75.7039649678797,75.7039649678797,62.09557945486141,841.0,True,True,True,True,True,True,True,True,True,True,True,True,True,True,False,False,False,14,False,0.08573029176822233,0.0945022041396597,1.0,20594412.15989437,0.5518518518518518,0.0,3.0,,,,,,0.04767326951963535,0.02235938157151168,0.18615246292527327,-1.6121130311555891,0.42012987012987013,-1.6121130311555891,0.4092914904433651,-841.0,0.23376623376623376,0.36363636363636365,0.4025974025974026,0.2590909090909091,0.3064935064935065,三商
21.700000762939453,21.799999237060547,21.350000381469727,21.700000762939453,279332.0,-0.013636328957297605,21.780000305175783,-0.0068649709799311065,21.82749996185303,0.048309176963430955,21.36431582768758,0.07160497594762738,20.8379912853241,0.0029867874487318055,45.90163831908137,197031.35,1.4177033248769801,-0.005841218606638443,2908.TW,2026-08-06,-0.023629488921441566,0.08167542462573607,neutral,0.3111111111111111,0.3132530120481928,2026-03-31,2026-05-15,9402236000.0,2780908000.0,276866000.0,231204000.0,54293000.0,160854000.0,0.32,20114529000.0,15304252000.0,40538813000.0,31810333000.0,8728480000.0,2421634000.0,4169050000.0,9539478000.0,,0.2348272521236656,211850318.0135292,25234561000.0,0.0083952448395487,0.0184286382050483,0.0039679010828462,3.6444298434549887,0.2957709208745664,0.0294468252020051,0.0171080581257479,0.0988141239298459,,,24.019508975015057,24.019508975015057,False,61.31620240610334,61.31620240610334,51.992029048331275,787.0,True,False,True,True,False,True,True,False,True,False,True,True,True,True,False,False,False,10,False,0.015712412134295084,0.04136720597548438,1.0,4275580.44532299,0.7685185185185185,0.0,3.0,,,,,,0.0778728614036865,0.052503359120810555,0.2450651021444399,-0.769409419661476,0.7766233766233768,-0.769409419661476,0.7816565165503931,-787.0,0.3116883116883117,0.03896103896103896,0.8441558441558441,0.39155844155844155,0.33636363636363636,特力
51.59999847412109,51.900001525878906,51.09999847412109,51.20000076293945,1874810.0,-0.003891065311325992,51.9,0.02136921340836495,51.08489570617676,0.1920838149814128,49.38611106872558,0.019920318422350647,48.71638895670573,0.007177774281112919,52.380949497579486,2960735.1,0.6332244988752962,0.0022532111531505805,2915.TW,2026-08-06,-0.023629488921441566,0.08167542462573607,neutral,0.19537037037037036,0.12048192771084337,2026-03-31,2026-05-15,418613000.0,187104000.0,-8207000.0,2736586000.0,18591000.0,2708283000.0,2.59,4840429000.0,1001903000.0,130249863000.0,12898049000.0,117351814000.0,3969846000.0,450000000.0,9445000000.0,,0.0067935010995452,-8151245.736476032,129247960000.0,-6.306672644176382e-05,0.0230783224194557,0.0207929815634431,0.1099092426470714,0.4469617522628298,-0.019605220095888,,-0.3549697834454577,,,42.46996725529738,42.46996725529738,False,66.73788551174644,66.73788551174644,60.670905947634175,473.0,True,False,True,True,True,True,True,True,True,True,True,True,False,True,False,False,False,12,False,0.0367287412383952,0.050981032449693986,1.0,151589639.37886164,0.2935185185185185,1.0,3.0,,,,,,0.0781035787731712,0.06010460679755782,0.16080871563381957,-1.3009200729217472,0.5837662337662338,-1.3009200729217472,0.6273147652054474,-473.0,0.5454545454545454,0.2987012987012987,0.6493506493506493,0.561038961038961,0.4922077922077922,潤泰全
114.5,116.0,113.5,115.5,2750696.0,0.050000000000000044,114.6,0.03125,113.0,0.17977526251078468,106.79666659037272,0.0894910584938371,106.96824633280436,0.013225734140327228,60.37735849056604,4457916.05,0.6170362943465479,0.022123893805309658,3005.TW,2026-08-06,-0.023629488921441566,0.08167542462573607,neutral,0.16574074074074074,0.12974976830398516,2026-03-31,2026-05-15,9308269000.0,2890739000.0,1257624000.0,1391228000.0,215931000.0,1087413000.0,1.74,34157049000.0,19619666000.0,51413542000.0,24716257000.0,26697285000.0,14015961000.0,1317501000.0,1977017000.0,,0.1552089233396682,1062429532.993873,31793876000.0,0.0334161689815319,0.0407312204218518,0.0211503226134468,0.9257966493596632,0.3105560228222884,0.1351082569702272,0.1168222577151562,-0.0255358141879895,,,60.64311592085046,60.64311592085046,False,77.93586748791621,77.93586748791621,73.61267959614977,256.0,True,True,True,True,True,True,True,True,True,True,True,True,False,True,True,False,False,13,False,0.08149442943766783,0.07975968532429034,1.0,514889303.775,0.16666666666666666,2.0,3.0,,,,,,0.04957253380399787,0.02168634948009684,0.28230440647620486,-0.9138108573145249,0.6538961038961039,-0.9138108573145249,0.6842244035259577,-256.0,0.7792207792207793,0.8831168831168831,0.7402597402597403,0.7733766233766234,0.8025974025974026,神基
111.0,114.0,108.5,110.0,3217124.0,0.08374384236453203,107.4,0.06796116504854366,104.1150001525879,0.13285274694743676,102.07666676839193,0.03943944070955663,102.33269068400065,0.010432841599457274,61.06194889430022,1337074.15,2.406092436982646,0.056524034373406584,3029.TW,2026-08-06,-0.023629488921441566,0.08167542462573607,neutral,0.09537037037037037,0.17145505097312327,2026-03-31,2026-05-15,6876938000.0,811379000.0,385472000.0,424218000.0,78018000.0,295873000.0,1.77,12286821000.0,7803745000.0,15126326000.0,8760650000.0,6365676000.0,2911146000.0,3716000.0,,,0.1839101593991768,314579783.0360805,7322581000.0,0.0429602326059732,0.0464794312497211,0.0195601364138258,1.3762324692617092,0.1179855045952137,0.0560528537555522,0.0430239446683974,0.0168646985516829,,,48.26050505492552,48.26050505492552,False,82.49401670756667,82.49401670756667,73.93563879440637,395.0,True,True,True,True,True,True,True,True,True,True,True,True,True,True,False,False,False,14,False,0.0776213946090718,0.07492531726421325,1.0,147078156.5,0.29814814814814816,2.0,3.0,,,,,,0.04372291476450439,-0.004042822315599411,0.23641074127524828,-0.6968165180177955,0.57012987012987,-0.6968165180177955,0.5337014177300132,-395.0,0.6103896103896104,0.9090909090909091,0.5584415584415584,0.6025974025974025,0.6896103896103897,零壹
547.0,556.0,540.0,543.0,2984063.0,0.10590631364562109,531.0,0.046242774566473965,498.25,0.11613566289825283,499.64459126790365,0.4538152610441768,449.46812896728517,0.009946428224798659,72.85318559556787,5187426.1,0.5752492551170995,0.08981435022579021,3034.TW,2026-08-06,-0.023629488921441566,0.08167542462573607,neutral,0.12962962962962962,0.18906394810009267,2026-03-31,2026-05-15,23145303000.0,9039901000.0,4027546000.0,4389348000.0,622236000.0,3767112000.0,6.19,79261926000.0,21790635000.0,103666583000.0,31738768000.0,71927815000.0,48919537000.0,,,,0.1417604619182621,3456599218.642951,81875948000.0,0.0422175169030464,0.0523735080788982,0.036338730292673,0.4412586146263444,0.390571728527382,0.1740113750077067,0.1627592432036858,-0.1465659805926223,,,75.54535048945058,75.54535048945058,False,63.869041594091314,63.869041594091314,66.78811881793114,116.0,True,False,True,True,True,False,True,False,True,True,False,True,False,True,True,False,False,9,False,0.0867724968703798,0.20809455666549082,1.0,2816772372.2999997,0.05185185185185185,3.0,3.0,,,,,,0.07282431584005704,0.03490767855178493,0.342723420839614,-0.16192092578845507,0.801948051948052,-0.16192092578845507,0.8485029772398083,-116.0,0.922077922077922,0.6363636363636364,0.922077922077922,0.922077922077922,0.8363636363636364,聯詠
13.800000190734863,13.899999618530272,13.75,13.75,33568.0,-0.010791339758765561,13.839999771118164,0.02230484721109116,13.588396024703979,0.0496182900459845,13.26529868443807,0.0,13.421399323145547,0.0061084383208720215,56.390630360501106,60010.8,0.5593659807901245,0.01189279257111897,3266.TW,2026-08-06,-0.023629488921441566,0.08167542462573607,neutral,0.19166666666666668,0.30954587581093607,2026-03-31,2026-05-15,508760000.0,129118000.0,60784000.0,58332000.0,13161000.0,43683000.0,0.12,12792293000.0,7165124000.0,13882400000.0,7442761000.0,6439639000.0,986601000.0,4625000000.0,151500000.0,,0.2256222999382843,47069774.120551325,6717276000.0,0.0070072711201015,0.0067834547868288,0.003146646113064,1.155773017711086,0.2537896061011085,0.1194748014781036,0.0858617029640695,1.0270049523688098,,,43.42781225211624,43.42781225211624,False,67.3808973306544,67.3808973306544,61.39262606101986,459.0,True,False,True,True,True,True,True,True,True,False,True,True,False,True,False,False,False,11,False,0.03653904273791797,0.02448333954923565,1.0,825148.5,0.9490740740740741,0.0,3.0,,,,,,0.06700414943694831,0.04264889931937353,0.19597967268060124,-1.1355799538212517,0.6084415584415584,-1.1355799538212517,0.6369536544691007,-459.0,0.5844155844155844,0.3246753246753247,0.6883116883116883,0.6,0.5272727272727272,昇陽
92.0,94.0,91.8000030517578,92.9000015258789,19604423.0,0.10463737468991408,90.60000152587891,0.04735067330484233,89.71500053405762,0.13154693364777725,88.13166707356771,0.1849489759922227,84.56750036875407,0.0039727024088148715,61.16503739697087,12655534.6,1.5490790092739346,0.03550132054685995,3706.TW,2026-08-06,-0.023629488921441566,0.08167542462573607,neutral,0.12407407407407407,0.17238183503243745,2026-03-31,2026-05-15,31863922000.0,2934046000.0,1186173000.0,1645175000.0,108264000.0,1460985000.0,1.1,82662619000.0,48216898000.0,135913012000.0,68280278000.0,67632734000.0,9782105000.0,1879510000.0,7968750000.0,,0.0658069810202562,1108114535.9022596,87696114000.0,0.0126358453682709,0.0216017439129401,0.0107494122784947,1.009574417027116,0.0920805040886052,0.0372262083744744,0.0458507587358517,0.3464486758783238,,,39.67324991044731,39.67324991044731,False,84.31895880596477,84.31895880596477,73.1575315820854,516.0,True,True,True,True,True,True,True,True,True,True,False,True,True,True,False,False,False,13,False,0.05410466646830625,0.09853077270572275,1.0,1175699183.6508133,0.09907407407407408,1.0,3.0,,,,,,0.04103370439934777,-0.0049014226405114745,0.20901346205692778,-1.672426125726371,0.37207792207792206,-1.672426125726371,0.38688757845318655,-516.0,0.5064935064935064,0.8571428571428571,0.3246753246753247,0.47922077922077916,0.5753246753246753,神達
24.25,25.5,24.100000381469727,24.899999618530277,844366.0,0.07559395372945166,23.95999984741211,0.05732485881975058,24.078622341156006,0.06638112255837947,23.69954071044922,0.08026032289386098,23.10352034568787,0.003961035555831856,49.12810991978062,291155.6,2.900050694542712,0.03411230367488027,4106.TW,2026-08-06,-0.023629488921441566,0.08167542462573607,neutral,0.1037037037037037,0.2706209453197405,2026-03-31,2026-05-15,583212000.0,288466000.0,58188000.0,61725000.0,15302000.0,46423000.0,0.46,1721731000.0,619160000.0,3208895000.0,728668000.0,2480227000.0,807797000.0,106264000.0,91028000.0,,0.2479060348319157,43762843.64520048,2589735000.0,0.0168985798335352,0.0187172383818094,0.0144669738336717,0.2937908505955302,0.4946160229899247,0.0997716096376617,0.0795988422734786,0.0484257757867525,,,56.47003550426275,56.47003550426275,False,67.96605722880207,67.96605722880207,65.09205179766724,294.0,True,False,True,True,True,True,True,False,True,False,True,True,True,True,False,False,False,11,False,0.05065325622752548,0.07775781551739613,1.0,7249774.328932953,0.7074074074074074,0.0,3.0,,,,,,0.048624170266921334,0.025009602599941522,0.18317416206543632,-1.2521860677157264,0.48116883116883113,-1.2521860677157264,0.5657898303069928,-294.0,0.7142857142857143,0.5844155844155844,0.6103896103896104,0.6987012987012986,0.6545454545454545,雃博
48.79999923706055,48.84999847412109,47.5,48.650001525878906,121194.0,0.013541698455810547,48.269999694824214,0.06923080276656934,48.079999923706055,0.16947123342188464,44.43893661499023,-0.047945147189837,47.54030154546101,0.01681294446144437,58.09859968418616,218730.25,0.5540797397707907,0.011855274606433763,4119.TW,2026-08-06,-0.023629488921441566,0.08167542462573607,neutral,0.09351851851851851,0.13623725671918444,2026-03-31,2026-05-15,375798000.0,82325000.0,33151000.0,28590000.0,8480000.0,20110000.0,0.17,1104577000.0,1053320000.0,6954821000.0,1544198000.0,5410623000.0,51949000.0,390000000.0,300399000.0,,0.2966072053165442,23318174.53655124,5901501000.0,0.0039512277531684,0.0037167623765322,0.0028915194222827,0.2854011451176694,0.2190671584202151,0.0882149452631466,0.0535127914464685,0.0430373141784996,,,33.11973270077256,33.11973270077256,False,76.55267444831894,76.55267444831894,65.69443901143234,629.0,True,True,True,True,True,True,True,True,True,True,True,True,False,True,False,False,False,13,False,0.09476070382539681,0.023342299992706872,1.0,10641226.996255875,0.649074074074074,1.0,3.0,,,,,,0.030419647435434113,0.003322743168756093,0.13570388429510466,-1.7459307976649938,0.2435064935064935,-1.7459307976649938,0.23504332306391804,-629.0,0.42857142857142855,0.6103896103896104,0.14285714285714285,0.3857142857142857,0.42597402597402595,旭富
165.0,167.5,165.0,167.5,243630.0,0.01823708206686936,166.0,0.02461142157311591,164.80350875854492,0.09836065573770503,163.3941520690918,0.06012658227848111,159.55124270121257,-0.0009332554724717759,57.14285714285714,399487.65,0.609856149495485,0.016361855774598366,4536.TW,2026-08-06,-0.023629488921441566,0.08167542462573607,neutral,0.18518518518518517,0.21686746987951808,2026-03-31,2026-05-15,2316961000.0,794900000.0,396418000.0,448947000.0,83458000.0,327949000.0,3.61,9168173000.0,3277337000.0,14414904000.0,4782570000.0,9632334000.0,5697733000.0,352903000.0,784549000.0,,0.1858972217210494,322724995.159785,11137567000.0,0.0289762562290116,0.0340466806902667,0.022750689147843,0.4965120603168453,0.3430787138842647,0.1710939459058655,0.1415427363688901,-0.0352736858453488,,,64.73287402560862,64.73287402560862,False,61.100531392958736,61.100531392958736,62.008617051121206,213.0,True,False,True,True,True,True,False,True,True,True,True,True,False,True,True,False,False,11,False,0.02512848764117348,0.049819463416357346,1.0,66914181.37500001,0.3824074074074074,2.0,3.0,,,,,,0.0687546286135921,0.05448295196176042,0.2128193093197897,-1.102274584733022,0.685064935064935,-1.102274584733022,0.6535577311631464,-213.0,0.8051948051948052,0.35064935064935066,0.7012987012987013,0.7896103896103897,0.6480519480519481,拓凱
128.5,129.0,128.0,129.0,107454.0,0.015748031496062964,128.7,0.023809523809523725,128.75,0.05737704918032782,125.61666666666666,-0.019011406844106515,125.525,0.005270349404645804,50.0,183435.85,0.5857851668580596,0.001941747572815622,4736.TW,2026-08-06,-0.023629488921441566,0.08167542462573607,neutral,0.18703703703703703,0.2891566265060241,2026-03-31,2026-05-15,1074466000.0,531890000.0,272939000.0,362978000.0,69184000.0,284846000.0,2.99,7743817000.0,2835366000.0,13071771000.0,3115964000.0,9955807000.0,2352593000.0,940000000.0,169444000.0,,0.1906010832612444,220916530.9357592,10236405000.0,0.0215814566672341,0.0286110407724858,0.0217909264169331,0.3129795505276468,0.4950272972806957,0.2540229285989505,0.2651047124804321,0.0999991809891194,,,73.12470502530472,73.12470502530472,False,62.32178552397292,62.32178552397292,65.02251539930587,136.0,True,False,True,True,True,True,True,True,True,False,True,True,False,True,True,False,False,11,False,0.02693379328645351,0.027683728340967884,1.0,23663224.650000002,0.5277777777777778,2.0,3.0,,,,,,0.05035651524252576,0.040353492038664375,0.16722351219887632,-1.1169809543062093,0.5214285714285715,-1.1169809543062093,0.5245122148260182,-136.0,0.8961038961038961,0.5714285714285714,0.5324675324675324,0.8415584415584415,0.7259740259740259,泰博
48.20000076293945,49.70000076293945,48.09999847412109,49.650001525878906,5508307.0,0.04306729238389262,48.93000030517578,0.04306729238389262,48.32999992370605,0.20072559511585908,45.82333329518636,-0.008981975288374966,45.25750001271566,-0.0024253041761933673,63.78206241138779,8652958.35,0.6365807828024505,0.02731226162335232,4763.TW,2026-08-06,-0.023629488921441566,0.08167542462573607,neutral,0.13425925925925927,0.11492122335495829,2026-03-31,2026-05-15,2711414000.0,1506899000.0,1344230000.0,1277102000.0,163292000.0,1114887000.0,1.13,18689835000.0,1425022000.0,23180026000.0,1425022000.0,21755004000.0,10088044000.0,,,,0.1278613611128946,1172354922.5512135,21755004000.0,0.0538889775681591,0.0512473819816351,0.0480968830664814,0.0655031826240988,0.5557613112567834,0.4957671532270616,0.4111828735855166,-0.3473205110583516,,,80.5798896395777,80.5798896395777,False,67.28403298319675,67.28403298319675,70.60799714729198,83.0,True,False,True,True,True,True,False,True,True,True,True,True,False,True,True,False,False,11,False,0.08350916346573434,0.09705577002550125,1.0,429619395.2808666,0.18518518518518517,1.0,2.0,,,,,,0.04682325463648476,0.02303379118882822,0.18093412035296397,-1.021699382818738,0.49870129870129876,-1.021699382818738,0.49557797808598725,-83.0,0.948051948051948,0.7792207792207793,0.45454545454545453,0.8740259740259739,0.7987012987012987,材料*-KY
88.0,89.19999694824219,87.4000015258789,88.0,7535193.0,0.0931677018633541,87.38000030517578,0.06408710093514047,84.41499938964844,0.07579458089163182,84.23675905863443,0.2698412139213875,80.80171286265055,0.011988251601235365,60.0000052616514,11967672.05,0.6296289678158418,0.04246876309035641,4938.TW,2026-08-06,-0.023629488921441566,0.08167542462573607,neutral,0.09814814814814815,0.2567191844300278,2026-03-31,2026-05-15,244105400000.0,10801479000.0,2829288000.0,3464858000.0,605203000.0,1561454000.0,0.58,455223337000.0,347425362000.0,623242706000.0,374551574000.0,248691132000.0,112291906000.0,50872952000.0,7687427000.0,2697039000.0,0.174668918610806,2335099324.60147,275817344000.0,0.0084661076447805,0.0062786878946692,0.0025053706765723,1.5060913953296895,0.0442492423354829,0.0115904359346413,0.0063966385012375,-0.1039816497152077,,,13.24211612714073,13.24211612714073,False,78.06553427083612,78.06553427083612,61.85967973491228,992.0,True,True,True,True,True,True,True,True,True,False,True,True,False,True,False,False,False,12,False,0.04467456943287784,0.08908582358378148,1.0,1053155140.4000001,0.10648148148148148,1.0,3.0,,,,,,0.012227033589517105,-0.04855005198276723,0.18435516951850045,-1.5474176058927505,0.2363636363636364,-1.5474176058927505,0.2102215645183095,-992.0,0.07792207792207792,0.33766233766233766,0.1038961038961039,0.08181818181818182,0.16103896103896104,和碩
52.70000076293945,53.79999923706055,52.70000076293945,53.79999923706055,91060.0,0.013182688946415277,54.119999694824216,0.015094325227557492,53.474999618530276,0.03461536994347214,53.196666653951006,-0.09255744260243715,54.488234742482504,0.0022490841750473674,55.88235459113409,75999.55,1.198164989134804,0.00607759926785767,5283.TW,2026-08-06,-0.023629488921441566,0.08167542462573607,neutral,0.22314814814814815,0.3447636700648749,2026-03-31,2026-05-15,1223404000.0,353685000.0,-7455000.0,16910000.0,3240000.0,13670000.0,0.16,4507049000.0,2765436000.0,8209751000.0,3417985000.0,4791766000.0,676596000.0,1172000000.0,328000000.0,,0.1916026020106445,-6026602.602010644,5444315000.0,-0.0011069533269126,0.0028528104252169,0.0016650931313263,0.7133038215972983,0.2890991038119869,-0.006093653445632,0.011173741462346,-0.0336491827829927,,,23.489256314333275,23.489256314333275,False,66.15803264252753,66.15803264252753,55.49083856047896,800.0,True,False,True,True,True,True,True,True,True,False,True,True,True,True,False,False,False,12,False,0.011341548654434819,-0.012630901123419358,0.0,4088775.7320169453,0.775,1.0,3.0,,,,,,0.041793369471349776,0.006464498294375405,0.1630298102020351,-1.7141161603295938,0.31363636363636366,-1.7141161603295938,0.33455073286858444,-800.0,0.2857142857142857,0.14285714285714285,0.24675324675324675,0.2798701298701298,0.23506493506493503,禾聯碩
42.150001525878906,42.400001525878906,41.900001525878906,42.400001525878906,315545.0,-0.011655011240463087,42.45000076293945,0.029126231570822947,42.43250026702881,0.08717952630458736,41.19183235168457,0.32707356849458913,39.12883286476135,0.010658573978212476,54.040418830575874,517578.65,0.6096561363186058,-0.0007658926753169037,5515.TW,2026-08-06,-0.023629488921441566,0.08167542462573607,neutral,0.17037037037037037,0.2344763670064875,2026-03-31,2026-05-15,2015280000.0,391103000.0,268702000.0,476647000.0,82479000.0,394168000.0,1.96,9114211000.0,5142167000.0,11530797000.0,5836747000.0,5694050000.0,2270517000.0,100000000.0,,,0.1730400065457246,222205804.1611507,6388630000.0,0.0347814483169553,0.0692245414072584,0.0341839336864572,1.02506072127923,0.1940688142590607,0.1333323409154063,0.1955896947322456,0.3881614203981094,,,76.63848749386133,76.63848749386133,False,66.2941117476999,66.2941117476999,68.88020568424025,104.0,True,False,True,True,False,True,True,True,True,True,True,True,False,True,True,False,False,11,False,0.029330309073879457,0.08359995485741933,1.0,21945335.549762346,0.5407407407407407,1.0,3.0,,,,,,0.06931289359997092,0.04997958095176147,0.2299961350801646,-0.9827004329617024,0.7331168831168832,-0.9827004329617024,0.7140783099387237,-104.0,0.935064935064935,0.7272727272727273,0.7792207792207793,0.9116883116883117,0.8415584415584416,建國
43.650001525878906,44.400001525878906,43.150001525878906,43.45000076293945,8042300.0,-0.030133895024808677,44.370001220703124,0.01518695180994456,44.00288467407226,0.07816381105491721,42.19679489135742,0.10000001931492286,40.830897426605226,0.011958734433555078,52.77729162649739,15412440.25,0.5218057536346329,-0.012564719682084502,5876.TW,2026-08-06,-0.023629488921441566,0.08167542462573607,neutral,0.2222222222222222,0.24930491195551435,2026-03-31,2026-05-15,,,,,1276742000.0,5109024000.0,,,,2488960189000.0,2207968500000.0,280991689000.0,30954201000.0,,,,,,2488960189000.0,,0.0181821178348089,0.0020526740534378,7.857771551385635,,,,,,,9.85663137943466,9.85663137943466,False,62.96436789722034,62.96436789722034,49.687433767773925,1041.0,True,False,True,True,False,True,True,True,True,False,True,True,False,True,False,False,False,10,False,0.029699077259507822,0.06414513276476819,1.0,669670540.6212587,0.14722222222222223,1.0,3.0,,,,,,0.019545054009648836,-0.07598888308059956,0.18961252741346377,-1.338141350824638,0.274025974025974,-1.338141350824638,0.27387321800234493,-1041.0,0.03896103896103896,0.025974025974025976,0.18181818181818182,0.06038961038961038,0.06363636363636364,上海商銀
26.450000762939453,26.700000762939453,26.100000381469727,26.100000381469727,26897336.0,-0.03333331920482496,26.75,0.03777339074945729,25.925000190734863,0.14223194510909498,24.52750015258789,0.11063831410509484,23.96916672388713,0.017764253912537446,59.03613294984186,25358631.65,1.0606777357405246,0.00675024838755478,5880.TW,2026-08-06,-0.023629488921441566,0.08167542462573607,neutral,0.14444444444444443,0.15848007414272475,2026-03-31,2026-05-15,16133084000.0,,,7244382000.0,1432147000.0,5589587000.0,,,,5429875285000.0,5139559219000.0,290316066000.0,54560035000.0,,,,0.1976907070886101,,5429875285000.0,,0.0192534539235593,0.001029413514421,17.70332344955377,,,0.3464673586277738,-0.0732164392268276,,,8.548521494786451,8.548521494786451,False,75.59075880972344,75.59075880972344,58.830199480989194,1055.0,True,True,True,True,True,True,True,True,True,True,True,True,True,True,False,False,False,14,False,0.06411172027720569,0.08889894597207904,1.0,661860295.7385502,0.14907407407407408,0.0,3.0,,,,,,-0.02735135235468791,-0.13613276602876664,0.2068001201222588,-1.1697029150680591,0.24805194805194805,-1.1697029150680591,0.23367959627772095,-1055.0,0.025974025974025976,0.2727272727272727,0.12987012987012986,0.04155844155844156,0.12077922077922076,合庫金
147.5,147.5,140.0,145.5,4454452.0,0.013937282229965264,150.2,0.013937282229965264,143.55,0.19262295081967218,137.54468104044597,0.2707423580786026,126.37650718688965,0.02480813849723379,59.55056179775281,2146903.85,2.07482603377883,0.013584117032392706,6214.TW,2026-08-06,-0.023629488921441566,0.08167542462573607,neutral,0.22870370370370371,0.1195551436515292,2026-03-31,2026-05-15,11968686000.0,2441124000.0,591731000.0,895921000.0,121622000.0,718327000.0,2.64,28637858000.0,16986250000.0,37839475000.0,17932964000.0,19906511000.0,4485498000.0,2337560000.0,448042000.0,0.0,0.1357508083860072,511403038.4029395,20853225000.0,0.0245239303946003,0.0360850276575337,0.0189835350516887,0.9008592213874144,0.203959231614899,0.0494399301644307,0.0600171982120677,0.2168964026850304,,,53.24611007538207,53.24611007538207,False,75.7146495440907,75.7146495440907,70.09751467691355,322.0,True,True,True,True,True,True,True,True,True,True,True,True,True,True,False,False,False,14,False,0.05783807050462908,0.1513215805595094,1.0,312374510.175,0.2212962962962963,2.0,3.0,,,,,,0.011692917110357786,-0.0470000568508266,0.2252100785945572,-1.0944497648020197,0.37337662337662336,-1.0944497648020197,0.3947848437850764,-322.0,0.6753246753246753,0.7532467532467533,0.36363636363636365,0.6285714285714286,0.6363636363636364,精誠
31.200000762939453,31.600000381469727,30.0,30.149999618530277,569357.0,0.04869563890540096,30.84000015258789,0.31947479716370175,28.037500190734864,0.24844720889337824,25.32583341598511,0.2510373087675277,24.421249945958454,0.07546988899571239,58.50340091921224,847279.45,0.6719825436578215,0.07534549847255989,6598.TW,2026-08-06,-0.023629488921441566,0.08167542462573607,neutral,0.006481481481481481,0.08897126969416126,2026-03-31,2026-05-15,217115000.0,140181000.0,17966000.0,20979000.0,0.0,20979000.0,0.2,947351000.0,157433000.0,1089898000.0,414395000.0,675503000.0,434793000.0,,,,0.0,17966000.0,932465000.0,0.0192672111017571,0.0310568568903468,0.0192485902350495,0.613461376189299,0.6456532252492918,0.0827487736913617,0.0966262119153444,0.8094876945002376,,,67.77168793520316,67.77168793520316,False,86.08606637392845,86.08606637392845,81.50747176424711,181.0,True,True,True,True,True,True,True,True,True,True,True,True,False,True,True,False,False,13,False,0.1904840059281232,0.23458052660076434,1.0,25545475.094288543,0.5157407407407407,1.0,3.0,,,,,,0.033892903213563,-0.010692305433785007,0.26966851810195613,-1.087086234520202,0.49740259740259735,-1.087086234520202,0.5312256112175139,-181.0,0.8441558441558441,0.987012987012987,0.5454545454545454,0.7993506493506493,0.8272727272727273,ABC-KY
135.0,138.0,135.0,138.0,438297.0,0.049429657794676896,135.1,0.09523809523809534,131.675,0.04150943396226414,134.68787333170573,-0.08609271523178808,134.60643666585287,0.011886954764577237,71.42857142857143,409530.65,1.0702422395002669,0.048034934497816595,6605.TW,2026-08-06,-0.023629488921441566,0.08167542462573607,neutral,0.058333333333333334,0.329935125115848,2026-03-31,2026-05-15,4732845000.0,1585730000.0,866034000.0,951380000.0,217734000.0,732007000.0,4.41,15540524000.0,11970379000.0,33504289000.0,12358666000.0,21145623000.0,3981949000.0,1597489000.0,0.0,,0.228861233156047,667832390.8049359,21533910000.0,0.0310130575824332,0.0346174241354818,0.0218481580074718,0.5844550430129205,0.3350479468480375,0.1829838078365127,0.1546653228660562,-0.0451555541567658,,,64.93006759035887,64.93006759035887,False,59.58988507609074,59.58988507609074,60.92493070465777,210.0,True,False,True,True,True,False,True,True,True,False,True,True,True,True,True,False,False,11,False,0.024591127518490463,0.02521100341264737,1.0,56515229.7,0.40925925925925927,2.0,3.0,,,,,,0.06059197997755539,0.037578346046079424,0.22005661927803558,-1.3840610073817101,0.5831168831168831,-1.3840610073817101,0.632721414015536,-210.0,0.8181818181818182,0.3116883116883117,0.6623376623376623,0.7948051948051947,0.6350649350649351,帝寶
13.0,13.149999618530272,12.75,12.949999809265137,228887.0,0.0,13.04000015258789,0.04435485545604023,12.82025580406189,0.04435485545604023,12.359251912434896,0.07916665077209473,12.312125960985819,0.0126379821538899,61.676441958805334,130987.7,1.7473930758384184,0.010120235289075907,8411.TW,2026-08-06,-0.023629488921441566,0.08167542462573607,neutral,0.13148148148148148,0.3253012048192771,2026-03-31,2026-05-15,2726482000.0,240600000.0,69628000.0,61624000.0,19776000.0,41688000.0,0.19,5684691000.0,4777607000.0,13494274000.0,7266361000.0,6227913000.0,1476105000.0,1130770000.0,1174037000.0,1103389000.0,0.3209139296378034,47283404.90717903,8716667000.0,0.0054244821910919,0.0066937351244309,0.0030893103252535,1.16674092910418,0.0882455853367086,0.025537670888713,0.0152900330902606,0.2387255467647537,,,26.84034715613582,26.84034715613582,False,76.78650056739276,76.78650056739276,64.29996221457853,741.0,True,True,True,True,True,True,True,True,True,False,True,True,True,True,False,False,False,13,False,0.04779803025423224,0.05180858694108448,1.0,1696290.690016079,0.8796296296296297,0.0,3.0,,,,,,0.08474281263018382,0.06089236902125468,0.2792527429574564,-1.0135459655500207,0.8084415584415585,-1.0135459655500207,0.8139424896021492,-741.0,0.33766233766233766,0.5324675324675324,0.8831168831168831,0.41948051948051945,0.5051948051948052,福貞-KY
165.0,166.5,162.0,164.5,151675.0,-0.043604651162790664,165.7,0.03459119496855356,161.25,0.12671232876712324,147.48676554361978,0.18772563176895307,145.21421610514324,0.01911834413019438,61.42857142857143,250567.3,0.6053263933482143,0.020155038759689825,8462.TW,2026-08-06,-0.023629488921441566,0.08167542462573607,neutral,0.1527777777777778,0.17608897126969417,2026-03-31,2026-05-15,1626910000.0,546235000.0,263101000.0,241835000.0,49259000.0,191204000.0,2.42,2261807000.0,3161235000.0,12373315000.0,9648191000.0,2725124000.0,1414659000.0,,386628000.0,,0.2036884652759112,209510361.09744248,9212080000.0,0.0227430027851953,0.0701634127474566,0.0154529323790754,3.5404594433134053,0.3357499800234801,0.161718226576762,0.1175258619100011,0.2017296409310929,,,59.6562061392525,59.6562061392525,False,77.21783847204132,77.21783847204132,72.82743038884412,269.0,True,True,True,True,True,True,True,True,True,True,True,True,False,True,False,False,False,13,False,0.11535431259660034,0.1328092001742638,1.0,41218320.85,0.45185185185185184,2.0,3.0,,,,,,0.09623291721297551,0.125190034421806,0.43727824895051876,1.4396101552399017,0.9779220779220779,1.4396101552399017,0.9776591727350008,-269.0,0.7532467532467533,0.8441558441558441,1.0,0.7902597402597403,0.8298701298701299,柏文
86.0999984741211,91.0,85.0999984741211,90.1999969482422,3337742.0,0.04761903074078955,85.55999908447265,0.24071527833018913,84.37999954223633,0.19154558235866248,76.84499969482422,-0.026968717176936274,75.26500002543132,0.031792619321975475,57.75862097314948,3088071.8,1.0808498688404848,0.068973660080345,9921.TW,2026-08-06,-0.023629488921441566,0.08167542462573607,neutral,0.011111111111111112,0.12326227988878591,2026-03-31,2026-05-15,12523541000.0,2458803000.0,-191441000.0,-170563000.0,-23472000.0,-199773000.0,-0.51,48200680000.0,28731484000.0,72341005000.0,34909460000.0,37431545000.0,13787267000.0,9060327000.0,1863857000.0,,0.1376148402643011,-165095877.36496192,43609521000.0,-0.0037857759860504,-0.0053370225567766,-0.0027615458203822,0.9326214026164296,0.1963344871869705,-0.0152864912567459,-0.0159517982973026,-0.2568048701835493,,,14.870530982450036,14.870530982450036,False,84.40513133109035,84.40513133109035,67.02148124393027,961.0,True,True,True,True,True,True,True,True,True,True,True,True,True,True,False,False,False,14,False,0.17379136321757938,0.19843216525296614,1.0,278544066.9359528,0.2324074074074074,1.0,3.0,,,,,,0.009284436733394357,-0.04232383836887316,0.2706627562880943,-1.522024648544538,0.34350649350649354,-1.522024648544538,0.3851439624448778,-961.0,0.14285714285714285,0.6493506493506493,0.3116883116883117,0.16818181818181815,0.32857142857142857,巨大
10.699999809265137,10.850000381469728,10.600000381469728,10.75,787212.0,0.03864730471376765,10.629999923706055,0.04368930106136548,10.640000057220458,0.1221294452621795,10.28755227724711,0.07823467523372907,9.926276143391927,0.005196029375889495,55.17240472128347,1101530.5,0.7146529306269777,0.010338340431200965,9934.TW,2026-08-06,-0.023629488921441566,0.08167542462573607,neutral,0.13240740740740742,0.1835032437442076,2026-03-31,2026-05-15,4675859000.0,1599481000.0,215608000.0,179015000.0,65010000.0,114005000.0,0.28,10184466000.0,6401709000.0,16132102000.0,9818930000.0,6313172000.0,2756002000.0,2012873000.0,1745714000.0,,0.3631539256486886,137309108.39873755,9730393000.0,0.0141113630660896,0.0180582756180252,0.0070669649869558,1.5553084883478543,0.3420721197965978,0.0461108857217465,0.0243816162976685,0.0629297965528301,,,37.04526496126525,37.04526496126525,False,70.82661918819875,70.82661918819875,62.38128063146537,573.0,True,False,True,True,True,True,True,True,True,True,True,True,False,True,False,False,False,12,False,0.04495216260292367,0.08298417701752525,1.0,11841452.875,0.6351851851851852,0.0,3.0,,,,,,0.07294976840650652,0.05676458514161373,0.21038347985498904,-0.7081073913480019,0.7422077922077922,-0.7081073913480019,0.7118922233280106,-573.0,0.45454545454545453,0.4025974025974026,0.7662337662337663,0.5012987012987012,0.5012987012987014,成霖
19.850000381469727,19.850000381469727,19.450000762939453,19.600000381469727,527218.0,0.012919896386121454,19.650000000000002,0.07103831686377671,19.182500171661378,0.06521743412053915,18.88858127593994,0.0,18.928873952229818,0.011868658550015778,75.55556874217449,298861.5,1.7640880474734952,0.02176463996205924,9935.TW,2026-08-06,-0.023629488921441566,0.08167542462573607,neutral,0.09074074074074075,0.2743280815569972,2026-03-31,2026-05-15,1207014000.0,329361000.0,129050000.0,125078000.0,35715000.0,89363000.0,0.51,4101731000.0,3844659000.0,8361229000.0,5772111000.0,2589118000.0,430540000.0,854900000.0,1461115000.0,287107000.0,0.2855418219031324,92200827.88340075,4516570000.0,0.0204139043308087,0.0345148425062125,0.0106877828606297,2.22937347776347,0.2728725598874578,0.1069167383311212,0.0740364237697325,0.0157374361805349,,,40.70851081970746,40.70851081970746,False,70.86589534007865,70.86589534007865,63.326549209985856,499.0,True,False,True,True,True,True,True,False,True,False,True,True,True,True,False,False,False,11,False,0.037663977783020774,0.035455169226315864,1.0,5857685.514006615,0.7268518518518519,0.0,3.0,,,,,,0.09760104524227078,0.07659545447164459,0.21700297070308386,-0.6279041902086662,0.8441558441558441,-0.6279041902086662,0.8081922343265238,-499.0,0.5194805194805194,0.5064935064935064,0.8701298701298701,0.572077922077922,0.5857142857142856,慶豐富
20.299999237060547,20.549999237060547,20.299999237060547,20.350000381469727,350043.0,-0.02398081490897097,20.450000000000003,0.032994903216099436,20.252499961853026,0.07105265165630148,19.477707131703696,-0.05787036934834289,19.91177026430766,0.010351707713841697,57.40741394839551,553437.9,0.6324883062760971,0.004814241194931457,9940.TW,2026-08-06,-0.023629488921441566,0.08167542462573607,neutral,0.1574074074074074,0.2632066728452271,2026-03-31,2026-05-15,2876811000.0,665012000.0,209493000.0,232453000.0,69452000.0,159582000.0,0.22,16303412000.0,4204969000.0,30767900000.0,17352956000.0,13414944000.0,4695442000.0,404164000.0,8438314000.0,900000000.0,0.2987786778402516,146900958.44321218,26562931000.0,0.0055302992897588,0.0118958379550447,0.0051866393221506,1.2935541139791564,0.2311629092074522,0.0728212593736606,0.0554718401730249,0.2999785808018913,,,39.42870701490352,39.42870701490352,False,70.10703544333084,70.10703544333084,62.43745333622401,524.0,True,False,True,True,True,True,True,True,True,False,True,True,False,True,False,False,False,11,False,0.04478418552388064,0.022008596490669996,1.0,11262461.476119805,0.6407407407407407,0.0,3.0,,,,,,0.04464487350329351,0.023472247958739523,0.1878427998115181,-1.5177966917689567,0.43376623376623374,-1.5177966917689567,0.4346949462609636,-524.0,0.4935064935064935,0.4155844155844156,0.4155844155844156,0.4818181818181818,0.4545454545454546,信義
26.200000762939453,26.549999237060547,26.200000762939453,26.350000381469727,3767473.0,-0.013108628144892776,26.690000152587892,0.01934235948245555,26.347500038146972,0.13090134095617922,25.503405634562178,-0.06560284863186971,25.80878616968791,0.010644421074932114,51.515158521029115,6073864.7,0.6202760822117095,9.48986932018947e-05,9945.TW,2026-08-06,-0.023629488921441566,0.08167542462573607,neutral,0.2037037037037037,0.17330861909175163,2026-03-31,2026-05-15,8802139000.0,2177505000.0,1558595000.0,3524918000.0,275592000.0,2706817000.0,0.99,56821154000.0,31229259000.0,206807304000.0,85163985000.0,121643319000.0,4687641000.0,7435539000.0,36077246000.0,,0.0781839464066965,1436737892.0502548,175578045000.0,0.0081829017520399,0.0222520811027854,0.0130885947819328,0.7001123094972441,0.247383618913539,0.1770700280920353,0.3075180930453381,0.2547092191019549,,,56.447152500431685,56.447152500431685,False,64.56408163602859,64.56408163602859,62.53484935212936,296.0,True,False,True,True,True,True,True,True,True,True,True,True,False,True,False,False,False,12,False,0.03319536061333883,0.020970153660983426,1.0,160046337.1619955,0.28888888888888886,0.0,3.0,,,,,,-0.0011822686893892807,-0.025303239744750936,0.09441585488593436,-1.6924199427434532,0.12337662337662339,-1.6924199427434532,0.10712188819984125,-296.0,0.7012987012987013,0.42857142857142855,0.012987012987012988,0.5980519480519481,0.4818181818181818,潤泰新
21.200000762939453,21.399999618530277,21.049999237060547,21.149999618530277,3707620.0,-0.018561467874317672,21.31999969482422,-2.220446049250313e-16,21.38499975204468,0.04444442560643336,20.96333325703939,-0.07236840674311329,21.1916666507721,0.000701916799265174,49.29575799972173,5491777.05,0.6751220900345909,-0.01098901735979374,2646.TW,2026-08-06,-0.023629488921441566,0.08167542462573607,neutral,0.28888888888888886,0.32252085264133457,2026-03-31,2026-05-15,13759797000.0,2774967000.0,1358324000.0,909756000.0,0.0,,0.3,22245094000.0,24008566000.0,147095973000.0,115227744000.0,31868229000.0,14210592000.0,,53652207000.0,4992822000.0,0.0,1358324000.0,123087407000.0,0.011035442480318,,,3.6157561187350575,0.2016720886216562,0.098716863337446,,0.2291196863125946,,,36.52985733991709,36.52985733991709,False,58.27031201729997,58.27031201729997,52.835198347954254,583.0,True,False,True,True,False,True,True,False,True,False,True,True,False,True,False,False,False,9,False,0.00890442179218831,-0.001966198927553675,0.0,116151082.51255332,0.32222222222222224,0.0,3.0,,,,,,0.048585343258991186,0.03497711561973279,0.18093557887699602,-1.2721939370871982,0.4779220779220779,-1.2721939370871982,0.5104745827468524,-583.0,0.44155844155844154,0.06493506493506493,0.5064935064935064,0.45129870129870125,0.34155844155844156,星宇航空
108.5,110.0,106.0,107.5,3349715.0,0.043689320388349495,107.3,0.0,105.4900001525879,0.08257801305371704,101.625,-0.35820895522388063,110.1308333714803,0.007064440597497817,56.80272250069805,5587316.0,0.5995213086211698,0.01905393728793925,6919.TW,2026-08-06,-0.023629488921441566,0.08167542462573607,neutral,0.28564814814814815,0.24374420759962928,2026-03-31,2026-05-15,2000.0,1000.0,-245831000.0,-107754000.0,0.0,-107754000.0,-0.07,5029205000.0,111245000.0,9536630000.0,173792000.0,9362838000.0,2539089000.0,,,,-0.0,-245831000.0,9425385000.0,-0.0260817993111156,-0.0115086899933545,-0.0112989599051237,0.0185618933062817,0.5,,,inf,,,50.0,50.0,False,67.26113680700205,67.26113680700205,62.94585260525153,367.0,True,False,True,True,True,True,True,True,True,True,True,True,False,True,False,False,False,12,False,0.05781057810578116,-0.02388825446009557,0.0,600636470.0,0.1574074074074074,2.0,3.0,,,,,,0.0047060881616398775,-0.07015918525407908,0.2822861312880991,-1.190657541682387,0.36558441558441557,-1.190657541682387,0.28831545056801844,-367.0,0.6363636363636364,0.4805194805194805,0.22077922077922077,0.574025974025974,0.5064935064935064,康霈*
28.600000381469727,29.350000381469727,28.350000381469727,28.399999618530277,202161.0,0.010676129287826797,28.40999984741211,0.007092157807799149,28.299999904632575,0.07169809881246336,27.709722391764327,0.14285710996236967,27.258611249923707,0.00017670696976260548,55.93221215673376,47234.6,4.279934624194976,0.0035335588068794443,2432.TW,2026-08-06,-0.023629488921441566,0.08167542462573607,neutral,0.25462962962962965,0.26135310472659873,2026-03-31,2026-05-15,950969000.0,103864000.0,18274000.0,20907000.0,4695000.0,16212000.0,0.26,1474029000.0,593217000.0,1716970000.0,616736000.0,1100234000.0,920685000.0,,,,0.224565934854355,14170282.106471518,1123753000.0,0.0126097835613978,0.0147350472717621,0.0094422150649108,0.5605498466689813,0.1092191228105227,0.019216188960944,0.0170478743260821,0.2580852139079173,,,37.70323749345623,37.70323749345623,False,65.49087134544583,65.49087134544583,58.543962882448426,564.0,True,False,True,True,True,True,True,True,True,False,True,True,False,True,False,False,False,11,False,0.02491101199090706,0.041872579572804325,1.0,1341462.62198143,0.9064814814814814,0.0,3.0,,,,,,0.05723725422486789,0.0418521063920266,0.17221776881150083,-1.1570579937191434,0.5376623376623376,-1.1570579937191434,0.6644835902842082,-564.0,0.4805194805194805,0.23376623376623376,0.7272727272727273,0.5175324675324675,0.45584415584415583,倚天酷碁-創
