Open,High,Low,Close,Volume,ret5,ma5,ret20,ma20,ret60,ma60,ret120,ma120,ma20_slope,rsi14,volume_ma20,volume_ratio,ma20_deviation,symbol,date,benchmark_ret20,benchmark_ret60,market_regime,rs20_rank_pct,rs60_rank_pct,period_date,as_of_date,revenue,gross_profit,operating_income,pretax_income,tax_expense,net_income_parent,eps,current_assets,current_liabilities,assets,liabilities,equity,cash,short_borrowings,long_borrowings,bonds_payable,tax_rate,nopat,invested_capital_proxy,roic_proxy,roe,roa,debt_to_equity,gross_margin,operating_margin,net_margin,revenue_growth,pe,pb,eva_like_score,fundamental_score,fundamental_pass,technical_score,score,final_score,fundamental_rank,pass_market,pass_score,pass_rs20,pass_rs60,pass_close_ma20,pass_ma20_ma60,pass_ma20_slope,pass_rsi,pass_ret20_benchmark,pass_ret60_benchmark,pass_ret5_cap,pass_ret20_cap,pass_volume_ratio,pass_ma20_deviation,pass_fundamental_score,pass_fundamental_filter,pass_fundamental_universe,entry_pass_count,entry_all_pass,close_ma60_ratio,close_ma120_ratio,above_ma120,turnover20,liquidity_rank,price_bucket,eva_rank_bucket,forward_60d_return,forward_60d_max_drawdown,reward_60,fwd60_rank_label,top_quantile_60,reg_forward60,reg_reward60,cls_topq60,rank_forward60,ensemble_score,ranker_score,stable_ensemble_score,fundamental_rank_score,fundamental_score_rank,final_score_rank,stable_ml_rank,fund_ml_85_15,fund_final_ml,name
46.09999847412109,46.900001525878906,44.25,46.900001525878906,32303.0,0.0206746626151455,47.0,0.10352944766773886,44.497500038146974,0.07940162721198663,43.42250003814697,0.1828499299115549,41.902500025431316,0.022931035359700553,76.66666666666666,32299.65,1.0001037162941393,0.053991830679752884,1203.TW,2026-07-24,-0.013579064467496571,0.1206611233966084,bull,0.08981481481481482,0.2789620018535681,2026-03-31,2026-05-15,1323768000.0,456272000.0,208493000.0,249342000.0,68578000.0,116595000.0,0.49,5022031000.0,1735171000.0,10736920000.0,3144376000.0,7592544000.0,2426460000.0,788000000.0,42900000.0,0.0,0.2750358944742562,151149941.2533789,9001749000.0,0.0167911748320664,0.015356512915829,0.0108592594524314,0.4141399773251232,0.3446767107227248,0.1574996525070858,0.0880781224504596,-0.1421895108456875,,,48.49143294825629,48.49143294825629,False,69.83168903498026,69.83168903498026,64.49662501329927,389.0,True,False,True,True,True,True,True,False,True,False,True,True,True,True,False,False,False,11,False,0.08008524347232249,0.11926499606024765,1.0,1514853.6342853548,0.9055555555555556,1.0,3.0,,,,,,0.08419909153802167,0.03653935325500967,0.20234430322581096,-0.9651078982236264,0.7481481481481482,-0.9651078982236264,0.6801828098871217,-389.0,0.6481481481481481,0.5925925925925926,0.7407407407407407,0.662037037037037,0.6499999999999999,味王
75.9000015258789,77.69999694824219,75.9000015258789,77.4000015258789,15553954.0,-0.03249998092651363,78.22000122070312,0.0375335537403414,77.64000053405762,0.10571430751255573,74.7716667175293,0.04172272337541649,73.40249983469646,0.01067430951509091,47.142843129668236,18550058.1,0.8384854600536263,-0.003091177312311233,1216.TW,2026-07-24,-0.013579064467496571,0.1206611233966084,bull,0.2361111111111111,0.24096385542168675,2026-03-31,2026-05-15,175017371000.0,59125238000.0,10253052000.0,13286190000.0,3522350000.0,6544541000.0,1.15,241807588000.0,273723981000.0,749062049000.0,525351793000.0,223710256000.0,107370831000.0,48103130000.0,39421781000.0,54500000000.0,0.2651136255013664,7534828211.825964,475338068000.0,0.0158515143622495,0.0292545416424716,0.0087369811469383,2.348358105673975,0.3378249693854674,0.0585830534501629,0.0373936653407963,0.033984250237258,,,36.04802884719801,36.04802884719801,False,61.89257028112449,61.89257028112449,55.431434922642865,590.0,True,False,True,True,False,True,True,False,True,False,True,True,True,True,False,False,False,10,False,0.03515148081797981,0.05446002111896586,1.0,1435774525.2451425,0.0962962962962963,1.0,3.0,,,,,,0.06675272556025426,0.017387657400405734,0.2037744463428153,-0.5893433864782754,0.6930555555555555,-0.5893433864782754,0.67481298525536,-590.0,0.46296296296296297,0.09259259259259259,0.7314814814814815,0.5032407407407407,0.40555555555555556,統一
92.0,92.0,91.4000015258789,91.9000015258789,339945.0,0.014348819797487478,91.5,0.05510910603728636,88.85999984741211,0.049086793683314145,87.45333328247071,-0.0212992541799778,88.87249997456868,0.01109404337136969,59.21054744987177,404802.05,0.8397808262087606,0.03421113756118621,1231.TW,2026-07-24,-0.013579064467496571,0.1206611233966084,bull,0.18796296296296297,0.3540315106580167,2026-03-31,2026-05-15,3348538000.0,725357000.0,318581000.0,354651000.0,57607000.0,297767000.0,1.0,6292926000.0,4427766000.0,15442895000.0,7870046000.0,7572849000.0,537506000.0,1306551000.0,3311453000.0,,0.1624329270183927,266832955.67755345,11015129000.0,0.0242242243079997,0.0393203403369062,0.0192818121213671,1.0392450714387675,0.2166190140294062,0.0951403269128198,0.0889244798774868,0.0712253610565933,,,52.06784725613907,52.06784725613907,False,71.37297086350596,71.37297086350596,66.54668996166424,338.0,True,False,True,True,True,True,True,True,True,False,True,True,True,True,False,False,False,12,False,0.05084618363311133,0.0340656733205047,1.0,37201309.01267891,0.4925925925925926,1.0,3.0,,,,,,0.04763489334349056,-0.007282022227349805,0.16965897642438757,-1.163486483652651,0.46851851851851845,-1.163486483652651,0.5090390320609824,-338.0,0.7129629629629629,0.6759259259259259,0.5,0.6810185185185185,0.6592592592592592,聯華食
66.5,67.0,62.09999847412109,62.70000076293945,63698646.0,-0.0015923324098080505,63.199999237060545,0.21254559468512269,60.12499942779541,0.22941177966547954,52.1915646870931,0.49820795816065444,50.262865734100345,0.04506703643794411,53.582553924795306,77727433.25,0.8195130513974614,0.042827465441166224,1301.TW,2026-07-24,-0.013579064467496571,0.1206611233966084,bull,0.027777777777777776,0.1278962001853568,2026-03-31,2026-05-15,41985122000.0,1555468000.0,-1301844000.0,3378716000.0,110089000.0,3268627000.0,0.51,175217601000.0,95826345000.0,593528010000.0,203311522000.0,390216488000.0,10197694000.0,31910508000.0,18393084000.0,43127284000.0,0.0325830877765399,-1259425902.676638,497701665000.0,-0.0025304836034186,0.008376445128582,0.0055071149885579,0.521022376686451,0.0370480762209051,-0.0310072696704323,0.0778520305359598,-0.110526237291801,,,17.23451320303393,17.23451320303393,False,76.29661036523584,76.29661036523584,61.53108607468536,908.0,True,True,True,True,True,True,True,True,True,True,True,True,True,True,False,False,False,14,False,0.2013435722582404,0.2474418210579914,1.0,4873510124.076325,0.03518518518518519,1.0,3.0,,,,,,-0.009608474089080148,-0.11398211565835101,0.16086980990477215,-1.7858352592717375,0.14166666666666666,-1.7858352592717375,0.17603721025341032,-908.0,0.17592592592592593,0.4074074074074074,0.09259259259259259,0.16342592592592592,0.2287037037037037,台塑
191.5,194.5,177.5,177.5,74040352.0,-0.1080402010050251,192.9,0.19932432432432434,190.35054092407228,0.9377729580437433,132.983513768514,1.4084125827665117,107.37759017944336,0.0550088415928691,48.10255669127888,82904957.65,0.8930750837914455,-0.06750987342451598,1303.TW,2026-07-24,-0.013579064467496571,0.1206611233966084,bull,0.03333333333333333,0.012974976830398516,2026-03-31,2026-05-15,68596393000.0,8188671000.0,3741833000.0,16080166000.0,1405348000.0,14254717000.0,1.8,193418745000.0,131197270000.0,647743623000.0,247168932000.0,400574691000.0,42831248000.0,24400300000.0,40333444000.0,51357530000.0,0.0873963614554725,3414810410.6259847,516546353000.0,0.0066108499088096,0.0355856655956329,0.0220067268805825,0.6170358176722652,0.1193746586646327,0.054548538725644,0.207805634911445,0.046448302712712,,,40.56631725411971,40.56631725411971,False,73.67562557924003,73.67562557924003,65.39829849795996,500.0,True,False,True,True,False,True,True,False,True,True,True,True,True,True,False,False,False,11,False,0.33475191751194355,0.6530451065568899,1.0,14715629982.875002,0.011111111111111112,2.0,3.0,,,,,,-0.07079982615013078,-0.18997587094408255,0.1758377724762974,-1.7748485232545155,0.11712962962962964,-1.7748485232545155,0.082718389616961,-500.0,0.5555555555555556,0.6203703703703703,0.027777777777777776,0.47638888888888886,0.46944444444444444,南亞
72.0,72.5999984741211,66.80000305175781,67.5,80014572.0,0.02118005383051602,68.5199981689453,0.24538743634399984,64.58499946594239,0.2857142857142858,54.66456673940023,0.9823788990436144,49.9218666712443,0.051389237718665805,49.873419653011275,75680755.3,1.0572644483108111,0.045134327756629844,1326.TW,2026-07-24,-0.013579064467496571,0.1206611233966084,bull,0.021296296296296296,0.10379981464318813,2026-03-31,2026-05-15,81749811000.0,6327773000.0,3120431000.0,7294502000.0,759958000.0,6245039000.0,1.07,214839826000.0,114054227000.0,581165153000.0,170197763000.0,410967390000.0,16802058000.0,33492647000.0,26687136000.0,25800000000.0,0.1041823005874835,2795337319.595498,467110926000.0,0.0059843115714135,0.0151959477855408,0.0107457217070962,0.4141393384034679,0.0774041300230039,0.0381704980333226,0.0763920909859962,0.0359959953561419,,,29.94873186889634,29.94873186889634,False,76.00451346067398,76.00451346067398,64.49056806272957,684.0,True,True,True,True,True,True,True,False,True,True,True,True,True,True,False,False,False,13,False,0.23480353044394398,0.3521129016371687,1.0,5108450982.75,0.03425925925925926,1.0,3.0,,,,,,-0.020373618408852396,-0.1272408771205733,0.16853574913786787,-1.775950499351437,0.12777777777777777,-1.775950499351437,0.15475705168906165,-684.0,0.4074074074074074,0.5833333333333334,0.05555555555555555,0.35462962962962963,0.38981481481481484,台化
19.450000762939453,19.5,18.799999237060547,19.149999618530277,7619826.0,-0.002604226167828627,19.07999992370606,0.14670651159656511,18.219648170471192,0.19314645039431633,16.744049406051637,0.17846151498647855,16.80660802523295,0.030689334961329674,55.695493947121605,10522874.05,0.7241202321527358,0.05106308526675707,1434.TW,2026-07-24,-0.013579064467496571,0.1206611233966084,bull,0.058333333333333334,0.15106580166821132,2026-03-31,2026-05-15,6979321000.0,780112000.0,198663000.0,386155000.0,49552000.0,336603000.0,0.2,15272141000.0,6346633000.0,61146600000.0,15727850000.0,45418750000.0,3214804000.0,2317516000.0,8200000000.0,,0.1283215289197343,173170260.1002188,54799967000.0,0.0031600431456504,0.0074111022430163,0.0055048522730617,0.3462853997523049,0.1117747700671741,0.0284645168204758,0.0482286170818049,-0.0921530851652357,,,20.54681103606591,20.54681103606591,False,77.83471644954848,77.83471644954848,63.51274009617784,851.0,True,True,True,True,True,True,True,True,True,True,True,True,False,True,False,False,False,13,False,0.14368986582236687,0.13943275108094544,1.0,201513034.04334217,0.28055555555555556,0.0,3.0,,,,,,0.021749922872257424,-0.04919740088232388,0.22451375171105203,-1.655091480268854,0.374537037037037,-1.655091480268854,0.3850731533449026,-851.0,0.25,0.5277777777777778,0.3148148148148148,0.2597222222222222,0.3462962962962963,福懋
29.100000381469727,29.950000762939453,29.100000381469727,29.950000762939453,233889.0,0.013536431005292116,29.720000076293946,0.10925928751627612,28.710000038146973,0.0930657364930998,27.45416666666667,0.01182433705942909,27.71833330790202,0.021526419450734573,65.82278175396857,371752.75,0.6291520372075257,0.0431905511370565,1442.TW,2026-07-24,-0.013579064467496571,0.1206611233966084,bull,0.08055555555555556,0.2567191844300278,2026-03-31,2026-05-15,302076000.0,150633000.0,104031000.0,105298000.0,19596000.0,85702000.0,0.23,13238665000.0,2535144000.0,14537328000.0,6447947000.0,8089381000.0,457751000.0,970000000.0,3173770000.0,,0.186100400767346,84670789.20777223,12002184000.0,0.0070546151606884,0.01059438293239,0.0058953062075781,0.7970878117868351,0.4986592777976403,0.3443868430461208,0.2837100597200704,-0.7804954613231485,,,47.44569679476102,47.44569679476102,False,74.40591992403893,74.40591992403893,67.66586414171945,398.0,True,False,True,True,True,True,True,True,True,False,True,True,False,True,False,False,False,11,False,0.0909091186986597,0.08051232483019533,1.0,11133995.14612484,0.6685185185185185,0.0,3.0,,,,,,0.10716537994199282,0.07494912011738489,0.2575834352227242,-1.7963621054336945,0.7277777777777777,-1.7963621054336945,0.35624464027546726,-398.0,0.6296296296296297,0.7314814814814815,0.26851851851851855,0.575462962962963,0.5879629629629629,名軒
10.350000381469728,10.649999618530272,10.0,10.0,957070.0,0.14942531255580227,10.073999977111816,0.4285714285714286,8.905999946594239,0.34770888102129005,7.78583333492279,0.2936610576100096,7.541333353519439,0.09155533545628632,56.77799047562482,1285381.3,0.7445806158841738,0.12283854255176818,1467.TW,2026-07-24,-0.013579064467496571,0.1206611233966084,bull,0.006481481481481481,0.08804448563484708,2026-03-31,2026-05-15,1182469000.0,233654000.0,6454000.0,43184000.0,15488000.0,25429000.0,0.11,4780307000.0,3706895000.0,8859724000.0,5854515000.0,3005209000.0,1788594000.0,1910806000.0,1915954000.0,,0.3586513523527232,4139264.171915524,5152829000.0,0.0008032993471965,0.00846164110383,0.0028701797031149,1.948122410121892,0.197598414842165,0.0054580712052493,0.0215050035138341,-0.0488497818933252,,,14.540544369959688,14.540544369959688,False,87.91332172093416,87.91332172093416,69.57012738319054,970.0,True,True,True,True,True,True,True,True,True,True,False,False,False,True,False,False,False,11,False,0.2843840305630132,0.32602545613941514,1.0,12853813.0,0.6481481481481481,0.0,3.0,,,,,,0.09635890685410488,0.01884206976420849,0.3190316336282594,-1.1151263327488297,0.8203703703703703,-1.1151263327488297,0.8344382946343847,-970.0,0.1111111111111111,0.7870370370370371,0.9166666666666666,0.23194444444444443,0.475,南緯
13.199999809265137,13.75,12.899999618530272,13.100000381469728,32026.0,-0.0367647048511307,13.730000114440918,0.10548522867177867,12.722500038146972,0.06938778624242681,12.275000031789144,0.10084040347958134,12.398333326975505,0.03708987310911374,55.79710235066879,56107.25,0.5707996738389424,0.029671868122685296,1468.TW,2026-07-24,-0.013579064467496571,0.1206611233966084,bull,0.08657407407407407,0.3035217794253939,2026-03-31,2026-05-15,127625000.0,33061000.0,6858000.0,37576000.0,10255000.0,27394000.0,0.17,2026221000.0,1309595000.0,3251907000.0,1720312000.0,1531595000.0,422483000.0,1024218000.0,318861000.0,,0.2729135618479881,4986358.792846498,1942312000.0,0.002567228536325,0.0178859293742797,0.0084239801445736,1.1232159937842576,0.2590479921645445,0.0537355533790401,0.2146444662095984,-0.4821632894854295,,,27.22145617109853,27.22145617109853,False,71.50639158088758,71.50639158088758,60.43515772844032,730.0,True,False,True,True,True,True,True,True,True,False,True,True,False,True,False,False,False,11,False,0.06720980428057377,0.05659365948547146,1.0,735004.9964032174,0.9546296296296296,0.0,3.0,,,,,,0.11394857514600491,0.052697696245641495,0.2991256284032779,-0.8865120423676671,0.9027777777777778,-0.8865120423676671,0.910294340451685,-730.0,0.3611111111111111,0.3425925925925926,0.9722222222222222,0.4527777777777777,0.47777777777777775,昶和
30.5,31.350000381469727,30.350000381469727,31.100000381469727,182882.0,0.0506756750225934,30.43000030517578,0.08741258624666948,29.425,0.17358492005546133,29.506666660308838,0.059625212172224495,28.556666612625126,0.010560662045150139,63.63637064223716,71738.1,2.549300859654772,0.05692439699132468,1530.TW,2026-07-24,-0.013579064467496571,0.1206611233966084,bull,0.11203703703703703,0.16682113067655235,2026-03-31,2026-05-15,444813000.0,56873000.0,-15685000.0,15937000.0,1721000.0,17365000.0,0.18,3230571000.0,2106646000.0,5723115000.0,2400295000.0,3322820000.0,1020053000.0,1415644000.0,,,0.1079877015749513,-13991212.900796888,3616469000.0,-0.0038687495733537,0.0052259827495922,0.0030341868021173,0.7223668450292222,0.1278582235681061,-0.0352620089790541,0.0390388770112384,-0.1947030825966446,,,15.566101487073531,15.566101487073531,False,69.28275965765529,69.28275965765529,55.85359511500985,949.0,True,False,True,True,True,False,True,True,True,True,True,True,True,True,False,False,False,12,False,0.05399910940479691,0.08906269780521847,1.0,2231054.9373659138,0.8629629629629629,1.0,3.0,,,,,,0.06880673155756471,0.012292350144414661,0.24002863410226355,-1.3668393255062417,0.6634259259259259,-1.3668393255062417,0.657335186329074,-949.0,0.1388888888888889,0.14814814814814814,0.7037037037037037,0.2236111111111111,0.25462962962962965,亞崴
27.200000762939453,28.299999237060547,26.149999618530277,26.25,5140289.0,0.0076775726985403026,27.13000030517578,0.2470309240574391,25.337500095367435,0.3888889169216436,21.536666679382325,0.5532544729301514,19.637083307902017,0.061256552736198885,56.42201682351548,6040617.25,0.8509542629935707,0.036013809618076875,1709.TW,2026-07-24,-0.013579064467496571,0.1206611233966084,bull,0.020370370370370372,0.07136237256719184,2026-03-31,2026-05-15,2424471000.0,492933000.0,320616000.0,344786000.0,79982000.0,264726000.0,0.55,5694389000.0,2189161000.0,12130526000.0,3134319000.0,8996207000.0,600735000.0,285000000.0,20699000.0,,0.2319757762786192,246240854.51265424,9941365000.0,0.0247693203612033,0.0294264015934715,0.021823126218929,0.34840449980753,0.2033156923716555,0.1322416312671919,0.1091891798252072,-0.0753599255550004,,,52.52750676874495,52.52750676874495,False,80.5193324023438,80.5193324023438,73.52137599394409,330.0,True,True,True,True,True,True,True,True,True,True,True,True,True,True,False,False,False,14,False,0.21885157024461388,0.3367565635084375,1.0,158566202.8125,0.3074074074074074,0.0,3.0,,,,,,0.07910902131780505,-0.02888000461960906,0.2557821492980537,-0.9813837110636966,0.6935185185185184,-0.9813837110636966,0.7100504824246692,-330.0,0.7314814814814815,0.8703703703703703,0.7777777777777778,0.7384259259259259,0.7824074074074073,和益
89.0,90.3000030517578,87.69999694824219,88.0999984741211,773490.0,-0.0011337695870871078,87.85999908447266,0.053827752178643884,84.64119186401368,0.12948715992462945,83.46873079935709,0.24787535946498274,79.67436517079672,0.004986864754662964,58.63912877586883,877159.45,0.8818123090391377,0.04086434198214506,1723.TW,2026-07-24,-0.013579064467496571,0.1206611233966084,bull,0.19166666666666668,0.21501390176088972,2026-03-31,2026-05-15,1277807000.0,319750000.0,181223000.0,217086000.0,38207000.0,178879000.0,0.77,3402849000.0,1696462000.0,11518279000.0,3468337000.0,8049942000.0,782501000.0,937470000.0,1000000000.0,,0.1759993735201717,149327865.5325539,9821817000.0,0.0152036904711779,0.0222211538915435,0.0155300110372391,0.4308524210484994,0.2502334077055455,0.1418234522114842,0.139989059380642,-0.2447011744956525,,,46.187073211591255,46.187073211591255,False,74.65682403878854,74.65682403878854,67.53938633198922,413.0,True,False,True,True,True,True,True,True,True,True,True,True,True,True,False,False,False,13,False,0.05548506165616307,0.10575086836603553,1.0,77277746.2065609,0.38981481481481484,1.0,3.0,,,,,,0.06353540177457585,0.012159003958213717,0.23866242888699396,-1.4509856843772768,0.6361111111111112,-1.4509856843772768,0.6280822855605276,-413.0,0.6111111111111112,0.7222222222222222,0.6574074074074074,0.6180555555555556,0.6537037037037038,中碳
27.549999237060547,28.200000762939453,27.200000762939453,28.0,796757.0,0.06261858044186641,27.120000076293945,0.07692307692307687,26.64000015258789,0.0748560775451097,26.471666685740153,0.02941173583166079,26.661666742960616,0.00889983098384662,67.07318037625042,416830.0,1.9114675047381426,0.05105104503086855,1732.TW,2026-07-24,-0.013579064467496571,0.1206611233966084,bull,0.13055555555555556,0.29101019462465244,2026-03-31,2026-05-15,170503000.0,71320000.0,13861000.0,17348000.0,2287000.0,15061000.0,0.35,446287000.0,155539000.0,676813000.0,183070000.0,493743000.0,173412000.0,,,,0.1318307585888863,12033693.855199449,521274000.0,0.0230851603095482,0.030503723597094,0.0222528231579476,0.3707799401713036,0.4182917602622827,0.081294757276998,0.0883327566083881,0.0695006366709947,,,62.10935117561258,62.10935117561258,False,73.71879148497109,73.71879148497109,70.81643140763147,241.0,True,False,True,True,True,True,True,True,True,False,True,True,True,True,True,False,False,12,False,0.05773468412108462,0.0501969089157841,1.0,11671240.0,0.6611111111111111,0.0,3.0,,,,,,0.07402070093889557,0.025470992007720475,0.20570598293419803,-0.8638631416604939,0.7277777777777779,-0.8638631416604939,0.7637860835628596,-241.0,0.8333333333333334,0.8148148148148148,0.8796296296296297,0.8402777777777778,0.837037037037037,毛寶
31.649999618530277,32.349998474121094,31.649999618530277,32.04999923706055,257957.0,0.028892443966351822,31.779999923706054,0.1089965280314582,30.64499979019165,0.11672468240652356,29.58619556427002,0.09013604261613728,29.571847740809122,0.020734447362590277,70.93022740035435,219417.45,1.1756448723654385,0.04584759198851707,1733.TW,2026-07-24,-0.013579064467496571,0.1206611233966084,bull,0.0824074074074074,0.22706209453197404,2026-03-31,2026-05-15,519723000.0,175664000.0,87211000.0,86914000.0,5544000.0,81275000.0,0.81,1759309000.0,560904000.0,2489266000.0,666458000.0,1822808000.0,593961000.0,,,,0.0637871919368571,81648055.20399475,1928362000.0,0.0423406265026974,0.0445878007996453,0.0326501868422257,0.3656216123694871,0.3379954321821432,0.1678028488252396,0.1563813800813125,-0.0698519739491331,,,72.99324516078546,72.99324516078546,False,72.13556534990018,72.13556534990018,72.3499853026215,137.0,True,False,True,True,True,True,True,True,True,False,True,True,True,True,True,False,False,12,False,0.08327544741054704,0.083801036647148,1.0,7032329.105097771,0.7175925925925926,1.0,3.0,,,,,,0.07136190486155777,0.02409475229381037,0.19239297407555006,-1.1407383188094418,0.6407407407407406,-1.1407383188094418,0.6525452971681336,-137.0,0.9259259259259259,0.8518518518518519,0.6851851851851852,0.8898148148148147,0.8555555555555556,五鼎
129.5,136.5,129.5,136.5,695471.0,0.08333333333333326,136.2,0.1518987341772151,131.275,0.0622568093385214,122.76666666666667,-0.07770270270270274,126.78333333333333,0.03795216445937941,55.208333333333336,719072.6,0.9671777230838722,0.03980194248714519,1736.TW,2026-07-24,-0.013579064467496571,0.1206611233966084,bull,0.05555555555555555,0.32344763670064874,2026-03-31,2026-05-15,11791948000.0,6052382000.0,-92539000.0,40175000.0,16051000.0,23921000.0,0.08,30613897000.0,23508674000.0,46411739000.0,32321282000.0,14090457000.0,3157649000.0,7600383000.0,1539220000.0,3000000000.0,0.3995270690728065,-55567164.55507156,22903065000.0,-0.0024261890081118,0.0016976738227865,0.0005154083970005,2.2938419953305984,0.5132639662250885,-0.0078476431544643,0.0020285876430255,0.111450973975419,,,26.12240913361154,26.12240913361154,False,72.12878577122737,72.12878577122737,60.62719161182341,750.0,True,False,True,True,True,True,True,True,True,False,True,True,True,True,False,False,False,12,False,0.11186532717893027,0.07663993690022353,1.0,98153409.89999999,0.362962962962963,2.0,3.0,,,,,,-0.02716450402668246,-0.1153522834144403,0.18219043010200417,-1.879078520441738,0.1435185185185185,-1.879078520441738,0.21849235096862957,-750.0,0.3333333333333333,0.35185185185185186,0.12037037037037036,0.3013888888888889,0.2962962962962963,喬山
32.04999923706055,32.29999923706055,31.899999618530277,32.25,1068433.0,0.0015527713004930277,32.029999542236325,0.053921555488916084,30.952499866485596,0.09322033898305082,30.257500012715656,0.006240273563195231,30.503333361943568,0.0108589120106531,57.575762246341746,945580.95,1.1299222980327597,0.04191907403638484,1808.TW,2026-07-24,-0.013579064467496571,0.1206611233966084,bull,0.19074074074074074,0.2557924003707136,2026-03-31,2026-05-15,5392216000.0,1474911000.0,1229561000.0,1153602000.0,211319000.0,942283000.0,1.06,46784978000.0,26633648000.0,51660398000.0,37973630000.0,13686768000.0,5845055000.0,11570200000.0,207356000.0,10980553000.0,0.1831818946222353,1004327686.4663897,25026750000.0,0.0401301681787043,0.068846275468394,0.0182399485191732,2.774477509957062,0.2735259492572256,0.2280251755493474,0.1747487489373571,173.44891620834682,,,72.1127428848662,72.1127428848662,False,73.6542011399725,73.6542011399725,73.26883657619592,149.0,True,False,True,True,True,True,True,True,True,False,True,True,True,True,True,False,False,12,False,0.06585144134336929,0.05726150048360279,1.0,30494985.6375,0.524074074074074,1.0,3.0,,,,,,0.12413099192265004,0.03123075591414943,0.20617688781090057,-0.6329902755504618,0.8055555555555556,-0.6329902755504618,0.8162765112558207,-149.0,0.9166666666666666,0.8611111111111112,0.9074074074074074,0.9152777777777776,0.8981481481481481,潤隆
28.799999237060547,29.799999237060547,28.049999237060547,28.600000381469727,29407246.0,0.0534070270096727,30.560000228881837,0.4742268527753932,26.070000171661377,0.6579710366069407,21.701360670725503,0.40886706681527074,19.940680344899498,0.11077972249320872,59.760953783582536,24215830.65,1.2143810561377544,0.09704642091097915,1810.TW,2026-07-24,-0.013579064467496571,0.1206611233966084,bull,0.005555555555555556,0.029657089898053754,2026-03-31,2026-05-15,1034852000.0,179603000.0,-198009000.0,1214854000.0,120841000.0,1098423000.0,3.64,4420438000.0,1355686000.0,10192500000.0,2087067000.0,8105433000.0,789858000.0,199591000.0,341555000.0,,0.0994695658902222,-178313130.727643,8836814000.0,-0.020178441090606,0.1355168810845762,0.107767770419426,0.2574898836373084,0.1735542860235086,-0.1913404042317162,1.0614300402376378,-0.0814045247519216,,,46.52348272920723,46.52348272920723,False,92.58889861136991,92.58889861136991,81.07254464082924,407.0,True,True,True,True,True,True,True,True,True,True,True,False,True,True,False,False,False,13,False,0.31788973122087616,0.4342539916791326,1.0,692572765.8276062,0.1648148148148148,0.0,3.0,,,,,,0.012886194094170732,-0.1415658958911084,0.1732202947822511,-1.9123502118999087,0.16342592592592592,-1.9123502118999087,0.1819414391622779,-407.0,0.6203703703703703,0.9814814814814815,0.10185185185185185,0.5425925925925925,0.625,和成
27.799999237060547,28.149999618530277,27.649999618530277,28.100000381469727,1106305.0,-0.001776171855705333,28.029999923706054,0.04074075486924911,27.405000305175783,0.1732776403478049,25.938333479563394,0.1307847062418348,25.57833340962728,0.007444167238205193,53.97229029895256,1551583.75,0.7130166193091414,0.025360338206698918,1907.TW,2026-07-24,-0.013579064467496571,0.1206611233966084,bull,0.22314814814814815,0.16774791473586653,2026-03-31,2026-05-15,17964361000.0,2424583000.0,-77218000.0,452137000.0,195557000.0,208827000.0,0.13,69038373000.0,57579369000.0,178076390000.0,82625870000.0,95450520000.0,10428232000.0,15812770000.0,19190444000.0,964996000.0,0.4,-46330800.0,120497021000.0,-0.0003844974723482,0.0021878036913785,0.0011726821281585,0.8656408576925511,0.1349662812943917,-0.0042983994810614,0.0116245158956669,-0.0057560278150267,,,17.0350561108219,17.0350561108219,False,68.41665286988665,68.41665286988665,55.571253680120456,915.0,True,False,True,True,True,True,True,True,True,True,True,True,False,True,False,False,False,12,False,0.08333869651300052,0.09858605451179758,1.0,43599503.96688223,0.46944444444444444,0.0,3.0,,,,,,0.023567786992784705,-0.062387847722556206,0.1962177395819053,-1.8146821567177531,0.2791666666666666,-1.8146821567177531,0.2801658019169604,-915.0,0.16666666666666666,0.12037037037037036,0.19444444444444445,0.17083333333333334,0.15833333333333333,永豐餘
71.0,72.0999984741211,70.9000015258789,71.80000305175781,2029232.0,0.02279211072751597,71.11999969482422,0.0286532938761761,70.03999977111816,0.07004477920292951,68.09999974568684,0.09278203033765808,69.09950167338053,0.004805965824241771,67.77778813867515,2687233.3,0.7551380075559498,0.0251285449227745,2006.TW,2026-07-24,-0.013579064467496571,0.1206611233966084,bull,0.2657407407407407,0.30213160333642264,2026-03-31,2026-05-15,13602390000.0,2004381000.0,1390762000.0,1521134000.0,302993000.0,1211982000.0,1.66,28387625000.0,18568929000.0,51955456000.0,19405487000.0,32549969000.0,1294546000.0,5329132000.0,260000000.0,,0.1991888946010016,1113737654.5669217,33386527000.0,0.0333588951784928,0.0372345055075167,0.0233273287024946,0.596175283607797,0.1473550603974742,0.1022439438951537,0.089100665397772,-0.0619062729029651,,,52.210458028038886,52.210458028038886,False,64.03765739495937,64.03765739495937,61.08085755322925,336.0,True,False,True,True,True,True,True,True,True,False,True,True,False,True,False,False,False,11,False,0.05433191365474732,0.03908134375761518,1.0,192943359.14078522,0.2898148148148148,1.0,3.0,,,,,,0.04302507768995281,0.007042036059837209,0.18365570393865815,-1.3338924947801254,0.47129629629629627,-1.3338924947801254,0.5656890391942807,-336.0,0.7222222222222222,0.37037037037037035,0.5740740740740741,0.7,0.587037037037037,東和鋼鐵
30.049999237060547,31.0,30.0,31.0,90050.0,-0.001610281426379867,30.85999984741211,0.03161400289713878,29.937545680999754,0.1071428571428572,29.26001516977946,0.05982905982905984,28.850424257914224,0.00016704289471258882,61.862628578640724,39479.3,2.2809421646280454,0.035489025397113405,2008.TW,2026-07-24,-0.013579064467496571,0.1206611233966084,bull,0.25092592592592594,0.2391102873030584,2026-03-31,2026-05-15,349981000.0,60260000.0,34264000.0,25821000.0,1897000.0,,0.13,2434612000.0,1949854000.0,8362257000.0,4596942000.0,3765315000.0,312935000.0,1633298000.0,2437214000.0,,0.073467332791139,31746715.309244413,6412403000.0,0.0049508297137975,,,1.2208651865780151,0.1721807755278143,0.0979024575619819,,-0.2357091693673075,,,28.43463561506169,28.43463561506169,False,73.49340762424886,73.49340762424886,62.22871462195207,709.0,True,False,True,True,True,True,True,True,True,False,True,True,True,True,False,False,False,12,False,0.05946629966267558,0.07450759555108122,1.0,1223858.3,0.924074074074074,1.0,3.0,,,,,,0.05779045062402421,0.009288355447095577,0.17281474377325765,-1.2488193221791528,0.5337962962962963,-1.2488193221791528,0.6154647724820294,-709.0,0.3888888888888889,0.4351851851851852,0.6296296296296297,0.425,0.4509259259259259,高興昌
44.0,44.400001525878906,43.5,43.54999923706055,9426327.0,0.07134065442372539,42.66000061035156,0.09147863587960692,40.544399642944335,0.13263974962093616,40.93563321431478,0.21818179684085437,39.14781659444173,0.014449460927716746,67.87342016263531,16086178.25,0.5859892171715803,0.07413106669688374,2027.TW,2026-07-24,-0.013579064467496571,0.1206611233966084,bull,0.10648148148148148,0.21316033364226136,2026-03-31,2026-05-15,31174326000.0,8517820000.0,5633209000.0,4716863000.0,1204326000.0,2914770000.0,1.17,89517343000.0,24455518000.0,159942793000.0,66551339000.0,93391454000.0,9252095000.0,11925609000.0,29968117000.0,,0.2553235063218923,4194918326.275959,135487275000.0,0.0309617144951506,0.0312102432841446,0.0182238283159154,0.7126063054977172,0.2732318896004359,0.1807002659816927,0.0934990543179666,0.1950875950100803,,,67.77515994414823,67.77515994414823,False,65.01700259186676,65.01700259186676,65.70654192993713,180.0,True,False,True,True,True,False,True,True,True,True,True,True,False,True,True,False,False,11,False,0.06386528844096517,0.11245027246918915,1.0,700553050.51472,0.16203703703703703,1.0,3.0,,,,,,0.03822172683544769,-0.05255158662511524,0.2704430450994241,-1.1616246818445906,0.5157407407407407,-1.1616246818445906,0.5559966601955301,-180.0,0.8888888888888888,0.6388888888888888,0.5555555555555556,0.8388888888888889,0.7472222222222222,大成鋼
8005.0,8150.0,7635.0,7735.0,576044.0,-0.019645120405576644,7957.0,0.10658082975679539,7977.5,0.859375,6398.25,1.1974431818181817,4890.583333333333,0.018837803320561942,49.29178470254958,540386.25,1.065985672285333,-0.03039799435913504,2059.TW,2026-07-24,-0.013579064467496571,0.1206611233966084,bull,0.08425925925925926,0.015755329008341055,2026-03-31,2026-05-15,5449725000.0,4236615000.0,3654349000.0,4351760000.0,865950000.0,3485810000.0,36.58,34276607000.0,6265438000.0,39510069000.0,7981426000.0,31528643000.0,27231577000.0,,257007000.0,,0.1989884552456937,2927175737.561354,33244631000.0,0.088049578217949,0.1105601024439903,0.088225864652375,0.2531484149190943,0.7773997770529706,0.6705565877177289,0.6396304400680768,0.3782121233655666,,,100.0,100.0,True,72.62821959939147,72.62821959939147,79.4711646995436,1.0,True,False,True,True,False,True,True,False,True,True,True,True,True,True,True,True,True,12,False,0.20892431524244914,0.5816109189428664,1.0,4179887643.75,0.03796296296296296,3.0,0.0,,,,,,-0.06804580705969483,-0.1771526785994505,0.16096148042431077,-1.7069079799849243,0.1111111111111111,-1.7069079799849243,0.13506622462821521,-1.0,1.0,0.9444444444444444,0.046296296296296294,0.8569444444444444,0.7925925925925926,川湖
23.850000381469727,24.0,23.0,23.299999237060547,5033683.0,-0.008510670763380968,23.599999618530273,0.15061724627459494,23.277499771118165,0.1887754481417705,21.523280048370363,0.5533332824707031,20.103723406791687,0.027235224782837086,45.05493791476964,8347547.3,0.6030134144912243,0.0009665757131829267,2103.TW,2026-07-24,-0.013579064467496571,0.1206611233966084,bull,0.05740740740740741,0.1566265060240964,2026-03-31,2026-05-15,10330865000.0,1265731000.0,651038000.0,844918000.0,343164000.0,435719000.0,0.53,20606457000.0,11013075000.0,44846222000.0,22698723000.0,22147499000.0,6501177000.0,5243271000.0,6369581000.0,,0.4,390622800.0,33833147000.0,0.0115455650637524,0.0196735080561466,0.0097158462980449,1.0248887696078008,0.1225193630930227,0.0630187307645584,0.0421764295632553,-0.0044362000632366,,,30.459795491848286,30.459795491848286,False,69.44266310327396,69.44266310327396,59.69694620041754,674.0,True,False,True,True,True,True,True,False,True,True,True,True,False,True,False,False,False,11,False,0.08254871862919,0.15898924620048516,1.0,194497845.72132683,0.287962962962963,0.0,3.0,,,,,,0.0439952876624189,-0.016809774841617237,0.23704171794089424,-1.685399993435671,0.47175925925925927,-1.685399993435671,0.4938431164851208,-674.0,0.4166666666666667,0.3055555555555556,0.4722222222222222,0.42500000000000004,0.3944444444444445,台橡
14.300000190734863,15.0,14.25,15.0,10974.0,-0.08814593894768619,15.439999771118163,0.07913672026316476,14.622499990463258,0.16279073205964845,13.914166673024495,-0.13294793864114307,14.461249963442485,0.02704126703679729,58.97435521233066,8491.4,1.2923663942341663,0.025816379537216383,2321.TW,2026-07-24,-0.013579064467496571,0.1206611233966084,bull,0.12962962962962962,0.18164967562557924,2026-03-31,2026-05-15,167589000.0,54806000.0,3123000.0,2338000.0,316000.0,-3670000.0,-0.12,594557000.0,366319000.0,1167997000.0,735200000.0,432797000.0,91273000.0,191000000.0,200000000.0,,0.1351582549187339,2700900.7698887936,801678000.0,0.0033690593603526,-0.0084797260609477,-0.0031421313582141,1.698717874661793,0.3270262368055183,0.0186348746039417,-0.0218988119745329,-0.0149414274882296,,,20.392509269700085,20.392509269700085,False,78.90690436978068,78.90690436978068,64.27830559476052,853.0,True,True,True,True,True,True,True,True,True,True,True,True,True,True,False,False,False,14,False,0.07803797040038485,0.03725473509685928,1.0,127371.0,0.9990740740740741,0.0,3.0,,,,,,0.06116011357255178,-0.01403694134727222,0.16992491733004678,-1.570181752551747,0.4634259259259259,-1.570181752551747,0.5808387131184085,-853.0,0.24074074074074073,0.5648148148148148,0.5833333333333334,0.29212962962962963,0.4064814814814815,東訊
36.45000076293945,37.29999923706055,36.09999847412109,37.20000076293945,43777501.0,0.03333335452609587,36.11000061035156,0.06896556260044417,35.72000007629394,0.25252524603833426,34.9083332379659,0.2083402335715936,32.49005153973897,-0.004251160966390443,59.259252282223336,45366249.6,0.9649795031767404,0.04143338979519573,2324.TW,2026-07-24,-0.013579064467496571,0.1206611233966084,bull,0.15,0.11770157553290084,2026-03-31,2026-05-15,201303536000.0,10597495000.0,2644084000.0,3090596000.0,699988000.0,1967195000.0,0.45,372539532000.0,285043722000.0,452433934000.0,306525209000.0,145908725000.0,84569615000.0,55846516000.0,11898445000.0,,0.2264896479513983,2045226345.6860747,167390212000.0,0.0122183150451238,0.013482367144254,0.0043480270867569,2.100801093286231,0.0526443559342146,0.0131348115017711,0.009772282390509,0.0110778585236814,,,17.5664711440274,17.5664711440274,False,69.0760789637475,69.0760789637475,56.19867700881748,900.0,True,False,True,True,True,True,False,True,True,True,True,True,True,True,False,False,False,12,False,0.06564815081119835,0.14496588955667522,1.0,1687624519.7317016,0.08611111111111111,1.0,3.0,,,,,,0.02775053539899583,-0.03482229327143678,0.2465695492125029,-1.5433089179274198,0.437962962962963,-1.5433089179274198,0.34331682263906693,-900.0,0.2037037037037037,0.1574074074074074,0.25925925925925924,0.21203703703703702,0.20092592592592592,仁寶
22.399999618530277,23.399999618530277,21.899999618530277,22.100000381469727,45199549.0,0.07804879909608431,22.269999694824225,0.2886297885156257,21.43249979019165,0.5899281286315956,17.60833330154419,0.33939396251331666,16.485416634877524,0.04984079501542479,57.602340127100796,36410635.9,1.241383125637748,0.03114431810625984,2332.TW,2026-07-24,-0.013579064467496571,0.1206611233966084,bull,0.018518518518518517,0.03429101019462465,2026-03-31,2026-05-15,3440889000.0,869521000.0,31548000.0,25642000.0,45353000.0,-29102000.0,-0.05,10255657000.0,3980490000.0,15469266000.0,4795742000.0,10673524000.0,3116133000.0,151000000.0,381849000.0,,0.4,18928800.0,11488776000.0,0.001647590657177,-0.0027265596629566,-0.001881278659246,0.4493119610730252,0.2527024266112623,0.0091685607992585,-0.0084576979960702,0.0312619414904058,,,25.00480773275497,25.00480773275497,False,84.41887744219372,84.41887744219372,69.56536001483403,768.0,True,True,True,True,True,True,True,True,True,True,True,True,True,True,False,False,False,14,False,0.25508757717186303,0.3405788201138731,1.0,804675067.2795553,0.14537037037037037,0.0,3.0,,,,,,0.03166571668634227,-0.07774471816423131,0.30347167416116083,-1.4556647747940021,0.47268518518518515,-1.4556647747940021,0.5279501919451797,-768.0,0.3148148148148148,0.7777777777777778,0.5370370370370371,0.34814814814814815,0.4981481481481481,友訊
78.80000305175781,78.80000305175781,77.0,78.19999694824219,407937.0,0.0025640634390025063,78.51999969482422,0.1139601189142263,76.05000038146973,0.07417573722689541,72.86000035603841,0.012953368387701447,74.51166699727376,0.024863554594787247,56.64333388464145,614734.6,0.6635985675769673,0.02827082913856671,2348.TW,2026-07-24,-0.013579064467496571,0.1206611233966084,bull,0.07777777777777778,0.2928637627432808,2026-03-31,2026-05-15,1308225000.0,367809000.0,215863000.0,62792000.0,46667000.0,24394000.0,0.16,36707260000.0,15833225000.0,49675372000.0,39143789000.0,10531583000.0,4882942000.0,6246625000.0,20027265000.0,,0.4,129517800.0,33842147000.0,0.0038271153422978,0.0023162709727493,0.0004910682903391,3.7168001239699673,0.2811511781230293,0.165004490817711,0.0186466395306617,-0.2384964638086091,,,20.916507327259755,20.916507327259755,False,72.86023489812237,72.86023489812237,59.874303005406716,843.0,True,False,True,True,True,True,True,True,True,False,True,True,False,True,False,False,False,11,False,0.07329119635066284,0.04950003267412306,1.0,48072243.84397888,0.45740740740740743,1.0,3.0,,,,,,0.07003717163943135,-0.014420354682266222,0.23883036027220492,-1.0533318830495975,0.6731481481481482,-1.0533318830495975,0.6129846734675584,-843.0,0.26851851851851855,0.32407407407407407,0.6111111111111112,0.3199074074074074,0.35370370370370374,海悅
760.0,780.0,760.0,771.0,3093685.0,0.10142857142857142,744.2,0.17006100273682856,698.5410003662109,0.31122448979591844,718.1539998372396,0.5389221556886228,634.5144999186198,0.011261477701423904,74.33155080213903,4648731.9,0.6654900877376903,0.10372905755825701,2357.TW,2026-07-24,-0.013579064467496571,0.1206611233966084,bull,0.041666666666666664,0.09453197405004633,2026-03-31,2026-05-15,208369726000.0,30970538000.0,11895859000.0,13859608000.0,2702804000.0,9797017000.0,13.19,485857648000.0,327627459000.0,671441698000.0,354711686000.0,316730012000.0,57955263000.0,41417377000.0,275376000.0,,0.1950130191272365,9576011621.29809,343814239000.0,0.0278522833991703,0.0309317608967223,0.0145910166574134,1.1199181402487366,0.1486326185407567,0.0570901504184921,0.0470174683629425,0.4108280576281871,,,51.58078089609261,51.58078089609261,False,70.0307887786036,70.0307887786036,65.41828680797585,344.0,True,False,True,True,True,False,True,False,True,True,False,True,False,True,False,False,False,9,False,0.07358588850683456,0.2151022555022546,1.0,3584172294.9,0.04537037037037037,3.0,3.0,,,,,,0.06934813939244537,-0.010979995092794846,0.30675965585937287,-1.0314219883290145,0.7504629629629629,-1.0314219883290145,0.7571952525848238,-344.0,0.6944444444444444,0.6296296296296297,0.8611111111111112,0.7194444444444444,0.7083333333333334,華碩
140.0,152.0,139.0,145.0,11014950.0,0.028368794326241176,139.8,0.1462450592885376,139.15665588378906,0.26637554585152845,135.71888529459636,0.11111111111111116,127.7427759806315,0.009064102033286543,53.180989790585,5449316.75,2.021345153041434,0.041991122013529614,2359.TW,2026-07-24,-0.013579064467496571,0.1206611233966084,bull,0.05925925925925926,0.1102873030583874,2026-03-31,2026-05-15,890066000.0,190817000.0,-35808000.0,156778000.0,13846000.0,134073000.0,0.78,8393550000.0,3998667000.0,10520171000.0,4283921000.0,6236250000.0,2450934000.0,650000000.0,,,0.088315962698848,-32645582.00767965,6521504000.0,-0.005005836384932,0.0214989777510523,0.0127443745923901,0.6869386249749448,0.21438522536531,-0.0402307244631297,0.1506326497136167,-0.2680432463904461,,,26.81505765819656,26.81505765819656,False,76.76530108330583,76.76530108330583,64.27774022702852,740.0,True,True,True,True,True,True,True,True,True,True,True,True,True,True,False,False,False,14,False,0.06838484331239325,0.13509354158692344,1.0,790150928.75,0.14722222222222223,2.0,3.0,,,,,,-0.02009482256269638,-0.09607596860155343,0.19573198381408202,-1.549690200913831,0.24027777777777778,-1.549690200913831,0.27077732472131577,-740.0,0.3425925925925926,0.5555555555555556,0.17592592592592593,0.31759259259259265,0.3731481481481482,所羅門
70.80000305175781,71.9000015258789,70.0999984741211,71.19999694824219,155343.0,0.061102810243764294,70.5,0.1021671614553532,68.99499969482422,0.11076440940926946,68.65166664123535,0.09707234629033334,65.83666648864747,0.013216829488706184,48.73417324218627,182998.55,0.8488755785223435,0.03195879792986478,2364.TW,2026-07-24,-0.013579064467496571,0.1206611233966084,bull,0.09351851851851851,0.23540315106580167,2026-03-31,2026-05-15,338915000.0,130350000.0,30596000.0,44068000.0,-15000.0,43646000.0,0.83,1165011000.0,950493000.0,1755551000.0,1003694000.0,751857000.0,599063000.0,350000000.0,,,0.0,30596000.0,805058000.0,0.0380047151882224,0.0580509325576539,0.0248617100841843,1.3349533222407983,0.3846097103993626,0.0902763229718365,0.128781552896744,-0.1059821890200796,,,61.7822396932274,61.7822396932274,False,68.97259882862147,68.97259882862147,67.17500904477295,245.0,True,False,True,True,True,True,True,False,True,False,True,True,True,True,True,False,False,11,False,0.03711971510209766,0.08146418623001739,1.0,13029496.201532744,0.6407407407407407,1.0,3.0,,,,,,0.08700457751293447,0.02754877320827023,0.2750078107942514,0.25161082301909493,0.8634259259259259,0.25161082301909493,0.8495499394422754,-245.0,0.8240740740740741,0.7037037037037037,0.9259259259259259,0.8393518518518519,0.8083333333333333,倫飛
350.5,358.0,347.0,354.5,7604414.0,0.09076923076923071,345.8,0.10954616588419408,337.975,0.30091743119266057,335.35,0.4989429175475688,289.0833333333333,0.009935753772598373,61.25,5538580.5,1.3729897037697656,0.048894148975515916,2376.TW,2026-07-24,-0.013579064467496571,0.1206611233966084,bull,0.07962962962962963,0.09916589434661724,2026-03-31,2026-05-15,105057330000.0,12614630000.0,7413710000.0,7054503000.0,1410189000.0,5268403000.0,7.86,234087870000.0,170374747000.0,247826770000.0,180781022000.0,67045748000.0,63311111000.0,69227536000.0,,9540960000.0,0.199899128258929,5931715833.835495,77452023000.0,0.0765856798063944,0.0785792262322138,0.0212584096544533,2.6963831024750444,0.1200737730532462,0.0705682316502808,0.0501478859209538,0.5978925716183887,,,59.16561347732097,59.16561347732097,False,87.03694592070894,87.03694592070894,80.06911280986195,275.0,True,True,True,True,True,True,True,True,True,True,True,True,True,True,False,False,False,14,False,0.05710451766810798,0.2262899971173249,1.0,1963426787.25,0.07314814814814814,2.0,3.0,,,,,,0.1259131348766931,0.05833111912241995,0.3819003776644234,-0.01777654638090103,0.9736111111111112,-0.01777654638090103,0.9703532618802893,-275.0,0.8055555555555556,0.9629629629629629,1.0,0.8347222222222223,0.8916666666666666,技嘉
149.0,151.0,144.5,146.5,12669729.0,0.035335689045936425,148.2,0.11406844106463887,145.025,0.4650000000000001,131.08333320617675,0.46940826965173676,111.97166652679444,0.025455188262329814,53.92156862745099,17914479.45,0.7072340022695999,0.010170660230994555,2377.TW,2026-07-24,-0.013579064467496571,0.1206611233966084,bull,0.07685185185185185,0.05375347544022243,2026-03-31,2026-05-15,56256838000.0,8440506000.0,3876357000.0,4133431000.0,716617000.0,3416814000.0,4.04,106512512000.0,56814984000.0,119099762000.0,64185562000.0,54914200000.0,25875075000.0,0.0,6305082000.0,,0.1733709840565864,3204309172.355363,62284778000.0,0.0514461040923251,0.0622209555998266,0.0286886719387398,1.1688335985956273,0.1500352010541367,0.0689046369794192,0.0607359766647389,0.0507372103469625,,,60.05362798212559,60.05362798212559,False,74.33323883041176,74.33323883041176,70.76333611834022,263.0,True,False,True,True,True,True,True,True,True,True,True,True,False,True,True,False,False,12,False,0.11760966414833884,0.3083667015435825,1.0,2624471239.4249997,0.05555555555555555,2.0,3.0,,,,,,0.041246919672626045,-0.024225828849374808,0.25183320954435745,-0.6262751067868472,0.5888888888888889,-0.6262751067868472,0.6014257326756571,-263.0,0.8148148148148148,0.8055555555555556,0.6018518518518519,0.7828703703703703,0.7694444444444444,微星
585.0,616.0,578.0,581.0,4205280.0,0.13255360623781676,572.0,0.2755214050493964,526.8333908081055,0.5874316939890711,491.1444636027018,1.1127272727272728,410.75139846801756,0.046065253860103406,69.02947078820479,3462902.35,1.214380186030946,0.10281544438329693,2395.TW,2026-07-24,-0.013579064467496571,0.1206611233966084,bull,0.019444444444444445,0.03614457831325301,2026-03-31,2026-05-15,20385264000.0,7979823000.0,3728486000.0,4068287000.0,750007000.0,3334165000.0,3.85,49300373000.0,29811036000.0,83769137000.0,34044129000.0,49725008000.0,10001958000.0,,43915000.0,,0.184354496130681,3041122842.1397014,53958101000.0,0.0563608204473263,0.0670520756879516,0.0398018305954375,0.6846480346468723,0.3914505595806853,0.182901040673302,0.1635576071028562,0.1748587968840969,,,87.43653384699755,87.43653384699755,False,84.94587324858487,84.94587324858487,85.56853839818805,49.0,True,True,True,True,True,True,True,True,True,True,False,True,True,True,True,False,False,13,False,0.18295133724643686,0.4144808810559377,1.0,2011946265.3500001,0.07222222222222222,3.0,2.0,,,,,,-0.017087553103217915,-0.12439838874219704,0.2968414184710058,-1.4555571666507232,0.36342592592592593,-1.4555571666507232,0.40914454982823567,-49.0,0.9814814814814815,1.0,0.3333333333333333,0.8842592592592593,0.8574074074074074,研華
45.54999923706055,47.900001525878906,45.20000076293945,46.84999847412109,11221240.0,0.1357575387665717,44.17999954223633,0.19040333831990264,42.66709594726562,0.5695141666800316,37.762829844156904,0.5112902733587448,33.30599829355876,0.026922913160217603,66.88104219083024,4301163.65,2.608884691006816,0.09803579160919029,2425.TW,2026-07-24,-0.013579064467496571,0.1206611233966084,bull,0.03518518518518519,0.03707136237256719,2026-03-31,2026-05-15,742329000.0,57186000.0,84000.0,19626000.0,14929000.0,59718000.0,0.62,6477498000.0,3530704000.0,6656471000.0,3632354000.0,3024117000.0,955233000.0,0.0,,,0.4,50400.0,3125767000.0,1.6124042515005117e-05,0.0197472518424386,0.0089714204418527,1.2011287923053242,0.0770359234247887,0.0001131573736173,0.0804468099723976,-0.0094210083147737,,,20.556959597295062,20.556959597295062,False,84.6528183627514,84.6528183627514,68.62885367138732,848.0,True,True,True,True,True,True,True,True,True,True,False,True,True,True,False,False,False,13,False,0.24063791478196794,0.406653482090092,1.0,201509510.4394451,0.2814814814814815,1.0,3.0,,,,,,0.023012503691493973,-0.10778269009595892,0.20675947361227287,-1.4512768466376298,0.3337962962962963,-1.4512768466376298,0.326777000311173,-848.0,0.25925925925925924,0.75,0.24074074074074073,0.2564814814814815,0.4027777777777778,承啟
93.5999984741211,97.1999969482422,93.5999984741211,95.0,2598209.0,-0.2213114754098361,110.3,0.6379310344827587,97.83000030517579,0.6047297090487904,65.74333330790202,0.5497553210826995,60.12000001271565,0.15672480147263415,50.17064584250121,2491704.45,1.042743652843739,-0.028927734808829042,2466.TW,2026-07-24,-0.013579064467496571,0.1206611233966084,bull,0.001851851851851852,0.033364226135310475,2026-03-31,2026-05-15,158640000.0,11405000.0,-51413000.0,20961000.0,15743000.0,5218000.0,0.03,1081532000.0,970641000.0,4505403000.0,2468383000.0,2037020000.0,165962000.0,307514000.0,701925000.0,,0.4,-30847800.0,3534762000.0,-0.0087269807698509,0.0025615850605295,0.001158164985463,1.211761789280419,0.0718923348461926,-0.3240859808371155,0.0328920827029752,-0.2206720377284339,,,10.470510874095902,10.470510874095902,False,74.46653589809284,74.46653589809284,58.46752964209361,1033.0,True,False,True,True,False,True,True,True,True,True,True,False,True,True,False,False,False,11,False,0.445013436648815,0.5801729870244023,1.0,236711922.75000003,0.2564814814814815,1.0,3.0,,,,,,0.0855068484078194,-0.049279547763755954,0.35810816631682874,-0.5824214552511043,0.7708333333333333,-0.5824214552511043,0.30991449739864424,-1033.0,0.06481481481481481,0.23148148148148148,0.23148148148148148,0.08981481481481482,0.14814814814814817,冠西電
35.099998474121094,35.20000076293945,34.150001525878906,34.95000076293945,1652413.0,-0.021008402912377044,35.44000015258789,0.024926754453183708,35.13999977111816,0.14967109215474217,32.89416662851969,0.062310004315593526,32.284999974568684,0.00933505678979235,46.59091007611204,1682132.3,0.9823323647016349,-0.005406915464321371,2520.TW,2026-07-24,-0.013579064467496571,0.1206611233966084,bull,0.2833333333333333,0.19462465245597776,2026-03-31,2026-05-15,4862541000.0,1141758000.0,658447000.0,599530000.0,162065000.0,308665000.0,0.52,53619294000.0,30715620000.0,65803063000.0,37306228000.0,28496835000.0,17736193000.0,16539209000.0,220000000.0,3700000000.0,0.2703200840658515,480455551.60709226,35087443000.0,0.0136930910470475,0.0108315537497409,0.0046907390921908,1.3091358391203796,0.2348068633251627,0.1354121230031787,0.063478127999332,0.0287244960456058,,,37.26396887406752,37.26396887406752,False,61.63438368860055,61.63438368860055,55.54177998496729,570.0,True,False,True,True,False,True,True,False,True,True,True,True,True,True,False,False,False,11,False,0.0624984410651499,0.08254609851231298,1.0,58790525.1683651,0.4287037037037037,1.0,3.0,,,,,,0.06709977946885122,0.006725572822909009,0.21186647102774256,-1.485799331490922,0.5958333333333333,-1.485799331490922,0.6278678711122928,-570.0,0.48148148148148145,0.1111111111111111,0.6481481481481481,0.5064814814814814,0.4037037037037037,冠德
48.54999923706055,48.54999923706055,45.650001525878906,46.150001525878906,1772893.0,-0.04054047838049979,48.960000610351564,0.14374233633435485,44.48249988555908,0.3357453703320332,38.787499872843426,0.5886403696356393,34.9924999554952,0.054087679777496414,56.94716756895569,1732779.15,1.0231500073162816,0.03748668902624264,2527.TW,2026-07-24,-0.013579064467496571,0.1206611233966084,bull,0.06018518518518518,0.09082483781278962,2026-03-31,2026-05-15,4588717000.0,1261812000.0,1127130000.0,1064163000.0,166487000.0,902888000.0,3.45,13282023000.0,8513905000.0,33780839000.0,11901818000.0,21879021000.0,1538877000.0,2676000000.0,3358749000.0,,0.1564487771140323,950791889.8514608,25266934000.0,0.0376298877359421,0.0412672943638565,0.0267278145459915,0.5439831151494393,0.2749814381667032,0.2456307503818605,0.1967626244983074,24.973085718167,,,82.24426248497689,82.24426248497689,False,79.73748383334248,79.73748383334248,80.36417849625109,75.0,True,True,True,True,True,True,True,True,True,True,True,True,True,True,True,False,False,14,False,0.18981635003988084,0.3188540854347144,1.0,79967760.41651115,0.37962962962962965,1.0,2.0,,,,,,0.06862952998756043,-0.012714681872003652,0.4012875342865408,-1.2956325375775672,0.7171296296296297,-1.2956325375775672,0.6615873105096729,-75.0,0.9537037037037037,0.9722222222222222,0.7129629629629629,0.9175925925925925,0.9111111111111111,宏璟
10.949999809265137,11.100000381469728,10.949999809265137,11.050000190734863,918653.0,0.009132455087817792,11.030000114440918,0.018433161496169692,11.034999990463257,0.05741630549483423,10.584500042597453,0.0375587405194473,10.489750027656555,0.0009070242844707498,45.714301284461676,1005752.9,0.913398310857468,0.0013593294322220562,2537.TW,2026-07-24,-0.013579064467496571,0.1206611233966084,bull,0.32685185185185184,0.3382761816496756,2026-03-31,2026-05-15,1212617000.0,259289000.0,167409000.0,150138000.0,30818000.0,,0.4,17831477000.0,12815624000.0,18460150000.0,13906467000.0,4553683000.0,679610000.0,8130480000.0,,1090843000.0,0.205264490002531,133045876.99316628,5644526000.0,0.0235707793698117,,,3.053894397128654,0.2138259648347334,0.1380559566623262,,2.980962167272918,,,51.40705905064119,51.40705905064119,False,56.850817355887735,56.850817355887735,55.4898777795761,351.0,True,False,True,True,True,True,True,False,True,False,True,True,True,True,False,False,False,11,False,0.04397941766394253,0.05340929589372401,1.0,11113569.736832142,0.6712962962962963,0.0,3.0,,,,,,0.15708143695669513,0.127930100278217,0.34539492770192387,0.2743667716981362,0.9824074074074075,0.2743667716981362,0.7399959781892556,-351.0,0.6851851851851852,0.10185185185185185,0.8148148148148148,0.7046296296296297,0.5361111111111112,聯上發
94.5,96.0,94.3000030517578,96.0,90580.0,-0.0010405668648165722,96.34000091552734,0.0389610218038019,94.60499954223633,0.12543958458887405,90.4116667429606,0.0786516853932584,87.72333335876465,0.009496880524828721,54.471534629667666,130757.1,0.6927348495798699,0.014745525759882083,2546.TW,2026-07-24,-0.013579064467496571,0.1206611233966084,bull,0.23148148148148148,0.2196478220574606,2026-03-31,2026-05-15,4271987000.0,331333000.0,227648000.0,236497000.0,50162000.0,186338000.0,1.43,15279304000.0,9683343000.0,16184746000.0,9989889000.0,6194857000.0,7854449000.0,0.0,,,0.2121041704545935,179362909.8043527,6501403000.0,0.0275883389791945,0.0300794675325031,0.0115131865523252,1.6126101054471476,0.0775594588653944,0.0532885516739634,0.0436185784273219,0.0858039345262302,,,37.32527210445105,37.32527210445105,False,66.53930340596217,66.53930340596217,59.23579558058439,569.0,True,False,True,True,True,True,True,True,True,True,True,True,False,True,False,False,False,12,False,0.06180986877420325,0.09434965959838792,1.0,12552681.600000001,0.6518518518518519,1.0,3.0,,,,,,0.09760414444171836,0.06984203441701627,0.3218402984600837,0.6474567160059614,0.9467592592592593,0.6474567160059614,0.9422823501414423,-569.0,0.49074074074074076,0.28703703703703703,0.9814814814814815,0.5643518518518519,0.5277777777777778,根基
84.0999984741211,87.9000015258789,84.0999984741211,87.0,22647132.0,0.09433962264150941,84.45999908447266,0.1769319252036463,80.16934776306152,0.1492734941519731,80.09298311869303,0.14473684210526305,78.39315827687581,0.026247130399098026,66.50943633881138,10264647.7,2.2063233597388834,0.08520279168450129,2615.TW,2026-07-24,-0.013579064467496571,0.1206611233966084,bull,0.03981481481481482,0.19555143651529194,2026-03-31,2026-05-15,33640864000.0,7656632000.0,5825197000.0,9789626000.0,2113020000.0,7671518000.0,2.73,141008376000.0,35567443000.0,420232464000.0,133190864000.0,287041600000.0,99479800000.0,1000000000.0,42718782000.0,0.0,0.2158427707044171,4567870339.620942,384665021000.0,0.0118749303686256,0.0267261539790748,0.0182554149362434,0.4640124079575922,0.2275991484642011,0.1731583647792161,0.2280416460171772,-0.0929984351119866,,,48.73816272918027,48.73816272918027,False,79.89540635103572,79.89540635103572,72.10609544557185,388.0,True,True,True,True,True,True,True,True,True,True,True,True,True,True,False,False,False,14,False,0.08623747814550975,0.10979072552129865,1.0,893024349.9,0.1361111111111111,1.0,3.0,,,,,,0.0454309149233603,-0.015645670524183065,0.2643733988615769,-1.012943498379855,0.6148148148148148,-1.012943498379855,0.6346527871517,-388.0,0.6574074074074074,0.8425925925925926,0.6666666666666666,0.6587962962962963,0.7148148148148148,萬海
53.400001525878906,56.5,53.0,53.900001525878906,16315768.0,0.009363295612598188,54.58000030517578,0.29101800061985394,54.400000190734865,0.14194916641188216,46.82500012715658,-0.018491348736804913,48.09877792994181,0.06001558666563063,46.64804781797714,14528262.15,1.123036453468731,-0.009191151895273642,2630.TW,2026-07-24,-0.013579064467496571,0.1206611233966084,bull,0.01574074074074074,0.20481927710843373,2026-03-31,2026-05-15,1096139000.0,99835000.0,28684000.0,22779000.0,4780000.0,17999000.0,0.09,4412587000.0,1553773000.0,5621038000.0,2241218000.0,3379820000.0,184907000.0,488000000.0,514600000.0,,0.2098423987005575,22664880.635673206,4067265000.0,0.005572511413855,0.0053254315318567,0.0032020776233855,0.6631175624737412,0.0910787774178274,0.0261682140677414,0.0164203627459656,-0.1292073375633449,,,17.319949572923083,17.319949572923083,False,70.43259962897302,70.43259962897302,57.15443711496054,906.0,True,False,True,True,False,True,True,False,True,True,True,True,True,True,False,False,False,11,False,0.15109453026181874,0.12061062350454854,1.0,783073352.0533688,0.14814814814814814,1.0,3.0,,,,,,-0.00958428582326185,-0.1058711869740194,0.1745988508623378,-1.9025414636530222,0.16620370370370371,-1.9025414636530222,0.26332952730799886,-906.0,0.18518518518518517,0.2037037037037037,0.14814814814814814,0.1796296296296296,0.1833333333333333,亞航
62.79999923706055,67.80000305175781,62.400001525878906,65.4000015258789,92874972.0,0.06862746259119046,65.64000091552734,0.3292683030838959,61.074827003479,0.3768421373869244,51.86660906473796,0.13937281859466832,51.51913798650106,0.0714914486340819,56.381593754915,61301180.4,1.5150600917303054,0.07081763034962885,2634.TW,2026-07-24,-0.013579064467496571,0.1206611233966084,bull,0.012037037037037037,0.07599629286376275,2026-03-31,2026-05-15,7587090000.0,591710000.0,272385000.0,343445000.0,82787000.0,260658000.0,0.28,37638357000.0,26369324000.0,51480606000.0,33336880000.0,18143726000.0,2181426000.0,5295860000.0,1125000000.0,3448642000.0,0.2410487851038739,206726926.6694813,25111282000.0,0.0082324322059495,0.0143662883797958,0.005063227111196,1.837377835181153,0.0779890577283253,0.0359011162382415,0.0343554643479911,0.0064028588028364,,,19.130159005497152,19.130159005497152,False,87.80105569964421,87.80105569964421,70.63333152610744,870.0,True,True,True,True,True,True,True,True,True,True,True,True,True,True,False,False,False,14,False,0.26092687964715555,0.26943120715674396,1.0,4009097291.698178,0.03981481481481482,1.0,3.0,,,,,,-0.014314753469037537,-0.10777673940320491,0.19733518797001362,-1.8446465923260114,0.1958333333333333,-1.8446465923260114,0.24145444794413612,-870.0,0.2222222222222222,0.7962962962962963,0.1388888888888889,0.20972222222222223,0.37777777777777777,漢翔
81.80000305175781,84.30000305175781,81.30000305175781,83.80000305175781,2947848.0,0.055415635281125475,81.78000030517578,0.16875880918447206,79.46000022888184,0.17039112901721998,76.50777091979981,0.1590594676983268,73.66638539632162,0.020222127297366464,62.61683409157917,2954774.05,0.997655979820183,0.054618711431849265,2637.TW,2026-07-24,-0.013579064467496571,0.1206611233966084,bull,0.04351851851851852,0.1742354031510658,2026-03-31,2026-05-15,4338022000.0,1244039000.0,1197473000.0,1201283000.0,6082000.0,1195201000.0,1.6,8930959000.0,8128467000.0,84286573000.0,33874386000.0,50412187000.0,5975075000.0,2132536000.0,18694305000.0,992902000.0,0.0050629202277897,1191410289.726068,76158106000.0,0.0156439065032167,0.0237085726909645,0.0141802063775923,0.6719483524886551,0.2867756318432686,0.276041246448266,0.2755175054437253,0.2360516073148353,,,62.80204855376821,62.80204855376821,False,82.09363632767837,82.09363632767837,77.27073938420082,238.0,True,True,True,True,True,True,True,True,True,True,True,True,True,True,True,False,False,14,False,0.095313613823649,0.13756094589028378,1.0,247610074.4072548,0.24537037037037038,1.0,3.0,,,,,,0.026441156013106593,-0.057611917765432494,0.19857375680887088,-1.778043946051677,0.3060185185185185,-1.778043946051677,0.3322811272463828,-238.0,0.8425925925925926,0.9259259259259259,0.25,0.7537037037037037,0.7490740740740741,慧洋-KY
45.150001525878906,45.95000076293945,45.150001525878906,45.59999847412109,89157.0,0.01227061299037735,45.80999984741211,0.03636360168457009,45.05656204223632,0.0679156360507287,43.659687169392896,0.058004642424781094,43.26317694981893,0.003396128429985521,54.90939464083721,100223.35,0.8895831161101679,0.012061205011055787,2704.TW,2026-07-24,-0.013579064467496571,0.1206611233966084,bull,0.23796296296296296,0.3086190917516219,2026-03-31,2026-05-15,378532000.0,113136000.0,11772000.0,102498000.0,43662000.0,58697000.0,0.16,22038050000.0,4179836000.0,34495152000.0,8091080000.0,26404072000.0,3958344000.0,340000000.0,400000000.0,,0.4,7063200.0,30315316000.0,0.0002329911388685,0.0022230283268429,0.0017016014308329,0.3064330380556453,0.2988809400526243,0.0310990880559635,0.1550648293935519,0.0078893625405718,,,28.393804821713665,28.393804821713665,False,64.38339494694989,64.38339494694989,55.38599741564084,711.0,True,False,True,True,True,True,True,True,True,False,True,True,True,True,False,False,False,12,False,0.04444171340944525,0.05401409903421195,1.0,4570184.607071304,0.7694444444444445,1.0,3.0,,,,,,0.05119044315924412,0.012541298795157571,0.1864196090510661,-1.4797188566713368,0.5138888888888888,-1.4797188566713368,0.5264817726162425,-711.0,0.37962962962962965,0.08333333333333333,0.5185185185185185,0.40046296296296297,0.31851851851851853,國賓
24.049999237060547,24.450000762939453,24.0,24.350000381469727,21097786.0,0.01882848410552085,24.279999923706054,0.04059832386437945,23.874999904632567,0.14051521997178917,22.179999955495198,0.2054455179102863,21.49666665395101,0.011759718721301875,65.45456310935492,30748926.65,0.6861308116587543,0.019895308009822976,2801.TW,2026-07-24,-0.013579064467496571,0.1206611233966084,bull,0.225,0.20667284522706209,2026-03-31,2026-05-15,,,,,992320000.0,5221136000.0,,,,3481563454000.0,3255586729000.0,225976725000.0,40993679000.0,,,,,,3481563454000.0,,0.0231047511640855,0.0014996526902307,14.406734715710211,,,,,,,11.293260418625334,11.293260418625334,False,69.79160663752545,69.79160663752545,55.16702008280042,1023.0,True,False,True,True,True,True,True,True,True,True,True,True,False,True,False,False,False,12,False,0.09783590758921079,0.13273377558721577,1.0,748736375.6572846,0.1537037037037037,0.0,3.0,,,,,,0.03740380792286863,-0.09879231399037919,0.18779350579449908,-1.2392074748061155,0.35138888888888886,-1.2392074748061155,0.4293549076822196,-1023.0,0.08333333333333333,0.06481481481481481,0.3888888888888889,0.12916666666666665,0.1388888888888889,彰銀
55.900001525878906,56.400001525878906,55.70000076293945,56.400001525878906,127839.0,0.0,56.55999984741211,0.010752729337312639,56.510000228881836,0.08880313429671371,54.29226468404134,0.14634147665223107,51.52654908498128,0.0013289625178670589,45.6140327394895,228111.5,0.5604233017625153,-0.0019465351717820045,2832.TW,2026-07-24,-0.013579064467496571,0.1206611233966084,bull,0.37407407407407406,0.267840593141798,2026-03-31,2026-05-15,,,514384000.0,513794000.0,96832000.0,,,,,25841065000.0,13610551000.0,12230514000.0,3713301000.0,,,,0.1884646375784847,417440805.8638287,25841065000.0,0.0161541641516643,,,1.112835568480605,,,,,,,55.14019466216183,55.14019466216183,False,57.081762949232825,57.081762949232825,56.59637087746508,306.0,True,False,True,True,False,True,True,False,True,False,True,True,False,True,False,False,False,9,False,0.03882204682570767,0.09458138624536994,1.0,12865488.948070526,0.6472222222222223,1.0,3.0,,,,,,0.05637644799481684,0.005693647150263902,0.12981971174007986,-1.580084828351637,0.43333333333333335,-1.580084828351637,0.4336092126427557,-306.0,0.7685185185185185,0.17592592592592593,0.39814814814814814,0.7129629629629629,0.5166666666666666,台產
17.799999237060547,18.100000381469727,17.75,18.0,33468446.0,-0.0027700409514637148,18.0,0.014084507042253502,17.92750005722046,0.09090909090909083,17.04916664759318,0.1428571428571428,16.302083341280618,0.0037793963566246326,50.0,32238259.7,1.0381592031160416,0.004044063173791024,2834.TW,2026-07-24,-0.013579064467496571,0.1206611233966084,bull,0.3527777777777778,0.26413345690454126,2026-03-31,2026-05-15,,,,,886677000.0,3437983000.0,,,,2555347612000.0,2406237987000.0,149109625000.0,29451426000.0,,,,,,2555347612000.0,,0.0230567476780925,0.0013454071703807,16.137375350518116,,,,,,,11.10187505518378,11.10187505518378,False,58.468328867836064,58.468328867836064,46.62671541467299,1024.0,True,False,True,True,True,True,True,True,True,False,True,True,True,True,False,False,False,12,False,0.055770077919969685,0.10415335409431181,1.0,580288674.6,0.1814814814814815,0.0,3.0,,,,,,0.05589156019199634,-0.06649166309288732,0.17105967728818364,-0.9759670078151852,0.4587962962962963,-0.9759670078151852,0.49144010664426513,-1024.0,0.07407407407407407,0.009259259259259259,0.46296296296296297,0.13240740740740742,0.13240740740740742,臺企銀
12.75,12.899999618530272,12.75,12.850000381469728,3463553.0,0.01984126924056806,12.740000152587893,0.04897962297712066,12.510000038146973,0.07531385661670043,12.165833409627279,0.06198346912026298,12.1787500222524,0.009277935399056015,65.00002384188076,4116259.25,0.8414321814156871,0.027178284755074777,2836.TW,2026-07-24,-0.013579064467496571,0.1206611233966084,bull,0.20555555555555555,0.29008341056533826,2026-03-31,2026-05-15,,,,,96508000.0,,,,,352880627000.0,325850614000.0,27030013000.0,2536364000.0,,,,,,352880627000.0,,,,12.05514085398331,,,,,,,0.0,0.0,False,69.40163419669972,69.40163419669972,52.05122564752479,1077.0,True,False,True,True,True,True,True,True,True,False,True,True,True,True,False,False,False,12,False,0.056236753275040074,0.05511652328776373,1.0,52893932.9327283,0.44166666666666665,0.0,3.0,,,,,,0.06753972778482928,-0.021497594609707165,0.19970577066214704,-0.4758288490501802,0.6259259259259259,-0.4758288490501802,0.6653185968948079,-1077.0,0.027777777777777776,0.037037037037037035,0.7222222222222222,0.13194444444444442,0.16944444444444445,高雄銀
13.149999618530272,13.350000381469728,13.149999618530272,13.350000381469728,8034788.0,-0.0037312864540235413,13.320000076293946,0.026923106266902197,13.252500009536742,0.08536586784167621,12.6825000445048,0.05533603035956336,12.593333355585735,0.005882350024480811,51.85185708462762,10635956.2,0.7554363565355788,0.007357130493327535,2845.TW,2026-07-24,-0.013579064467496571,0.1206611233966084,bull,0.275,0.27247451343836887,2026-03-31,2026-05-15,,,,,143704000.0,1221472000.0,,,,891493396000.0,820291532000.0,71201864000.0,7041472000.0,,,,,,891493396000.0,,0.0171550565024533,0.0013701413891348,11.520646875199784,,,,,,,8.670319530616531,8.670319530616531,False,60.551231371818076,60.551231371818076,47.58100341151769,1053.0,True,False,True,True,True,True,True,True,True,False,True,True,False,True,False,False,False,11,False,0.052631605331958875,0.06008472931818143,1.0,141990019.3272953,0.3212962962962963,0.0,3.0,,,,,,0.051800503715230276,-0.05718304126230544,0.20330658179796482,-0.5417380113611949,0.5467592592592592,-0.5417380113611949,0.5505923386645166,-1053.0,0.037037037037037035,0.018518518518518517,0.5462962962962963,0.11342592592592593,0.13333333333333333,遠東銀
14.350000381469728,14.75,14.0,14.75,324969.0,-0.013377913833897748,14.8,0.024305582690387073,14.479870510101318,0.06884056493730739,14.08995680809021,0.12167303634101212,13.741228381792704,0.0038128638293996,64.03933912995367,236473.35,1.3742309651383549,0.018655518342531874,2849.TW,2026-07-24,-0.013579064467496571,0.1206611233966084,bull,0.2861111111111111,0.3049119555143652,2026-03-31,2026-05-15,,,,,36199000.0,,,,,398942212000.0,362433426000.0,36508786000.0,2706824000.0,,,,,,398942212000.0,,,,9.92729328222527,,,,,,,0.0,0.0,False,70.0900422057785,70.0900422057785,52.56753165433388,1078.0,True,False,True,True,True,True,True,True,True,False,True,True,True,True,False,False,False,12,False,0.046844940754595,0.0734120407709642,1.0,3487981.9125,0.812037037037037,0.0,3.0,,,,,,0.1144225591594378,0.03387175350681646,0.2484555019567861,-0.16775077510260653,0.874074074074074,-0.16775077510260653,0.8807880546620291,-1078.0,0.018518518518518517,0.046296296296296294,0.9629629629629629,0.16018518518518518,0.21574074074074073,安泰銀
147.0,148.5,146.5,147.5,172379.0,0.01724137931034475,147.2,0.0535714285714286,145.125,0.15686274509803932,140.22479527791342,0.2660944206008584,129.11656430562337,0.008863399374348319,50.0,217017.65,0.7943086656776535,0.01636520241171402,2850.TW,2026-07-24,-0.013579064467496571,0.1206611233966084,bull,0.1925925925925926,0.1872103799814643,2026-03-31,2026-05-15,,,1507350000.0,1508204000.0,248433000.0,,,,,58099283000.0,36260125000.0,21839158000.0,14722947000.0,,,,0.1647210854765005,1259057671.8069968,58099283000.0,0.0216707953488341,,,1.6603261444420157,,,,,,,51.89726928896828,51.89726928896828,False,65.90572959032845,65.90572959032845,62.403614514988405,341.0,True,False,True,True,True,True,True,True,True,True,True,True,False,True,False,False,False,12,False,0.051882441387543166,0.14237860024576254,1.0,32010103.375,0.5157407407407407,2.0,3.0,,,,,,-0.004658277128614537,-0.08741910227476513,0.14875770065167418,-1.847444402673644,0.14814814814814814,-1.847444402673644,0.1624575614289995,-341.0,0.7037037037037037,0.46296296296296297,0.06481481481481481,0.6078703703703703,0.5037037037037038,新產
9.130000114440918,9.289999961853027,9.109999656677246,9.279999732971191,8573915.0,0.03340759532601867,9.295999908447266,0.1047619231433834,8.848999881744385,0.18670070706656183,8.258499924341837,0.17617235614792692,8.062166631221771,0.020587046521147814,71.0937529103836,15378073.6,0.5575415505879748,0.04870605232077874,2867.TW,2026-07-24,-0.013579064467496571,0.1206611233966084,bull,0.08888888888888889,0.15848007414272475,2026-03-31,2026-05-15,,,-260328000.0,-260476000.0,-99972000.0,,,,,1583200325000.0,1505084533000.0,78115792000.0,70736282000.0,,,,0.3838050338610851,-160412803.14501145,1583200325000.0,-0.0001013218609243,,,19.267352918856663,,,,,,,0.0,0.0,False,72.43016917316345,72.43016917316345,54.32262687987259,1079.0,True,False,True,True,True,True,True,True,True,True,True,True,False,True,False,False,False,12,False,0.12369072083157562,0.15105531272861628,1.0,142708518.90161133,0.32037037037037036,0.0,3.0,,,,,,0.053774982643102154,-0.027695571120350652,0.21659818043678838,-0.3282864647484767,0.6166666666666667,-0.3282864647484767,0.7153501943082552,-1079.0,0.009259259259259259,0.05555555555555555,0.7870370370370371,0.1259259259259259,0.17870370370370373,三商壽
40.09999847412109,41.34999847412109,39.95000076293945,40.70000076293945,27229556.0,0.01369861061415012,40.78000030517578,0.10298100487598916,39.070000076293944,0.23708203268395356,35.68749996821086,0.22038988381129343,35.01749997138977,0.02203911098768293,68.70227629444764,21521773.1,1.2652096959427566,0.041720007255247715,2880.TW,2026-07-24,-0.013579064467496571,0.1206611233966084,bull,0.09166666666666666,0.12511584800741427,2026-03-31,2026-05-15,18727437000.0,,,9327986000.0,1664716000.0,7663213000.0,,,,4445991154000.0,4202483247000.0,243507907000.0,45717871000.0,,,,0.1784646760833474,,4445991154000.0,,0.0314700787108321,0.0017236230875325,17.25809768879497,,,0.4091971047613189,0.1221769088861191,,,25.15680897546131,25.15680897546131,False,76.25076709899976,76.25076709899976,63.47727756811515,764.0,True,True,True,True,True,True,True,True,True,True,True,True,True,True,False,False,False,14,False,0.14045536390034474,0.16227602759170234,1.0,875936181.5898099,0.1388888888888889,1.0,3.0,,,,,,-0.06741042905105017,-0.17486948803257765,0.199790112124491,-1.1780718397225638,0.25787037037037036,-1.1780718397225638,0.27054321828118866,-764.0,0.32407407407407407,0.5185185185185185,0.16666666666666666,0.300462962962963,0.35092592592592586,華南金
30.450000762939453,30.950000762939453,30.399999618530277,30.649999618530277,37453975.0,0.021666653951009307,30.24000015258789,0.060863170706298764,29.654999923706054,0.4124423290747603,26.407817586263025,0.7219101647327795,23.178075361251835,0.009585092481655389,62.79068942196717,60352301.3,0.620589011408584,0.03355251044964014,2883.TW,2026-07-24,-0.013579064467496571,0.1206611233966084,bull,0.16944444444444445,0.06302131603336422,2026-03-31,2026-05-15,23565513000.0,,,13099615000.0,1407592000.0,11689699000.0,,,,4235032868000.0,3864021319000.0,371011549000.0,75116245000.0,,,,0.1074529289601259,,4235032868000.0,,0.0315076418281523,0.0027602380818169,10.414827596108069,,,0.4960511150340754,-0.1317078255463794,,,12.146336472811727,12.146336472811727,False,79.1475213900057,79.1475213900057,62.397225160707215,1012.0,True,True,True,True,True,True,True,True,True,True,True,True,False,True,False,False,False,13,False,0.16064114417671438,0.32237034960071376,1.0,1849798011.8224242,0.07777777777777778,1.0,3.0,,,,,,-0.015335289145422457,-0.1537650166346637,0.27860094336855656,-0.987925865148173,0.4032407407407408,-0.987925865148173,0.40419770416835954,-1012.0,0.09259259259259259,0.4537037037037037,0.32407407407407407,0.1273148148148148,0.24722222222222223,凱基金
35.04999923706055,36.0,35.04999923706055,35.95000076293945,27710761.0,0.024216590477776245,36.09000015258789,0.08459757431458237,34.68239860534668,0.10956787252695199,33.33785314559937,0.07796109168748266,33.20225995381673,0.016153595935216813,65.9574571698499,47999095.6,0.5773183984741579,0.03654886076412733,2884.TW,2026-07-24,-0.013579064467496571,0.1206611233966084,bull,0.11481481481481481,0.23632993512511585,2026-03-31,2026-05-15,25169421000.0,,,12706707000.0,2639201000.0,10056957000.0,,,,4679436007000.0,4394289185000.0,285146822000.0,45485669000.0,,,,0.2077014131198586,,4679436007000.0,,0.0352693988642805,0.0021491814365995,15.410619533399537,,,0.3995704549580223,0.174006725249566,,,29.938092003685178,29.938092003685178,False,73.1847598301606,73.1847598301606,62.373092873541744,685.0,True,False,True,True,True,True,True,True,True,False,True,True,False,True,False,False,False,11,False,0.07835380418564508,0.08275764399606356,1.0,1725567523.4404037,0.08333333333333333,1.0,3.0,,,,,,-0.06268742283774749,-0.18836818064390776,0.15064458735473163,-1.4099942322493015,0.14907407407407408,-1.4099942322493015,0.1647163087527374,-685.0,0.39814814814814814,0.4444444444444444,0.07407407407407407,0.34953703703703703,0.3472222222222222,玉山金
47.09999847412109,48.70000076293945,47.09999847412109,48.45000076293945,21739414.0,0.01785719151399734,48.32000045776367,0.04983746827767299,46.95249996185303,0.20822949143519587,43.36916681925456,0.2173367259219514,41.412083339691165,0.01546363799628076,70.47623476480365,34890642.55,0.6230729046863025,0.03189395244775217,2886.TW,2026-07-24,-0.013579064467496571,0.1206611233966084,bull,0.20462962962962963,0.1371640407784986,2026-03-31,2026-05-15,20768442000.0,,,11219594000.0,1822242000.0,9397352000.0,,,,5003279677000.0,4601326283000.0,401953394000.0,108936088000.0,,,,0.1624160375143699,,5003279677000.0,,0.0233792079884763,0.0018782383969458,11.447412440557724,,,0.4524822805677961,0.1010590363542149,,,21.43739093265881,21.43739093265881,False,68.08983946229466,68.08983946229466,56.4267273298857,833.0,True,False,True,True,True,True,True,True,True,True,True,True,False,True,False,False,False,12,False,0.11715313703995722,0.16994840287358448,1.0,1690451658.1669476,0.08518518518518518,1.0,3.0,,,,,,-0.0693449045169223,-0.18891310416241955,0.17134526083195875,-1.4905981983265029,0.14953703703703702,-1.4905981983265029,0.16543385533930016,-833.0,0.28703703703703703,0.16666666666666666,0.08333333333333333,0.2564814814814815,0.21018518518518517,兆豐金
33.900001525878906,34.650001525878906,33.849998474121094,34.150001525878906,45199603.0,-0.00107165708044632,34.35039596557617,0.07053297599544894,34.40110549926758,0.41995852844994963,29.203701814015705,0.5452489111499197,26.633100891113283,0.018055068380348743,49.10634212771528,75542257.0,0.5983353528873251,-0.00729929953541808,2887.TW,2026-07-24,-0.013579064467496571,0.1206611233966084,bull,0.14444444444444443,0.060240963855421686,2026-03-31,2026-05-15,47867456000.0,,,25588754000.0,4532177000.0,21040510000.0,,,,9064708955000.0,8465511408000.0,599197547000.0,97795796000.0,,,,0.1771159705548773,,9064708955000.0,,0.035114479532407,0.0023211456765409,14.12808088147931,,,0.439557723727787,0.933005034802805,,,37.907562917661295,37.907562917661295,False,69.16064257028113,69.16064257028113,61.347372657126165,560.0,True,False,True,True,False,True,True,False,True,True,True,True,False,True,False,False,False,10,False,0.16937235366132009,0.2822390327546802,1.0,2579768191.8183365,0.05740740740740741,1.0,3.0,,,,,,-0.10488359892399027,-0.20846884745081865,0.15025359647435624,-1.6032752328440802,0.09074074074074073,-1.6032752328440802,0.10273876665236806,-560.0,0.5092592592592593,0.37962962962962965,0.037037037037037035,0.43842592592592594,0.37592592592592594,台新新光金
15.600000381469728,15.75,15.5,15.75,6047930.0,0.0031847255632038163,15.719999885559082,0.06418917547446101,15.480000066757203,0.06779661016949157,15.025833368301392,-0.045454545454545414,15.52041670481364,0.012426419918210882,68.96547641832377,7022175.85,0.8612615418908942,0.017441856077417883,2889.TW,2026-07-24,-0.013579064467496571,0.1206611233966084,bull,0.16203703703703703,0.30954587581093607,2026-03-31,2026-05-15,2670617000.0,,,1318966000.0,191865000.0,897373000.0,,,,469578158000.0,414812209000.0,54765949000.0,15724281000.0,,,,0.1454662212672654,,469578158000.0,,0.0163856012063262,0.0019110194644104,7.57427227272187,,,0.3360171076571444,0.5571184687557942,,,31.713016597318976,31.713016597318976,False,65.0032006463739,65.0032006463739,56.68065463411017,653.0,True,False,True,True,True,True,True,True,True,False,True,True,True,True,False,False,False,12,False,0.048194773224779386,0.014792340924400182,1.0,110599269.63749999,0.3527777777777778,0.0,3.0,,,,,,-0.010114645118329118,-0.11783771381200775,0.17125585483143113,-1.199393872311795,0.2416666666666667,-1.199393872311795,0.27187238129731534,-653.0,0.42592592592592593,0.18518518518518517,0.18518518518518517,0.38981481481481484,0.3055555555555555,國票金
33.400001525878906,34.45000076293945,33.400001525878906,34.29999923706055,30978037.0,0.005865125275335004,34.25000076293945,0.05053591528545032,33.53499984741211,0.20140105617011606,30.92166649500529,0.1726495465661726,29.907499901453654,0.013524752067733114,64.70588235294119,38954886.0,0.7952285369285896,0.02281196937913421,2892.TW,2026-07-24,-0.013579064467496571,0.1206611233966084,bull,0.2037037037037037,0.14365152919369786,2026-03-31,2026-05-15,19296673000.0,,,10035758000.0,1792064000.0,8243694000.0,,,,5146398447000.0,4848752228000.0,297646219000.0,66304190000.0,,,,0.1785678769854753,,5146398447000.0,,0.0276962832845526,0.0016018374956578,16.290320247609124,,,0.427208047729264,0.0559316737098873,,,19.735682713005552,19.735682713005552,False,73.0809510484841,73.0809510484841,59.74463396461446,865.0,True,False,True,True,True,True,True,True,True,True,True,True,False,True,False,False,False,12,False,0.10925454947911528,0.14686949260487658,1.0,1336152560.0797806,0.09814814814814815,1.0,3.0,,,,,,-0.05207354280586348,-0.18065182122980486,0.20797720815749285,-1.032307658466098,0.30787037037037035,-1.032307658466098,0.30528278638443984,-865.0,0.23148148148148148,0.3148148148148148,0.2222222222222222,0.23009259259259257,0.25462962962962965,第一金
15.75,16.100000381469727,15.75,16.100000381469727,1260467.0,0.05921056470382302,15.829999923706055,0.0878378495933192,15.342500019073487,0.16245486917172447,14.464999993642172,0.04545459612201341,14.720833317438762,0.013709942544005342,68.88889736599393,896973.5,1.405244413575206,0.04937268120935512,2905.TW,2026-07-24,-0.013579064467496571,0.1206611233966084,bull,0.1111111111111111,0.18257645968489342,2026-03-31,2026-05-15,29552820000.0,,,,-68929000.0,32878000.0,0.03,133124099000.0,1468399841000.0,1617410517000.0,62246052000.0,86764624000.0,72610211000.0,2757000000.0,7269508000.0,,,,149010676000.0,,0.0003789332389661,2.032755423217024e-05,0.717412801788895,,,0.0011125165043471,-0.4161502905041906,,,21.27042291580655,21.27042291580655,False,75.82824053734628,75.82824053734628,62.188786131961336,839.0,True,True,True,True,True,True,True,True,True,True,True,True,True,True,False,False,False,14,False,0.11303148209790459,0.09368811087597595,1.0,14441273.692168236,0.6222222222222222,0.0,3.0,,,,,,0.06022934942846145,0.0011233455362289395,0.18644814574609336,-1.6903153725620712,0.49490740740740746,-1.6903153725620712,0.4545048939973192,-839.0,0.2777777777777778,0.42592592592592593,0.4351851851851852,0.3013888888888889,0.3537037037037037,三商
24.0,24.649999618530277,23.200000762939453,23.549999237060547,116100.0,0.004264327115892197,25.469999694824217,0.028384263290742506,23.692500019073485,0.06802721323812455,22.555833435058595,0.18570988468817706,21.75790266990662,0.028990220317445144,53.2258039706699,145182.85,0.7996812295667153,-0.006014594572046783,2910.TW,2026-07-24,-0.013579064467496571,0.1206611233966084,bull,0.26666666666666666,0.3076923076923077,2026-03-31,2026-05-15,134947000.0,122139000.0,79615000.0,67368000.0,16123000.0,51245000.0,0.29,1046634000.0,924884000.0,6492314000.0,3855433000.0,2636881000.0,179700000.0,437000000.0,2663000000.0,,0.2393272770454815,60560958.83802399,5567430000.0,0.010877722546673,0.0194339448765416,0.0078931795350625,1.4621186925007237,0.9050886644386316,0.5899723595189222,0.3797416763618309,0.0604038975326104,,,53.55098246287692,53.55098246287692,False,60.66969671954775,60.66969671954775,58.89001815538005,319.0,True,False,True,True,False,True,True,True,True,False,True,True,False,True,False,False,False,10,False,0.04407577334104262,0.08236531775797395,1.0,3419056.0067342757,0.8166666666666667,0.0,3.0,,,,,,0.053235800570828586,-0.01902118177494069,0.1416278458197991,-1.0885180708684299,0.45787037037037037,-1.0885180708684299,0.5274911167926597,-319.0,0.7407407407407407,0.25,0.5277777777777778,0.7087962962962961,0.5509259259259259,統領
234.0,241.0,234.0,241.0,2818326.0,-0.008230452674897082,240.8,0.08071748878923768,237.575,0.07349665924276172,229.19166666666666,0.11059907834101379,225.56666666666666,0.017560766677374426,52.272727272727266,3435978.4,0.8202397314255526,0.014416500052615078,2912.TW,2026-07-24,-0.013579064467496571,0.1206611233966084,bull,0.1259259259259259,0.293790546802595,2026-03-31,2026-05-15,88527614000.0,30610284000.0,3773259000.0,4620847000.0,1050028000.0,3090726000.0,2.97,94109724000.0,113749838000.0,295505038000.0,238221964000.0,57283074000.0,49536616000.0,11451234000.0,19468012000.0,,0.2272371277387024,2915834462.6257915,181755200000.0,0.0160426467172647,0.0539553097307592,0.0104591313262144,4.158679822245573,0.3457710268798162,0.0426223957645577,0.0349125641181292,0.0459148681272323,,,37.38307615957289,37.38307615957289,False,65.38186385957223,65.38186385957223,58.382166934572396,568.0,True,False,True,True,True,True,True,True,True,False,True,True,True,True,False,False,False,12,False,0.0515216521833981,0.06842027486330715,1.0,828070794.4,0.14351851851851852,2.0,3.0,,,,,,0.053008747981760515,-0.012943309032938869,0.20391759769261059,-0.23114095766299245,0.6351851851851853,-0.23114095766299245,0.5984713631734877,-568.0,0.5,0.21296296296296297,0.5925925925925926,0.5138888888888888,0.4324074074074074,統一超
30.149999618530277,33.20000076293945,29.100000381469727,33.20000076293945,231061.0,-0.07262565724944336,33.48000030517578,0.40084386895275936,30.20249996185303,0.5125284559896046,26.013333225250246,0.7382199005162924,23.61166658401489,0.07741015197191953,64.71962910446504,205965.1,1.1218454000216542,0.09924677774596113,2923.TW,2026-07-24,-0.013579064467496571,0.1206611233966084,bull,0.008333333333333333,0.04448563484708063,2026-03-31,2026-05-15,2068437000.0,1223647000.0,1093718000.0,507741000.0,478663000.0,26623000.0,0.02,43331856000.0,14759908000.0,117789596000.0,69575606000.0,48213990000.0,4643421000.0,6895034000.0,45987458000.0,,0.4,656230800.0,103029688000.0,0.0063693369623714,0.00055218412747,0.0002260216598416,1.4430584566844602,0.5915805025727155,0.5287654397982632,0.0128710712484837,1.5370100759838343,,,53.57592567176444,53.57592567176444,False,88.79088104731682,88.79088104731682,79.98714220342872,317.0,True,True,True,True,True,True,True,True,True,True,True,False,True,True,False,False,False,13,False,0.2762686148468416,0.4060845999500886,1.0,6838041.477138901,0.7194444444444444,1.0,3.0,,,,,,0.06727868597729347,0.03034635807249484,0.27930759134140243,-1.5012102078354275,0.6972222222222222,-1.5012102078354275,0.731530539550938,-317.0,0.75,0.9537037037037037,0.8055555555555556,0.7583333333333333,0.8222222222222222,鼎固-KY
13.0,13.0,13.0,13.0,93938.0,0.11587986486475432,12.089999961853028,0.08333333333333326,11.97000002861023,0.21495329268541585,11.123333358764649,0.08786612615012523,11.520416649182637,0.00020889591302129871,71.11109792450884,31581.05,2.9745052808567163,0.08604845187367616,3018.TW,2026-07-24,-0.013579064467496571,0.1206611233966084,bull,0.11805555555555555,0.13438368860055608,2026-03-31,2026-05-15,81164000.0,-2098000.0,-46204000.0,-50483000.0,209000.0,-50692000.0,-0.67,945217000.0,679342000.0,1197882000.0,686677000.0,511205000.0,41701000.0,76378000.0,0.0,0.0,0.0,-46204000.0,518540000.0,-0.0891040228333397,-0.0991617844113418,-0.042318024646835,1.3432517287585215,-0.0258488985264402,-0.5692671627815288,-0.6245626139667833,-0.5865792596893894,,,8.765863869002532,8.765863869002532,False,75.26944544112578,75.26944544112578,58.64355004809497,1051.0,True,True,True,True,True,True,True,True,True,True,False,True,True,True,False,False,False,13,False,0.1687144114724053,0.1284314097200936,1.0,410553.64999999997,0.9805555555555555,0.0,3.0,,,,,,0.10912846386963546,-0.06221926802832892,0.28456858823131254,-0.24996538625659548,0.7583333333333333,-0.24996538625659548,0.8561049360934683,-1051.0,0.046296296296296294,0.24074074074074073,0.9351851851851852,0.17962962962962964,0.28240740740740744,隆銘綠能
103.0,106.0,103.0,104.0,624488.0,0.014634146341463428,104.5,0.08559495497940639,102.65499992370606,0.09129062612429517,101.36333338419597,-0.017257256056419257,102.53594621022542,0.013976686773859028,51.61290322580645,1102988.2,0.5661783145096203,0.013102138982938438,3029.TW,2026-07-24,-0.013579064467496571,0.1206611233966084,bull,0.11388888888888889,0.2622798887859129,2026-03-31,2026-05-15,6876938000.0,811379000.0,385472000.0,424218000.0,78018000.0,295873000.0,1.77,12286821000.0,7803745000.0,15126326000.0,8760650000.0,6365676000.0,2911146000.0,3716000.0,,,0.1839101593991768,314579783.0360805,7322581000.0,0.0429602326059732,0.0464794312497211,0.0195601364138258,1.3762324692617092,0.1179855045952137,0.0560528537555522,0.0430239446683974,0.0168646985516829,,,48.26050505492552,48.26050505492552,False,66.11818102893038,66.11818102893038,61.65376203542916,394.0,True,False,True,True,True,True,True,True,True,False,True,True,False,True,False,False,False,11,False,0.0260120353955835,0.014278444232356247,1.0,114710772.8,0.3472222222222222,2.0,3.0,,,,,,0.030042453561005017,-0.023660523127986086,0.18555028704090792,-0.8000253007573435,0.46018518518518514,-0.8000253007573435,0.4946774723400603,-394.0,0.6388888888888888,0.4166666666666667,0.48148148148148145,0.6152777777777777,0.5407407407407407,零壹
336.0,341.0,318.5,327.5,3113370.0,-0.11725067385444743,345.1,0.09531772575250841,340.425,0.08583421791498158,321.52892812093097,0.2232816922440335,307.6689084370931,0.026149208741522264,50.53475935828877,4229323.15,0.7361390675479597,-0.03796724682382324,3413.TW,2026-07-24,-0.013579064467496571,0.1206611233966084,bull,0.10092592592592593,0.2706209453197405,2026-03-31,2026-05-15,5561563000.0,1325901000.0,726995000.0,761237000.0,242471000.0,473092000.0,4.28,16490327000.0,10970724000.0,30215184000.0,12835834000.0,17379350000.0,7559388000.0,4044740000.0,864840000.0,,0.3185223524342616,495430842.392054,19244460000.0,0.0257440760817426,0.0272215013795107,0.0156574257499143,0.7385681282671677,0.2384043838036178,0.1307177496685733,0.085064576271095,0.1421522410183984,,,56.561036132141794,56.561036132141794,False,65.20669858922871,65.20669858922871,63.045282974956976,292.0,True,False,True,True,False,True,True,True,True,False,True,True,False,True,False,False,False,10,False,0.01857086985598766,0.06445594929837273,1.0,1385103331.6250002,0.09722222222222222,2.0,3.0,,,,,,0.04193789300580526,-0.037815152764481934,0.278869307448548,-1.061070928833878,0.5592592592592592,-1.061070928833878,0.6144976289778159,-292.0,0.7870370370370371,0.49074074074074076,0.6203703703703703,0.7620370370370371,0.6648148148148149,京鼎
177.5,192.0,177.0,183.5,1382236.0,0.13271604938271597,175.2,0.15775880012161148,177.67020263671876,0.180064308681672,174.4630266825358,0.2152317880794703,162.08984667460123,0.013873175940268994,47.51773049645389,636599.7,2.1712796911465717,0.03281246532487714,3416.TW,2026-07-24,-0.013579064467496571,0.1206611233966084,bull,0.05,0.16126042632066728,2026-03-31,2026-05-15,946676000.0,345733000.0,142827000.0,161912000.0,16386000.0,144945000.0,1.8,2786217000.0,1757760000.0,5068550000.0,1824098000.0,3244452000.0,394852000.0,,12996000.0,,0.101203122683927,128372461.59642276,3310790000.0,0.0387739668165068,0.044674724730093,0.0285969360073393,0.5622206770203412,0.3652073148574591,0.1508721040778471,0.1531094059636031,0.1820639382069682,,,79.62654194597235,79.62654194597235,False,72.44219735950165,72.44219735950165,74.23828350611933,88.0,True,False,True,True,True,True,True,False,True,True,False,True,True,True,True,False,False,11,False,0.0517987879111399,0.1320881829716336,1.0,116816044.94999999,0.34444444444444444,2.0,2.0,,,,,,-0.005036110252606934,-0.09927251031765535,0.23774925970101948,-1.2615096745847847,0.3592592592592593,-1.2615096745847847,0.45683254478585544,-88.0,0.9444444444444444,0.8888888888888888,0.4444444444444444,0.8694444444444444,0.8277777777777778,融程電
405.0,410.0,379.5,379.5,7967348.0,-0.10495283018867929,433.7,0.1294642857142858,427.1580322265625,1.0909090909090908,335.4193440755208,1.875,241.40967203776043,0.04195551409636595,47.21601974561201,8298871.7,0.9600519550145594,-0.11157002474738653,3532.TW,2026-07-24,-0.013579064467496571,0.1206611233966084,bull,0.06944444444444445,0.0074142724745134385,2026-03-31,2026-05-15,3308768000.0,27622000.0,-105154000.0,-82202000.0,-13987000.0,-68215000.0,-0.18,9109304000.0,3626589000.0,51226148000.0,26972355000.0,24253793000.0,1958029000.0,0.0,20500000000.0,,0.1701540108513174,-87261625.14294055,47599559000.0,-0.0018332444034395,-0.0028125497731426,-0.0013316441439243,1.112088117516299,0.0083481223222661,-0.03178040890144,-0.0206164348784804,0.1086960163893446,,,17.44238091593533,17.44238091593533,False,72.73130985480384,72.73130985480384,58.90907762008671,902.0,True,False,True,True,False,True,True,False,True,True,True,True,True,True,False,False,False,11,False,0.13141954005656342,0.5720165509385224,1.0,3149421810.15,0.05,2.0,3.0,,,,,,-0.13296248490444534,-0.3415889554553412,0.10659484757026337,-2.05325603313246,0.018518518518518517,-2.05325603313246,0.017287779160309446,-902.0,0.19444444444444445,0.25925925925925924,0.009259259259259259,0.16666666666666666,0.17685185185185184,台勝科
17.799999237060547,18.700000762939453,17.75,18.299999237060547,13026901.0,0.025210019382294835,18.730000305175782,0.1090908628521543,17.4,0.20792077213503335,17.668333323796592,0.702325510424237,18.09916663169861,0.019332168520990532,63.55138054498791,22605757.2,0.5762647490525113,0.05172409408393963,3576.TW,2026-07-24,-0.013579064467496571,0.1206611233966084,bull,0.08148148148148149,0.1380908248378128,2026-03-31,2026-05-15,520029000.0,-237380000.0,-450612000.0,1756562000.0,10661000.0,1745834000.0,1.07,9492286000.0,6482798000.0,25509734000.0,12399640000.0,13110094000.0,6613378000.0,616197000.0,3678862000.0,,0.0060692420762831,-447877126.6895219,19026936000.0,-0.0235391093284552,0.1331671611202787,0.0684379539198644,0.9458086265437914,-0.4564745427658842,-0.8665132136861599,,-0.4687390816645519,,,39.4401659971228,39.4401659971228,False,70.57875883606309,70.57875883606309,62.79411062632801,522.0,True,False,True,True,True,False,True,True,True,True,True,True,False,True,False,False,False,11,False,0.03575130159069362,0.011096234950962014,1.0,413685339.51317596,0.2064814814814815,0.0,3.0,,,,,,-8.098293945157532e-05,-0.11891093655772822,0.08850876878977286,-0.1626875934166994,0.29120370370370374,-0.1626875934166994,0.26349607938080855,-522.0,0.5370370370370371,0.4722222222222222,0.1574074074074074,0.4800925925925926,0.4416666666666667,聯合再生
92.0,95.0999984741211,89.80000305175781,91.0,7912676.0,0.1475409394449303,87.9000015258789,0.22972972972972983,86.56000022888183,0.10303030303030303,81.40833346048991,0.4467408234093593,72.86535393397013,0.031089941896503086,53.691280093450736,10688970.95,0.7402654602592966,0.051293897405013,3605.TW,2026-07-24,-0.013579064467496571,0.1206611233966084,bull,0.024074074074074074,0.2428174235403151,2026-03-31,2026-05-15,2821542000.0,693877000.0,147463000.0,143021000.0,35356000.0,107659000.0,0.67,7733924000.0,4283420000.0,15202980000.0,7237415000.0,7965565000.0,2596697000.0,794000000.0,2115835000.0,130740000.0,0.2472084519056642,111008900.05663504,10919560000.0,0.010166059809794,0.0135155509998349,0.007081440612301,0.9085877775148404,0.2459212019526911,0.0522632659730034,0.0381560862818983,0.0947751117457165,,,35.95481269053683,35.95481269053683,False,74.3610337435218,74.3610337435218,64.75947848027556,591.0,True,False,True,True,True,True,True,True,True,False,False,True,False,True,False,False,False,10,False,0.11782167908111307,0.2488788578789216,1.0,972696356.4499999,0.12222222222222222,1.0,3.0,,,,,,0.030093575611909333,-0.0693578069402662,0.26077777802409546,-1.5980921364577478,0.4069444444444445,-1.5980921364577478,0.422157714998512,-591.0,0.4537037037037037,0.6018518518518519,0.37037037037037035,0.44120370370370365,0.4814814814814815,宏致
120.5,121.5,117.0,117.5,17451193.0,0.0730593607305936,115.0,0.10328638497652576,111.4,0.1519607843137254,111.73333333333333,0.8591771927462084,96.32916657129924,0.015728288124002815,57.42574257425742,13981706.4,1.248144718587425,0.05475763016157975,3702.TW,2026-07-24,-0.013579064467496571,0.1206611233966084,bull,0.09074074074074075,0.18906394810009267,2026-03-31,2026-05-15,316500457000.0,14203178000.0,8470625000.0,7205961000.0,1455173000.0,5548632000.0,3.3,434755950000.0,351739547000.0,479508376000.0,386867313000.0,92641063000.0,25004254000.0,131686606000.0,25757252000.0,5309644000.0,0.2019401714774754,6760065534.97861,127768829000.0,0.0529085661024459,0.0598938723317542,0.011571501724925,4.17598093622911,0.0448756950768004,0.0267633894759273,0.0175311974352062,0.2719338016357759,,,44.311414548255854,44.311414548255854,False,70.210790437255,70.210790437255,63.73594646500521,442.0,True,False,True,True,True,False,True,True,True,True,True,True,True,True,False,False,False,12,False,0.05161097852028629,0.2197759430735955,1.0,1642850502.0,0.08703703703703704,2.0,3.0,,,,,,0.10219642898323145,0.03244890523566713,0.39338645492071034,0.4085372235201668,0.9439814814814815,0.4085372235201668,0.9484793099544042,-442.0,0.5925925925925926,0.5462962962962963,0.9907407407407407,0.6523148148148148,0.6583333333333333,大聯大
46.0,49.400001525878906,45.75,46.79999923706055,3684855.0,0.024069988090966055,46.539999389648436,0.09772438752644463,46.25043849945068,0.3846153932969898,44.07664229075114,0.1803278041872194,39.311654504140215,-0.0034365207548974707,56.15142403779948,4769791.6,0.7725400413720382,0.011882281669965078,3704.TW,2026-07-24,-0.013579064467496571,0.1206611233966084,bull,0.09814814814814815,0.0732159406858202,2026-03-31,2026-05-15,6310208000.0,1515158000.0,115260000.0,112471000.0,-4740000.0,117068000.0,0.29,18987830000.0,11005308000.0,23813014000.0,11738856000.0,12074158000.0,2873308000.0,1672011000.0,,0.0,0.0,115260000.0,12807706000.0,0.0089992696584384,0.0096957485565453,0.0049161353535507,0.9722297819856258,0.240112211832003,0.0182656419566518,0.0185521618304816,-0.1030157436159499,,,23.73423412536793,23.73423412536793,False,65.82804055290657,65.82804055290657,55.30458894602191,792.0,True,False,True,True,True,True,False,True,True,True,True,True,False,True,False,False,False,11,False,0.061786851374585394,0.19048663373177743,1.0,223226243.2409378,0.26481481481481484,1.0,3.0,,,,,,0.05998728263737015,-0.016226349023855332,0.2864913107166629,-1.2626585478063461,0.6439814814814815,-1.2626585478063461,0.6937022011625095,-792.0,0.3055555555555556,0.07407407407407407,0.7685185185185185,0.375,0.3287037037037037,合勤控
91.1999969482422,92.5999984741211,91.0999984741211,91.3000030517578,12643211.0,0.03397508376349112,90.84000091552734,0.09341321020069215,89.83500061035156,0.12438431629441404,87.51166712443033,0.11341467136290007,83.9475004196167,0.014454297337978365,54.545459395667336,18957541.15,0.6669225138408839,0.016307702248041567,3706.TW,2026-07-24,-0.013579064467496571,0.1206611233966084,bull,0.10277777777777777,0.22150139017608897,2026-03-31,2026-05-15,31863922000.0,2934046000.0,1186173000.0,1645175000.0,108264000.0,1460985000.0,1.1,82662619000.0,48216898000.0,135913012000.0,68280278000.0,67632734000.0,9782105000.0,1879510000.0,7968750000.0,,0.0658069810202562,1108114535.9022596,87696114000.0,0.0126358453682709,0.0216017439129401,0.0107494122784947,1.009574417027116,0.0920805040886052,0.0372262083744744,0.0458507587358517,0.3464486758783238,,,39.67324991044731,39.67324991044731,False,70.5663953170094,70.5663953170094,62.84310896536888,515.0,True,False,True,True,True,True,True,True,True,True,True,True,False,True,False,False,False,12,False,0.0432894955816685,0.08758453313546166,1.0,1730823564.8488238,0.08148148148148149,1.0,3.0,,,,,,0.04024916173712095,-0.022998020565484358,0.20612621255924257,-1.7124604884047805,0.4041666666666667,-1.7124604884047805,0.36156779279992,-515.0,0.5462962962962963,0.48148148148148145,0.28703703703703703,0.5074074074074074,0.475,神達
49.59999847412109,52.09999847412109,49.400001525878906,51.900001525878906,680942.0,0.11974117010719199,49.19000091552734,0.18614964312479487,46.15046005249023,0.07676350009073762,43.94560324350993,-0.00954198445496346,47.841968282063796,0.03385245366313479,76.954741683804,187667.35,3.6284521521724478,0.1245825386539876,4119.TW,2026-07-24,-0.013579064467496571,0.1206611233966084,bull,0.037037037037037035,0.28637627432808155,2026-03-31,2026-05-15,375798000.0,82325000.0,33151000.0,28590000.0,8480000.0,20110000.0,0.17,1104577000.0,1053320000.0,6954821000.0,1544198000.0,5410623000.0,51949000.0,390000000.0,300399000.0,,0.2966072053165442,23318174.53655124,5901501000.0,0.0039512277531684,0.0037167623765322,0.0028915194222827,0.2854011451176694,0.2190671584202151,0.0882149452631466,0.0535127914464685,0.0430373141784996,,,33.11973270077256,33.11973270077256,False,76.72948203068685,76.72948203068685,65.82704469820828,628.0,True,True,True,True,True,True,True,False,True,False,False,True,False,True,False,False,False,10,False,0.18100555448726752,0.08482161979394331,1.0,9739935.75135765,0.687037037037037,1.0,3.0,,,,,,0.012433093282222751,-0.06119515676365493,0.16897199334740978,-1.7779771010668284,0.2226851851851852,-1.7779771010668284,0.3014493952737659,-628.0,0.4351851851851852,0.6481481481481481,0.21296296296296297,0.40185185185185185,0.4546296296296296,旭富
26.049999237060547,26.5,25.700000762939453,26.5,26402.0,0.04950495049504955,26.440000534057617,0.10187113682581961,25.747500038146974,0.07287446078792503,25.032499980926513,-0.11073823226668167,26.576250012715658,0.022943987096290117,53.91304751650104,50019.75,0.5278315065549108,0.02922613693516407,4190.TW,2026-07-24,-0.013579064467496571,0.1206611233966084,bull,0.09444444444444444,0.29564411492122333,2026-03-31,2026-05-15,547291000.0,358277000.0,-2980000.0,-1118000.0,14477000.0,-15595000.0,-0.26,1622513000.0,3364541000.0,6747057000.0,5134925000.0,1612132000.0,755987000.0,400000000.0,918267000.0,0.0,0.0,-2980000.0,3382516000.0,-0.0008810010063514,-0.0096735254929497,-0.0023113781312355,3.185176524006719,0.6546371126146785,-0.0054450009227266,-0.0284948957684303,-0.0893812082993626,,,14.664956846451332,14.664956846451332,False,69.33668355656758,69.33668355656758,55.66875187903852,965.0,True,False,True,True,True,True,True,True,True,False,True,True,False,True,False,False,False,11,False,0.05862378988082084,-0.0028691035296242173,0.0,1325523.375,0.9212962962962963,0.0,3.0,,,,,,0.00858915500315734,-0.06658457251319637,0.1993463494740685,-1.1521441667083416,0.3564814814814815,-1.1521441667083416,0.3680922258892556,-965.0,0.12037037037037036,0.1388888888888889,0.2962962962962963,0.14675925925925926,0.1611111111111111,佐登-KY
52.5,52.900001525878906,52.09999847412109,52.59999847412109,36606.0,0.033398760260898275,52.2,0.12393160964984729,50.10499992370605,0.05410815362083543,48.353247769673665,-0.29490617225189164,55.034957281748454,0.023809354368099757,63.6363518139537,50701.35,0.7219926096642397,0.049795400742722595,4557.TW,2026-07-24,-0.013579064467496571,0.1206611233966084,bull,0.0712962962962963,0.3447636700648749,2026-03-31,2026-05-15,730462000.0,167992000.0,13627000.0,1451000.0,7135000.0,5153000.0,0.11,2969492000.0,2502190000.0,5521408000.0,2693000000.0,2828408000.0,1164370000.0,1445527000.0,91049000.0,,0.4,8176200.0,3019218000.0,0.0027080522174947,0.0018218729405375,0.0009332764396327,0.9521257187789032,0.2299804781083752,0.018655316772125,0.0070544395190988,-0.3271965802676432,,,17.877552606452653,17.877552606452653,False,75.46235629476757,75.46235629476757,61.06615537268884,895.0,True,True,True,True,True,True,True,True,True,False,True,True,False,True,False,False,False,12,False,0.08782762069419703,-0.04424385750245485,0.0,2666890.932635879,0.8407407407407408,1.0,3.0,,,,,,0.023829925281671972,-0.05521793746641109,0.2038478642093765,-1.2638959926557423,0.39629629629629626,-1.2638959926557423,0.38134706083702363,-895.0,0.21296296296296297,0.3611111111111111,0.3055555555555556,0.22685185185185186,0.2759259259259259,永新-KY
87.19999694824219,90.4000015258789,87.0,88.4000015258789,20082181.0,0.0754258492435298,84.56000061035157,0.09135804352936927,83.34999923706054,0.07804879909608431,83.79842592875163,0.2905109711807139,79.63921286265055,0.005670850398806823,60.77348578635249,12198559.35,1.646274811951462,0.06058791043843148,4938.TW,2026-07-24,-0.013579064467496571,0.1206611233966084,bull,0.10740740740740741,0.28174235403151066,2026-03-31,2026-05-15,244105400000.0,10801479000.0,2829288000.0,3464858000.0,605203000.0,1561454000.0,0.58,455223337000.0,347425362000.0,623242706000.0,374551574000.0,248691132000.0,112291906000.0,50872952000.0,7687427000.0,2697039000.0,0.174668918610806,2335099324.60147,275817344000.0,0.0084661076447805,0.0062786878946692,0.0025053706765723,1.5060913953296895,0.0442492423354829,0.0115904359346413,0.0063966385012375,-0.1039816497152077,,,13.24211612714073,13.24211612714073,False,74.14590557098877,74.14590557098877,58.91995821002676,992.0,True,False,True,True,True,False,True,True,True,False,True,True,True,True,False,False,False,11,False,0.054912434763866536,0.11000596751675107,1.0,1078352665.1535244,0.1111111111111111,1.0,3.0,,,,,,0.009093350849969905,-0.08029630361910817,0.17544295897469214,-1.5824664931572396,0.24953703703703703,-1.5824664931572396,0.2341762379521184,-992.0,0.10185185185185185,0.26851851851851855,0.12962962962962962,0.10601851851851851,0.1574074074074074,和碩
53.900001525878906,54.20000076293945,52.0,52.09999847412109,331146.0,0.025590536546940434,52.83999938964844,0.11922662358803948,52.04749927520752,0.09453781815658124,51.988333002726236,-0.15695794308558042,51.23624989191691,0.017745402745209717,51.3966485209199,534379.6,0.6196830867046572,0.0010086786040568452,5258.TW,2026-07-24,-0.013579064467496571,0.1206611233966084,bull,0.07314814814814814,0.25301204819277107,2026-03-31,2026-05-15,1603796000.0,513081000.0,-24667000.0,-35975000.0,21238000.0,-66972000.0,-0.61,7950376000.0,4784173000.0,9668607000.0,5162525000.0,4506082000.0,2164530000.0,1657000000.0,127904000.0,,0.0,-24667000.0,4884434000.0,-0.0050501245384828,-0.0148625790653609,-0.0069267475656007,1.1456793285164362,0.3199166228123776,-0.0153803850365009,-0.0417584281292633,0.0169769242427029,,,22.965156464641765,22.965156464641765,False,66.56431090107435,66.56431090107435,55.66452229196621,810.0,True,False,True,True,True,True,True,True,True,False,True,True,False,True,False,False,False,11,False,0.002147894824575225,0.016858153827148836,1.0,27841176.344601434,0.5342592592592592,1.0,3.0,,,,,,0.02316000509786911,-0.061169769396659274,0.18502942595105948,-1.7657504158087518,0.2791666666666667,-1.7657504158087518,0.30084451258218703,-810.0,0.2962962962962963,0.12962962962962962,0.2037037037037037,0.2824074074074074,0.22777777777777777,虹堡
198.5,199.5,193.5,194.0,97694.0,0.051490514905149,193.8,0.10541310541310533,186.925,0.1378299120234605,172.91666666666666,0.26797385620915026,160.24583333333334,0.016034787335235858,57.42574257425742,162173.25,0.6024051438816205,0.03784940484151389,5288.TW,2026-07-24,-0.013579064467496571,0.1206611233966084,bull,0.08796296296296297,0.21037998146431883,2026-03-31,2026-05-15,2061135000.0,478999000.0,298138000.0,346156000.0,100630000.0,249057000.0,3.59,4729511000.0,1996750000.0,8144719000.0,2033096000.0,6111623000.0,1527526000.0,170275000.0,,0.0,0.2907070800448352,211467172.5695929,6147969000.0,0.0343962652657475,0.0407513683353832,0.0305789555170657,0.3326605715044923,0.2323957431221147,0.1446474879132128,0.120834879811366,0.0892520430725782,,,70.01559901846518,70.01559901846518,False,76.28433150491533,76.28433150491533,74.7171483833028,163.0,True,True,True,True,True,True,True,True,True,True,True,True,False,True,True,False,False,13,False,0.12192771084337362,0.21063990223354745,1.0,31461610.5,0.5185185185185185,2.0,3.0,,,,,,0.039964630321635074,-0.018558133251303875,0.21226428004750955,-1.5131932975248936,0.4523148148148149,-1.5131932975248936,0.44252031084889404,-163.0,0.9074074074074074,0.8981481481481481,0.4166666666666667,0.8337962962962963,0.8064814814814815,豐祥-KY
91.9000015258789,92.9000015258789,90.0999984741211,90.9000015258789,189004.0,-0.05213764254894959,92.22000122070312,0.08388308582379533,89.26500015258789,0.11260715937927168,85.50748736063639,-0.026812940405014918,86.78306007385254,0.021060393335001922,58.69565217391303,279896.05,0.6752649778373079,0.018316264722972875,5306.TW,2026-07-24,-0.013579064467496571,0.1206611233966084,bull,0.11666666666666667,0.23354958294717332,2026-03-31,2026-05-15,1341388000.0,561120000.0,294671000.0,324498000.0,98836000.0,225673000.0,1.79,6076821000.0,3279027000.0,14278795000.0,5015002000.0,9263793000.0,2533303000.0,1157914000.0,920000000.0,0.0,0.304581230084623,204919744.34973404,10999768000.0,0.0186294605804171,0.0243607559020371,0.0158047650379461,0.5413551447015278,0.4183129713401342,0.219676186159411,0.1682384216945432,0.052471848048508,,,64.26179889626455,64.26179889626455,False,74.62722934647178,74.62722934647178,72.03587173391998,219.0,True,False,True,True,True,True,True,True,True,False,True,True,False,True,True,False,False,11,False,0.06306481843512768,0.0474394593659504,1.0,25442551.37208748,0.5453703703703704,1.0,3.0,,,,,,0.045382965526754214,-0.004650444444659997,0.14864257073267698,-1.9191496606104972,0.32499999999999996,-1.9191496606104972,0.4370232176259236,-219.0,0.8611111111111112,0.8333333333333334,0.4074074074074074,0.7930555555555556,0.7620370370370371,桂盟
88.5,90.5,87.9000015258789,88.69999694824219,3603868.0,0.06482585472570901,86.57999877929687,0.15796342970175137,84.01499977111817,0.14896373645856542,83.66666641235352,0.12688936249899685,81.32114944458007,0.01947579088311892,66.66665505419482,4289772.1,0.8401071003282437,0.055763818245400776,5388.TW,2026-07-24,-0.013579064467496571,0.1206611233966084,bull,0.049074074074074076,0.1974050046339203,2026-03-31,2026-05-15,16646403000.0,2274636000.0,490201000.0,382940000.0,80658000.0,301579000.0,1.01,42315171000.0,32167536000.0,51409565000.0,35731734000.0,15677831000.0,4910695000.0,4793230000.0,,2861036000.0,0.210628296861127,386950798.25037867,19242029000.0,0.020109667138033,0.019236015492194,0.0058662040808942,2.2791248355719613,0.1366442948665847,0.0294478633011588,0.0181167667273224,0.466090584343525,,,33.75584177938652,33.75584177938652,False,76.94335412216337,76.94335412216337,66.14647603646915,615.0,True,True,True,True,True,True,True,True,True,True,True,True,True,True,False,False,False,14,False,0.060159329297067465,0.09073712747617724,1.0,380502772.17865443,0.21203703703703702,1.0,3.0,,,,,,0.048812306537631155,-0.035193545488065976,0.19244907010264184,-1.4676285604471206,0.42824074074074076,-1.4676285604471206,0.4150734937883045,-615.0,0.4444444444444444,0.6574074074074074,0.3611111111111111,0.4319444444444444,0.49166666666666664,中磊
43.150001525878906,44.45000076293945,43.09999847412109,43.54999923706055,606813.0,0.04687502005925648,43.12000045776367,0.0766377853065785,41.550000190734856,0.07930609377821463,40.71266555786133,0.29613098853569886,38.39216615358988,0.024478495333635827,65.12819128395513,469407.7,1.292720592355004,0.0481347542032422,5515.TW,2026-07-24,-0.013579064467496571,0.1206611233966084,bull,0.13148148148148148,0.2808155699721965,2026-03-31,2026-05-15,2015280000.0,391103000.0,268702000.0,476647000.0,82479000.0,394168000.0,1.96,9114211000.0,5142167000.0,11530797000.0,5836747000.0,5694050000.0,2270517000.0,100000000.0,,,0.1730400065457246,222205804.1611507,6388630000.0,0.0347814483169553,0.0692245414072584,0.0341839336864572,1.02506072127923,0.1940688142590607,0.1333323409154063,0.1955896947322456,0.3881614203981094,,,76.63848749386133,76.63848749386133,False,75.89885488841793,75.89885488841793,76.08376303977877,104.0,True,True,True,True,True,True,True,True,True,False,True,True,True,True,True,False,False,13,False,0.06969167064649118,0.13434597732351117,1.0,20442704.976870347,0.5694444444444444,1.0,3.0,,,,,,0.07881999227389358,0.014062448816214513,0.23282876197021982,-0.9171301792609552,0.750925925925926,-0.9171301792609552,0.7426464213852594,-104.0,0.9351851851851852,0.9074074074074074,0.8333333333333334,0.9199074074074074,0.9064814814814814,建國
34.099998474121094,34.650001525878906,32.349998474121094,34.0,66183.0,-0.02298848432756806,34.72999954223633,0.0929055342399907,33.36822957992554,0.06583073374865678,33.18935810724894,0.05263160381096532,32.19092898368835,0.024568688324396428,57.7586399672725,34770.25,1.903437565159871,0.018933291577882594,5538.TW,2026-07-24,-0.013579064467496571,0.1206611233966084,bull,0.10462962962962963,0.3123262279888786,2026-03-31,2026-05-15,3164547000.0,521693000.0,303683000.0,283264000.0,56625000.0,225974000.0,1.12,11275781000.0,4984369000.0,14701660000.0,6800925000.0,7900735000.0,2524953000.0,2256342000.0,1189653000.0,,0.1999018583370989,242976203.9546148,9717291000.0,0.0250045206997109,0.0286016427585534,0.0153706452196554,0.8607964955159235,0.1648555069651359,0.0959641300950815,0.0714080087924116,0.0280798566914675,,,45.92585745794853,45.92585745794853,False,74.50057218573878,74.50057218573878,67.35689350379121,415.0,True,False,True,True,True,True,True,True,True,False,True,True,True,True,False,False,False,12,False,0.024424753565029045,0.05619816120337284,1.0,1182188.5,0.9287037037037037,1.0,3.0,,,,,,0.09621313756113412,0.07798722417860236,0.21777737571381992,-0.31750593735349875,0.8388888888888889,-0.31750593735349875,0.8751071570153865,-415.0,0.6018518518518519,0.7129629629629629,0.9537037037037037,0.6546296296296297,0.7055555555555556,東明-KY
64.30000305175781,65.0,64.19999694824219,64.9000015258789,409397.0,0.006201574044634173,64.36000137329101,0.07450330937610872,63.480000495910645,0.16517056798786922,60.34500007629394,0.27005877620028995,57.240833377838136,0.011714087476659214,65.00002384188062,380140.15,1.076963325236758,0.02236926620786228,6024.TW,2026-07-24,-0.013579064467496571,0.1206611233966084,bull,0.1361111111111111,0.17701575532900835,2026-03-31,2026-05-15,,,-200365000.0,528439000.0,90392000.0,441039000.0,1.76,83604913000.0,73607565000.0,84532833000.0,73635548000.0,10897285000.0,7933176000.0,,,,0.1710547480409281,-166091615.40877944,10925268000.0,-0.0152025209275213,0.040472374540998,0.0052173692084825,6.757237972577573,,,,,,,16.995424717797373,16.995424717797373,False,74.55226840898005,74.55226840898005,60.16305748618438,917.0,True,False,True,True,True,True,True,True,True,True,True,True,True,True,False,False,False,13,False,0.07548266540435988,0.13380602091314353,1.0,24671096.315047838,0.5527777777777778,1.0,3.0,,,,,,0.049731428210072225,-0.021255361100514323,0.2967902412718032,-1.1118107736866683,0.625462962962963,-1.1118107736866683,0.6244337724342097,-917.0,0.1574074074074074,0.3333333333333333,0.6388888888888888,0.22962962962962963,0.30648148148148147,群益期
48.04999923706055,48.70000076293945,48.04999923706055,48.54999923706055,744305.0,0.02210524709601147,48.04999923706055,0.06352678234934195,46.472499465942384,0.05314535453433478,45.754166793823245,-0.03670639350811211,46.4099999109904,0.011646251078064686,70.08546228274153,1188542.1,0.6262336016536562,0.0447038527084318,6177.TW,2026-07-24,-0.013579064467496571,0.1206611233966084,bull,0.16296296296296298,0.34661723818350326,2026-03-31,2026-05-15,4844225000.0,2424809000.0,2089752000.0,2073933000.0,400120000.0,1667275000.0,3.53,41652029000.0,29793350000.0,46628913000.0,33629226000.0,12999687000.0,696289000.0,19529640000.0,800533000.0,2371735000.0,0.1929281225574789,1686580070.0292633,16835563000.0,0.1001796061129208,0.1282550110629586,0.0357562484890008,2.586925823675601,0.5005566421873467,0.4313903668801511,0.3441778612677982,7.245531466543658,,,87.89986336679576,87.89986336679576,False,65.1710012155595,65.1710012155595,70.85321675336857,43.0,True,False,True,True,True,True,True,True,True,False,True,True,False,True,True,False,False,11,False,0.061105526319293224,0.0461107375603198,1.0,57703718.048214346,0.43333333333333335,1.0,2.0,,,,,,0.04676051903107667,0.010332509997650542,0.36931015040775095,-0.36374208608498215,0.7495370370370371,-0.36374208608498215,0.750139414515729,-43.0,0.9907407407407407,0.8240740740740741,0.8425925925925926,0.9685185185185184,0.9111111111111111,達麗
46.900001525878906,52.20000076293945,46.400001525878906,52.20000076293945,6724991.0,0.011627951677542825,49.45,0.21395350611487096,43.29499988555908,0.5675676263933527,37.48666658401489,0.48295453498678786,35.02416655222575,0.041558909364857656,63.71571124510012,2542774.75,2.644745076220377,0.20568197022563361,6243.TW,2026-07-24,-0.013579064467496571,0.1206611233966084,bull,0.026851851851851852,0.037998146431881374,2026-03-31,2026-05-15,90026000.0,53797000.0,-16222000.0,-1659000.0,-162000.0,,-0.03,918796000.0,84467000.0,1150484000.0,381040000.0,769444000.0,591361000.0,,,291585000.0,0.0976491862567811,-14637934.900542496,1066017000.0,-0.0137314272666782,,,0.4952147264778203,0.5975718125874747,-0.1801923888654388,,-0.455927768074601,,,38.55396498905318,38.55396498905318,False,90.22703384464728,90.22703384464728,77.30876663074875,548.0,True,True,True,True,True,True,True,True,True,True,True,True,True,False,False,False,False,13,False,0.3924951327947266,0.49039951272222915,1.0,132732843.88998318,0.3287037037037037,1.0,3.0,,,,,,0.07893347490971248,-0.08198489288738205,0.4125086110077973,-1.232522268046444,0.6662037037037036,-1.232522268046444,0.6554927960396427,-548.0,0.5277777777777778,0.9351851851851852,0.6944444444444444,0.5527777777777778,0.6833333333333333,迅杰
78.5,79.19999694824219,77.4000015258789,78.0,458792.0,0.0,77.82000122070312,0.1320754466268499,72.43577499389649,0.11587980396713227,73.23192494710287,0.29568104670222284,68.53429578145345,0.025047492500894268,66.59329755548447,691727.35,0.663255544254539,0.07681597948765462,6277.TW,2026-07-24,-0.013579064467496571,0.1206611233966084,bull,0.06759259259259259,0.22798887859128822,2026-03-31,2026-05-15,1293181000.0,778857000.0,186537000.0,183859000.0,52118000.0,128893000.0,1.08,3416718000.0,1638244000.0,7019344000.0,2304220000.0,4715124000.0,897714000.0,266856000.0,200000000.0,,0.2834672221648111,133659874.77904265,5381100000.0,0.0248387643379685,0.0273360785421549,0.01836254214069,0.4886870419526612,0.6022799592632431,0.1442466290488338,0.0996712757146911,0.0734456101555489,,,66.12491163281756,66.12491163281756,False,67.45905681976183,67.45905681976183,67.12552052302576,199.0,True,False,True,True,True,False,True,True,True,False,True,True,False,True,True,False,False,10,False,0.06510924103580806,0.13811631257919954,1.0,53954733.3,0.4388888888888889,1.0,3.0,,,,,,0.06018729125775266,0.006142195479850347,0.28477191620039055,-1.2148720358667544,0.6912037037037037,-1.2148720358667544,0.6834218673907401,-199.0,0.8703703703703703,0.6944444444444444,0.75,0.8523148148148147,0.7935185185185185,宏正
105.0,110.0,103.0,103.5,1158291.0,0.13362537284172982,101.16000061035156,0.3117870468741675,92.89000053405762,0.2777777777777777,88.37666714986166,0.21052631578947367,85.0075002670288,0.055748142210786535,69.7896708799011,1069454.7,1.083066912511582,0.11422111535086366,6416.TW,2026-07-24,-0.013579064467496571,0.1206611233966084,bull,0.013888888888888888,0.10658016682113068,2026-03-31,2026-05-15,1057732000.0,271486000.0,132488000.0,135818000.0,38070000.0,99022000.0,1.35,4240170000.0,1810116000.0,6158927000.0,2539091000.0,3619836000.0,356630000.0,274239000.0,208323000.0,,0.2803015800556627,95351404.26158535,4348811000.0,0.0219258561159786,0.0273553829510508,0.016077800564936,0.7014381314512591,0.2566680406757099,0.1252566812765426,0.0936172867985463,-0.046140444062884,,,49.20522556408967,49.20522556408967,False,82.36317873530567,82.36317873530567,74.07369044250167,382.0,True,True,True,True,True,True,True,True,True,True,False,True,True,True,False,False,False,13,False,0.17112359334046245,0.21753962503169544,1.0,110688561.44999999,0.3509259259259259,2.0,3.0,,,,,,0.047122820305500364,-0.03258384672160595,0.2925426077170311,-1.3335680112822859,0.5592592592592592,-1.3335680112822859,0.6437535458041282,-382.0,0.6666666666666666,0.8796296296296297,0.6759259259259259,0.6680555555555555,0.7324074074074074,瑞祺電通
38.29999923706055,40.25,37.84999847412109,38.84999847412109,5887052.0,0.019685040158451184,40.16999969482422,0.31249993153520594,38.079165840148924,0.15453184880966697,35.05055522918701,0.0851955112307139,35.24361095428467,0.06190885444380872,50.301940802877816,7031104.5,0.8372869440356063,0.020242897053155184,6477.TW,2026-07-24,-0.013579064467496571,0.1206611233966084,bull,0.012962962962962963,0.1881371640407785,2026-03-31,2026-05-15,225003000.0,55733000.0,28969000.0,2480000.0,2731000.0,-1883000.0,-0.02,1126619000.0,970864000.0,8000687000.0,4658638000.0,3342049000.0,436913000.0,100000000.0,2224579000.0,625813000.0,0.4,17381400.0,7029823000.0,0.0024725231346507,-0.0005634268079253,-0.0002353547889075,1.3939466477002582,0.2476989195699613,0.1287493944525184,-0.0083687773051914,0.5421093032500377,,,38.3258266980446,38.3258266980446,False,71.59459009785458,71.59459009785458,63.27739924790209,553.0,True,False,True,True,True,True,True,True,True,True,True,True,True,True,False,False,False,13,False,0.10839894603924094,0.10232741260577272,1.0,273158399.0963859,0.2351851851851852,1.0,3.0,,,,,,0.018177124794235958,-0.08076182658870038,0.22229320383879658,-1.6999851702573852,0.3217592592592593,-1.6999851702573852,0.35924318222567697,-553.0,0.5185185185185185,0.5,0.2777777777777778,0.4824074074074074,0.4648148148148148,安集
28.799999237060547,29.0,27.0,27.700000762939453,791125.0,0.001808359678083571,27.450000381469728,0.2149123548177203,24.67750015258789,0.2619589886169089,24.188333384195964,0.1812366678775008,23.9495832602183,0.04477138327172562,67.45098338407628,514638.85,1.5372430588946016,0.12248001587124291,6598.TW,2026-07-24,-0.013579064467496571,0.1206611233966084,bull,0.025925925925925925,0.11214087117701575,2026-03-31,2026-05-15,217115000.0,140181000.0,17966000.0,20979000.0,0.0,20979000.0,0.2,947351000.0,157433000.0,1089898000.0,414395000.0,675503000.0,434793000.0,,,,0.0,17966000.0,932465000.0,0.0192672111017571,0.0310568568903468,0.0192485902350495,0.613461376189299,0.6456532252492918,0.0827487736913617,0.0966262119153444,0.8094876945002376,,,67.77168793520316,67.77168793520316,False,88.72796661794486,88.72796661794486,83.48889694725943,181.0,True,True,True,True,True,True,True,True,True,True,True,True,True,True,True,False,False,14,False,0.1451802124175252,0.15659635752204593,1.0,14255496.537638282,0.6240740740740741,0.0,3.0,,,,,,0.0719638341987971,0.03900254737579076,0.2828362811253705,-0.7320596093029611,0.8351851851851853,-0.7320596093029611,0.8141007543719475,-181.0,0.8796296296296297,0.9907407407407407,0.8981481481481481,0.8824074074074074,0.9166666666666667,ABC-KY
25.799999237060547,26.0,24.399999618530277,26.0,102666.0,0.0038610186464318463,25.829999923706055,0.0547667506029037,25.380000019073485,0.06557378715098916,25.216002496083583,-0.01140681542826072,25.018834606806436,0.01075268739611022,69.09089521928261,130457.25,0.7869704443409623,0.024428683233277182,6606.TW,2026-07-24,-0.013579064467496571,0.1206611233966084,bull,0.18888888888888888,0.3132530120481928,2026-03-31,2026-05-15,191808000.0,78315000.0,47168000.0,50588000.0,21113000.0,29102000.0,0.26,1052582000.0,392295000.0,2170020000.0,549327000.0,1620693000.0,84940000.0,0.0,,,0.4,28300800.0,1777725000.0,0.0159196726152807,0.0179565161322964,0.0134109363047345,0.3389457472821811,0.4082989239239239,0.2459125792459126,0.1517246413079746,0.1109322058440243,,,63.7605672758917,63.7605672758917,False,64.54784805792093,64.54784805792093,64.35102786241362,226.0,True,False,True,True,True,True,True,True,True,False,True,True,False,True,True,False,False,11,False,0.031091268492624335,0.039217070203847015,1.0,3391888.5,0.8175925925925925,0.0,3.0,,,,,,0.04857323055883393,0.00379804547851741,0.14773841963023288,-1.488928986187285,0.4124999999999999,-1.488928986187285,0.5044220341120464,-226.0,0.8518518518518519,0.5740740740740741,0.49074074074074076,0.7976851851851852,0.6962962962962962,建德工業
261.5,269.0,261.5,267.5,393386.0,0.030828516377649384,263.0,0.06573705179282863,259.45,0.05731225296442677,263.64207356770834,-0.03949730700179532,265.6668701171875,0.005566172493940679,69.04761904761905,467471.85,0.8415180507660515,0.031027172865677466,6670.TW,2026-07-24,-0.013579064467496571,0.1206611233966084,bull,0.15833333333333333,0.3392029657089898,2026-03-31,2026-05-15,8468855000.0,2032739000.0,1265065000.0,1332547000.0,298511000.0,970370000.0,6.96,20003146000.0,8031634000.0,30684051000.0,10347885000.0,20336166000.0,9145558000.0,1517321000.0,68804000.0,1552151000.0,0.2240153630603648,981671004.7300396,22652417000.0,0.0433362587634705,0.047716467302637,0.0316245726485072,0.5088414895905158,0.2400252454434513,0.149378516930565,0.1145810147888941,-0.0012569118061379,,,69.78295043229787,69.78295043229787,False,55.41372465428277,55.41372465428277,59.00603109878654,168.0,True,False,True,True,True,False,True,True,True,False,True,True,True,True,True,False,False,11,False,0.014633197122464914,0.00690010719817602,1.0,125048719.875,0.3388888888888889,2.0,3.0,,,,,,0.03290572834361296,-0.019277948153994116,0.16614361734571273,-1.284064663753092,0.37407407407407406,-1.284064663753092,0.5610011403534882,-168.0,0.8981481481481481,0.2777777777777778,0.5648148148148148,0.8481481481481482,0.6453703703703704,復盛應用
13.100000381469728,13.100000381469728,12.800000190734863,13.100000381469728,174295.0,0.056317466772131786,12.86015739440918,0.10548522867177867,12.485255718231201,0.06938778624242681,12.241751909255981,0.09166669845581077,12.239209302266438,0.01794010907330219,75.12727890169069,117925.0,1.4780156879372484,0.04923765096303678,8411.TW,2026-07-24,-0.013579064467496571,0.1206611233966084,bull,0.08657407407407407,0.3035217794253939,2026-03-31,2026-05-15,2726482000.0,240600000.0,69628000.0,61624000.0,19776000.0,41688000.0,0.19,5684691000.0,4777607000.0,13494274000.0,7266361000.0,6227913000.0,1476105000.0,1130770000.0,1174037000.0,1103389000.0,0.3209139296378034,47283404.90717903,8716667000.0,0.0054244821910919,0.0066937351244309,0.0030893103252535,1.16674092910418,0.0882455853367086,0.025537670888713,0.0152900330902606,0.2387255467647537,,,26.84034715613582,26.84034715613582,False,72.90133493853973,72.90133493853973,61.386087992938755,739.0,True,False,True,True,True,True,True,False,True,False,True,True,True,True,False,False,False,11,False,0.07010830464264073,0.07033061188388134,1.0,1544817.5449848177,0.9037037037037037,0.0,3.0,,,,,,0.09879653033882016,0.04304469291654975,0.3050941740341949,-1.0611671408088794,0.8675925925925927,-1.0611671408088794,0.8604150013322676,-739.0,0.35185185185185186,0.3888888888888889,0.9444444444444444,0.4407407407407407,0.4814814814814815,福貞-KY
363.0,372.0,363.0,370.0,347196.0,0.03064066852367686,364.0,0.05563480741797422,361.975,0.05263157894736836,342.31666666666666,-0.06956434252933497,357.0956250508626,0.010609339010260378,50.0,606509.0,0.5724498729614894,0.022170039367359617,8464.TW,2026-07-24,-0.013579064467496571,0.1206611233966084,bull,0.18333333333333332,0.34754402224281744,2026-03-31,2026-05-15,7305395000.0,4316539000.0,2053372000.0,2325863000.0,594429000.0,1647198000.0,5.62,27155869000.0,11007979000.0,42576950000.0,14807659000.0,27769291000.0,19344343000.0,569716000.0,669863000.0,,0.2555735226021481,1528584484.7473822,31568971000.0,0.048420472265231,0.0593172508437467,0.0386875527720985,0.5332386412026148,0.5908700350905051,0.2810761088209467,0.2254769249301372,0.0044846681027981,,,84.51846605538479,84.51846605538479,False,62.65890272454286,62.65890272454286,68.12379355725335,62.0,True,False,True,True,True,True,True,True,True,False,True,True,False,True,True,False,False,11,False,0.08087053897463359,0.03613702897451998,1.0,224408330.0,0.262037037037037,2.0,2.0,,,,,,0.051966023974392456,-0.01591432343183259,0.24910801784808037,-1.6260935240830574,0.5398148148148147,-1.6260935240830574,0.5097959653432789,-62.0,0.9722222222222222,0.7407407407407407,0.5092592592592593,0.9027777777777777,0.8101851851851851,億豐
17.600000381469727,17.600000381469727,16.399999618530273,17.100000381469727,106000.0,0.008849534618207366,17.29000015258789,0.06875002384185791,17.230000019073486,0.06542063516019714,16.08333338101705,-0.2723404092991606,17.899583347638448,0.02118832301782438,47.43590934900165,87730.3,1.2082484614779614,-0.007544958645377298,8466.TW,2026-07-24,-0.013579064467496571,0.1206611233966084,bull,0.15092592592592594,0.31417979610750696,2026-03-31,2026-05-15,646708000.0,53336000.0,-48009000.0,-60006000.0,10830000.0,-70836000.0,-0.89,3078886000.0,1016402000.0,6310057000.0,3271933000.0,3038124000.0,1742461000.0,450000000.0,2038830000.0,,0.0,-48009000.0,5293655000.0,-0.0090691592104132,-0.0233157040331467,-0.0112258890846786,1.076958346663928,0.0824730790403087,-0.0742359766695324,-0.1095332050941073,-0.2869482379558921,,,10.174823562624717,10.174823562624717,False,64.35313116518422,64.35313116518422,50.80855426454435,1038.0,True,False,True,True,False,True,True,False,True,False,True,True,True,True,False,False,False,10,False,0.06321245579928325,-0.044670479230691895,0.0,1500188.1634664536,0.9083333333333333,0.0,3.0,,,,,,0.07488339913265409,-0.03600495666338022,0.24052422117072686,-0.7558193583064301,0.6759259259259259,-0.7558193583064301,0.7426213435381963,-1038.0,0.05555555555555555,0.027777777777777776,0.8240740740740741,0.17083333333333334,0.20092592592592595,美吉吉-KY
5.730000019073486,5.730000019073486,5.369999885559082,5.380000114440918,2886709.0,0.018939375124797264,5.415999984741211,0.046692656457094195,5.184500002861023,0.14468092186627168,5.207166663805643,0.16198703703284112,5.1955833276112875,0.00914841904837433,55.43478852408843,1767884.55,1.6328605847027737,0.03770857584569565,9103.TW,2026-07-24,-0.013579064467496571,0.1206611233966084,bull,0.21203703703703702,0.20111214087117701,,,,,,,,,,,,,,,,,,,,,,,,,,,,,,,,,50.0,False,65.29606017515925,65.29606017515925,61.47204513136944,369.0,True,False,True,True,True,False,True,True,True,True,True,True,True,True,False,False,False,12,False,0.03319145742666896,0.03549491466137589,1.0,9511219.081318332,0.6907407407407408,0.0,3.0,,,,,,0.04352165907944143,0.024442118999518207,0.07107112654481829,-1.108823571201739,0.4629629629629629,-1.108823571201739,0.4286400510146807,-369.0,0.6759259259259259,0.39814814814814814,0.37962962962962965,0.6314814814814815,0.5333333333333333,美德醫療-DR
78.19999694824219,80.0,77.4000015258789,78.9000015258789,2216308.0,-0.06071426754906062,79.30000152587891,0.07201091252225189,77.44500045776367,0.3626942909598001,70.56833349863687,-0.11048473235102507,70.80833336512248,0.021836657894758752,56.637170830314766,4252287.95,0.5212036499080454,0.01878754031267338,9914.TW,2026-07-24,-0.013579064467496571,0.1206611233966084,bull,0.1425925925925926,0.08155699721964782,2026-03-31,2026-05-15,5323065000.0,883503000.0,277586000.0,414150000.0,86163000.0,325661000.0,1.09,16669153000.0,11726544000.0,36194817000.0,15729956000.0,20464861000.0,3921684000.0,5780249000.0,308878000.0,,0.2080478087649402,219834840.9561753,24468273000.0,0.0089844853764781,0.0159131791806453,0.0089974484468314,0.7686324378162158,0.1659763688777048,0.0521477757645266,0.0611792266297706,-0.2965963236341542,,,27.385384545181456,27.385384545181456,False,75.40133768480355,75.40133768480355,63.39734939989803,724.0,True,True,True,True,True,True,True,True,True,True,True,True,False,True,False,False,False,13,False,0.11806525128445844,0.114275647740949,1.0,335505525.7434765,0.21944444444444444,1.0,3.0,,,,,,0.04871925384993105,-0.028129400781922824,0.22113008661058828,-1.8349263098401214,0.4268518518518519,-1.8349263098401214,0.45056833065108626,-724.0,0.37037037037037035,0.5092592592592593,0.42592592592592593,0.37870370370370365,0.42314814814814816,美利達
84.30000305175781,89.80000305175781,83.80000305175781,88.69999694824219,4583377.0,0.024249405440216476,85.45999908447266,0.15947708429074758,80.0149990081787,0.33584329683594993,74.41166661580404,-0.058386413781116864,75.75750007629395,0.034587536000835944,68.58973841695467,2775676.3,1.6512649547787688,0.10854212394823315,9921.TW,2026-07-24,-0.013579064467496571,0.1206611233966084,bull,0.046296296296296294,0.08989805375347544,2026-03-31,2026-05-15,12523541000.0,2458803000.0,-191441000.0,-170563000.0,-23472000.0,-199773000.0,-0.51,48200680000.0,28731484000.0,72341005000.0,34909460000.0,37431545000.0,13787267000.0,9060327000.0,1863857000.0,,0.1376148402643011,-165095877.36496192,43609521000.0,-0.0037857759860504,-0.0053370225567766,-0.0027615458203822,0.9326214026164296,0.1963344871869705,-0.0152864912567459,-0.0159517982973026,-0.2568048701835493,,,14.870530982450036,14.870530982450036,False,86.5485861209654,86.5485861209654,68.62907233633655,960.0,True,True,True,True,True,True,True,True,True,True,True,True,True,True,False,False,False,14,False,0.19201734059002384,0.17084112937879548,1.0,246202479.33930814,0.24814814814814815,1.0,3.0,,,,,,0.021138893331753353,-0.07957479387811683,0.2703001923586737,-1.585306546471557,0.38611111111111107,-1.585306546471557,0.409592906144859,-960.0,0.12962962962962962,0.7592592592592593,0.3425925925925926,0.16157407407407406,0.3611111111111111,巨大
10.600000381469728,10.800000190734863,10.550000190734863,10.649999618530272,631999.0,0.004716908986904356,10.76999988555908,0.08012170277491171,10.513000059127808,0.1390373458847063,10.108885590235392,0.0,9.906859469413757,0.016738376060483187,51.11109415690097,1088109.55,0.5808229511449468,0.013031442845233832,9934.TW,2026-07-24,-0.013579064467496571,0.1206611233966084,bull,0.12777777777777777,0.20852641334569044,2026-03-31,2026-05-15,4675859000.0,1599481000.0,215608000.0,179015000.0,65010000.0,114005000.0,0.28,10184466000.0,6401709000.0,16132102000.0,9818930000.0,6313172000.0,2756002000.0,2012873000.0,1745714000.0,,0.3631539256486886,137309108.39873755,9730393000.0,0.0141113630660896,0.0180582756180252,0.0070669649869558,1.5553084883478543,0.3420721197965978,0.0461108857217465,0.0243816162976685,0.0629297965528301,,,37.04526496126525,37.04526496126525,False,67.03945990346057,67.03945990346057,59.54091116791174,572.0,True,False,True,True,True,True,True,True,True,True,True,True,False,True,False,False,False,12,False,0.05352855400970857,0.07501268705898889,1.0,11588366.292419147,0.6620370370370371,0.0,3.0,,,,,,0.07333958808703,0.03436751918272845,0.18745187506948036,-0.9672728620325153,0.6967592592592593,-0.9672728620325153,0.7525312185519324,-572.0,0.4722222222222222,0.2962962962962963,0.8518518518518519,0.5291666666666666,0.49537037037037035,成霖
19.549999237060547,19.700000762939453,19.299999237060547,19.399999618530277,382436.0,0.05149045074833203,19.29000015258789,0.0902761185254457,18.774207210540773,0.05434782721369813,18.709414577484136,-0.055961054074217365,18.971373939514162,0.014233009649214784,58.333333333333265,573633.75,0.6666902008467946,0.03333256104887106,9935.TW,2026-07-24,-0.013579064467496571,0.1206611233966084,bull,0.10833333333333334,0.3438368860055607,2026-03-31,2026-05-15,1207014000.0,329361000.0,129050000.0,125078000.0,35715000.0,89363000.0,0.51,4101731000.0,3844659000.0,8361229000.0,5772111000.0,2589118000.0,430540000.0,854900000.0,1461115000.0,287107000.0,0.2855418219031324,92200827.88340075,4516570000.0,0.0204139043308087,0.0345148425062125,0.0106877828606297,2.22937347776347,0.2728725598874578,0.1069167383311212,0.0740364237697325,0.0157374361805349,,,40.70851081970746,40.70851081970746,False,72.9688283076372,72.9688283076372,64.90374893565476,498.0,True,False,True,True,True,True,True,True,True,False,True,True,False,True,False,False,False,11,False,0.03691109832358008,0.022593286094232834,1.0,11128494.531176092,0.6694444444444444,0.0,3.0,,,,,,0.09767135213877828,0.02823439045191782,0.21667333782133172,-0.8199708939110082,0.786111111111111,-0.8199708939110082,0.7804110205214555,-498.0,0.5648148148148148,0.6111111111111112,0.8888888888888888,0.6134259259259258,0.6435185185185185,慶豐富
47.0,47.20000076293945,46.59999847412109,46.79999923706055,1545634.0,0.02071975560644046,47.009999847412104,0.08208090721527284,45.95500011444092,0.06363634629683057,44.88083324432373,-0.10857144310360867,46.649583371480304,0.01687226858591857,60.769206842741276,1704139.6,0.9069879016953775,0.0183875339030648,9938.TW,2026-07-24,-0.013579064467496571,0.1206611233966084,bull,0.12037037037037036,0.31974050046339203,2026-03-31,2026-05-15,4039116000.0,1284918000.0,520713000.0,425166000.0,129637000.0,260126000.0,0.87,14032321000.0,11813151000.0,35752846000.0,19207493000.0,16545353000.0,5015670000.0,8240072000.0,4051483000.0,952978000.0,0.3049091413706646,361942846.2694571,23939695000.0,0.0151189414179861,0.0157219975905016,0.0072756725436626,1.1608995589275128,0.3181186180342431,0.1289175651305879,0.0644017156229234,-0.0496369830476012,,,40.748148756108165,40.748148756108165,False,74.67123402782757,74.67123402782757,66.19046270989772,497.0,True,False,True,True,True,True,True,True,True,False,True,True,True,True,False,False,False,12,False,0.042761371703800455,0.0032243774694074023,1.0,79753731.97984467,0.38055555555555554,1.0,3.0,,,,,,0.05116363707595231,-0.004066013529526584,0.1600061246270296,-1.7654863520897925,0.39583333333333337,-1.7654863520897925,0.4127366615547097,-497.0,0.5740740740740741,0.6666666666666666,0.35185185185185186,0.5407407407407407,0.5574074074074075,百和
129.5,131.0,129.0,129.5,1372138.0,0.031872509960159334,130.5,0.05518702784102625,124.96878471374512,0.1511111111111112,124.08027470906576,0.08823529411764697,121.28597068786621,0.014226748869027193,67.74193548387098,2034378.75,0.674475192979675,0.03625877691484414,9939.TW,2026-07-24,-0.013579064467496571,0.1206611233966084,bull,0.18703703703703703,0.19091751621872105,2026-03-31,2026-05-15,6859793000.0,1532311000.0,905992000.0,852810000.0,177064000.0,664457000.0,2.25,15830282000.0,15334754000.0,47767359000.0,28356250000.0,19411109000.0,3417062000.0,3186314000.0,8601830000.0,3723183000.0,0.2076242070332196,717886129.4215593,32432605000.0,0.0221347045487576,0.0342307593038604,0.0139102729125133,1.4608258600783706,0.2233756907825061,0.1320727899515335,0.0968625438114532,-0.0577454629967812,,,44.2251041721302,44.2251041721302,False,70.14647629980124,70.14647629980124,63.66613326788348,445.0,True,False,True,True,True,True,True,True,True,True,True,True,False,True,False,False,False,12,False,0.0436791851375411,0.06772448013194277,1.0,263452048.125,0.24074074074074073,2.0,3.0,,,,,,0.05079551741787572,-0.0019010160802428453,0.24602984545036485,-0.7454203484228492,0.6615740740740741,-0.7454203484228492,0.4723576683648757,-445.0,0.5833333333333334,0.5370370370370371,0.4537037037037037,0.5638888888888889,0.5435185185185186,宏全
124.0,124.0,122.5,124.0,73848.0,0.008130081300812941,123.4,0.06437768240343344,120.8,0.06437768240343344,119.29166666666667,0.1272727272727272,117.35833333333333,0.011937172774869087,72.0,124669.6,0.5923496987236664,0.026490066225165476,9942.TW,2026-07-24,-0.013579064467496571,0.1206611233966084,bull,0.16018518518518518,0.3160333642261353,2026-03-31,2026-05-15,1082513000.0,432535000.0,264944000.0,276710000.0,92270000.0,184517000.0,2.22,3502057000.0,986902000.0,6010077000.0,1477893000.0,4532184000.0,664533000.0,250000000.0,42450000.0,,0.333453796393336,176597417.368364,5023175000.0,0.0351565329434797,0.0407126012536119,0.0307012705494455,0.3260884818445147,0.3995656403202548,0.2447490237992522,0.1704524564601071,0.1336271128932433,,,83.11611500419343,83.11611500419343,False,64.50111585755485,64.50111585755485,69.1548656442145,66.0,True,False,True,True,True,True,True,True,True,False,True,True,False,True,True,False,False,11,False,0.039469088368843774,0.05659305545693383,1.0,15459030.4,0.6101851851851852,2.0,2.0,,,,,,0.07325880170348208,0.0350627139947286,0.26696022045710877,-1.0227491993259252,0.7912037037037037,-1.0227491993259252,0.7583516582995868,-66.0,0.9629629629629629,0.7685185185185185,0.8703703703703703,0.949074074074074,0.8861111111111111,茂順
17.899999618530273,17.899999618530273,17.75,17.899999618530273,29667.0,-0.0027855789573232315,18.1,0.02285712105887283,17.892500019073488,0.09815953719996995,17.31033617655436,0.06231449337029393,16.94475140571594,0.007314020536901467,46.87498882413177,54567.15,0.5436787517764808,0.0004191476567718677,9944.TW,2026-07-24,-0.013579064467496571,0.1206611233966084,bull,0.2962962962962963,0.25023169601482853,2026-03-31,2026-05-15,704581000.0,244021000.0,98268000.0,114815000.0,40853000.0,68907000.0,0.65,2917115000.0,1568744000.0,5865832000.0,2336741000.0,3529091000.0,1702145000.0,1052022000.0,457500000.0,,0.3558158777163263,63302685.32857205,4297088000.0,0.0147315310574444,0.0195254245356665,0.0117471826673522,0.6621367938656159,0.3463349139417611,0.1394701247975747,0.0977985497763919,0.118185526042237,,,54.04006958175547,54.04006958175547,False,59.89024768213805,59.89024768213805,58.4277031570424,313.0,True,False,True,True,True,True,True,False,True,False,True,True,False,True,False,False,False,10,False,0.03406423976760031,0.05637428310055359,1.0,976751.9641842842,0.9435185185185185,0.0,3.0,,,,,,0.07619694461024751,0.05116245655413391,0.16020343065369444,-1.099938860498932,0.6416666666666666,-1.099938860498932,0.6896952703383852,-313.0,0.7592592592592593,0.2222222222222222,0.7592592592592593,0.7592592592592593,0.5981481481481482,新麗
26.0,26.450000762939453,25.899999618530277,26.100000381469727,4541863.0,-0.005714271182105657,26.35999984741211,0.023696043918951304,25.94292449951172,0.0920502425963945,25.045072301228846,-0.10463119303513502,25.998369503021244,-0.0019156320021142593,57.95455136574778,7745018.05,0.5864238108521903,0.006054671359852382,9945.TW,2026-07-24,-0.013579064467496571,0.1206611233966084,bull,0.2935185185185185,0.26042632066728455,2026-03-31,2026-05-15,8802139000.0,2177505000.0,1558595000.0,3524918000.0,275592000.0,2706817000.0,0.99,56821154000.0,31229259000.0,206807304000.0,85163985000.0,121643319000.0,4687641000.0,7435539000.0,36077246000.0,,0.0781839464066965,1436737892.0502548,175578045000.0,0.0081829017520399,0.0222520811027854,0.0130885947819328,0.7001123094972441,0.247383618913539,0.1770700280920353,0.3075180930453381,0.2547092191019549,,,56.447152500431685,56.447152500431685,False,56.804510558580894,56.804510558580894,56.71517104404359,296.0,True,False,True,True,True,True,False,True,True,False,True,True,False,True,False,False,False,10,False,0.04212118326322911,0.003909125087120158,1.0,202144974.0594899,0.27870370370370373,0.0,3.0,,,,,,-0.0074188967834377785,-0.06771164049145954,0.09161036076100677,-1.7797183517930046,0.15601851851851853,-1.7797183517930046,0.1986545346234518,-296.0,0.7777777777777778,0.19444444444444445,0.1111111111111111,0.6777777777777778,0.46944444444444444,潤泰新
1015.0,1065.0,992.0,992.0,177603.0,-0.03689320388349515,998.4,0.15081206496519717,952.35,0.26048284625158824,800.35,1.2909930715935336,718.3166666666667,0.036571428571428595,60.412371134020624,284463.35,0.6243440499452741,0.041633853100225826,6949.TW,2026-07-24,-0.013579064467496571,0.1206611233966084,bull,0.05648148148148148,0.11306765523632993,2026-03-31,2026-05-15,6368000.0,-1205000.0,-88755000.0,-87174000.0,0.0,-76584000.0,-1.18,2495035000.0,259818000.0,3291024000.0,368950000.0,2922074000.0,2248325000.0,100000000.0,,,-0.0,-88755000.0,3031206000.0,-0.0292804250189528,-0.026208781844676,-0.0232705686740661,0.1262630583619716,-0.1892273869346733,,,-0.4668452779638312,,,16.666666666666664,16.666666666666664,False,83.29543097080015,83.29543097080015,66.63823989476678,923.0,True,True,True,True,True,True,True,True,True,True,True,True,False,True,False,False,False,13,False,0.23945773723995756,0.3810065198728507,1.0,282187643.2,0.23333333333333334,3.0,3.0,,,,,,-0.11047681964666109,-0.2683461210043491,0.07179744506421588,-1.7661011848009542,0.0462962962962963,-1.7661011848009542,0.07032421700524978,-923.0,0.14814814814814814,0.6851851851851852,0.018518518518518517,0.12870370370370368,0.2833333333333334,沛爾生醫-創
243.0,244.5,227.0,240.0,349976.0,-0.026369168356997985,247.6,0.29032258064516125,220.575,0.518987341772152,189.68333333333334,0.28342245989304815,179.25,0.07088238863939796,70.0,261380.25,1.338953497825486,0.08806528391703505,6957.TW,2026-07-24,-0.013579064467496571,0.1206611233966084,bull,0.016666666666666666,0.04355885078776645,2026-03-31,2026-05-15,1008397000.0,304729000.0,100942000.0,102458000.0,25691000.0,82568000.0,1.51,2765058000.0,1395803000.0,5405505000.0,3045045000.0,2360460000.0,1274466000.0,40000000.0,27000000.0,945042000.0,0.2507466474067423,75631131.9174686,4009702000.0,0.0188620331180393,0.0349796226159307,0.0152747985618364,1.2900218601459037,0.3021914979913665,0.1001014481399686,0.0818804498625045,0.2868739487648066,,,57.7309173012778,57.7309173012778,False,83.5744148719378,83.5744148719378,77.11354047927281,286.0,True,True,True,True,True,True,True,True,True,True,True,True,True,True,False,False,False,14,False,0.26526667252438263,0.33891213389121333,1.0,62731260.0,0.41388888888888886,2.0,3.0,,,,,,0.06018368001517647,-0.017283656301451893,0.34416394486941065,-1.091485261235171,0.6949074074074074,-1.091485261235171,0.7168981372150959,-286.0,0.7962962962962963,0.9166666666666666,0.7962962962962963,0.7962962962962963,0.8324074074074073,裕慶-KY
