Open,High,Low,Close,Volume,ret5,ma5,ret20,ma20,ret60,ma60,ret120,ma120,ma20_slope,rsi14,volume_ma20,volume_ratio,ma20_deviation,symbol,date,benchmark_ret20,benchmark_ret60,market_regime,rs20_rank_pct,rs60_rank_pct,period_date,as_of_date,revenue,gross_profit,operating_income,pretax_income,tax_expense,net_income_parent,eps,current_assets,current_liabilities,assets,liabilities,equity,cash,short_borrowings,long_borrowings,bonds_payable,tax_rate,nopat,invested_capital_proxy,roic_proxy,roe,roa,debt_to_equity,gross_margin,operating_margin,net_margin,revenue_growth,pe,pb,eva_like_score,fundamental_score,fundamental_pass,technical_score,score,final_score,fundamental_rank,pass_market,pass_score,pass_rs20,pass_rs60,pass_close_ma20,pass_ma20_ma60,pass_ma20_slope,pass_rsi,pass_ret20_benchmark,pass_ret60_benchmark,pass_ret5_cap,pass_ret20_cap,pass_volume_ratio,pass_ma20_deviation,pass_fundamental_score,pass_fundamental_filter,pass_fundamental_universe,entry_pass_count,entry_all_pass,close_ma60_ratio,close_ma120_ratio,above_ma120,turnover20,liquidity_rank,price_bucket,eva_rank_bucket,forward_60d_return,forward_60d_max_drawdown,reward_60,fwd60_rank_label,top_quantile_60,reg_forward60,reg_reward60,cls_topq60,rank_forward60,ensemble_score,ranker_score,stable_ensemble_score,fundamental_rank_score,fundamental_score_rank,final_score_rank,stable_ml_rank,fund_ml_85_15,fund_final_ml,name
16.0,16.25,15.800000190734863,16.149999618530273,1054123.0,0.012539173144626492,16.039999771118165,0.03194888256789352,15.877687883377074,0.06953637155857773,15.289007186889648,0.0,15.44950361251831,0.012315718897744606,62.16217330811504,266316.85,3.958153605376453,0.017150591267025117,1110.TW,2026-07-31,-0.050761422034663384,0.0527124021161145,bull,0.10555555555555556,0.2196478220574606,2026-03-31,2026-05-15,582643000.0,83497000.0,44070000.0,33666000.0,8657000.0,25695000.0,0.05,2827051000.0,1931603000.0,12789768000.0,3130316000.0,9659452000.0,402347000.0,1166000000.0,483161000.0,,0.2571437058159567,32737676.884690788,10858165000.0,0.0030150284955782,0.0026600887917865,0.0020090278416309,0.3240676593247732,0.1433073082487904,0.0756380836979076,0.0441007615297875,-0.2132017328270251,,,22.850230007474945,22.850230007474945,False,76.4800500451322,76.4800500451322,63.07259503571789,813.0,True,True,True,True,True,True,True,True,True,True,True,True,False,True,False,False,False,13,False,0.05631447621915742,0.04534100405946839,1.0,4301017.025908183,0.7842592592592592,0.0,3.0,,,,,,0.07126541181652458,0.05932665156336557,0.14768483065701232,-1.820607918921207,0.313963963963964,-1.820607918921207,0.34755761131364743,-813.0,0.22522522522522523,0.36936936936936937,0.21621621621621623,0.22387387387387386,0.26666666666666666,東泥
9.9399995803833,10.050000190734863,9.90999984741211,9.949999809265137,960294.0,-0.003005985405533318,9.965999603271484,-0.01970441544648005,9.985999822616577,0.028955504732374626,9.82583327293396,-0.0379706019118079,9.945463959376017,0.0012031222192167622,45.762703645453705,498346.9,1.9269589115533776,-0.0036050484669453153,1217.TW,2026-07-31,-0.050761422034663384,0.0527124021161145,bull,0.3,0.2965708989805375,2026-03-31,2026-05-15,1166163000.0,307298000.0,21356000.0,-57188000.0,6806000.0,-62857000.0,-0.13,2601435000.0,2999272000.0,15268066000.0,7073706000.0,8194360000.0,482770000.0,1265443000.0,3886095000.0,,0.0,21356000.0,12268794000.0,0.0017406763859593,-0.0076707637936336,-0.0041168933904267,0.8632408144138163,0.2635120476297052,0.0183130488619515,-0.0539006982728829,-0.0155472825811679,,,21.61740390137036,21.61740390137036,False,60.86106992920841,60.86106992920841,51.0501534222489,833.0,True,False,True,True,False,True,True,False,True,False,True,True,True,True,False,False,False,10,False,0.012636743661548211,0.00045607222625787536,1.0,4958551.559947873,0.7564814814814815,0.0,3.0,,,,,,0.10621724505410812,0.08623775002112001,0.17339643729323873,-1.4917610069975886,0.6081081081081081,-1.4917610069975886,0.6345258240459117,-833.0,0.21621621621621623,0.009009009009009009,0.6396396396396397,0.27972972972972976,0.23873873873873874,愛之味
157.0,159.0,154.5,154.5,336525.0,0.0032467532467532756,154.8,0.05460750853242313,153.65,0.04391891891891886,147.57188822428387,0.06551724137931036,148.55677744547526,0.020082987551867257,53.60824742268041,613555.25,0.548483612519003,0.0055320533680442985,1232.TW,2026-07-31,-0.050761422034663384,0.0527124021161145,bull,0.0712962962962963,0.25301204819277107,2026-03-31,2026-05-15,5894059000.0,806895000.0,480031000.0,487266000.0,97456000.0,372297000.0,2.33,7651568000.0,2814803000.0,10506118000.0,3994796000.0,6511322000.0,3420506000.0,220000000.0,,,0.2000057463479906,384022041.5748277,7691315000.0,0.0499293087820259,0.0571768682304453,0.0354362096447041,0.6135153506461515,0.1368997154592446,0.0814431955974651,0.0631647901726128,0.0920647302197261,,,64.65049610002629,64.65049610002629,False,68.78375593438486,68.78375593438486,67.75044097579521,215.0,True,False,True,True,True,True,True,True,True,False,True,True,False,True,True,False,False,11,False,0.04694736822223611,0.04000640466710492,1.0,94794286.125,0.3472222222222222,2.0,3.0,,,,,,0.05915155267671864,0.0350021529149699,0.16614595331102755,-1.1856941526742224,0.3518018018018018,-1.1856941526742224,0.3479446295188044,-215.0,0.7927927927927928,0.5675675675675675,0.22522522522522523,0.7076576576576576,0.6117117117117117,大統益
64.0,64.9000015258789,63.70000076293945,64.19999694824219,92184.0,0.011023573988065971,63.75999984741211,0.0031249523162841797,63.96999988555908,0.04390238940231206,62.44166660308838,0.03152323225785425,62.13938554128011,0.004159798480031335,53.164533735212615,29901.4,3.08293257171905,0.0035953894496569827,1315.TW,2026-07-31,-0.050761422034663384,0.0527124021161145,bull,0.19166666666666668,0.25393883225208524,2026-03-31,2026-05-15,400564000.0,44047000.0,-40608000.0,22670000.0,8119000.0,13937000.0,0.15,7354156000.0,780905000.0,11315299000.0,994940000.0,10320359000.0,2244943000.0,109175000.0,,,0.3581385090427878,-26064711.42479048,10534394000.0,-0.0024742487726195,0.0013504375186948,0.001231695247293,0.0964055610856172,0.1099624529413526,-0.1013770583477297,0.0347934412478405,-0.2598363215400335,,,15.52001612125422,15.52001612125422,False,64.49507135362775,64.49507135362775,52.251307545534374,952.0,True,False,True,True,True,True,True,True,True,False,True,True,False,True,False,False,False,11,False,0.028159567814399766,0.0331611165609802,1.0,1919669.788748169,0.8731481481481481,1.0,3.0,,,,,,0.05869079565214704,0.052058527815731725,0.1390740683230341,-1.6933260844664022,0.26756756756756755,-1.6933260844664022,0.27706519311960986,-952.0,0.12612612612612611,0.02702702702702703,0.11711711711711711,0.12477477477477476,0.09459459459459459,達新
32.29999923706055,32.650001525878906,32.29999923706055,32.599998474121094,156002.0,0.013996793993305667,32.32000045776367,0.021943538055222866,31.895000076293947,0.10508469403800325,30.70000015894572,-0.026865717190415084,31.78708333969116,0.008378123840046216,68.83118941989238,133023.35,1.1727414773421359,0.022103727736032752,1321.TW,2026-07-31,-0.050761422034663384,0.0527124021161145,bull,0.13240740740740742,0.16126042632066728,2026-03-31,2026-05-15,880894000.0,105477000.0,20883000.0,93159000.0,58043000.0,35116000.0,0.16,2103160000.0,996940000.0,11565078000.0,5771280000.0,5793798000.0,430438000.0,490000000.0,3742014000.0,,0.4,12529800.0,10568138000.0,0.0011856203997336,0.0060609638099222,0.0030363824610607,0.9961134302576652,0.119738583756956,0.0237065980696882,0.0398640472065878,-0.1112010218886778,,,14.654052606066369,14.654052606066369,False,71.57643516462342,71.57643516462342,57.34583952498415,967.0,True,False,True,True,True,True,True,True,True,True,True,True,True,True,False,False,False,13,False,0.06188919561362716,0.025573756665333347,1.0,4336561.007022477,0.7824074074074074,1.0,3.0,,,,,,0.04834321006622013,0.017992131212816405,0.15536159631635954,-1.6597785884121037,0.21846846846846849,-1.6597785884121037,0.23117013742888673,-967.0,0.0990990990990991,0.12612612612612611,0.08108108108108109,0.0963963963963964,0.1036036036036036,大洋
68.5,69.19999694824219,67.5,67.5999984741211,127249.0,0.013493276867423187,68.75999908447265,0.021148060278212366,67.09999961853028,0.05132185483268126,65.77833290100098,-0.1322208324775973,65.18166666030884,0.013518617664561377,55.38461809327458,165291.2,0.769847396594616,0.007451547815698234,1419.TW,2026-07-31,-0.050761422034663384,0.0527124021161145,bull,0.13425925925925927,0.23725671918443003,2026-03-31,2026-05-15,1453047000.0,375765000.0,152661000.0,2932327000.0,127257000.0,2805070000.0,9.37,6923708000.0,4287205000.0,25723813000.0,5280888000.0,20442925000.0,2263855000.0,3450000000.0,0.0,,0.0433979566398972,146035824.54139665,21436608000.0,0.0068124502039406,0.1372147087562078,0.1090456535351116,0.2583235031190497,0.2586048489828615,0.1050626717511546,1.930474375570784,0.3659537865683988,,,72.80054807279497,72.80054807279497,True,69.42245333089141,69.42245333089141,70.2669770163673,140.0,True,False,True,True,True,True,True,True,True,False,True,True,False,True,True,True,False,11,False,0.027694006411834726,0.03710141114395382,1.0,11173684.867785646,0.6592592592592592,1.0,3.0,,,,,,0.05931509825539077,0.025464053098697575,0.18396023193514116,-0.5084684608817136,0.42882882882882883,-0.5084684608817136,0.41161062995579467,-140.0,0.918918918918919,0.6846846846846847,0.34234234234234234,0.8324324324324325,0.7333333333333333,新紡
31.5,31.799999237060547,31.350000381469727,31.700000762939453,242654.0,0.025890004993055937,31.210000228881835,0.019292616530873774,30.95999994277954,0.08934709097548166,29.725833288828536,-0.03353653962522696,30.41916669209798,0.006665583468770211,74.46809374081857,192890.25,1.2579899709809075,0.023901835320658593,1437.TW,2026-07-31,-0.050761422034663384,0.0527124021161145,bull,0.14074074074074075,0.1872103799814643,2026-03-31,2026-05-15,173801000.0,106736000.0,81756000.0,164121000.0,25845000.0,138012000.0,0.68,2289494000.0,1297708000.0,13727130000.0,5454839000.0,8272291000.0,555767000.0,882000000.0,3400000000.0,,0.157475277386806,68881451.22196428,12429422000.0,0.0055418064671039,0.0166836490640863,0.0100539588391746,0.6594109177252105,0.6141276517396332,0.4704000552355855,0.7940805864177997,-0.0904852113118288,,,51.0413507613127,51.0413507613127,False,70.23925431313695,70.23925431313695,65.43977842518089,354.0,True,False,True,True,True,True,True,False,True,True,True,True,True,True,False,False,False,12,False,0.06641251920271118,0.042106152473078584,1.0,6114621.072163582,0.7314814814814815,1.0,3.0,,,,,,0.0483373342403689,0.015102435178999838,0.08088095880331819,-1.9677062879682727,0.11621621621621622,-1.9677062879682727,0.16591457759090283,-354.0,0.6036036036036037,0.4864864864864865,0.04504504504504504,0.5198198198198198,0.4567567567567568,勤益控
23.850000381469727,23.899999618530277,23.0,23.299999237060547,90789.0,0.05909087441184302,22.539999771118165,0.03555552164713549,21.95250005722046,0.15920392014225593,21.585000006357827,-0.29393941705877136,25.336666742960617,-0.0029521996994486244,65.59137403243156,57710.2,1.5731881019299883,0.06138249294284259,1438.TW,2026-07-31,-0.050761422034663384,0.0527124021161145,bull,0.1,0.11399443929564411,2026-03-31,2026-05-15,377477000.0,149341000.0,122347000.0,87324000.0,15498000.0,,0.65,13719838000.0,9737355000.0,14176631000.0,10964578000.0,3212053000.0,127523000.0,3403550000.0,71700000.0,910937000.0,0.1774769822729146,100633223.64985572,4439276000.0,0.0226688369116621,,,3.413573188238177,0.3956294025861178,0.3241177608172153,,1565.2946058091286,,,68.22752717503778,68.22752717503778,False,73.94038757622728,73.94038757622728,72.5121724759299,178.0,True,False,True,True,True,True,False,True,True,True,True,True,True,True,True,False,False,12,False,0.07945328840387167,-0.08038419286017273,0.0,1344647.6159706116,0.9101851851851852,0.0,3.0,,,,,,0.22298616935776994,0.15389962940668392,0.32364629272573947,-0.11000777006727344,0.9558558558558558,-0.11000777006727344,0.9558558558558558,-178.0,0.8738738738738738,0.7657657657657657,0.990990990990991,0.8914414414414413,0.8648648648648648,三地開發
27.0,27.799999237060547,27.0,27.799999237060547,129592.0,0.057034222186831185,27.179999923706056,0.15352692103837962,25.592500019073487,0.05303028934695897,25.348333422342936,-0.06554624413241861,26.66958333651225,0.030708815993484684,68.74998211862365,55219.15,2.346866983646072,0.0862557083654143,1439.TW,2026-07-31,-0.050761422034663384,0.0527124021161145,bull,0.01574074074074074,0.23632993512511585,2026-03-31,2026-05-15,75912000.0,22864000.0,4904000.0,59736000.0,1630000.0,54161000.0,0.59,3556714000.0,2128037000.0,6084300000.0,2619482000.0,3464818000.0,685342000.0,1313697000.0,338000000.0,,0.0272867282710593,4770185.884558725,3956263000.0,0.0012057302268728,0.0156317012899378,0.0089017635553802,0.7560229714807531,0.3011908525661292,0.0646011170829381,0.7134708609969438,-0.4434481696811513,,,31.08546525604612,31.08546525604612,False,77.19641385385258,77.19641385385258,65.66867670440097,661.0,True,True,True,True,True,True,True,True,True,True,True,True,True,True,False,False,False,14,False,0.0967190139828531,0.04238596030110031,1.0,1535092.327871132,0.8925925925925926,0.0,3.0,,,,,,0.07084238652248966,0.04791569692123022,0.10748028287750022,-1.7157318110181725,0.27297297297297296,-1.7157318110181725,0.4160556152998969,-661.0,0.35135135135135137,0.4954954954954955,0.35135135135135137,0.35135135135135137,0.3945945945945946,雋揚
30.0,30.350000381469727,28.600000381469727,28.600000381469727,1020300.0,-0.045075136797333104,29.720000076293946,0.003508785314727314,29.262500095367432,0.06915889276522336,27.72833331425985,-0.008665511150584781,27.73583332697551,0.01924416776337001,48.54369291610665,477367.0,2.137349251205048,-0.022639887628828625,1442.TW,2026-07-31,-0.050761422034663384,0.0527124021161145,bull,0.19074074074074074,0.22150139017608897,2026-03-31,2026-05-15,302076000.0,150633000.0,104031000.0,105298000.0,19596000.0,85702000.0,0.23,13238665000.0,2535144000.0,14537328000.0,6447947000.0,8089381000.0,457751000.0,970000000.0,3173770000.0,,0.186100400767346,84670789.20777223,12002184000.0,0.0070546151606884,0.01059438293239,0.0058953062075781,0.7970878117868351,0.4986592777976403,0.3443868430461208,0.2837100597200704,-0.7804954613231485,,,47.44569679476102,47.44569679476102,False,64.26233259666682,64.26233259666682,60.05817364619037,399.0,True,False,True,True,False,True,True,False,True,True,True,True,True,True,False,False,False,11,False,0.031435970468574936,0.03115706113123129,1.0,13652696.382101059,0.6240740740740741,0.0,3.0,,,,,,0.11548195836832015,0.11343621622294901,0.17224845763169674,-1.8477505749766545,0.5815315315315316,-1.8477505749766545,0.7138975285629184,-399.0,0.5765765765765766,0.23423423423423423,0.7927927927927928,0.609009009009009,0.5171171171171172,名軒
17.399999618530273,17.549999237060547,17.399999618530273,17.5,112618.0,0.005747148486326958,17.41999969482422,0.005747148486326958,17.327499771118163,0.0385756441433136,16.96416654586792,0.021629955329077077,17.009541749954224,0.004347196116214666,66.66659602424448,146786.85,0.7672213144433578,0.009955286749988357,1451.TW,2026-07-31,-0.050761422034663384,0.0527124021161145,bull,0.1814814814814815,0.2669138090824838,2026-03-31,2026-05-15,1528005000.0,251389000.0,90072000.0,117186000.0,24897000.0,92289000.0,0.47,5411009000.0,1104512000.0,8789257000.0,1451967000.0,7337290000.0,1101248000.0,128340000.0,,,0.2124571194511289,70935562.33679791,7684745000.0,0.0092306982647827,0.0125780771919877,0.0105002049661308,0.1978887300352037,0.1645210585043897,0.0589474510881836,0.0603983625708031,0.1312304459905859,,,38.81138540584345,38.81138540584345,False,67.41609975294307,67.41609975294307,60.264921166168165,542.0,True,False,True,True,True,True,True,True,True,False,True,True,False,True,False,False,False,11,False,0.03158619391546824,0.02883430119727337,1.0,2568769.875,0.8444444444444444,0.0,3.0,,,,,,0.08899991028533322,0.08184127424092177,0.17132248254150648,-1.5181955421633653,0.5256756756756756,-1.5181955421633653,0.5524118602916402,-542.0,0.4144144144144144,0.26126126126126126,0.5675675675675675,0.43738738738738736,0.3990990990990991,年興
13.649999618530272,14.050000190734863,13.649999618530272,14.050000190734863,44217.0,0.07251906729780955,13.489999961853027,0.14693879108039698,13.084999990463256,0.12400001525878901,12.384166685740153,0.056390976634907775,12.418749992052714,0.028492823834102513,62.33766941502471,56921.8,0.7768025607060914,0.07374858242070537,1468.TW,2026-07-31,-0.050761422034663384,0.0527124021161145,bull,0.018518518518518517,0.14272474513438368,2026-03-31,2026-05-15,127625000.0,33061000.0,6858000.0,37576000.0,10255000.0,27394000.0,0.17,2026221000.0,1309595000.0,3251907000.0,1720312000.0,1531595000.0,422483000.0,1024218000.0,318861000.0,,0.2729135618479881,4986358.792846498,1942312000.0,0.002567228536325,0.0178859293742797,0.0084239801445736,1.1232159937842576,0.2590479921645445,0.0537355533790401,0.2146444662095984,-0.4821632894854295,,,27.22145617109853,27.22145617109853,False,85.53574166778284,85.53574166778284,70.95717029361175,731.0,True,True,True,True,True,True,True,True,True,True,True,True,False,True,False,False,False,13,False,0.1345131688927319,0.13135381578065886,1.0,799751.3008569718,0.9537037037037037,0.0,3.0,,,,,,0.11579447391342437,0.09007146430382765,0.30656910433632134,-0.9292725600802276,0.8342342342342342,-0.9292725600802276,0.8647657650239067,-731.0,0.27927927927927926,0.6936936936936937,0.9459459459459459,0.37927927927927924,0.536936936936937,昶和
347.5,357.5,346.0,346.0,3223710.0,0.034379671150971625,343.4,0.06955177743431218,338.025,0.032835820895522394,334.67427113850914,-0.14778325123152714,350.90796890258787,0.01945261253110153,53.205128205128204,1756077.15,1.8357450867121643,0.02359292951704761,1476.TW,2026-07-31,-0.050761422034663384,0.0527124021161145,bull,0.05740740740740741,0.2808155699721965,2026-03-31,2026-05-15,9621070000.0,3094736000.0,2194913000.0,2290689000.0,456173000.0,1834516000.0,6.69,23249199000.0,9214639000.0,36864649000.0,9360987000.0,27503662000.0,2958067000.0,280436000.0,,,0.1991422668026956,1757813049.7452948,27650010000.0,0.0635736858592562,0.0667007906074471,0.0497635553236923,0.3403542044692085,0.321662351484814,0.2281360597106143,0.1906769205504169,0.026290598239542,,,82.3980197254144,82.3980197254144,False,72.59795493799014,72.59795493799014,75.0479711348462,71.0,True,False,True,True,True,True,True,True,True,False,True,True,True,True,True,False,False,12,False,0.033841050353116575,-0.013986484598616622,0.0,607602693.9,0.16018518518518518,2.0,2.0,,,,,,0.0816500958300108,0.05168841798851843,0.17426431425549077,-0.8975671437417869,0.5292792792792793,-0.8975671437417869,0.5703717312696758,-71.0,0.972972972972973,0.8918918918918919,0.5765765765765766,0.9135135135135135,0.8693693693693695,儒鴻
67.4000015258789,68.5,67.4000015258789,68.4000015258789,10179.0,0.02242152415227916,67.72000122070312,0.007363770084886312,67.1700008392334,0.09791336057014965,65.45868835449218,0.06542063516019714,63.8043441136678,0.006066057094827403,65.21741053411395,13722.85,0.7417555391190606,0.018311756309031813,1525.TW,2026-07-31,-0.050761422034663384,0.0527124021161145,bull,0.17777777777777778,0.17516218721038,2026-03-31,2026-05-15,281735000.0,40655000.0,2924000.0,46209000.0,106069000.0,-59860000.0,-0.82,2768107000.0,386523000.0,5758402000.0,665056000.0,5093346000.0,2111569000.0,,,,0.4,1754400.0,5371879000.0,0.0003265896346511,-0.0117525885734053,-0.0103952450697259,0.1305734972648628,0.1443022698635242,0.0103785472163557,-0.2124691642855875,0.0173619762608918,,,20.40210850591844,20.40210850591844,False,72.12757997425543,72.12757997425543,59.196212107171185,853.0,True,False,True,True,True,True,True,True,True,True,True,True,False,True,False,False,False,12,False,0.04493388494829009,0.07202734353046414,1.0,938642.9609394073,0.9444444444444444,1.0,3.0,,,,,,0.04290946893386545,0.03144785302085379,0.08096632508996914,-1.43642787041352,0.19774774774774773,-1.43642787041352,0.25690085356867465,-853.0,0.1891891891891892,0.1981981981981982,0.0990990990990991,0.17567567567567566,0.17387387387387387,江申
19.549999237060547,19.549999237060547,18.0,18.149999618530277,2114367.0,0.12732914214213276,18.1,0.21404681271513915,16.10999994277954,0.15238092816065252,15.134999974568684,-0.1824324777128037,16.50916665395101,0.06143963326527003,69.84924565318595,1669650.1,1.2663533515195788,0.1266294030413735,1526.TW,2026-07-31,-0.050761422034663384,0.0527124021161145,bull,0.006481481481481481,0.11862835959221502,2026-03-31,2026-05-15,161967000.0,20373000.0,-31597000.0,-32188000.0,-5656000.0,-26532000.0,-0.44,1390560000.0,762634000.0,2260417000.0,919977000.0,1340440000.0,321815000.0,47136000.0,137059000.0,0.0,0.1757176587548154,-26044849.136324096,1497783000.0,-0.0173889336014122,-0.0197935006415803,-0.0117376572552763,0.6863246396705559,0.1257848821056141,-0.1950829489957831,-0.1638111467150715,-0.1925147819844253,,,13.294112740747746,13.294112740747746,False,84.22696265820672,84.22696265820672,66.49375017884196,990.0,True,True,True,True,True,True,True,True,True,True,False,True,True,True,False,False,False,13,False,0.19920711258854928,0.09938920594678113,1.0,30304148.67807904,0.5101851851851852,0.0,3.0,,,,,,0.04092313053212811,-0.029940673368206765,0.26379804713577243,-1.8990911671794801,0.23423423423423423,-1.8990911671794801,0.48238526107807533,-990.0,0.07207207207207207,0.5225225225225225,0.44144144144144143,0.12747747747747745,0.28108108108108104,日馳
33.95000076293945,33.95000076293945,33.650001525878906,33.75,387490.0,0.00446433133008739,33.69000015258789,-0.013157916751484144,33.73000011444092,0.04006160882884324,33.270833524068195,-0.03846149666121601,33.14208351771037,0.0015589031731916099,45.99999084474054,229600.8,1.6876683356503985,0.0005929405719307113,1527.TW,2026-07-31,-0.050761422034663384,0.0527124021161145,bull,0.26666666666666666,0.2622798887859129,2026-03-31,2026-05-15,629386000.0,115885000.0,24243000.0,55766000.0,11153000.0,,0.32,3703449000.0,488625000.0,5420208000.0,534041000.0,4886167000.0,326800000.0,,,,0.1999964135853387,19394486.94545064,4931583000.0,0.003932710236338,,,0.1092965099228086,0.1841238921742778,0.0385184926261467,,-0.2287503369850255,,,28.83104496277897,28.83104496277897,False,64.76184503092641,64.76184503092641,55.779145013889554,703.0,True,False,True,True,True,True,True,False,True,False,True,True,True,True,False,False,False,11,False,0.01440199794168584,0.018342735813962285,1.0,7749027.0,0.7074074074074074,1.0,3.0,,,,,,0.072089531349522,0.0495321261921432,0.12617543345019702,-1.8282804529760301,0.26981981981981984,-1.8282804529760301,0.3425926597768532,-703.0,0.3063063063063063,0.10810810810810811,0.1891891891891892,0.2887387387387387,0.22342342342342342,鑽全
126.5,127.5,126.5,126.5,97412.0,-0.007843137254901933,126.9,0.0,126.225,0.028455284552845628,126.1,0.016064257028112428,124.875,0.002382370458606291,50.0,93313.2,1.0439251895766086,0.002178649237472907,1537.TW,2026-07-31,-0.050761422034663384,0.0527124021161145,bull,0.2037037037037037,0.2974976830398517,2026-03-31,2026-05-15,1713997000.0,347687000.0,194789000.0,233791000.0,60963000.0,172828000.0,2.11,4928080000.0,946784000.0,5964814000.0,1350886000.0,4613928000.0,2228712000.0,0.0,,,0.260758540747933,143996104.60625088,5018030000.0,0.0286957440681404,0.0374578883762382,0.0289745832812221,0.2927843694136536,0.202851580253641,0.1136460565566917,0.1008333153441925,-0.020647014053797,,,59.48480916580496,59.48480916580496,False,61.99904416248708,61.99904416248708,61.37048541331655,272.0,True,False,True,True,True,True,True,True,True,False,True,True,True,True,False,False,False,12,False,0.003172085646312439,0.013013013013013053,1.0,11804119.799999999,0.6518518518518519,2.0,3.0,,,,,,0.06559274963970485,0.07738899772785628,0.13325211028057724,-1.2069477617926991,0.4184684684684684,-1.2069477617926991,0.4697737358735851,-272.0,0.7387387387387387,0.32432432432432434,0.42342342342342343,0.6914414414414415,0.5513513513513514,廣隆
23.5,23.600000381469727,23.350000381469727,23.350000381469727,622817.0,0.004301091676117252,23.39000015258789,-0.006382962490649957,23.419999980926512,0.021881837709091467,23.280833339691164,0.0319565230585388,23.241094462076827,0.00042716950753578166,47.058810329758366,467162.05,1.3331926255568063,-0.00298888127727559,1604.TW,2026-07-31,-0.050761422034663384,0.0527124021161145,bull,0.2361111111111111,0.3123262279888786,2026-03-31,2026-05-15,2372906000.0,478239000.0,152503000.0,224334000.0,32077000.0,187244000.0,0.51,4163362000.0,4170169000.0,19618124000.0,10651689000.0,8966435000.0,915329000.0,1480000000.0,4918850000.0,,0.1429876880009271,130696948.6167946,15447955000.0,0.0084604692735572,0.0208827700195228,0.00954443962124,1.187951398744317,0.2015414854191443,0.064268453954771,0.0789091519006652,-0.0357932753161021,,,30.83420932595463,30.83420932595463,False,62.885116179918086,62.885116179918086,54.87238946642722,667.0,True,False,True,True,False,True,True,False,True,False,True,True,True,True,False,False,False,10,False,0.0029709865093463517,0.0046859204316132,1.0,10908234.04570818,0.662962962962963,0.0,3.0,,,,,,0.0634735975087986,0.06667913279312246,0.1492726559230522,-1.4922178461289715,0.3815315315315315,-1.4922178461289715,0.45598503821717157,-667.0,0.3333333333333333,0.08108108108108109,0.38738738738738737,0.34144144144144145,0.26846846846846845,聲寶
34.20000076293945,34.5,33.70000076293945,33.75,247198.0,0.011994049300760867,33.71999969482422,0.03686638375011597,33.44749984741211,0.03275812357807473,32.14761400222778,-0.056509547293373874,33.4112957795461,0.015329738935284973,64.38356021216,377716.75,0.6544533701510458,0.009044028820327288,1702.TW,2026-07-31,-0.050761422034663384,0.0527124021161145,bull,0.0962962962962963,0.28174235403151066,2026-03-31,2026-05-15,5815363000.0,1402332000.0,68282000.0,139763000.0,48520000.0,30589000.0,0.12,15712185000.0,10700252000.0,34555834000.0,19000135000.0,15555699000.0,6359398000.0,2854697000.0,3465138000.0,1974436000.0,0.3471591193663559,44577281.011426486,23855582000.0,0.0018686310403756,0.0019664175811064,0.000885205085775,1.2214259867075083,0.241142642342361,0.0117416573995466,0.0052600327786932,-0.0073743301688501,,,19.91946878549432,19.91946878549432,False,72.0617099818395,72.0617099818395,59.02614968275321,863.0,True,False,True,True,True,True,True,True,True,False,True,True,False,True,False,False,False,11,False,0.04984463225361524,0.010137416480005212,1.0,12747940.3125,0.6314814814814815,1.0,3.0,,,,,,0.04341979552834724,0.012526841914348432,0.17172482594235264,-1.7028276817634014,0.20450450450450453,-1.7028276817634014,0.23963809644480402,-863.0,0.17117117117117117,0.17117117117117117,0.09009009009009009,0.159009009009009,0.15495495495495495,南僑
31.75,31.950000762939453,31.149999618530277,31.299999237060547,320698.0,-0.023400936594492938,31.79000015258789,0.048576175445912195,31.204999923706055,0.1079645747632052,29.87452891667684,0.03814260806237191,29.66351440747579,0.018273784870236457,56.701026468097844,237805.9,1.3485704097333162,0.0030443619159352675,1733.TW,2026-07-31,-0.050761422034663384,0.0527124021161145,bull,0.08148148148148149,0.15755329008341057,2026-03-31,2026-05-15,519723000.0,175664000.0,87211000.0,86914000.0,5544000.0,81275000.0,0.81,1759309000.0,560904000.0,2489266000.0,666458000.0,1822808000.0,593961000.0,,,,0.0637871919368571,81648055.20399475,1928362000.0,0.0423406265026974,0.0445878007996453,0.0326501868422257,0.3656216123694871,0.3379954321821432,0.1678028488252396,0.1563813800813125,-0.0698519739491331,,,72.99324516078546,72.99324516078546,False,76.99853628657347,76.99853628657347,75.99721350512647,137.0,True,True,True,True,True,True,True,True,True,True,True,True,True,True,True,False,False,14,False,0.047715240108370915,0.05516827194192242,1.0,7443324.488568497,0.7138888888888889,1.0,3.0,,,,,,0.08536948510375568,0.08458108176846012,0.15483923061525237,-1.2811021894292345,0.5274774774774775,-1.2811021894292345,0.5887259290064887,-137.0,0.9279279279279279,0.9009009009009009,0.6126126126126126,0.8806306306306305,0.8567567567567568,五鼎
32.79999923706055,33.849998474121094,32.599998474121094,33.0,3404239.0,0.023255813953488413,32.12000045776367,0.08552632941103377,31.4875,0.1619718465935589,30.565833409627277,0.05263156613884923,30.511666727066043,0.017284553293664223,71.1538659045093,1163112.95,2.926834405893254,0.048034934497816595,1808.TW,2026-07-31,-0.050761422034663384,0.0527124021161145,bull,0.041666666666666664,0.11214087117701575,2026-03-31,2026-05-15,5392216000.0,1474911000.0,1229561000.0,1153602000.0,211319000.0,942283000.0,1.06,46784978000.0,26633648000.0,51660398000.0,37973630000.0,13686768000.0,5845055000.0,11570200000.0,207356000.0,10980553000.0,0.1831818946222353,1004327686.4663897,25026750000.0,0.0401301681787043,0.068846275468394,0.0182399485191732,2.774477509957062,0.2735259492572256,0.2280251755493474,0.1747487489373571,173.44891620834682,,,72.1127428848662,72.1127428848662,False,74.949389428726,74.949389428726,74.24022779276105,149.0,True,False,True,True,True,True,True,True,True,True,True,True,True,True,True,False,False,13,False,0.07963684672854487,0.08155350198311617,1.0,38382727.35,0.46944444444444444,1.0,3.0,,,,,,0.12496701433587376,0.08134841501124587,0.23232279266041908,-0.741985365488555,0.7896396396396397,-0.741985365488555,0.6979350788101225,-149.0,0.9099099099099099,0.8558558558558559,0.7297297297297297,0.8828828828828829,0.8576576576576578,潤隆
28.799999237060547,29.649999618530277,28.799999237060547,29.049999237060547,4383437.0,0.03380778799623396,28.539999771118165,0.0705499216903911,27.932027053833007,0.2079002144954376,26.337500127156577,0.155069569689249,25.72166673342387,0.01923104334203159,68.86790008385125,1843614.55,2.377632027258626,0.0400247422456268,1907.TW,2026-07-31,-0.050761422034663384,0.0527124021161145,bull,0.05648148148148148,0.0871177015755329,2026-03-31,2026-05-15,17964361000.0,2424583000.0,-77218000.0,452137000.0,195557000.0,208827000.0,0.13,69038373000.0,57579369000.0,178076390000.0,82625870000.0,95450520000.0,10428232000.0,15812770000.0,19190444000.0,964996000.0,0.4,-46330800.0,120497021000.0,-0.0003844974723482,0.0021878036913785,0.0011726821281585,0.8656408576925511,0.1349662812943917,-0.0042983994810614,0.0116245158956669,-0.0057560278150267,,,17.0350561108219,17.0350561108219,False,75.72089699902362,75.72089699902362,61.04943677697319,916.0,True,True,True,True,True,True,True,True,True,True,True,True,True,True,False,False,False,14,False,0.10298999892959149,0.12939801056172207,1.0,53557001.270933725,0.4222222222222222,0.0,3.0,,,,,,0.0482757578440091,0.012364834446425764,0.21598231372178708,-1.7697103724633072,0.26351351351351354,-1.7697103724633072,0.26715624941722493,-916.0,0.13513513513513514,0.3063063063063063,0.10810810810810811,0.13108108108108107,0.18108108108108106,永豐餘
73.4000015258789,74.80000305175781,72.9000015258789,74.5999984741211,8047641.0,0.03899714907177465,73.18000030517578,0.07492790826961482,71.14999961853027,0.10355029819534334,68.64999987284342,0.12092357131114984,69.36780179341635,0.015848084680746017,69.64285592643631,2825297.65,2.8484223600299248,0.04848909169484106,2006.TW,2026-07-31,-0.050761422034663384,0.0527124021161145,bull,0.053703703703703705,0.1686746987951807,2026-03-31,2026-05-15,13602390000.0,2004381000.0,1390762000.0,1521134000.0,302993000.0,1211982000.0,1.66,28387625000.0,18568929000.0,51955456000.0,19405487000.0,32549969000.0,1294546000.0,5329132000.0,260000000.0,,0.1991888946010016,1113737654.5669217,33386527000.0,0.0333588951784928,0.0372345055075167,0.0233273287024946,0.596175283607797,0.1473550603974742,0.1022439438951537,0.089100665397772,-0.0619062729029651,,,52.210458028038886,52.210458028038886,False,73.60960580865022,73.60960580865022,68.25981886349739,336.0,True,False,True,True,True,True,True,True,True,True,True,True,True,True,False,False,False,13,False,0.08667150199997842,0.07542687739027265,1.0,210767200.3789379,0.25092592592592594,1.0,3.0,,,,,,0.07987908552902413,0.06644865894890971,0.2164642561866458,-1.2046343506594108,0.5648648648648649,-1.2046343506594108,0.5022252822204691,-336.0,0.6396396396396397,0.5945945945945946,0.4864864864864865,0.6166666666666667,0.5954954954954955,東和鋼鐵
65.5,67.5999984741211,65.19999694824219,65.19999694824219,604107.0,0.02194353805522309,65.27999877929688,0.04654892049270698,63.564999961853026,0.04319995117187503,62.618333435058595,0.0557837803112291,62.887690957387285,0.01573984742527686,64.83513811710023,354415.85,1.7045146259683364,0.025721654800131555,2015.TW,2026-07-31,-0.050761422034663384,0.0527124021161145,bull,0.08425925925925926,0.2567191844300278,2026-03-31,2026-05-15,6404574000.0,820478000.0,589291000.0,648609000.0,122645000.0,526749000.0,0.91,12172005000.0,4388066000.0,26283228000.0,5068762000.0,21214466000.0,4570295000.0,40284000.0,,,0.1890892664147429,477862397.1051897,21895162000.0,0.0218250222174738,0.0248297081812005,0.0200412597722014,0.2389295115889318,0.1281081302206829,0.0920109596672628,0.0822457512396609,-0.1410674325019171,,,42.92012472337977,42.92012472337977,False,78.0654940538572,78.0654940538572,69.27915172123784,462.0,True,True,True,True,True,True,True,True,True,False,True,True,True,True,False,False,False,13,False,0.0412285567430668,0.03676881684878075,1.0,23107912.33840866,0.5472222222222223,1.0,3.0,,,,,,0.09594756546063951,0.06352022589010581,0.14892077602042597,-1.2458375656736929,0.5094594594594595,-1.2458375656736929,0.5366912116749287,-462.0,0.5045045045045045,0.6396396396396397,0.5495495495495496,0.5112612612612613,0.5540540540540541,豐興
43.79999923706055,44.150001525878906,42.900001525878906,43.20000076293945,19071552.0,-0.008036704483412427,43.380000305175784,0.09125784081749266,41.26503238677979,0.10485939766805918,41.372299893697104,0.11627906747509331,39.403649965922035,0.01777391576103554,68.18182181948265,16991667.35,1.1224061539787618,0.046891236096050726,2027.TW,2026-07-31,-0.050761422034663384,0.0527124021161145,bull,0.040740740740740744,0.16311399443929564,2026-03-31,2026-05-15,31174326000.0,8517820000.0,5633209000.0,4716863000.0,1204326000.0,2914770000.0,1.17,89517343000.0,24455518000.0,159942793000.0,66551339000.0,93391454000.0,9252095000.0,11925609000.0,29968117000.0,,0.2553235063218923,4194918326.275959,135487275000.0,0.0309617144951506,0.0312102432841446,0.0182238283159154,0.7126063054977172,0.2732318896004359,0.1807002659816927,0.0934990543179666,0.1950875950100803,,,67.77515994414823,67.77515994414823,False,66.64778018630858,66.64778018630858,66.9296251257685,180.0,True,False,True,True,True,False,True,True,True,True,True,True,True,True,True,False,False,12,False,0.04417692209373136,0.09634515584979231,1.0,734040042.4836135,0.1361111111111111,1.0,3.0,,,,,,0.0727623468938217,0.0370786953565724,0.2745673344214799,-1.1347277673176814,0.5554054054054054,-1.1347277673176814,0.5122138972414123,-180.0,0.8648648648648649,0.5405405405405406,0.5135135135135135,0.8121621621621622,0.6972972972972973,大成鋼
20.600000381469727,20.799999237060547,20.600000381469727,20.700000762939453,177306.0,-0.0024096017860504304,20.65999984741211,0.0196325615755355,20.495859241485597,0.027295342671043166,20.544477017720542,-0.023584904811610685,20.68890520731608,0.0008510565490611492,58.97437402248319,214523.85,0.8265094999926581,0.00996013482765612,2029.TW,2026-07-31,-0.050761422034663384,0.0527124021161145,bull,0.1388888888888889,0.30213160333642264,2026-03-31,2026-05-15,3111785000.0,440347000.0,145201000.0,173680000.0,32998000.0,134373000.0,0.42,8418174000.0,1415146000.0,11631228000.0,1524045000.0,10107183000.0,2662689000.0,204353000.0,,,0.1899930907415937,117613813.23122984,10216082000.0,0.011512614447616,0.0132948023202904,0.011552778434057,0.1507883057029837,0.1415094551840824,0.0466616427548818,0.0431819679058803,-0.1807433477529307,,,30.0830240796116,30.0830240796116,False,61.85935895498655,61.85935895498655,53.91527523614281,681.0,True,False,True,True,True,False,True,True,True,False,True,True,True,True,False,False,False,11,False,0.007570099987688428,0.0005363046286011031,1.0,4440643.858668709,0.7787037037037037,0.0,3.0,,,,,,0.07810785314997586,0.060633881953123206,0.119151341076335,-1.7402479403599618,0.33513513513513515,-1.7402479403599618,0.32735812828589816,-681.0,0.32432432432432434,0.06306306306306306,0.17117117117117117,0.3013513513513514,0.21531531531531534,盛餘
19.149999618530277,19.450000762939453,19.149999618530277,19.350000381469727,358759.0,0.018421072708932895,19.239999771118164,0.029255381209003506,19.02499990463257,0.03475933647117668,18.465833218892417,-0.03731343212766447,18.974999968210856,0.012776149192658171,53.57144316848829,287447.05,1.2480872564181822,0.017082810957492756,2102.TW,2026-07-31,-0.050761422034663384,0.0527124021161145,bull,0.11018518518518519,0.27340129749768305,2026-03-31,2026-05-15,41123000.0,6200000.0,-46782000.0,7586000.0,1762000.0,5824000.0,0.01,3027452000.0,173077000.0,12168518000.0,2492802000.0,9675716000.0,2533219000.0,0.0,0.0,,0.232269970999209,-35915946.216715,11995441000.0,-0.0029941330391033,0.000601919279152,0.0004786121037911,0.2576348871752746,0.1507672105634316,,0.1416239087615203,-0.4578735745830862,,,19.475448347013565,19.475448347013565,False,70.09642135526526,70.09642135526526,57.44117810320234,868.0,True,False,True,True,True,True,True,True,True,False,True,True,True,True,False,False,False,12,False,0.04788124922912851,0.019762867662035166,1.0,5562100.527152347,0.7407407407407407,0.0,3.0,,,,,,0.06275374848852676,0.04146666758794884,0.14223058786947218,-1.809303395195225,0.24324324324324323,-1.809303395195225,0.468361375749548,-868.0,0.16216216216216217,0.14414414414414414,0.40540540540540543,0.19864864864864867,0.20540540540540542,泰豐
18.399999618530277,19.100000381469727,18.149999618530277,18.149999618530277,2776955.0,0.022535189776353715,18.21999969482422,0.022535189776353715,17.88499994277954,0.03714283534458729,17.381393496195475,-0.10370372254171467,17.99694676399231,0.015039719939736443,62.74512297194101,1094871.35,2.5363299532862924,0.0148168675761009,2106.TW,2026-07-31,-0.050761422034663384,0.0527124021161145,bull,0.13055555555555556,0.267840593141798,2026-03-31,2026-05-15,8698617000.0,1718035000.0,255513000.0,171823000.0,60640000.0,111183000.0,0.12,25478129000.0,9730576000.0,47068938000.0,27476173000.0,19592765000.0,9412275000.0,3037616000.0,14974373000.0,,0.3529213201957829,165337014.71281496,37338362000.0,0.0044280735912522,0.0056746967566854,0.0023621310512678,1.4023632192801785,0.1975066841085198,0.029373979794719,0.0127816870199021,-0.0124089540383796,,,20.024805479941964,20.024805479941964,False,73.68303194508456,73.68303194508456,60.268475328798914,861.0,True,False,True,True,True,True,True,True,True,False,True,True,True,True,False,False,False,12,False,0.04422005189072076,0.008504378911882604,1.0,19871914.58483973,0.5712962962962963,0.0,3.0,,,,,,0.04796585810763932,0.02318489320999705,0.158150788485792,-1.8410678089313421,0.18333333333333335,-1.8410678089313421,0.19275577418356424,-861.0,0.18018018018018017,0.2702702702702703,0.07207207207207207,0.16396396396396395,0.18558558558558558,建大
65.0,66.69999694824219,64.80000305175781,64.80000305175781,2219556.0,0.05537461630918483,63.75999908447265,0.01250004768371582,62.34389247894286,0.11917100766905664,61.28129736582438,0.08724840118736954,60.07314860026042,0.007189141306328242,70.60034921336073,1465989.15,1.5140330336005556,0.039396169779494006,2206.TW,2026-07-31,-0.050761422034663384,0.0527124021161145,bull,0.1574074074074074,0.14735866543095458,2026-03-31,2026-05-15,14947523000.0,3169197000.0,1407602000.0,1401468000.0,300076000.0,1061801000.0,1.37,35643431000.0,24328027000.0,96546885000.0,53175170000.0,43371715000.0,7860863000.0,8468755000.0,18068499000.0,,0.2141154846204123,1106212615.6173384,72218858000.0,0.0153175035752758,0.0244814160565243,0.0109977758474548,1.226033372210437,0.212021550326432,0.0941695824786488,0.0710352477798495,-0.00921030321598,,,38.16659350871173,38.16659350871173,False,74.16043390363303,74.16043390363303,65.16197380490271,559.0,True,False,True,True,True,True,True,True,True,True,True,True,True,True,False,False,False,13,False,0.05741891632822638,0.0786849792567208,1.0,94996101.39384383,0.34629629629629627,1.0,3.0,,,,,,0.09308241367390405,0.0662774128978743,0.19925662252521667,-1.5672954937026171,0.5292792792792793,-1.5672954937026171,0.5249532547174062,-559.0,0.3963963963963964,0.4774774774774775,0.5405405405405406,0.418018018018018,0.44954954954954957,三陽工業
36.5,36.5,35.29999923706055,36.0,76303193.0,-0.03225808436366906,35.29000015258789,0.030042895969660588,35.85000019073486,0.2224108342062665,35.41333322525024,0.14601023592936135,32.6451455116272,0.003639420889228785,47.36841454984405,49985654.9,1.5265018164241357,0.004184095075790317,2324.TW,2026-07-31,-0.050761422034663384,0.0527124021161145,bull,0.10833333333333334,0.08155699721964782,2026-03-31,2026-05-15,201303536000.0,10597495000.0,2644084000.0,3090596000.0,699988000.0,1967195000.0,0.45,372539532000.0,285043722000.0,452433934000.0,306525209000.0,145908725000.0,84569615000.0,55846516000.0,11898445000.0,,0.2264896479513983,2045226345.6860747,167390212000.0,0.0122183150451238,0.013482367144254,0.0043480270867569,2.100801093286231,0.0526443559342146,0.0131348115017711,0.009772282390509,0.0110778585236814,,,17.5664711440274,17.5664711440274,False,74.44726479602579,74.44726479602579,60.22706638302619,901.0,True,False,True,True,True,True,True,False,True,True,True,True,True,True,False,False,False,12,False,0.01656626816284712,0.10276733142996419,1.0,1799483576.3999999,0.0712962962962963,1.0,3.0,,,,,,0.0639987746485351,0.04742976243911171,0.23437838274983658,-1.5912311482749404,0.4238738738738739,-1.5912311482749404,0.3982525217843334,-901.0,0.14414414414414414,0.25225225225225223,0.2882882882882883,0.16576576576576577,0.2054054054054054,仁寶
88.19999694824219,94.6999969482422,88.19999694824219,93.6999969482422,11820735.0,0.057562060518666414,87.95999908447266,0.03764054128381078,86.44435615539551,0.11680566441158513,87.41277987162272,0.4047976197203045,81.59972337086995,-0.0012591453011975688,72.400007568364,8075680.85,1.4637446946655899,0.08393423371450282,2347.TW,2026-07-31,-0.050761422034663384,0.0527124021161145,bull,0.09537037037037037,0.15013901760889714,2026-03-31,2026-05-15,126357648000.0,5428837000.0,3373256000.0,3875913000.0,784782000.0,2954386000.0,1.77,208416617000.0,157729943000.0,249263901000.0,167490035000.0,81773866000.0,15304988000.0,56810338000.0,2500000000.0,,0.2024766809781334,2690250321.030425,91533958000.0,0.0293907351961162,0.036128730907745,0.0118524422836502,2.048209815590717,0.042964055487959,0.0266960967807821,0.0233811411241209,0.3825024363831348,,,42.4453478070041,42.4453478070041,False,59.24447204708828,59.24447204708828,55.04469098706724,475.0,True,False,True,True,True,False,False,False,True,True,True,True,True,True,False,False,False,10,False,0.07192560499566647,0.14828816909558173,1.0,756691270.999978,0.12962962962962962,1.0,3.0,,,,,,0.08497878672024775,0.07414443137065728,0.3429385444071537,-0.7524993165034276,0.7391891891891891,-0.7524993165034276,0.7943220807909681,-475.0,0.4864864864864865,0.09009009009009009,0.8558558558558559,0.5418918918918919,0.4414414414414415,聯強
77.69999694824219,77.69999694824219,75.19999694824219,76.9000015258789,591126.0,-0.016623983031913703,76.52000122070312,0.011842125340511878,77.05500030517578,0.07854134971152749,73.27833379109701,-0.0012986814820921122,74.45833371480306,0.013214989068572432,50.0,608922.25,0.9707741834035462,-0.0020115343414833786,2348.TW,2026-07-31,-0.050761422034663384,0.0527124021161145,bull,0.15925925925925927,0.20389249304911955,2026-03-31,2026-05-15,1308225000.0,367809000.0,215863000.0,62792000.0,46667000.0,24394000.0,0.16,36707260000.0,15833225000.0,49675372000.0,39143789000.0,10531583000.0,4882942000.0,6246625000.0,20027265000.0,,0.4,129517800.0,33842147000.0,0.0038271153422978,0.0023162709727493,0.0004910682903391,3.7168001239699673,0.2811511781230293,0.165004490817711,0.0186466395306617,-0.2384964638086091,,,20.916507327259755,20.916507327259755,False,65.12490989599424,65.12490989599424,54.07280925381062,844.0,True,False,True,True,False,True,True,True,True,True,True,True,True,True,False,False,False,12,False,0.04942344547716648,0.032792404681363685,1.0,46826121.95414162,0.44351851851851853,1.0,3.0,,,,,,0.08161262305831427,0.047168783965401265,0.21071958787241915,-1.1954664284519392,0.5175675675675676,-1.1954664284519392,0.5844572028008199,-844.0,0.2072072072072072,0.07207207207207207,0.5855855855855856,0.26396396396396393,0.24234234234234237,海悅
773.0,810.0,767.0,810.0,9719440.0,0.05058365758754868,760.6,0.19999999999999996,722.8,0.267605633802817,731.0373331705729,0.588235294117647,644.9978332519531,0.03472809702089241,68.79432624113475,4382469.55,2.2177997791222532,0.12064194798007755,2357.TW,2026-07-31,-0.050761422034663384,0.0527124021161145,bull,0.008333333333333333,0.060240963855421686,2026-03-31,2026-05-15,208369726000.0,30970538000.0,11895859000.0,13859608000.0,2702804000.0,9797017000.0,13.19,485857648000.0,327627459000.0,671441698000.0,354711686000.0,316730012000.0,57955263000.0,41417377000.0,275376000.0,,0.1950130191272365,9576011621.29809,343814239000.0,0.0278522833991703,0.0309317608967223,0.0145910166574134,1.1199181402487366,0.1486326185407567,0.0570901504184921,0.0470174683629425,0.4108280576281871,,,51.58078089609261,51.58078089609261,False,74.58361341346473,74.58361341346473,68.83290528412171,344.0,True,False,True,True,True,False,True,True,True,True,True,True,True,True,False,False,False,12,False,0.10801454761134988,0.2558181721574755,1.0,3549800335.5,0.04259259259259259,3.0,3.0,,,,,,0.13051358826526788,0.10253125229220604,0.3232048975159632,-1.0820264471840393,0.8747747747747747,-1.0820264471840393,0.8370958325399919,-344.0,0.6216216216216216,0.6126126126126126,0.9099099099099099,0.6648648648648647,0.6765765765765765,華碩
69.19999694824219,70.80000305175781,69.19999694824219,70.30000305175781,268926.0,-0.012640364256456538,69.0,0.032305501129676895,69.44000015258788,0.07656967482891108,69.0533332824707,0.09843754768371582,65.9949998219808,0.006449749398245907,52.941173830661704,198340.9,1.3558776833219977,0.012384834350232632,2364.TW,2026-07-31,-0.050761422034663384,0.0527124021161145,bull,0.10462962962962963,0.20852641334569044,2026-03-31,2026-05-15,338915000.0,130350000.0,30596000.0,44068000.0,-15000.0,43646000.0,0.83,1165011000.0,950493000.0,1755551000.0,1003694000.0,751857000.0,599063000.0,350000000.0,,,0.0,30596000.0,805058000.0,0.0380047151882224,0.0580509325576539,0.0248617100841843,1.3349533222407983,0.3846097103993626,0.0902763229718365,0.128781552896744,-0.1059821890200796,,,61.7822396932274,61.7822396932274,False,71.69141636840679,71.69141636840679,69.21412219961194,245.0,True,False,True,True,True,True,True,True,True,True,True,True,True,True,True,False,False,13,False,0.0180537232603597,0.06523226367739388,1.0,13943365.875288391,0.6203703703703703,1.0,3.0,,,,,,0.10607791516090578,0.08710174721614423,0.23898673546324228,0.3020529190910563,0.8117117117117116,0.3020529190910563,0.8457523374383022,-245.0,0.7657657657657657,0.6306306306306306,0.918918918918919,0.7887387387387387,0.7558558558558558,倫飛
599.0,599.0,549.0,563.0,7995153.0,-0.030981067125645412,558.6,0.08061420345489445,541.5583908081055,0.26801801801801806,504.28613026936847,0.8860971524288108,421.9347318013509,0.027950012768578437,60.904456255721605,4040153.85,1.9789229066115885,0.03959242356101189,2395.TW,2026-07-31,-0.050761422034663384,0.0527124021161145,bull,0.049074074074074076,0.05931417979610751,2026-03-31,2026-05-15,20385264000.0,7979823000.0,3728486000.0,4068287000.0,750007000.0,3334165000.0,3.85,49300373000.0,29811036000.0,83769137000.0,34044129000.0,49725008000.0,10001958000.0,,43915000.0,,0.184354496130681,3041122842.1397014,53958101000.0,0.0563608204473263,0.0670520756879516,0.0398018305954375,0.6846480346468723,0.3914505595806853,0.182901040673302,0.1635576071028562,0.1748587968840969,,,87.43653384699755,87.43653384699755,False,87.08044130866463,87.08044130866463,87.16946444324788,49.0,True,True,True,True,True,True,True,True,True,True,True,True,True,True,True,False,False,14,False,0.11642967396162374,0.3343295954718024,1.0,2274606617.55,0.05740740740740741,3.0,2.0,,,,,,0.02627924117998194,-0.02020632533178414,0.3024826573614424,-1.2352054586925718,0.35765765765765767,-1.2352054586925718,0.38912732543089673,-49.0,0.990990990990991,1.0,0.27927927927927926,0.8842342342342342,0.8513513513513513,研華
140.5,140.5,138.5,139.5,21598684.0,0.003597122302158251,140.4,0.027669013193946768,137.11347732543945,0.029520295202952074,139.0069241841634,0.04494382022471921,137.08262875874837,0.007848129000386712,75.0,21772360.6,0.9920230698365339,0.017405456568621025,2412.TW,2026-07-31,-0.050761422034663384,0.0527124021161145,bull,0.11296296296296296,0.293790546802595,2026-03-31,2026-05-15,59988435000.0,22749747000.0,13104526000.0,13180725000.0,2573003000.0,10109931000.0,1.3,134464879000.0,81802629000.0,547813634000.0,136380954000.0,411432680000.0,35230791000.0,540000000.0,1600000000.0,21687792000.0,0.195209519961914,10546397770.211578,466011005000.0,0.0226312204155169,0.0245725035745823,0.0184550554650854,0.3314781752387778,0.3792355476518099,0.2184508730724513,0.1685313344147084,0.0748995729299504,,,67.30730742728429,67.30730742728429,False,55.71680215509799,55.71680215509799,58.614428473144564,187.0,True,False,True,True,True,False,True,False,True,False,True,True,True,True,True,False,False,10,False,0.0035471313298274243,0.017634409721642763,1.0,3037244303.7000003,0.04722222222222222,2.0,3.0,,,,,,0.0372201973955891,0.009729353322559494,0.13709756598106226,-1.5930986632322237,0.14819819819819818,-1.5930986632322237,0.27891081436678167,-187.0,0.8468468468468469,0.16216216216216217,0.12612612612612611,0.7387387387387387,0.4972972972972973,中華電
44.59999847412109,46.95000076293945,44.54999923706055,46.95000076293945,6248913.0,0.0021345206419505214,44.62000045776367,0.1086187120320512,43.124999809265134,0.5145161536432081,38.88199656804402,0.5572139753555367,33.89308164914449,0.010732013787989176,57.51295910287787,4021008.05,1.554066274500495,0.08869567468038664,2425.TW,2026-07-31,-0.050761422034663384,0.0527124021161145,bull,0.03425925925925926,0.015755329008341055,2026-03-31,2026-05-15,742329000.0,57186000.0,84000.0,19626000.0,14929000.0,59718000.0,0.62,6477498000.0,3530704000.0,6656471000.0,3632354000.0,3024117000.0,955233000.0,0.0,,,0.4,50400.0,3125767000.0,1.6124042515005117e-05,0.0197472518424386,0.0089714204418527,1.2011287923053242,0.0770359234247887,0.0001131573736173,0.0804468099723976,-0.0094210083147737,,,20.556959597295062,20.556959597295062,False,91.7123742888588,91.7123742888588,73.92352061596787,849.0,True,True,True,True,True,True,True,True,True,True,True,True,True,True,False,False,False,14,False,0.20749974042038488,0.38523847577384673,1.0,188786331.01528567,0.2638888888888889,1.0,3.0,,,,,,0.05060420428358483,-0.004631356727886352,0.20312633738231406,-1.4946369268766417,0.2801801801801802,-1.4946369268766417,0.3182570950925648,-849.0,0.1981981981981982,0.8468468468468469,0.15315315315315314,0.19144144144144143,0.3837837837837838,承啟
19.25,19.649999618530277,19.25,19.399999618530277,1587032.0,0.0025839398488296528,19.18000030517578,-0.01522848389800835,19.28750009536743,0.040214478034348744,19.16416670481364,-0.11818183552135109,19.53583337465922,-0.0028434803540429167,53.8461463220918,1112456.9,1.4266008867399718,0.0058327685084427205,2442.TW,2026-07-31,-0.050761422034663384,0.0527124021161145,bull,0.27870370370370373,0.26042632066728455,2026-03-31,2026-05-15,3189806000.0,920101000.0,721594000.0,757715000.0,168597000.0,363574000.0,1.14,21904867000.0,14179726000.0,24109252000.0,15483592000.0,8625660000.0,4783089000.0,9054196000.0,,1260461000.0,0.2225071431870822,561034180.5190606,9929526000.0,0.0565016074804638,0.042150281833506,0.0150802687698481,1.795061711219779,0.2884504574886372,0.2262187731793093,0.1139799724497351,6.055204248420224,,,71.63224953440525,71.63224953440525,False,56.22057599528987,56.22057599528987,60.073494380068716,151.0,True,False,True,True,True,True,False,True,True,False,True,True,True,True,True,False,False,11,False,0.012305931029988448,-0.0069530566484631295,0.0,21581663.435631372,0.5574074074074075,0.0,3.0,,,,,,0.06145639846481455,0.032998597874734976,0.19069976190010157,-0.616510864270373,0.4486486486486487,-0.616510864270373,0.6780776711924039,-151.0,0.8918918918918919,0.24324324324324326,0.6846846846846847,0.8608108108108108,0.6558558558558559,新美齊
8.220000267028809,8.619999885559082,8.220000267028809,8.600000381469727,8537345.0,0.04418548936269251,8.259359550476074,0.023809615716916754,8.386968040466309,0.09137059093556776,8.080155976613362,0.014151043126324536,8.116744685173035,0.0015930906541239734,53.39471959845328,2059469.3,4.145410179214616,0.02540039976014663,2511.TW,2026-07-31,-0.050761422034663384,0.0527124021161145,bull,0.12222222222222222,0.18164967562557924,2026-03-31,2026-05-15,2153305000.0,656416000.0,141991000.0,111197000.0,17527000.0,101951000.0,0.06,21371055000.0,5666639000.0,47461368000.0,21286102000.0,26175266000.0,7872086000.0,536900000.0,4267000000.0,4500000000.0,0.1576211588442134,119610214.0345513,41794729000.0,0.0028618492545926,0.0038949365404729,0.0021480838900387,0.8132143528168921,0.3048411627707175,0.0659409605234743,0.0473462886121566,0.2676633850236747,,,39.44861186578996,39.44861186578996,False,70.45847986543194,70.45847986543194,62.706012865521444,522.0,True,False,True,True,True,True,True,True,True,True,True,True,False,True,False,False,False,12,False,0.06433593687559558,0.05953811719364044,1.0,17711436.76562519,0.587037037037037,0.0,3.0,,,,,,0.06160081989569039,0.0506754494544765,0.1754397518606625,-1.4007665706020374,0.3765765765765766,-1.4007665706020374,0.3765765765765766,-522.0,0.44144144144144143,0.36036036036036034,0.25225225225225223,0.41306306306306306,0.37927927927927924,太子
43.0,44.59999847412109,43.0,44.54999923706055,1341302.0,-0.03466960424521648,43.33000030517578,0.0813106410700486,45.162499809265135,0.28757228906762844,39.54333324432373,0.49496645562514896,35.55791665712992,0.015286908906997224,48.208465372179624,1815601.75,0.7387644344361312,-0.013562149455662587,2527.TW,2026-07-31,-0.050761422034663384,0.0527124021161145,bull,0.04814814814814815,0.05375347544022243,2026-03-31,2026-05-15,4588717000.0,1261812000.0,1127130000.0,1064163000.0,166487000.0,902888000.0,3.45,13282023000.0,8513905000.0,33780839000.0,11901818000.0,21879021000.0,1538877000.0,2676000000.0,3358749000.0,,0.1564487771140323,950791889.8514608,25266934000.0,0.0376298877359421,0.0412672943638565,0.0267278145459915,0.5439831151494393,0.2749814381667032,0.2456307503818605,0.1967626244983074,24.973085718167,,,82.24426248497689,82.24426248497689,False,72.21171866955,72.21171866955,74.71985462340672,75.0,True,False,True,True,False,True,True,False,True,True,True,True,False,True,True,False,False,10,False,0.12661213868346555,0.25288552944868803,1.0,80885056.5773058,0.36574074074074076,1.0,2.0,,,,,,0.08041675351638367,0.04621310032653254,0.3919404619660672,-1.2938165100469277,0.5950450450450451,-1.2938165100469277,0.6792487073539188,-75.0,0.963963963963964,0.8828828828828829,0.7027027027027027,0.9247747747747748,0.8873873873873873,宏璟
11.100000381469728,11.199999809265137,11.100000381469728,11.100000381469728,964449.0,0.004524904060797086,10.990000152587891,-0.008928520490927516,11.055000019073486,0.057142893473307366,10.64200005531311,0.04225359427773934,10.501416707038882,0.0018124176372916164,53.12500745056998,1048402.4,0.9199225411921987,0.004070589083546183,2537.TW,2026-07-31,-0.050761422034663384,0.0527124021161145,bull,0.2462962962962963,0.23262279888785914,2026-03-31,2026-05-15,1212617000.0,259289000.0,167409000.0,150138000.0,30818000.0,,0.4,17831477000.0,12815624000.0,18460150000.0,13906467000.0,4553683000.0,679610000.0,8130480000.0,,1090843000.0,0.205264490002531,133045876.99316628,5644526000.0,0.0235707793698117,,,3.053894397128654,0.2138259648347334,0.1380559566623262,,2.980962167272918,,,51.40705905064119,51.40705905064119,False,63.38476517428791,63.38476517428791,60.390338643376225,351.0,True,False,True,True,True,True,True,True,True,True,True,True,True,True,False,False,False,13,False,0.043037053540321946,0.0570002782605159,1.0,11637267.039933778,0.6537037037037037,0.0,3.0,,,,,,0.15249572470622155,0.14422710701101757,0.34004891849400026,0.20304470390932938,0.9581081081081082,0.20304470390932938,0.9113086044446618,-351.0,0.6126126126126126,0.27927927927927926,0.972972972972973,0.6666666666666665,0.5846846846846847,聯上發
42.95000076293945,43.29999923706055,42.25,42.650001525878906,1481889.0,0.051787973571626233,42.16000137329102,0.0852417901743685,40.66250038146973,0.08386285081886591,38.92750015258789,-0.11145830154418945,42.88750006357829,0.01872730603359863,62.31883657351992,1142117.75,1.2974923119792159,0.0488779864928055,2539.TW,2026-07-31,-0.050761422034663384,0.0527124021161145,bull,0.04351851851851852,0.19555143651529194,2026-03-31,2026-05-15,2476909000.0,1123612000.0,1002985000.0,1009807000.0,195023000.0,814784000.0,0.68,31998835000.0,10750825000.0,32104295000.0,13379256000.0,18725039000.0,5711725000.0,397000000.0,2628180000.0,,0.1931289840533884,809279525.9292122,21353470000.0,0.0378992044819512,0.0435130735909281,0.0253792833637991,0.7145115158371633,0.4536347520235907,0.4049341336318774,0.3289519316212262,-0.5500200926952697,,,74.05495514883755,74.05495514883755,False,83.89255270187839,83.89255270187839,81.43315331361818,129.0,True,True,True,True,True,True,True,True,True,True,True,True,True,True,True,False,False,14,False,0.09562652003595318,-0.005537709993524986,0.0,48711323.78023338,0.4351851851851852,1.0,3.0,,,,,,0.044693268082166185,0.015763739958239844,0.17623345814678823,-1.7140177086872241,0.2279279279279279,-1.7140177086872241,0.3074392630841114,-129.0,0.9369369369369369,0.963963963963964,0.14414414414414414,0.818018018018018,0.7864864864864866,櫻花建
44.20000076293945,44.79999923706055,44.0,44.0,7982497.0,-0.004524904060796975,43.60999984741211,0.008018292368525692,43.792499732971194,0.11675122578611319,43.40916665395101,0.17333333333333334,40.1825000445048,0.0032071508833095234,56.521739130434796,8461416.45,0.9433996124845032,0.004738260393767346,2542.TW,2026-07-31,-0.050761422034663384,0.0527124021161145,bull,0.17314814814814813,0.15106580166821132,2026-03-31,2026-05-15,16191907000.0,4874634000.0,3912933000.0,3918335000.0,698387000.0,2421313000.0,1.15,244126134000.0,168451704000.0,269504119000.0,203260373000.0,66243746000.0,18030010000.0,104829064000.0,11468836000.0,23019028000.0,0.1782356536641201,3215508829.0010934,101052415000.0,0.0318202076516537,0.0365515712230404,0.0089843265067128,3.068370756086167,0.3010537301134449,0.2416597995529495,0.1495384700517363,13.610654325020349,,,58.947380152838136,58.947380152838136,False,71.4479201360362,71.4479201360362,68.32278514023669,278.0,True,False,True,True,True,True,True,True,True,True,True,True,True,True,False,False,False,13,False,0.013610796787669077,0.0950040428362362,1.0,372302323.79999995,0.20092592592592592,1.0,3.0,,,,,,0.09845928514554987,0.16113253572978933,0.2099515637451472,0.07829201174397013,0.7842342342342343,0.07829201174397013,0.8100924432724108,-278.0,0.7297297297297297,0.6036036036036037,0.8918918918918919,0.754054054054054,0.7243243243243243,興富發
22.0,22.649999618530277,21.950000762939453,22.399999618530277,76600953.0,0.09268290822098901,21.760000228881836,0.07350575713408825,21.1545090675354,0.2043010300605319,20.480789629618325,-0.004444461398654398,19.897061491012572,-0.0017864791954632039,62.162163090990184,44328707.4,1.728021354396632,0.05887589010071892,2610.TW,2026-07-31,-0.050761422034663384,0.0527124021161145,bull,0.05555555555555555,0.09082483781278962,2026-03-31,2026-05-15,56997031000.0,11740924000.0,6436036000.0,7021709000.0,1173546000.0,5169442000.0,0.85,86787582000.0,117191909000.0,372739998000.0,264413465000.0,108326533000.0,52710911000.0,,54806125000.0,5750000000.0,0.1671311072560825,5360374176.979992,255548089000.0,0.0209759900688593,0.0477209217062268,0.0138687611411104,2.440892897403077,0.2059918524528058,0.1129187939631452,0.0906966890959636,0.080061410563945,,,43.706898976143904,43.706898976143904,False,78.61089961977915,78.61089961977915,69.88489945887034,453.0,True,True,True,True,True,True,False,True,True,True,True,True,True,True,False,False,False,13,False,0.09370781222890368,0.12579436057169913,1.0,992963028.8499402,0.10740740740740741,0.0,3.0,,,,,,0.07401394035118058,0.028702632370131504,0.21514803756196743,-1.199152236751657,0.4644144144144144,-1.199152236751657,0.7076162385206385,-453.0,0.5225225225225225,0.6576576576576577,0.7747747747747747,0.5603603603603603,0.6135135135135135,華航
85.5,87.0,84.5,84.69999694824219,9429158.0,-0.026436816686871367,84.33999938964844,0.061403429938546195,82.08499946594239,0.08312020784734964,80.73464978535971,0.1308410577131598,78.77315826416016,0.023895064090361882,64.24871367536234,10432190.65,0.9038521549642117,0.031857190708574956,2615.TW,2026-07-31,-0.050761422034663384,0.0527124021161145,bull,0.06481481481481481,0.1974050046339203,2026-03-31,2026-05-15,33640864000.0,7656632000.0,5825197000.0,9789626000.0,2113020000.0,7671518000.0,2.73,141008376000.0,35567443000.0,420232464000.0,133190864000.0,287041600000.0,99479800000.0,1000000000.0,42718782000.0,0.0,0.2158427707044171,4567870339.620942,384665021000.0,0.0118749303686256,0.0267261539790748,0.0182554149362434,0.4640124079575922,0.2275991484642011,0.1731583647792161,0.2280416460171772,-0.0929984351119866,,,48.73816272918027,48.73816272918027,False,77.16551447057509,77.16551447057509,70.05867653522638,389.0,True,True,True,True,True,True,True,True,True,True,True,True,True,True,False,False,False,14,False,0.049115803108389144,0.07523931774078174,1.0,883606516.2184807,0.1175925925925926,1.0,3.0,,,,,,0.0936980059018796,0.07529052473448686,0.24208039593424568,-0.895806926556805,0.7040540540540541,-0.895806926556805,0.6954226471062468,-389.0,0.5945945945945946,0.6756756756756757,0.7207207207207207,0.6135135135135136,0.6441441441441441,萬海
42.5,43.84999847412109,42.29999923706055,43.29999923706055,68928757.0,0.06388202519368491,42.24000015258789,0.03634131412654806,41.30478763580322,0.22316376753278977,39.23828627268473,0.13648296512325309,37.327893098195396,0.0013923103198686308,62.43902529796519,52461660.0,1.313888218558086,0.04830460862914254,2618.TW,2026-07-31,-0.050761422034663384,0.0527124021161145,bull,0.09814814814814815,0.08063021316033364,2026-03-31,2026-05-15,60515845000.0,15865568000.0,11279920000.0,11043489000.0,2178622000.0,8268012000.0,1.53,119872996000.0,106923312000.0,391276107000.0,247236537000.0,144039570000.0,95057424000.0,110000000.0,46720454000.0,,0.1972766034357439,9054655695.373083,284352795000.0,0.0318430339162767,0.057400976689947,0.0211308890373927,1.7164487300260616,0.2621721302908354,0.1863961413742136,0.1366255730214128,0.1014063587979636,,,65.4946890287355,65.4946890287355,False,85.08200243588739,85.08200243588739,80.18517408409942,205.0,True,True,True,True,True,True,True,True,True,True,True,True,True,True,True,False,False,14,False,0.10351402546352606,0.15999044262034356,1.0,2271589837.97493,0.058333333333333334,1.0,3.0,,,,,,0.07067765262473517,0.04235297079526131,0.2999386060554922,-1.0076368702077345,0.568918918918919,-1.0076368702077345,0.7080961897556111,-205.0,0.8198198198198198,0.9459459459459459,0.7837837837837838,0.8144144144144144,0.8504504504504504,長榮航
61.400001525878906,62.900001525878906,59.59999847412109,61.900001525878906,49194194.0,-0.053516818323238735,60.78000030517578,0.04559606018491791,62.48593463897705,0.2505050813308869,52.8591090520223,0.13577984451153946,51.71497131983439,0.02310457032350935,47.893572845519095,61594795.2,0.7986745282659856,-0.009377040072833465,2634.TW,2026-07-31,-0.050761422034663384,0.0527124021161145,bull,0.08611111111111111,0.06950880444856349,2026-03-31,2026-05-15,7587090000.0,591710000.0,272385000.0,343445000.0,82787000.0,260658000.0,0.28,37638357000.0,26369324000.0,51480606000.0,33336880000.0,18143726000.0,2181426000.0,5295860000.0,1125000000.0,3448642000.0,0.2410487851038739,206726926.6694813,25111282000.0,0.0082324322059495,0.0143662883797958,0.005063227111196,1.837377835181153,0.0779890577283253,0.0359011162382415,0.0343554643479911,0.0064028588028364,,,19.130159005497152,19.130159005497152,False,70.67894655545258,70.67894655545258,57.79174966796373,871.0,True,False,True,True,False,True,True,False,True,True,True,True,False,True,False,False,False,10,False,0.17103754936464854,0.19694548688917513,1.0,3812717916.866199,0.03981481481481482,1.0,3.0,,,,,,0.018044118862027798,-0.017497968809408095,0.17299034544332975,-1.8114831132570486,0.1382882882882883,-1.8114831132570486,0.1885367140119282,-871.0,0.15315315315315314,0.15315315315315314,0.06306306306306306,0.1396396396396396,0.13513513513513514,漢翔
48.25,48.5,47.95000076293945,47.95000076293945,98178.0,0.051535139637165495,46.99000015258789,0.06792871121179411,45.729062080383294,0.1416666848318917,44.08635387420654,0.08607019492022316,43.37776028315226,0.014925684687539303,71.47485275818919,116100.4,0.8456301614809252,0.04856733511507749,2704.TW,2026-07-31,-0.050761422034663384,0.0527124021161145,bull,0.05925925925925926,0.12974976830398516,2026-03-31,2026-05-15,378532000.0,113136000.0,11772000.0,102498000.0,43662000.0,58697000.0,0.16,22038050000.0,4179836000.0,34495152000.0,8091080000.0,26404072000.0,3958344000.0,340000000.0,400000000.0,,0.4,7063200.0,30315316000.0,0.0002329911388685,0.0022230283268429,0.0017016014308329,0.3064330380556453,0.2988809400526243,0.0310990880559635,0.1550648293935519,0.0078893625405718,,,28.393804821713665,28.393804821713665,False,74.02575594087905,74.02575594087905,62.61776816108771,712.0,True,False,True,True,True,True,True,True,True,True,True,True,True,True,False,False,False,13,False,0.08763815895860261,0.10540517652228876,1.0,5567014.268577576,0.7398148148148148,1.0,3.0,,,,,,0.05883484103370884,0.04862875006784667,0.23074893920326298,-1.3891974787081383,0.42342342342342343,-1.3891974787081383,0.4645839301315976,-712.0,0.2972972972972973,0.35135135135135137,0.3963963963963964,0.3121621621621622,0.33333333333333337,國賓
24.899999618530277,25.700000762939453,24.850000381469727,25.200000762939453,72273578.0,0.034907612655175724,24.74000015258789,0.08154513253617623,24.157499980926513,0.2057416853059042,22.499166679382324,0.2352941781454303,21.680000003178915,0.011832463975806397,70.14925713049391,27850892.9,2.5950183449953235,0.04315433231236865,2801.TW,2026-07-31,-0.050761422034663384,0.0527124021161145,bull,0.04722222222222222,0.08897126969416126,2026-03-31,2026-05-15,,,,,992320000.0,5221136000.0,,,,3481563454000.0,3255586729000.0,225976725000.0,40993679000.0,,,,,,3481563454000.0,,0.0231047511640855,0.0014996526902307,14.406734715710211,,,,,,,11.293260418625334,11.293260418625334,False,74.95524595034337,74.95524595034337,59.03974956741386,1023.0,True,False,True,True,True,True,True,True,True,True,True,True,True,True,False,False,False,13,False,0.12004151629456161,0.16236165863673446,1.0,701842522.328545,0.14166666666666666,0.0,3.0,,,,,,0.06344247072500098,-0.015125600431179338,0.20808199257631144,-1.4464948007823477,0.32837837837837835,-1.4464948007823477,0.3804668566644567,-1023.0,0.04504504504504504,0.1891891891891892,0.26126126126126126,0.07747747747747746,0.13153153153153152,彰銀
20.75,20.850000381469727,20.5,20.5,35898970.0,0.002444950376293331,20.659999847412113,0.004901979575474336,20.535000038146975,0.040609096755241936,19.76499999364217,0.014851446818306524,20.11041666666667,0.00698786411377736,45.161294292095356,19134879.2,1.8761012089378648,-0.0017044089643027949,2812.TW,2026-07-31,-0.050761422034663384,0.0527124021161145,bull,0.18425925925925926,0.25857275254865614,2026-03-31,2026-05-15,,,,,471473000.0,2426299000.0,,,,1016904606000.0,923319387000.0,93585219000.0,11220605000.0,,,,,,1016904606000.0,,0.0259260920252801,0.0023859651983914,9.86608138406985,,,,,,,13.453610786523946,13.453610786523946,False,65.70706000069028,65.70706000069028,52.643697697148696,988.0,True,False,True,True,False,True,True,False,True,False,True,True,True,True,False,False,False,10,False,0.037186946956451195,0.019372215891432676,1.0,392265023.59999996,0.19537037037037036,0.0,3.0,,,,,,0.05903557280007419,0.012354238160747698,0.1755511263141881,-1.151402530764131,0.3450450450450451,-1.151402530764131,0.36367493272164286,-988.0,0.08108108108108109,0.036036036036036036,0.24324324324324326,0.10540540540540541,0.1,台中銀
57.400001525878906,59.79999923706055,57.400001525878906,59.400001525878906,520000.0,0.05319148792262829,57.32000045776367,0.043936729928960805,56.770000267028806,0.12713473749418114,54.7089314142863,0.2060914015406885,51.854882431030276,0.004600956239495567,65.8536857682365,219013.45,2.3742834058821503,0.046327307494792525,2832.TW,2026-07-31,-0.050761422034663384,0.0527124021161145,bull,0.08703703703703704,0.13901760889712697,2026-03-31,2026-05-15,,,514384000.0,513794000.0,96832000.0,,,,,25841065000.0,13610551000.0,12230514000.0,3713301000.0,,,,0.1884646375784847,417440805.8638287,25841065000.0,0.0161541641516643,,,1.112835568480605,,,,,,,55.14019466216183,55.14019466216183,False,77.38107343743064,77.38107343743064,71.82085374361344,306.0,True,True,True,True,True,True,True,True,True,True,True,True,True,True,False,False,False,14,False,0.0857459648785539,0.14550450682988303,1.0,13009399.264188005,0.6305555555555555,1.0,3.0,,,,,,0.06915802638758348,0.049544857255477866,0.14439964464204663,-1.6971545580642367,0.31126126126126125,-1.6971545580642367,0.3430892055034581,-306.0,0.7027027027027027,0.7297297297297297,0.1981981981981982,0.6270270270270271,0.6099099099099099,台產
18.149999618530277,18.399999618530277,18.100000381469727,18.200000762939453,75665667.0,0.011111153496636383,18.110000610351562,0.013927576009699294,18.012500190734862,0.12693505837963226,17.20750001271566,0.17041804113825898,16.40625003973643,0.0047413266346730595,62.16216773512415,38668611.1,1.956772297932366,0.010409469547211225,2834.TW,2026-07-31,-0.050761422034663384,0.0527124021161145,bull,0.1537037037037037,0.13994439295644115,2026-03-31,2026-05-15,,,,,886677000.0,3437983000.0,,,,2555347612000.0,2406237987000.0,149109625000.0,29451426000.0,,,,,,2555347612000.0,,0.0230567476780925,0.0013454071703807,16.137375350518116,,,,,,,11.10187505518378,11.10187505518378,False,78.49333489433779,78.49333489433779,61.64546993454928,1024.0,True,True,True,True,True,True,True,True,True,True,True,True,True,True,False,False,False,14,False,0.05767838149006965,0.10933337714947067,1.0,703768751.521809,0.14074074074074075,0.0,3.0,,,,,,0.08502014007866937,-0.0018170235123224682,0.1884067373587765,-1.203419671476438,0.4301801801801802,-1.203419671476438,0.4331856925002726,-1024.0,0.036036036036036036,0.3333333333333333,0.36036036036036034,0.08468468468468468,0.1900900900900901,臺企銀
13.449999809265137,13.649999618530272,13.350000381469728,13.5,26244468.0,0.011235926160607201,13.389999961853027,0.02661599936296022,13.3375,0.1020408163265305,12.779166714350383,0.07142853899067036,12.625000023841858,0.0064138834485636936,55.55554770637531,10699196.75,2.4529381609885808,0.012183692596063667,2845.TW,2026-07-31,-0.050761422034663384,0.0527124021161145,bull,0.11666666666666667,0.1705282669138091,2026-03-31,2026-05-15,,,,,143704000.0,1221472000.0,,,,891493396000.0,820291532000.0,71201864000.0,7041472000.0,,,,,,891493396000.0,,0.0171550565024533,0.0013701413891348,11.520646875199784,,,,,,,8.670319530616531,8.670319530616531,False,72.20270960613264,72.20270960613264,56.31961208725361,1053.0,True,False,True,True,True,True,True,True,True,True,True,True,True,True,False,False,False,13,False,0.05640690835030404,0.06930692867372157,1.0,144439156.125,0.30462962962962964,0.0,3.0,,,,,,0.07318804778532825,0.014134923046048268,0.18771009095526092,-0.8643047832407555,0.45585585585585586,-0.8643047832407555,0.4687638463204594,-1053.0,0.018018018018018018,0.11711711711711711,0.4144144144144144,0.07747747747747748,0.127027027027027,遠東銀
15.25,15.449999809265137,15.149999618530272,15.399999618530272,316059.0,0.04406777074781498,15.169999885559083,0.09283863537341164,14.67528338432312,0.10394264007818066,14.205790154139201,0.14074071248372388,13.816228381792705,0.013495484927539896,73.68421618722415,309933.55,1.01976375258503,0.04938345756112139,2849.TW,2026-07-31,-0.050761422034663384,0.0527124021161145,bull,0.03981481481481482,0.16682113067655235,2026-03-31,2026-05-15,,,,,36199000.0,,,,,398942212000.0,362433426000.0,36508786000.0,2706824000.0,,,,,,398942212000.0,,,,9.92729328222527,,,,,,,0.0,0.0,False,73.91501335694377,73.91501335694377,55.43626001770783,1078.0,True,False,True,True,True,True,True,False,True,True,True,True,True,True,False,False,False,12,False,0.08406497994362594,0.11463122879647036,1.0,4772976.5517697325,0.7648148148148148,0.0,3.0,,,,,,0.12712912997526257,0.07680279342741879,0.264988097582881,-0.850697893608284,0.804954954954955,-0.850697893608284,0.7949004601598512,-1078.0,0.009009009009009009,0.0990990990990991,0.8648648648648649,0.1373873873873874,0.2072072072072072,安泰銀
158.0,164.5,158.0,161.0,1050213.0,0.09152542372881345,157.3,0.12195121951219523,149.0,0.2243346007604563,142.39146194458007,0.41850220264317173,130.88323097229005,0.026701119724375538,76.66666666666666,395462.6,2.655656944550509,0.08053691275167796,2850.TW,2026-07-31,-0.050761422034663384,0.0527124021161145,bull,0.028703703703703703,0.07970342910101946,2026-03-31,2026-05-15,,,1507350000.0,1508204000.0,248433000.0,,,,,58099283000.0,36260125000.0,21839158000.0,14722947000.0,,,,0.1647210854765005,1259057671.8069968,58099283000.0,0.0216707953488341,,,1.6603261444420157,,,,,,,51.89726928896828,51.89726928896828,False,78.85771255733657,78.85771255733657,72.1176017402445,341.0,True,True,True,True,True,True,True,False,True,True,True,True,True,True,False,False,False,13,False,0.13068577147316973,0.2301041073327883,1.0,63669478.599999994,0.40185185185185185,2.0,3.0,,,,,,0.036719139401411895,-0.0018947578417321993,0.1802373832256453,-2.007280375616442,0.1554054054054054,-2.007280375616442,0.181023320315241,-341.0,0.6306306306306306,0.7477477477477478,0.05405405405405406,0.5441441441441441,0.5504504504504505,新產
26.600000381469727,27.149999618530277,26.600000381469727,27.0,1132762.0,0.013133222757210072,26.720000076293946,0.005586577891961486,26.747499847412108,0.034482743501002,26.66929146448771,-0.014598526426977232,26.553812456130984,0.0009355412159322982,50.0,343858.85,3.294264492538145,0.009440140350625015,2852.TW,2026-07-31,-0.050761422034663384,0.0527124021161145,bull,0.1824074074074074,0.2743280815569972,2026-03-31,2026-05-15,,,394962000.0,395700000.0,93803000.0,,,,,19910531000.0,10498172000.0,9412359000.0,2155671000.0,,,,0.2370558503917109,301333947.2175891,19910531000.0,0.0151344003440987,,,1.1153603469650912,,,,,,,53.81873474558473,53.81873474558473,False,63.45625410140492,63.45625410140492,61.046874262449876,315.0,True,False,True,True,True,True,True,True,True,False,True,True,False,True,False,False,False,11,False,0.012400349516321185,0.016803144354738286,1.0,9284188.95,0.6851851851851852,0.0,3.0,,,,,,0.06362992058408838,0.05964661294284901,0.0990682249779656,-1.7750062276601883,0.26846846846846845,-1.7750062276601883,0.5134296685540427,-315.0,0.6846846846846847,0.2972972972972973,0.5225225225225225,0.6603603603603603,0.5360360360360361,第一保
128.0,131.0,127.0,130.0,32791469.0,0.019607843137254832,126.5,0.07438016528925617,125.6,0.3756613756613756,117.95999615987142,0.4054054054054055,103.914164797465,0.008012408930468291,54.54545454545455,22561591.75,1.4534200141264413,0.035031847133758065,2881.TW,2026-07-31,-0.050761422034663384,0.0527124021161145,bull,0.05462962962962963,0.026876737720111215,2026-03-31,2026-05-15,66193246000.0,,,38624861000.0,5062760000.0,33551455000.0,,,,13120104726000.0,12085399702000.0,1034705024000.0,358727505000.0,,,,0.131075164257549,,13120104726000.0,,0.0324261062058977,0.0025572551211051,11.68004351160858,,,0.5068712750542556,-0.3925800152621125,,,12.264204123597382,12.264204123597382,False,82.21529620859134,82.21529620859134,64.72752318734285,1007.0,True,True,True,True,True,True,True,True,True,True,True,True,True,True,False,False,False,14,False,0.10206853367315083,0.25103252529025144,1.0,2933006927.5,0.04814814814814815,2.0,3.0,,,,,,0.004089588493243171,-0.08773333001190688,0.40405769534862335,-1.5666146273821009,0.3355855855855856,-1.5666146273821009,0.35066501477668216,-1007.0,0.06306306306306306,0.45045045045045046,0.23423423423423423,0.08873873873873872,0.21351351351351353,富邦金
97.0,102.5,96.8000030517578,101.5,41353416.0,0.046391752577319645,96.93999938964843,0.0844017270797619,96.3800006866455,0.28481012658227844,93.74994265238443,0.33905007801508535,84.06247119903564,0.003279027409734174,60.90909027856286,24590361.55,1.6816920693059105,0.0531230470728139,2882.TW,2026-07-31,-0.050761422034663384,0.0527124021161145,bull,0.044444444444444446,0.05560704355885079,2026-03-31,2026-05-15,72538053000.0,,,38391738000.0,6735806000.0,31593811000.0,,,,14450034484000.0,13633007653000.0,817026831000.0,293505959000.0,,,,0.1754493636104726,,14450034484000.0,,0.0386692453677815,0.0021864176888285,16.686119887046893,,,0.4355480977687669,-0.3173702053156907,,,13.906153918122188,13.906153918122188,False,90.92163312128382,90.92163312128382,71.6677633204934,984.0,True,True,True,True,True,True,True,True,True,True,True,True,True,True,False,False,False,14,False,0.08266732894282414,0.20743535792181667,1.0,2495921697.3250003,0.05185185185185185,2.0,3.0,,,,,,0.010040132552070131,-0.0675485749739306,0.3778567284684261,-1.3247829973358547,0.3621621621621622,-1.3247829973358547,0.4549050231724605,-984.0,0.09009009009009009,0.7207207207207207,0.3783783783783784,0.13333333333333333,0.33693693693693694,國泰金
29.600000381469727,31.0,29.600000381469727,30.850000381469727,88398247.0,0.006525310454442268,29.850000381469727,0.08435850805517897,30.017500019073488,0.37416478098285966,27.07281761169434,0.7091413676144658,23.670992056528732,0.012223911525882456,56.953648908958854,51420762.3,1.7191158404899805,0.027733833992412915,2883.TW,2026-07-31,-0.050761422034663384,0.0527124021161145,bull,0.04537037037037037,0.028730305838739572,2026-03-31,2026-05-15,23565513000.0,,,13099615000.0,1407592000.0,11689699000.0,,,,4235032868000.0,3864021319000.0,371011549000.0,75116245000.0,,,,0.1074529289601259,,4235032868000.0,,0.0315076418281523,0.0027602380818169,10.414827596108069,,,0.4960511150340754,-0.1317078255463794,,,12.146336472811727,12.146336472811727,False,84.74320641482592,84.74320641482592,66.59398892932238,1012.0,True,True,True,True,True,True,True,True,True,True,True,True,True,True,False,False,False,14,False,0.13951938154172017,0.3032829510396857,1.0,1586330536.5704641,0.08055555555555556,1.0,3.0,,,,,,-0.0008247510028408834,-0.09660386663743917,0.29057723034087024,-1.1420304388479416,0.35765765765765767,-1.1420304388479416,0.3991012091106072,-1012.0,0.05405405405405406,0.5315315315315315,0.2972972972972973,0.09054054054054055,0.24594594594594596,凱基金
37.75,39.09999847412109,37.54999923706055,38.650001525878906,53956161.0,0.07510433117216686,37.10000076293945,0.14688429231084954,35.635000228881836,0.20404994900664564,33.78535324732463,0.15373138883220605,33.352259985605876,0.027466428558614888,77.93105552936422,45889427.0,1.1757863309123473,0.0846078652345128,2884.TW,2026-07-31,-0.050761422034663384,0.0527124021161145,bull,0.019444444444444445,0.0917516218721038,2026-03-31,2026-05-15,25169421000.0,,,12706707000.0,2639201000.0,10056957000.0,,,,4679436007000.0,4394289185000.0,285146822000.0,45485669000.0,,,,0.2077014131198586,,4679436007000.0,,0.0352693988642805,0.0021491814365995,15.410619533399537,,,0.3995704549580223,0.174006725249566,,,29.938092003685178,29.938092003685178,False,80.6384176470097,80.6384176470097,67.96333623617858,686.0,True,True,True,True,True,True,True,False,True,True,True,True,True,True,False,False,False,13,False,0.14398689997238656,0.15884205575752364,1.0,1773626423.5717087,0.07222222222222222,1.0,3.0,,,,,,-0.06213150161553483,-0.1309341484575179,0.17035592746390818,-1.7454666252575717,0.1135135135135135,-1.7454666252575717,0.11652718474882992,-686.0,0.3153153153153153,0.5855855855855856,0.018018018018018018,0.2707207207207207,0.336936936936937,玉山金
33.95000076293945,36.0,33.75,35.95000076293945,94709024.0,0.05270861366423385,34.12000045776367,0.05270861366423385,34.5936056137085,0.49791669845581055,30.064535172780356,0.5733041646727153,27.111434237162275,0.005595753730792646,57.95754389598822,72968274.35,1.2979479759342836,0.03920941819066859,2887.TW,2026-07-31,-0.050761422034663384,0.0527124021161145,bull,0.07314814814814814,0.018535681186283594,2026-03-31,2026-05-15,47867456000.0,,,25588754000.0,4532177000.0,21040510000.0,,,,9064708955000.0,8465511408000.0,599197547000.0,97795796000.0,,,,0.1771159705548773,,9064708955000.0,,0.035114479532407,0.0023211456765409,14.12808088147931,,,0.439557723727787,0.933005034802805,,,37.907562917661295,37.907562917661295,False,84.71200805900459,84.71200805900459,73.01089677366878,561.0,True,True,True,True,True,True,True,True,True,True,True,True,True,True,False,False,False,14,False,0.19576107052164393,0.3260088141579005,1.0,2623209518.552875,0.05,1.0,3.0,,,,,,-0.11013591254272305,-0.16963612529817784,0.14373864194822894,-1.7237454779581,0.07342342342342342,-1.7237454779581,0.09329621059804245,-561.0,0.38738738738738737,0.7927927927927928,0.009009009009009009,0.3306306306306306,0.4333333333333333,台新新光金
39.09999847412109,41.04999923706055,39.0,40.59999847412109,49231530.0,0.05317767257151451,39.25999908447265,0.02266996710039848,39.14574680328369,0.31391582444466626,35.55024900436401,0.4024178723371732,33.530124473571775,-0.002929143016390495,67.011703114766,40378004.75,1.21926604112354,0.037149672431729064,2890.TW,2026-07-31,-0.050761422034663384,0.0527124021161145,bull,0.12962962962962962,0.04355885078776645,2026-03-31,2026-05-15,26199317000.0,,,13172491000.0,2157069000.0,10973530000.0,,,,3820349236000.0,3552231164000.0,268118072000.0,41779009000.0,,,,0.163755587306911,,3820349236000.0,,0.0409279759403909,0.0028723892299148,13.24875692825361,,,0.4188479417230609,0.4040584778805451,,,40.18365017296791,40.18365017296791,False,68.26549275923944,68.26549275923944,61.24503211267155,507.0,True,False,True,True,True,True,False,True,True,True,True,True,True,True,False,False,False,12,False,0.14204540365208662,0.21085140933854096,1.0,1639346931.238054,0.07592592592592592,1.0,3.0,,,,,,-0.08604486390199641,-0.13815486474088648,0.15573866682040052,-1.6841977914917232,0.11126126126126126,-1.6841977914917232,0.1364666214296441,-507.0,0.4594594594594595,0.3153153153153153,0.036036036036036036,0.39594594594594595,0.33153153153153153,永豐金
24.299999237060547,24.299999237060547,23.75,24.200000762939453,19328.0,-0.010224948556195601,24.14000015258789,0.008333365122477288,24.082500076293947,0.02542374456658214,23.598333326975503,-0.028112404269672986,23.722916698455816,0.00291514755433646,58.666678195517804,16575.2,1.1660794439886095,0.004879090055985191,2901.TW,2026-07-31,-0.050761422034663384,0.0527124021161145,bull,0.17222222222222222,0.30676552363299353,2026-03-31,2026-05-15,33925000.0,29540000.0,6633000.0,9596000.0,1919000.0,,0.11,504302000.0,62092000.0,1086057000.0,194064000.0,891993000.0,492937000.0,,,,0.1999791579824927,5306538.245102125,1023965000.0,0.0051823433858599,,,0.2175622454436301,0.8707442888725129,0.1955195283714075,,0.0981452108891982,,,72.0006020564352,72.0006020564352,False,71.36220166432099,71.36220166432099,71.52180176234954,150.0,True,False,True,True,True,True,True,True,True,False,True,True,True,True,True,False,False,12,False,0.025496183464625455,0.020110683291936438,1.0,401119.852645874,0.9824074074074074,0.0,3.0,,,,,,0.08445410572810683,0.07751767837624499,0.16415764095796337,-1.5811122254952874,0.4711711711711712,-1.5811122254952874,0.5007438144346756,-150.0,0.9009009009009009,0.7117117117117117,0.46846846846846846,0.8360360360360359,0.7576576576576577,欣欣
22.0,22.100000381469727,21.700000762939453,22.100000381469727,254009.0,0.023148147739337155,22.00999984741211,0.030303011441068062,21.794999980926516,0.06250005731216057,21.305149173736574,0.08867001044625766,20.789241282145188,0.007279028581236878,59.37503352760466,186792.8,1.3598436342300133,0.013994053719207367,2908.TW,2026-07-31,-0.050761422034663384,0.0527124021161145,bull,0.10740740740740741,0.22706209453197404,2026-03-31,2026-05-15,9402236000.0,2780908000.0,276866000.0,231204000.0,54293000.0,160854000.0,0.32,20114529000.0,15304252000.0,40538813000.0,31810333000.0,8728480000.0,2421634000.0,4169050000.0,9539478000.0,,0.2348272521236656,211850318.0135292,25234561000.0,0.0083952448395487,0.0184286382050483,0.0039679010828462,3.6444298434549887,0.2957709208745664,0.0294468252020051,0.0171080581257479,0.0988141239298459,,,24.019508975015057,24.019508975015057,False,78.46057520700099,78.46057520700099,64.8503086490045,786.0,True,True,True,True,True,True,True,True,True,True,True,True,True,True,False,False,False,14,False,0.03730793909262964,0.0630498766903187,1.0,4128120.951255798,0.7888888888888889,0.0,3.0,,,,,,0.10448959685855039,0.0929308014834628,0.2639605432424377,-0.8514709512245396,0.7945945945945946,-0.8514709512245396,0.8225783675011892,-786.0,0.24324324324324326,0.46846846846846846,0.9009009009009009,0.3418918918918919,0.4423423423423424,特力
26.25,27.0,24.799999237060547,25.700000762939453,139555.0,0.09129518452363494,25.690000152587892,0.13716815615682432,24.432500076293945,0.12472649163633909,22.866666762034097,0.28469484568971515,21.998368867238366,0.03123351510497954,56.63366562501487,182261.1,0.7656872475805314,0.051877649961631356,2910.TW,2026-07-31,-0.050761422034663384,0.0527124021161145,bull,0.022222222222222223,0.1417979610750695,2026-03-31,2026-05-15,134947000.0,122139000.0,79615000.0,67368000.0,16123000.0,51245000.0,0.29,1046634000.0,924884000.0,6492314000.0,3855433000.0,2636881000.0,179700000.0,437000000.0,2663000000.0,,0.2393272770454815,60560958.83802399,5567430000.0,0.010877722546673,0.0194339448765416,0.0078931795350625,1.4621186925007237,0.9050886644386316,0.5899723595189222,0.3797416763618309,0.0604038975326104,,,53.55098246287692,53.55098246287692,False,80.26003916438684,80.26003916438684,73.58277498900935,319.0,True,True,True,True,True,True,True,True,True,True,True,True,False,True,False,False,False,13,False,0.12390673421670662,0.1682684710871376,1.0,4684110.409054184,0.7685185185185185,0.0,3.0,,,,,,0.06262146464807757,0.007651857639747132,0.1374328532824197,-1.3801659472740644,0.24504504504504504,-1.3801659472740644,0.3226343500615624,-319.0,0.6666666666666666,0.8108108108108109,0.16216216216216217,0.590990990990991,0.609009009009009,統領
51.900001525878906,53.0,51.900001525878906,52.20000076293945,5538909.0,0.015564187029406318,51.34000015258789,0.007722037292863915,50.74083309173584,0.19314287458147317,48.820277786254884,0.025540259294483336,48.671388975779216,-0.0023593771185904857,75.76152478460295,2949993.3,1.8776005355673182,0.028757266727677644,2915.TW,2026-07-31,-0.050761422034663384,0.0527124021161145,bull,0.17592592592592593,0.09731232622798888,2026-03-31,2026-05-15,418613000.0,187104000.0,-8207000.0,2736586000.0,18591000.0,2708283000.0,2.59,4840429000.0,1001903000.0,130249863000.0,12898049000.0,117351814000.0,3969846000.0,450000000.0,9445000000.0,,0.0067935010995452,-8151245.736476032,129247960000.0,-6.306672644176382e-05,0.0230783224194557,0.0207929815634431,0.1099092426470714,0.4469617522628298,-0.019605220095888,,-0.3549697834454577,,,42.46996725529738,42.46996725529738,False,62.372515164101316,62.372515164101316,57.39687818690033,473.0,True,False,True,True,True,True,False,False,True,True,True,True,True,True,False,False,False,11,False,0.06922785223553385,0.07249868683460448,1.0,153989652.51066625,0.2962962962962963,1.0,3.0,,,,,,0.10814544917514639,0.09026442505040401,0.17707553480224283,-1.2829850249040105,0.6504504504504504,-1.2829850249040105,0.6243475238727598,-473.0,0.4954954954954955,0.13513513513513514,0.6306306306306306,0.5157657657657657,0.4144144144144144,潤泰全
35.0,36.20000076293945,33.25,35.099998474121094,393727.0,0.057228845407213846,37.02000045776367,0.28336372886861727,32.742500114440915,0.29999994348596637,27.14916661580404,0.6754175272495924,24.327499930063883,0.08409900358566372,60.46128302038569,305887.85,1.2871612913033323,0.07200117130458272,2923.TW,2026-07-31,-0.050761422034663384,0.0527124021161145,bull,0.003703703703703704,0.04911955514365153,2026-03-31,2026-05-15,2068437000.0,1223647000.0,1093718000.0,507741000.0,478663000.0,26623000.0,0.02,43331856000.0,14759908000.0,117789596000.0,69575606000.0,48213990000.0,4643421000.0,6895034000.0,45987458000.0,,0.4,656230800.0,103029688000.0,0.0063693369623714,0.00055218412747,0.0002260216598416,1.4430584566844602,0.5915805025727155,0.5287654397982632,0.0128710712484837,1.5370100759838343,,,53.57592567176444,53.57592567176444,False,91.45543395808026,91.45543395808026,81.9855568865013,317.0,True,True,True,True,True,True,True,True,True,True,True,True,True,True,False,False,False,14,False,0.29285730832300105,0.4428115743510732,1.0,10736663.068252182,0.6657407407407407,1.0,3.0,,,,,,0.05829239844476334,0.06019900262964955,0.2646120452866344,-1.5603351717312215,0.45495495495495497,-1.5603351717312215,0.587470382084456,-317.0,0.6756756756756757,0.972972972972973,0.5945945945945946,0.6635135135135135,0.7486486486486487,鼎固-KY
114.0,117.5,114.0,114.0,7938030.0,0.008849557522123908,110.7,0.06542056074766345,111.875,0.15035319631987565,105.71999994913737,0.051862757403431825,106.68489418029785,0.017276653784951176,48.38709677419355,5260196.8,1.509074717508668,0.018994413407821265,3005.TW,2026-07-31,-0.050761422034663384,0.0527124021161145,bull,0.062037037037037036,0.12233549582947173,2026-03-31,2026-05-15,9308269000.0,2890739000.0,1257624000.0,1391228000.0,215931000.0,1087413000.0,1.74,34157049000.0,19619666000.0,51413542000.0,24716257000.0,26697285000.0,14015961000.0,1317501000.0,1977017000.0,,0.1552089233396682,1062429532.993873,31793876000.0,0.0334161689815319,0.0407312204218518,0.0211503226134468,0.9257966493596632,0.3105560228222884,0.1351082569702272,0.1168222577151562,-0.0255358141879895,,,60.64311592085046,60.64311592085046,False,75.90565858970945,75.90565858970945,72.0900229224947,256.0,True,True,True,True,True,True,True,False,True,True,True,True,True,True,True,False,False,13,False,0.07832009132468976,0.06856740006077722,1.0,599662435.1999999,0.16203703703703703,2.0,3.0,,,,,,0.09099218262907752,0.07091354415422008,0.2664736982471802,-0.9423323428737199,0.6954954954954955,-0.9423323428737199,0.6622970020475114,-256.0,0.7567567567567568,0.7387387387387387,0.6666666666666666,0.7432432432432432,0.7333333333333333,神基
104.0,110.0,104.0,109.5,4202557.0,0.05288461538461542,103.16000061035156,0.06829268292682933,103.39000015258789,0.09499999999999997,101.51000010172525,-0.0012753717421936095,102.31759529113769,0.007159906769549342,63.440863155430755,1205328.95,3.486647358797779,0.05909662286869799,3029.TW,2026-07-31,-0.050761422034663384,0.0527124021161145,bull,0.058333333333333334,0.1788693234476367,2026-03-31,2026-05-15,6876938000.0,811379000.0,385472000.0,424218000.0,78018000.0,295873000.0,1.77,12286821000.0,7803745000.0,15126326000.0,8760650000.0,6365676000.0,2911146000.0,3716000.0,,,0.1839101593991768,314579783.0360805,7322581000.0,0.0429602326059732,0.0464794312497211,0.0195601364138258,1.3762324692617092,0.1179855045952137,0.0560528537555522,0.0430239446683974,0.0168646985516829,,,48.26050505492552,48.26050505492552,False,80.99091531349974,80.99091531349974,72.8083127488562,395.0,True,True,True,True,True,True,True,True,True,True,True,True,False,True,False,False,False,13,False,0.07871145591831152,0.07019716099098372,1.0,131983520.02499999,0.30925925925925923,2.0,3.0,,,,,,0.07559459274603564,0.035584077135958,0.2185406083883402,-0.917704872465837,0.5261261261261261,-0.917704872465837,0.5206028983166058,-395.0,0.5855855855855856,0.7747747747747747,0.5315315315315315,0.5774774774774775,0.6315315315315315,零壹
530.0,531.0,504.0,519.0,7463566.0,0.023668639053254337,505.1,0.052080437367141075,494.62758483886716,0.14569536423841067,496.84459126790364,0.32061068702290085,444.18062896728514,-0.001425683048867989,66.24605678233439,5352769.4,1.394337293887534,0.04927427403603568,3034.TW,2026-07-31,-0.050761422034663384,0.0527124021161145,bull,0.075,0.12696941612604262,2026-03-31,2026-05-15,23145303000.0,9039901000.0,4027546000.0,4389348000.0,622236000.0,3767112000.0,6.19,79261926000.0,21790635000.0,103666583000.0,31738768000.0,71927815000.0,48919537000.0,,,,0.1417604619182621,3456599218.642951,81875948000.0,0.0422175169030464,0.0523735080788982,0.036338730292673,0.4412586146263444,0.390571728527382,0.1740113750077067,0.1627592432036858,-0.1465659805926223,,,75.54535048945058,75.54535048945058,False,61.13914623520981,61.13914623520981,64.74069729877,116.0,True,False,True,True,True,False,False,True,True,True,True,True,True,True,True,False,False,11,False,0.044592230893683915,0.16844357037061486,1.0,2778087318.6000004,0.049074074074074076,3.0,3.0,,,,,,0.1179165922591025,0.09636272842840722,0.34034734946263795,-0.18979828603164522,0.8986486486486486,-0.18979828603164522,0.901566300845565,-116.0,0.9459459459459459,0.4594594594594595,0.963963963963964,0.9486486486486486,0.8036036036036036,聯詠
176.0,176.0,165.5,176.0,138536283.0,-0.016759776536312887,170.5,0.14751003843061739,155.84551544189452,0.20547945205479445,154.74108327229817,0.30855018587360594,143.8163749694824,0.029884803759316958,68.57142857142857,71625381.25,1.9341786470421056,0.12932348101873914,3231.TW,2026-07-31,-0.050761422034663384,0.0527124021161145,bull,0.017592592592592594,0.08989805375347544,2026-03-31,2026-05-15,846303026000.0,44093947000.0,29137265000.0,23507511000.0,5486748000.0,9630739000.0,3.06,1303491429000.0,1086171892000.0,1469121920000.0,1193994744000.0,275127176000.0,100033488000.0,354877446000.0,39108580000.0,51333618000.0,0.2334040383943668,22336509681.23316,382950028000.0,0.0583274789086401,0.0350046808898296,0.0065554389114281,4.339792096728387,0.0521018425378996,0.0344288796150422,0.0113797761606963,1.4425382266616515,,,39.08905119727999,39.08905119727999,False,86.02725040700271,86.02725040700271,74.29270060457203,532.0,True,True,True,True,True,True,True,True,True,True,True,True,True,True,False,False,False,14,False,0.13738379154482505,0.22378275796025937,1.0,12606067100.0,0.012037037037037037,2.0,3.0,,,,,,0.15715756932628785,0.10930236733105703,0.318369916411995,-0.3236235770421341,0.9301801801801801,-0.3236235770421341,0.8531513453159472,-532.0,0.42342342342342343,0.8648648648648649,0.9369369369369369,0.5004504504504504,0.6585585585585586,緯創
13.800000190734863,14.0,13.800000190734863,13.949999809265137,65030.0,0.025735251321925556,13.779999923706054,0.025735251321925556,13.523396062850953,0.03333331920482485,13.237798706690471,0.00722017509322237,13.420565994580585,0.0031526072971284984,77.55630129532369,59627.2,1.0906096546542519,0.03154560765886849,3266.TW,2026-07-31,-0.050761422034663384,0.0527124021161145,bull,0.11851851851851852,0.27803521779425394,2026-03-31,2026-05-15,508760000.0,129118000.0,60784000.0,58332000.0,13161000.0,43683000.0,0.12,12792293000.0,7165124000.0,13882400000.0,7442761000.0,6439639000.0,986601000.0,4625000000.0,151500000.0,,0.2256222999382843,47069774.120551325,6717276000.0,0.0070072711201015,0.0067834547868288,0.003146646113064,1.155773017711086,0.2537896061011085,0.1194748014781036,0.0858617029640695,1.0270049523688098,,,43.42781225211624,43.42781225211624,False,67.87744509327923,67.87744509327923,61.76503688298849,459.0,True,False,True,True,True,True,True,False,True,False,True,True,True,True,False,False,False,11,False,0.053800568988461306,0.0394494401278116,1.0,831799.4286270142,0.9518518518518518,0.0,3.0,,,,,,0.09534967453003228,0.0840838879870047,0.20642404362975247,-1.2237686551170526,0.636036036036036,-1.2237686551170526,0.6559026759586821,-459.0,0.5135135135135135,0.34234234234234234,0.6486486486486487,0.5337837837837838,0.4891891891891892,昇陽
110.5,113.5,109.5,112.5,11028421.0,-0.04255319148936165,110.0,0.022727272727272707,111.925,0.08695652173913038,112.30833333333334,0.7307692307692308,98.24583326975504,0.004712746858168685,45.79439252336448,11148342.15,0.9892431405148432,0.005137368773732387,3702.TW,2026-07-31,-0.050761422034663384,0.0527124021161145,bull,0.1287037037037037,0.19184430027803523,2026-03-31,2026-05-15,316500457000.0,14203178000.0,8470625000.0,7205961000.0,1455173000.0,5548632000.0,3.3,434755950000.0,351739547000.0,479508376000.0,386867313000.0,92641063000.0,25004254000.0,131686606000.0,25757252000.0,5309644000.0,0.2019401714774754,6760065534.97861,127768829000.0,0.0529085661024459,0.0598938723317542,0.011571501724925,4.17598093622911,0.0448756950768004,0.0267633894759273,0.0175311974352062,0.2719338016357759,,,44.311414548255854,44.311414548255854,False,56.7708954464157,56.7708954464157,53.65602522187574,443.0,True,False,True,True,True,False,True,False,True,True,True,True,True,True,False,False,False,11,False,0.0017066112636343611,0.14508673045814668,1.0,1254188491.875,0.09351851851851851,2.0,3.0,,,,,,0.11847149126356536,0.11384220077725064,0.34842847739587435,0.47217247186125627,0.9387387387387387,0.47217247186125627,0.9494405347327948,-443.0,0.5405405405405406,0.05405405405405406,0.9819819819819819,0.6067567567567568,0.4828828828828829,大聯大
25.350000381469727,26.0,25.299999237060547,25.850000381469727,25936.0,-0.024528287491708434,25.750000381469725,0.009765624854480848,25.91750011444092,0.04655868757120696,25.1,-0.13255030056102934,26.411666695276896,0.006602585728403792,52.054800963079764,33606.45,0.7717566121979561,-0.002604407549846366,4190.TW,2026-07-31,-0.050761422034663384,0.0527124021161145,bull,0.16574074074074074,0.24837812789620017,2026-03-31,2026-05-15,547291000.0,358277000.0,-2980000.0,-1118000.0,14477000.0,-15595000.0,-0.26,1622513000.0,3364541000.0,6747057000.0,5134925000.0,1612132000.0,755987000.0,400000000.0,918267000.0,0.0,0.0,-2980000.0,3382516000.0,-0.0008810010063514,-0.0096735254929497,-0.0023113781312355,3.185176524006719,0.6546371126146785,-0.0054450009227266,-0.0284948957684303,-0.0893812082993626,,,14.664956846451332,14.664956846451332,False,63.879214539350286,63.879214539350286,51.575650116125544,965.0,True,False,True,True,False,True,True,True,True,False,True,True,False,True,False,False,False,10,False,0.02988049328564646,-0.021265841352890114,0.0,868726.7453198432,0.95,0.0,3.0,,,,,,0.03415165355566793,-5.9948033792322525e-06,0.1576670895688521,-1.1449834729829642,0.2527027027027027,-1.1449834729829642,0.34413346840796855,-965.0,0.10810810810810811,0.018018018018018018,0.2072072072072072,0.12297297297297298,0.1009009009009009,佐登-KY
102.0,103.0,99.9000015258789,102.0,37129.0,0.02306923893841062,100.23999938964843,0.1111110741738357,98.71960144042968,0.031344776807813446,94.17153422037761,-0.004878048780487809,94.63993384043376,0.022793293559061397,56.85290489612969,46176.55,0.8040661331346755,0.03322945505963992,4439.TW,2026-07-31,-0.050761422034663384,0.0527124021161145,bull,0.03148148148148148,0.28637627432808155,2026-03-31,2026-05-15,1813173000.0,351234000.0,137515000.0,120652000.0,21935000.0,98717000.0,2.59,3706764000.0,2411825000.0,6690736000.0,3165004000.0,3525732000.0,605864000.0,578186000.0,268213000.0,468173000.0,0.1818038656632297,112514241.41332096,4278911000.0,0.0262950646585827,0.0279990084328587,0.01475428114336,0.8976870618640328,0.1937123484631637,0.075842183840152,0.0544443359789716,0.0206853419814041,,,45.1072184501587,45.1072184501587,False,75.05738650357873,75.05738650357873,67.56984449022372,432.0,True,True,True,True,True,True,True,True,True,False,True,True,True,True,False,False,False,13,False,0.08312985282051821,0.07776913889199855,1.0,4710008.100000001,0.7666666666666667,2.0,3.0,,,,,,0.10410364315942974,0.08342350219496086,0.23055259624250485,-0.5397092303247746,0.7590090090090089,-0.5397092303247746,0.8005650108134887,-432.0,0.5495495495495496,0.5585585585585585,0.8738738738738738,0.5981981981981982,0.6171171171171171,冠星-KY
105.5,106.0,104.0,105.0,16945268.0,-0.004739336492891044,106.1,0.038403600537967986,101.05407180786133,0.10062891321355938,101.11929410298666,0.17713008511564943,97.27631384531657,0.013704666584340199,69.43231644727439,15197538.55,1.115000823603767,0.039047691216651303,4904.TW,2026-07-31,-0.050761422034663384,0.0527124021161145,bull,0.09351851851851851,0.17238183503243745,2026-03-31,2026-05-15,27804510000.0,9180075000.0,4900562000.0,4717879000.0,943576000.0,3708354000.0,1.03,36726189000.0,39569231000.0,185313352000.0,85176808000.0,100136544000.0,7149542000.0,1907000000.0,7161318000.0,18487164000.0,0.2000000423919307,3920449392.255715,145744121000.0,0.026899537115845,0.0370329736963959,0.0200112617897063,0.850606627686292,0.3301649624467397,0.1762506154577081,0.1333723917450802,0.0676669313513584,,,64.90506799565857,64.90506799565857,False,62.7279725364143,62.7279725364143,63.27224640122536,211.0,True,False,True,True,True,False,True,True,True,True,True,True,True,True,True,False,False,12,False,0.038377501854996776,0.07939945346783195,1.0,1595741547.75,0.07962962962962963,2.0,3.0,,,,,,0.08159024119065128,0.04907506249757491,0.26461649827434036,-1.1794375270386859,0.5851351351351352,-1.1794375270386859,0.5922145000825448,-211.0,0.8018018018018018,0.3783783783783784,0.6216216216216216,0.7747747747747749,0.6387387387387389,遠傳
54.79999923706055,54.79999923706055,53.59999847412109,54.79999923706055,103840.0,0.03007515885668366,53.659999084472645,0.01669754518929878,53.39999961853027,0.033962249755859375,53.068333307902016,-0.10429290597417151,54.688571039835615,0.003099456753359018,61.19403494947519,77948.0,1.3321701647252013,0.026217221508077815,5283.TW,2026-07-31,-0.050761422034663384,0.0527124021161145,bull,0.14722222222222223,0.2761816496756256,2026-03-31,2026-05-15,1223404000.0,353685000.0,-7455000.0,16910000.0,3240000.0,13670000.0,0.16,4507049000.0,2765436000.0,8209751000.0,3417985000.0,4791766000.0,676596000.0,1172000000.0,328000000.0,,0.1916026020106445,-6026602.602010644,5444315000.0,-0.0011069533269126,0.0028528104252169,0.0016650931313263,0.7133038215972983,0.2890991038119869,-0.006093653445632,0.011173741462346,-0.0336491827829927,,,23.489256314333275,23.489256314333275,False,78.41605086818676,78.41605086818676,64.68435222972339,799.0,True,True,True,True,True,True,True,True,True,False,True,True,True,True,False,False,False,13,False,0.03263087082670224,0.002037504273859403,1.0,4271550.3405303955,0.7851851851851852,1.0,3.0,,,,,,0.0727513599766849,0.04184429648529869,0.18329800721223258,-1.7604221598725898,0.3481981981981982,-1.7604221598725898,0.4972283280002111,-799.0,0.23423423423423423,0.44144144144144143,0.4594594594594595,0.268018018018018,0.3414414414414414,禾聯碩
190.0,192.0,183.0,183.0,159076.0,-0.05670103092783507,186.3,-0.010810810810810811,188.45,0.19218241042345285,174.9,0.26206896551724146,161.8125,0.008158352280326213,47.826086956521735,177600.25,0.8956969373635454,-0.0289201379676306,5288.TW,2026-07-31,-0.050761422034663384,0.0527124021161145,bull,0.25462962962962965,0.09823911028730306,2026-03-31,2026-05-15,2061135000.0,478999000.0,298138000.0,346156000.0,100630000.0,249057000.0,3.59,4729511000.0,1996750000.0,8144719000.0,2033096000.0,6111623000.0,1527526000.0,170275000.0,,0.0,0.2907070800448352,211467172.5695929,6147969000.0,0.0343962652657475,0.0407513683353832,0.0305789555170657,0.3326605715044923,0.2323957431221147,0.1446474879132128,0.120834879811366,0.0892520430725782,,,70.01559901846518,70.01559901846518,False,64.90513335392853,64.90513335392853,66.1827497700627,163.0,True,False,True,True,False,True,True,False,True,True,True,True,True,True,True,False,False,11,False,0.046312178387650116,0.13093858632676714,1.0,32500845.75,0.49907407407407406,2.0,3.0,,,,,,0.07858789832335637,0.06966456556272231,0.23037759791893192,-1.4092960336246445,0.5454954954954956,-1.4092960336246445,0.5112563487780875,-163.0,0.8828828828828829,0.5135135135135135,0.5045045045045045,0.8261261261261261,0.6963963963963963,豐祥-KY
89.0,90.5999984741211,88.5999984741211,89.0,162657.0,-0.020902106644497542,89.7,0.03248263516110139,90.27000045776367,0.10834366896143899,86.26915397644044,-0.028652702236968364,86.65177084604899,0.011258615397500204,50.44247130367501,308016.35,0.5280791100862017,-0.014068909397623064,5306.TW,2026-07-31,-0.050761422034663384,0.0527124021161145,bull,0.1037037037037037,0.1566265060240964,2026-03-31,2026-05-15,1341388000.0,561120000.0,294671000.0,324498000.0,98836000.0,225673000.0,1.79,6076821000.0,3279027000.0,14278795000.0,5015002000.0,9263793000.0,2533303000.0,1157914000.0,920000000.0,0.0,0.304581230084623,204919744.34973404,10999768000.0,0.0186294605804171,0.0243607559020371,0.0158047650379461,0.5413551447015278,0.4183129713401342,0.219676186159411,0.1682384216945432,0.052471848048508,,,64.26179889626455,64.26179889626455,False,67.97322623828649,67.97322623828649,67.045369402781,219.0,True,False,True,True,False,True,True,True,True,True,True,True,False,True,True,False,False,11,False,0.03165495310531674,0.027099609517767576,1.0,27413455.15,0.524074074074074,1.0,3.0,,,,,,0.0872229913539415,0.06704283711097092,0.14119836345914533,-1.857450956774604,0.3801801801801801,-1.857450956774604,0.38350593580403913,-219.0,0.7837837837837838,0.5495495495495496,0.2702702702702703,0.7067567567567568,0.6108108108108108,桂盟
43.29999923706055,43.84999847412109,42.650001525878906,42.900001525878906,416071.0,-0.014925320839695888,42.84000015258789,0.06583854722680504,42.117500114440915,0.08333341360895252,40.96266562143962,0.336448709194324,38.792999505996704,0.0136582411817318,55.55555965077295,492319.5,0.8451239489802862,0.018579008946679965,5515.TW,2026-07-31,-0.050761422034663384,0.0527124021161145,bull,0.06111111111111111,0.19647822057460612,2026-03-31,2026-05-15,2015280000.0,391103000.0,268702000.0,476647000.0,82479000.0,394168000.0,1.96,9114211000.0,5142167000.0,11530797000.0,5836747000.0,5694050000.0,2270517000.0,100000000.0,,,0.1730400065457246,222205804.1611507,6388630000.0,0.0347814483169553,0.0692245414072584,0.0341839336864572,1.02506072127923,0.1940688142590607,0.1333323409154063,0.1955896947322456,0.3881614203981094,,,76.63848749386133,76.63848749386133,False,73.75358373205034,73.75358373205034,74.47480967250308,104.0,True,False,True,True,True,True,True,True,True,True,True,True,True,True,True,False,False,13,False,0.04729516194925787,0.10586966906870221,1.0,21120507.30121994,0.5611111111111111,1.0,3.0,,,,,,0.09999832178625852,0.09414863321441913,0.23557712070748935,-0.9362508045683134,0.7540540540540541,-0.9362508045683134,0.7017145195205001,-104.0,0.954954954954955,0.8738738738738738,0.7477477477477478,0.9238738738738739,0.8891891891891892,建國
33.79999923706055,34.20000076293945,33.400001525878906,34.20000076293945,19009.0,0.005882375380572125,33.86000061035156,0.055555529391652314,33.964999961853025,0.08571430993458584,33.391858164469404,0.06875002384185791,32.259679015477495,0.017884388516869472,57.851246964793184,37466.35,0.5073619394469971,0.006918910683066715,5538.TW,2026-07-31,-0.050761422034663384,0.0527124021161145,bull,0.06944444444444445,0.1936978683966636,2026-03-31,2026-05-15,3164547000.0,521693000.0,303683000.0,283264000.0,56625000.0,225974000.0,1.12,11275781000.0,4984369000.0,14701660000.0,6800925000.0,7900735000.0,2524953000.0,2256342000.0,1189653000.0,,0.1999018583370989,242976203.9546148,9717291000.0,0.0250045206997109,0.0286016427585534,0.0153706452196554,0.8607964955159235,0.1648555069651359,0.0959641300950815,0.0714080087924116,0.0280798566914675,,,45.92585745794853,45.92585745794853,False,75.15218136344251,75.15218136344251,67.84560038706901,416.0,True,True,True,True,True,True,True,True,True,True,True,True,False,True,False,False,False,13,False,0.02420178579130261,0.06014696384706841,1.0,1281349.1985845566,0.9185185185185185,1.0,3.0,,,,,,0.10999338359534279,0.12022701489980317,0.22627235121032324,-0.3017854582144627,0.8238738738738739,-0.3017854582144627,0.7781011086674955,-416.0,0.5675675675675675,0.5765765765765766,0.8468468468468469,0.6094594594594595,0.6261261261261262,東明-KY
44.79999923706055,45.70000076293945,44.79999923706055,45.45000076293945,17584244.0,0.034703658010646565,44.64693069458008,0.08214287530808217,43.65538444519043,0.17139179527423898,41.909294764200844,0.14772733621798984,40.676730728149415,0.013329092887073063,57.51919033235295,15629869.05,1.1250410316137613,0.041108704929678774,5876.TW,2026-07-31,-0.050761422034663384,0.0527124021161145,bull,0.046296296296296294,0.10750695088044486,2026-03-31,2026-05-15,,,,,1276742000.0,5109024000.0,,,,2488960189000.0,2207968500000.0,280991689000.0,30954201000.0,,,,,,2488960189000.0,,0.0181821178348089,0.0020526740534378,7.857771551385635,,,,,,,9.85663137943466,9.85663137943466,False,81.52360504930229,81.52360504930229,63.606861631835386,1041.0,True,True,True,True,True,True,True,True,True,True,True,True,True,True,False,False,False,14,False,0.08448498164094853,0.11734645212002759,1.0,710377560.2471437,0.13796296296296295,1.0,3.0,,,,,,0.04526711533694784,-0.055644670338327235,0.22776452711837253,-1.5279888255801606,0.2765765765765766,-1.5279888255801606,0.28817670935400674,-1041.0,0.02702702702702703,0.38738738738738737,0.13513513513513514,0.043243243243243246,0.15675675675675677,上海商銀
48.20000076293945,48.59999847412109,47.04999923706055,47.29999923706055,2366400.0,-0.025746653339714487,47.43000030517578,0.03841932007270277,46.96249980926514,0.02937972691417068,45.91416676839193,-0.0010559501303440966,46.342916615804036,0.010543877539486652,60.16948878577005,1216862.1,1.9446739281303935,0.007186572886156872,6177.TW,2026-07-31,-0.050761422034663384,0.0527124021161145,bull,0.09259259259259259,0.29471733086190915,2026-03-31,2026-05-15,4844225000.0,2424809000.0,2089752000.0,2073933000.0,400120000.0,1667275000.0,3.53,41652029000.0,29793350000.0,46628913000.0,33629226000.0,12999687000.0,696289000.0,19529640000.0,800533000.0,2371735000.0,0.1929281225574789,1686580070.0292633,16835563000.0,0.1001796061129208,0.1282550110629586,0.0357562484890008,2.586925823675601,0.5005566421873467,0.4313903668801511,0.3441778612677982,7.245531466543658,,,87.89986336679576,87.89986336679576,False,76.65809705206769,76.65809705206769,79.4685386307497,43.0,True,True,True,True,True,True,True,True,True,False,True,True,True,True,True,False,False,13,False,0.030183112668890955,0.020652187888625884,1.0,57557576.4016079,0.41203703703703703,1.0,2.0,,,,,,0.0780520536917222,0.07450514071914209,0.34860970995939233,-0.5519239882955332,0.731081081081081,-0.5519239882955332,0.6641857016839767,-43.0,1.0,0.9369369369369369,0.6756756756756757,0.9513513513513513,0.9162162162162162,達麗
148.0,154.5,148.0,154.0,8834745.0,0.10394265232974909,146.0,0.15355805243445686,141.1,0.23199999999999998,135.90301437377929,0.2727272727272727,125.25567385355632,0.025622387788479056,70.3125,1963816.45,4.498763109963765,0.09142452161587533,6214.TW,2026-07-31,-0.050761422034663384,0.0527124021161145,bull,0.014814814814814815,0.0778498609823911,2026-03-31,2026-05-15,11968686000.0,2441124000.0,591731000.0,895921000.0,121622000.0,718327000.0,2.64,28637858000.0,16986250000.0,37839475000.0,17932964000.0,19906511000.0,4485498000.0,2337560000.0,448042000.0,0.0,0.1357508083860072,511403038.4029395,20853225000.0,0.0245239303946003,0.0360850276575337,0.0189835350516887,0.9008592213874144,0.203959231614899,0.0494399301644307,0.0600171982120677,0.2168964026850304,,,53.24611007538207,53.24611007538207,False,80.22801916565206,80.22801916565206,73.48254189308456,322.0,True,True,True,True,True,True,True,True,True,True,False,True,False,True,False,False,False,12,False,0.1331610318550247,0.229485222202791,1.0,302427733.3,0.22037037037037038,2.0,3.0,,,,,,0.051573801741031496,0.011127124800717635,0.24843378041009237,-1.1945095227538796,0.4009009009009009,-1.1945095227538796,0.4000445689761534,-322.0,0.6486486486486487,0.8018018018018018,0.3063063063063063,0.5972972972972973,0.6261261261261262,精誠
47.59999847412109,50.70000076293945,47.59999847412109,50.70000076293945,4168253.0,-0.02873563176391669,49.35999984741211,0.2643392192560601,45.62249984741211,0.4142260228975485,38.73249991734823,0.39669426524883233,35.60374987920125,0.053759093844676496,65.21287753023752,4741969.5,0.8790130345629595,0.11129378996130046,6243.TW,2026-07-31,-0.050761422034663384,0.0527124021161145,bull,0.004629629629629629,0.023169601482854494,2026-03-31,2026-05-15,90026000.0,53797000.0,-16222000.0,-1659000.0,-162000.0,,-0.03,918796000.0,84467000.0,1150484000.0,381040000.0,769444000.0,591361000.0,,,291585000.0,0.0976491862567811,-14637934.900542496,1066017000.0,-0.0137314272666782,,,0.4952147264778203,0.5975718125874747,-0.1801923888654388,,-0.455927768074601,,,38.55396498905318,38.55396498905318,False,88.87537853721754,88.87537853721754,76.29502515017644,549.0,True,True,True,True,True,True,True,True,True,True,True,True,True,True,False,False,False,14,False,0.3089782707320423,0.42400732886164394,1.0,240417857.26783562,0.23333333333333334,1.0,3.0,,,,,,0.1095186004655282,0.035802268566468405,0.39313013452290446,-1.1852844360158246,0.7090090090090091,-1.1852844360158246,0.7054962109213639,-549.0,0.40540540540540543,0.9099099099099099,0.7657657657657657,0.4594594594594595,0.6288288288288288,迅杰
76.80000305175781,81.5,76.5,80.19999694824219,771961.0,0.028205089080028056,77.6,0.1343705857152262,74.34077529907226,0.12167827899639416,73.8019250233968,0.3061888429178532,69.22596241633097,0.026299163712078636,65.15894741886405,798138.05,0.9672023530265221,0.07881571890524852,6277.TW,2026-07-31,-0.050761422034663384,0.0527124021161145,bull,0.025,0.14550509731232622,2026-03-31,2026-05-15,1293181000.0,778857000.0,186537000.0,183859000.0,52118000.0,128893000.0,1.08,3416718000.0,1638244000.0,7019344000.0,2304220000.0,4715124000.0,897714000.0,266856000.0,200000000.0,,0.2834672221648111,133659874.77904265,5381100000.0,0.0248387643379685,0.0273360785421549,0.01836254214069,0.4886870419526612,0.6022799592632431,0.1442466290488338,0.0996712757146911,0.0734456101555489,,,66.12491163281756,66.12491163281756,False,82.5592964550025,82.5592964550025,78.45070024945626,199.0,True,True,True,True,True,True,True,True,True,True,True,True,True,True,True,False,False,14,False,0.08669248021399256,0.15852483878681833,1.0,64010669.17427597,0.4,1.0,3.0,,,,,,0.0958793502525195,0.08122605795513907,0.3130740830007684,-1.1788631180942883,0.7414414414414415,-1.1788631180942883,0.7028297839663358,-199.0,0.8288288288288288,0.9279279279279279,0.7567567567567568,0.8180180180180179,0.8441441441441442,宏正
52.20000076293945,52.20000076293945,51.5,51.79999923706055,64613.0,-0.0019268263175000744,51.95999984741211,-0.005758142914525255,51.68499984741211,0.03599998474121091,51.31666660308838,-0.11345529281995925,53.224113623301186,0.002910646972623577,59.999980926531826,60445.1,1.068953480100124,0.002225005126979651,6281.TW,2026-07-31,-0.050761422034663384,0.0527124021161145,bull,0.23148148148148148,0.26969416126042633,2026-03-31,2026-05-15,4414198000.0,938230000.0,137648000.0,139886000.0,27977000.0,,1.13,5891624000.0,4637050000.0,10056992000.0,7381843000.0,2675149000.0,1001652000.0,,,,0.1999985702643581,110118596.80025163,5419942000.0,0.0203173016981088,,,2.759413774709371,0.2125482363953769,0.0311830144456592,,-4.372064006108456e-05,,,24.61246995903972,24.61246995903972,False,70.96209864827404,70.96209864827404,59.374691475965456,774.0,True,False,True,True,True,True,True,True,True,False,True,True,True,True,False,False,False,12,False,0.009418628799694462,-0.026756939463941976,0.0,3131056.1338840486,0.8222222222222222,1.0,3.0,,,,,,0.10154385735551004,0.08515107425734761,0.24476273725770162,-1.20629383258282,0.7153153153153153,-1.20629383258282,0.7501915688045793,-774.0,0.26126126126126126,0.2072072072072072,0.8288288288288288,0.34639639639639636,0.35855855855855856,全國電
437.0,442.0,405.0,405.0,5316427.0,-0.18999999999999995,429.9,0.07856191744340868,421.225,0.15220483641536275,381.82051137288414,0.37989778534923335,335.05192235310875,0.03698916789758748,53.3066132264529,3718347.25,1.4297822775965854,-0.038518606445486436,6414.TW,2026-07-31,-0.050761422034663384,0.0527124021161145,bull,0.05092592592592592,0.1195551436515292,2026-03-31,2026-05-15,37112748000.0,7463263000.0,1991965000.0,2414012000.0,571474000.0,751782000.0,5.15,113547832000.0,89321445000.0,170294132000.0,107066225000.0,63227907000.0,26537871000.0,13786805000.0,9111537000.0,0.0,0.236732046071022,1520403049.848137,80972687000.0,0.0187767394930112,0.0118900345697035,0.0044146089543472,1.693338117296845,0.2010970192775808,0.0536733361808724,0.0202567053240034,0.0767958564505,,,30.957982203301764,30.957982203301764,False,75.5166550847421,75.5166550847421,64.37698686438202,665.0,True,True,True,True,False,True,True,True,True,True,True,True,True,True,False,False,False,13,False,0.0607078141081816,0.2087678744107413,1.0,1505930636.25,0.0824074074074074,2.0,3.0,,,,,,0.1350806313587289,0.10004492106774486,0.2681372787315795,-1.5575681237956567,0.777027027027027,-1.5575681237956567,0.659575920954894,-665.0,0.34234234234234234,0.4144144144144144,0.6576576576576577,0.3896396396396396,0.427027027027027,樺漢
74.0999984741211,76.0,70.30000305175781,70.80000305175781,68497420.0,-0.17482516860694552,73.94000091552735,0.20203737211535389,72.7400001525879,0.35372856758261473,59.51022224426269,0.34345354889533386,57.10844456354776,0.06531927998035786,56.34267056121783,58408694.0,1.1727264437722233,-0.02667029277922084,6505.TW,2026-07-31,-0.050761422034663384,0.0527124021161145,bull,0.007407407407407408,0.03429101019462465,2026-03-31,2026-05-15,161989437000.0,27190906000.0,24513957000.0,25616191000.0,5209581000.0,20407731000.0,2.14,296450387000.0,65693610000.0,463713281000.0,83114597000.0,380598684000.0,63985692000.0,123643000.0,1500200000.0,8100000000.0,0.2033706338307674,19528538027.20982,398019671000.0,0.0490642534780895,0.0536200776774099,0.0440093735421824,0.2183785716925915,0.1678560436011639,0.1513305895371437,0.1259818626321912,-0.0650893152444253,,,66.8716639923295,66.8716639923295,False,80.1850790668116,80.1850790668116,76.85672529819107,193.0,True,True,True,True,False,True,True,True,True,True,True,True,True,True,True,False,False,13,False,0.18971162233533012,0.23974665380659577,1.0,4135335713.449188,0.03518518518518519,1.0,3.0,,,,,,0.10410212518728422,0.053106711914608126,0.18879050421907048,-1.3457530825962238,0.5635135135135134,-1.3457530825962238,0.4088441652308495,-193.0,0.8378378378378378,0.918918918918919,0.3333333333333333,0.7621621621621621,0.7612612612612613,台塑化
28.75,30.5,28.75,30.100000381469727,732201.0,0.08664258312011652,29.780000305175783,0.3058568927444456,26.422500228881837,0.3318584014781445,24.8025000890096,0.21370973013938577,24.18583327929179,0.07071218986948129,63.99999999999998,739314.3,0.9903785169582138,0.13918062714474289,6598.TW,2026-07-31,-0.050761422034663384,0.0527124021161145,bull,0.001851851851851852,0.03707136237256719,2026-03-31,2026-05-15,217115000.0,140181000.0,17966000.0,20979000.0,0.0,20979000.0,0.2,947351000.0,157433000.0,1089898000.0,414395000.0,675503000.0,434793000.0,,,,0.0,17966000.0,932465000.0,0.0192672111017571,0.0310568568903468,0.0192485902350495,0.613461376189299,0.6456532252492918,0.0827487736913617,0.0966262119153444,0.8094876945002376,,,67.77168793520316,67.77168793520316,False,90.68432705179694,90.68432705179694,84.9561672726485,181.0,True,True,True,True,True,True,True,True,True,True,True,True,True,True,True,False,False,14,False,0.2135873510109385,0.24453021873931968,1.0,22253360.712026026,0.5537037037037037,1.0,3.0,,,,,,0.0687952242590469,0.030478361029563115,0.2680256854427468,-1.004378095830049,0.5247747747747747,-1.004378095830049,0.5040909192071695,-181.0,0.8558558558558559,0.990990990990991,0.4954954954954955,0.8018018018018018,0.8243243243243242,ABC-KY
25.899999618530277,26.0,25.549999237060547,26.0,321016.0,0.0,25.889999771118163,0.04208413647105802,25.63499994277954,0.03379723238021226,25.346002483367922,0.005802693087687549,25.005917930603026,0.010047278310260787,61.53848411066435,145424.7,2.207437938672041,0.014238348275216861,6606.TW,2026-07-31,-0.050761422034663384,0.0527124021161145,bull,0.08796296296296297,0.27710843373493976,2026-03-31,2026-05-15,191808000.0,78315000.0,47168000.0,50588000.0,21113000.0,29102000.0,0.26,1052582000.0,392295000.0,2170020000.0,549327000.0,1620693000.0,84940000.0,0.0,,,0.4,28300800.0,1777725000.0,0.0159196726152807,0.0179565161322964,0.0134109363047345,0.3389457472821811,0.4082989239239239,0.2459125792459126,0.1517246413079746,0.1109322058440243,,,63.7605672758917,63.7605672758917,False,76.02161361215641,76.02161361215641,72.95635202809024,226.0,True,True,True,True,True,True,True,True,True,False,True,True,True,True,True,False,False,13,False,0.025802787522854143,0.03975387234956829,1.0,3781042.2,0.8009259259259259,0.0,3.0,,,,,,0.07304021520108715,0.06573665800692784,0.13895737981051298,-1.4455216995017695,0.3900900900900901,-1.4455216995017695,0.45199080769180194,-226.0,0.7747747747747747,0.7837837837837838,0.36936936936936937,0.7139639639639639,0.6963963963963964,建德工業
44.95000076293945,44.95000076293945,44.5,44.75,20511.0,0.020524550905288264,44.720000457763675,0.020524550905288264,44.472500228881835,0.08222494924653523,42.61416664123535,-0.009955768923535446,42.314999961853026,0.006620645397991097,54.44445386343414,35337.0,0.5804397656846931,0.006239805940524867,6666.TW,2026-07-31,-0.050761422034663384,0.0527124021161145,bull,0.13518518518518519,0.20018535681186284,2026-03-31,2026-05-15,227573000.0,146827000.0,8613000.0,16135000.0,5516000.0,14938000.0,0.32,887322000.0,386264000.0,2243046000.0,445810000.0,1797236000.0,431040000.0,0.0,43267000.0,,0.3418655097613883,5668512.364425163,1856782000.0,0.0030528690844833,0.0083116518921276,0.0066596940053837,0.2480531215711236,0.6451863797550677,0.0378471962842692,0.0656404758033685,-0.0829105328696296,,,36.34402763196038,36.34402763196038,False,69.1758542007851,69.1758542007851,60.96789755857892,586.0,True,False,True,True,True,True,True,True,True,True,True,True,False,True,False,False,False,12,False,0.050120265796725016,0.05754460688507912,1.0,1581330.75,0.887962962962963,1.0,3.0,,,,,,0.052880233033900104,0.04126399567532429,0.135483989470351,-1.578220471002071,0.23468468468468467,-1.578220471002071,0.33425376953595104,-586.0,0.36036036036036034,0.2882882882882883,0.18018018018018017,0.3333333333333333,0.3027027027027027,羅麗芬-KY
5390.0,5390.0,5300.0,5390.0,1456556.0,-0.05933682373472948,5297.0,0.023741690408357163,5137.25,0.10450819672131151,4833.267413330078,0.4547908232118758,4391.383706665039,0.017529091359247337,56.55487804878049,1569212.7,0.9282081390241107,0.04919947442697947,6669.TW,2026-07-31,-0.050761422034663384,0.0527124021161145,bull,0.12314814814814815,0.164967562557924,2026-03-31,2026-05-15,276507734000.0,20881168000.0,17458392000.0,17934386000.0,3819977000.0,14114409000.0,75.95,395619318000.0,257883938000.0,432576398000.0,292412129000.0,140164269000.0,70996229000.0,72191879000.0,9594000000.0,18686968000.0,0.2129973671805658,13739800468.793749,174692460000.0,0.0786513651979813,0.1006990519102982,0.0326287080507799,2.086210209536355,0.0755174826321494,0.0631388921656708,0.0510452593705751,0.6202705683581411,,,65.40144535951697,65.40144535951697,False,76.34229830361184,76.34229830361184,73.60708506758812,208.0,True,True,True,True,True,True,True,True,True,True,True,True,True,True,True,False,False,14,False,0.11518762341484812,0.22740356116440186,1.0,8458056453.0,0.016666666666666666,3.0,3.0,,,,,,0.13742242385045833,0.02586756274542988,0.28605524426626705,0.17095456004943954,0.7509009009009009,0.17095456004943954,0.7733091987694393,-208.0,0.8108108108108109,0.8198198198198198,0.8378378378378378,0.8148648648648649,0.818918918918919,緯穎
171.0,173.5,163.0,173.5,32271534.0,-0.27708333333333335,183.5,0.14900662251655628,185.9,0.271062271062271,157.7243334452311,0.9213731355086883,136.78133347829183,0.05340501257214633,51.01123595505618,26859394.85,1.2014989235693818,-0.06670252824098977,8039.TW,2026-07-31,-0.050761422034663384,0.0527124021161145,bull,0.016666666666666666,0.05838739573679333,2026-03-31,2026-05-15,2415476000.0,532169000.0,146484000.0,219817000.0,44902000.0,171370000.0,0.65,10090538000.0,4116000000.0,15838059000.0,5212295000.0,10625764000.0,3401205000.0,544660000.0,425464000.0,0.0,0.2042699154296528,116561725.70820272,11722059000.0,0.0099437927848855,0.0161277814941118,0.0108201390081953,0.4905336689201831,0.2203164096848819,0.060643947611154,0.0709466788326607,0.0846351629146733,,,39.59205928302138,39.59205928302138,False,74.71947280299167,74.71947280299167,65.9376194229991,518.0,True,False,True,True,False,True,True,True,True,True,True,True,True,True,False,False,False,12,False,0.10002049912131605,0.2684479350213067,1.0,4660105006.475,0.03148148148148148,2.0,3.0,,,,,,0.10580571228036098,0.03383408867591388,0.2722391717496,-1.611275743037598,0.5666666666666667,-1.611275743037598,0.40802340904210255,-518.0,0.45045045045045046,0.5045045045045045,0.32432432432432434,0.4315315315315315,0.44144144144144143,台虹
12.949999809265137,13.300000190734863,12.800000190734863,13.300000190734863,166224.0,0.01526716056802857,13.069999885559081,0.07692305910294062,12.707755708694458,0.07692305910294062,12.312585226694743,0.10833334922790527,12.281292621294657,0.017821019888151636,75.69360479091459,112700.85,1.4749134545125435,0.04660496279726245,8411.TW,2026-07-31,-0.050761422034663384,0.0527124021161145,bull,0.05185185185185185,0.20759962928637626,2026-03-31,2026-05-15,2726482000.0,240600000.0,69628000.0,61624000.0,19776000.0,41688000.0,0.19,5684691000.0,4777607000.0,13494274000.0,7266361000.0,6227913000.0,1476105000.0,1130770000.0,1174037000.0,1103389000.0,0.3209139296378034,47283404.90717903,8716667000.0,0.0054244821910919,0.0066937351244309,0.0030893103252535,1.16674092910418,0.0882455853367086,0.025537670888713,0.0152900330902606,0.2387255467647537,,,26.84034715613582,26.84034715613582,False,76.09581273299479,76.09581273299479,63.781946338780045,740.0,True,True,True,True,True,True,True,False,True,True,True,True,True,True,False,False,False,13,False,0.08019558410034966,0.08294791117295408,1.0,1498921.3264959813,0.8944444444444445,0.0,3.0,,,,,,0.12005963989177158,0.10421044428893285,0.3174853384183759,-1.065140435579763,0.8608108108108108,-1.065140435579763,0.8459998006957153,-740.0,0.2702702702702703,0.40540540540540543,0.9279279279279279,0.3689189189189189,0.4423423423423424,福貞-KY
172.0,174.5,166.5,168.5,446900.0,0.0836012861736335,164.6,0.1462585034013606,159.3,0.14237288135593218,146.2867655436198,0.16608996539792398,144.3808827718099,0.033576642335766495,59.770114942528735,260275.95,1.7170237972428877,0.057752667922159384,8462.TW,2026-07-31,-0.050761422034663384,0.0527124021161145,bull,0.020370370370370372,0.12882298424467098,2026-03-31,2026-05-15,1626910000.0,546235000.0,263101000.0,241835000.0,49259000.0,191204000.0,2.42,2261807000.0,3161235000.0,12373315000.0,9648191000.0,2725124000.0,1414659000.0,,386628000.0,,0.2036884652759112,209510361.09744248,9212080000.0,0.0227430027851953,0.0701634127474566,0.0154529323790754,3.5404594433134053,0.3357499800234801,0.161718226576762,0.1175258619100011,0.2017296409310929,,,59.6562061392525,59.6562061392525,False,88.63929934651549,88.63929934651549,81.39352604469974,269.0,True,True,True,True,True,True,True,True,True,True,True,True,True,True,False,False,False,14,False,0.15184719119212908,0.16705201384805024,1.0,43856497.575,0.45,2.0,3.0,,,,,,0.13010841537853413,0.1664884037301594,0.45040050563953066,1.127695589281656,0.981081081081081,1.127695589281656,0.9793148808053435,-269.0,0.7477477477477478,0.954954954954955,1.0,0.7855855855855857,0.8603603603603605,柏文
377.5,391.5,376.5,381.0,830440.0,0.029729729729729648,379.6,0.03252032520325199,366.925,0.16513761467889898,345.5083333333333,-0.04074705599600703,356.2551549275716,0.013674977553698427,62.50000000000001,486056.95,1.708524073156448,0.0383593377393201,8464.TW,2026-07-31,-0.050761422034663384,0.0527124021161145,bull,0.10277777777777777,0.1102873030583874,2026-03-31,2026-05-15,7305395000.0,4316539000.0,2053372000.0,2325863000.0,594429000.0,1647198000.0,5.62,27155869000.0,11007979000.0,42576950000.0,14807659000.0,27769291000.0,19344343000.0,569716000.0,669863000.0,,0.2555735226021481,1528584484.7473822,31568971000.0,0.048420472265231,0.0593172508437467,0.0386875527720985,0.5332386412026148,0.5908700350905051,0.2810761088209467,0.2254769249301372,0.0044846681027981,,,84.51846605538479,84.51846605538479,False,84.78506162551325,84.78506162551325,84.71841273298114,62.0,True,True,True,True,True,True,True,True,True,True,True,True,True,True,True,False,False,14,False,0.1027230409300306,0.06945820918004442,1.0,185187697.95000002,0.26851851851851855,2.0,2.0,,,,,,0.10014728603308204,0.05969647268643902,0.2913595000676743,-1.2786364745335133,0.668018018018018,-1.2786364745335133,0.6788561466390418,-62.0,0.9819819819819819,0.9819819819819819,0.6936936936936937,0.9387387387387387,0.9243243243243243,億豐
53.400001525878906,53.400001525878906,53.0,53.0,3236.0,0.06318960124972106,50.17000045776367,0.10301770742009841,48.99500007629395,0.06000000000000005,48.652574666341145,0.08163265306122458,49.01253728866577,0.010589629841783466,71.30800954285769,6119.2,0.528827297685972,0.08174303331910515,8482.TW,2026-07-31,-0.050761422034663384,0.0527124021161145,bull,0.037037037037037035,0.22984244670991658,2026-03-31,2026-05-15,893999000.0,292668000.0,84423000.0,75275000.0,8455000.0,68874000.0,0.66,2085471000.0,1272891000.0,4600110000.0,1300768000.0,3299342000.0,771291000.0,0.0,11674000.0,,0.1123214878777814,74940483.02889405,3327219000.0,0.022523459690779,0.0208750714536413,0.014972250663571,0.3942507324187671,0.3273694937018945,0.0944329915357847,0.0770403546312691,0.0556944387041158,,,53.436743859307214,53.436743859307214,False,74.95474716439973,74.95474716439973,69.5752463381266,320.0,True,False,True,True,True,True,True,True,True,True,True,True,False,True,False,False,False,12,False,0.08935653176575853,0.08135597404087758,1.0,324317.6,0.987037037037037,1.0,3.0,,,,,,0.0626925148844509,0.06063733073184534,0.14774812306971294,-1.0078332847135034,0.42567567567567566,-1.0078332847135034,0.4820563573143855,-320.0,0.6576576576576577,0.6486486486486487,0.43243243243243246,0.6238738738738739,0.6099099099099099,商億-KY
78.0,78.9000015258789,76.5,76.80000305175781,3898739.0,-0.02661594972760939,77.91999969482421,0.0026110258697236155,77.65500030517578,0.3689840488531497,72.2866667429606,-0.10904865695213994,70.38416668574015,0.0027115997956076525,53.043482587559765,4227096.4,0.9223208157732101,-0.011010202177038408,9914.TW,2026-07-31,-0.050761422034663384,0.0527124021161145,bull,0.19444444444444445,0.029657089898053754,2026-03-31,2026-05-15,5323065000.0,883503000.0,277586000.0,414150000.0,86163000.0,325661000.0,1.09,16669153000.0,11726544000.0,36194817000.0,15729956000.0,20464861000.0,3921684000.0,5780249000.0,308878000.0,,0.2080478087649402,219834840.9561753,24468273000.0,0.0089844853764781,0.0159131791806453,0.0089974484468314,0.7686324378162158,0.1659763688777048,0.0521477757645266,0.0611792266297706,-0.2965963236341542,,,27.385384545181456,27.385384545181456,False,69.58466451650396,69.58466451650396,59.03484452367334,725.0,True,False,True,True,False,True,True,True,True,True,True,True,True,True,False,False,False,12,False,0.06243663613437711,0.09115454040485926,1.0,324641016.42007446,0.21666666666666667,1.0,3.0,,,,,,0.0933554731982986,0.06559821142607505,0.20009005945172884,-1.7998513090257167,0.4900900900900901,-1.7998513090257167,0.5010857078839269,-725.0,0.2882882882882883,0.18018018018018017,0.4774774774774775,0.31666666666666665,0.2936936936936937,美利達
85.80000305175781,87.5999984741211,84.0,84.5,2873345.0,-0.047350587291372204,85.7,0.1089239289260795,82.19499931335449,0.24631262826778322,75.84999974568684,-0.08052232212199772,75.43500003814697,0.02724489573452289,58.0419558033953,2946467.9,0.9751828621652386,0.028043076901285602,9921.TW,2026-07-31,-0.050761422034663384,0.0527124021161145,bull,0.03333333333333333,0.0732159406858202,2026-03-31,2026-05-15,12523541000.0,2458803000.0,-191441000.0,-170563000.0,-23472000.0,-199773000.0,-0.51,48200680000.0,28731484000.0,72341005000.0,34909460000.0,37431545000.0,13787267000.0,9060327000.0,1863857000.0,,0.1376148402643011,-165095877.36496192,43609521000.0,-0.0037857759860504,-0.0053370225567766,-0.0027615458203822,0.9326214026164296,0.1963344871869705,-0.0152864912567459,-0.0159517982973026,-0.2568048701835493,,,14.870530982450036,14.870530982450036,False,81.2198087839564,81.2198087839564,64.6324893335798,961.0,True,True,True,True,True,True,True,True,True,True,True,True,True,True,False,False,False,14,False,0.11404087387363537,0.12016968194165734,1.0,248976537.54999998,0.22870370370370371,1.0,3.0,,,,,,0.0571125950967604,0.00927781669672115,0.2640447014375881,-1.5893707424580104,0.34234234234234234,-1.5893707424580104,0.40035189536430416,-961.0,0.11711711711711711,0.43243243243243246,0.3153153153153153,0.14684684684684685,0.2513513513513514,巨大
19.450000762939453,19.850000381469727,19.450000762939453,19.649999618530277,210000.0,0.012886598191538479,19.350000381469727,0.018134735508053668,18.97500009536743,0.0826446298361665,18.80941460927328,-0.022388097233784543,18.933040618896484,0.010695145876195663,66.66669159935469,373236.6,0.5626457855419325,0.035573097221097916,9935.TW,2026-07-31,-0.050761422034663384,0.0527124021161145,bull,0.14351851851851852,0.19925857275254866,2026-03-31,2026-05-15,1207014000.0,329361000.0,129050000.0,125078000.0,35715000.0,89363000.0,0.51,4101731000.0,3844659000.0,8361229000.0,5772111000.0,2589118000.0,430540000.0,854900000.0,1461115000.0,287107000.0,0.2855418219031324,92200827.88340075,4516570000.0,0.0204139043308087,0.0345148425062125,0.0106877828606297,2.22937347776347,0.2728725598874578,0.1069167383311212,0.0740364237697325,0.0157374361805349,,,40.70851081970746,40.70851081970746,False,72.38108089477257,72.38108089477257,64.46293837600629,499.0,True,False,True,True,True,True,True,True,True,True,True,True,False,True,False,False,False,12,False,0.04468958905518394,0.037868138249184335,1.0,7334099.047621537,0.7148148148148148,0.0,3.0,,,,,,0.12399797759943702,0.09934517641289471,0.21107307939883158,-0.73741524980452,0.8022522522522523,-0.73741524980452,0.8050864901523683,-499.0,0.46846846846846846,0.42342342342342343,0.8828828828828829,0.5306306306306305,0.5378378378378378,慶豐富
131.5,131.5,127.5,128.0,1708805.0,-0.01158301158301156,128.8,0.049180327868852514,126.95,0.158371040723982,125.53027470906575,0.049180327868852514,121.60263735453287,0.015853681307640734,61.76470588235294,1646871.15,1.0376069797567344,0.00827097282394651,9939.TW,2026-07-31,-0.050761422034663384,0.0527124021161145,bull,0.0787037037037037,0.11584800741427248,2026-03-31,2026-05-15,6859793000.0,1532311000.0,905992000.0,852810000.0,177064000.0,664457000.0,2.25,15830282000.0,15334754000.0,47767359000.0,28356250000.0,19411109000.0,3417062000.0,3186314000.0,8601830000.0,3723183000.0,0.2076242070332196,717886129.4215593,32432605000.0,0.0221347045487576,0.0342307593038604,0.0139102729125133,1.4608258600783706,0.2233756907825061,0.1320727899515335,0.0968625438114532,-0.0577454629967812,,,44.2251041721302,44.2251041721302,False,79.89565473421936,79.89565473421936,70.97801709369708,446.0,True,True,True,True,True,True,True,True,True,True,True,True,True,True,False,False,False,14,False,0.01967433988859013,0.05260874915743474,1.0,210799507.2,0.25,2.0,3.0,,,,,,0.09651677782937168,0.07939247297303707,0.23381701273416455,-0.7852932636537632,0.7243243243243244,-0.7852932636537632,0.7305014886093298,-446.0,0.5315315315315315,0.7027027027027027,0.8018018018018018,0.572072072072072,0.636936936936937,宏全
20.899999618530277,21.0,20.450000762939453,20.450000762939453,731159.0,0.009876580885898933,20.55,0.048717987843048816,20.092500019073487,0.03544307660452928,19.39354050954183,-0.06620999455926646,19.957603613535564,0.015927192912553637,59.72224724149295,527654.5,1.3856775598426623,0.017792745727340797,9940.TW,2026-07-31,-0.050761422034663384,0.0527124021161145,bull,0.08055555555555556,0.2706209453197405,2026-03-31,2026-05-15,2876811000.0,665012000.0,209493000.0,232453000.0,69452000.0,159582000.0,0.22,16303412000.0,4204969000.0,30767900000.0,17352956000.0,13414944000.0,4695442000.0,404164000.0,8438314000.0,900000000.0,0.2987786778402516,146900958.44321218,26562931000.0,0.0055302992897588,0.0118958379550447,0.0051866393221506,1.2935541139791564,0.2311629092074522,0.0728212593736606,0.0554718401730249,0.2999785808018913,,,39.42870701490352,39.42870701490352,False,79.09479288907703,79.09479288907703,69.17827142053365,524.0,True,True,True,True,True,True,True,True,True,False,True,True,True,True,False,False,False,13,False,0.054474852226071624,0.024672157987441823,1.0,10790534.927568436,0.6648148148148149,0.0,3.0,,,,,,0.07536957110818529,0.05771372654786467,0.1989634813385525,-1.5864684692368114,0.4423423423423423,-1.5864684692368114,0.4831550887884434,-524.0,0.43243243243243246,0.6216216216216216,0.45045045045045046,0.43513513513513513,0.4927927927927928,信義
81.9000015258789,83.19999694824219,81.9000015258789,82.0,1320508.0,0.003672008114613101,82.0,-0.004854387360093471,82.07499961853027,0.07611552866199434,79.59999987284343,0.05128205128205132,78.17666676839193,0.003607235205422148,51.886799921978636,966320.1,1.3665326841488654,-0.000913793711591282,9941.TW,2026-07-31,-0.050761422034663384,0.0527124021161145,bull,0.22685185185185186,0.21037998146431883,2026-03-31,2026-05-15,9588907000.0,4187850000.0,1390166000.0,1382030000.0,301331000.0,1104074000.0,1.82,235100426000.0,237208150000.0,286724084000.0,244513555000.0,42210529000.0,7708912000.0,35439009000.0,3468847000.0,,0.2180350643618445,1087061066.716352,49515934000.0,0.0219537627365839,0.0261563649202311,0.0038506496719682,5.792714775026866,0.4367390360548913,0.1449764816782559,0.1151407558755132,-0.0112940820804001,,,41.17633903527033,41.17633903527033,False,65.98938394241036,65.98938394241036,59.786122715625346,493.0,True,False,True,True,False,True,True,True,True,True,True,True,True,True,False,False,False,12,False,0.030150755414452668,0.04890632192000677,1.0,79238248.2,0.3675925925925926,1.0,3.0,,,,,,0.1008999395153226,0.09202493415455568,0.1887277639584984,-0.2563955229713771,0.7333333333333333,-0.2563955229713771,0.7362900361850728,-493.0,0.4774774774774775,0.21621621621621623,0.8198198198198198,0.5288288288288289,0.46756756756756757,裕融
17.950000762939453,17.950000762939453,17.75,17.75,28917.0,-0.008379867135583141,17.72000045776367,-0.01388888888888884,17.895000171661376,0.0790273055785713,17.42033618291219,0.04105576505938502,16.97141809463501,0.00013973187565870164,50.0,52425.0,0.551587982832618,-0.00810283153229574,9944.TW,2026-07-31,-0.050761422034663384,0.0527124021161145,bull,0.2722222222222222,0.20296570898980537,2026-03-31,2026-05-15,704581000.0,244021000.0,98268000.0,114815000.0,40853000.0,68907000.0,0.65,2917115000.0,1568744000.0,5865832000.0,2336741000.0,3529091000.0,1702145000.0,1052022000.0,457500000.0,,0.3558158777163263,63302685.32857205,4297088000.0,0.0147315310574444,0.0195254245356665,0.0117471826673522,0.6621367938656159,0.3463349139417611,0.1394701247975747,0.0977985497763919,0.118185526042237,,,54.04006958175547,54.04006958175547,False,61.7591906085882,61.7591906085882,59.829410351880014,313.0,True,False,True,True,False,True,True,True,True,True,True,True,False,True,False,False,False,11,False,0.018924078940059763,0.04587606651509657,1.0,930543.75,0.9453703703703704,0.0,3.0,,,,,,0.08740668389962472,0.09879843183617013,0.14411999232257044,-1.267062203259283,0.5504504504504504,-1.267062203259283,0.587996953361012,-313.0,0.6936936936936937,0.22522522522522523,0.6036036036036037,0.6801801801801801,0.5351351351351351,新麗
27.0,27.5,26.950000762939453,27.049999237060547,13271752.0,0.03639842305386676,26.429999923706056,0.06496061587837687,26.15249996185303,0.14618638982309906,25.29257227579753,-0.06884681764288991,25.88086949984233,0.008078328345181369,67.74193283753195,6961976.25,1.9063196315844944,0.03431791517127003,9945.TW,2026-07-31,-0.050761422034663384,0.0527124021161145,bull,0.06296296296296296,0.12511584800741427,2026-03-31,2026-05-15,8802139000.0,2177505000.0,1558595000.0,3524918000.0,275592000.0,2706817000.0,0.99,56821154000.0,31229259000.0,206807304000.0,85163985000.0,121643319000.0,4687641000.0,7435539000.0,36077246000.0,,0.0781839464066965,1436737892.0502548,175578045000.0,0.0081829017520399,0.0222520811027854,0.0130885947819328,0.7001123094972441,0.247383618913539,0.1770700280920353,0.3075180930453381,0.2547092191019549,,,56.447152500431685,56.447152500431685,False,77.79934109251418,77.79934109251418,72.46129394449356,296.0,True,True,True,True,True,True,True,True,True,True,True,True,True,True,False,False,False,14,False,0.06948391575595902,0.045173510775027736,1.0,188321452.25093365,0.2657407407407407,0.0,3.0,,,,,,0.030584080329183926,0.002724741949538172,0.10501073719428514,-1.8403923217961602,0.08198198198198198,-1.8403923217961602,0.12259338119450111,-296.0,0.7117117117117117,0.7567567567567568,0.02702702702702703,0.6090090090090089,0.5882882882882883,潤泰新
21.700000762939453,22.0,21.649999618530277,21.649999618530277,6951416.0,0.023640662364926568,21.61999969482422,0.01643194338057774,21.38749980926514,0.05097083580663697,20.910833295186364,-0.06277059476166091,21.246666653951014,0.005997180560088984,56.338016817992134,5445440.1,1.2765572428204657,0.012273515446224348,2646.TW,2026-07-31,-0.050761422034663384,0.0527124021161145,bull,0.14814814814814814,0.2381835032437442,2026-03-31,2026-05-15,13759797000.0,2774967000.0,1358324000.0,909756000.0,0.0,,0.3,22245094000.0,24008566000.0,147095973000.0,115227744000.0,31868229000.0,14210592000.0,,53652207000.0,4992822000.0,0.0,1358324000.0,123087407000.0,0.011035442480318,,,3.6157561187350575,0.2016720886216562,0.098716863337446,,0.2291196863125946,,,36.52985733991709,36.52985733991709,False,72.74842330514245,72.74842330514245,63.69378181383611,583.0,True,False,True,True,True,True,True,True,True,False,True,True,True,True,False,False,False,12,False,0.03534848721280115,0.01898335259588868,1.0,117893776.08772947,0.32314814814814813,0.0,3.0,,,,,,0.0888633692622968,0.07422322379600604,0.18339419797031414,-1.3842970024570227,0.5454954954954955,-1.3842970024570227,0.5485681922385115,-583.0,0.36936936936936937,0.3963963963963964,0.5585585585585585,0.39774774774774774,0.4153153153153153,星宇航空
28.299999237060547,28.549999237060547,27.950000762939453,28.549999237060547,39150.0,0.007054633259248266,28.15,-0.001748291739239849,28.292499923706053,0.04770639402057042,27.62555573781332,0.14658633230716922,27.1352779229482,-0.0014118082501504813,57.142850065493924,40684.05,0.9622935769668948,0.009101327703415096,2432.TW,2026-07-31,-0.050761422034663384,0.0527124021161145,bull,0.21481481481481482,0.24652455977757182,2026-03-31,2026-05-15,950969000.0,103864000.0,18274000.0,20907000.0,4695000.0,16212000.0,0.26,1474029000.0,593217000.0,1716970000.0,616736000.0,1100234000.0,920685000.0,,,,0.224565934854355,14170282.106471518,1123753000.0,0.0126097835613978,0.0147350472717621,0.0094422150649108,0.5605498466689813,0.1092191228105227,0.019216188960944,0.0170478743260821,0.2580852139079173,,,37.70323749345623,37.70323749345623,False,58.865163386949654,58.865163386949654,53.5746819135763,564.0,True,False,True,True,True,True,False,True,True,False,True,True,True,True,False,False,False,11,False,0.033463344883298385,0.052135869701777526,1.0,1161529.5964605333,0.9268518518518518,0.0,3.0,,,,,,0.08671537661948953,0.07896724154649726,0.16995318486639063,-1.209730390743948,0.540990990990991,-1.209730390743948,0.6807962898750535,-564.0,0.3783783783783784,0.04504504504504504,0.7117117117117117,0.42837837837837833,0.3450450450450451,倚天酷碁-創
88.69999694824219,91.1999969482422,88.69999694824219,89.5999984741211,127038.0,0.047953198527732166,88.03999938964844,0.0795180539050735,84.87999954223633,0.21244921006861195,83.98833325703939,0.2752046735874596,78.28868840535482,0.016892294867224496,69.191919775742,111870.75,1.1355783348194233,0.05560790477544808,2762.TW,2026-07-31,-0.050761422034663384,0.0527124021161145,bull,0.05,0.08433734939759036,2026-03-31,2026-05-15,2811384000.0,612346000.0,300545000.0,268722000.0,49567000.0,219155000.0,2.01,1768082000.0,6175503000.0,18389010000.0,15722554000.0,2666456000.0,945155000.0,399900000.0,210000000.0,,0.1844545664292465,245108102.3325221,12213507000.0,0.0200686094774025,0.0821896179798204,0.0119177160706313,5.896423567461829,0.21780944901159,0.1069028635006815,0.0779527094128728,0.0937717990146893,,,45.75420069554944,45.75420069554944,False,78.05324470235166,78.05324470235166,69.97848370065111,421.0,True,True,True,True,True,True,True,True,True,True,True,True,True,True,False,False,False,14,False,0.06681481819513757,0.1444820484180267,1.0,10023619.029298782,0.6768518518518518,1.0,3.0,,,,,,0.13496247745890813,0.09841006564981501,0.39396935105003733,0.2774996040578783,0.9472972972972973,0.2774996040578783,0.8815165330591217,-421.0,0.5585585585585585,0.6666666666666666,0.954954954954955,0.6180180180180179,0.6702702702702703,世界健身-KY
223.0,226.0,216.0,226.0,251817.0,-0.05833333333333335,223.1,0.17098445595854916,228.8,0.3950617283950617,194.78333333333333,0.21179624664879348,180.82916666666668,0.03728890400090683,56.561085972850684,289647.25,0.8693919931917186,-0.012237762237762295,6957.TW,2026-07-31,-0.050761422034663384,0.0527124021161145,bull,0.010185185185185186,0.025949953660797033,2026-03-31,2026-05-15,1008397000.0,304729000.0,100942000.0,102458000.0,25691000.0,82568000.0,1.51,2765058000.0,1395803000.0,5405505000.0,3045045000.0,2360460000.0,1274466000.0,40000000.0,27000000.0,945042000.0,0.2507466474067423,75631131.9174686,4009702000.0,0.0188620331180393,0.0349796226159307,0.0152747985618364,1.2900218601459037,0.3021914979913665,0.1001014481399686,0.0818804498625045,0.2868739487648066,,,57.7309173012778,57.7309173012778,False,79.11356890609196,79.11356890609196,73.76790600488842,286.0,True,True,True,True,False,True,True,True,True,True,True,True,True,True,False,False,False,13,False,0.1602635406862325,0.24979838245120844,1.0,65460278.5,0.3962962962962963,2.0,3.0,,,,,,0.09861342665968179,0.0737202807089889,0.33181957700460496,-1.101215810509665,0.75,-1.101215810509665,0.7330008631435014,-286.0,0.7207207207207207,0.8378378378378378,0.8108108108108109,0.7342342342342342,0.7738738738738739,裕慶-KY
32.150001525878906,32.150001525878906,31.100000381469727,32.150001525878906,287570.0,-0.1660181021489857,31.100000381469727,0.24371377375008718,28.620000076293945,0.11631952699871939,27.51083335876465,-0.04599404160148002,28.58066282272339,0.064039410194407,61.77847250362144,448897.55,0.6406138772644226,0.12334037177410329,6969.TW,2026-07-31,-0.050761422034663384,0.0527124021161145,bull,0.005555555555555556,0.1519925857275255,2026-03-31,2026-05-15,77977000.0,24341000.0,2486000.0,-2183000.0,0.0,-2183000.0,-0.05,309483000.0,182775000.0,1118341000.0,633488000.0,484853000.0,107080000.0,21000000.0,327254000.0,,-0.0,2486000.0,935566000.0,0.0026572149907115,-0.0045023955714412,-0.0019519985406955,1.3065568326894956,0.3121561486079228,0.0318811957372045,-0.0279954345512138,0.0385025171137096,,,24.457927260122307,24.457927260122307,False,90.16854924167694,90.16854924167694,73.74089374628828,777.0,True,True,True,True,True,True,True,True,True,True,True,True,False,True,False,False,False,13,False,0.16863059386880663,0.12488649144685593,1.0,14432056.917463303,0.6166666666666667,1.0,3.0,,,,,,0.09156936620470428,0.05151146141788793,0.2633951594170136,-1.6891584915274056,0.5333333333333333,-1.6891584915274056,0.7000397076121085,-777.0,0.25225225225225223,0.8288288288288288,0.7387387387387387,0.3252252252252252,0.5225225225225225,成信實業*-創
