Open,High,Low,Close,Volume,ret5,ma5,ret20,ma20,ret60,ma60,ret120,ma120,ma20_slope,rsi14,volume_ma20,volume_ratio,ma20_deviation,symbol,date,benchmark_ret20,benchmark_ret60,market_regime,rs20_rank_pct,rs60_rank_pct,period_date,as_of_date,revenue,gross_profit,operating_income,pretax_income,tax_expense,net_income_parent,eps,current_assets,current_liabilities,assets,liabilities,equity,cash,short_borrowings,long_borrowings,bonds_payable,tax_rate,nopat,invested_capital_proxy,roic_proxy,roe,roa,debt_to_equity,gross_margin,operating_margin,net_margin,revenue_growth,pe,pb,eva_like_score,fundamental_score,fundamental_pass,technical_score,score,final_score,fundamental_rank,pass_market,pass_score,pass_rs20,pass_rs60,pass_close_ma20,pass_ma20_ma60,pass_ma20_slope,pass_rsi,pass_ret20_benchmark,pass_ret60_benchmark,pass_ret5_cap,pass_ret20_cap,pass_volume_ratio,pass_ma20_deviation,pass_fundamental_score,pass_fundamental_filter,pass_fundamental_universe,entry_pass_count,entry_all_pass,close_ma60_ratio,close_ma120_ratio,above_ma120,turnover20,liquidity_rank,price_bucket,eva_rank_bucket,forward_60d_return,forward_60d_max_drawdown,reward_60,fwd60_rank_label,top_quantile_60,reg_forward60,reg_reward60,cls_topq60,rank_forward60,ensemble_score,ranker_score,stable_ensemble_score,fundamental_rank_score,fundamental_score_rank,final_score_rank,stable_ml_rank,fund_ml_85_15,fund_final_ml,name
55.59999847412109,56.70000076293945,54.0,54.59999847412109,22410945.0,0.0399999709356397,56.18000030517578,0.0148698745056756,52.76620063781738,0.2052979998607171,49.78456687927246,0.695652086349106,44.94811674753825,0.0412936078126883,61.42910540092436,41171001.4,0.5443381078411176,0.034753266563396,1326.TW,2026-06-30,0.0218009767939126,0.4287608669581171,bull,0.3851851851851852,0.3002780352177943,2026-03-31,2026-05-15,81749811000.0,6327773000.0,3120431000.0,7294502000.0,759958000.0,6245039000.0,1.07,214839826000.0,114054227000.0,581165153000.0,170197763000.0,410967390000.0,16802058000.0,33492647000.0,26687136000.0,25800000000.0,0.1041823005874835,2795337319.595498,467110926000.0,0.0059843115714135,0.0151959477855408,0.0107457217070962,0.4141393384034679,0.0774041300230039,0.0381704980333226,0.0763920909859962,0.0359959953561419,,,29.94873186889634,29.94873186889634,False,68.35681533214441,68.35681533214441,58.75479446633239,684.0,True,False,True,True,True,True,True,True,False,False,True,True,False,True,False,False,False,10,False,0.096725388944852,0.2147338403696626,1.0,2247936613.618037,0.0925925925925925,1.0,3.0,,,,,,-0.0799577039353408,-0.146503291494768,0.134234264667624,-1.7252962969988952,0.3141414141414141,-1.7252962969988952,0.3177201897347469,-684.0,0.2424242424242424,0.0909090909090909,0.2424242424242424,0.2424242424242424,0.196969696969697,台化
758.0,777.0,748.0,762.0,2336696.0,0.0808510638297872,736.4,0.0627615062761506,695.5,0.6858407079646018,623.8,1.0539083557951483,531.6208333333333,0.0044046501552458,63.28767123287671,1589362.8,1.4702093191057448,0.0956146657081236,1560.TW,2026-06-30,0.0218009767939126,0.4287608669581171,bull,0.2314814814814814,0.1000926784059314,2026-03-31,2026-05-15,2293229000.0,802560000.0,444439000.0,531951000.0,89799000.0,436359000.0,2.94,5759371000.0,3216860000.0,13961884000.0,5383626000.0,8578258000.0,1772650000.0,642250000.0,940383000.0,555943000.0,0.1688106611323223,369412958.57701176,10745024000.0,0.0343799100473867,0.050868020057219,0.0312535901315323,0.6275896574805747,0.3499694099455396,0.193804892577235,0.1902814764683335,0.2944197621734146,,,86.28355650333096,86.28355650333096,False,84.89768147154687,84.89768147154687,85.24415022949289,54.0,True,True,True,True,True,True,True,True,True,True,True,True,True,True,True,False,False,14,False,0.2215453671048413,0.4333524049878909,1.0,1211094453.6,0.1435185185185185,3.0,2.0,,,,,,-0.0501712136175177,-0.212733229259015,0.3107333149905208,-1.4100147345090992,0.5696969696969696,-1.4100147345090992,0.4839873733650823,-54.0,0.9090909090909092,0.9494949494949496,0.5050505050505051,0.8484848484848485,0.8404040404040404,中砂
53.29999923706055,54.29999923706055,52.59999847412109,53.29999923706055,12109941.0,0.0800405447836198,53.14000015258789,0.3808290503636911,48.26249980926514,0.3178730897724422,41.70550746917725,0.6801888624021311,38.22232904434204,0.088947661189579,69.82543152202183,14911386.6,0.8121270895088992,0.1043770929335148,1708.TW,2026-06-30,0.0218009767939126,0.4287608669581171,bull,0.0259259259259259,0.2252085264133456,2026-03-31,2026-05-15,1553624000.0,474907000.0,259013000.0,341041000.0,63456000.0,277585000.0,1.11,3498403000.0,3484718000.0,12753792000.0,5350520000.0,7403272000.0,1675166000.0,1151880000.0,1099410000.0,,0.1860656050152327,210819589.4481896,9269074000.0,0.0227444067711822,0.0374949076570467,0.0217648994118768,0.7227236821772859,0.3056769205419072,0.1667153699994336,0.1786693562921273,0.0231199407842921,,,61.66803457963997,61.66803457963997,False,77.48406511521277,77.48406511521277,73.53005748131957,246.0,True,True,True,True,True,True,True,True,True,False,True,True,True,True,True,False,False,13,False,0.2780086485328656,0.3944728270019018,1.0,794776894.4035149,0.1805555555555555,1.0,3.0,,,,,,-0.0280520137351221,-0.0969298190473473,0.2717063160266165,-1.14556574909352,0.7515151515151516,-1.14556574909352,0.7757918577849381,-246.0,0.6262626262626263,0.5858585858585859,0.8080808080808081,0.6535353535353535,0.6505050505050506,東鹼
21.549999237060547,22.0,21.350000381469727,21.950000762939453,2099721.0,0.0378251138930643,21.399999618530277,0.1256410647661259,20.909999942779542,0.2127071989131697,19.43500000635783,0.3183183943446253,18.305416599909464,0.0246232936227849,67.70833002196623,1720818.95,1.2201870510549644,0.0497370073173546,1709.TW,2026-06-30,0.0218009767939126,0.4287608669581171,bull,0.1296296296296296,0.2919369786839666,2026-03-31,2026-05-15,2424471000.0,492933000.0,320616000.0,344786000.0,79982000.0,264726000.0,0.55,5694389000.0,2189161000.0,12130526000.0,3134319000.0,8996207000.0,600735000.0,285000000.0,20699000.0,,0.2319757762786192,246240854.51265424,9941365000.0,0.0247693203612033,0.0294264015934715,0.021823126218929,0.34840449980753,0.2033156923716555,0.1322416312671919,0.1091891798252072,-0.0753599255550004,,,52.52750676874495,52.52750676874495,False,72.33862932150929,72.33862932150929,67.3858486833182,329.0,True,False,True,True,True,True,True,True,True,False,True,True,True,True,False,False,False,12,False,0.1294057502319983,0.1990986735067266,1.0,37771977.265380666,0.5314814814814814,0.0,3.0,,,,,,0.006743629219092,-0.0551042292951972,0.2793773596512107,-0.8250777460649521,0.8722222222222222,-0.8250777460649521,0.8574916602329404,-329.0,0.5353535353535354,0.3737373737373737,0.9090909090909092,0.5914141414141414,0.5616161616161617,和益
19.700000762939453,21.39999961853028,19.700000762939453,20.450000762939453,791325.0,0.0651041640796596,19.720000076293942,0.1532045697993429,18.524033546447757,0.2902208372718777,17.525231138865152,0.3067093457769656,16.48469889163971,0.022258549110559,73.06550682315867,353584.45,2.2380084870813746,0.1039712658510614,1776.TW,2026-06-30,0.0218009767939126,0.4287608669581171,bull,0.1027777777777777,0.2409638554216867,2026-03-31,2026-05-15,275332000.0,63545000.0,27030000.0,30085000.0,7189000.0,21331000.0,0.35,1060002000.0,332954000.0,1475161000.0,551103000.0,924058000.0,434102000.0,28822000.0,180000000.0,,0.238956290510221,20571011.46750873,1142207000.0,0.0180098804047854,0.0230840488367613,0.014460116556769,0.5963943821708161,0.2307940958551857,0.0981723882440108,0.0774737407929336,-0.0693086710204302,,,42.79632276689389,42.79632276689389,False,74.55684243537962,74.55684243537962,66.61671251825818,464.0,True,False,True,True,True,True,True,False,True,False,True,True,True,True,False,False,False,11,False,0.1668890755790451,0.2405443919458405,1.0,7230802.272263527,0.7555555555555555,0.0,3.0,,,,,,-0.00793216775284,-0.0549487626798638,0.2791191997646651,-0.9656191753172292,0.8358585858585859,-0.9656191753172292,0.8186056511056512,-464.0,0.3737373737373737,0.3333333333333333,0.8585858585858586,0.4464646464646464,0.4585858585858586,展宇
51.900001525878906,55.29999923706055,51.79999923706055,54.20000076293945,12101622.0,0.0055658483964329,51.70999984741211,0.1315239882332122,52.84250011444092,1.080614293678395,39.80333344141642,2.097142900739397,32.06000010172526,0.0308720226003323,47.1925149507598,14169154.4,0.8540821603299065,0.0256895613485093,1809.TW,2026-06-30,0.0218009767939126,0.4287608669581171,bull,0.1212962962962962,0.0500463392029657,2026-03-31,2026-05-15,592290000.0,114707000.0,-256000.0,3358000.0,3747000.0,8923000.0,0.05,2099014000.0,975481000.0,4529074000.0,1191709000.0,3337365000.0,567681000.0,445000000.0,137500000.0,,0.4,-153600.0,3553593000.0,-4.322385821899131e-05,0.0026736662007302,0.0019701599046515,0.3570808107593865,0.193666953688227,-0.0004322207026963,0.0150652551959344,0.0288581965233976,,,23.82453060425707,23.82453060425707,False,72.25074941007941,72.25074941007941,60.14419470862382,790.0,True,False,True,True,True,True,True,False,True,True,True,True,True,True,False,False,False,12,False,0.3616950158888683,0.6905801806289691,1.0,767968179.2902069,0.1833333333333333,1.0,3.0,,,,,,-0.1215019964650745,-0.2415301630199129,0.2089473326482153,-1.571573631458379,0.2787878787878788,-1.571573631458379,0.2430443544491473,-790.0,0.1616161616161616,0.1414141414141414,0.1919191919191919,0.1661616161616161,0.1616161616161616,中釉
20.100000381469727,21.799999237060547,20.0,21.350000381469727,7223874.0,0.0648379647818764,20.129999923706052,0.075226631345608,20.47626810073853,0.2305475453632905,19.00469398498535,0.2341041227177138,18.762346982955936,0.0064975176019566,50.37769984823122,5115483.9,1.4121584861209318,0.0426704845058989,1810.TW,2026-06-30,0.0218009767939126,0.4287608669581171,bull,0.2027777777777777,0.2789620018535681,2026-03-31,2026-05-15,1034852000.0,179603000.0,-198009000.0,1214854000.0,120841000.0,1098423000.0,3.64,4420438000.0,1355686000.0,10192500000.0,2087067000.0,8105433000.0,789858000.0,199591000.0,341555000.0,,0.0994695658902222,-178313130.727643,8836814000.0,-0.020178441090606,0.1355168810845762,0.107767770419426,0.2574898836373084,0.1735542860235086,-0.1913404042317162,1.0614300402376378,-0.0814045247519216,,,46.52348272920723,46.52348272920723,False,68.93314438016014,68.93314438016014,63.33072896742192,407.0,True,False,True,True,True,True,True,True,True,False,True,True,True,True,False,False,False,12,False,0.1234066909121127,0.1379173618771927,1.0,109215583.21640223,0.3981481481481481,0.0,3.0,,,,,,-0.0374981992698116,-0.153603688206538,0.1534676281700636,-1.6387510188626466,0.4181818181818182,-1.6387510188626466,0.3633262706373358,-407.0,0.4444444444444444,0.2121212121212121,0.3232323232323232,0.4262626262626262,0.3505050505050505,和成
7325.0,7425.0,6950.0,7360.0,434296.0,-0.0153846153846153,7256.0,0.411313518696069,6622.5,1.130246020260492,5060.0,0.9838274932614556,4197.25,0.0936790388505842,58.62595419847328,678199.7,0.6403659571067343,0.1113627784069459,2059.TW,2026-06-30,0.0218009767939126,0.4287608669581171,bull,0.0212962962962962,0.0454124189063948,2026-03-31,2026-05-15,5449725000.0,4236615000.0,3654349000.0,4351760000.0,865950000.0,3485810000.0,36.58,34276607000.0,6265438000.0,39510069000.0,7981426000.0,31528643000.0,27231577000.0,,257007000.0,,0.1989884552456937,2927175737.561354,33244631000.0,0.088049578217949,0.1105601024439903,0.088225864652375,0.2531484149190943,0.7773997770529706,0.6705565877177289,0.6396304400680768,0.3782121233655666,,,100.0,100.0,True,89.86820350400038,89.86820350400038,92.40115262800028,1.0,True,True,True,True,True,True,True,True,True,True,True,False,False,True,True,True,True,13,False,0.4545454545454546,0.7535290964321877,1.0,4991549792.0,0.0425925925925925,3.0,0.0,,,,,,-0.1159296488790401,-0.2422114511599072,0.1435854847800926,-1.8654775365782092,0.154040404040404,-1.8654775365782092,0.1294292467356491,-1.0,1.0,1.0,0.0909090909090909,0.8636363636363636,0.8181818181818182,川湖
48.59999847412109,49.95000076293945,47.59999847412109,47.84999847412109,6348056.0,0.0481927026222552,48.06999969482422,0.2509803522646034,40.5100001335144,1.7033896277739258,28.649999968210857,1.7499999725955644,23.664583317438765,0.0832274826466659,73.96551014268674,7699346.6,0.8244928212479745,0.1811897881119535,2302.TW,2026-06-30,0.0218009767939126,0.4287608669581171,bull,0.0592592592592592,0.0166821130676552,2026-03-31,2026-05-15,216325000.0,70774000.0,16066000.0,58305000.0,16844000.0,41461000.0,0.25,1204494000.0,819815000.0,2680414000.0,894283000.0,1786131000.0,540705000.0,,,,0.2888946059514621,11424619.26078381,1860599000.0,0.0061402909819815,0.0232127430742761,0.0154681329078269,0.5006816409322721,0.3271651450364035,0.0742678839708771,0.1916606957124696,0.1180973350699827,,,48.29599018643512,48.29599018643512,False,82.80516939553084,82.80516939553084,74.17787459325692,393.0,True,True,True,True,True,True,True,False,True,True,True,True,True,False,False,False,False,12,False,0.6701570166566824,1.0220089165423736,1.0,368413723.0617294,0.2694444444444444,1.0,3.0,,,,,,-0.0753463104688953,-0.1978196583657797,0.2578492924075895,-1.4929968343179307,0.4686868686868686,-1.4929968343179307,0.4748160774410774,-393.0,0.4646464646464646,0.6262626262626263,0.4646464646464646,0.4646464646464646,0.5131313131313132,麗正
169.0,173.5,164.5,164.5,299547261.0,-0.0323529411764705,169.8,0.1267123287671232,145.05,1.8658535823528652,109.17833321889242,2.313192244601608,84.55291674931844,0.0516585100598151,71.26436781609195,336688093.35,0.8896877166624638,0.1340916925198205,2303.TW,2026-06-30,0.0218009767939126,0.4287608669581171,bull,0.1287037037037037,0.0120481927710843,2026-03-31,2026-05-15,61037902000.0,17818490000.0,11276411000.0,16643830000.0,526846000.0,16171474000.0,1.29,216440269000.0,79611375000.0,599931908000.0,193195750000.0,406736158000.0,109018591000.0,3589671000.0,13091599000.0,34073429000.0,0.031654132492341,10919465992.16791,520320533000.0,0.0209860370668245,0.0397591256197094,0.0269555157582983,0.4749903498867194,0.2919250075141835,0.1847444068441277,0.264941511259676,0.0549430056265964,,,67.2329618749115,67.2329618749115,False,80.83768406961178,80.83768406961178,77.43650352093671,188.0,True,True,True,True,True,True,True,True,True,True,True,True,True,True,True,False,False,14,False,0.5067092082290061,0.9455272073902288,1.0,55385191356.075005,0.0027777777777777,2.0,3.0,,,,,,-0.1198163093211394,-0.2648468924555328,0.2534185969986771,-1.3675728645443297,0.3984848484848485,-1.3675728645443297,0.3811050188705175,-188.0,0.7171717171717171,0.8080808080808081,0.3535353535353535,0.6626262626262626,0.6717171717171717,聯電
1065.0,1140.0,1045.0,1140.0,57048184.0,0.1176470588235294,1074.0,0.4533921088774155,931.7145782470704,3.532803180914513,589.1360585530599,4.123595505617978,426.9263626098633,0.1032302875725909,73.7378853168999,53495126.85,1.0664183330186832,0.2235506737962587,2327.TW,2026-06-30,0.0218009767939126,0.4287608669581171,bull,0.0194444444444444,0.0037071362372567,2026-03-31,2026-05-15,38165648000.0,14541815000.0,9612910000.0,10324689000.0,2287159000.0,8000823000.0,3.9,175966941000.0,150655819000.0,401694878000.0,232595483000.0,169099395000.0,86640739000.0,13141550000.0,57817960000.0,4994099000.0,0.2215232826867715,7483426620.627508,251039059000.0,0.0298098098775438,0.0473143206692135,0.0199176624801275,1.375495654493619,0.381018422640171,0.2518733600435658,0.2096341453445255,0.2270454683920995,,,74.6112580577189,74.6112580577189,False,84.87747436922427,84.87747436922427,82.31092029134793,124.0,True,True,True,True,True,True,True,False,True,True,False,False,True,False,True,False,False,10,False,0.9350368789170408,1.6702497194856116,1.0,60984444609.0,0.0018518518518518,3.0,3.0,,,,,,-0.1388883347183176,-0.292029641813511,0.2419674591309276,-1.2532185041449349,0.3712121212121212,-1.2532185041449349,0.3600613802222462,-124.0,0.7878787878787878,0.9090909090909092,0.3131313131313131,0.7166666666666667,0.7292929292929292,國巨*
2440.0,2475.0,2410.0,2410.0,45060399.0,-0.0321285140562248,2380.0,0.0260847402201194,2369.816845703125,0.2991913746630728,2233.501180013021,0.6172996749790205,2010.3910380045568,0.0070384705184753,59.566137125819225,34777157.5,1.2956895341432089,0.0169562278071124,2330.TW,2026-06-30,0.0218009767939126,0.4287608669581171,bull,0.3444444444444444,0.23725671918443,2026-03-31,2026-05-15,1134103440000.0,751295421000.0,658966142000.0,687799687000.0,114998383000.0,572479752000.0,22.08,4265512176000.0,1714253448000.0,8660949685000.0,2728560764000.0,5932388921000.0,3035637228000.0,,40991672000.0,860026070000.0,0.167197492487373,548788655423.5218,6946696237000.0,0.0789999500050863,0.096500711538565,0.0660989582922395,0.4599430010971123,0.6624575805889452,0.5810458894296273,0.5047861877572649,0.351323787607557,,,99.15374073493592,99.15374073493592,True,71.01916615086338,71.01916615086338,78.05280979688152,5.0,True,False,True,True,True,True,True,True,True,False,True,True,True,True,True,True,True,13,False,0.0790233833617002,0.1987717585490633,1.0,83812949575.0,0.0009259259259259,3.0,0.0,,,,,,-0.0739537489437426,-0.2081943958379464,0.1465002838648822,-1.6028358851014397,0.2868686868686868,-1.6028358851014397,0.2716501036790671,-5.0,0.9797979797979798,0.8383838383838383,0.2222222222222222,0.8661616161616161,0.7858585858585857,台積電
17.450000762939453,18.39999961853028,17.200000762939453,18.299999237060547,8436252.0,-0.0027248579493039,17.85999984741211,0.0958082874865371,17.09999990463257,0.1921823310930994,15.526666657129924,0.1730768454850795,15.555833299954736,0.0256410175742971,65.77539752415908,12628049.05,0.668056638566826,0.070175399948563,2332.TW,2026-06-30,0.0218009767939126,0.4287608669581171,bull,0.1648148148148148,0.3141797961075069,2026-03-31,2026-05-15,3440889000.0,869521000.0,31548000.0,25642000.0,45353000.0,-29102000.0,-0.05,10255657000.0,3980490000.0,15469266000.0,4795742000.0,10673524000.0,3116133000.0,151000000.0,381849000.0,,0.4,18928800.0,11488776000.0,0.001647590657177,-0.0027265596629566,-0.001881278659246,0.4493119610730252,0.2527024266112623,0.0091685607992585,-0.0084576979960702,0.0312619414904058,,,25.00480773275497,25.00480773275497,False,72.74301339951582,72.74301339951582,60.808461982825605,769.0,True,False,True,True,True,True,True,True,True,False,True,True,False,True,False,False,False,11,False,0.1786173839609737,0.1764075176296597,1.0,231093287.9805632,0.3212962962962963,0.0,3.0,,,,,,-0.0555504414878576,-0.1551555422217491,0.2422617089553617,-1.475004064440945,0.5414141414141413,-1.475004064440945,0.4224844004033142,-769.0,0.1717171717171717,0.1717171717171717,0.3939393939393939,0.205050505050505,0.2161616161616161,友訊
36.5,38.5,36.400001525878906,37.54999923706055,6194004.0,-0.1377726774997063,38.18000030517578,0.0259563060804819,37.23249969482422,0.4841897379212432,36.165833155314125,0.414312629608115,31.472916507720942,-0.0014080668330468,55.32359074769203,11502735.8,0.53848094120357,0.0085274839142874,2340.TW,2026-06-30,0.0218009767939126,0.4287608669581171,bull,0.3453703703703704,0.1417979610750695,2026-03-31,2026-05-15,954029000.0,-37817000.0,-255186000.0,-223331000.0,14681000.0,-215090000.0,-0.49,5468504000.0,4374534000.0,14636848000.0,7853545000.0,6783303000.0,2380873000.0,1369339000.0,3251596000.0,,0.0,-255186000.0,10262314000.0,-0.0248663215723081,-0.0317087413019881,-0.0146951037545788,1.1577759389489162,-0.0396392562490238,-0.2674824350203191,-0.2254543624984146,-0.0130492849997362,,,12.85259993281939,12.85259993281939,False,55.4974421300828,55.4974421300828,44.83623158076696,996.0,True,False,True,True,True,True,False,True,True,True,True,True,False,True,False,False,False,11,False,0.038272755277118,0.1930892781369266,1.0,431927720.5141091,0.2574074074074074,1.0,3.0,,,,,,-0.1079545442247348,-0.2168493432071974,0.1821832257816731,-1.8609043430284211,0.2338383838383838,-1.8609043430284211,0.146105385339971,-996.0,0.0606060606060606,0.0101010101010101,0.1212121212121212,0.0696969696969697,0.0575757575757575,台亞
209.0,210.5,197.5,207.5,216981865.0,-0.0189125295508274,208.3,0.2351190476190476,188.5,1.228786287871729,135.78833338419597,1.7124366955422097,120.79412441253662,0.0788381742738589,69.17293233082707,246702391.35,0.8795288274776588,0.1007957559681698,2344.TW,2026-06-30,0.0218009767939126,0.4287608669581171,bull,0.0629629629629629,0.036144578313253,2026-03-31,2026-05-15,38253064000.0,20415002000.0,12550494000.0,12688424000.0,2570746000.0,10114310000.0,2.25,110641935000.0,75046248000.0,229813688000.0,106920169000.0,122893519000.0,25520648000.0,5251103000.0,22148521000.0,4892959000.0,0.202605619106045,10007693393.043297,154767440000.0,0.0646627830313875,0.082301410866101,0.0440109120045103,0.870022844736019,0.5336827920503309,0.3280912085891995,0.2644052251605257,0.913359516665577,,,96.98400611250784,96.98400611250784,True,81.52610706081943,81.52610706081943,85.39058182374154,11.0,True,True,True,True,True,True,True,True,True,True,True,True,True,True,True,True,True,15,True,0.528113607616826,0.7177987837499868,1.0,51190746205.125,0.0055555555555555,2.0,0.0,,,,,,-0.1256752428633443,-0.2237145919699122,0.1804743874717325,-1.8769617589327023,0.1929292929292929,-1.8769617589327023,0.1765947226328324,-11.0,0.9696969696969696,0.9595959595959596,0.1515151515151515,0.8469696969696969,0.803030303030303,華邦電
93.0,93.6999969482422,90.9000015258789,91.0999984741211,8167136.0,0.0099778443051978,92.54000091552734,0.0531791731112265,91.25500030517578,0.1754838512789818,85.75166676839193,0.5626071983927234,77.15416663487753,0.0191534526431238,50.22830700263407,10812194.05,0.7553634315321966,-0.001698557126035,2347.TW,2026-06-30,0.0218009767939126,0.4287608669581171,bull,0.2527777777777777,0.3308619091751621,2026-03-31,2026-05-15,126357648000.0,5428837000.0,3373256000.0,3875913000.0,784782000.0,2954386000.0,1.77,208416617000.0,157729943000.0,249263901000.0,167490035000.0,81773866000.0,15304988000.0,56810338000.0,2500000000.0,,0.2024766809781334,2690250321.030425,91533958000.0,0.0293907351961162,0.036128730907745,0.0118524422836502,2.048209815590717,0.042964055487959,0.0266960967807821,0.0233811411241209,0.3825024363831348,,,42.4453478070041,42.4453478070041,False,59.14511893728762,59.14511893728762,54.97017615471674,474.0,True,False,True,True,False,True,True,True,True,False,True,True,False,True,False,False,False,10,False,0.0623700029082181,0.1807528024408646,1.0,984990861.4569012,0.1546296296296296,1.0,3.0,,,,,,-0.0086655562721437,-0.1116718330435857,0.2979210747171518,-0.5893498246538955,0.8212121212121212,-0.5893498246538955,0.8228863636363636,-474.0,0.3636363636363636,0.0404040404040404,0.8686868686868687,0.4393939393939394,0.3676767676767677,聯強
31.350000381469727,34.099998474121094,31.14999961853028,34.099998474121094,40670488.0,0.0964629599952948,31.099999618530276,0.1125611386143385,31.230000019073486,0.4635192957380989,27.46833337148031,0.4149376736251122,26.04416666030884,0.0206716228495123,65.47084741535431,16291619.05,2.4964055368088167,0.0918987657154908,2352.TW,2026-06-30,0.0218009767939126,0.4287608669581171,bull,0.1435185185185185,0.1510658016682113,2026-03-31,2026-05-15,51541496000.0,8592872000.0,692353000.0,694389000.0,319139000.0,317514000.0,0.2,124175179000.0,108440981000.0,212242628000.0,151802424000.0,60440204000.0,22472608000.0,44759544000.0,32099394000.0,3962934000.0,0.4,415411800.0,103801647000.0,0.004001976962851,0.0052533575167946,0.0014959954227479,2.511613362522734,0.1667175512328939,0.013432924026885,0.0061603566958941,0.0360722174845842,,,13.246699508454135,13.246699508454135,False,79.6084216397475,79.6084216397475,63.01799110692416,991.0,True,True,True,True,True,True,True,True,True,True,True,True,True,True,False,False,False,14,False,0.2414294676329462,0.3093142475581412,1.0,555544184.7459621,0.2287037037037037,1.0,3.0,,,,,,-0.0835638451620635,-0.1853466203391093,0.327245342484359,-1.5532875847486116,0.4888888888888889,-1.5532875847486116,0.4682277647833052,-991.0,0.0707070707070707,0.202020202020202,0.4545454545454545,0.1282828282828282,0.1868686868686868,佳世達
70.0999984741211,71.0,68.19999694824219,69.0,23238272.0,0.0470409469247694,70.31999816894532,0.0283159697330199,63.59999961853028,0.4480587154341606,59.27749983469645,0.4634145867869894,55.050833288828535,0.0147586696215441,62.41299546263388,19207731.45,1.2098394888793595,0.0849056668845702,2363.TW,2026-06-30,0.0218009767939126,0.4287608669581171,bull,0.3351851851851852,0.1594068582020389,2026-03-31,2026-05-15,1050018000.0,302351000.0,75564000.0,111759000.0,24013000.0,87795000.0,0.17,4049792000.0,1358822000.0,22546270000.0,2069457000.0,20476813000.0,2058963000.0,0.0,578625000.0,,0.214864127273866,59328007.08667759,21187448000.0,0.0028001487997364,0.0042875324397405,0.0038939922213297,0.101063432087796,0.2879483970750978,0.0719644806089038,0.0836128523511025,1.2355886842828037,,,43.98692279077254,43.98692279077254,False,78.21341267862024,78.21341267862024,69.65679020665831,449.0,True,True,True,True,True,True,True,True,True,True,True,True,True,True,False,False,False,14,False,0.1640167043552123,0.2533870220998484,1.0,1325333470.05,0.1361111111111111,1.0,3.0,,,,,,-0.0661448949288713,-0.2068204136714029,0.239968928772389,-1.6664728076618702,0.404040404040404,-1.6664728076618702,0.3511963176364585,-449.0,0.3838383838383838,0.4545454545454545,0.303030303030303,0.3717171717171717,0.3888888888888889,矽統
195.0,211.5,193.5,211.5,8476545.0,0.0548628428927679,205.0,0.2896341463414633,183.0,1.7792379006672865,127.5283332824707,1.3604911116274954,108.19583339691162,0.0739436619718309,65.34653465346534,13333701.05,0.6357233425448667,0.1557377049180328,2375.TW,2026-06-30,0.0218009767939126,0.4287608669581171,bull,0.05,0.0129749768303985,2026-03-31,2026-05-15,1440450000.0,244336000.0,86500000.0,130166000.0,44907000.0,85259000.0,0.78,7658800000.0,4373826000.0,15017588000.0,5006059000.0,10011529000.0,2393740000.0,2342800000.0,0.0,,0.3449979257256119,56657679.42473457,10643762000.0,0.0053230877789952,0.008516081809282,0.0056772765373507,0.5000294160861942,0.1696247700371411,0.0600506786073796,0.0591891422819257,0.11276428586327,,,32.971831407230354,32.971831407230354,False,88.34614263094521,88.34614263094521,74.50256482501649,633.0,True,True,True,True,True,True,True,True,True,True,True,True,False,False,False,False,False,12,False,0.6584549845212442,0.9547887692137054,1.0,2820077772.0750003,0.0768518518518518,2.0,3.0,,,,,,-0.0944682379021988,-0.2257627618409725,0.216808488780041,-1.7828726620818345,0.2792929292929293,-1.7828726620818345,0.3255629137820149,-633.0,0.2727272727272727,0.6464646464646465,0.2626262626262626,0.2712121212121212,0.3828282828282828,凱美
142.0,146.0,139.5,146.0,40020127.0,0.0936329588014981,136.7,0.0318021201413427,137.825,0.6572077472042945,115.28833312988282,0.489795918367347,104.83999989827474,0.0128605548410802,57.647058823529406,24349283.0,1.6435854394562666,0.059314347904952,2377.TW,2026-06-30,0.0218009767939126,0.4287608669581171,bull,0.3194444444444444,0.1047265987025023,2026-03-31,2026-05-15,56256838000.0,8440506000.0,3876357000.0,4133431000.0,716617000.0,3416814000.0,4.04,106512512000.0,56814984000.0,119099762000.0,64185562000.0,54914200000.0,25875075000.0,0.0,6305082000.0,,0.1733709840565864,3204309172.355363,62284778000.0,0.0514461040923251,0.0622209555998266,0.0286886719387398,1.1688335985956273,0.1500352010541367,0.0689046369794192,0.0607359766647389,0.0507372103469625,,,60.05362798212559,60.05362798212559,False,78.65266183296944,78.65266183296944,74.00290337025848,263.0,True,True,True,True,True,True,True,True,True,True,True,True,True,True,True,False,False,14,False,0.266390067722791,0.3925982462959025,1.0,3554995318.0,0.0601851851851851,2.0,3.0,,,,,,-0.0440865509617085,-0.1356509800498775,0.2047211270258847,-0.9391126162266968,0.603030303030303,-0.9391126162266968,0.6365668548873613,-263.0,0.6161616161616161,0.6161616161616161,0.696969696969697,0.6282828282828283,0.6323232323232323,微星
803.0,833.0,782.0,806.0,6836967.0,-0.0660486674391657,789.2,0.3234811165845648,715.8,0.6635706914344686,605.7833333333333,0.6432212028542303,548.1666666666666,0.0725202277494755,63.29331046312178,6825060.85,1.0017444752891838,0.1260128527521655,2379.TW,2026-06-30,0.0218009767939126,0.4287608669581171,bull,0.0435185185185185,0.1037998146431881,2026-03-31,2026-05-15,36422566000.0,18086981000.0,4331688000.0,4977325000.0,647630000.0,4329661000.0,8.44,108499843000.0,94606737000.0,143076312000.0,97865250000.0,45211062000.0,10988581000.0,9771140000.0,,,0.1301160764065035,3768065753.2228656,48469575000.0,0.0777408457413308,0.0957655230483194,0.0302612007499885,2.16463063840438,0.4965872256227087,0.1189286883301961,0.1188730360183848,0.0399792749759324,,,74.41354387638152,74.41354387638152,False,88.56586363563929,88.56586363563929,85.02778369582485,127.0,True,True,True,True,True,True,True,True,True,True,True,True,True,True,True,False,False,14,False,0.3305087077337882,0.4703557312252966,1.0,5500999045.099999,0.0388888888888888,3.0,3.0,,,,,,-0.0084149931165122,-0.1113866309827456,0.3380170855158023,-0.879181892818387,0.8424242424242425,-0.879181892818387,0.8461373428159142,-127.0,0.7777777777777778,0.9393939393939394,0.8888888888888888,0.7944444444444444,0.8484848484848485,瑞昱
5375.0,5440.0,5255.0,5390.0,1192832.0,-0.0543859649122806,5459.0,0.0631163708086786,5193.75,0.8846153846153846,4652.25,2.189349112426036,3383.0416666666665,0.0142062097246631,56.43564356435645,1971193.45,0.6051318808917512,0.0377858002406739,2383.TW,2026-06-30,0.0218009767939126,0.4287608669581171,bull,0.2305555555555555,0.0685820203892493,2026-03-31,2026-05-15,33067261000.0,9729153000.0,7128470000.0,7194158000.0,1855381000.0,5339793000.0,14.9,90741002000.0,68350963000.0,130976723000.0,83055788000.0,47920935000.0,22134504000.0,12291308000.0,10978888000.0,0.0,0.2579010636130038,5290030005.06661,62625760000.0,0.0844705118958494,0.1114292323386428,0.0407690227522336,1.733183795349569,0.2942231290338803,0.2155748551414645,0.1614827729457241,0.5252381635035763,,,86.0587773245522,86.0587773245522,True,74.44609235960986,74.44609235960986,77.34926360084545,55.0,True,False,True,True,True,True,True,True,True,True,True,True,False,True,True,True,False,12,False,0.1585791821161803,0.5932407966203983,1.0,10624732695.5,0.024074074074074,3.0,2.0,,,,,,-0.0796651997645395,-0.2076224236752516,0.2835226114919534,-0.94298674574616,0.5575757575757575,-0.94298674574616,0.5439404101995565,-55.0,0.898989898989899,0.797979797979798,0.5858585858585859,0.852020202020202,0.806060606060606,台光電
1370.0,1380.0,1310.0,1320.0,2923604.0,0.0476190476190476,1328.0,0.123404255319149,1252.25,0.5827338129496402,1093.55,0.4270270270270271,1036.6333333333334,0.0266448042631686,59.42028985507247,4255753.3,0.6869768508433043,0.0541026152924735,2404.TW,2026-06-30,0.0218009767939126,0.4287608669581171,bull,0.1314814814814814,0.118628359592215,2026-03-31,2026-05-15,20288456000.0,4731351000.0,3970281000.0,4415769000.0,1328758000.0,3081118000.0,16.31,80001823000.0,69797396000.0,85443204000.0,70802446000.0,14640758000.0,30246120000.0,,,,0.3009120268745942,2775575697.0283093,15645808000.0,0.1774005981045088,0.2104479836358199,0.0360604220787413,4.8359822626670015,0.2332040939931555,0.1956916287764825,0.1518655732106967,0.7615308303510635,,,76.52353900012174,76.52353900012174,False,80.84316434575905,80.84316434575905,79.76325800934973,107.0,True,True,True,True,True,True,True,True,True,True,True,True,False,True,True,False,False,13,False,0.2070778656668648,0.2733528409273609,1.0,5617594356.0,0.0379629629629629,3.0,3.0,,,,,,-0.0217045782720461,-0.1369223976353657,0.176153031813088,-0.8052223805230724,0.6343434343434343,-0.8052223805230724,0.5813128306878307,-107.0,0.8181818181818182,0.8888888888888888,0.6262626262626263,0.7893939393939394,0.8010101010101011,漢唐
465.5,465.5,436.0,452.5,109035199.0,-0.0044004400440044,455.0,0.1861074705111403,413.85,1.1445497630331751,312.2583333333333,1.394179894179894,281.075,0.0791395045632334,63.58118361153263,121050395.0,0.9007421991477186,0.0933913253594296,2408.TW,2026-06-30,0.0218009767939126,0.4287608669581171,bull,0.0759259259259259,0.0435588507877664,2026-03-31,2026-05-15,49086932000.0,33325482000.0,30111283000.0,31718134000.0,5659880000.0,26059487000.0,8.41,141606845000.0,25207062000.0,240968098000.0,47930660000.0,193037438000.0,86281008000.0,0.0,13800000000.0,3996400000.0,0.1784430319892084,24738134364.394894,215761036000.0,0.1146552446308929,0.1349970620724877,0.1081449669740099,0.2482972240856201,0.6789074126694249,0.6134276837672398,0.5308844113541258,5.829068133568171,,,100.0,100.0,True,86.54787960855538,86.54787960855538,89.91090970641653,2.0,True,True,True,True,True,True,True,True,True,True,True,True,True,True,True,True,True,15,True,0.4491206533052228,0.6098905985946812,1.0,54775303737.5,0.0037037037037037,2.0,0.0,,,,,,-0.1476608199902715,-0.2741444307402795,0.1740897467430631,-1.69268292668946,0.1707070707070707,-1.69268292668946,0.1737884895705017,-2.0,0.98989898989899,0.9797979797979798,0.1313131313131313,0.861111111111111,0.8151515151515152,南亞科
31.0,33.25,30.39999961853028,32.70000076293945,896354184.0,0.1256454947242276,30.43000030517578,0.3739496559319266,27.19000005722046,1.0501568121614944,21.885000038146973,1.8558953107125111,18.493333371480308,0.0801469905264459,71.64179047825102,542562217.5,1.6520763058846797,0.2026480578934675,2409.TW,2026-06-30,0.0218009767939126,0.4287608669581171,bull,0.0287037037037037,0.0556070435588507,2026-03-31,2026-05-15,69031355000.0,8183487000.0,-635608000.0,-501422000.0,538028000.0,-1143537000.0,-0.15,139726713000.0,124948160000.0,376390658000.0,214627241000.0,161763417000.0,53064131000.0,12198589000.0,72270609000.0,,0.0,-635608000.0,251442498000.0,-0.0025278463468017,-0.0070691941429501,-0.0030381652033457,1.3267971521645094,0.118547390529999,-0.0092075260582672,-0.0165654723132698,-0.0425858019689946,,,11.660468541521832,11.660468541521832,False,87.31474358421197,87.31474358421197,68.40117482353944,1019.0,True,True,True,True,True,True,True,True,True,True,False,True,True,False,False,False,False,12,False,0.4941741241005817,0.7682047960790082,1.0,17741784926.192123,0.0129629629629629,1.0,3.0,,,,,,-0.1745368973402173,-0.3584822631460277,0.1964073557188192,-1.7811235410318913,0.1348484848484848,-1.7811235410318913,0.1381253491202779,-1019.0,0.0303030303030303,0.404040404040404,0.101010101010101,0.0409090909090909,0.1565656565656565,友達
42.70000076293945,45.20000076293945,41.20000076293945,45.20000076293945,12039208.0,0.1486658834984626,41.31999969482422,0.2316076246130083,38.02749996185303,0.6960600904290815,33.74666665395101,0.4747145620064732,31.557916688919068,0.0386480016893964,71.37255840602454,4019071.75,2.9955195500055454,0.1886135246408904,2425.TW,2026-06-30,0.0218009767939126,0.4287608669581171,bull,0.0638888888888888,0.0973123262279888,2026-03-31,2026-05-15,742329000.0,57186000.0,84000.0,19626000.0,14929000.0,59718000.0,0.62,6477498000.0,3530704000.0,6656471000.0,3632354000.0,3024117000.0,955233000.0,0.0,,,0.4,50400.0,3125767000.0,1.6124042515005117e-05,0.0197472518424386,0.0089714204418527,1.2011287923053242,0.0770359234247887,0.0001131573736173,0.0804468099723976,-0.0094210083147737,,,20.556959597295062,20.556959597295062,False,80.65052517763361,80.65052517763361,65.62713378254898,848.0,True,True,True,True,True,True,True,True,True,True,False,True,True,False,False,False,False,12,False,0.3393915679564607,0.432287219986563,1.0,181662046.1663084,0.3435185185185185,1.0,3.0,,,,,,-0.0809813707702612,-0.2164972944324122,0.2082847562223616,-1.4609954546692865,0.3737373737373737,-1.4609954546692865,0.4040239539706003,-848.0,0.1111111111111111,0.303030303030303,0.3737373737373737,0.1505050505050505,0.2212121212121212,承啟
302.0,318.0,300.5,315.0,2647262.0,0.0447761194029849,304.3,0.1130742049469963,292.7,1.0257234726688105,230.8583333333333,0.8208092485549132,200.4958333333333,0.0230688570429918,58.44155844155844,2648623.2,0.999486072613122,0.0761872224120259,2428.TW,2026-06-30,0.0218009767939126,0.4287608669581171,bull,0.1416666666666666,0.0583873957367933,2026-03-31,2026-05-15,2053739000.0,697718000.0,408603000.0,362327000.0,77885000.0,283006000.0,2.21,11421979000.0,3081899000.0,17353650000.0,5491553000.0,11862097000.0,3511782000.0,945000000.0,390554000.0,,0.2149577591512639,320770614.7375161,14271751000.0,0.0224759116619618,0.023858007568139,0.0163081541923457,0.4629495948313354,0.3397306084171357,0.1989556608702469,0.1378003728808772,0.083226526493898,,,64.00836216806215,64.00836216806215,False,82.79653746486949,82.79653746486949,78.09949364066765,223.0,True,True,True,True,True,True,True,True,True,True,True,True,True,True,True,False,False,14,False,0.3644731617514349,0.5711049689311913,1.0,834316308.0,0.174074074074074,2.0,3.0,,,,,,-0.0361606669486939,-0.1600458208988466,0.2373990552498675,-1.432749828733387,0.5833333333333334,-1.432749828733387,0.5785932210923055,-223.0,0.6666666666666666,0.8484848484848485,0.6161616161616161,0.6590909090909091,0.7111111111111111,興勤
40.09999847412109,43.45000076293945,39.75,43.45000076293945,464417.0,-0.0745473896299223,42.10999984741211,0.1695827450416638,37.82000007629394,0.4905660834149323,33.18166678746542,0.4339934606267208,31.52958334287008,0.0467031009975523,63.26837137336331,498755.4,0.9311518231181056,0.1488630532863077,2434.TW,2026-06-30,0.0218009767939126,0.4287608669581171,bull,0.0888888888888888,0.1399443929564411,2026-03-31,2026-05-15,10860000.0,-2848000.0,-16820000.0,-1310000.0,3419000.0,-4729000.0,-0.13,108102000.0,111881000.0,690037000.0,222180000.0,467857000.0,67489000.0,60000000.0,62087000.0,,0.0,-16820000.0,578156000.0,-0.0290924940673451,-0.0101077893458898,-0.0068532556949844,0.4748886946225021,-0.2622467771639042,,-0.435451197053407,0.0598223870401093,,,22.24637294998911,22.24637294998911,False,86.31431087235197,86.31431087235197,70.29732639176126,822.0,True,True,True,True,True,True,True,True,True,True,True,True,True,True,False,False,False,14,False,0.3094580522806336,0.3780708831588475,1.0,21670922.51052017,0.6231481481481481,1.0,3.0,,,,,,-0.0797195494492557,-0.1848118490566631,0.0998425200330566,-1.671324170800014,0.2676767676767677,-1.671324170800014,0.3105022732300607,-822.0,0.1313131313131313,0.494949494949495,0.2323232323232323,0.1464646464646464,0.2606060606060606,統懋
315.5,339.0,313.5,337.5,37890742.0,0.0242792109256448,324.4,0.0613207547169811,305.225,0.2032085561497325,300.2083333333333,0.5410958904109588,292.8375,0.000245780763559,64.13373860182371,35499436.45,1.0673617890629925,0.1057416659841099,2449.TW,2026-06-30,0.0218009767939126,0.4287608669581171,bull,0.2333333333333333,0.3012048192771084,2026-03-31,2026-05-15,10191943000.0,4050583000.0,2771958000.0,2808280000.0,521735000.0,2286437000.0,1.87,28146159000.0,18477256000.0,113177925000.0,58739756000.0,54438169000.0,14441729000.0,,30616797000.0,,0.1857845371544148,2256971065.958523,94700669000.0,0.0238326834413231,0.0420006227615774,0.0202021463107757,1.0790178486715818,0.397429911058176,0.2719754221545391,0.2243376949812219,0.393200318775639,,,76.50720520459335,76.50720520459335,False,76.36110147913561,76.36110147913561,76.39762741050005,108.0,True,True,True,True,True,True,True,True,True,False,True,True,True,True,True,False,False,13,False,0.1242192921582234,0.152516327314637,1.0,11981059801.875002,0.0203703703703703,2.0,3.0,,,,,,-0.1044295893191044,-0.2409086271284155,0.2212344562685101,-1.1734799936352656,0.4146464646464647,-1.1734799936352656,0.3307323034372162,-108.0,0.8080808080808081,0.7474747474747475,0.2727272727272727,0.7277777777777777,0.6828282828282829,京元電子
184.0,194.0,180.0,189.0,13717153.0,0.1385542168674698,177.0,0.1317365269461077,163.575,0.4823529411764706,150.35,0.550827285827131,135.23472805023192,0.020112254443405,63.59223300970874,6388191.0,2.147267199744028,0.1554332874828061,2458.TW,2026-06-30,0.0218009767939126,0.4287608669581171,bull,0.1203703703703703,0.1455050973123262,2026-03-31,2026-05-15,3224766000.0,1535871000.0,778771000.0,839901000.0,164027000.0,705046000.0,2.46,8628282000.0,4973856000.0,16710597000.0,6912540000.0,9798057000.0,3790288000.0,247000000.0,927254000.0,,0.1952932548002681,626682276.6659404,11736741000.0,0.0533949140281736,0.0719577361103328,0.0421915506669211,0.705501100881532,0.4762736272957479,0.2414969024109036,0.2186347784614449,0.0339486816438188,,,86.91654017956604,86.91654017956604,False,85.31044255853745,85.31044255853745,85.7119669637946,50.0,True,True,True,True,True,True,True,True,True,True,False,True,True,False,True,False,False,12,False,0.2570668440305954,0.3975700082732991,1.0,1207368099.0,0.1444444444444444,2.0,2.0,,,,,,-0.036198893112881,-0.1432479281167673,0.2716824826370909,-1.462717224433521,0.6287878787878787,-1.462717224433521,0.5974934958882326,-50.0,0.9393939393939394,0.9696969696969696,0.6565656565656566,0.896969696969697,0.891919191919192,義隆
35.5,37.34999847412109,35.150001525878906,37.09999847412109,1490083.0,0.0081521533500037,37.55,0.1310975407646348,34.48749990463257,0.454901900945925,33.885833199818926,0.8366335184594511,28.919583304723105,0.039797994541731,65.86020694935209,2213681.95,0.6731242489464215,0.0757520428187834,2460.TW,2026-06-30,0.0218009767939126,0.4287608669581171,bull,0.1231481481481481,0.1556997219647822,2026-03-31,2026-05-15,1130635000.0,129255000.0,36172000.0,40710000.0,21769000.0,18941000.0,0.11,3036493000.0,3048223000.0,5150304000.0,3565610000.0,1584694000.0,366608000.0,2049411000.0,474796000.0,,0.4,21703200.0,2102081000.0,0.0103246259302091,0.0119524652708977,0.0036776469893815,2.2500306052777383,0.114320713581306,0.0319926413033383,0.0167525328686976,0.6226803679836963,,,27.363117844958968,27.363117844958968,False,78.32550279761008,78.32550279761008,65.5849065594473,726.0,True,True,True,True,True,True,True,True,True,True,True,True,False,True,False,False,False,13,False,0.0948527738818987,0.2828676707821709,1.0,82127596.9671894,0.4407407407407407,1.0,3.0,,,,,,-0.0522559563111708,-0.1727431351380515,0.2920685728924685,-1.738250996022546,0.5101010101010102,-1.738250996022546,0.5032606306510801,-726.0,0.1919191919191919,0.2929292929292929,0.5353535353535354,0.2434343434343434,0.2909090909090909,建通
127.5,132.0,126.0,130.0,4604386.0,0.0116731517509727,128.1,0.0655737704918033,123.825,0.5402843323425668,117.61666679382324,0.4874141616748981,101.5433333714803,0.005889520714866,54.83870967741936,4641922.5,0.9919135875275816,0.0498687664041994,2476.TW,2026-06-30,0.0218009767939126,0.4287608669581171,bull,0.224074074074074,0.1251158480074142,2026-03-31,2026-05-15,2167648000.0,648571000.0,386545000.0,381039000.0,105379000.0,249094000.0,1.14,8508714000.0,2022591000.0,12826616000.0,2840613000.0,9986003000.0,3388343000.0,0.0,,0.0,0.2765569928537499,279643277.1973472,10804025000.0,0.0258832497330714,0.0249443145570855,0.0194200871063731,0.2844594579032271,0.2992049447142709,0.1783246172810345,0.1149144141484226,0.3165738497392238,,,72.21370863120339,72.21370863120339,False,72.459733975075,72.459733975075,72.39822763910709,147.0,True,False,True,True,True,True,True,True,True,True,True,True,True,True,True,False,False,13,False,0.105285530900856,0.2802416040885269,1.0,603449925.0,0.2148148148148148,2.0,3.0,,,,,,-0.0446401697718259,-0.1682060000498582,0.2223678916949075,-1.2816456830234364,0.5702020202020202,-1.2816456830234364,0.5199257555836885,-147.0,0.7575757575757576,0.5656565656565656,0.5656565656565656,0.7287878787878788,0.6616161616161615,鉅祥
41.79999923706055,42.79999923706055,39.79999923706055,40.150001525878906,800244.0,-0.0360144044428902,39.94000015258789,0.5683594112342685,35.79750003814697,1.632786985303535,24.174166663487757,0.9396135287957113,20.91708329518636,0.1322052700095635,67.43738255013332,1373828.6,0.5824918770798627,0.1215867444121452,2491.TW,2026-06-30,0.0218009767939126,0.4287608669581171,bull,0.0101851851851851,0.0203892493049119,2026-03-31,2026-05-15,35944000.0,5341000.0,-45575000.0,117289000.0,-67000.0,70043000.0,0.85,1624764000.0,245075000.0,1724545000.0,273979000.0,1450566000.0,105525000.0,,0.0,,0.0,-45575000.0,1479470000.0,-0.0308049504214347,0.0482866687899757,0.040615350715696,0.1888773072028435,0.1485922546182951,,1.9486701535722235,-0.1873756556339302,,,45.70697288449711,45.70697288449711,False,87.03206593389574,87.03206593389574,76.70079267154608,423.0,True,True,True,True,True,True,True,True,True,True,True,False,False,True,False,False,False,12,False,0.660863933172132,0.9194837520735316,1.0,55159220.386296086,0.4907407407407407,1.0,3.0,,,,,,-0.0821198945368827,-0.2183953345029833,0.2150821978030175,-1.334865555695166,0.4085858585858586,-1.334865555695166,0.5975703454948915,-423.0,0.4141414141414141,0.7676767676767676,0.6666666666666666,0.452020202020202,0.5707070707070707,吉祥全
39.29999923706055,40.84999847412109,39.29999923706055,40.70000076293945,1302188.0,0.0251889163925034,40.07000045776367,0.1074830139575362,37.97999992370605,0.347682110421841,35.69333340326945,0.4034483021703259,32.70875000953674,0.0252395745994173,74.45889075825646,1261121.55,1.0325634353009034,0.0716166625776018,2527.TW,2026-06-30,0.0218009767939126,0.4287608669581171,bull,0.1537037037037037,0.2048192771084337,2026-03-31,2026-05-15,4588717000.0,1261812000.0,1127130000.0,1064163000.0,166487000.0,902888000.0,3.45,13282023000.0,8513905000.0,33780839000.0,11901818000.0,21879021000.0,1538877000.0,2676000000.0,3358749000.0,,0.1564487771140323,950791889.8514608,25266934000.0,0.0376298877359421,0.0412672943638565,0.0267278145459915,0.5439831151494393,0.2749814381667032,0.2456307503818605,0.1967626244983074,24.973085718167,,,82.24426248497689,82.24426248497689,False,71.50782413681907,71.50782413681907,74.19193372385853,75.0,True,False,True,True,True,True,True,False,True,False,True,True,True,True,True,False,False,11,False,0.1402689769292155,0.244315382002453,1.0,51327648.04715939,0.5009259259259259,1.0,2.0,,,,,,-0.0067456504676379,-0.0897015211821202,0.3967062606866529,-1.2836309455860946,0.8393939393939394,-1.2836309455860946,0.8588833610495197,-75.0,0.8888888888888888,0.6363636363636364,0.9191919191919192,0.8934343434343435,0.8191919191919192,宏璟
94.0,94.0,90.8000030517578,91.5999984741211,462765.0,-0.0347734773308503,93.7,0.1116504463334602,90.65,0.3801358387499662,79.24631474812826,0.5581470031885947,72.18812204996745,0.0415948486973513,52.69461460832202,644887.35,0.7175904442845716,0.0104798507900836,2535.TW,2026-06-30,0.0218009767939126,0.4287608669581171,bull,0.1462962962962962,0.1862835959221501,2026-03-31,2026-05-15,7158996000.0,1023899000.0,759460000.0,917121000.0,168741000.0,748785000.0,2.88,29176307000.0,17358125000.0,31406521000.0,21164629000.0,10241892000.0,7958413000.0,1895000000.0,3752518000.0,0.0,0.1839898988246916,619727031.4385997,14048396000.0,0.0441137216973809,0.0731100269364293,0.023841704721131,2.0664764869615886,0.1430227087708946,0.10608470796743,0.1045935770881838,0.5557714720596632,,,66.50740970485359,66.50740970485359,False,67.59913612147768,67.59913612147768,67.32620451732166,196.0,True,False,True,True,True,True,True,True,True,False,True,True,False,True,True,False,False,11,False,0.1558896936123408,0.2689067934294933,1.0,59071680.27598,0.4796296296296296,1.0,3.0,,,,,,0.0301280572979425,-0.0650863859816909,0.278849844909801,-0.9680145467078264,0.8626262626262626,-0.9680145467078264,0.8810099518390657,-196.0,0.7070707070707071,0.3636363636363636,0.9292929292929292,0.7404040404040404,0.6484848484848484,達欣工
43.0,43.34999847412109,42.20000076293945,43.04999923706055,14999771.0,0.0081966854301527,43.08999938964844,0.0105633985694348,43.69750003814697,0.2161016209445405,40.89333356221516,0.0775969565686938,39.28041683832805,0.0039055742912672,49.068312974053406,18971060.7,0.7906659114743121,-0.0148177996572154,2542.TW,2026-06-30,0.0218009767939126,0.4287608669581171,bull,0.4083333333333333,0.2882298424467099,2026-03-31,2026-05-15,16191907000.0,4874634000.0,3912933000.0,3918335000.0,698387000.0,2421313000.0,1.15,244126134000.0,168451704000.0,269504119000.0,203260373000.0,66243746000.0,18030010000.0,104829064000.0,11468836000.0,23019028000.0,0.1782356536641201,3215508829.0010934,101052415000.0,0.0318202076516537,0.0365515712230404,0.0089843265067128,3.068370756086167,0.3010537301134449,0.2416597995529495,0.1495384700517363,13.610654325020349,,,58.947380152838136,58.947380152838136,False,55.544253938832256,55.544253938832256,56.39503549233373,278.0,True,False,False,True,False,True,True,False,False,False,True,True,False,True,False,False,False,7,False,0.0527388081865283,0.0959659469564058,1.0,816704148.6612293,0.1777777777777777,1.0,3.0,,,,,,0.028633305395028,0.0258850093731725,0.2061724576240985,0.0666601920578885,0.8186868686868687,0.0666601920578885,0.8445316086502528,-278.0,0.5858585858585859,0.0808080808080808,0.8787878787878788,0.6297979797979798,0.4929292929292929,興富發
34.650001525878906,36.25,34.650001525878906,36.150001525878906,3879507.0,-0.0147298137485469,35.65683822631836,0.0284495008987057,36.41410541534424,0.1717990625242476,33.56553503672282,0.3850575094835784,30.69776754379273,0.003699278582215,45.99527676231763,3437970.45,1.1284294197467577,-0.0072527908197366,2851.TW,2026-06-30,0.0218009767939126,0.4287608669581171,bull,0.3342592592592592,0.3364226135310472,2026-03-31,2026-05-15,,,2142185000.0,2164691000.0,325242000.0,,,,,59204658000.0,35668047000.0,23536611000.0,16387176000.0,,,,0.1502486960032633,1820324497.152249,59204658000.0,0.0307463054199595,,,1.5154283256837613,,,,,,,65.92494981784269,65.92494981784269,False,57.631902048502354,57.631902048502354,59.70516399083744,201.0,True,False,True,True,False,True,True,False,True,False,True,True,True,True,True,False,False,10,False,0.0769976252822579,0.1776101136445229,1.0,124282637.0134266,0.3842592592592592,1.0,3.0,,,,,,-0.0159469868615206,-0.1298516001326568,0.2185191661771655,-1.6080892960147384,0.5686868686868687,-1.6080892960147384,0.5709095924241693,-201.0,0.696969696969697,0.1212121212121212,0.6060606060606061,0.6833333333333333,0.5060606060606061,中再保
130.0,132.0,127.0,129.5,57766930.0,-0.0581818181818182,132.5,0.1719457013574661,127.05,0.4749430011256397,104.6583329518636,0.3214285714285714,98.41916643778482,0.0489164086687306,55.69620253164557,50881168.95,1.1353302448056275,0.0192837465564739,2881.TW,2026-06-30,0.0218009767939126,0.4287608669581171,bull,0.0861111111111111,0.1473586654309545,2026-03-31,2026-05-15,66193246000.0,,,38624861000.0,5062760000.0,33551455000.0,,,,13120104726000.0,12085399702000.0,1034705024000.0,358727505000.0,,,,0.131075164257549,,13120104726000.0,,0.0324261062058977,0.0025572551211051,11.68004351160858,,,0.5068712750542556,-0.3925800152621125,,,12.264204123597382,12.264204123597382,False,75.57432265247427,75.57432265247427,59.74679302025504,1007.0,True,True,True,True,True,True,True,True,True,True,True,True,True,True,False,False,False,14,False,0.2373596669035615,0.315800617777664,1.0,6589111379.025001,0.0314814814814814,2.0,3.0,,,,,,-0.1100559903646246,-0.2689001388095053,0.3741369709776405,-1.3820505911585106,0.4797979797979798,-1.3820505911585106,0.4948423227835319,-1007.0,0.0505050505050505,0.1313131313131313,0.5252525252525253,0.1217171717171717,0.1696969696969697,富邦金
28.700000762939453,29.049999237060547,27.850000381469727,28.700000762939453,142370030.0,-0.0132310530962913,28.9015682220459,0.2671082227948287,28.283452892303465,0.4494950438796166,23.7336509068807,0.6353277498914822,21.350575399398807,0.0626660541685202,47.917365607091895,163544669.0,0.8705268772777913,0.0147276173182284,2883.TW,2026-06-30,0.0218009767939126,0.4287608669581171,bull,0.0518518518518518,0.1584800741427247,2026-03-31,2026-05-15,23565513000.0,,,13099615000.0,1407592000.0,11689699000.0,,,,4235032868000.0,3864021319000.0,371011549000.0,75116245000.0,,,,0.1074529289601259,,4235032868000.0,,0.0315076418281523,0.0027602380818169,10.414827596108069,,,0.4960511150340754,-0.1317078255463794,,,12.146336472811727,12.146336472811727,False,70.70974403406204,70.70974403406204,56.06889214374946,1012.0,True,False,True,True,True,True,True,False,True,True,True,True,True,True,False,False,False,12,False,0.2092535141577793,0.3442261028593913,1.0,4693732125.07468,0.0453703703703703,0.0,3.0,,,,,,-0.0907991142252449,-0.2550522330301487,0.2482551697311526,-1.0736992525171185,0.4626262626262626,-1.0736992525171185,0.4309461957753754,-1012.0,0.0404040404040404,0.0707070707070707,0.4242424242424242,0.0979797979797979,0.1262626262626262,凱基金
66.5999984741211,66.5999984741211,64.5999984741211,65.69999694824219,32243670.0,-0.0380674375892097,66.0999984741211,0.1097972314448327,64.9900001525879,0.3949044389956997,57.039166577657056,0.6384039762655429,50.17958326339722,0.0283227810176247,53.06120118748572,33624033.65,0.9589471131165134,0.0109247083241623,2885.TW,2026-06-30,0.0218009767939126,0.4287608669581171,bull,0.1472222222222222,0.1770157553290083,2026-03-31,2026-05-15,39984934000.0,,,18723853000.0,3129395000.0,14409154000.0,,,,4640879682000.0,4254342700000.0,386536982000.0,77947312000.0,,,,0.167134136334012,,4640879682000.0,,0.0372775560192064,0.0031048324859373,11.00630184979299,,,0.360364581319554,0.2805185364050884,,,38.0190051862678,38.0190051862678,False,68.24744424099468,68.24744424099468,60.69033447731296,559.0,True,False,True,True,True,True,True,True,True,False,True,True,True,True,False,False,False,12,False,0.1518400581606269,0.3092973810359662,1.0,2209098908.1925926,0.0944444444444444,1.0,3.0,,,,,,-0.1840234459588878,-0.3032790740630943,0.1578240927120809,-1.2459955733734236,0.2318181818181818,-1.2459955733734236,0.2173876313952533,-559.0,0.3333333333333333,0.1616161616161616,0.1717171717171717,0.3090909090909091,0.2494949494949495,元大金
46.20000076293945,47.20000076293945,45.45000076293945,46.09999847412109,71235640.0,0.0199114534511151,45.93000030517578,0.1121832961542237,44.05250034332276,0.1835686154333733,41.14500007629395,0.1326780739547002,40.4125,0.034703463267521,68.61312689795041,44653672.5,1.5952918542142307,0.0464785906552676,2886.TW,2026-06-30,0.0218009767939126,0.4287608669581171,bull,0.1444444444444444,0.319740500463392,2026-03-31,2026-05-15,20768442000.0,,,11219594000.0,1822242000.0,9397352000.0,,,,5003279677000.0,4601326283000.0,401953394000.0,108936088000.0,,,,0.1624160375143699,,5003279677000.0,,0.0233792079884763,0.0018782383969458,11.447412440557724,,,0.4524822805677961,0.1010590363542149,,,21.43739093265881,21.43739093265881,False,73.04810560819452,73.04810560819452,60.14542693931059,833.0,True,False,True,True,True,True,True,True,True,False,True,True,True,True,False,False,False,12,False,0.1204277163358666,0.1407361206092443,1.0,2058534234.1139028,0.1027777777777777,1.0,3.0,,,,,,-0.1539185447027009,-0.2931856320851225,0.1750289651660889,-1.5368898454576836,0.1974747474747474,-1.5368898454576836,0.1746357877015771,-833.0,0.1212121212121212,0.1515151515151515,0.1414141414141414,0.1242424242424242,0.1343434343434343,兆豐金
33.45000076293945,33.5,32.79999923706055,33.25,78257139.0,0.0342145698884541,32.320000076293944,0.3516259953006342,30.57249994277954,0.3825364263946604,26.12583335240682,0.6024096385542168,24.62833329836528,0.0770653515733561,74.66667175292969,120860582.7,0.6474992694206164,0.087578708389296,2887.TW,2026-06-30,0.0218009767939126,0.4287608669581171,bull,0.0388888888888888,0.1844300278035217,2026-03-31,2026-05-15,47867456000.0,,,25588754000.0,4532177000.0,21040510000.0,,,,9064708955000.0,8465511408000.0,599197547000.0,97795796000.0,,,,0.1771159705548773,,9064708955000.0,,0.035114479532407,0.0023211456765409,14.12808088147931,,,0.439557723727787,0.933005034802805,,,37.907562917661295,37.907562917661295,False,76.52080833735329,76.52080833735329,66.86749698243028,560.0,True,True,True,True,True,True,True,False,True,False,True,True,False,True,False,False,False,11,False,0.2726866757318911,0.3500710582882598,1.0,4018614374.775,0.0546296296296296,1.0,3.0,,,,,,-0.2120901875128032,-0.3461787766379405,0.1427749302432239,-1.7763352770748084,0.0686868686868686,-1.7763352770748084,0.1279182011272603,-560.0,0.3232323232323232,0.3434343434343434,0.0808080808080808,0.2868686868686869,0.2808080808080808,台新新光金
39.84999847412109,40.29999923706055,39.29999923706055,39.900001525878906,68126472.0,0.0025126203702345,39.61000061035156,0.3103448448658499,36.0350001335144,0.2586750967061835,32.785833358764656,0.3830156325234077,31.565000009536742,0.0727895258838367,77.56098305306783,63967732.8,1.065013077968585,0.107256871875792,2890.TW,2026-06-30,0.0218009767939126,0.4287608669581171,bull,0.0444444444444444,0.2622798887859129,2026-03-31,2026-05-15,26199317000.0,,,13172491000.0,2157069000.0,10973530000.0,,,,3820349236000.0,3552231164000.0,268118072000.0,41779009000.0,,,,0.163755587306911,,3820349236000.0,,0.0409279759403909,0.0028723892299148,13.24875692825361,,,0.4188479417230609,0.4040584778805451,,,40.18365017296791,40.18365017296791,False,76.58951775307307,76.58951775307307,67.48805085804678,506.0,True,True,True,True,True,True,True,False,True,False,True,True,True,True,False,False,False,12,False,0.2169890906620013,0.2640583403714212,1.0,2552312636.327014,0.0814814814814814,1.0,3.0,,,,,,-0.1705787969314442,-0.308189572685507,0.1746583500918778,-1.5741256502396128,0.1707070707070707,-1.5741256502396128,0.1457148652207525,-506.0,0.3434343434343434,0.3838383838383838,0.1111111111111111,0.3085858585858586,0.309090909090909,永豐金
70.9000015258789,71.5,69.80000305175781,71.0,47602096.0,-0.01933703724272,70.42000122070313,0.1433172583665651,69.29500007629395,0.3221601301912826,59.83166656494141,0.4115308365191366,55.6375,0.0400750540045192,56.61766273341195,56593383.45,0.8411247587283103,0.0246049487239894,2891.TW,2026-06-30,0.0218009767939126,0.4287608669581171,bull,0.112037037037037,0.2215013901760889,2026-03-31,2026-05-15,59859484000.0,,,28299359000.0,4691107000.0,23103564000.0,,,,9627795130000.0,9033405624000.0,594389506000.0,137297531000.0,,,,0.165767252890781,,9627795130000.0,,0.0388694009008967,0.0023996734130756,15.197787869424465,,,0.3859633003184591,-0.0259120213272754,,,18.776914292805223,18.776914292805223,False,73.28250289861018,73.28250289861018,59.65610574715894,882.0,True,False,True,True,True,True,True,True,True,False,True,True,True,True,False,False,False,12,False,0.1866625831479467,0.2761177263536283,1.0,4018130224.95,0.0555555555555555,1.0,3.0,,,,,,-0.1610465725623223,-0.3100878151663539,0.2196384072700213,-1.414915413670362,0.2828282828282828,-1.414915413670362,0.267042790711998,-882.0,0.0909090909090909,0.1111111111111111,0.2121212121212121,0.109090909090909,0.1212121212121212,中信金
26.049999237060547,27.350000381469727,25.100000381469727,27.350000381469727,123846.0,0.0683593739813659,25.559999847412108,0.0642023178812369,24.68499984741211,0.5495751259255368,23.750833225250243,0.3813132038044478,22.057083288828533,0.0117839903804428,70.1818195437595,122677.0,1.009529088582212,0.1079603220794431,2923.TW,2026-06-30,0.0218009767939126,0.4287608669581171,bull,0.2268518518518518,0.1214087117701575,2026-03-31,2026-05-15,2068437000.0,1223647000.0,1093718000.0,507741000.0,478663000.0,26623000.0,0.02,43331856000.0,14759908000.0,117789596000.0,69575606000.0,48213990000.0,4643421000.0,6895034000.0,45987458000.0,,0.4,656230800.0,103029688000.0,0.0063693369623714,0.00055218412747,0.0002260216598416,1.4430584566844602,0.5915805025727155,0.5287654397982632,0.0128710712484837,1.5370100759838343,,,53.57592567176444,53.57592567176444,False,74.23532922832919,74.23532922832919,69.070478339188,316.0,True,False,True,True,True,True,True,True,True,True,True,True,True,True,False,False,False,13,False,0.151538563808915,0.2399645058837833,1.0,3355215.9967975616,0.85,0.0,3.0,,,,,,-0.0012396581484418,-0.0485084584718728,0.3114931759104645,-1.282473602072452,0.8535353535353536,-1.282473602072452,0.8532103176746834,-316.0,0.5555555555555556,0.4444444444444444,0.898989898989899,0.6070707070707071,0.5909090909090909,鼎固-KY
128.5,135.0,127.0,134.0,429466.0,0.0229007633587785,129.9,0.0850202429149797,130.975,0.2696195720217773,122.97565511067708,0.3377454531052324,115.21725076039633,0.0088580781821683,49.38271604938272,655709.4,0.6549639215176722,0.0230960106890627,3004.TW,2026-06-30,0.0218009767939126,0.4287608669581171,bull,0.1824074074074074,0.2548656163113994,2026-03-31,2026-05-15,1204086000.0,303961000.0,167853000.0,159650000.0,36009000.0,123641000.0,1.92,4115707000.0,2713494000.0,8426161000.0,4784576000.0,3641585000.0,220728000.0,677601000.0,1977017000.0,,0.2255496398371437,129993816.30441593,5712667000.0,0.0227553638789756,0.0339525234204336,0.0146734675494569,1.3138718442656152,0.252441270806238,0.1394028333524349,0.1026845258561265,0.2866173569808965,,,59.60481555561746,59.60481555561746,False,65.08080492741469,65.08080492741469,63.711807584465376,270.0,True,False,True,True,True,True,True,False,True,False,True,True,False,True,False,False,False,10,False,0.089646563617824,0.1630202865946171,1.0,87865059.60000001,0.4314814814814814,2.0,3.0,,,,,,-0.0012449160361653,-0.1046643045965262,0.312162449370707,-0.5362962471630996,0.8691919191919192,-0.5362962471630996,0.8007910485636526,-270.0,0.6060606060606061,0.2424242424242424,0.8282828282828283,0.6393939393939394,0.5414141414141413,豐達科
4250.0,4430.0,4210.0,4290.0,4133934.0,-0.142,4691.0,0.11864406779661,4416.75,0.9589041095890412,3371.833333333333,0.9481852509104068,2856.886014811198,0.0665258074252942,56.67215815485997,2955864.85,1.3985531172035826,-0.0286975717439293,3008.TW,2026-06-30,0.0218009767939126,0.4287608669581171,bull,0.137037037037037,0.0658016682113067,2026-03-31,2026-05-15,15544079000.0,7679569000.0,5812218000.0,7287959000.0,1112047000.0,6123204000.0,46.63,159095122000.0,39536493000.0,226385533000.0,39762818000.0,186622715000.0,119023098000.0,146000.0,,,0.1525868902390916,4925349729.988327,186849040000.0,0.026360048357692,0.0328106040039123,0.0270476824152893,0.213065263786351,0.4940510788706104,0.3739184547376528,0.3939251724080918,0.0661796222311039,,,76.94531754874203,76.94531754874203,False,77.75640999903605,77.75640999903605,77.55363688646254,100.0,True,True,True,True,False,True,True,True,True,True,True,True,True,True,True,False,False,13,False,0.2723048786515742,0.5016349892011747,1.0,12680660206.5,0.0175925925925925,3.0,2.0,,,,,,-0.1019790999010795,-0.1849064969555605,0.2694770687154971,-1.3972653373226072,0.4772727272727273,-1.3972653373226072,0.428485428471709,-100.0,0.8686868686868687,0.8181818181818182,0.4141414141414141,0.8005050505050505,0.7626262626262627,大立光
14.800000190734863,15.0,14.649999618530272,14.850000381469728,1279581.0,0.0531914879226282,14.480000114440918,0.0241379573427398,14.545000123977662,0.1927711332508246,13.718333387374878,0.020618569539669,13.580833339691162,0.0187357776701196,54.285715842733175,1812385.25,0.706020422534337,0.0209694228183106,3011.TW,2026-06-30,0.0218009767939126,0.4287608669581171,bull,0.3527777777777778,0.3132530120481928,2026-03-31,2026-05-15,147119000.0,3465000.0,-82920000.0,-101545000.0,-9911000.0,-90773000.0,-0.73,620697000.0,412402000.0,2623526000.0,1252671000.0,1370855000.0,192128000.0,165291000.0,262162000.0,418216000.0,0.0976020483529469,-74826838.15057364,2211124000.0,-0.0338410863210627,-0.0662163394377961,-0.0345996189860515,0.9137881103398974,0.0235523623733168,-0.5636253645008462,-0.6170039219951196,-0.3641809106035395,,,11.038158146349748,11.038158146349748,False,60.87247753669126,60.87247753669126,48.41389768910588,1025.0,True,False,True,True,True,True,True,True,True,False,True,True,False,True,False,False,False,11,False,0.0824930377575117,0.0934528102976799,1.0,26913921.65387011,0.5888888888888889,0.0,3.0,,,,,,0.0128519620149336,-0.0826428458515019,0.4103474815155546,-0.61167740378169,0.9252525252525252,-0.61167740378169,0.9241428840211064,-1025.0,0.0202020202020202,0.0202020202020202,0.9595959595959596,0.1611111111111111,0.2080808080808081,今皓
159.0,161.0,157.5,159.0,1834549.0,-0.0124223602484472,161.1,0.042622950819672,152.65,0.3706896551724137,138.74166666666667,0.3706896551724137,128.30833333333334,0.0154664892732414,65.28925619834712,3408240.6,0.5382686304482143,0.041598427775958,3014.TW,2026-06-30,0.0218009767939126,0.4287608669581171,bull,0.2833333333333333,0.1881371640407785,2026-03-31,2026-05-15,1734052000.0,992099000.0,498325000.0,506561000.0,47858000.0,458703000.0,2.85,7276847000.0,3534436000.0,9867430000.0,3664549000.0,6202881000.0,2464625000.0,,,,0.0944762822246481,451245106.6604022,6332994000.0,0.0712530450305814,0.0739499919472903,0.04648657249152,0.5907817673755147,0.572127594789545,0.2873760417796006,0.264526669327102,0.0068170034331778,,,86.91029224348934,86.91029224348934,False,70.49726632659136,70.49726632659136,74.60052280581586,51.0,True,False,True,True,True,True,True,True,True,False,True,True,False,True,True,False,False,11,False,0.1460147756622019,0.2392024420341625,1.0,541910255.4,0.2324074074074074,2.0,2.0,,,,,,-0.0259447295540113,-0.1091011669703125,0.2640072552750061,-1.516382458222724,0.6601010101010101,-1.516382458222724,0.6478397029235444,-51.0,0.9292929292929292,0.6565656565656566,0.7171717171717171,0.8974747474747474,0.805050505050505,聯陽
128.5,133.5,127.0,133.5,12461061.0,-0.1210824931482243,129.78431701660156,0.0595238095238095,121.0144344329834,1.528409127443619,102.58647797902424,1.6227897052640574,81.06490551630655,-0.0006517347358413,59.66388762043475,9464587.7,1.3165983976248643,0.1031741843484876,3016.TW,2026-06-30,0.0218009767939126,0.4287608669581171,bull,0.2361111111111111,0.0231696014828544,2026-03-31,2026-05-15,1058983000.0,188227000.0,112229000.0,125822000.0,25166000.0,100656000.0,0.35,4149251000.0,1259785000.0,7114003000.0,2217982000.0,4896021000.0,2593190000.0,337440000.0,,483682000.0,0.2000127163771041,89781772.85371397,5854218000.0,0.0153362537667223,0.0205587353485616,0.0141489960012667,0.4530172562576835,0.1777431743474635,0.1059780940770531,0.0950496844614125,0.1805514679651827,,,49.37869687987665,49.37869687987665,False,77.08902599488174,77.08902599488174,70.16144371613046,377.0,True,True,True,True,True,True,False,True,True,True,True,True,True,True,False,False,False,13,False,0.3013410990413045,0.6468285400412377,1.0,1263522457.9499998,0.1407407407407407,2.0,3.0,,,,,,-0.1128034660786375,-0.3000618347447428,0.1802609704360319,-1.5006439997883108,0.2560606060606061,-1.5006439997883108,0.2652417379408073,-377.0,0.4848484848484848,0.4848484848484848,0.202020202020202,0.4424242424242424,0.4282828282828282,嘉晶
329.5,353.5,327.0,328.5,4171729.0,0.0579710144927536,321.0,0.0330188679245282,318.675,0.2658959537572254,300.09166666666664,0.6507537688442211,262.22083333333336,0.0064745361231741,49.82078853046595,2122799.95,1.965201195713237,0.0308307837138148,3023.TW,2026-06-30,0.0218009767939126,0.4287608669581171,bull,0.3138888888888889,0.2576459684893419,2026-03-31,2026-05-15,8292838000.0,2032426000.0,955920000.0,1115731000.0,253177000.0,865006000.0,3.6,26277086000.0,13869565000.0,32645613000.0,14861895000.0,17783718000.0,6352840000.0,3453676000.0,0.0,,0.2269158067670433,739006641.995248,18776048000.0,0.0393590089882198,0.0486403349400839,0.0264968527317897,0.8357023542546053,0.2450820816709551,0.1152705503230619,0.1043075965067688,0.0164281431445099,,,64.45244261187088,64.45244261187088,False,63.66807279964072,63.66807279964072,63.86416525269826,217.0,True,False,True,True,True,True,True,False,True,False,True,True,True,True,True,False,False,11,False,0.0946655188692344,0.2527608726741135,1.0,697339783.575,0.1972222222222222,2.0,3.0,,,,,,-0.0405772628386006,-0.1064925277747764,0.2061763362276926,-1.4339888796024092,0.5767676767676768,-1.4339888796024092,0.5349858989577532,-217.0,0.6767676767676768,0.2626262626262626,0.5757575757575758,0.6616161616161615,0.5323232323232323,信邦
812.0,842.0,812.0,842.0,1772129.0,0.0420792079207921,780.8,0.2529761904761904,745.9586059570313,4.929577464788732,461.08620198567706,7.436873489506068,286.3514343261719,0.0572595949633423,65.21726487209217,3518240.85,0.5036974657377422,0.1287489590923773,3026.TW,2026-06-30,0.0218009767939126,0.4287608669581171,bull,0.0574074074074074,0.0018535681186283,2026-03-31,2026-05-15,3618451000.0,877039000.0,483360000.0,568645000.0,113236000.0,474578000.0,2.86,11840787000.0,5803981000.0,16266013000.0,6345747000.0,9920266000.0,4380883000.0,2093681000.0,400780000.0,,0.199133026756588,387107060.1869356,10462032000.0,0.0370011351701978,0.047839241407438,0.029176049471988,0.639675085325333,0.2423796812503471,0.1335820216993404,0.1311550163315739,0.0636271337498735,,,68.80894924877691,68.80894924877691,False,88.54558871693189,88.54558871693189,83.61142884989314,175.0,True,True,True,True,True,True,True,True,True,True,True,True,False,True,True,False,False,13,False,0.8261227431528204,1.9404427534346145,1.0,2962358795.7000003,0.0731481481481481,3.0,3.0,,,,,,-0.0942160515481728,-0.2225712788172695,0.2957059643575349,-1.501725311591986,0.446969696969697,-1.501725311591986,0.4496895903452371,-175.0,0.7272727272727273,0.9191919191919192,0.4444444444444444,0.6848484848484848,0.7282828282828283,禾伸堂
81.80000305175781,85.30000305175781,81.80000305175781,83.0999984741211,5107953.0,0.0532318994552187,80.52000122070312,0.0246609129177504,77.49137725830079,0.6488094436158243,73.01879272460937,1.1811024095070677,59.92606287002563,-0.0027026479426181,65.33233383863754,3773250.25,1.353727598639926,0.0723773588011629,3028.TW,2026-06-30,0.0218009767939126,0.4287608669581171,bull,0.3509259259259259,0.1075069508804448,2026-03-31,2026-05-15,17721795000.0,1611940000.0,956219000.0,892133000.0,169489000.0,722644000.0,3.05,30113817000.0,24755869000.0,31365964000.0,24995374000.0,6370590000.0,3312572000.0,15838992000.0,0.0,,0.1899817628089085,774554828.7486283,6610095000.0,0.1171775638245181,0.1134343914770845,0.0230391133522948,3.923557158756097,0.0909580547568685,0.0539572317589725,0.0407771334675748,0.9582381707930072,,,56.52316760894776,56.52316760894776,False,65.95002074048791,65.95002074048791,63.59330745760288,293.0,True,False,True,True,True,True,False,True,True,True,True,True,True,True,False,False,False,12,False,0.1380631666635878,0.3867087957097681,1.0,313557090.01747704,0.2888888888888888,1.0,3.0,,,,,,0.0568919359010669,-0.0523524254742841,0.3740132234374068,1.2835887469209326,0.9691919191919192,1.2835887469209326,0.9687594770685106,-293.0,0.5757575757575758,0.2323232323232323,1.0,0.6393939393939394,0.5575757575757576,增你強
529.0,542.0,518.0,535.0,7441962.0,-0.0165441176470588,534.2,0.0775427995971802,510.375,0.3665389527458493,464.60833333333335,0.4190981432360743,422.72083333333336,0.0243351731058705,62.94536817102138,6489643.35,1.1467443738645515,0.0482488366397257,3034.TW,2026-06-30,0.0218009767939126,0.4287608669581171,bull,0.1962962962962963,0.1918443002780352,2026-03-31,2026-05-15,23145303000.0,9039901000.0,4027546000.0,4389348000.0,622236000.0,3767112000.0,6.19,79261926000.0,21790635000.0,103666583000.0,31738768000.0,71927815000.0,48919537000.0,,,,0.1417604619182621,3456599218.642951,81875948000.0,0.0422175169030464,0.0523735080788982,0.036338730292673,0.4412586146263444,0.390571728527382,0.1740113750077067,0.1627592432036858,-0.1465659805926223,,,75.54535048945058,75.54535048945058,False,77.39708958298489,77.39708958298489,76.93415480960131,116.0,True,True,True,True,True,True,True,True,True,False,True,True,True,True,True,False,False,13,False,0.1515075421950387,0.2656106768651494,1.0,3471959192.25,0.062037037037037,3.0,3.0,,,,,,0.0153859891931516,-0.0676767129130329,0.3081574159602573,-0.9017427757080776,0.8838383838383839,-0.9017427757080776,0.9115085868851112,-116.0,0.797979797979798,0.7878787878787878,0.9494949494949496,0.8207070707070707,0.8252525252525252,聯詠
27.25,29.39999961853028,27.100000381469727,28.600000381469727,2684238.0,-0.0833333435221612,28.559999847412108,0.1150097780433603,26.854999828338624,0.2882882611974677,24.86583315531413,0.1721311815000934,24.837083307902017,0.0263711088574937,64.86486238799057,4052829.9,0.6623120304160804,0.0649786097294886,3041.TW,2026-06-30,0.0218009767939126,0.4287608669581171,bull,0.1398148148148148,0.2418906394810009,2026-03-31,2026-05-15,351835000.0,166689000.0,-139754000.0,-143592000.0,-6328000.0,-67784000.0,-0.48,1753949000.0,1175974000.0,4092467000.0,2638568000.0,1453899000.0,705057000.0,112390000.0,1195750000.0,,0.0440693074823109,-133595138.00211713,2916493000.0,-0.0458067747812585,-0.046622220663196,-0.0165631146201056,1.814822074985952,0.4737703753179758,-0.3972146034362698,-0.1926584904855969,0.0973411306042884,,,27.60439447932801,27.60439447932801,False,75.87888217044284,75.87888217044284,63.81026024766413,722.0,True,True,True,True,True,True,True,True,True,False,True,True,False,True,False,False,False,12,False,0.1501726164907351,0.1515039840596146,1.0,115910936.68603192,0.3916666666666666,0.0,3.0,,,,,,-0.1251018508292715,-0.1944553062481884,0.1493666778766836,-1.7425345914446044,0.2085858585858585,-1.7425345914446044,0.4236151980329611,-722.0,0.2121212121212121,0.2525252525252525,0.404040404040404,0.2409090909090909,0.2626262626262626,揚智
37.25,38.34999847412109,36.650001525878906,36.75,5200381.0,-0.0684410826545767,37.08999938964843,0.2394603869415381,34.377499961853026,0.2716263143628696,30.614166577657063,0.0986546834616739,31.41291659673055,0.0610339463168192,64.98740285496852,9436344.5,0.5511012235723272,0.0690131638653077,3060.TW,2026-06-30,0.0218009767939126,0.4287608669581171,bull,0.0611111111111111,0.253012048192771,2026-03-31,2026-05-15,1081252000.0,166540000.0,47262000.0,66259000.0,16879000.0,45734000.0,0.33,2994981000.0,1413440000.0,4510523000.0,1760816000.0,2749707000.0,514060000.0,220000000.0,88940000.0,,0.2547427519280399,35222348.058376975,3097083000.0,0.0113727491508548,0.0166323175523792,0.0101394006859071,0.6403649552479591,0.1540251486240025,0.043710439379534,0.0422972628027508,0.0742991359918607,,,34.65673853142626,34.65673853142626,False,78.16201483399134,78.16201483399134,67.28569575835006,605.0,True,True,True,True,True,True,True,True,True,False,True,True,False,True,False,False,False,12,False,0.2004246434989025,0.1699009191596341,1.0,346785660.375,0.2777777777777778,1.0,3.0,,,,,,-0.0513304488466223,-0.1712122017485791,0.1843457825483835,-1.6693785437054112,0.4015151515151515,-1.6693785437054112,0.3936265397881251,-605.0,0.303030303030303,0.3535353535353535,0.3636363636363636,0.3121212121212121,0.3303030303030303,銘異
41.0,41.900001525878906,39.29999923706055,39.45000076293945,6098391.0,-0.0413122891835213,41.65,0.1602941400864546,35.964771366119386,0.7417219173224558,31.388257026672363,0.6575631104016699,27.929545195897425,0.0519930339228889,66.21318670295312,5011624.95,1.2168490381547803,0.0969067580422136,3094.TW,2026-06-30,0.0218009767939126,0.4287608669581171,bull,0.0953703703703703,0.0861909175162187,2026-03-31,2026-05-15,47206000.0,35395000.0,2347000.0,7478000.0,1717000.0,5761000.0,0.07,792305000.0,52199000.0,1133462000.0,121752000.0,1011710000.0,710423000.0,,,,0.229606846750468,1808112.730676652,1081263000.0,0.0016722228825703,0.005694319518439,0.0050826582629148,0.1203427859762184,0.7497987543956277,0.0497182561538787,0.1220395712409439,-0.0850131803380369,,,35.49964257677029,35.49964257677029,False,84.07432476917647,84.07432476917647,71.93065422107492,595.0,True,True,True,True,True,True,True,True,True,True,True,True,True,True,False,False,False,14,False,0.2568394839323691,0.412482748510143,1.0,197708608.1010664,0.3388888888888889,1.0,3.0,,,,,,-0.0750904347840969,-0.1745044632527182,0.2502630956910622,-1.4547597700686086,0.5050505050505051,-1.4547597700686086,0.4835276057411094,-595.0,0.3131313131313131,0.5353535353535354,0.494949494949495,0.3404040404040404,0.4161616161616162,聯傑
96.0,101.5,95.0999984741211,101.5,25971861.0,0.0786397624428656,98.8,0.2962962457728966,91.75499992370604,1.2480619395288972,64.71666666666667,2.011869368015609,56.18416665395101,0.0851516765004619,60.655739009693306,19015932.6,1.365794754657471,0.1062067471461705,3149.TW,2026-06-30,0.0218009767939126,0.4287608669581171,bull,0.049074074074074,0.0342910101946246,2026-03-31,2026-05-15,590082000.0,-24432000.0,-93184000.0,-84552000.0,0.0,-84552000.0,-0.37,3053025000.0,1223931000.0,4981618000.0,2501468000.0,2480150000.0,728242000.0,568000000.0,1205163000.0,,-0.0,-93184000.0,3757687000.0,-0.0247982335942296,-0.0340914864020321,-0.0169727987974991,1.0085954478559764,-0.041404414979613,-0.1579170352595063,-0.1432885598950654,0.2536877731437907,,,23.16823820563286,23.16823820563286,False,94.18684219578674,94.18684219578674,76.43219119824826,803.0,True,True,True,True,True,True,True,True,True,True,True,True,True,True,False,False,False,14,False,0.5683749678083956,0.80655878773032,1.0,1930117158.9,0.1101851851851851,2.0,3.0,,,,,,-0.2748891353557601,-0.4545393065964971,0.1318267294208111,-1.949809630181573,0.0242424242424242,-1.949809630181573,0.0228489270041236,-803.0,0.1414141414141414,0.7575757575757576,0.0101010101010101,0.1217171717171717,0.3,正達
63.0,68.80000305175781,63.0,67.69999694824219,1406515.0,-0.0838972185334198,66.9599998474121,0.0149925044340852,61.24999942779541,0.3314014032600194,55.859920819600426,0.0103542945420942,57.52673969268799,0.010559316288421,64.23357345817078,1784257.9,0.7882913114746473,0.1053060829502596,3257.TW,2026-06-30,0.0218009767939126,0.4287608669581171,bull,0.3842592592592592,0.2140871177015755,2026-03-31,2026-05-15,130520000.0,58709000.0,1594000.0,23816000.0,8650000.0,15166000.0,0.19,2133139000.0,561416000.0,2636340000.0,1055734000.0,1580606000.0,310108000.0,159975000.0,,455744000.0,0.3632012092710782,1015057.2724219012,2074924000.0,0.0004892021454385,0.0095950540488901,0.0057526722653375,0.6679298952427107,0.4498084584737971,0.0122126877106956,0.1161967514557156,-0.3339185106556708,,,31.244376833574243,31.244376833574243,False,73.30269179423694,73.30269179423694,62.78811305407127,659.0,True,False,True,True,True,True,True,True,False,False,True,True,False,True,False,False,False,10,False,0.211960130893835,0.1768439739484713,1.0,120794254.384877,0.387037037037037,1.0,3.0,,,,,,-0.0389688364148427,-0.157246514899911,0.2141962324683377,-1.7338542646293165,0.4666666666666667,-1.7338542646293165,0.4153170140201575,-659.0,0.2525252525252525,0.1919191919191919,0.3838383838383838,0.2722222222222222,0.2606060606060606,虹冠電
25.14999961853028,27.14999961853028,24.600000381469727,27.14999961853028,4607968.0,0.1036585039641451,25.06999969482422,0.1528662631888506,24.607499980926512,0.4836065983842779,19.91166663169861,0.4479999796549481,20.08208328088125,0.057932069671952,59.83264165979943,2109744.8,2.184135256548565,0.103322143231717,3346.TW,2026-06-30,0.0218009767939126,0.4287608669581171,bull,0.1037037037037037,0.1427247451343836,2026-03-31,2026-05-15,1694217000.0,150618000.0,-85958000.0,-73986000.0,6956000.0,-80942000.0,-0.67,8045104000.0,4455060000.0,10175277000.0,6596575000.0,3578702000.0,2217836000.0,1818987000.0,1589910000.0,285973000.0,0.0,-85958000.0,5720217000.0,-0.0150270522953936,-0.0226176977015688,-0.0079547711575812,1.8432870353552768,0.0889012446457567,-0.0507361217600815,-0.0477754620571036,-0.1732498100523655,,,6.120174416109647,6.120174416109647,False,85.76609023615593,85.76609023615593,65.85461128114436,1066.0,True,True,True,True,True,True,True,True,True,True,False,True,True,True,False,False,False,13,False,0.3635222063887169,0.3519513508032257,1.0,57279570.51519624,0.487037037037037,0.0,3.0,,,,,,0.0689296758374326,-0.093606418809928,0.557049616797533,-0.919836229716889,0.9313131313131312,-0.919836229716889,0.95281691751949,-1066.0,0.0101010101010101,0.3131313131313131,0.9797979797979798,0.1555555555555555,0.2949494949494949,麗清
60.70000076293945,62.900001525878906,60.0,62.70000076293945,2331069.0,0.0398010208332451,60.119999694824216,0.0686594473570223,59.12301502227783,0.3607086991273927,55.08594570159912,0.414268491813573,50.1870488802592,0.0019801184629805,55.13308144727008,1188116.3,1.961987222967987,0.0605007329094058,3356.TW,2026-06-30,0.0218009767939126,0.4287608669581171,bull,0.2194444444444444,0.1964782205746061,2026-03-31,2026-05-15,281264000.0,139594000.0,10233000.0,198018000.0,20957000.0,176986000.0,2.21,2893011000.0,391712000.0,3096581000.0,420305000.0,2676276000.0,809972000.0,50000000.0,,,0.1058338130876991,9150002.590673575,2704869000.0,0.0033827895512402,0.0661314453367291,0.0571552948235489,0.157048450907156,0.4963095170373741,0.0363821889754821,0.6292522327777462,0.0806540849572754,,,63.62657398368869,63.62657398368869,False,74.01108031142998,74.01108031142998,71.41495372949466,230.0,True,False,True,True,True,True,True,True,True,False,True,True,True,True,True,False,False,12,False,0.1382213732443791,0.2493263134984245,1.0,74494892.9164608,0.4537037037037037,1.0,3.0,,,,,,-0.0064871687907868,-0.1081714857427312,0.1704135209961495,-1.536474650018783,0.5666666666666667,-1.536474650018783,0.4833093055252643,-230.0,0.6363636363636364,0.5252525252525253,0.4848484848484848,0.6136363636363636,0.5727272727272728,奇偶
69.30000305175781,71.0,68.5,68.69999694824219,521407079.0,0.0409090446703361,68.2,0.2528806256273346,57.738447952270505,1.7425149317610789,40.840043258667,4.184905430056015,32.411271556218466,0.0874528077407264,74.7165633852272,482901846.45,1.0797371822722712,0.1898483486260844,3481.TW,2026-06-30,0.0218009767939126,0.4287608669581171,bull,0.0583333333333333,0.0139017608897126,2026-03-31,2026-05-15,66644538000.0,9618800000.0,1498477000.0,2407624000.0,615513000.0,1629503000.0,0.2,182233903000.0,124944734000.0,387253843000.0,158168711000.0,229085132000.0,58551743000.0,32901792000.0,18391019000.0,,0.2556516299887358,1115388912.4493692,262309109000.0,0.0042521928296793,0.0071130892946819,0.0042078420381227,0.6904363876395087,0.1443299074261719,0.0224846183193587,0.0244506609078751,0.1915219048549084,,,29.43055491864947,29.43055491864947,False,83.56693249669277,83.56693249669277,70.03283810218194,692.0,True,True,True,True,True,True,True,False,True,True,True,True,True,False,False,False,False,12,False,0.6821724823629516,1.1196328823162545,1.0,33175355377.41552,0.0064814814814814,1.0,3.0,,,,,,-0.2050566406801318,-0.35413687113632,0.1676426494687622,-1.6811672792745502,0.108080808080808,-1.6811672792745502,0.10936501139762,-692.0,0.2323232323232323,0.4747474747474747,0.0707070707070707,0.2080808080808081,0.2727272727272727,群創
68.0999984741211,69.69999694824219,67.0999984741211,67.5,924092.0,-0.0217391304347825,71.0,0.0613207801799842,62.500000381469725,0.4316012262046635,60.52083339691162,0.4091857588674985,55.786666806538896,0.0316084863473347,64.5333324110245,1485766.25,0.6219632462374213,0.0799999934082031,3588.TW,2026-06-30,0.0218009767939126,0.4287608669581171,bull,0.2324074074074074,0.1658943466172381,2026-03-31,2026-05-15,397055000.0,133436000.0,19255000.0,27933000.0,5206000.0,22727000.0,0.37,1568974000.0,222818000.0,2039650000.0,244854000.0,1794796000.0,526253000.0,,0.0,,0.1863745390756453,15666358.25009845,1816832000.0,0.0086228986775323,0.0126627204428804,0.011142597994754,0.1364244181511436,0.3360642732115198,0.0484945410585435,0.0572389215599853,0.1515850227674817,,,45.81444743521709,45.81444743521709,False,76.62116032855876,76.62116032855876,68.91948210522335,418.0,True,True,True,True,True,True,True,True,True,True,True,True,False,True,False,False,False,13,False,0.1153184153515725,0.2099665361632281,1.0,100289221.875,0.4101851851851852,1.0,3.0,,,,,,-0.067656216254743,-0.1807069176041105,0.1983506225863682,-1.6030891284218804,0.3792929292929293,-1.6030891284218804,0.3684758248854339,-418.0,0.4242424242424242,0.4242424242424242,0.3333333333333333,0.4106060606060606,0.406060606060606,通嘉
26.75,27.100000381469727,26.100000381469727,26.100000381469727,1768521.0,-0.0526315388655352,26.660000228881835,0.0096711797412276,24.57749996185303,0.2700730584164754,24.335833295186365,0.4146341085197589,21.83583334287008,0.0083076946877022,67.40331060884039,2990163.0,0.5914463525901431,0.0619469198242208,3591.TW,2026-06-30,0.0218009767939126,0.4287608669581171,bull,0.4138888888888888,0.2539388322520852,2026-03-31,2026-05-15,581640000.0,129432000.0,21965000.0,26378000.0,7095000.0,16630000.0,0.12,2403392000.0,678296000.0,4222147000.0,1178716000.0,3043431000.0,1017515000.0,85000000.0,148925000.0,286171000.0,0.2689741451209341,16056982.902418682,3543851000.0,0.0045309418771891,0.0054642277087931,0.0039387543825451,0.3872984141910889,0.2225293996286362,0.037763908947115,0.0285915686679045,0.0154630985905657,,,28.82807983570504,28.82807983570504,False,64.28231628033807,64.28231628033807,55.418757169179806,703.0,True,False,False,True,True,True,True,True,False,False,True,True,False,True,False,False,False,9,False,0.0724925694914384,0.1952829998124161,1.0,78043255.44065666,0.4481481481481481,0.0,3.0,,,,,,-0.0497157590825639,-0.1392936563520517,0.1966396611008165,-1.5170679810776029,0.4959595959595959,-1.5170679810776029,0.4831322408084998,-703.0,0.2222222222222222,0.0606060606060606,0.4747474747474747,0.2601010101010101,0.2242424242424242,艾笛森
36.70000076293945,39.0,36.70000076293945,38.29999923706055,531985.0,-0.0601227181089436,39.65,0.0521977371300608,36.845000171661376,0.4237918133901119,32.24916671117147,0.3438596223530017,30.156666644414265,0.0383260541927544,64.37124797872542,1011339.65,0.5260201159916947,0.0394897288267148,3652.TW,2026-06-30,0.0218009767939126,0.4287608669581171,bull,0.2537037037037037,0.1686746987951807,2026-03-31,2026-05-15,620782000.0,216758000.0,32315000.0,36403000.0,6166000.0,30132000.0,0.4,2208650000.0,758801000.0,2721709000.0,839191000.0,1882518000.0,544591000.0,,,,0.1693816443699695,26841432.16218444,1962908000.0,0.0136743200201866,0.0160062214544562,0.0110709851787975,0.4457811293172229,0.3491692735936287,0.0520553108820809,0.0485387785083974,0.1012201049453453,,,46.42890186010385,46.42890186010385,False,72.71700106709625,72.71700106709625,66.14497626534815,410.0,True,False,True,True,True,True,True,True,True,False,True,True,False,True,False,False,False,11,False,0.1876275619795473,0.2700342411403291,1.0,38734307.82340908,0.5287037037037037,1.0,3.0,,,,,,-0.0129897816656713,-0.0868134935224966,0.2631193543393351,-1.357927466887376,0.744949494949495,-1.357927466887376,0.7888827400016425,-410.0,0.4343434343434343,0.3232323232323232,0.8181818181818182,0.4919191919191919,0.4777777777777778,精聯
653.0,687.0,650.0,680.0,24690499.0,0.027190332326284,646.6,0.1314475873544094,605.95,0.8836565096952909,534.9166666666666,1.8997867803837951,426.2083333333333,0.0117715812322592,70.94339622641509,25238513.15,0.9782865913398706,0.1222048023764337,3711.TW,2026-06-30,0.0218009767939126,0.4287608669581171,bull,0.1222222222222222,0.0695088044485634,2026-03-31,2026-05-15,173662152000.0,34849839000.0,17531793000.0,18200253000.0,3635258000.0,14147537000.0,3.24,337698528000.0,294501914000.0,957527444000.0,576383490000.0,381143954000.0,87811246000.0,40365151000.0,199142046000.0,1999351000.0,0.1997366739901912,14030050977.095484,663025530000.0,0.0211606496918685,0.0371186184419968,0.0147750720761586,1.5122461840231631,0.2006760747730455,0.1009534478186127,0.0814658625213857,0.1721790641369744,,,49.34794674627236,49.34794674627236,False,79.59561322211925,79.59561322211925,72.03369660315754,378.0,True,True,True,True,True,True,True,True,True,True,True,True,True,True,False,False,False,14,False,0.2712260476709769,0.5954638772118488,1.0,17162188941.999998,0.0138888888888888,3.0,3.0,,,,,,-0.1379243868706495,-0.2801973785960542,0.1607416523194307,-1.293796663277433,0.2606060606060606,-1.293796663277433,0.2415440202247494,-378.0,0.4747474747474747,0.5454545454545454,0.1818181818181818,0.4308080808080808,0.4373737373737373,日月光投控
218.0,225.5,215.0,225.0,1272342.0,-0.0816326530612244,233.6,0.4657980456026058,185.725,0.7110266159695817,156.975,0.9736842105263156,139.33333333333334,0.1194996986136225,77.73972602739727,1818481.65,0.6996727187211376,0.2114685691210123,4551.TW,2026-06-30,0.0218009767939126,0.4287608669581171,bull,0.0185185185185185,0.0908248378127896,2026-03-31,2026-05-15,2271946000.0,533525000.0,346991000.0,393785000.0,83249000.0,310536000.0,2.7,10369392000.0,4748535000.0,14322790000.0,5365693000.0,8957097000.0,5453821000.0,2111598000.0,,,0.2114072399913658,273634590.388156,9574255000.0,0.0285802488431899,0.0346692684024746,0.0216812506501875,0.5990437526801373,0.2348317257540452,0.1527285419635854,0.1366828260882961,0.1308192910808987,,,63.70694291747275,63.70694291747275,False,82.17382349912471,82.17382349912471,77.55710335371172,228.0,True,True,True,True,True,True,True,False,True,True,True,False,False,False,True,False,False,10,False,0.433349259436216,0.6148325358851674,1.0,409158371.25,0.2611111111111111,2.0,3.0,,,,,,-0.0416549625349229,-0.1703461200065706,0.2470576854448395,-1.3546770803909567,0.5914141414141414,-1.3546770803909567,0.60324179336005,-228.0,0.6464646464646465,0.8282828282828283,0.6767676767676768,0.651010101010101,0.7070707070707071,智伸科
36.900001525878906,37.400001525878906,35.349998474121094,36.29999923706055,417078.0,-0.1664753186454785,39.15,0.2648083021633587,38.62000007629395,1.5208333471307056,26.19083342552185,0.9674795520863292,21.75729997952779,0.0924262785880719,54.23423148490287,663061.5,0.629018575200038,-0.060072522906531,4807.TW,2026-06-30,0.0218009767939126,0.4287608669581171,bull,0.0537037037037037,0.0250231696014828,2026-03-31,2026-05-15,614904000.0,170422000.0,87748000.0,91603000.0,25539000.0,66606000.0,1.7,1245034000.0,536565000.0,1681170000.0,611401000.0,1069769000.0,166156000.0,411698000.0,8064000.0,,0.2788009126338657,63283777.51820355,1144605000.0,0.0552887480993037,0.0622620397487681,0.0396188368814575,0.5715261892988113,0.2771522058727866,0.1427019502231242,0.1083193474103274,0.1696505337482594,,,79.1380462401501,79.1380462401501,False,75.24578907652167,75.24578907652167,76.21885336742878,91.0,True,True,True,True,False,True,True,True,True,True,True,True,False,True,True,False,False,12,False,0.3859810662492222,0.6684055131480695,1.0,24069131.94412422,0.6055555555555555,1.0,2.0,,,,,,0.0335889157260764,-0.0471921433945598,0.318562784177011,-0.9904138166129616,0.9116161616161615,-0.9904138166129616,0.8912659030961951,-91.0,0.8787878787878788,0.7171717171717171,0.9393939393939394,0.8878787878787878,0.8424242424242424,日成-KY
59.0,60.59999847412109,57.5,57.5,4363381.0,0.0087719298245614,56.64000091552735,0.1078997747491157,53.82474193572998,0.4375,49.92741394042968,0.6220027859664339,45.12537358601888,0.0135581163640828,64.33292771888395,1698399.8,2.569112996833843,0.0682819449215101,4952.TW,2026-06-30,0.0218009767939126,0.4287608669581171,bull,0.1518518518518518,0.1621872103799814,2026-03-31,2026-05-15,586800000.0,217186000.0,50714000.0,57361000.0,2716000.0,54645000.0,0.5,1968997000.0,498939000.0,2855009000.0,669784000.0,2185225000.0,875328000.0,135979000.0,,,0.0473492442600373,48312730.42659647,2356070000.0,0.0205056430524545,0.0250065782699722,0.0191400447424158,0.3065057373954627,0.3701192910702113,0.0864246762099522,0.0931237218813905,0.1151907683185478,,,59.13696523613547,59.13696523613547,False,78.37667324075525,78.37667324075525,73.5667462396003,276.0,True,True,True,True,True,True,True,True,True,True,True,True,True,True,False,False,False,14,False,0.1516719065122311,0.274227677924757,1.0,97657988.5,0.412962962962963,1.0,3.0,,,,,,-0.0284876073866558,-0.116996401755616,0.2770295834496303,-1.2712867674123949,0.7085858585858587,-1.2712867674123949,0.7322880231934767,-276.0,0.5959595959595959,0.5959595959595959,0.797979797979798,0.6262626262626263,0.6363636363636364,凌通
589.0,630.0,589.0,630.0,30535770.0,0.0732538330494037,594.4,0.1574933134114056,566.4370956420898,1.889778400544813,441.2865793863932,3.359493771930019,309.9122589111328,0.033649268254317,62.53687315634218,29803648.9,1.0245648142768184,0.1122152924780779,4958.TW,2026-06-30,0.0218009767939126,0.4287608669581171,bull,0.1,0.0111214087117701,2026-03-31,2026-05-15,40728186000.0,8811686000.0,2503378000.0,2400190000.0,352753000.0,1425634000.0,1.33,132303699000.0,83301038000.0,298402969000.0,123677759000.0,174725210000.0,82443029000.0,32052909000.0,19106770000.0,11406206000.0,0.1469687816381203,2135459585.3603256,215101931000.0,0.0099276634822972,0.0081592919533477,0.0047775462984753,0.7078415244142502,0.2163535100728522,0.061465492226931,0.035003621325045,0.0161248203146593,,,31.59280514295768,31.59280514295768,False,89.57030910063885,89.57030910063885,75.07593311121856,654.0,True,True,True,True,True,True,True,True,True,True,True,True,True,True,False,False,False,14,False,0.4276436887702586,1.03283342909211,1.0,18776298807.0,0.012037037037037,3.0,3.0,,,,,,-0.2032586596983279,-0.3407889378951896,0.1238492653852483,-1.7601373853369082,0.0717171717171717,-1.7601373853369082,0.0585235382278065,-654.0,0.2626262626262626,0.6767676767676768,0.0202020202020202,0.2262626262626262,0.3383838383838384,臻鼎-KY
100.5,101.5,95.1999969482422,96.3000030517578,5316242.0,-0.0236866461960763,100.9800018310547,0.0771812238043589,93.38168258666992,0.9753846779847752,74.17139422098795,0.987616130760104,62.30028044382731,0.030740646893443,58.97731562092854,5686516.75,0.9348854903135562,0.0312515301100866,5285.TW,2026-06-30,0.0218009767939126,0.4287608669581171,bull,0.1972222222222222,0.06209453197405,2026-03-31,2026-05-15,1357374000.0,253577000.0,134024000.0,129371000.0,27307000.0,102064000.0,1.0,3890434000.0,1502170000.0,5486212000.0,2514807000.0,2971405000.0,1258334000.0,380000000.0,805975000.0,,0.2110751250280202,105734867.44324462,3984042000.0,0.0265395965813725,0.0343487340163996,0.0186037287658588,0.8463359925691718,0.1868143930854724,0.0987377097248068,0.0751922462048042,0.0164466220511887,,,49.817373099182696,49.817373099182696,False,77.88783712196546,77.88783712196546,70.87022111626978,374.0,True,True,True,True,True,True,True,True,True,True,True,True,True,True,False,False,False,14,False,0.2983442479837896,0.5457394792722665,1.0,547611580.3788718,0.2305555555555555,1.0,3.0,,,,,,-0.0056743237403523,-0.0969886483808418,0.2890818776760542,-1.2090932243112502,0.8065656565656567,-1.2090932243112502,0.8160014636060986,-374.0,0.494949494949495,0.5151515151515151,0.8484848484848485,0.547979797979798,0.5717171717171717,界霖
531.0,587.0,519.0,549.0,5183985.0,0.1169888097660223,514.4,0.2119205298013244,479.275,0.7023255813953488,437.3083333333333,0.8547297297297298,379.32916666666665,0.027990776985361,76.57142857142857,1395958.35,3.7135670989037743,0.1454801523133901,5434.TW,2026-06-30,0.0218009767939126,0.4287608669581171,bull,0.0703703703703703,0.0963855421686747,2026-03-31,2026-05-15,18536692000.0,2517460000.0,1430469000.0,1720554000.0,385901000.0,1322921000.0,6.86,26594173000.0,20377745000.0,43809103000.0,24343457000.0,19465646000.0,6619207000.0,553886000.0,2499050000.0,0.0,0.2242888046524549,1109630817.8976076,23431358000.0,0.0473566584530699,0.0679618338893042,0.0301973998417634,1.25058562145844,0.1358095608428947,0.07716959422965,0.0713676960268854,0.1762262681445767,,,65.82773904429318,65.82773904429318,False,80.47925033467202,80.47925033467202,76.81637251207731,203.0,True,True,True,True,True,True,True,False,True,True,False,True,False,True,True,False,False,11,False,0.2554071307429921,0.4472918199892355,1.0,766381134.1500001,0.1842592592592592,3.0,3.0,,,,,,-0.0268265882199866,-0.1282391676090558,0.2202949225413307,-1.5048669175882865,0.5944444444444444,-1.5048669175882865,0.6368596167369901,-203.0,0.6868686868686869,0.7777777777777778,0.7070707070707071,0.6898989898989899,0.7181818181818183,崇越
59.900001525878906,62.5,59.20000076293945,61.59999847412109,3586431.0,-0.0128205614133845,60.67999954223633,0.1600753341667717,56.40250015258789,0.6020805527134103,49.50833320617676,0.8666666204279116,43.76916656494141,0.0297594616514799,71.2500045980745,5634152.1,0.6365520377059044,0.0921501406404361,5471.TW,2026-06-30,0.0218009767939126,0.4287608669581171,bull,0.0962962962962963,0.1158480074142724,2026-03-31,2026-05-15,762695000.0,324634000.0,69170000.0,100354000.0,20035000.0,80319000.0,0.48,2907264000.0,471709000.0,4129482000.0,577986000.0,3551496000.0,1448788000.0,,,,0.1996432628495127,55360675.5086992,3657773000.0,0.0151350768647204,0.0226155400428439,0.019450139266862,0.1627443758911737,0.4256406558322789,0.0906915608467342,0.1053094618425451,0.2391711942393677,,,64.00671286733612,64.00671286733612,False,76.89408931245731,76.89408931245731,73.67224520117702,224.0,True,True,True,True,True,True,True,True,True,True,True,True,False,True,True,False,False,13,False,0.2442349496515821,0.4073834004292411,1.0,347063760.7629661,0.2768518518518518,1.0,3.0,,,,,,-0.0499027638546047,-0.190433097717393,0.2363156471194096,-1.507775925982318,0.4888888888888889,-1.507775925982318,0.4936961800797783,-224.0,0.6565656565656566,0.6060606060606061,0.5151515151515151,0.6353535353535353,0.6131313131313132,松翰
19.39999961853028,20.100000381469727,19.299999237060547,19.600000381469727,158528713.0,0.0315789674457751,19.2,0.0425532540890816,18.190000104904176,1.3757576219963306,12.811000029246012,1.663043481781938,10.856250031789145,0.0472078310310051,67.85713859966924,121131253.35,1.308735017724474,0.0775151329540346,6116.TW,2026-06-30,0.0218009767939126,0.4287608669581171,bull,0.2842592592592592,0.0287303058387395,2026-03-31,2026-05-15,3015410000.0,-26750000.0,-330539000.0,-174085000.0,8700000.0,-182785000.0,-0.06,9705510000.0,5569095000.0,42547023000.0,8791208000.0,33755815000.0,4016127000.0,103781000.0,1723801000.0,,0.0,-330539000.0,36977928000.0,-0.0089388188543176,-0.0054149188813838,-0.0042960702561963,0.260435364988225,-0.0088710987892193,-0.109616602717375,-0.0606169641939238,0.0398922935318528,,,19.281867626137604,19.281867626137604,False,77.1673079149392,77.1673079149392,62.6959478427388,869.0,True,True,True,True,True,True,True,True,True,True,True,True,True,True,False,False,False,14,False,0.5299352382113203,0.8054116590975002,1.0,2374172611.867906,0.0879629629629629,0.0,3.0,,,,,,-0.2194671480451958,-0.4088682996036021,0.0824157745158614,-1.7524825515656917,0.0444444444444444,-1.7524825515656917,0.0696769179894179,-869.0,0.101010101010101,0.1818181818181818,0.0505050505050505,0.0934343434343434,0.1151515151515151,彩晶
142.5,144.0,138.0,139.5,1652621.0,-0.108626198083067,144.4,0.0449438202247192,138.975,1.4134948415458553,107.3650000890096,1.166149016998741,84.76250003178914,0.0213117765937902,51.44927536231884,3101566.55,0.5328342865962363,0.0037776578521317,6166.TW,2026-06-30,0.0218009767939126,0.4287608669581171,bull,0.2768518518518518,0.0268767377201112,2026-03-31,2026-05-15,3443841000.0,1293055000.0,417400000.0,440128000.0,100613000.0,342530000.0,1.57,9685113000.0,6814747000.0,14840413000.0,9041778000.0,5798635000.0,2371557000.0,1276966000.0,2103192000.0,,0.2285994074451068,321982607.3324124,8025666000.0,0.0401191137697995,0.0590707985586263,0.023080894042504,1.5592942132070735,0.3754688442352594,0.1212018789485345,0.0994616185822748,0.2873272036683791,,,76.55639090357866,76.55639090357866,False,66.33733082245264,66.33733082245264,68.89209584273414,106.0,True,False,True,True,True,True,True,True,True,True,True,True,False,True,True,False,False,12,False,0.2993061042644185,0.6457749588282817,1.0,432668533.725,0.2564814814814815,2.0,3.0,,,,,,-0.0341899337215984,-0.1829330583922817,0.2354409974825279,-0.8821242893765103,0.6176767676767677,-0.8821242893765103,0.593737758684405,-106.0,0.8282828282828283,0.4141414141414141,0.6363636363636364,0.7994949494949495,0.6656565656565657,凌華
30.299999237060547,32.400001525878906,29.799999237060547,31.049999237060547,6616824.0,-0.0921053057195361,31.879999542236327,0.1010637729438139,28.379999828338622,0.3128963948368188,27.51916662851969,0.5257984597058785,24.38999999364217,0.0353885402256121,64.77832567856984,8953136.4,0.7390509542555388,0.0940803180011233,6168.TW,2026-06-30,0.0218009767939126,0.4287608669581171,bull,0.1592592592592592,0.2289156626506024,2026-03-31,2026-05-15,502953000.0,119301000.0,-11310000.0,9301000.0,2206000.0,4900000.0,0.02,2152808000.0,496712000.0,3778323000.0,554367000.0,3223956000.0,336677000.0,16668000.0,,,0.2371787979787119,-8627507.794860767,3281611000.0,-0.0026290464637218,0.0015198718592933,0.001296871654435,0.1719524087797724,0.2372010903603318,-0.0224871906520092,0.0097424610251852,0.0779543101840838,,,27.13023348806351,27.13023348806351,False,78.1412175131954,78.1412175131954,65.38847150691242,735.0,True,True,True,True,True,True,True,True,True,False,True,True,False,True,False,False,False,12,False,0.1283044888750972,0.2730626996783296,1.0,277994878.38929904,0.3037037037037037,1.0,3.0,,,,,,-0.0766592645285915,-0.1983515949538007,0.1932210145329716,-1.5308523071934546,0.3585858585858585,-1.5308523071934546,0.3199541540978386,-735.0,0.1818181818181818,0.2828282828282828,0.2525252525252525,0.1924242424242424,0.2262626262626262,宏齊
107.0,113.0,105.5,106.5,39464709.0,0.0746720649830416,102.14000091552734,0.1070686421882054,99.22000007629394,0.172907449565755,99.0733336130778,-0.0858369098712446,102.32583351135254,0.0133796406648663,61.58038243434667,12360083.05,3.192916167339183,0.0733723031456177,6191.TW,2026-06-30,0.0218009767939126,0.4287608669581171,bull,0.1546296296296296,0.3345690454124189,2026-03-31,2026-05-15,9340071000.0,1538182000.0,766499000.0,1184180000.0,385652000.0,795802000.0,1.59,32786061000.0,24060815000.0,62089575000.0,34240746000.0,27848829000.0,12101090000.0,11682616000.0,8325925000.0,,0.3256700839399415,516873206.3301187,38028760000.0,0.0135916397571237,0.0285757796135701,0.0128169986668454,1.2295219307066736,0.1646863284015721,0.0820656502504103,0.0852029925682577,0.8088843045231642,,,47.27973422077915,47.27973422077915,False,77.46637419977249,77.46637419977249,69.91971420502415,402.0,True,True,True,True,True,True,True,True,True,False,True,True,False,True,False,False,False,12,False,0.0749613050866584,0.0407928901765002,1.0,1316348844.825,0.137037037037037,2.0,3.0,,,,,,-0.0553772346758304,-0.1643069192409978,0.1735718122188466,-0.8676972088245236,0.5181818181818182,-0.8676972088245236,0.5630678408585386,-402.0,0.4545454545454545,0.4646464646464646,0.5959595959595959,0.4757575757575757,0.4858585858585858,精成科
547.0,565.0,544.0,554.0,2132501.0,0.0363834019917819,543.2,0.0799220272904484,529.7932830810547,0.9785714285714286,440.6977610270182,1.0330275229357797,362.06554718017577,0.0182589326230452,56.9496273777313,2133420.45,0.9995690254117512,0.0456908716889901,6196.TW,2026-06-30,0.0218009767939126,0.4287608669581171,bull,0.1907407407407407,0.0611677479147358,2026-03-31,2026-05-15,14308544000.0,1941121000.0,1179768000.0,1386251000.0,277186000.0,1112712000.0,5.08,46337341000.0,36023511000.0,57381180000.0,39725563000.0,17655617000.0,12671163000.0,1883857000.0,1404012000.0,0.0,0.1999536880406218,943869037.3676916,21357669000.0,0.0441934481411661,0.0630231160995393,0.0193915844881544,2.2500240574996613,0.1356616717955369,0.0824519951156455,0.0777655644068327,0.0790146048289421,,,51.54752142541584,51.54752142541584,False,77.05574269591554,77.05574269591554,70.67868737829062,345.0,True,True,True,True,True,True,True,True,True,True,True,True,True,True,False,False,False,14,False,0.2570973782778885,0.53010968404655,1.0,1181914929.3000002,0.1453703703703703,3.0,3.0,,,,,,-0.0117483778424419,-0.144781584869235,0.2420187485997271,-1.3897921679355585,0.6590909090909091,-1.3897921679355585,0.6826032421594219,-345.0,0.5151515151515151,0.5050505050505051,0.7777777777777778,0.5545454545454546,0.5646464646464646,帆宣
229.5,239.5,227.5,237.0,10761472.0,0.0,233.2,0.0797266514806378,223.325,0.5192307692307692,205.875,1.3465346534653464,167.85833333333332,0.0043849786372835,63.90243902439024,10951693.45,0.9826308642705848,0.0612336281204524,6257.TW,2026-06-30,0.0218009767939126,0.4287608669581171,bull,0.1925925925925926,0.1306765523632993,2026-03-31,2026-05-15,5293776000.0,1675935000.0,1184017000.0,1379715000.0,258007000.0,1005655000.0,2.1,19127174000.0,10312177000.0,43878954000.0,19347117000.0,24531837000.0,11717635000.0,668430000.0,8022848000.0,,0.1870002138122728,962605567.8426342,33566777000.0,0.0286773307977299,0.0409938725746465,0.0229188462423238,0.7886534139290099,0.3165859303453716,0.2236620892157129,0.1899693149086776,0.1299871008670361,,,71.51600240927145,71.51600240927145,False,77.83317850718828,77.83317850718828,76.25388448270907,155.0,True,True,True,True,True,True,True,True,True,True,True,True,True,True,True,False,False,14,False,0.151183970856102,0.4119048801072333,1.0,2595551347.65,0.0805555555555555,2.0,3.0,,,,,,-0.0639717060277783,-0.191331747965066,0.2215477755189711,-1.5138438682755908,0.4439393939393939,-1.5138438682755908,0.3706823008911318,-155.0,0.7474747474747475,0.7373737373737373,0.3434343434343434,0.6868686868686869,0.6636363636363636,矽格
252.0,267.0,249.5,267.0,17492505.0,0.0920245398773005,257.6,0.0924434215573455,241.77625045776367,0.7919463087248322,207.52385431925453,1.007518796992481,177.02859382629396,0.0077303910375345,57.14285714285714,10321966.95,1.6946871739402345,0.10432682901848,6271.TW,2026-06-30,0.0218009767939126,0.4287608669581171,bull,0.1712962962962963,0.0797034291010194,2026-03-31,2026-05-15,2819237000.0,788543000.0,393499000.0,465740000.0,71043000.0,394293000.0,1.89,11855565000.0,4582832000.0,34771625000.0,8286661000.0,26484964000.0,4593272000.0,0.0,3342284000.0,0.0,0.1525378966805513,333475490.1940997,30188793000.0,0.0110463339887122,0.0148874282026586,0.0113395045529221,0.3128817165845496,0.2797008552313977,0.1395764173072359,0.1398580537925687,-0.0307443766240285,,,45.5192454868206,45.5192454868206,False,86.48765373324272,86.48765373324272,76.24555167163719,425.0,True,True,True,True,True,True,True,True,True,True,True,True,True,True,False,False,False,14,False,0.2865990797821602,0.508230926027627,1.0,2755965175.65,0.0787037037037037,2.0,3.0,,,,,,-0.0825407271916382,-0.1955835230295282,0.2150300610317792,-1.6027630047617392,0.355050505050505,-1.6027630047617392,0.3342324435111633,-425.0,0.404040404040404,0.7272727272727273,0.2828282828282828,0.3858585858585858,0.4767676767676767,同欣電
335.5,345.0,330.0,345.0,971985.0,0.0599078341013825,329.8,0.069767441860465,324.025,0.2255772646536411,303.85,0.2321428571428572,293.8541666666667,0.0055861587400107,62.50000000000001,462286.05,2.1025618229232745,0.0647326595170125,6491.TW,2026-06-30,0.0218009767939126,0.4287608669581171,bull,0.2129629629629629,0.2808155699721965,2026-03-31,2026-05-15,1885667000.0,1005547000.0,542809000.0,566411000.0,88526000.0,472275000.0,6.06,6983966000.0,4705377000.0,16639674000.0,5326767000.0,11312907000.0,1204500000.0,831456000.0,457203000.0,,0.1562928686060122,457971824.2848391,11934297000.0,0.0383744282788369,0.0417465643446021,0.0283824671084301,0.4708574904752598,0.5332579930602805,0.2878604758952667,0.2504551439888379,0.1833499738625503,,,86.74813401220891,86.74813401220891,False,76.13042829719662,76.13042829719662,78.78485472594969,52.0,True,True,True,True,True,True,True,True,True,False,True,True,True,True,True,False,False,13,False,0.1354286654599308,0.1740517546969158,1.0,159488687.25,0.3574074074074074,2.0,2.0,,,,,,-0.0113640097560263,-0.1310610323663095,0.2696415376222855,-1.2088873905104267,0.7373737373737375,-1.2088873905104267,0.666104860638759,-52.0,0.9191919191919192,0.8585858585858586,0.7474747474747475,0.8934343434343435,0.8666666666666667,晶碩
148.0,153.5,144.0,151.0,2231102.0,-0.1143695014662756,152.0,0.3078331531901337,133.79895401000977,0.957688065434208,109.35043716430664,1.112518600199747,92.84827206929523,0.0622589164814546,65.09433962264151,3793824.3,0.5880878563617192,0.1285588973192077,6525.TW,2026-06-30,0.0218009767939126,0.4287608669581171,bull,0.0472222222222222,0.0667284522706209,2026-03-31,2026-05-15,1357265000.0,354799000.0,259528000.0,263032000.0,54316000.0,208716000.0,1.62,4515911000.0,2461742000.0,7258717000.0,2873578000.0,4385139000.0,1712193000.0,,,,0.2064995894035706,205935574.5612701,4796975000.0,0.0429302997329087,0.0475962107472533,0.0287538417601898,0.6552991820783788,0.2614073154468729,0.1912139486393593,0.1537768969213823,0.1176875549161651,,,76.8341855135769,76.8341855135769,False,87.36585577918835,87.36585577918835,84.73293821278548,101.0,True,True,True,True,True,True,True,True,True,True,True,True,False,True,True,False,False,13,False,0.380881539349605,0.626309210012056,1.0,572867469.3,0.2212962962962963,2.0,3.0,,,,,,-0.0641460434529785,-0.1801819667859338,0.3055280023584615,-1.2520615736952667,0.6,-1.2520615736952667,0.5943062561067787,-101.0,0.8585858585858586,0.9292929292929292,0.6464646464646465,0.8267676767676767,0.8373737373737374,捷敏-KY
810.0,817.0,761.0,761.0,1714569.0,0.0688202247191012,780.8,0.1743827160493827,700.6,0.3257839721254356,659.0833333333334,0.3469026548672567,630.125,0.0481747456612807,67.71428571428572,1137902.65,1.5067800395754418,0.0862118184413358,6691.TW,2026-06-30,0.0218009767939126,0.4287608669581171,bull,0.0842592592592592,0.216867469879518,2026-03-31,2026-05-15,6977227000.0,1283352000.0,1098330000.0,1100675000.0,233735000.0,866940000.0,7.19,21151608000.0,15975842000.0,22175970000.0,16220137000.0,5955833000.0,7596288000.0,0.0,,,0.2123560542394439,865092974.9471915,6200128000.0,0.1395282444083721,0.1455615024800057,0.0390936676050698,2.723403594425834,0.1839343911270193,0.1574164062599654,0.1242528012919746,0.7680019541905503,,,72.9382876924978,72.9382876924978,False,80.99770321482346,80.99770321482346,78.98284933424205,138.0,True,True,True,True,True,True,True,True,True,False,True,True,True,True,True,False,False,13,False,0.1546339613099001,0.2076968855385836,1.0,865943916.65,0.1685185185185185,3.0,3.0,,,,,,0.0107192552053487,-0.0278954759448504,0.4151469236207699,-0.8667817721006682,0.9464646464646465,-0.8667817721006682,0.9442733945142482,-138.0,0.7676767676767676,0.8686868686868687,0.9696969696969696,0.797979797979798,0.8383838383838383,洋基工程
321.0,341.0,313.0,332.0,4527905.0,0.0358814352574103,321.1,0.1188795998970697,296.9996994018555,0.7069408740359897,264.16198984781903,0.8292011019283747,228.00182825724283,0.0192656148379211,69.52600693940035,2592588.9,1.7464801303438429,0.1178462492340348,8016.TW,2026-06-30,0.0218009767939126,0.4287608669581171,bull,0.1361111111111111,0.0954587581093605,2026-03-31,2026-05-15,5328772000.0,1669417000.0,614352000.0,795608000.0,114691000.0,541690000.0,4.6,16315655000.0,7568958000.0,23295165000.0,7934322000.0,15360843000.0,6140979000.0,0.0,,,0.1441551618384933,525789988.014198,15726207000.0,0.0334339989302059,0.0352643406354716,0.0232533231681338,0.5165290733067189,0.3132836233188434,0.1152896014316244,0.1016538144247868,0.2299945941628962,,,70.50462844759238,70.50462844759238,False,82.65670968679204,82.65670968679204,79.61868937699212,160.0,True,True,True,True,True,True,True,True,True,True,True,True,True,True,True,False,False,14,False,0.2568045849111817,0.4561286746587898,1.0,860739514.8,0.1694444444444444,2.0,3.0,,,,,,-0.0168759594989262,-0.121885612747161,0.2468173521784441,-1.4436467041971317,0.6626262626262627,-1.4436467041971317,0.6706946856779175,-160.0,0.7373737373737373,0.8787878787878788,0.7676767676767676,0.7419191919191919,0.7858585858585858,矽創
315.0,316.5,306.0,313.0,1201255.0,-0.0157232704402515,315.5,0.0793103448275862,294.475,0.3491379310344826,269.0833333333333,0.4904761904761905,249.84166666666667,0.0241718111468569,64.17445482866043,1462150.45,0.8215673017780079,0.0629085660921979,8081.TW,2026-06-30,0.0218009767939126,0.4287608669581171,bull,0.1944444444444444,0.2038924930491195,2026-03-31,2026-05-15,2111258000.0,836287000.0,370522000.0,438111000.0,35852000.0,395524000.0,4.62,8526362000.0,3289967000.0,12402096000.0,3675700000.0,8726396000.0,5153501000.0,,,,0.0818331427423643,340201020.28481364,9112129000.0,0.0373349653286091,0.0453250116084578,0.0318917060471068,0.4212162730180936,0.3961083865638401,0.1754982100719097,0.1873404387336839,-0.0216104520571243,,,76.58455198143469,76.58455198143469,False,75.78456281627692,75.78456281627692,75.98456010756635,105.0,True,True,True,True,True,True,True,True,True,False,True,True,True,True,True,False,False,13,False,0.1632084236605762,0.2527934358427004,1.0,457653090.85,0.2490740740740741,2.0,3.0,,,,,,-0.0161914331862475,-0.0988534693816193,0.2459168915968029,-1.536687572653952,0.6535353535353535,-1.536687572653952,0.6699807650474785,-105.0,0.8383838383838383,0.7070707070707071,0.7575757575757576,0.8262626262626263,0.7828282828282828,致新
93.0999984741211,93.6999969482422,90.4000015258789,92.4000015258789,21152296.0,-0.0354906202251578,93.31999969482422,0.0109409188545457,94.54500007629396,0.2062663624868839,87.80666694641113,0.2436069681115966,82.75499998728434,0.0168315741662892,52.325589303948135,34996618.5,0.6044097088980183,-0.0226875937245133,8112.TW,2026-06-30,0.0218009767939126,0.4287608669581171,bull,0.4037037037037037,0.2984244670991658,2026-03-31,2026-05-15,110164542000.0,4238620000.0,3418168000.0,2892239000.0,712333000.0,2102790000.0,3.91,110827396000.0,76135974000.0,112891822000.0,92125380000.0,20766442000.0,14855353000.0,53437429000.0,11508327000.0,2798432000.0,0.2462911951605659,2576303318.0203986,36755848000.0,0.0700923379055327,0.101259040908404,0.0186265928102391,4.4362621194328815,0.0384753562539206,0.0310278419711489,0.0190877206206693,1.3784680054727554,,,52.60217451052254,52.60217451052254,False,55.790043104685445,55.790043104685445,54.99307595614472,327.0,True,False,False,True,False,True,True,True,False,False,True,True,False,True,False,False,False,8,False,0.0523119113753756,0.116548867622217,1.0,3233687602.800602,0.0657407407407407,1.0,3.0,,,,,,0.0177270297433397,-0.0881367369527306,0.1854789044982362,0.1525799861686717,0.7671717171717172,0.1525799861686717,0.7027496389705306,-327.0,0.5454545454545454,0.0505050505050505,0.7878787878787878,0.5818181818181818,0.4454545454545454,至上
77.19999694824219,77.69999694824219,76.0999984741211,76.30000305175781,7595506.0,-0.071776084130506,77.88000030517578,0.1354167636424821,75.15500030517578,0.7479954269078686,59.455833435058594,0.8541919859656226,51.69646596908569,0.0324907287763455,56.08696315599525,12274886.85,0.6187841967765267,0.0152352171104066,8926.TW,2026-06-30,0.0218009767939126,0.4287608669581171,bull,0.1166666666666666,0.0843373493975903,2026-03-31,2026-05-15,13705478000.0,1167742000.0,1158449000.0,2000219000.0,215282000.0,1543873000.0,2.11,25838478000.0,15258593000.0,79198716000.0,50673668000.0,28525048000.0,9791059000.0,,27061536000.0,6097731000.0,0.1076292146010012,1033766043.9746848,63940123000.0,0.0161677206028315,0.0541234146214232,0.019493661993207,1.776462146531708,0.0852025737446005,0.0845245236977506,0.1126464177316544,5.978828992827919,,,50.60223107136166,50.60223107136166,False,75.20223786425552,75.20223786425552,69.05223616603206,359.0,True,True,True,True,True,True,True,True,True,True,True,True,False,True,False,False,False,13,False,0.2833055840533709,0.4759229982448887,1.0,936573904.1149818,0.1574074074074074,1.0,3.0,,,,,,-0.0616762978880485,-0.1564359194143292,0.210608044130698,-1.1439203087434084,0.5424242424242424,-1.1439203087434084,0.5073960386384166,-359.0,0.5050505050505051,0.4343434343434343,0.5454545454545454,0.5111111111111111,0.4919191919191919,台汽電
76.80000305175781,80.0,76.0999984741211,78.30000305175781,3612879.0,0.0859917435346699,74.84000091552734,0.1514706331140853,72.05999984741212,0.1954198939199665,65.45000006357829,-0.0554885209825372,71.8200000445048,0.0295021096019891,76.7955950148436,2164914.7,1.668832032966472,0.086594549230627,9914.TW,2026-06-30,0.0218009767939126,0.4287608669581171,bull,0.1074074074074074,0.3104726598702502,2026-03-31,2026-05-15,5323065000.0,883503000.0,277586000.0,414150000.0,86163000.0,325661000.0,1.09,16669153000.0,11726544000.0,36194817000.0,15729956000.0,20464861000.0,3921684000.0,5780249000.0,308878000.0,,0.2080478087649402,219834840.9561753,24468273000.0,0.0089844853764781,0.0159131791806453,0.0089974484468314,0.7686324378162158,0.1659763688777048,0.0521477757645266,0.0611792266297706,-0.2965963236341542,,,27.385384545181456,27.385384545181456,False,75.65857344218651,75.65857344218651,63.59027621793525,725.0,True,True,True,True,True,True,True,False,True,False,True,True,True,True,False,False,False,12,False,0.1963331241512147,0.0902256057259474,1.0,169512827.61679536,0.3509259259259259,1.0,3.0,,,,,,-0.028459910204528,-0.0995079008143464,0.175623384611925,-1.923809265021908,0.4717171717171717,-1.923809265021908,0.5164230239851981,-725.0,0.202020202020202,0.2222222222222222,0.5555555555555556,0.255050505050505,0.2787878787878788,美利達
41.95000076293945,42.09999847412109,41.5,41.84999847412109,3245956.0,-0.0334873161313684,42.46000061035156,0.0554854190057541,42.160000038146975,0.178873196454115,38.94249992370605,0.3391999511718748,35.73499999046326,0.0170677299787715,55.37634673236152,6418276.05,0.5057364274632594,-0.0073529782672057,9933.TW,2026-06-30,0.0218009767939126,0.4287608669581171,bull,0.2462962962962963,0.3253012048192771,2026-03-31,2026-05-15,17199079000.0,2244665000.0,1663896000.0,1662544000.0,521286000.0,892046000.0,1.0,85054850000.0,82656832000.0,140062416000.0,114248656000.0,25813760000.0,42421531000.0,1206000000.0,17821605000.0,10618678000.0,0.3135471903300003,1142186084.198674,57405584000.0,0.0198967766654664,0.0345569959587444,0.0063689176973785,4.425882010214707,0.1305107674660951,0.0967433198021824,0.0518659167737993,-0.2275882612996864,,,23.64577886729635,23.64577886729635,False,63.23007735991976,63.23007735991976,53.33400273676391,797.0,True,False,True,True,False,True,True,True,True,False,True,True,False,True,False,False,False,10,False,0.0746613226195349,0.1711207075777183,1.0,268604842.8989879,0.3064814814814814,1.0,3.0,,,,,,0.0490133156634514,-0.0447606582769146,0.3303760056284424,-0.4333100769161557,0.9575757575757576,-0.4333100769161557,0.9568692734082322,-797.0,0.1515151515151515,0.0303030303030303,0.98989898989899,0.2772727272727273,0.2828282828282829,中鼎
829.0,873.0,803.0,873.0,2176509.0,0.0518072289156625,839.4,0.1456692913385826,767.45,1.1608910891089108,643.0416666666666,2.408847750454371,465.8201371510824,0.0174333819435239,60.3411513859275,1393094.45,1.5623556608096458,0.1375333897973809,6831.TW,2026-06-30,0.0218009767939126,0.4287608669581171,bull,0.1111111111111111,0.0407784986098239,2026-03-31,2026-05-15,854383000.0,155509000.0,55957000.0,55735000.0,11147000.0,44588000.0,0.66,3596183000.0,2191667000.0,5114412000.0,2438729000.0,2675683000.0,1447373000.0,496322000.0,,,0.2,44765600.0,2922745000.0,0.0153162865730674,0.0166641564041779,0.0087181087483761,0.9114416767606626,0.1820132188959752,0.065494046580983,0.0521873679602707,0.5068217491754996,,,44.89172928329525,44.89172928329525,False,94.60144735919869,94.60144735919869,82.17401784022282,433.0,True,True,True,True,True,True,True,True,True,True,True,True,True,True,False,False,False,14,False,0.3576103155575716,0.8741139130205839,1.0,1216171454.85,0.1425925925925926,3.0,3.0,,,,,,-0.1782877838021456,-0.3549889086581038,0.1544288734766028,-2.100759092729706,0.0681818181818181,-2.100759092729706,0.0644349621419402,-433.0,0.3939393939393939,0.898989898989899,0.0303030303030303,0.3393939393939393,0.4727272727272727,邁科
265.5,279.0,262.0,270.0,4081592.0,-0.0270270270270269,278.1,0.108829568788501,248.825,0.656441717791411,212.3583333333333,0.3846153846153846,197.91666666666663,0.0253425363140001,64.22018348623854,3610853.45,1.1303676697263911,0.0850999698583341,6719.TW,2026-06-30,0.0218009767939126,0.4287608669581171,bull,0.149074074074074,0.1056533827618165,2026-03-31,2026-05-15,979142000.0,408002000.0,180566000.0,268352000.0,47304000.0,221048000.0,2.1,14908994000.0,1017284000.0,17038124000.0,2715804000.0,14322320000.0,1259784000.0,,,1574570000.0,0.1762759360839494,148736559.32506558,16020840000.0,0.0092839426225507,0.0154338123991085,0.0129737287978418,0.1896203966955074,0.4166933907441413,0.1844124754121465,0.2257568360871048,0.0001000976462752,,,56.08528559586582,56.08528559586582,False,82.48652295993732,82.48652295993732,75.88621361891944,300.0,True,True,True,True,True,True,True,True,True,True,True,True,True,True,False,False,False,14,False,0.2714358592002512,0.3642105263157895,1.0,974930431.5,0.1555555555555555,2.0,3.0,,,,,,-0.0563520687332404,-0.1650799421881092,0.1636165448342247,-1.602931226590244,0.3767676767676767,-1.602931226590244,0.3483895110369787,-300.0,0.5656565656565656,0.696969696969697,0.2929292929292929,0.5247474747474747,0.5505050505050505,力智
174.0,186.5,173.5,185.5,6129707.0,0.0691642651296831,174.8,0.0753623188405796,170.375,0.2491582491582491,161.825,0.2662116040955631,160.1125,0.0151943989274542,65.38461538461539,1701856.6,3.6017764363930542,0.0887747615553924,2645.TW,2026-06-30,0.0218009767939126,0.4287608669581171,bull,0.2018518518518518,0.2669138090824838,2026-03-31,2026-05-15,4739309000.0,1305235000.0,1129183000.0,1207034000.0,241407000.0,,2.58,13801123000.0,5763087000.0,24644332000.0,11985704000.0,12658628000.0,5852316000.0,,4064780000.0,,0.2000001656954153,903346212.8995538,18881245000.0,0.0478435724391878,,,0.9468406844722824,0.2754061826312654,0.2382589951404308,,0.1311939511921276,,,76.79149551810622,76.79149551810622,False,74.79770114187018,74.79770114187018,75.29614973592919,102.0,True,False,True,True,True,True,True,True,True,False,True,True,False,True,True,False,False,11,False,0.1463000154487874,0.1585603872277303,1.0,315694399.3,0.287037037037037,2.0,3.0,,,,,,0.0422463923172279,-0.033019923373259,0.3448933857511322,-1.3753306314363238,0.8919191919191919,-1.3753306314363238,0.6490687689217101,-102.0,0.8484848484848485,0.6868686868686869,0.7272727272727273,0.8303030303030303,0.7757575757575759,長榮航太
18.299999237060547,18.950000762939453,18.100000381469727,18.799999237060547,4729496.0,0.1091444478377869,18.269999694824214,0.429657778131689,16.314999961853026,0.3428570883614676,14.5774999777476,0.1393938931551845,15.35291665395101,0.0955178741620064,70.58821466968813,4892116.75,0.966758612210144,0.1523137775677494,6901.TW,2026-06-30,0.0218009767939126,0.4287608669581171,bull,0.0203703703703703,0.2085264133456904,2026-03-31,2026-05-15,-336282000.0,-336282000.0,-368333000.0,-355932000.0,,,-0.42,3753329000.0,61616000.0,8991685000.0,124302000.0,8867383000.0,2733439000.0,,,,,-294666400.0,8930069000.0,-0.0329971022620317,,,0.0140178900584309,,,,-0.3844968362944836,,,33.33333333333333,33.33333333333333,False,79.17572855524662,79.17572855524662,67.7151297497683,623.0,True,True,True,True,True,True,True,True,True,False,False,False,True,False,False,False,False,10,False,0.2896586702629771,0.2245229789756231,1.0,91971791.16761112,0.425,0.0,3.0,,,,,,-0.0597559712550538,-0.1782433016044817,0.1812069080707057,-1.5809781902676567,0.3898989898989899,-1.5809781902676567,0.4315697113410528,-623.0,0.2929292929292929,0.3939393939393939,0.4343434343434343,0.3141414141414141,0.3515151515151515,鑽石投資
2195.0,2230.0,2110.0,2230.0,197622.0,-0.0766045548654243,2193.0,0.3808049535603715,1967.75,5.0845839017735335,1200.6083333333331,16.91164658634538,724.8791666666667,0.1143989806031431,57.89473684210526,385787.55,0.5122560331457042,0.1332740439588362,7610.TW,2026-06-30,0.0218009767939126,0.4287608669581171,bull,0.0268518518518518,0.0009267840593141,2026-03-31,2026-05-15,1001764000.0,740089000.0,667242000.0,666352000.0,140963000.0,525047000.0,10.87,2527668000.0,1267996000.0,4013567000.0,1876768000.0,2136799000.0,206574000.0,620705000.0,569903000.0,,0.2115443489326962,526090725.5294499,2745571000.0,0.1916143219495871,0.2457166069433765,0.1308180478860823,0.8783081609454142,0.7387857818807624,0.6660670577101993,0.5241224480017249,4.837751528254497,,,96.94016846060627,96.94016846060627,True,90.72098244530078,90.72098244530078,92.27577894912716,12.0,True,True,True,True,True,True,True,True,True,True,True,True,False,True,True,True,True,14,False,0.8573917389101358,2.076374798098533,1.0,860306236.5,0.1703703703703703,3.0,0.0,,,,,,-0.1109923765969458,-0.3160200010840814,0.2207718707902054,-1.7887318451557557,0.2318181818181818,-1.7887318451557557,0.1968438115938116,-12.0,0.9595959595959596,0.98989898989899,0.1616161616161616,0.8398989898989899,0.8090909090909091,聯友金屬-創
56.5,56.5,55.0,55.09999847412109,724982.0,-0.102605910345173,56.88000030517578,0.0435605922404287,50.78500022888184,0.2746805121125293,53.35776863098145,0.4269295180018271,48.35347429911295,0.0227383651292529,63.15789217513874,1328099.65,0.545879219228768,0.0849659983418742,6909.TW,2026-06-30,0.0218009767939126,0.4287608669581171,bull,0.2796296296296296,0.2511584800741427,2026-03-31,2026-05-15,101504000.0,58358000.0,2788000.0,6753000.0,1981000.0,,0.07,1107946000.0,204063000.0,1236320000.0,224217000.0,1012103000.0,203860000.0,,,,0.2933511032133866,1970137.124241078,1032257000.0,0.0019085723073237,,,0.2215357527840545,0.5749330075662042,0.0274668978562421,,-0.2216368753211101,,,41.7839414710221,41.7839414710221,False,65.01499099870401,65.01499099870401,59.20722861678353,482.0,True,False,True,True,True,False,True,True,True,False,True,True,False,True,False,False,False,10,False,0.0326518497276147,0.1395251173323008,1.0,73178288.68848075,0.4564814814814815,1.0,3.0,,,,,,-0.0267552295105049,-0.1497948035202831,0.2247334945023423,-1.5382060364556398,0.5691919191919192,-1.5382060364556398,0.6651250862033995,-482.0,0.3535353535353535,0.101010101010101,0.7373737373737373,0.4111111111111111,0.3545454545454545,創控
998.0,998.0,970.0,977.0,531542.0,-0.0783018867924528,987.2,0.048283261802575,975.0,0.2061728395061728,938.9333333333332,0.4262773722627737,838.475,0.012829169480081,58.16993464052288,757860.85,0.701371498474951,0.0020512820512821,6944.TW,2026-06-30,0.0218009767939126,0.4287608669581171,bull,0.2675925925925926,0.29935125115848,2026-03-31,2026-05-15,4706862000.0,1277717000.0,1059601000.0,1065706000.0,292637000.0,773069000.0,10.08,14742669000.0,8305817000.0,17618791000.0,8758959000.0,8859832000.0,7117376000.0,1066667000.0,108500000.0,,0.2745944941663085,768640399.3868853,9312974000.0,0.0825343654333068,0.0872554919777259,0.0438775282594588,0.9886145696667836,0.2714583516576436,0.2251183484878035,0.1642429712194663,0.5484097000990853,,,89.06912245037437,89.06912245037437,True,66.5148640481147,66.5148640481147,72.15342864867962,38.0,True,False,True,True,True,True,True,True,True,False,True,True,False,True,True,True,False,11,False,0.040542459528543,0.1652106502877246,1.0,740430050.4499999,0.187037037037037,3.0,2.0,,,,,,-0.0304518083346946,-0.0808319116310845,0.3102479772776703,-1.0783731413554267,0.7919191919191919,-1.0783731413554267,0.8027924612434753,-38.0,0.9494949494949496,0.5555555555555556,0.8383838383838383,0.9328282828282828,0.8090909090909091,兆聯實業
870.0,882.0,854.0,871.0,125761.0,0.0456182472989195,865.6,0.3524844720496893,775.15,0.5280701754385966,733.7166666666667,1.4261838440111418,626.2666666666667,0.0681411051398648,70.31630170316302,228358.9,0.5507164380280339,0.1236534864219829,6949.TW,2026-06-30,0.0218009767939126,0.4287608669581171,bull,0.0379629629629629,0.1288229842446709,2026-03-31,2026-05-15,6368000.0,-1205000.0,-88755000.0,-87174000.0,0.0,-76584000.0,-1.18,2495035000.0,259818000.0,3291024000.0,368950000.0,2922074000.0,2248325000.0,100000000.0,,,-0.0,-88755000.0,3031206000.0,-0.0292804250189528,-0.026208781844676,-0.0232705686740661,0.1262630583619716,-0.1892273869346733,,,-0.4668452779638312,,,16.666666666666664,16.666666666666664,False,80.64053650499434,80.64053650499434,64.64706904541242,923.0,True,True,True,True,True,True,True,True,True,True,True,True,False,True,False,False,False,13,False,0.1871067396588146,0.3907813497977432,1.0,198900601.9,0.337037037037037,3.0,3.0,,,,,,-0.1467362851543689,-0.341871681352789,0.0779783384872263,-1.8069570104142596,0.0757575757575757,-1.8069570104142596,0.0646708240946045,-923.0,0.0808080808080808,0.2727272727272727,0.0404040404040404,0.0747474747474747,0.1303030303030302,沛爾生醫-創
277.0,278.0,257.0,257.0,3583798.0,-0.0771992818671454,258.8,0.3562005277044855,251.8,0.8690909090909091,198.9333333333333,0.9543726235741444,177.65416666666667,0.0754938601174586,57.05128205128205,3403231.75,1.0530572888549243,0.0206513105639396,7788.TW,2026-06-30,0.0218009767939126,0.4287608669581171,bull,0.0361111111111111,0.0704355885078776,2026-03-31,2026-05-15,1857129000.0,500235000.0,178905000.0,229341000.0,52857000.0,177273000.0,2.22,6568822000.0,3373457000.0,11007682000.0,5034895000.0,5972787000.0,2088365000.0,643000000.0,1079805000.0,,0.2304733998718066,137672156.39593443,7634225000.0,0.0180335471375201,0.0296801141577625,0.0161044804891711,0.842972468296626,0.2693593175272153,0.0963341803396533,0.0954554045518647,0.1444346257089825,,,52.52291879760674,52.52291879760674,False,79.93139918729135,79.93139918729135,73.0792790898702,330.0,True,True,True,True,True,True,True,True,True,True,True,True,True,True,False,False,False,14,False,0.2918900804289543,0.4466308605202054,1.0,874630559.75,0.1657407407407407,2.0,3.0,,,,,,-0.0503282227461983,-0.1680108753341304,0.3370124644889429,-1.451675385986519,0.6272727272727273,-1.451675385986519,0.630943799232851,-330.0,0.5252525252525253,0.5757575757575758,0.6868686868686869,0.5494949494949495,0.5727272727272728,松川精密
408.5,432.5,408.5,410.0,1353003.0,-0.0341578327444052,402.3,0.2424242424242424,370.3,0.1781609195402298,359.03333333333336,-0.1546391752577319,396.67083333333335,0.0558882235528942,61.00478468899522,814693.7,1.6607505372878175,0.1072103699702944,7799.TW,2026-06-30,0.0218009767939126,0.4287608669581171,bull,0.0601851851851851,0.3280815569972196,2026-03-31,2026-05-15,2885000.0,-17000.0,-88494000.0,-57578000.0,0.0,-57578000.0,-0.37,10455995000.0,34213000.0,11666612000.0,290333000.0,11376279000.0,2207595000.0,,,,-0.0,-88494000.0,11632399000.0,-0.0076075450988226,-0.0050612331149754,-0.0049352802681703,0.0255209106598036,-0.0058925476603119,,,11.59825327510917,,,33.33333333333333,33.33333333333333,False,88.41503221853421,88.41503221853421,74.64460749723399,624.0,True,True,True,True,True,True,True,True,True,False,True,True,True,True,False,False,False,13,False,0.1419552502088941,0.033602588208107,1.0,334024417.0,0.2824074074074074,2.0,3.0,,,,,,-0.140630038255364,-0.3051626250085188,0.1417392398363894,-2.1056454052861446,0.0924242424242424,-2.1056454052861446,0.0901936026936026,-624.0,0.2828282828282828,0.6666666666666666,0.0606060606060606,0.2494949494949495,0.3535353535353535,禾榮科
