Open,High,Low,Close,Volume,ret5,ma5,ret20,ma20,ret60,ma60,ret120,ma120,ma20_slope,rsi14,volume_ma20,volume_ratio,ma20_deviation,symbol,date,benchmark_ret20,benchmark_ret60,market_regime,rs20_rank_pct,rs60_rank_pct,period_date,as_of_date,revenue,gross_profit,operating_income,pretax_income,tax_expense,net_income_parent,eps,current_assets,current_liabilities,assets,liabilities,equity,cash,short_borrowings,long_borrowings,bonds_payable,tax_rate,nopat,invested_capital_proxy,roic_proxy,roe,roa,debt_to_equity,gross_margin,operating_margin,net_margin,revenue_growth,pe,pb,eva_like_score,fundamental_score,fundamental_pass,technical_score,score,final_score,fundamental_rank,pass_market,pass_score,pass_rs20,pass_rs60,pass_close_ma20,pass_ma20_ma60,pass_ma20_slope,pass_rsi,pass_ret20_benchmark,pass_ret60_benchmark,pass_ret5_cap,pass_ret20_cap,pass_volume_ratio,pass_ma20_deviation,pass_fundamental_score,pass_fundamental_filter,pass_fundamental_universe,entry_pass_count,entry_all_pass,close_ma60_ratio,close_ma120_ratio,above_ma120,turnover20,liquidity_rank,price_bucket,eva_rank_bucket,forward_60d_return,forward_60d_max_drawdown,reward_60,fwd60_rank_label,top_quantile_60,reg_forward60,reg_reward60,cls_topq60,rank_forward60,ensemble_score,ranker_score,stable_ensemble_score,fundamental_rank_score,fundamental_score_rank,final_score_rank,stable_ml_rank,fund_ml_85_15,fund_final_ml,name
16.299999237060547,16.600000381469727,16.049999237060547,16.600000381469727,275313.0,0.050632922853,16.27999954223633,0.0310558998852865,16.04499969482422,0.1942446645351017,15.528173828125,0.0091185174208752,15.439920242627462,0.0065871943046378,70.96775781351418,275456.0,0.9994808608271376,0.0345902584731452,1110.TW,2026-08-13,0.0089218429760831,0.1535134805215372,neutral,0.2083333333333333,0.1564814814814814,2026-03-31,2026-05-15,582643000.0,83497000.0,44070000.0,33666000.0,8657000.0,25695000.0,0.05,2827051000.0,1931603000.0,12789768000.0,3130316000.0,9659452000.0,402347000.0,1166000000.0,483161000.0,,0.2571437058159567,32737676.884690788,10858165000.0,0.0030150284955782,0.0026600887917865,0.0020090278416309,0.3240676593247732,0.1433073082487904,0.0756380836979076,0.0441007615297875,-0.2132017328270251,,,22.850230007474945,22.850230007474945,False,67.72048450239174,67.72048450239174,56.50292087866254,812.0,True,False,True,True,True,True,True,True,True,True,True,True,True,True,False,False,False,13,False,0.0690246364581137,0.0751351121386914,1.0,4572569.705078125,0.7546296296296297,0.0,3.0,,,,,,0.0569633308903181,0.0332849878916223,0.1690173952341355,-1.723344507228788,0.4929133858267717,-1.723344507228788,0.4125522453075718,-812.0,0.1653543307086614,0.1259842519685039,0.3543307086614173,0.1937007874015748,0.1913385826771653,東泥
21.600000381469727,21.950000762939453,21.450000762939453,21.700000762939453,118932.0,0.0931990098698805,21.280000305175783,0.0742574229379249,20.247500133514407,0.139400313726794,19.98498608271281,0.222321685462139,19.56130347251892,0.0142767707844925,77.4193131589569,79579.5,1.4945054945054943,0.0717372821260444,1323.TW,2026-08-13,0.0089218429760831,0.1535134805215372,neutral,0.1268518518518518,0.212037037037037,2026-03-31,2026-05-15,530894000.0,98916000.0,23645000.0,38156000.0,5647000.0,32509000.0,0.36,2570405000.0,691151000.0,4744350000.0,2167294000.0,2577056000.0,950712000.0,,1220000000.0,,0.1479976936785826,20145594.532969914,4053199000.0,0.004970294952942,0.0126147821389989,0.0068521504526436,0.8409960823513343,0.1863196796347293,0.0445380810481941,0.0612344460476102,0.0092658073837497,,,28.08704419011924,28.08704419011924,False,75.99250448323468,75.99250448323468,64.01613940995583,716.0,True,True,True,True,True,True,True,False,True,False,True,True,True,True,False,False,False,12,False,0.0858151550933601,0.1093330663483198,1.0,1726875.2107143402,0.8759259259259259,0.0,3.0,,,,,,0.0731850975496969,0.027626919640832,0.26841038552255,-0.9767549481420084,0.7913385826771653,-0.9767549481420084,0.7162331156513557,-716.0,0.2677165354330709,0.4094488188976378,0.8031496062992126,0.3480314960629921,0.4173228346456693,永裕
46.900001525878906,46.900001525878906,45.650001525878906,46.09999847412109,140904.0,0.0233074196413471,45.50999984741211,0.0418078751213804,44.65500030517578,0.1396785563563745,44.09166660308838,0.0549198551322909,42.75916659037272,0.0061398081790675,72.15191584867905,101859.25,1.3833206115301262,0.0323591570724459,1339.TW,2026-08-13,0.0089218429760831,0.1535134805215372,neutral,0.187037037037037,0.2111111111111111,2026-03-31,2026-05-15,394676000.0,97156000.0,-1039000.0,239290000.0,15507000.0,206388000.0,2.78,1829193000.0,837135000.0,5225726000.0,1066079000.0,4159647000.0,705809000.0,,152479000.0,,0.0648042124618663,-971668.4232521208,4388591000.0,-0.0002214078330042,0.0496167102641161,0.0394946080219284,0.2562907381323463,0.2461664757928022,-0.0026325390953592,0.5229302009749769,-0.2023637499065291,,,43.397534008094304,43.397534008094304,False,70.00204596323266,70.00204596323266,63.35091797444807,459.0,True,False,True,True,True,True,True,False,True,False,True,True,True,True,False,False,False,11,False,0.0455490124497139,0.0781313610658762,1.0,4695711.269575118,0.7509259259259259,1.0,3.0,,,,,,0.0775322662977559,0.0578140409392394,0.153757724409519,-1.0584734621708023,0.6433070866141732,-1.0584734621708023,0.6241600509495137,-459.0,0.5118110236220472,0.3779527559055118,0.6692913385826772,0.5354330708661417,0.5031496062992126,昭輝
19.14999961853028,19.350000381469727,18.799999237060547,19.350000381469727,381646.0,0.0,19.399999618530277,0.0431267481030877,18.809999847412108,0.2285714527917286,17.79916656812032,-0.0113964994670102,17.727566774686178,0.0073637703105433,65.6862770764013,332463.2,1.1479345683973443,0.028708162596392,1414.TW,2026-08-13,0.0089218429760831,0.1535134805215372,neutral,0.1814814814814815,0.1277777777777777,2026-03-31,2026-05-15,113452000.0,12596000.0,-7033000.0,11377000.0,382000.0,10995000.0,0.06,876335000.0,611698000.0,4159720000.0,1289474000.0,2870246000.0,113194000.0,505000000.0,,,0.033576514019513,-6796856.376900765,3548022000.0,-0.0019156748117403,0.0038306821087809,0.0026432067543007,0.4492555690348492,0.1110249268413073,-0.0619909741564714,0.0969132320276416,-0.1489036091252128,,,15.88871955373819,15.88871955373819,False,74.77927153478689,74.77927153478689,60.05663353952471,937.0,True,False,True,True,True,True,True,True,True,True,True,True,True,True,False,False,False,13,False,0.0871295747143054,0.0915203776922324,1.0,6433163.046824646,0.712037037037037,0.0,3.0,,,,,,0.0348225879606166,0.0014514547081528,0.1939959252952104,-1.7305862974232682,0.4039370078740157,-1.7305862974232682,0.3959210944220207,-937.0,0.0708661417322834,0.2677165354330709,0.3228346456692913,0.1086614173228346,0.1803149606299212,東和
30.549999237060547,31.700000762939453,30.549999237060547,31.5,303445.0,0.0696094799304831,30.45999984741211,0.0260586064227821,30.60986680984497,0.1111110961603087,29.958288860321048,-0.0217391536134718,30.249144474665325,-0.0017121984564358,55.911286264231165,218226.85,1.3905025893926437,0.0290799432642006,1437.TW,2026-08-13,0.0089218429760831,0.1535134805215372,neutral,0.224074074074074,0.2518518518518518,2026-03-31,2026-05-15,173801000.0,106736000.0,81756000.0,164121000.0,25845000.0,138012000.0,0.68,2289494000.0,1297708000.0,13727130000.0,5454839000.0,8272291000.0,555767000.0,882000000.0,3400000000.0,,0.157475277386806,68881451.22196428,12429422000.0,0.0055418064671039,0.0166836490640863,0.0100539588391746,0.6594109177252105,0.6141276517396332,0.4704000552355855,0.7940805864177997,-0.0904852113118288,,,51.0413507613127,51.0413507613127,False,62.00487195869375,62.00487195869375,59.26399165934849,354.0,True,False,True,True,True,True,False,True,True,False,True,True,True,True,False,False,False,11,False,0.0514619225038885,0.0413517653823998,1.0,6874145.775,0.7074074074074074,1.0,3.0,,,,,,0.0103779458940862,-0.0462494099267273,0.0790118842071213,-2.075246462270376,0.1547244094488188,-2.075246462270376,0.1718193172762781,-354.0,0.6141732283464567,0.2362204724409448,0.0787401574803149,0.5338582677165354,0.3937007874015747,勤益控
29.14999961853028,29.14999961853028,28.549999237060547,28.75,106199.0,-0.0051902982875507,28.620000076293945,0.0869564903863142,27.33216495513916,0.1274509803921568,25.694055048624676,-0.0336134453781512,26.547027492523195,0.0372870046283869,66.88374677836748,63154.15,1.681583870576993,0.0518742312285895,1439.TW,2026-08-13,0.0089218429760831,0.1535134805215372,neutral,0.1064814814814814,0.2305555555555555,2026-03-31,2026-05-15,75912000.0,22864000.0,4904000.0,59736000.0,1630000.0,54161000.0,0.59,3556714000.0,2128037000.0,6084300000.0,2619482000.0,3464818000.0,685342000.0,1313697000.0,338000000.0,,0.0272867282710593,4770185.884558725,3956263000.0,0.0012057302268728,0.0156317012899378,0.0089017635553802,0.7560229714807531,0.3011908525661292,0.0646011170829381,0.7134708609969438,-0.4434481696811513,,,31.08546525604612,31.08546525604612,False,78.1471572604992,78.1471572604992,66.38173425938592,659.0,True,True,True,True,True,True,True,True,True,False,True,True,True,True,False,False,False,13,False,0.1189358762403252,0.0829837731586806,1.0,1815681.8125,0.8657407407407407,0.0,3.0,,,,,,0.0516510988779524,0.0207996061326113,0.1413751673027203,-1.7099273627377307,0.4330708661417322,-1.7099273627377307,0.3756275029788513,-659.0,0.3385826771653543,0.5039370078740157,0.2992125984251969,0.3326771653543307,0.3803149606299213,雋揚
13.75,13.949999809265137,13.449999809265137,13.649999618530272,2163424.0,0.0919999694824218,13.419999885559085,0.0186567169490277,12.764999961853029,0.2079645476220635,13.074275064468384,0.0301886504551147,12.927137509981792,0.005874803030717,69.56521558851674,2131142.05,1.015147723259461,0.0693301730765358,1440.TW,2026-08-13,0.0089218429760831,0.1535134805215372,neutral,0.2490740740740741,0.1472222222222222,2026-03-31,2026-05-15,3372657000.0,294268000.0,-129416000.0,-64775000.0,8778000.0,-78150000.0,-0.05,12562200000.0,9846736000.0,45799105000.0,17769583000.0,28029522000.0,4400648000.0,5866840000.0,3989879000.0,,0.0,-129416000.0,35952369000.0,-0.0035996515278311,-0.002788131741954,-0.0017063652226391,0.6339595445116759,0.0872510901642236,-0.0383721202600798,-0.0231716418242353,-0.1955247737019332,,,12.51873256872129,12.51873256872129,False,60.23406146296601,60.23406146296601,48.30522923940484,1002.0,True,False,True,True,True,False,True,True,True,True,True,True,True,True,False,False,False,12,False,0.0440349121632386,0.0559181882292438,1.0,29090088.16953382,0.5138888888888888,0.0,3.0,,,,,,0.0506432108539039,0.0037196061794891,0.1765803048478596,-1.6677643881817783,0.4377952755905512,-1.6677643881817783,0.4349936790445573,-1002.0,0.0472440944881889,0.0078740157480314,0.4173228346456692,0.102755905511811,0.1094488188976378,南紡
10.0,10.050000190734863,9.800000190734863,9.890000343322754,1417707.0,0.1137387630479129,9.672000122070312,0.0600214816930302,9.09400005340576,0.2105263465075793,9.320819600423176,0.1662736883491131,8.955076467990875,0.0115121552954107,64.41949411650413,1155288.15,1.2271457990805152,0.0875302710844923,1455.TW,2026-08-13,0.0089218429760831,0.1535134805215372,neutral,0.1527777777777778,0.1425925925925926,2026-03-31,2026-05-15,1265739000.0,26904000.0,-45175000.0,-32149000.0,-5368000.0,-26781000.0,-0.05,3072494000.0,1880065000.0,9399593000.0,3651618000.0,5747975000.0,484215000.0,608371000.0,1509426000.0,,0.1669725341379203,-37632015.77031945,7519528000.0,-0.0050045715329897,-0.004659206068224,-0.0028491659160135,0.6352877317664047,0.0212555669059735,-0.0356906123616322,-0.0211583904738654,-0.319428201806952,,,12.511705122929076,12.511705122929076,False,72.23948486067036,72.23948486067036,57.30753992623504,1003.0,True,False,True,True,True,False,True,True,True,True,False,True,True,True,False,False,False,11,False,0.061065525061094,0.1044015513070917,1.0,11425800.200136708,0.6388888888888888,0.0,3.0,,,,,,0.0997656548285095,0.0289971079438171,0.1875015609958753,-1.334612678352507,0.6649606299212598,-1.334612678352507,0.6136670225632506,-1003.0,0.0393700787401574,0.1653543307086614,0.6535433070866141,0.1314960629921259,0.1999999999999999,集盛
13.350000381469728,13.5,12.899999618530272,13.5,66000.0,0.0037174863527076,13.479999923706057,0.0671937080713118,13.62000002861023,0.134453817878974,12.59500002861023,0.0465116588536835,12.474583331743876,0.0158493380232367,59.99999046325682,60118.25,1.0978363475317394,-0.0088105747693213,1468.TW,2026-08-13,0.0089218429760831,0.1535134805215372,neutral,0.1416666666666666,0.2222222222222222,2026-03-31,2026-05-15,127625000.0,33061000.0,6858000.0,37576000.0,10255000.0,27394000.0,0.17,2026221000.0,1309595000.0,3251907000.0,1720312000.0,1531595000.0,422483000.0,1024218000.0,318861000.0,,0.2729135618479881,4986358.792846498,1942312000.0,0.002567228536325,0.0178859293742797,0.0084239801445736,1.1232159937842576,0.2590479921645445,0.0537355533790401,0.2146444662095984,-0.4821632894854295,,,27.22145617109853,27.22145617109853,False,74.89862563304986,74.89862563304986,62.97933326756203,730.0,True,False,True,True,False,True,True,True,True,False,True,True,True,True,False,False,False,11,False,0.0718539078470832,0.0822004744356279,1.0,811596.375,0.9472222222222222,0.0,3.0,,,,,,0.1212577030969143,0.0759603205875797,0.259991295392204,-0.9621224994205912,0.8732283464566929,-0.9621224994205912,0.8589750656167979,-730.0,0.2440944881889764,0.3464566929133858,0.9291338582677166,0.3468503937007874,0.4118110236220472,昶和
24.25,24.25,23.25,24.0,39004.0,0.0389610218038019,23.39000015258789,0.0434782608695651,23.070000076293944,0.1374407377298954,22.37152198155721,0.0619468847300623,22.43367772102356,0.0142888546454098,67.12329840879997,12555.7,3.106477536099142,0.0403120901877107,1470.TW,2026-08-13,0.0089218429760831,0.1535134805215372,neutral,0.1796296296296296,0.2175925925925926,2026-03-31,2026-05-15,191305000.0,51630000.0,23476000.0,33194000.0,6523000.0,26671000.0,0.31,639175000.0,186883000.0,1180792000.0,196077000.0,984715000.0,246931000.0,25000000.0,,,0.196511417726095,18862697.95746219,993909000.0,0.0189782947507892,0.0270849941353589,0.0225873820283335,0.1991205577248239,0.2698831708528266,0.1227150361987402,0.1394161156268785,-0.1058090510512195,,,51.74217296976339,51.74217296976339,False,70.72697224660558,70.72697224660558,65.98077242739504,342.0,True,False,True,True,True,True,True,True,True,False,True,True,False,True,False,False,False,11,False,0.0727924555059456,0.0698201292919784,1.0,301336.80000000005,0.9851851851851852,0.0,3.0,,,,,,0.1250146117564817,0.0649056558310095,0.2586888134812534,-0.6753162457158005,0.8814960629921259,-0.6753162457158005,0.8170271128044699,-342.0,0.6377952755905512,0.4724409448818897,0.8976377952755905,0.676771653543307,0.6401574803149606,大統新創
67.30000305175781,67.4000015258789,66.30000305175781,67.4000015258789,41061.0,-0.0203488584851616,67.86000061035156,0.0074738413840931,67.76500053405762,0.1462585442245709,66.70368843078613,0.0681458503286867,64.21267751057943,0.0047446021327361,55.55555555555556,16954.4,2.4218491954890764,-0.0053862466657145,1525.TW,2026-08-13,0.0089218429760831,0.1535134805215372,neutral,0.2925925925925925,0.2,2026-03-31,2026-05-15,281735000.0,40655000.0,2924000.0,46209000.0,106069000.0,-59860000.0,-0.82,2768107000.0,386523000.0,5758402000.0,665056000.0,5093346000.0,2111569000.0,,,,0.4,1754400.0,5371879000.0,0.0003265896346511,-0.0117525885734053,-0.0103952450697259,0.1305734972648628,0.1443022698635242,0.0103785472163557,-0.2124691642855875,0.0173619762608918,,,20.40210850591844,20.40210850591844,False,65.17283950617285,65.17283950617285,53.980156756109245,852.0,True,False,True,True,False,True,True,True,False,False,True,True,True,True,False,False,False,10,False,0.0104388994293065,0.0496369897482369,1.0,1142726.5858703614,0.9231481481481482,1.0,3.0,,,,,,0.0200492275502577,0.008708137442341,0.0710557521846801,-1.4078590216521485,0.3720472440944881,-1.4078590216521485,0.2846624512009528,-852.0,0.1259842519685039,0.0551181102362204,0.1732283464566929,0.1330708661417322,0.1141732283464566,江申
97.5,97.9000015258789,96.5999984741211,96.9000015258789,118807.0,0.0590164101188952,95.26000061035155,0.0821184268720356,91.5465274810791,0.0766666836208767,91.06053403218588,0.01359835849903,92.12526683807371,0.0173916150419524,77.96606991493243,152944.0,0.7768006590647557,0.0584781770767468,1558.TW,2026-08-13,0.0089218429760831,0.1535134805215372,neutral,0.1166666666666666,0.312037037037037,2026-03-31,2026-05-15,1926175000.0,466203000.0,115500000.0,190949000.0,37396000.0,79533000.0,1.23,7337752000.0,2436771000.0,13553818000.0,4826378000.0,8727440000.0,2321376000.0,528924000.0,448585000.0,1225737000.0,0.1958428690383296,92880148.62607291,11117047000.0,0.0083547500182443,0.0091129815845196,0.0058679406791503,0.5530118797723044,0.2420356405830207,0.0599633989642685,0.0412906407777071,-0.0577927547617254,,,30.82891502090822,30.82891502090822,False,68.57225549713631,68.57225549713631,59.136420378079286,666.0,True,False,True,True,True,True,True,False,True,False,True,True,False,True,False,False,False,10,False,0.0641273143822003,0.0518287203031673,1.0,14820273.833374023,0.5990740740740741,1.0,3.0,,,,,,0.0471048667334736,0.0172149179039874,0.1861501039699478,-1.5779422591748258,0.4996062992125983,-1.5779422591748258,0.6273996655256722,-666.0,0.3228346456692913,0.2204724409448819,0.6771653543307087,0.3759842519685039,0.3629921259842519,伸興
40.29999923706055,41.0,39.150001525878906,39.29999923706055,57873769.0,0.147445233198848,38.029999542236325,0.1309352298434689,33.789999866485594,0.1873112099321352,35.87883628209432,0.1374819133108646,34.25608483950297,0.028693195194162,68.3760753427903,32233502.3,1.7954539491664236,0.1630659778735308,1605.TW,2026-08-13,0.0089218429760831,0.1535134805215372,neutral,0.0648148148148148,0.1638888888888889,2026-03-31,2026-05-15,41070352000.0,3192789000.0,547321000.0,4060027000.0,562012000.0,3584927000.0,0.81,90410765000.0,60341422000.0,306209880000.0,131730308000.0,174479572000.0,13913788000.0,12903118000.0,50244505000.0,5300000000.0,0.1384256804203519,471557718.1666526,245868458000.0,0.0019179268540686,0.0205463995521492,0.0117074178011499,0.7549898620796709,0.0777395090258783,0.0133264258363307,0.0872874671247034,-0.0841324099926965,,,22.373994815385178,22.373994815385178,False,74.13391115384614,74.13391115384614,61.1939320692309,819.0,True,False,True,True,True,False,True,True,True,True,False,True,True,False,False,False,False,10,False,0.0953532307477205,0.1472414148081833,1.0,1266776615.797789,0.1018518518518518,1.0,3.0,,,,,,0.0148300131314817,-0.048242888267906,0.1860121457376983,-1.5852795452243618,0.2925196850393701,-1.5852795452243618,0.3334398994141843,-819.0,0.1574803149606299,0.2834645669291338,0.2519685039370078,0.1716535433070866,0.2141732283464567,華新
37.95000076293945,37.95000076293945,36.59999847412109,36.79999923706055,10053912.0,0.0697673722303802,36.38000030517578,0.1810465930636078,31.847185707092287,0.1682539440336681,33.37454408009847,0.0823529187370748,33.319771941502886,0.0376673540367511,70.11834366273737,6273577.65,1.602580307585736,0.1555180911594735,1608.TW,2026-08-13,0.0089218429760831,0.1535134805215372,neutral,0.0361111111111111,0.1777777777777777,2026-03-31,2026-05-15,3453119000.0,483830000.0,419422000.0,270760000.0,67589000.0,157429000.0,0.37,9405391000.0,5028451000.0,16894935000.0,5965058000.0,10929877000.0,686209000.0,3168114000.0,,,0.2496269759196336,314722954.5058354,11866484000.0,0.026522005549903,0.0144035472677322,0.009318118122384,0.5457571022985894,0.1401139086142122,0.1214617857073561,0.0455903778583941,0.2223962317651353,,,50.67079431646654,50.67079431646654,False,74.45071965900776,74.45071965900776,68.50573832337246,359.0,True,False,True,True,True,False,True,True,True,True,True,True,True,False,False,False,False,11,False,0.1026367625799182,0.104449313208615,1.0,230867652.7336401,0.2518518518518518,1.0,3.0,,,,,,0.0118534965342531,-0.0768253802984086,0.2057511390014719,-1.4480717185096963,0.3381889763779527,-1.4480717185096963,0.2879852723433186,-359.0,0.6062992125984252,0.5984251968503937,0.1889763779527559,0.5437007874015748,0.5204724409448819,華榮
41.54999923706055,41.650001525878906,40.650001525878906,40.95000076293945,859022.0,0.0608808907180111,40.40999984741211,0.0719895273580195,38.68749961853028,0.0691906417406573,40.392499923706055,-0.1029572969515681,40.40416660308838,0.0130932847597377,63.84183250566501,764969.0,1.1229500803300525,0.0584814518053138,1618.TW,2026-08-13,0.0089218429760831,0.1535134805215372,neutral,0.1324074074074074,0.3296296296296296,2026-03-31,2026-05-15,1166170000.0,393476000.0,351688000.0,377918000.0,75657000.0,302261000.0,1.57,4189192000.0,1792843000.0,8312081000.0,1873571000.0,6438510000.0,456109000.0,831869000.0,,,0.2001942220270005,281282094.4437682,6519238000.0,0.0431464681062063,0.04694579957164,0.0363640585311909,0.2909945002803443,0.3374087825960195,0.3015752420316077,0.2591911985388065,0.0721134840447537,,,81.36310017392262,81.36310017392262,False,65.52748368393583,65.52748368393583,69.48638780643253,80.0,True,False,True,True,True,False,True,True,True,False,True,True,True,True,True,False,False,11,False,0.013802088018479,0.013509353260843,1.0,31325481.13362503,0.4972222222222222,1.0,2.0,,,,,,0.0367318229568691,-0.0292468279510227,0.1538652569818434,-1.7151975894309597,0.2893700787401575,-1.7151975894309597,0.3606287869057536,-80.0,0.889763779527559,0.6850393700787402,0.2834645669291338,0.7988188976377952,0.7070866141732284,合機
28.5,30.799999237060547,28.14999961853028,30.64999961853028,24642821.0,0.1084990973377619,28.229999542236328,0.1268381896625354,26.25,0.6887052486347214,23.298333326975506,0.8408408601054256,20.68416665395101,0.0141987799719028,66.79389118474448,5630509.95,4.376658814003162,0.1676190330868676,1709.TW,2026-08-13,0.0089218429760831,0.1535134805215372,neutral,0.0703703703703703,0.0203703703703703,2026-03-31,2026-05-15,2424471000.0,492933000.0,320616000.0,344786000.0,79982000.0,264726000.0,0.55,5694389000.0,2189161000.0,12130526000.0,3134319000.0,8996207000.0,600735000.0,285000000.0,20699000.0,,0.2319757762786192,246240854.51265424,9941365000.0,0.0247693203612033,0.0294264015934715,0.021823126218929,0.34840449980753,0.2033156923716555,0.1322416312671919,0.1091891798252072,-0.0753599255550004,,,52.52750676874495,52.52750676874495,False,85.9419727576913,85.9419727576913,77.58835626045472,330.0,True,True,True,True,True,True,True,True,True,True,False,True,False,False,False,False,False,11,False,0.315544729675697,0.4818097403346744,1.0,172575127.81963092,0.2796296296296296,1.0,3.0,,,,,,0.0631013549228737,-0.0431953274298159,0.255105298206477,-1.0964069477169018,0.6299212598425197,-1.0964069477169018,0.6787017428109948,-330.0,0.6614173228346457,0.8818897637795275,0.7716535433070866,0.6779527559055117,0.7496062992125984,和益
17.399999618530273,17.549999237060547,16.549999237060547,16.700000762939453,28675501.0,0.0308641960773139,16.629999923706055,0.0308641960773139,15.075,0.7542016764631987,15.308500003814697,0.8371837714639667,12.489666684468586,-0.0023163493089749,60.34483552404412,20789375.1,1.3793344370413518,0.1077944121352871,1714.TW,2026-08-13,0.0089218429760831,0.1535134805215372,neutral,0.2092592592592592,0.0157407407407407,2026-03-31,2026-05-15,7139550000.0,802314000.0,490214000.0,535557000.0,131252000.0,223134000.0,0.23,17219321000.0,4978429000.0,25588223000.0,7499378000.0,18088845000.0,5982998000.0,888587000.0,1280870000.0,,0.2450756875551995,370074466.90081537,20609794000.0,0.01795624288631,0.0123354476197899,0.0087201835000421,0.414585784775092,0.1123759900834086,0.0686617503904307,0.0312532302456037,0.3342708703208805,,,45.10051143692903,45.10051143692903,False,69.74473116148238,69.74473116148238,63.58367623034404,432.0,True,False,True,True,True,False,False,True,True,True,True,True,True,True,False,False,False,11,False,0.0908972635318947,0.3371053995945776,1.0,347182580.03103447,0.2092592592592592,0.0,3.0,,,,,,0.008869157616045,-0.1194583460936459,0.2712616596534325,-1.5899551090623174,0.3484251968503937,-1.5899551090623174,0.490767644465802,-432.0,0.5354330708661418,0.3858267716535433,0.4881889763779528,0.5283464566929135,0.4811023622047244,和桐
139.5,141.5,134.5,140.5,1006596.0,-0.0140350877192982,140.2,0.0891472868217053,132.7404800415039,0.1240000000000001,124.88849334716797,0.0107913669064747,125.25258000691731,0.0203704375535746,56.10025593674021,1112433.05,0.9048598475207116,0.0584563198511105,1736.TW,2026-08-13,0.0089218429760831,0.1535134805215372,neutral,0.1,0.2342592592592592,2026-03-31,2026-05-15,11791948000.0,6052382000.0,-92539000.0,40175000.0,16051000.0,23921000.0,0.08,30613897000.0,23508674000.0,46411739000.0,32321282000.0,14090457000.0,3157649000.0,7600383000.0,1539220000.0,3000000000.0,0.3995270690728065,-55567164.55507156,22903065000.0,-0.0024261890081118,0.0016976738227865,0.0005154083970005,2.2938419953305984,0.5132639662250885,-0.0078476431544643,0.0020285876430255,0.111450973975419,,,26.12240913361154,26.12240913361154,False,75.57071843582241,75.57071843582241,63.208641110269696,750.0,True,True,True,True,True,True,True,True,True,False,True,True,True,True,False,False,False,13,False,0.1250035630539221,0.1217333805997498,1.0,156296843.525,0.2962962962962963,2.0,3.0,,,,,,-0.0207182287756059,-0.0935230012061422,0.1833847248704652,-1.788159964354154,0.1590551181102362,-1.788159964354154,0.2137007025705496,-750.0,0.2125984251968504,0.3622047244094488,0.1181102362204724,0.1984251968503937,0.2385826771653543,喬山
32.75,33.29999923706055,32.599998474121094,33.099998474121094,988744.0,0.0392464074624818,32.939999389648435,0.0311526494559242,32.37249994277954,0.1335615619617209,31.12583335240682,0.0507936023530506,30.58708338737488,0.0153689285756462,56.20437671661608,1469987.25,0.6726207999423124,0.0224727324929323,1808.TW,2026-08-13,0.0089218429760831,0.1535134805215372,neutral,0.2064814814814815,0.224074074074074,2026-03-31,2026-05-15,5392216000.0,1474911000.0,1229561000.0,1153602000.0,211319000.0,942283000.0,1.06,46784978000.0,26633648000.0,51660398000.0,37973630000.0,13686768000.0,5845055000.0,11570200000.0,207356000.0,10980553000.0,0.1831818946222353,1004327686.4663897,25026750000.0,0.0401301681787043,0.068846275468394,0.0182399485191732,2.774477509957062,0.2735259492572256,0.2280251755493474,0.1747487489373571,173.44891620834682,,,72.1127428848662,72.1127428848662,False,69.74796109657704,69.74796109657704,70.33915654364932,149.0,True,False,True,True,True,True,True,True,True,False,True,True,False,True,True,False,False,11,False,0.063425293689739,0.0821560870947062,1.0,48656575.73197746,0.437037037037037,1.0,3.0,,,,,,0.115142975086166,0.0371241548832331,0.2467108542814001,-0.4751989931204714,0.8566929133858268,-0.4751989931204714,0.7964839652396392,-149.0,0.8110236220472441,0.7086614173228346,0.889763779527559,0.8228346456692913,0.7960629921259843,潤隆
25.299999237060547,25.850000381469727,24.299999237060547,24.64999961853028,5195642.0,0.1053811866309055,24.25999984741211,0.1004464302820209,22.142500019073488,0.3396739200856147,21.76342515945435,0.343324201966908,20.08504584630331,0.0207445014152408,76.66666560702822,2509701.25,2.070223298490209,0.1132437438092734,1904.TW,2026-08-13,0.0089218429760831,0.1535134805215372,neutral,0.0888888888888888,0.0712962962962963,2026-03-31,2026-05-15,10422205000.0,2150150000.0,696170000.0,676222000.0,51875000.0,623134000.0,0.56,23384595000.0,24639229000.0,73010397000.0,42553667000.0,30456730000.0,6316415000.0,12166669000.0,15580624000.0,,0.0767129729585846,642764729.6154221,48371168000.0,0.0132881788096459,0.0204596488198174,0.0085348666163258,1.3971843661483028,0.2063047119107713,0.0667968054744653,0.0597890753444208,0.0134174531712039,,,33.04763840274124,33.04763840274124,False,81.06937708928032,81.06937708928032,69.06394241764555,630.0,True,True,True,True,True,True,True,False,True,True,False,True,True,True,False,False,False,12,False,0.1326341987957697,0.227281222415888,1.0,61864134.85512496,0.3981481481481481,0.0,3.0,,,,,,0.065168774036027,0.009797694764573,0.2392861369334165,-1.63621452149475,0.6114173228346456,-1.63621452149475,0.5978162491666994,-630.0,0.3622047244094488,0.6299212598425197,0.6299212598425197,0.4023622047244095,0.4960629921259842,正隆
11.600000381469728,12.0,11.399999618530272,11.449999809265137,328506.0,0.0409090735695578,11.330000114440915,0.0269058476231955,11.087499952316284,0.1009615605046774,11.067500003178914,-0.0171673661642889,11.282499980926511,0.0045300156843244,60.3773523794512,109916.1,2.98869774309678,0.0326944629995802,1906.TW,2026-08-13,0.0089218429760831,0.1535134805215372,neutral,0.2203703703703703,0.2685185185185185,2026-03-31,2026-05-15,824072000.0,66019000.0,17339000.0,-4285000.0,-126000.0,,-0.03,476045000.0,2439937000.0,5842498000.0,2763272000.0,3079226000.0,170426000.0,1450000000.0,,,0.0294049008168028,16829148.424737457,3402561000.0,0.0049460240168324,,,0.897391747146848,0.0801131454533099,0.0210406372258734,,0.0185447947514918,,,24.0907540514816,24.0907540514816,False,73.7086338197256,73.7086338197256,61.30416387766461,783.0,True,False,True,True,True,True,True,True,True,False,True,True,True,True,False,False,False,12,False,0.0345606330224854,0.0148459852534268,1.0,1258539.3240351677,0.9111111111111112,0.0,3.0,,,,,,0.0679035600820576,0.0329485402564853,0.1650664273847785,-1.6180359950528462,0.5366141732283465,-1.6180359950528462,0.727244681091906,-783.0,0.1968503937007874,0.2913385826771653,0.8346456692913385,0.2925196850393701,0.352755905511811,寶隆
30.0,30.200000762939453,29.700000762939453,29.89999961853028,1579868.0,-0.0148270430735875,30.4,0.0528169021178888,29.087499904632573,0.2355371353673656,27.205833466847743,0.1499999853280875,26.07083339691162,0.0227672307027682,73.684181467011,1894502.6,0.8339223181852587,0.0279329511495176,1907.TW,2026-08-13,0.0089218429760831,0.1535134805215372,neutral,0.1638888888888889,0.1212962962962962,2026-03-31,2026-05-15,17964361000.0,2424583000.0,-77218000.0,452137000.0,195557000.0,208827000.0,0.13,69038373000.0,57579369000.0,178076390000.0,82625870000.0,95450520000.0,10428232000.0,15812770000.0,19190444000.0,964996000.0,0.4,-46330800.0,120497021000.0,-0.0003844974723482,0.0021878036913785,0.0011726821281585,0.8656408576925511,0.1349662812943917,-0.0042983994810614,0.0116245158956669,-0.0057560278150267,,,17.0350561108219,17.0350561108219,False,69.3786718550524,69.3786718550524,56.29276791899478,915.0,True,False,True,True,True,True,True,False,True,True,True,True,True,True,False,False,False,12,False,0.0990289878443007,0.1468754820117206,1.0,56645627.01730462,0.4083333333333333,0.0,3.0,,,,,,0.0292493699734666,-0.0388757899906369,0.2096501966638369,-1.7521252830770415,0.35,-1.7521252830770415,0.2807800027837148,-915.0,0.0787401574803149,0.1102362204724409,0.1653543307086614,0.0917322834645669,0.105511811023622,永豐餘
83.9000015258789,85.5,83.0999984741211,85.4000015258789,2623061.0,-0.0092806896831287,85.82000122070312,0.1795580072654174,77.4150001525879,0.3078100694450123,71.36666666666666,0.267049830547613,70.68530960083008,0.0504070631382142,70.98766086196653,4145389.6,0.632765856314205,0.1031454027972909,2006.TW,2026-08-13,0.0089218429760831,0.1535134805215372,neutral,0.037037037037037,0.0833333333333333,2026-03-31,2026-05-15,13602390000.0,2004381000.0,1390762000.0,1521134000.0,302993000.0,1211982000.0,1.66,28387625000.0,18568929000.0,51955456000.0,19405487000.0,32549969000.0,1294546000.0,5329132000.0,260000000.0,,0.1991888946010016,1113737654.5669217,33386527000.0,0.0333588951784928,0.0372345055075167,0.0233273287024946,0.596175283607797,0.1473550603974742,0.1022439438951537,0.089100665397772,-0.0619062729029651,,,52.210458028038886,52.210458028038886,False,80.40100578866313,80.40100578866313,73.35336884850707,336.0,True,True,True,True,True,True,True,True,True,True,True,True,False,True,False,False,False,13,False,0.1966371068549124,0.2081718536446224,1.0,354016278.16536254,0.2083333333333333,1.0,3.0,,,,,,0.052534564622735,0.0030242895848662,0.2343353423181299,-1.2302277260834815,0.6287401574803149,-1.2302277260834815,0.6538010101678466,-336.0,0.6535433070866141,0.7795275590551181,0.7401574803149606,0.6665354330708662,0.7086614173228346,東和鋼鐵
12.899999618530272,12.899999618530272,12.149999618530272,12.699999809265137,737314.0,0.0539418762026286,12.609999847412109,0.0854700868634295,12.037499904632568,0.0901287746880914,12.687499984105427,0.0452675068315266,12.109999982515973,0.0166807343696575,66.12902034954901,534163.75,1.3803145570997657,0.0550363372694697,2025.TW,2026-08-13,0.0089218429760831,0.1535134805215372,neutral,0.1101851851851851,0.2907407407407407,2026-03-31,2026-05-15,378787000.0,84115000.0,71616000.0,81289000.0,,,0.47,1385153000.0,642110000.0,2300356000.0,643754000.0,1656602000.0,85331000.0,603413000.0,,,,57292800.0,1658246000.0,0.0345502416408663,,,0.3885990720764553,0.2220641151887472,0.1890666786346944,,0.965417224453369,,,82.3791102091105,82.3791102091105,False,66.48266384138088,66.48266384138088,70.45677543331328,72.0,True,False,True,True,True,False,True,True,True,False,True,True,True,True,True,False,False,11,False,0.0009852078955956,0.0487200518250197,1.0,6783879.52311635,0.7101851851851851,0.0,2.0,,,,,,0.1908405465159297,0.1318284465098412,0.4479901206765886,-0.7469502118904664,0.9637795275590552,-0.7469502118904664,0.979222813865035,-72.0,0.8976377952755905,0.7165354330708661,1.0,0.912992125984252,0.8637795275590552,千興
48.5,51.5,48.0,50.400001525878906,58602812.0,0.0932755573554235,47.51999969482421,0.2292683298994855,44.38000011444092,0.224787354969665,42.35896650950114,0.3621622034021325,40.00698324839274,0.0468450003858198,73.37885105466631,21849925.9,2.682059988130212,0.1356467191508439,2027.TW,2026-08-13,0.0089218429760831,0.1535134805215372,neutral,0.0259259259259259,0.1305555555555555,2026-03-31,2026-05-15,31174326000.0,8517820000.0,5633209000.0,4716863000.0,1204326000.0,2914770000.0,1.17,89517343000.0,24455518000.0,159942793000.0,66551339000.0,93391454000.0,9252095000.0,11925609000.0,29968117000.0,,0.2553235063218923,4194918326.275959,135487275000.0,0.0309617144951506,0.0312102432841446,0.0182238283159154,0.7126063054977172,0.2732318896004359,0.1807002659816927,0.0934990543179666,0.1950875950100803,,,67.77515994414823,67.77515994414823,False,80.95833333333333,80.95833333333333,77.66253998603706,180.0,True,True,True,True,True,True,True,False,True,True,True,True,True,True,True,False,False,13,False,0.1898307649827613,0.2597801042122738,1.0,1101236298.700341,0.1111111111111111,1.0,3.0,,,,,,0.042567849910891,-0.0388176211712836,0.3059971210005724,-1.1150345329928093,0.6086614173228346,-1.1150345329928093,0.583468426740775,-180.0,0.7952755905511811,0.889763779527559,0.6062992125984252,0.7669291338582678,0.7858267716535433,大成鋼
45.79999923706055,46.5,45.45000076293945,45.95000076293945,2029731.0,0.1221001198252746,45.779999542236325,0.1359703311807878,41.03499984741211,0.199738947213254,39.625164286295565,0.1603535993307712,39.62674884796142,0.0390580471402404,69.72788753754037,1847082.15,1.098885071246019,0.1197758239016373,2031.TW,2026-08-13,0.0089218429760831,0.1535134805215372,neutral,0.0611111111111111,0.1509259259259259,2026-03-31,2026-05-15,4589073000.0,567832000.0,427931000.0,146733000.0,66925000.0,70724000.0,0.22,15811293000.0,10640609000.0,28813736000.0,17538865000.0,11274871000.0,1366991000.0,6979961000.0,6673974000.0,,0.4,256758600.0,18173127000.0,0.0141284766237533,0.0062727103485263,0.0024545237729671,1.5555712344735475,0.1237356651332415,0.0932499875247136,0.0154113913637895,-0.0896215532289155,,,22.130264986727884,22.130264986727884,False,80.5012266178825,80.5012266178825,65.90848621009384,824.0,True,True,True,True,True,True,True,True,True,True,False,True,True,True,False,False,False,13,False,0.1596166625568122,0.1595702927645885,1.0,84873426.20171185,0.3574074074074074,1.0,3.0,,,,,,0.0490275624276345,-0.0031062971437741,0.2709853833904302,-1.5252389519197809,0.5996062992125983,-1.5252389519197809,0.5812637081666991,-824.0,0.1496062992125984,0.4645669291338583,0.5984251968503937,0.2169291338582677,0.3338582677165354,新光鋼
31.0,31.100000381469727,30.25,30.299999237060547,1830972.0,0.0938627582133391,29.89000015258789,0.0612959736169917,28.21000013351441,0.0998185145609975,28.473333485921227,0.3061844247922953,27.192134364446005,0.0119271806692339,64.49275041823446,1028533.35,1.7801775703238014,0.0740871709909407,2108.TW,2026-08-13,0.0089218429760831,0.1535134805215372,neutral,0.1518518518518518,0.2731481481481481,2026-03-31,2026-05-15,2595684000.0,706987000.0,322249000.0,400150000.0,120689000.0,166573000.0,0.34,14271694000.0,1850566000.0,18859782000.0,2404041000.0,16455741000.0,9490424000.0,110000000.0,24000000.0,,0.3016093964763214,225055673.59490192,17009216000.0,0.0132313960616939,0.0101224855204028,0.0088321805628506,0.1460913246021555,0.272370211474124,0.1241480087714837,0.0641730657506846,0.1428634327678053,,,48.999527692236406,48.999527692236406,False,69.40735810591583,69.40735810591583,64.30540050249598,387.0,True,False,True,True,True,False,True,True,True,False,True,True,True,True,False,False,False,11,False,0.0641535615084381,0.114292788898473,1.0,31164559.720291328,0.5009259259259259,1.0,3.0,,,,,,0.0211564003836565,-0.0481704031663474,0.2071013592712387,-1.4218104381933927,0.3877952755905511,-1.4218104381933927,0.4334971275949463,-387.0,0.5905511811023622,0.4173228346456692,0.4015748031496063,0.5622047244094488,0.5007874015748031,南帝
23.049999237060547,23.049999237060547,22.850000381469727,23.0,84608.0,0.0407239639364396,22.889999771118163,0.0526315605699279,22.15500001907349,0.1274510014749224,21.423950990041096,-0.0515463917525773,21.646558872858687,0.0137268359523304,72.09302531892621,83034.55,1.018949340967103,0.0381403737395187,2115.TW,2026-08-13,0.0089218429760831,0.1535134805215372,neutral,0.1648148148148148,0.2296296296296296,2026-03-31,2026-05-15,795763000.0,146418000.0,55001000.0,50773000.0,23159000.0,28129000.0,0.27,2550411000.0,942761000.0,4966182000.0,1610225000.0,3355957000.0,883919000.0,179756000.0,658841000.0,,0.4,33000600.0,4023421000.0,0.0082021245104601,0.0083818118050976,0.0056641097728597,0.4798109749320388,0.1839969940798956,0.0691173125666812,0.0353484643040704,-0.0114512019538349,,,30.9467161073479,30.9467161073479,False,67.6510904678339,67.6510904678339,58.47499687771239,664.0,True,False,True,True,True,True,True,False,True,False,True,True,True,True,False,False,False,11,False,0.073564815877871,0.0625245395857496,1.0,1909794.65,0.8601851851851852,0.0,3.0,,,,,,0.0547346838405663,0.0271673432737261,0.1805617943731568,-1.6988206994293502,0.4944881889763779,-1.6988206994293502,0.4686558371380048,-664.0,0.3307086614173228,0.1968503937007874,0.4566929133858268,0.3496062992125984,0.315748031496063,六暉-KY
516.0,529.0,515.0,524.0,440604.0,0.0155038759689922,513.8,0.0628803245436104,510.225,0.1232583065380492,483.7092264811198,-0.0168855534709193,492.2712799072266,0.0163844621513944,60.0,534969.6,0.8236056777805693,0.0269978930863834,2207.TW,2026-08-13,0.0089218429760831,0.1535134805215372,neutral,0.1481481481481481,0.2351851851851852,2026-03-31,2026-05-15,71331231000.0,,,,1278339000.0,4429572000.0,7.95,371776395000.0,39724833000.0,525151865000.0,369092964000.0,116334068000.0,33821612000.0,111314642000.0,1403494000.0,,,,485427032000.0,,0.0380763096842792,0.0084348400819256,3.1726988520679944,,,0.0620986339069348,-0.0236719001813244,,,23.69838641660918,23.69838641660918,False,75.81463923868009,75.81463923868009,62.78557603316236,793.0,True,True,True,True,True,True,True,True,True,False,True,True,True,True,False,False,False,13,False,0.083295441379084,0.0644537298595868,1.0,280324070.4,0.2342592592592592,3.0,3.0,,,,,,0.0266409536909373,-0.0550941332611506,0.2010193100425945,-0.4425018362182873,0.4692913385826772,-0.4425018362182873,0.5166735213330892,-793.0,0.1889763779527559,0.3307086614173228,0.5196850393700787,0.2385826771653543,0.2976377952755905,和泰車
268.0,281.0,266.5,269.5,37956162.0,0.0673267326732673,263.2,0.2362385321100917,226.825,0.321078431372549,222.69166666666663,0.5455849024770205,196.48438618977863,0.0543869843114467,67.74193548387098,30511930.95,1.2439777102995837,0.1881406370549985,2301.TW,2026-08-13,0.0089218429760831,0.1535134805215372,neutral,0.024074074074074,0.0787037037037037,2026-03-31,2026-05-15,43407292000.0,9402933000.0,4099305000.0,4969901000.0,1195242000.0,3775414000.0,1.66,165353065000.0,116511425000.0,210691221000.0,122427807000.0,88263414000.0,71133162000.0,13521025000.0,3000000000.0,,0.2404961386554782,3113437976.3289046,94179796000.0,0.0330584489302663,0.0427743934763275,0.0179191804104642,1.3870730969006029,0.2166210460675593,0.0944381649055647,0.0869764923368175,0.1919657430575541,,,57.60700281241379,57.60700281241379,False,86.85229334449176,86.85229334449176,79.54097071147227,288.0,True,True,True,True,True,True,True,True,True,True,True,True,True,False,False,False,False,13,False,0.210193466302436,0.3716102598590083,1.0,8222965391.025,0.025,2.0,3.0,,,,,,-0.0039036299179475,-0.110179127389718,0.2407233502260509,-1.404324262924684,0.3437007874015748,-1.404324262924684,0.4222526922771017,-288.0,0.7007874015748031,0.9133858267716536,0.3779527559055118,0.6523622047244093,0.7,光寶科
46.0,47.0,44.79999923706055,45.20000076293945,5036817.0,0.0499419643201302,44.44000015258789,0.0111856821357048,41.06750030517578,0.811623221674574,41.15015875498454,1.4432432844832137,30.22091264724732,-0.0010338098630365,54.56431794701495,4477643.2,1.124881276828846,0.1006270268960793,2302.TW,2026-08-13,0.0089218429760831,0.1535134805215372,neutral,0.2759259259259259,0.0129629629629629,2026-03-31,2026-05-15,216325000.0,70774000.0,16066000.0,58305000.0,16844000.0,41461000.0,0.25,1204494000.0,819815000.0,2680414000.0,894283000.0,1786131000.0,540705000.0,,,,0.2888946059514621,11424619.26078381,1860599000.0,0.0061402909819815,0.0232127430742761,0.0154681329078269,0.5006816409322721,0.3271651450364035,0.0742678839708771,0.1916606957124696,0.1180973350699827,,,48.29599018643512,48.29599018643512,False,58.67365319307843,58.67365319307843,56.0792374414176,394.0,True,False,True,True,True,False,False,True,True,True,True,True,True,True,False,False,False,11,False,0.0984161940192844,0.4956530694666665,1.0,202389476.05617067,0.2685185185185185,1.0,3.0,,,,,,0.0139744516171668,-0.0857131866448689,0.2201194483836338,-1.497891009140382,0.3543307086614173,-1.497891009140382,0.4328492431556878,-394.0,0.5748031496062992,0.0866141732283464,0.3937007874015748,0.5476377952755905,0.3921259842519685,麗正
274.5,274.5,261.0,262.0,95515695.0,-0.0094517958412098,263.9,0.0804123711340205,251.475,0.0916666666666665,255.86060638427733,0.1855203619909502,237.88030319213868,0.0262191389512343,55.24861878453039,57799881.65,1.6525240584121508,0.041853066905259,2317.TW,2026-08-13,0.0089218429760831,0.1535134805215372,neutral,0.1185185185185185,0.2888888888888888,2026-03-31,2026-05-15,2119533391000.0,130980560000.0,75648689000.0,74031230000.0,17074953000.0,49919449000.0,3.56,4052387707000.0,2792211149000.0,5230479067000.0,3241680598000.0,1988798469000.0,986317310000.0,778365706000.0,25597034000.0,289268494000.0,0.2306452695706933,58200676732.92546,2438267918000.0,0.0238696807283855,0.0251003054246619,0.0095439535003496,1.6299693752429172,0.0617968844256816,0.0356911994504171,0.0235520936881527,0.289006464874042,,,39.93908373911616,39.93908373911616,False,65.88185373814855,65.88185373814855,59.39616123839045,511.0,True,False,True,True,True,False,True,True,True,False,True,True,True,True,False,False,False,11,False,0.0239950717794434,0.1013942578859905,1.0,15143568992.3,0.0129629629629629,2.0,3.0,,,,,,0.0249951089512496,-0.0387808679151021,0.1885770674376982,-1.5231664804506382,0.3688976377952755,-1.5231664804506382,0.4178068384834248,-511.0,0.4645669291338583,0.2519685039370078,0.3622047244094488,0.4492125984251968,0.3803149606299213,鴻海
15.5,15.899999618530272,15.5,15.850000381469728,12081.0,0.0566666920979819,15.480000305175782,0.0192926165308739,15.22750005722046,0.2480315448435317,14.426666673024496,-0.0216049608016325,14.301250004768372,0.0054473442360104,66.66666666666666,7876.0,1.5339004570848147,0.0408800080059166,2321.TW,2026-08-13,0.0089218429760831,0.1535134805215372,neutral,0.2481481481481481,0.1157407407407407,2026-03-31,2026-05-15,167589000.0,54806000.0,3123000.0,2338000.0,316000.0,-3670000.0,-0.12,594557000.0,366319000.0,1167997000.0,735200000.0,432797000.0,91273000.0,191000000.0,200000000.0,,0.1351582549187339,2700900.7698887936,801678000.0,0.0033690593603526,-0.0084797260609477,-0.0031421313582141,1.698717874661793,0.3270262368055183,0.0186348746039417,-0.0218988119745329,-0.0149414274882296,,,20.392509269700085,20.392509269700085,False,76.22157855027393,76.22157855027393,62.26431123013048,853.0,True,True,True,True,True,True,True,True,True,True,True,True,True,True,False,False,False,14,False,0.0986599150520775,0.1082947557860303,1.0,124834.60300445558,0.9953703703703703,0.0,3.0,,,,,,0.04251415298816,-0.0013865223967763,0.1884176150946695,-1.6098427150434986,0.425984251968504,-1.6098427150434986,0.4059746706126974,-853.0,0.1181102362204724,0.3149606299212598,0.3464566929133858,0.1523622047244094,0.2228346456692913,東訊
40.09999847412109,41.70000076293945,39.09999847412109,39.29999923706055,211206997.0,0.0536193040457984,37.66999969482422,0.0931849347156226,36.44750003814697,0.4239129961551031,36.60916655858357,0.3307855454643273,33.15668649673462,0.0103257060413759,58.33332828743686,63790887.1,3.310927416151264,0.0782632333062094,2324.TW,2026-08-13,0.0089218429760831,0.1535134805215372,neutral,0.0953703703703703,0.0481481481481481,2026-03-31,2026-05-15,201303536000.0,10597495000.0,2644084000.0,3090596000.0,699988000.0,1967195000.0,0.45,372539532000.0,285043722000.0,452433934000.0,306525209000.0,145908725000.0,84569615000.0,55846516000.0,11898445000.0,,0.2264896479513983,2045226345.6860747,167390212000.0,0.0122183150451238,0.013482367144254,0.0043480270867569,2.100801093286231,0.0526443559342146,0.0131348115017711,0.009772282390509,0.0110778585236814,,,17.5664711440274,17.5664711440274,False,74.49415272452137,74.49415272452137,60.26223232939788,900.0,True,False,True,True,True,False,True,True,True,True,True,True,False,True,False,False,False,11,False,0.0735016098815302,0.1852812626777691,1.0,2506981814.3614154,0.0611111111111111,1.0,3.0,,,,,,0.0165194698193839,-0.0323689441875231,0.2813262099928406,-1.5550514696054452,0.4744094488188976,-1.5550514696054452,0.398367674077505,-900.0,0.0866141732283464,0.2755905511811024,0.3307086614173228,0.1232283464566929,0.1921259842519685,仁寶
183.0,185.0,177.0,177.0,226823644.0,0.0350877192982457,175.0,0.0290697674418605,157.275,0.5324675324675325,169.49166666666667,0.719098565900296,137.08939717610676,0.0046311082721174,58.964143426294825,137241127.9,1.6527381220975814,0.1254172627563186,2344.TW,2026-08-13,0.0089218429760831,0.1535134805215372,neutral,0.2157407407407407,0.0296296296296296,2026-03-31,2026-05-15,38253064000.0,20415002000.0,12550494000.0,12688424000.0,2570746000.0,10114310000.0,2.25,110641935000.0,75046248000.0,229813688000.0,106920169000.0,122893519000.0,25520648000.0,5251103000.0,22148521000.0,4892959000.0,0.202605619106045,10007693393.043297,154767440000.0,0.0646627830313875,0.082301410866101,0.0440109120045103,0.870022844736019,0.5336827920503309,0.3280912085891995,0.2644052251605257,0.913359516665577,,,96.98400611250784,96.98400611250784,True,80.08548982655145,80.08548982655145,84.31011889804054,11.0,True,True,True,True,True,False,True,True,True,True,True,True,True,True,True,True,True,14,False,0.0442991297507251,0.2911282976364946,1.0,24291679638.3,0.0064814814814814,2.0,0.0,,,,,,-0.0224543878268126,-0.1383196810466466,0.1947956327245346,-1.8481280491984455,0.1511811023622047,-1.8481280491984455,0.2017251131903173,-11.0,0.9921259842519684,0.9606299212598424,0.1102362204724409,0.8598425196850393,0.8062992125984252,華邦電
91.5999984741211,92.3000030517578,90.9000015258789,91.5,3181414.0,-0.033790887554,91.88000030517578,0.0481099289968194,89.78499984741211,0.0931900040161426,88.85277976989747,0.3455882352941177,83.604723294576,0.0198784574661579,55.64202865981763,5231616.3,0.6081130223560165,0.0191011878988973,2347.TW,2026-08-13,0.0089218429760831,0.1535134805215372,neutral,0.1731481481481481,0.2851851851851852,2026-03-31,2026-05-15,126357648000.0,5428837000.0,3373256000.0,3875913000.0,784782000.0,2954386000.0,1.77,208416617000.0,157729943000.0,249263901000.0,167490035000.0,81773866000.0,15304988000.0,56810338000.0,2500000000.0,,0.2024766809781334,2690250321.030425,91533958000.0,0.0293907351961162,0.036128730907745,0.0118524422836502,2.048209815590717,0.042964055487959,0.0266960967807821,0.0233811411241209,0.3825024363831348,,,42.4453478070041,42.4453478070041,False,68.31439009507586,68.31439009507586,61.84712952305793,474.0,True,False,True,True,True,True,True,True,True,False,True,True,False,True,False,False,False,11,False,0.0297933304614448,0.0944357734144454,1.0,478692891.45,0.174074074074074,1.0,3.0,,,,,,0.0555839291735017,0.0041645864611865,0.2706601385926414,-0.5874093668849268,0.7338582677165355,-0.5874093668849268,0.7597831612960144,-474.0,0.4960629921259842,0.2992125984251969,0.8661417322834646,0.5515748031496063,0.5110236220472442,聯強
63.59999847412109,63.79999923706055,61.900001525878906,62.79999923706055,17001992.0,0.0295081842141073,62.67999954223633,0.1134751336530555,57.42499980926514,0.0921738997749659,57.63712139129639,0.0846286283600794,56.19606081644694,0.0280164656292413,66.66667410272608,13577763.6,1.2521938443529832,0.0936003386268742,2354.TW,2026-08-13,0.0089218429760831,0.1535134805215372,neutral,0.0759259259259259,0.287962962962963,2026-03-31,2026-05-15,25274831000.0,1224398000.0,373042000.0,939869000.0,285306000.0,663384000.0,0.47,119608118000.0,42954189000.0,150753789000.0,44332160000.0,106421629000.0,18348663000.0,13096824000.0,,,0.3035593258209388,259801621.9771053,107799600000.0,0.0024100425416894,0.0062335448746043,0.0044004466116602,0.4165709585219749,0.0484433704027536,0.0147594260867659,0.0262468223823138,-0.1575198993297046,,,17.738249987351253,17.738249987351253,False,69.128487178078,69.128487178078,56.28092788039632,897.0,True,False,True,True,True,False,True,True,True,False,True,True,True,True,False,False,False,11,False,0.0895755672930569,0.1175160380401758,1.0,852683543.7209884,0.1287037037037037,1.0,3.0,,,,,,0.011670154748157,-0.0578764915829442,0.1487240012390717,-1.672442061254262,0.2031496062992126,-1.672442061254262,0.2004186315981422,-897.0,0.0944881889763779,0.1023622047244094,0.1023622047244094,0.0956692913385826,0.0984251968503937,鴻準
69.5,72.5999984741211,68.19999694824219,68.80000305175781,71365973.0,0.0503817259810353,66.58000030517579,0.1334431991270062,63.05999984741211,0.3385214204151014,65.66739648183187,0.5271921024841935,55.45619821548462,0.0153959182459019,57.81818736683238,35890204.95,1.9884526460470933,0.0910244722206619,2356.TW,2026-08-13,0.0089218429760831,0.1535134805215372,neutral,0.0629629629629629,0.0722222222222222,2026-03-31,2026-05-15,200310505000.0,10176552000.0,3614980000.0,3306616000.0,872750000.0,2428376000.0,0.68,316622404000.0,289769524000.0,382244260000.0,308509302000.0,73734958000.0,45302973000.0,76492329000.0,8230668000.0,,0.2639405361856351,2660840240.499653,92474736000.0,0.0287736992349959,0.032933849368979,0.0063529430108381,4.184030348264388,0.0508038856973577,0.0180468817648879,0.0121230586483719,0.2755841181128693,,,32.596295147103554,32.596295147103554,False,77.1184754866987,77.1184754866987,65.98793040179991,638.0,True,True,True,True,True,False,True,True,True,True,True,True,True,True,False,False,False,13,False,0.0477041383967862,0.2406188174750736,1.0,2469246210.088213,0.0638888888888888,1.0,3.0,,,,,,0.1107499531349389,0.0293305493416356,0.3276705681227199,-0.012413086755786,0.9188976377952756,-0.012413086755786,0.8796957652252928,-638.0,0.3543307086614173,0.4803149606299212,0.9606299212598424,0.445275590551181,0.5133858267716535,英業達
937.0,937.0,937.0,937.0,3599012.0,0.145476772616137,852.6,0.3104895104895104,787.4,0.4640625,757.9539998372396,0.7813688212927756,669.8269999186198,0.0496567353196027,73.71428571428572,4325099.25,0.832122407364409,0.18999237998476,2357.TW,2026-08-13,0.0089218429760831,0.1535134805215372,neutral,0.012037037037037,0.0425925925925925,2026-03-31,2026-05-15,208369726000.0,30970538000.0,11895859000.0,13859608000.0,2702804000.0,9797017000.0,13.19,485857648000.0,327627459000.0,671441698000.0,354711686000.0,316730012000.0,57955263000.0,41417377000.0,275376000.0,,0.1950130191272365,9576011621.29809,343814239000.0,0.0278522833991703,0.0309317608967223,0.0145910166574134,1.1199181402487366,0.1486326185407567,0.0570901504184921,0.0470174683629425,0.4108280576281871,,,51.58078089609261,51.58078089609261,False,83.57407407407408,83.57407407407408,75.57575077957871,344.0,True,True,True,True,True,True,True,False,True,True,False,True,True,False,False,False,False,11,False,0.2362227789565172,0.3988686632725169,1.0,4052617997.25,0.0416666666666666,3.0,3.0,,,,,,0.086693019361495,0.0037271621375604,0.2974551539137669,-1.2994389081383044,0.7637795275590551,-1.2994389081383044,0.7862666578442401,-344.0,0.6299212598425197,0.8267716535433071,0.8818897637795275,0.6677165354330707,0.7393700787401575,華碩
151.0,157.0,151.0,157.0,13553504.0,0.0865051903114186,147.5,0.0680272108843538,139.575,0.2313725490196079,138.82721862792968,0.250996015936255,128.77194264729818,0.006489994591671,56.25,7662289.75,1.7688581928137082,0.1248432742253269,2359.TW,2026-08-13,0.0089218429760831,0.1535134805215372,neutral,0.1398148148148148,0.1268518518518518,2026-03-31,2026-05-15,890066000.0,190817000.0,-35808000.0,156778000.0,13846000.0,134073000.0,0.78,8393550000.0,3998667000.0,10520171000.0,4283921000.0,6236250000.0,2450934000.0,650000000.0,,,0.088315962698848,-32645582.00767965,6521504000.0,-0.005005836384932,0.0214989777510523,0.0127443745923901,0.6869386249749448,0.21438522536531,-0.0402307244631297,0.1506326497136167,-0.2680432463904461,,,26.81505765819656,26.81505765819656,False,85.94932987470058,85.94932987470058,71.16576182057457,740.0,True,True,True,True,True,True,True,True,True,True,True,True,True,True,False,False,False,14,False,0.1309021498210312,0.2192096878589264,1.0,1202979490.75,0.1055555555555555,2.0,3.0,,,,,,-0.0201784605746911,-0.0911279703384205,0.205530473017898,-1.55976247216414,0.2562992125984252,-1.55976247216414,0.2419933312531737,-740.0,0.2283464566929134,0.7322834645669292,0.1417322834645669,0.2153543307086614,0.3622047244094488,所羅門
49.20000076293945,49.25,47.75,47.900001525878906,2060096.0,-0.0626222513463043,48.28000030517578,0.1297169764638586,44.91250019073486,0.2345361460761659,44.455414072672525,0.2490222537610331,41.54979035059611,0.0343140066555166,59.44584455482191,2325681.6,0.8858031125154879,0.0665182593366366,2362.TW,2026-08-13,0.0089218429760831,0.1535134805215372,neutral,0.0666666666666666,0.1222222222222222,2026-03-31,2026-05-15,4941226000.0,1031961000.0,338299000.0,460047000.0,109186000.0,350861000.0,0.61,21268600000.0,19086193000.0,104921126000.0,60685209000.0,44235917000.0,8972993000.0,7767445000.0,28201977000.0,,0.2373366199540481,258008258.80616543,85834933000.0,0.0030058654418261,0.0079315864527008,0.0033440453164789,1.3718537585645618,0.2088471565558831,0.0684645875335392,0.0710068715739778,0.1924432336345798,,,31.430349126543067,31.430349126543067,False,83.76079333896628,83.76079333896628,70.67818228586049,655.0,True,True,True,True,True,True,True,True,True,True,True,True,True,True,False,False,False,14,False,0.0774840933339506,0.1528337717639456,1.0,111400152.1887085,0.3277777777777778,1.0,3.0,,,,,,0.0303338108055294,-0.0259674178019179,0.2206464839069977,-1.581948671600347,0.4299212598425196,-1.581948671600347,0.4340413523677187,-655.0,0.3464566929133858,0.7244094488188977,0.4094488188976378,0.3559055118110236,0.4724409448818897,藍天
385.5,395.0,379.5,393.5,18476170.0,0.1438953488372092,362.6,0.1676557863501484,337.68488159179685,0.3029801324503312,341.869960530599,0.7373068432671082,301.0808135986328,0.0190111267893034,71.32653889410646,8458801.55,2.184253867499705,0.1652875845228809,2376.TW,2026-08-13,0.0089218429760831,0.1535134805215372,neutral,0.0425925925925925,0.0842592592592592,2026-03-31,2026-05-15,105057330000.0,12614630000.0,7413710000.0,7054503000.0,1410189000.0,5268403000.0,7.86,234087870000.0,170374747000.0,247826770000.0,180781022000.0,67045748000.0,63311111000.0,69227536000.0,,9540960000.0,0.199899128258929,5931715833.835495,77452023000.0,0.0765856798063944,0.0785792262322138,0.0212584096544533,2.6963831024750444,0.1200737730532462,0.0705682316502808,0.0501478859209538,0.5978925716183887,,,59.16561347732097,59.16561347732097,False,71.74695851157652,71.74695851157652,68.60162225301264,275.0,True,False,True,True,True,False,True,True,True,True,False,True,True,False,False,False,False,10,False,0.1510224513123899,0.306958073139028,1.0,3328538409.925,0.0481481481481481,2.0,3.0,,,,,,0.1182215966110492,0.072427330911575,0.3397741860533041,-0.137332986022513,0.9503937007874016,-0.137332986022513,0.958871589580714,-275.0,0.7165354330708661,0.6062992125984252,0.984251968503937,0.7566929133858267,0.737007874015748,技嘉
171.0,173.5,162.5,168.0,51164402.0,0.0909090909090908,159.8,0.1586206896551725,149.0,0.5342465753424657,141.36666666666667,0.8584070482776094,118.55833320617675,0.0219478737997255,72.16494845360825,18646097.65,2.74397372363863,0.1275167785234898,2377.TW,2026-08-13,0.0089218429760831,0.1535134805215372,neutral,0.0462962962962962,0.0287037037037037,2026-03-31,2026-05-15,56256838000.0,8440506000.0,3876357000.0,4133431000.0,716617000.0,3416814000.0,4.04,106512512000.0,56814984000.0,119099762000.0,64185562000.0,54914200000.0,25875075000.0,0.0,6305082000.0,,0.1733709840565864,3204309172.355363,62284778000.0,0.0514461040923251,0.0622209555998266,0.0286886719387398,1.1688335985956273,0.1500352010541367,0.0689046369794192,0.0607359766647389,0.0507372103469625,,,60.05362798212559,60.05362798212559,False,82.89351851851852,82.89351851851852,77.18354588442028,263.0,True,True,True,True,True,True,True,False,True,True,True,True,True,True,True,False,False,13,False,0.1883989625088422,0.4170239700303697,1.0,3132544405.2,0.05,2.0,3.0,,,,,,0.0441724231698028,-0.0207020370335117,0.2170218248848714,-0.8820668606889603,0.5677165354330709,-0.8820668606889603,0.5533218785151857,-263.0,0.7401574803149606,0.8661417322834646,0.5669291338582677,0.7141732283464567,0.7433070866141732,微星
5875.0,5875.0,5655.0,5690.0,1566919.0,0.0725730442978322,5497.0,0.1402805611222444,4961.75,0.2946530147895336,5136.416666666667,1.7030878859857483,4283.125,0.0208311902067688,68.15533980582525,2318059.2,0.6759615975295195,0.1467728120118909,2383.TW,2026-08-13,0.0089218429760831,0.1535134805215372,neutral,0.0564814814814814,0.0907407407407407,2026-03-31,2026-05-15,33067261000.0,9729153000.0,7128470000.0,7194158000.0,1855381000.0,5339793000.0,14.9,90741002000.0,68350963000.0,130976723000.0,83055788000.0,47920935000.0,22134504000.0,12291308000.0,10978888000.0,0.0,0.2579010636130038,5290030005.06661,62625760000.0,0.0844705118958494,0.1114292323386428,0.0407690227522336,1.733183795349569,0.2942231290338803,0.2155748551414645,0.1614827729457241,0.5252381635035763,,,86.0587773245522,86.0587773245522,True,73.08665947500899,73.08665947500899,76.32968893739479,55.0,True,False,True,True,True,False,True,True,True,True,True,True,False,True,True,True,False,11,False,0.1077761734023394,0.3284692835254632,1.0,13189756848.000002,0.0166666666666666,3.0,2.0,,,,,,0.0053724919760442,-0.1196076827623076,0.2910344456337332,-0.9666593926639316,0.45,-0.9666593926639316,0.4753556184366113,-55.0,0.9133858267716536,0.8503937007874016,0.4724409448818897,0.8472440944881889,0.8062992125984252,台光電
40.5,40.54999923706055,38.79999923706055,39.150001525878906,2131047.0,0.0467914419412278,38.69000015258789,0.1036476943431234,35.98749980926514,0.0997191911212702,37.701650110880536,0.0051348076770707,37.24457499186198,0.0220804706912154,65.19823818158291,1950305.15,1.0926736259707872,0.0878777834907988,2392.TW,2026-08-13,0.0089218429760831,0.1535134805215372,neutral,0.0851851851851851,0.275,2026-03-31,2026-05-15,20284345000.0,3918165000.0,2024943000.0,2036754000.0,252111000.0,-210762000.0,-0.46,65961303000.0,65464823000.0,123191294000.0,95674753000.0,27516541000.0,21416412000.0,16445470000.0,26655579000.0,0.0,0.1237807805950055,1774293974.7996078,57726471000.0,0.0307362280088039,-0.0076594656283287,-0.0017108514177958,3.476990549066469,0.1931620173094078,0.0998278721841893,-0.0103903774068129,-0.0513983335778374,,,22.851074819845003,22.851074819845003,False,69.00016419445323,69.00016419445323,57.46289185080117,811.0,True,False,True,True,True,False,True,True,True,False,True,True,True,True,False,False,False,11,False,0.0384161279609451,0.0511598409817608,1.0,76354449.59842949,0.3685185185185185,1.0,3.0,,,,,,0.0835292870541289,0.0088881016795884,0.2331495406177009,-1.2313858537686353,0.702755905511811,-1.2313858537686353,0.6914585456229736,-811.0,0.1732283464566929,0.1811023622047244,0.7795275590551181,0.2641732283464567,0.2968503937007874,正崴
695.0,709.0,690.0,698.0,4150792.0,0.1221864951768487,669.2,0.3453050561259794,595.95,0.5010752688172042,529.7944636027019,1.346218487394958,447.9013984680176,0.0656399608175022,76.71232876712328,5117222.8,0.8111415434168706,0.1712391979192884,2395.TW,2026-08-13,0.0089218429760831,0.1535134805215372,neutral,0.0083333333333333,0.0333333333333333,2026-03-31,2026-05-15,20385264000.0,7979823000.0,3728486000.0,4068287000.0,750007000.0,3334165000.0,3.85,49300373000.0,29811036000.0,83769137000.0,34044129000.0,49725008000.0,10001958000.0,,43915000.0,,0.184354496130681,3041122842.1397014,53958101000.0,0.0563608204473263,0.0670520756879516,0.0398018305954375,0.6846480346468723,0.3914505595806853,0.182901040673302,0.1635576071028562,0.1748587968840969,,,87.43653384699755,87.43653384699755,False,83.91666666666667,83.91666666666667,84.7966334617494,49.0,True,True,True,True,True,True,True,False,True,True,False,True,True,False,True,False,False,11,False,0.3174920614561898,0.5583787020701627,1.0,3571821514.4,0.0462962962962962,3.0,2.0,,,,,,-0.019709710959992,-0.1405165606801702,0.2986473381431014,-1.4369093435493805,0.3716535433070865,-1.4369093435493805,0.3561045314188668,-49.0,0.9291338582677166,0.968503937007874,0.2755905511811024,0.8311023622047244,0.8102362204724409,研華
67.19999694824219,67.5,65.80000305175781,65.9000015258789,589366.0,0.0663430799261184,66.89999847412109,0.1303602467971756,59.529999542236325,0.0946843968554982,60.26833616892497,0.0910596003485775,58.98666807810465,0.0371080059623053,63.67347307376054,886218.55,0.6650346012278799,0.1070049056379227,2397.TW,2026-08-13,0.0089218429760831,0.1535134805215372,neutral,0.0657407407407407,0.2833333333333333,2026-03-31,2026-05-15,3030612000.0,754408000.0,168760000.0,160589000.0,40224000.0,86809000.0,0.76,8090820000.0,5564770000.0,13261955000.0,7705318000.0,5556637000.0,2502436000.0,1648614000.0,692000000.0,964352000.0,0.2504779281270822,126489344.84927362,7697185000.0,0.0164331953628857,0.0156225789087896,0.0065457166760104,1.386687307448732,0.2489292591727347,0.0556851223449257,0.0286440494527178,0.1661133556504674,,,38.72674476639454,38.72674476639454,False,71.89099427675963,71.89099427675963,63.59993189916836,543.0,True,False,True,True,True,False,True,True,True,False,True,True,False,True,False,False,False,10,False,0.0934431861727367,0.1172016266221422,1.0,58401803.79726219,0.4027777777777778,1.0,3.0,,,,,,0.0444925801112868,-0.0104885752438823,0.2338065898340457,-1.473161230364633,0.5346456692913386,-1.473161230364633,0.5543228498352246,-543.0,0.4173228346456692,0.3937007874015748,0.5748031496062992,0.4409448818897638,0.4417322834645669,友通
497.0,530.0,490.0,514.0,128409787.0,0.1198257080610021,488.9,0.1708428246013666,425.275,0.8690909090909091,407.6558151245117,0.896678966789668,327.26540756225586,0.0263046757164403,65.18817204301075,84479519.6,1.5200108571640127,0.2086297101875258,2408.TW,2026-08-13,0.0089218429760831,0.1535134805215372,neutral,0.0407407407407407,0.0083333333333333,2026-03-31,2026-05-15,49086932000.0,33325482000.0,30111283000.0,31718134000.0,5659880000.0,26059487000.0,8.41,141606845000.0,25207062000.0,240968098000.0,47930660000.0,193037438000.0,86281008000.0,0.0,13800000000.0,3996400000.0,0.1784430319892084,24738134364.394894,215761036000.0,0.1146552446308929,0.1349970620724877,0.1081449669740099,0.2482972240856201,0.6789074126694249,0.6134276837672398,0.5308844113541258,5.829068133568171,,,100.0,100.0,True,93.24934376191038,93.24934376191038,94.9370078214328,2.0,True,True,True,True,True,True,True,True,True,True,False,True,True,False,True,True,True,13,False,0.2608675773287012,0.5705906830443774,1.0,43422473074.4,0.0018518518518518,3.0,0.0,,,,,,-0.0995982553863005,-0.1642270796969916,0.1790091759831344,-1.674244736338638,0.1118110236220472,-1.674244736338638,0.1236156874621441,-2.0,1.0,1.0,0.0157480314960629,0.8523622047244094,0.8031496062992126,南亞科
4130.0,4295.0,4115.0,4225.0,12110029.0,0.0778061224489796,4024.0,0.1418918918918918,3730.25,0.3080495356037152,4039.04248046875,1.2899728997289972,3100.9795735677085,0.0173177882320856,62.0253164556962,9066179.1,1.335736793463522,0.1326318611353125,2454.TW,2026-08-13,0.0089218429760831,0.1535134805215372,neutral,0.0546296296296296,0.0814814814814814,2026-03-31,2026-05-15,149150510000.0,69055353000.0,22890845000.0,27019390000.0,2643006000.0,24153980000.0,15.17,378185472000.0,309807293000.0,738776057000.0,340329102000.0,398446955000.0,184514674000.0,16440000000.0,120000000.0,,0.0978188626760263,20651688576.4068,428968764000.0,0.0481426395335553,0.0606203151935243,0.0326945896136425,0.8541390459364911,0.4629910618475257,0.1534748020640358,0.1619436634846237,-0.0271454326245333,,,78.23114789730103,78.23114789730103,False,82.98264017994097,82.98264017994097,81.79476710928098,95.0,True,True,True,True,True,False,True,True,True,True,True,True,True,True,True,False,False,13,False,0.0460400009236021,0.3624726960516848,1.0,38304606697.5,0.0027777777777777,3.0,2.0,,,,,,0.0213916972373437,-0.0616628145778118,0.3184257711872442,-0.9896104555877024,0.5523622047244094,-0.9896104555877024,0.6426383461354126,-95.0,0.8661417322834646,0.9448818897637796,0.7086614173228346,0.8425196850393701,0.8582677165354331,聯發科
18.100000381469727,18.39999961853028,17.799999237060547,17.850000381469727,971579.0,0.0720721195455125,17.59000015258789,0.0562130641646767,16.467499923706054,0.1191222943526875,17.219166564941407,0.0884146827235963,17.0158332824707,0.0101211506561433,72.41380973511085,859580.4,1.1302945018290318,0.0839532694196931,2461.TW,2026-08-13,0.0089218429760831,0.1535134805215372,neutral,0.1574074074074074,0.2398148148148148,2026-03-31,2026-05-15,1366993000.0,363766000.0,98193000.0,54528000.0,12381000.0,50019000.0,0.3,4713779000.0,2915219000.0,8380552000.0,4207146000.0,4173406000.0,1186217000.0,874467000.0,975276000.0,,0.2270576584507042,75897527.34375,5465333000.0,0.0138870819662315,0.0119851746990347,0.0059684612660359,1.0080845237678768,0.2661067028141329,0.0718313846522988,0.0365905311877968,0.0206116832638239,,,35.682269128941115,35.682269128941115,False,62.36430070762377,62.36430070762377,55.69379281295311,592.0,True,False,True,True,True,False,True,False,True,False,True,True,True,True,False,False,False,10,False,0.0366355603884285,0.0490229943577529,1.0,15343510.4679039,0.5944444444444444,0.0,3.0,,,,,,0.0827528377336005,0.0337691467741943,0.2250106251048204,-1.178734914545866,0.7401574803149605,-1.178734914545866,0.7166873351612386,-592.0,0.3858267716535433,0.0787401574803149,0.8110236220472441,0.4496062992125983,0.378740157480315,光群雷
206.0,206.0,202.5,203.0,2528373.0,0.0826666666666666,200.5,0.0740740740740741,189.6,0.1092896174863387,199.27369995117184,0.049095607235142,197.75768330891927,0.0120096076861489,64.83516483516483,3593779.55,0.7035414846188882,0.0706751054852321,2474.TW,2026-08-13,0.0089218429760831,0.1535134805215372,neutral,0.1277777777777777,0.2555555555555555,2026-03-31,2026-05-15,3773945000.0,1086984000.0,243428000.0,1851491000.0,315957000.0,1484484000.0,2.63,111490974000.0,75734641000.0,225538335000.0,82981411000.0,142556924000.0,16182860000.0,66414098000.0,,,0.1706500328654041,201887003.7996404,149803694000.0,0.0013476770726337,0.0104132718239627,0.0065819586723472,0.5820931644119931,0.2880232753789469,0.0645022648713746,0.3933507245071139,-0.1324838723321306,,,29.474595147303784,29.474595147303784,False,66.40607564025287,66.40607564025287,57.17320551701559,690.0,True,False,True,True,True,False,True,True,True,False,True,True,False,True,False,False,False,10,False,0.0186994071457557,0.0265087889550752,1.0,729537248.65,0.1435185185185185,2.0,3.0,,,,,,0.0205965900958937,-0.0396361794453794,0.1890484985815135,-1.5254387787880894,0.3543307086614173,-1.5254387787880894,0.348805397058298,-690.0,0.2992125984251969,0.1496062992125984,0.2677165354330709,0.2944881889763779,0.2480314960629921,可成
13.600000381469728,13.699999809265137,13.5,13.699999809265137,66309.0,0.0579150587680634,13.479999923706057,0.0110700823925331,13.225,0.0703124691499401,13.204166698455811,-0.0584192694382911,13.57708334128062,0.0039855731031306,62.50000000000002,113040.0,0.5865976645435245,0.0359168097743014,2509.TW,2026-08-13,0.0089218429760831,0.1535134805215372,neutral,0.2777777777777778,0.3268518518518518,2026-03-31,2026-05-15,64339000.0,17741000.0,-24855000.0,-103715000.0,440000.0,-100923000.0,-0.45,11515918000.0,9505024000.0,14164161000.0,9994241000.0,4169920000.0,916570000.0,4613123000.0,0.0,486938000.0,0.0,-24855000.0,4659137000.0,-0.0053346789330298,-0.0242026225922799,-0.0071252367153974,2.396746460363748,0.2757425511742489,-0.3863131226783133,,-0.0720024231584717,,,11.364896482710066,11.364896482710066,False,69.82177118489547,69.82177118489547,55.20755250934912,1022.0,True,False,True,True,True,True,True,True,True,False,True,True,False,True,False,False,False,11,False,0.0375512610627153,0.0090532307193544,1.0,1548647.978439331,0.8898148148148148,0.0,3.0,,,,,,0.0592407844992775,0.0156313312313554,0.2874259984916618,-1.516555027756222,0.6862204724409449,-1.516555027756222,0.7372704066719571,-1022.0,0.0236220472440944,0.0629921259842519,0.84251968503937,0.1464566929133858,0.1992125984251968,全坤建
13.949999809265137,14.050000190734863,13.899999618530272,14.050000190734863,159870.0,0.0144404190437943,14.050000190734863,0.0218181956898082,13.989999961853028,0.1422764205579614,13.552500025431316,-0.0409555934074217,13.62750001748403,0.0028673876339723,46.42859332414635,132740.75,1.2043777061678498,0.004288794070439,2516.TW,2026-08-13,0.0089218429760831,0.1535134805215372,neutral,0.2444444444444444,0.2055555555555555,2026-03-31,2026-05-15,1624343000.0,91613000.0,49137000.0,56516000.0,0.0,56516000.0,0.25,5501612000.0,4873771000.0,7116682000.0,5000833000.0,2115849000.0,1859804000.0,596780000.0,,,0.0,49137000.0,2242911000.0,0.0219076904968587,0.0267107907983981,0.0079413412036676,2.363511290266933,0.0564000337367169,0.0302503843092253,0.0347931440588594,-0.2679604746075582,,,20.556737993044667,20.556737993044667,False,64.58832483504645,64.58832483504645,53.580428124546,849.0,True,False,True,True,True,True,True,False,True,False,True,True,True,True,False,False,False,11,False,0.0367091063914397,0.03100349827252,1.0,1865007.5628182888,0.8629629629629629,0.0,3.0,,,,,,0.1466720907691089,0.1019633562194876,0.2430427218834383,0.1647409564474902,0.9094488188976376,0.1647409564474902,0.8784321272131953,-849.0,0.1338582677165354,0.0472440944881889,0.952755905511811,0.2566929133858268,0.2716535433070866,新建
42.150001525878906,42.150001525878906,41.34999847412109,41.79999923706055,1174092.0,-0.0301623963592738,42.32999954223633,0.0145630694905425,41.74250030517578,0.089960910044561,39.48083349863688,-0.1381443456276175,42.50791670481364,0.011571548718775,56.218903584220136,1336044.35,0.8787822050967095,0.0013774673645421,2539.TW,2026-08-13,0.0089218429760831,0.1535134805215372,neutral,0.2601851851851852,0.2916666666666667,2026-03-31,2026-05-15,2476909000.0,1123612000.0,1002985000.0,1009807000.0,195023000.0,814784000.0,0.68,31998835000.0,10750825000.0,32104295000.0,13379256000.0,18725039000.0,5711725000.0,397000000.0,2628180000.0,,0.1931289840533884,809279525.9292122,21353470000.0,0.0378992044819512,0.0435130735909281,0.0253792833637991,0.7145115158371633,0.4536347520235907,0.4049341336318774,0.3289519316212262,-0.5500200926952697,,,74.05495514883755,74.05495514883755,False,64.70523737395644,64.70523737395644,67.04266681767672,129.0,True,False,True,True,True,True,True,True,True,False,True,True,True,True,True,False,False,12,False,0.0587415597115936,-0.0166537794046474,0.0,55846652.810679056,0.4101851851851852,1.0,3.0,,,,,,0.0090735406534973,-0.0427614740731822,0.1618776403153298,-1.945294651641046,0.19251968503937,-1.945294651641046,0.228547872692384,-129.0,0.8188976377952756,0.5354330708661418,0.1338582677165354,0.7161417322834646,0.5968503937007874,櫻花建
45.0,46.400001525878906,44.900001525878906,46.400001525878906,16821094.0,0.0521542660167553,44.87999954223633,0.0703576276612465,44.16249961853028,0.061784913405064,43.67916653951009,0.2114883146258783,40.69083331425985,0.0083913671941294,68.6440573859261,8654337.15,1.943660584103775,0.0506652007172572,2542.TW,2026-08-13,0.0089218429760831,0.1535134805215372,neutral,0.1333333333333333,0.3435185185185185,2026-03-31,2026-05-15,16191907000.0,4874634000.0,3912933000.0,3918335000.0,698387000.0,2421313000.0,1.15,244126134000.0,168451704000.0,269504119000.0,203260373000.0,66243746000.0,18030010000.0,104829064000.0,11468836000.0,23019028000.0,0.1782356536641201,3215508829.0010934,101052415000.0,0.0318202076516537,0.0365515712230404,0.0089843265067128,3.068370756086167,0.3010537301134449,0.2416597995529495,0.1495384700517363,13.610654325020349,,,58.947380152838136,58.947380152838136,False,70.27690180047023,70.27690180047023,67.44452138856221,278.0,True,False,True,True,True,True,True,True,True,False,True,True,True,True,False,False,False,12,False,0.0622913668443667,0.1403060037509311,1.0,401561256.9654705,0.1944444444444444,1.0,3.0,,,,,,0.0854789597301638,0.1108123751636096,0.2421871037735819,0.0344483421740328,0.8681102362204726,0.0344483421740328,0.7807285283344781,-278.0,0.7086614173228346,0.5669291338582677,0.8740157480314961,0.7334645669291338,0.6992125984251969,興富發
32.95000076293945,32.95000076293945,31.350000381469727,32.29999923706055,9608837.0,0.009374976158142,32.64999923706055,0.0335999755859375,31.63749990463257,0.0730896620501437,31.14498869578044,0.1042734781901042,33.52832759221395,0.0146728604397843,50.0,5778321.35,1.6629114959139475,0.020940318749111,2605.TW,2026-08-13,0.0089218429760831,0.1535134805215372,neutral,0.2018518518518518,0.3222222222222222,2026-03-31,2026-05-15,1366845000.0,582927000.0,482738000.0,537338000.0,149979000.0,387359000.0,0.66,9807913000.0,5258125000.0,22934806000.0,5269539000.0,17665267000.0,4877423000.0,4114000000.0,,,0.2791148215834353,347998669.2584556,17676681000.0,0.0196868783941089,0.0219277183865944,0.0168895695040978,0.2982994256469489,0.4264763012631278,0.3531768415584795,0.2833964348554518,0.4444113329930603,,,75.1720503143159,75.1720503143159,False,67.10965298536524,67.10965298536524,69.1252523176029,118.0,True,False,True,True,True,True,True,True,True,False,True,True,True,True,True,False,False,12,False,0.037084956188685,-0.0366355390609655,0.0,186639775.19649065,0.2740740740740741,1.0,3.0,,,,,,0.0113381166784545,-0.0558810507921365,0.1236843359726837,-1.77654003361761,0.1811023622047244,-1.77654003361761,0.17059191314321,-118.0,0.8346456692913385,0.6456692913385826,0.0708661417322834,0.7200787401574803,0.6251968503937008,新興
14.0,14.600000381469728,14.0,14.600000381469728,665753.0,0.0895522982911154,14.15,0.0245614302785774,13.854999923706057,0.1274131734754229,13.814999961853028,0.0447553000182281,13.89709375699361,-0.0044907524923438,55.71429544565897,267223.65,2.491370056505103,0.0537712350679244,2611.TW,2026-08-13,0.0089218429760831,0.1535134805215372,neutral,0.2314814814814814,0.2314814814814814,2026-03-31,2026-05-15,353426000.0,93706000.0,35228000.0,64426000.0,5952000.0,53112000.0,0.28,2531460000.0,477345000.0,3873907000.0,1025452000.0,2848455000.0,534450000.0,60000000.0,9174000.0,,0.0923850619315183,31973459.038276475,3396562000.0,0.0094134772273482,0.0186458975128622,0.0137101897386798,0.3600028787535699,0.2651361246767357,0.0996757454177112,0.1502775687131111,1.1037011464149238,,,54.537917356638296,54.537917356638296,False,60.87644971379997,60.87644971379997,59.29181662450956,309.0,True,False,True,True,True,True,False,True,True,False,True,True,True,True,False,False,False,11,False,0.0568223251382049,0.0505793971579406,1.0,3901465.3919377336,0.7787037037037037,0.0,3.0,,,,,,0.076436734197077,0.0301521431336861,0.2284961583686321,-1.2752675772014574,0.7232283464566929,-1.2752675772014574,0.4677338153406435,-309.0,0.6771653543307087,0.2440944881889764,0.4488188976377952,0.6429133858267716,0.5015748031496063,志信
88.0999984741211,88.80000305175781,86.5,87.5,12458487.0,0.0379596302775633,86.81999969482422,0.0842627423656419,84.97499961853028,0.0789149401515849,82.10798301696778,0.1744966442953019,79.68232485453288,0.0196184334155984,51.9379854130639,11020026.75,1.1305314662689,0.0297146265702259,2615.TW,2026-08-13,0.0089218429760831,0.1535134805215372,neutral,0.112037037037037,0.3092592592592592,2026-03-31,2026-05-15,33640864000.0,7656632000.0,5825197000.0,9789626000.0,2113020000.0,7671518000.0,2.73,141008376000.0,35567443000.0,420232464000.0,133190864000.0,287041600000.0,99479800000.0,1000000000.0,42718782000.0,0.0,0.2158427707044171,4567870339.620942,384665021000.0,0.0118749303686256,0.0267261539790748,0.0182554149362434,0.4640124079575922,0.2275991484642011,0.1731583647792161,0.2280416460171772,-0.0929984351119866,,,48.73816272918027,48.73816272918027,False,67.47138850716706,67.47138850716706,62.78808206267036,389.0,True,False,True,True,True,True,True,True,True,False,True,True,True,True,False,False,False,12,False,0.0656698263056583,0.0981105302805731,1.0,964252340.625,0.1203703703703703,1.0,3.0,,,,,,0.0576297924227278,0.0186418722392958,0.2542393946503218,-0.9987428583178642,0.7251968503937009,-0.9987428583178642,0.7373915172368161,-389.0,0.5826771653543307,0.3385826771653543,0.8503937007874016,0.6228346456692913,0.562992125984252,萬海
88.30000305175781,88.30000305175781,85.19999694824219,85.19999694824219,1686867.0,-0.0035088076228984,87.3,0.0327272357362689,83.18000068664551,0.1866294335227931,78.91777089436849,0.220630275403642,75.22388553619385,0.011306989848991,53.49998474121094,2410911.3,0.6996802412432179,0.0242846386742214,2637.TW,2026-08-13,0.0089218429760831,0.1535134805215372,neutral,0.2037037037037037,0.1648148148148148,2026-03-31,2026-05-15,4338022000.0,1244039000.0,1197473000.0,1201283000.0,6082000.0,1195201000.0,1.6,8930959000.0,8128467000.0,84286573000.0,33874386000.0,50412187000.0,5975075000.0,2132536000.0,18694305000.0,992902000.0,0.0050629202277897,1191410289.726068,76158106000.0,0.0156439065032167,0.0237085726909645,0.0141802063775923,0.6719483524886551,0.2867756318432686,0.276041246448266,0.2755175054437253,0.2360516073148353,,,62.80204855376821,62.80204855376821,False,68.45888812049358,68.45888812049358,67.04467822881224,238.0,True,False,True,True,True,True,True,True,True,True,True,True,False,True,True,False,False,12,False,0.0796047073134194,0.1326189326826032,1.0,205409635.4024826,0.2657407407407407,1.0,3.0,,,,,,0.0265635355678798,-0.0255859561232757,0.1855924582406132,-1.815849190913448,0.3074803149606299,-1.815849190913448,0.3320743179161428,-238.0,0.7559055118110236,0.5433070866141733,0.2440944881889764,0.6791338582677166,0.589763779527559,慧洋-KY
46.09999847412109,46.79999923706055,46.04999923706055,46.54999923706055,124499.0,0.0208333507615927,46.029999542236325,0.0299677947343934,46.16736183166504,0.1149700416062406,44.64968719482421,0.0901638970803628,43.59776016871135,0.0051337202338531,55.0802167400299,122683.3,1.0147998953402786,0.0082880500469286,2704.TW,2026-08-13,0.0089218429760831,0.1535134805215372,neutral,0.2111111111111111,0.2444444444444444,2026-03-31,2026-05-15,378532000.0,113136000.0,11772000.0,102498000.0,43662000.0,58697000.0,0.16,22038050000.0,4179836000.0,34495152000.0,8091080000.0,26404072000.0,3958344000.0,340000000.0,400000000.0,,0.4,7063200.0,30315316000.0,0.0002329911388685,0.0022230283268429,0.0017016014308329,0.3064330380556453,0.2988809400526243,0.0310990880559635,0.1550648293935519,0.0078893625405718,,,28.393804821713665,28.393804821713665,False,66.79202189844627,66.79202189844627,57.19246762926312,710.0,True,False,True,True,True,True,True,True,True,False,True,True,True,True,False,False,False,12,False,0.0425604782838573,0.0677153839308453,1.0,5710907.521400071,0.7296296296296296,1.0,3.0,,,,,,0.041239505677527,0.0127757970511363,0.190542389463365,-1.4164344349088165,0.5102362204724409,-1.4164344349088165,0.4419723141224994,-710.0,0.2755905511811024,0.1574803149606299,0.4330708661417323,0.2992125984251969,0.2716535433070866,國賓
58.70000076293945,59.0,58.70000076293945,58.70000076293945,145477.0,0.0155709608608756,58.5,0.0262237758740007,57.68999996185303,0.0951492991418783,55.483931414286296,0.2078189836610076,52.61154902776082,0.00794967980087,63.21839685247769,198213.7,0.7339401867782095,0.0175073808589751,2832.TW,2026-08-13,0.0089218429760831,0.1535134805215372,neutral,0.2231481481481481,0.2805555555555555,2026-03-31,2026-05-15,,,514384000.0,513794000.0,96832000.0,,,,,25841065000.0,13610551000.0,12230514000.0,3713301000.0,,,,0.1884646375784847,417440805.8638287,25841065000.0,0.0161541641516643,,,1.112835568480605,,,,,,,55.14019466216183,55.14019466216183,False,70.2857296799394,70.2857296799394,66.499345925495,306.0,True,False,True,True,True,True,True,True,True,False,True,True,False,True,False,False,False,11,False,0.0579639774377103,0.1157246241118279,1.0,11635144.341225052,0.6370370370370371,1.0,3.0,,,,,,0.0526075030712294,0.0186605209816807,0.1629577027575429,-1.605671957116955,0.4767716535433071,-1.605671957116955,0.374768084147021,-306.0,0.6850393700787402,0.5118110236220472,0.2913385826771653,0.6259842519685039,0.5543307086614173,台產
158.0,161.5,158.0,161.0,313508.0,0.0254777070063694,160.5,0.0915254237288134,155.425,0.1624548736462094,146.24979527791342,0.4122807017543859,134.39156430562338,0.0238801054018445,64.83516483516483,421094.3,0.7445078216447005,0.0358693903812126,2850.TW,2026-08-13,0.0089218429760831,0.1535134805215372,neutral,0.099074074074074,0.1842592592592592,2026-03-31,2026-05-15,,,1507350000.0,1508204000.0,248433000.0,,,,,58099283000.0,36260125000.0,21839158000.0,14722947000.0,,,,0.1647210854765005,1259057671.8069968,58099283000.0,0.0216707953488341,,,1.6603261444420157,,,,,,,51.89726928896828,51.89726928896828,False,76.14911790010309,76.14911790010309,70.0861557473194,341.0,True,True,True,True,True,True,True,True,True,True,True,True,False,True,False,False,False,13,False,0.1008562418433289,0.1979918593243372,1.0,67796182.3,0.3851851851851852,2.0,3.0,,,,,,0.0118087955504469,-0.0746371014372303,0.1881787373957767,-1.929734435050789,0.221259842519685,-1.929734435050789,0.1966527208979178,-341.0,0.6456692913385826,0.7007874015748031,0.0944881889763779,0.562992125984252,0.5519685039370079,新產
9.43000030517578,9.619999885559082,9.350000381469728,9.619999885559082,12499693.0,-0.0153531796495867,9.607999992370605,0.0796857519984346,9.506500005722046,0.2493506654355597,8.702333283424377,0.2055137672388134,8.260249984264373,0.020174922096854,62.31885359984631,20778848.95,0.6015584900818098,0.0119391868478113,2867.TW,2026-08-13,0.0089218429760831,0.1535134805215372,neutral,0.1194444444444444,0.112037037037037,2026-03-31,2026-05-15,,,-260328000.0,-260476000.0,-99972000.0,,,,,1583200325000.0,1505084533000.0,78115792000.0,70736282000.0,,,,0.3838050338610851,-160412803.14501145,1583200325000.0,-0.0001013218609243,,,19.267352918856663,,,,,,,0.0,0.0,False,78.14528008934023,78.14528008934023,58.60896006700517,1079.0,True,True,True,True,True,True,True,True,True,True,True,True,False,True,False,False,False,13,False,0.1054506386100628,0.1646136501782642,1.0,199892524.52104944,0.2722222222222222,0.0,3.0,,,,,,0.0432529168252083,-0.0039109989431223,0.2034675978877757,-0.3826367437871058,0.5830708661417323,-0.3826367437871058,0.5741004874390702,-1079.0,0.0078740157480314,0.2047244094488189,0.5905511811023622,0.0952755905511811,0.1834645669291338,三商壽
100.0,100.5,98.9000015258789,99.5,14432510.0,0.0205128205128204,99.83999938964844,0.0226104509685569,97.84000015258788,0.2772785372404058,97.04494234720866,0.2772785372404058,85.83830451965332,0.0083479320299343,54.980078470279416,21253691.15,0.6790589878313914,0.0169664742929602,2882.TW,2026-08-13,0.0089218429760831,0.1535134805215372,neutral,0.2379629629629629,0.0972222222222222,2026-03-31,2026-05-15,72538053000.0,,,38391738000.0,6735806000.0,31593811000.0,,,,14450034484000.0,13633007653000.0,817026831000.0,293505959000.0,,,,0.1754493636104726,,14450034484000.0,,0.0386692453677815,0.0021864176888285,16.686119887046893,,,0.4355480977687669,-0.3173702053156907,,,13.906153918122188,13.906153918122188,False,70.1556267136127,70.1556267136127,56.09325851474007,984.0,True,False,True,True,True,True,True,True,True,True,True,True,False,True,False,False,False,12,False,0.0252981514895191,0.1591561664317209,1.0,2114742269.425,0.0722222222222222,1.0,3.0,,,,,,0.0046840495740778,-0.1203099400301348,0.353529417681492,-1.0674283527271498,0.4559055118110235,-1.0674283527271498,0.4418189472639449,-984.0,0.0629921259842519,0.0944881889763779,0.4251968503937008,0.1173228346456693,0.1448818897637795,國泰金
31.39999961853028,31.5,30.850000381469727,31.5,34310629.0,0.0294117518728946,31.129999923706052,0.0310965887615144,30.46250009536743,0.4583333075782403,28.4228175799052,0.6666667003059723,24.61682540575664,0.0092769026627303,55.86207005413445,45858786.45,0.7481800469667683,0.0340582651254663,2883.TW,2026-08-13,0.0089218429760831,0.1535134805215372,neutral,0.2074074074074074,0.0435185185185185,2026-03-31,2026-05-15,23565513000.0,,,13099615000.0,1407592000.0,11689699000.0,,,,4235032868000.0,3864021319000.0,371011549000.0,75116245000.0,,,,0.1074529289601259,,4235032868000.0,,0.0315076418281523,0.0027602380818169,10.414827596108069,,,0.4960511150340754,-0.1317078255463794,,,12.146336472811727,12.146336472811727,False,74.81919252430862,74.81919252430862,59.1509785114344,1012.0,True,False,True,True,True,True,True,True,True,True,True,True,False,True,False,False,False,12,False,0.108264510069908,0.2796126015759017,1.0,1444551773.1750002,0.0925925925925925,1.0,3.0,,,,,,0.0045412905313826,-0.1195959702273071,0.2957169909480563,-1.115555961007228,0.4314960629921259,-1.115555961007228,0.3868353470522067,-1012.0,0.0314960629921259,0.2283464566929134,0.3070866141732283,0.0728346456692913,0.1456692913385827,凱基金
37.0,37.29999923706055,36.34999847412109,37.29999923706055,41180532.0,-0.0171278395997733,37.38000030517578,0.0687678397206372,37.02250022888184,0.176656099032908,34.64701992670695,0.1035502981953433,33.65600996017456,0.0188510501424539,61.157006554970735,43898324.25,0.938088929442449,0.0074954151249413,2884.TW,2026-08-13,0.0089218429760831,0.1535134805215372,neutral,0.1379629629629629,0.1694444444444444,2026-03-31,2026-05-15,25169421000.0,,,12706707000.0,2639201000.0,10056957000.0,,,,4679436007000.0,4394289185000.0,285146822000.0,45485669000.0,,,,0.2077014131198586,,4679436007000.0,,0.0352693988642805,0.0021491814365995,15.410619533399537,,,0.3995704549580223,0.174006725249566,,,29.938092003685178,29.938092003685178,False,77.07516619933318,77.07516619933318,65.29089765042119,684.0,True,True,True,True,True,True,True,True,True,True,True,True,True,True,False,False,False,14,False,0.0765716450062881,0.1082715770882511,1.0,1637407461.0332365,0.0851851851851851,1.0,3.0,,,,,,-0.0684056551955639,-0.1713997612183018,0.1671211126566213,-1.4426053824534075,0.1574803149606299,-1.4426053824534075,0.1534667637133593,-684.0,0.3070866141732283,0.4488188976377952,0.0472440944881889,0.2681102362204725,0.2976377952755905,玉山金
69.19999694824219,70.0,68.4000015258789,69.69999694824219,18960302.0,0.0387481152495681,68.5199981689453,0.0757624625264312,65.63699436187744,0.2649727564144726,64.62493362426758,0.5715896132197889,56.75330009460449,0.0117486803172368,70.12195405614122,31147827.3,0.6087198897497419,0.0619011066223436,2885.TW,2026-08-13,0.0089218429760831,0.1535134805215372,neutral,0.124074074074074,0.1027777777777777,2026-03-31,2026-05-15,39984934000.0,,,18723853000.0,3129395000.0,14409154000.0,,,,4640879682000.0,4254342700000.0,386536982000.0,77947312000.0,,,,0.167134136334012,,4640879682000.0,,0.0372775560192064,0.0031048324859373,11.00630184979299,,,0.360364581319554,0.2805185364050884,,,38.0190051862678,38.0190051862678,False,73.8667588851953,73.8667588851953,64.90482046046343,559.0,True,False,True,True,True,True,True,True,True,True,True,True,False,True,False,False,False,12,False,0.0785310411842163,0.2281223617314993,1.0,2171003467.754375,0.0703703703703703,1.0,3.0,,,,,,-0.1080460893175963,-0.205183591896823,0.1563020040749256,-1.469753176982291,0.124015748031496,-1.469753176982291,0.1704443855398937,-559.0,0.4094488188976378,0.4330708661417323,0.0629921259842519,0.3574803149606299,0.3472440944881889,元大金
35.70000076293945,36.29999923706055,35.25,36.20000076293945,57400884.0,0.0492753844330275,35.69000091552734,0.0413182067922832,34.80193119049072,0.5146444075619427,31.868701903025308,0.5114822384037587,28.041434256235764,0.0072595506129013,59.192810997537045,61254497.65,0.9370884784327344,0.0401721836870576,2887.TW,2026-08-13,0.0089218429760831,0.1535134805215372,neutral,0.1879629629629629,0.0314814814814814,2026-03-31,2026-05-15,47867456000.0,,,25588754000.0,4532177000.0,21040510000.0,,,,9064708955000.0,8465511408000.0,599197547000.0,97795796000.0,,,,0.1771159705548773,,9064708955000.0,,0.035114479532407,0.0023211456765409,14.12808088147931,,,0.439557723727787,0.933005034802805,,,37.907562917661295,37.907562917661295,False,79.91376826748116,79.91376826748116,69.4122169300262,560.0,True,True,True,True,True,True,True,True,True,True,True,True,True,True,False,False,False,14,False,0.135910740045015,0.2909468336088912,1.0,2217412861.6634727,0.0685185185185185,1.0,3.0,,,,,,-0.1224466269318912,-0.2237619411920774,0.156838949327029,-1.6792516678845288,0.0681102362204724,-1.6792516678845288,0.0824844863142107,-560.0,0.4015748031496063,0.6692913385826772,0.0078740157480314,0.34251968503937,0.4031496062992126,台新新光金
40.20000076293945,40.20000076293945,39.29999923706055,39.95000076293945,18012908.0,0.0322997409653036,39.34000015258789,0.0517697141548108,39.02211227416992,0.3406040867697719,36.90524899164836,0.3163097285274181,34.28762447039286,0.0052517988591447,59.58905756015992,35947280.15,0.5010923754129977,0.023778530548274,2890.TW,2026-08-13,0.0089218429760831,0.1535134805215372,neutral,0.1675925925925926,0.0703703703703703,2026-03-31,2026-05-15,26199317000.0,,,13172491000.0,2157069000.0,10973530000.0,,,,3820349236000.0,3552231164000.0,268118072000.0,41779009000.0,,,,0.163755587306911,,3820349236000.0,,0.0409279759403909,0.0028723892299148,13.24875692825361,,,0.4188479417230609,0.4040584778805451,,,40.18365017296791,40.18365017296791,False,78.62679335327459,78.62679335327459,69.01600755819793,506.0,True,True,True,True,True,True,True,True,True,True,True,True,False,True,False,False,False,13,False,0.082501862322623,0.1651434411105388,1.0,1436093869.4180982,0.0935185185185185,1.0,3.0,,,,,,-0.0832609318887259,-0.1867499370397761,0.1662831634517013,-1.5466795150694532,0.1271653543307087,-1.5466795150694532,0.1356800920090202,-506.0,0.4724409448818897,0.6220472440944882,0.0393700787401574,0.4074803149606299,0.4307086614173228,永豐金
66.30000305175781,66.5,65.19999694824219,66.5,27681043.0,0.0294117890210174,66.4,0.0555555555555555,64.25000019073487,0.150519046328311,65.60240783691407,0.2862669055832927,59.467037264506025,0.0051628881248904,64.94845441910844,38617753.0,0.7167957959646176,0.0350194521803222,2891.TW,2026-08-13,0.0089218429760831,0.1535134805215372,neutral,0.1583333333333333,0.1962962962962963,2026-03-31,2026-05-15,59859484000.0,,,28299359000.0,4691107000.0,23103564000.0,,,,9627795130000.0,9033405624000.0,594389506000.0,137297531000.0,,,,0.165767252890781,,9627795130000.0,,0.0388694009008967,0.0023996734130756,15.197787869424465,,,0.3859633003184591,-0.0259120213272754,,,18.776914292805223,18.776914292805223,False,63.87370869749896,63.87370869749896,52.59951009632552,882.0,True,False,True,True,True,False,True,True,True,False,True,True,False,True,False,False,False,10,False,0.0136823051574161,0.1182665735340362,1.0,2568080574.5,0.0583333333333333,1.0,3.0,,,,,,-0.0532634200223924,-0.1725006181465625,0.2051278202968315,-1.179009241883206,0.2582677165354331,-1.179009241883206,0.2685049935017521,-882.0,0.1102362204724409,0.0393700787401574,0.1496062992125984,0.1161417322834645,0.0968503937007874,中信金
16.350000381469727,16.350000381469727,15.800000190734863,16.200000762939453,1328313.0,0.0,16.379999923706055,0.0451613395444807,16.235000085830688,0.2134831685417497,15.180833339691162,0.0451613395444807,14.843333339691162,0.0148460665937878,52.00000915528043,1261144.1,1.0532602896052876,-0.0021557944383246,2905.TW,2026-08-13,0.0089218429760831,0.1535134805215372,neutral,0.1787037037037037,0.1398148148148148,2026-03-31,2026-05-15,29552820000.0,,,,-68929000.0,32878000.0,0.03,133124099000.0,1468399841000.0,1617410517000.0,62246052000.0,86764624000.0,72610211000.0,2757000000.0,7269508000.0,,,,149010676000.0,,0.0003789332389661,2.032755423217024e-05,0.717412801788895,,,0.0011125165043471,-0.4161502905041906,,,21.27042291580655,21.27042291580655,False,66.58736443776306,66.58736443776306,55.25812905727393,839.0,True,False,True,True,False,True,True,True,True,True,True,True,True,True,False,False,False,12,False,0.0671351434037299,0.0913991077476212,1.0,20430535.382176597,0.5546296296296296,0.0,3.0,,,,,,0.0623639218689635,0.000736131163782,0.1773781376997432,-1.8119754361520728,0.4393700787401575,-1.8119754361520728,0.4227891121038961,-839.0,0.1417322834645669,0.0708661417322834,0.3858267716535433,0.1783464566929133,0.1692913385826771,三商
54.79999923706055,54.79999923706055,53.5,54.09999847412109,2689778.0,0.0566405794525057,53.5,0.0628683871676574,52.0,0.232346163865833,50.1919443766276,0.0383877170551825,48.79805564880371,0.0179134024093269,66.666650968321,2424733.0,1.1093089424691296,0.04038458604079,2915.TW,2026-08-13,0.0089218429760831,0.1535134805215372,neutral,0.149074074074074,0.1231481481481481,2026-03-31,2026-05-15,418613000.0,187104000.0,-8207000.0,2736586000.0,18591000.0,2708283000.0,2.59,4840429000.0,1001903000.0,130249863000.0,12898049000.0,117351814000.0,3969846000.0,450000000.0,9445000000.0,,0.0067935010995452,-8151245.736476032,129247960000.0,-6.306672644176382e-05,0.0230783224194557,0.0207929815634431,0.1099092426470714,0.4469617522628298,-0.019605220095888,,-0.3549697834454577,,,42.46996725529738,42.46996725529738,False,75.42908524435933,75.42908524435933,67.18930574709384,472.0,True,True,True,True,True,True,True,True,True,True,True,True,True,True,False,False,False,14,False,0.077862177806232,0.108650698369523,1.0,131178051.60015105,0.3111111111111111,1.0,3.0,,,,,,0.0719861899886721,0.0224247776089202,0.2156609845071811,-1.4143952621361526,0.6598425196850394,-1.4143952621361526,0.64422827256887,-472.0,0.5039370078740157,0.5511811023622047,0.7165354330708661,0.5358267716535433,0.5606299212598426,潤泰全
69.5,72.4000015258789,68.9000015258789,69.30000305175781,1315214.0,0.1398026960749714,68.13999938964844,0.0500000462387546,60.45289878845215,0.1745763229111494,63.32429949442545,0.448275972030336,58.02923301060994,0.0163072092533324,69.9231973323971,1064850.1,1.235116567111183,0.1463470642535285,3003.TW,2026-08-13,0.0089218429760831,0.1535134805215372,neutral,0.1694444444444444,0.1703703703703703,2026-03-31,2026-05-15,1263159000.0,291390000.0,111988000.0,120680000.0,40410000.0,73811000.0,0.47,6542183000.0,1409389000.0,8333214000.0,1821129000.0,6512085000.0,2249606000.0,451528000.0,158298000.0,,0.3348525024859131,74488537.95160756,6923825000.0,0.0107582929885731,0.0113344650753176,0.0088574468386387,0.2796537514482689,0.2306835481518953,0.0886570890917137,0.0584336572038832,0.2552234771772852,,,47.83935568476647,47.83935568476647,False,67.7020484306705,67.7020484306705,62.73637524419449,397.0,True,False,True,True,True,False,True,True,True,True,False,True,True,True,False,False,False,11,False,0.0943666744842304,0.194225728247815,1.0,73794115.17966461,0.375,1.0,3.0,,,,,,0.0274446796832245,-0.0275389356598167,0.2157417262318291,-1.4497196808531816,0.4433070866141732,-1.4497196808531816,0.5055038528170435,-397.0,0.5590551181102362,0.3228346456692913,0.4960629921259842,0.5496062992125984,0.4755905511811024,健和興
116.5,117.0,114.0,114.5,3497626.0,-0.0086580086580086,114.6,0.0088105726872247,113.125,0.1624365482233503,108.01999994913736,0.099695695352131,107.34182205200196,0.0011061946902654,54.54545454545455,3878932.85,0.9016980018099564,0.0121546961325966,3005.TW,2026-08-13,0.0089218429760831,0.1535134805215372,neutral,0.287962962962963,0.1851851851851851,2026-03-31,2026-05-15,9308269000.0,2890739000.0,1257624000.0,1391228000.0,215931000.0,1087413000.0,1.74,34157049000.0,19619666000.0,51413542000.0,24716257000.0,26697285000.0,14015961000.0,1317501000.0,1977017000.0,,0.1552089233396682,1062429532.993873,31793876000.0,0.0334161689815319,0.0407312204218518,0.0211503226134468,0.9257966493596632,0.3105560228222884,0.1351082569702272,0.1168222577151562,-0.0255358141879895,,,60.64311592085046,60.64311592085046,False,65.57265565414737,65.57265565414737,64.34027072082314,256.0,True,False,True,True,True,True,True,True,False,True,True,True,True,True,True,False,False,12,False,0.0599888914452306,0.0666858248831498,1.0,444137811.325,0.187037037037037,2.0,3.0,,,,,,0.0428675531280195,0.0016052071263929,0.2297675149581032,-1.005870710129369,0.5988188976377953,-1.005870710129369,0.6612572473798163,-256.0,0.7480314960629921,0.4251968503937008,0.7480314960629921,0.7480314960629921,0.6511811023622047,神基
4655.0,4825.0,4545.0,4660.0,2184729.0,0.0167706732368335,4444.91318359375,0.0938967136150235,4155.051623535156,0.45625,4164.433874511718,1.047945725043553,3327.158406575521,0.0166947015881627,66.2528282550752,2081579.35,1.049553551729844,0.1215263785423752,3008.TW,2026-08-13,0.0089218429760831,0.1535134805215372,neutral,0.0944444444444444,0.0444444444444444,2026-03-31,2026-05-15,15544079000.0,7679569000.0,5812218000.0,7287959000.0,1112047000.0,6123204000.0,46.63,159095122000.0,39536493000.0,226385533000.0,39762818000.0,186622715000.0,119023098000.0,146000.0,,,0.1525868902390916,4925349729.988327,186849040000.0,0.026360048357692,0.0328106040039123,0.0270476824152893,0.213065263786351,0.4940510788706104,0.3739184547376528,0.3939251724080918,0.0661796222311039,,,76.94531754874203,76.94531754874203,False,75.63202598099848,75.63202598099848,75.96034887293436,100.0,True,True,True,True,True,False,True,True,True,True,True,True,True,True,True,False,False,13,False,0.1189996384673983,0.4005945706673781,1.0,9700159771.0,0.0212962962962962,3.0,2.0,,,,,,-0.0442516618066506,-0.1088783522711725,0.2412501918483897,-1.5525570048833457,0.2905511811023622,-1.5525570048833457,0.2964441816096517,-100.0,0.8503937007874016,0.84251968503937,0.2047244094488189,0.7535433070866142,0.7188976377952756,大立光
13.0,13.649999618530272,13.0,13.649999618530272,96556.0,-0.0586207159634295,13.45999984741211,0.1617020951940657,13.767499971389771,0.4645922817047598,12.12433336575826,0.1188524452405279,11.829999995231628,0.0297307361203394,52.91479659537401,142829.7,0.6760218638000359,-0.0085346179846506,3018.TW,2026-08-13,0.0089218429760831,0.1535134805215372,neutral,0.0444444444444444,0.0416666666666666,2026-03-31,2026-05-15,81164000.0,-2098000.0,-46204000.0,-50483000.0,209000.0,-50692000.0,-0.67,945217000.0,679342000.0,1197882000.0,686677000.0,511205000.0,41701000.0,76378000.0,0.0,0.0,0.0,-46204000.0,518540000.0,-0.0891040228333397,-0.0991617844113418,-0.042318024646835,1.3432517287585215,-0.0258488985264402,-0.5692671627815288,-0.6245626139667833,-0.5865792596893894,,,8.765863869002532,8.765863869002532,False,73.64144066152667,73.64144066152667,57.42254646339564,1051.0,True,False,True,True,False,True,True,True,True,True,True,True,False,True,False,False,False,11,False,0.1258350629883555,0.153846122065278,1.0,1949625.3505147933,0.8583333333333333,0.0,3.0,,,,,,0.1100088515918054,0.0195307435051532,0.3584118149661499,-0.2528238695073745,0.8984251968503938,-0.2528238695073745,0.6649745445422264,-1051.0,0.0157480314960629,0.1732283464566929,0.7559055118110236,0.126771653543307,0.2110236220472441,隆銘綠能
106.5,107.0,98.0,98.0999984741211,4969570.0,-0.0238806121978,105.51999969482422,0.1568395630156476,93.34999961853028,0.4405286442319143,85.85833358764648,0.6214875780846463,75.55916674931844,0.0517717232556477,53.590191404277626,4156219.2,1.1956948757659365,0.0508837587038182,3022.TW,2026-08-13,0.0089218429760831,0.1535134805215372,neutral,0.0472222222222222,0.0462962962962962,2026-03-31,2026-05-15,1592354000.0,448280000.0,36432000.0,189589000.0,22663000.0,168988000.0,0.96,10450596000.0,3234728000.0,16026933000.0,4335529000.0,11691404000.0,3432970000.0,92494000.0,,,0.1195375259113134,32077008.85599903,12792205000.0,0.0025075433716078,0.0144540381976364,0.0105440011510624,0.3708304836613293,0.281520315206292,0.0228793346203168,0.1061246431383976,-0.1038362140769989,,,30.04604328275842,30.04604328275842,False,80.06390912071318,80.06390912071318,67.5594426612245,680.0,True,True,True,True,True,True,True,True,True,True,True,True,True,True,False,False,False,14,False,0.1425798099607651,0.2983202792532911,1.0,407725097.1781128,0.1925925925925926,1.0,3.0,,,,,,0.0495601094142251,-0.045091917347399,0.27944086154914,-1.312813494235927,0.5877952755905511,-1.312813494235927,0.534949340189378,-680.0,0.3149606299212598,0.5748031496062992,0.5433070866141733,0.3492125984251968,0.4385826771653542,威強電
111.0,113.0,111.0,111.5,2206454.0,0.0136363636363636,109.3,0.0669856459330142,105.7400001525879,0.17989417989418,103.20333340962728,0.0488889169590469,102.50920906066897,0.0156077414168798,61.75548814262712,1464549.5,1.506575230130494,0.054473234718178,3029.TW,2026-08-13,0.0089218429760831,0.1535134805215372,neutral,0.1425925925925926,0.1685185185185185,2026-03-31,2026-05-15,6876938000.0,811379000.0,385472000.0,424218000.0,78018000.0,295873000.0,1.77,12286821000.0,7803745000.0,15126326000.0,8760650000.0,6365676000.0,2911146000.0,3716000.0,,,0.1839101593991768,314579783.0360805,7322581000.0,0.0429602326059732,0.0464794312497211,0.0195601364138258,1.3762324692617092,0.1179855045952137,0.0560528537555522,0.0430239446683974,0.0168646985516829,,,48.26050505492552,48.26050505492552,False,84.43072446727585,84.43072446727585,75.38816961418826,395.0,True,True,True,True,True,True,True,True,True,True,True,True,True,True,False,False,False,14,False,0.0803914594254644,0.0877071535495894,1.0,163297269.25,0.2851851851851852,2.0,3.0,,,,,,0.0432444525717827,-0.0133445114904219,0.2182657374361682,-0.7390546968024326,0.5787401574803149,-0.7390546968024326,0.6137524427093672,-395.0,0.5669291338582677,0.8188976377952756,0.6614173228346457,0.5811023622047243,0.6614173228346457,零壹
542.0,545.0,531.0,538.0,3658219.0,-0.009208103130755,539.8,0.1410392364793213,513.3,0.1386243386243386,505.06959126790366,0.4270557029177719,456.6056289672852,0.0302057200200701,61.07142857142857,4321697.55,0.8464773292615074,0.0481200077927139,3034.TW,2026-08-13,0.0089218429760831,0.1535134805215372,neutral,0.0555555555555555,0.2129629629629629,2026-03-31,2026-05-15,23145303000.0,9039901000.0,4027546000.0,4389348000.0,622236000.0,3767112000.0,6.19,79261926000.0,21790635000.0,103666583000.0,31738768000.0,71927815000.0,48919537000.0,,,,0.1417604619182621,3456599218.642951,81875948000.0,0.0422175169030464,0.0523735080788982,0.036338730292673,0.4412586146263444,0.390571728527382,0.1740113750077067,0.1627592432036858,-0.1465659805926223,,,75.54535048945058,75.54535048945058,False,81.93989482928701,81.93989482928701,80.3412587443279,116.0,True,True,True,True,True,True,True,True,True,False,True,True,True,True,True,False,False,13,False,0.0651997453448529,0.1782596750215415,1.0,2325073281.9,0.0648148148148148,3.0,3.0,,,,,,0.0737441489343326,0.0146064034798354,0.3150681876185063,-0.7402489963921514,0.8216535433070866,-0.7402489963921514,0.850343583890249,-116.0,0.84251968503937,0.9291338582677166,0.9212598425196852,0.8543307086614171,0.884251968503937,聯詠
62.29999923706055,63.0,60.29999923706055,61.0,992658.0,0.0931899791046193,59.87999954223633,0.1254612387701332,55.15000038146973,0.1890838383469586,55.05684553782145,0.2298387475117946,51.721756076812746,0.0253788221846917,67.85714772282947,560574.05,1.7707883552583283,0.1060743350510631,3046.TW,2026-08-13,0.0089218429760831,0.1535134805215372,neutral,0.0712962962962963,0.1601851851851851,2026-03-31,2026-05-15,1818011000.0,164863000.0,94671000.0,110981000.0,17198000.0,94001000.0,1.2,3347000000.0,2193135000.0,3800793000.0,2266693000.0,1534100000.0,1823720000.0,113083000.0,,,0.1549634622142529,80000454.06871447,1607658000.0,0.0497621098944641,0.0612743628185907,0.0247319440969292,1.4775392738413402,0.0906831696837918,0.0520739423468834,0.0517054077230555,0.0112825744495272,,,51.57995742194333,51.57995742194333,False,83.65372008321793,83.65372008321793,75.63527941789928,345.0,True,True,True,True,True,True,True,True,True,True,True,True,True,True,False,False,False,14,False,0.1079457859258552,0.1793876431691143,1.0,34195017.050000004,0.4842592592592593,1.0,3.0,,,,,,0.0789072378311379,0.0243496444826509,0.2889816795828198,-0.1242146270478748,0.8578740157480313,-0.1242146270478748,0.8735023007959917,-345.0,0.6220472440944882,0.8346456692913385,0.9448818897637796,0.6704724409448819,0.7503937007874015,建碁
196.0,199.5,193.5,197.0,72179734.0,0.0395778364116095,191.6,0.3447098976109215,176.125,0.4867924528301885,162.74108327229817,0.5212355212355213,148.44970830281576,0.0716458777000304,60.8433734939759,102560237.15,0.7037789303707748,0.1185237757274662,3231.TW,2026-08-13,0.0089218429760831,0.1535134805215372,neutral,0.0092592592592592,0.0361111111111111,2026-03-31,2026-05-15,846303026000.0,44093947000.0,29137265000.0,23507511000.0,5486748000.0,9630739000.0,3.06,1303491429000.0,1086171892000.0,1469121920000.0,1193994744000.0,275127176000.0,100033488000.0,354877446000.0,39108580000.0,51333618000.0,0.2334040383943668,22336509681.23316,382950028000.0,0.0583274789086401,0.0350046808898296,0.0065554389114281,4.339792096728387,0.0521018425378996,0.0344288796150422,0.0113797761606963,1.4425382266616515,,,39.08905119727999,39.08905119727999,False,93.52239630392874,93.52239630392874,79.91406002726656,531.0,True,True,True,True,True,True,True,True,True,True,True,True,False,True,False,False,False,13,False,0.2105117898863917,0.3270487510702864,1.0,20204366718.550003,0.0083333333333333,2.0,3.0,,,,,,0.1381147095605575,0.0133261328153509,0.2887486655145312,-0.267228458918885,0.8724409448818898,-0.267228458918885,0.8979184215345175,-531.0,0.4330708661417323,0.9212598425196852,0.9763779527559056,0.5145669291338583,0.6881889763779527,緯創
13.850000381469728,14.0,13.699999809265137,14.0,84868.0,0.018181818181818,13.910000038146972,0.0371747088452034,13.739551973342897,0.1522634106628486,13.38446536064148,0.0447761491455578,13.43514932791392,0.0111238992714159,64.28572401710079,54884.75,1.5462947357872634,0.0189560785651832,3266.TW,2026-08-13,0.0089218429760831,0.1535134805215372,neutral,0.1944444444444444,0.1935185185185185,2026-03-31,2026-05-15,508760000.0,129118000.0,60784000.0,58332000.0,13161000.0,43683000.0,0.12,12792293000.0,7165124000.0,13882400000.0,7442761000.0,6439639000.0,986601000.0,4625000000.0,151500000.0,,0.2256222999382843,47069774.120551325,6717276000.0,0.0070072711201015,0.0067834547868288,0.003146646113064,1.155773017711086,0.2537896061011085,0.1194748014781036,0.0858617029640695,1.0270049523688098,,,43.42781225211624,43.42781225211624,False,76.81002858558419,76.81002858558419,68.4644745022172,458.0,True,True,True,True,True,True,True,True,True,False,True,True,True,True,False,False,False,13,False,0.0459887356553343,0.0420427535488943,1.0,768386.5,0.9518518518518518,0.0,3.0,,,,,,0.0978674432274012,0.056492964626373,0.2462085462197795,-0.9169616590750675,0.8299212598425197,-0.9169616590750675,0.7004640409533979,-458.0,0.5196850393700787,0.5905511811023622,0.7874015748031497,0.5598425196850393,0.594488188976378,昇陽
61.5,64.30000305175781,61.5,62.900001525878906,1420628.0,0.1212121789075388,58.97999954223633,0.0553691801383302,57.38999977111816,0.1095282509562016,58.89418697357178,0.4112730093445753,53.67508370081584,-0.0045963049706074,61.38613954874416,468300.05,3.033584984669551,0.0960097887565019,3356.TW,2026-08-13,0.0089218429760831,0.1535134805215372,neutral,0.1601851851851851,0.2546296296296296,2026-03-31,2026-05-15,281264000.0,139594000.0,10233000.0,198018000.0,20957000.0,176986000.0,2.21,2893011000.0,391712000.0,3096581000.0,420305000.0,2676276000.0,809972000.0,50000000.0,,,0.1058338130876991,9150002.590673575,2704869000.0,0.0033827895512402,0.0661314453367291,0.0571552948235489,0.157048450907156,0.4963095170373741,0.0363821889754821,0.6292522327777462,0.0806540849572754,,,63.62657398368869,63.62657398368869,False,61.40047549036313,61.40047549036313,61.95700011369452,230.0,True,False,True,True,True,False,False,True,True,False,False,True,False,True,True,False,False,8,False,0.0680171466515822,0.1718659234232895,1.0,29456073.85956917,0.5092592592592593,1.0,3.0,,,,,,0.049311069793978,-0.0136141407398299,0.1671243094966316,-1.532585021993751,0.4220472440944881,-1.532585021993751,0.5143914387202024,-230.0,0.7637795275590551,0.3070866141732283,0.5118110236220472,0.7259842519685039,0.5763779527559055,奇偶
189.0,190.5,187.0,188.0,347791.0,0.0080428954423592,189.7,0.0930232558139534,177.125,0.1291291291291292,177.49636001586913,0.3101045296167246,165.70234667460124,0.0156249999999999,53.10344827586208,695289.0,0.5002107037505268,0.0613973182780522,3416.TW,2026-08-13,0.0089218429760831,0.1535134805215372,neutral,0.0962962962962963,0.2277777777777777,2026-03-31,2026-05-15,946676000.0,345733000.0,142827000.0,161912000.0,16386000.0,144945000.0,1.8,2786217000.0,1757760000.0,5068550000.0,1824098000.0,3244452000.0,394852000.0,,12996000.0,,0.101203122683927,128372461.59642276,3310790000.0,0.0387739668165068,0.044674724730093,0.0285969360073393,0.5622206770203412,0.3652073148574591,0.1508721040778471,0.1531094059636031,0.1820639382069682,,,79.62654194597235,79.62654194597235,False,62.75916349635112,62.75916349635112,66.97600810875642,88.0,True,False,True,True,True,False,True,True,True,False,True,True,False,True,True,False,False,10,False,0.0591766500630874,0.1345644993742054,1.0,130714332.0,0.312037037037037,2.0,2.0,,,,,,0.0037044847271725,-0.0881780586116927,0.2355527096536383,-1.329570296876906,0.3681102362204724,-1.329570296876906,0.3929129691779066,-88.0,0.8740157480314961,0.5196850393700787,0.3149606299212598,0.7901574803149607,0.6559055118110236,融程電
227.0,237.0,226.0,236.0,2214128.0,0.1002331002331002,220.9,0.1373493975903614,206.925,0.0776255707762556,223.74971593221028,0.0702947845804988,222.9498579661052,0.0164558516517255,71.85185185185185,674512.65,3.28255963768804,0.1405098465627643,3515.TW,2026-08-13,0.0089218429760831,0.1535134805215372,neutral,0.0592592592592592,0.3111111111111111,2026-03-31,2026-05-15,13366639000.0,1999582000.0,965368000.0,994219000.0,142487000.0,511865000.0,4.14,26619209000.0,14322582000.0,28675459000.0,14380132000.0,14295327000.0,5027744000.0,0.0,,,0.1433155069456528,827015795.690889,14352877000.0,0.0576202106163725,0.0358064561936918,0.0178502809667318,1.0059323581755073,0.1495949729771261,0.0722221943751155,0.0382942189132211,0.2776120330274545,,,59.385527806705504,59.385527806705504,False,65.44444444444444,65.44444444444444,63.929715285009706,273.0,True,False,True,True,True,False,True,True,True,False,False,True,False,True,False,False,False,9,False,0.0547499424379211,0.0585339777874127,1.0,159184985.4,0.2916666666666667,2.0,3.0,,,,,,0.0245855201881734,-0.0146802927388344,0.1889019637975594,-0.8106148757196153,0.4692913385826772,-0.8106148757196153,0.4634089840237066,-273.0,0.7244094488188977,0.4015748031496063,0.4409448818897638,0.6818897637795276,0.5708661417322834,華擎
238.0,238.0,234.0,238.0,392503.0,0.0415754923413567,233.6,0.16971182880788,216.9173225402832,0.2625994694960212,215.72992986043292,0.2460732984293194,200.23163159688315,0.0171267510504447,68.65671641791045,428598.4,0.9157827000754084,0.0971922261109485,3617.TW,2026-08-13,0.0089218429760831,0.1535134805215372,neutral,0.0416666666666666,0.1046296296296296,2026-03-31,2026-05-15,2931932000.0,1579254000.0,476843000.0,521769000.0,118652000.0,388950000.0,4.13,10475363000.0,3752308000.0,14792411000.0,5524979000.0,9267432000.0,4373481000.0,0.0,,1434491000.0,0.2274033144935785,368407321.3069385,11040103000.0,0.033369917047598,0.0419695553201793,0.026293888129528,0.5961715176329322,0.5386393681708853,0.1626378101538507,0.1326599661929403,0.0219561852265348,,,74.61371274804436,74.61371274804436,False,80.72614874860447,80.72614874860447,79.19803974846444,123.0,True,True,True,True,True,True,True,True,True,True,True,True,True,True,True,False,False,14,False,0.1032312491547868,0.1886233863346531,1.0,102006419.2,0.3351851851851852,2.0,3.0,,,,,,0.0428968324146548,-0.0113475612792748,0.2425330223402438,-1.373057281488528,0.5618110236220473,-1.373057281488528,0.5309962513170017,-123.0,0.8267716535433071,0.905511811023622,0.5354330708661418,0.7830708661417323,0.7921259842519685,碩天
37.20000076293945,38.20000076293945,36.5,38.0,2001169.0,0.1111110863242548,36.62000045776367,0.2337662643275635,32.22000007629394,0.296928361415625,34.19377212524414,0.3595706247846129,31.266469383239745,0.0426649851750749,69.5501875802374,1375715.15,1.4546390653617502,0.1793916793922891,3652.TW,2026-08-13,0.0089218429760831,0.1535134805215372,neutral,0.025,0.0879629629629629,2026-03-31,2026-05-15,620782000.0,216758000.0,32315000.0,36403000.0,6166000.0,30132000.0,0.4,2208650000.0,758801000.0,2721709000.0,839191000.0,1882518000.0,544591000.0,,,,0.1693816443699695,26841432.16218444,1962908000.0,0.0136743200201866,0.0160062214544562,0.0110709851787975,0.4457811293172229,0.3491692735936287,0.0520553108820809,0.0485387785083974,0.1012201049453453,,,46.42890186010385,46.42890186010385,False,76.3393763814545,76.3393763814545,68.86175775111684,410.0,True,True,True,True,True,False,True,True,True,True,False,True,True,False,False,False,False,11,False,0.1113134830756461,0.2153594809259063,1.0,52277175.7,0.4231481481481481,1.0,3.0,,,,,,0.0456011518484173,-0.0339377445373476,0.275789760511744,-1.4004834179160428,0.5826771653543307,-1.4004834179160428,0.7219436020132752,-410.0,0.5511811023622047,0.6141732283464567,0.8188976377952756,0.5913385826771653,0.6236220472440945,精聯
4500.0,4670.0,4415.0,4635.0,974366.0,0.0415730337078652,4337.0,0.3737196919967074,3784.186279296875,0.5297029702970297,3641.647961425781,0.3835820895522388,3786.1989807128903,0.080210346415781,71.86932849364791,1583247.4,0.6154224538754967,0.2248339954504594,3653.TW,2026-08-13,0.0089218429760831,0.1535134805215372,neutral,0.0064814814814814,0.0305555555555555,2026-03-31,2026-05-15,5305216000.0,2216652000.0,1696566000.0,1775586000.0,371056000.0,1398199000.0,9.53,20477674000.0,8468040000.0,30307238000.0,8909881000.0,21397357000.0,10253854000.0,,,,0.2089766420776014,1342023334.256972,21839198000.0,0.0614502114160498,0.0653444722168256,0.0461341610871963,0.4164010069094047,0.4178250235240186,0.3197920687866432,0.2635517573648274,0.116346562150301,,,88.8947474261209,88.8947474261209,False,84.04166666666666,84.04166666666666,85.25493685653022,39.0,True,True,True,True,True,True,True,True,True,True,True,True,False,False,True,False,False,12,False,0.2727754162665685,0.2241828872732123,1.0,7338351699.0,0.0287037037037037,3.0,2.0,,,,,,0.0151226724507651,-0.1048980434422366,0.2139915523589539,-1.6401820543935226,0.2917322834645669,-1.6401820543935226,0.30059867553549,-39.0,0.9448818897637796,0.9763779527559056,0.2125984251968504,0.8350393700787402,0.8078740157480315,健策
2180.0,2275.0,2165.0,2205.0,2618600.0,-0.069620253164557,2190.0,0.1278772378516623,2136.25,0.1221374045801526,2084.201973470052,0.5978260869565217,2078.5593200683597,0.0395906941931409,50.0,3672808.45,0.7129693899500803,0.032182562902282,3665.TW,2026-08-13,0.0089218429760831,0.1535134805215372,neutral,0.0685185185185185,0.2361111111111111,2026-03-31,2026-05-15,20863649000.0,6001841000.0,3108361000.0,3043227000.0,769751000.0,2273834000.0,11.66,52902105000.0,23706185000.0,85600663000.0,38964135000.0,46636528000.0,12968524000.0,2321009000.0,3082678000.0,8542272000.0,0.2529390676410271,2322135066.768269,61894478000.0,0.0375176452214084,0.0487565026281544,0.026563275567153,0.8354853302973154,0.2876697647664605,0.1489845328590411,0.1089854416166606,0.2942080053793907,,,78.1830301662937,78.1830301662937,False,69.7235469085235,69.7235469085235,71.83841772296606,96.0,True,False,True,True,True,True,True,True,True,False,True,True,False,True,True,False,False,11,False,0.0579588869349487,0.0608309220289571,1.0,8098542632.25,0.0268518518518518,3.0,2.0,,,,,,0.0162277283905036,-0.063479917278931,0.2705508020425967,-1.3277794397584677,0.4629921259842519,-1.3277794397584677,0.5702626139836655,-96.0,0.8582677165354331,0.7559055118110236,0.5826771653543307,0.8169291338582677,0.7724409448818897,貿聯-KY
93.0,93.5,91.4000015258789,91.6999969482422,9649119.0,-0.0129171642403301,91.73999938964845,0.0200221956820005,90.15000038146972,0.1419675400153652,89.07333374023438,0.1622306105807227,85.15750039418539,0.0048486857807793,50.81965880381225,12829430.55,0.7521081284469013,0.0171935281221704,3706.TW,2026-08-13,0.0089218429760831,0.1535134805215372,neutral,0.2472222222222222,0.2083333333333333,2026-03-31,2026-05-15,31863922000.0,2934046000.0,1186173000.0,1645175000.0,108264000.0,1460985000.0,1.1,82662619000.0,48216898000.0,135913012000.0,68280278000.0,67632734000.0,9782105000.0,1879510000.0,7968750000.0,,0.0658069810202562,1108114535.9022596,87696114000.0,0.0126358453682709,0.0216017439129401,0.0107494122784947,1.009574417027116,0.0920805040886052,0.0372262083744744,0.0458507587358517,0.3464486758783238,,,39.67324991044731,39.67324991044731,False,63.80779401018087,63.80779401018087,57.77415798524748,515.0,True,False,True,True,True,True,True,True,True,False,True,True,False,True,False,False,False,11,False,0.0294887717537102,0.0768281892231719,1.0,1176458742.2826853,0.1083333333333333,1.0,3.0,,,,,,0.0376888963630229,-0.0120453685868997,0.1712303369669328,-1.7045184139869094,0.3381889763779527,-1.7045184139869094,0.4021503948035906,-515.0,0.4488188976377952,0.1889763779527559,0.3385826771653543,0.4322834645669291,0.3488188976377953,神達
23.25,23.25,21.700000762939453,22.200000762939453,1212034.0,0.0935961377973937,21.77999992370605,0.3020528889341332,18.949999809265137,0.4849499027539243,18.116666650772096,-0.127701371417351,19.62333330313365,0.0719841579629733,69.18919933199477,981222.8,1.2352281255592512,0.1715040098356786,3712.TW,2026-08-13,0.0089218429760831,0.1535134805215372,neutral,0.0138888888888888,0.037037037037037,2026-03-31,2026-05-15,5952868000.0,2246677000.0,1881231000.0,1749422000.0,95514000.0,-477314000.0,-1.94,29571984000.0,46915609000.0,61775289000.0,55872481000.0,5902808000.0,6100937000.0,11857517000.0,7405579000.0,0.0,0.0545974613329431,1778520563.2191665,14859680000.0,0.1196876758597201,-0.0808621930443951,-0.0077266170296669,9.465407141821316,0.3774108547342222,0.3160209499017952,-0.0801821911723895,-0.1923537691038415,,,39.89432060139683,39.89432060139683,False,86.51853141818476,86.51853141818476,74.86247871398778,512.0,True,True,True,True,True,True,True,True,True,True,True,True,True,False,False,False,False,13,False,0.2253910275482897,0.1313063086684835,1.0,21783146.90861359,0.5453703703703704,0.0,3.0,,,,,,0.1906822284318264,0.1216434676299621,0.3745413587984865,-0.9649759928591456,0.9440944881889765,-0.9649759928591456,0.725802081567652,-512.0,0.4566929133858268,0.8031496062992126,0.8267716535433071,0.5122047244094488,0.6346456692913386,永崴投控
56.09999847412109,56.09999847412109,53.79999923706055,55.09999847412109,362954.0,0.1325795836781458,53.43999938964844,0.172340393066406,50.0099998474121,0.2964705523322608,45.4281031926473,0.0376647845098285,47.58696819941202,0.0401414294253036,61.59418927749646,280592.8,1.2935257070031734,0.101779616921402,4119.TW,2026-08-13,0.0089218429760831,0.1535134805215372,neutral,0.0388888888888888,0.0888888888888888,2026-03-31,2026-05-15,375798000.0,82325000.0,33151000.0,28590000.0,8480000.0,20110000.0,0.17,1104577000.0,1053320000.0,6954821000.0,1544198000.0,5410623000.0,51949000.0,390000000.0,300399000.0,,0.2966072053165442,23318174.53655124,5901501000.0,0.0039512277531684,0.0037167623765322,0.0028915194222827,0.2854011451176694,0.2190671584202151,0.0882149452631466,0.0535127914464685,0.0430373141784996,,,33.11973270077256,33.11973270077256,False,91.87858310459168,91.87858310459168,77.18887050363689,627.0,True,True,True,True,True,True,True,True,True,True,False,True,True,True,False,False,False,13,False,0.2129055496871201,0.1578799944393578,1.0,15460662.851849362,0.5916666666666667,1.0,3.0,,,,,,0.0267405530166274,-0.0358282480618911,0.1827372994724858,-1.641173652559041,0.3188976377952756,-1.641173652559041,0.2751694457310483,-627.0,0.3779527559055118,0.8740157480314961,0.1574803149606299,0.3448818897637795,0.4826771653543307,旭富
100.5,101.5,100.5,101.0,19865.0,-0.0098039215686274,102.5,0.0049751243781095,101.21999969482422,0.1098901098901099,95.19653409322105,-0.0146341463414634,94.61910050710044,0.0038850155496304,55.46219349411892,22496.25,0.8830360615658165,-0.0021734804928622,4439.TW,2026-08-13,0.0089218429760831,0.1535134805215372,neutral,0.3050925925925926,0.2537037037037037,2026-03-31,2026-05-15,1813173000.0,351234000.0,137515000.0,120652000.0,21935000.0,98717000.0,2.59,3706764000.0,2411825000.0,6690736000.0,3165004000.0,3525732000.0,605864000.0,578186000.0,268213000.0,468173000.0,0.1818038656632297,112514241.41332096,4278911000.0,0.0262950646585827,0.0279990084328587,0.01475428114336,0.8976870618640328,0.1937123484631637,0.075842183840152,0.0544443359789716,0.0206853419814041,,,45.1072184501587,45.1072184501587,False,63.35151128976176,63.35151128976176,58.79043807986099,431.0,True,False,True,True,False,True,True,True,False,False,True,True,True,True,False,False,False,10,False,0.0609629957861272,0.0674377526176202,1.0,2272121.25,0.8398148148148148,2.0,3.0,,,,,,0.0512669508836556,0.0256361102742647,0.1884452795295075,-0.3825036053282216,0.6543307086614173,-0.3825036053282216,0.7398262455851453,-431.0,0.5433070866141733,0.2125984251968504,0.8582677165354331,0.5905511811023622,0.5070866141732284,冠星-KY
51.400001525878906,52.70000076293945,50.09999847412109,51.0,685815.0,0.0839532588095792,48.87999954223633,0.0220440569235376,45.035000038146975,0.213455916849957,48.19439417521158,0.3416045253527526,43.01549072265625,0.0020024423313706,62.03904031182202,347276.95,1.9748359342593855,0.1324525359564863,4555.TW,2026-08-13,0.0089218429760831,0.1535134805215372,neutral,0.2416666666666666,0.1407407407407407,2026-03-31,2026-05-15,405963000.0,122327000.0,8347000.0,7598000.0,2102000.0,2539000.0,0.04,2312473000.0,609744000.0,4541917000.0,1553753000.0,2988164000.0,713323000.0,196290000.0,456098000.0,477337000.0,0.2766517504606475,6037787.838904974,3932173000.0,0.0015354837742146,0.0008496856263578,0.0005590150590598,0.5199691181608506,0.3013254902540379,0.0205609870850299,0.0062542645512029,0.0714902197810898,,,28.47471124333176,28.47471124333176,False,74.9533594606288,74.9533594606288,63.33369740630455,707.0,True,False,True,True,True,False,True,True,True,True,True,True,True,True,False,False,False,12,False,0.0582143602550244,0.185619392995517,1.0,17711124.45,0.5694444444444444,1.0,3.0,,,,,,0.0417494655417382,-0.0363925964789852,0.2393693169656753,-1.3620853631826444,0.5145669291338583,-1.3620853631826444,0.5882327899551381,-707.0,0.2834645669291338,0.3700787401574803,0.6141732283464567,0.3330708661417322,0.3755905511811024,氣立
72.5,79.19999694824219,72.4000015258789,75.5,6475740.0,0.0878962296830272,73.88000183105468,0.1456752390263782,69.59500064849854,0.2479338842975207,66.29833323160807,0.3172029939940823,64.12092606226604,0.0316483932574011,55.384610418738255,4105499.55,1.5773330190719423,0.0848480393200319,4566.TW,2026-08-13,0.0089218429760831,0.1535134805215372,neutral,0.0518518518518518,0.1166666666666666,2026-03-31,2026-05-15,1354549000.0,296455000.0,38413000.0,65488000.0,22696000.0,40409000.0,0.37,5180146000.0,3777583000.0,10646601000.0,5592503000.0,5054098000.0,2044806000.0,832690000.0,976708000.0,0.0,0.3465673100415343,25100309.919374544,6869018000.0,0.0036541336650121,0.0079952941157848,0.0037954836477858,1.10652840526638,0.2188588231212012,0.0283585163770376,0.0298320695670662,0.0816066447931047,,,26.559226672275766,26.559226672275766,False,86.17023445642246,86.17023445642246,71.26748251038579,746.0,True,True,True,True,True,True,True,True,True,True,True,True,True,True,False,False,False,14,False,0.1387918265795102,0.1774627198410088,1.0,309965216.025,0.224074074074074,1.0,3.0,,,,,,0.0050865004888989,-0.0757641166578871,0.2320035014124484,-1.5307875041868415,0.3421259842519685,-1.5307875041868415,0.3233390513685789,-746.0,0.2204724409448819,0.7401574803149606,0.2204724409448819,0.2204724409448819,0.3763779527559055,時碩工業
53.0,53.09999847412109,51.29999923706055,51.59999847412109,10340587.0,0.039274861798862,51.13999938964844,0.0874604350780741,49.36499977111816,0.2539488836147494,46.61499989827474,0.0552146597953229,45.25083328882853,0.0214152668952196,54.68748975544799,10825351.3,0.955219531767066,0.0452749663398266,4763.TW,2026-08-13,0.0089218429760831,0.1535134805215372,neutral,0.1046296296296296,0.1101851851851851,2026-03-31,2026-05-15,2711414000.0,1506899000.0,1344230000.0,1277102000.0,163292000.0,1114887000.0,1.13,18689835000.0,1425022000.0,23180026000.0,1425022000.0,21755004000.0,10088044000.0,,,,0.1278613611128946,1172354922.5512135,21755004000.0,0.0538889775681591,0.0512473819816351,0.0480968830664814,0.0655031826240988,0.5557613112567834,0.4957671532270616,0.4111828735855166,-0.3473205110583516,,,80.5798896395777,80.5798896395777,False,75.86549507140924,75.86549507140924,77.04409371345136,83.0,True,True,True,True,True,True,True,True,True,True,True,True,True,True,True,False,False,14,False,0.1069397959181557,0.1403104589205439,1.0,558588110.5618248,0.1611111111111111,1.0,2.0,,,,,,0.0602705022597991,0.0064265178815611,0.183373970123649,-1.0121673082695648,0.5854330708661417,-1.0121673082695648,0.5482204448708616,-83.0,0.8818897637795275,0.8582677165354331,0.5590551181102362,0.8334645669291338,0.8102362204724409,材料*-KY
93.5999984741211,100.5,93.5,94.8000030517578,66759663.0,0.0772727619517932,90.36000061035156,0.1394231553966505,86.34000015258789,0.2279793626846296,85.36509246826172,0.3408770458810437,81.64921290079752,0.0228040132305622,61.42857103931669,15663979.25,4.261986174426272,0.0979847450106397,4938.TW,2026-08-13,0.0089218429760831,0.1535134805215372,neutral,0.0583333333333333,0.1287037037037037,2026-03-31,2026-05-15,244105400000.0,10801479000.0,2829288000.0,3464858000.0,605203000.0,1561454000.0,0.58,455223337000.0,347425362000.0,623242706000.0,374551574000.0,248691132000.0,112291906000.0,50872952000.0,7687427000.0,2697039000.0,0.174668918610806,2335099324.60147,275817344000.0,0.0084661076447805,0.0062786878946692,0.0025053706765723,1.5060913953296895,0.0442492423354829,0.0115904359346413,0.0063966385012375,-0.1039816497152077,,,13.24211612714073,13.24211612714073,False,87.72161278127551,87.72161278127551,69.10173861774182,992.0,True,True,True,True,True,True,True,True,True,True,True,True,False,True,False,False,False,13,False,0.1105242237862498,0.1610645061200806,1.0,1484945280.7026708,0.0916666666666666,1.0,3.0,,,,,,0.0119191504659653,-0.0715254825549222,0.2105670646460417,-1.6407824306617236,0.3066929133858268,-1.6407824306617236,0.2863553849886411,-992.0,0.0551181102362204,0.6377952755905512,0.1811023622047244,0.074015748031496,0.2551181102362204,和碩
283.0,284.5,279.5,280.5,4569740.0,0.0017857142857142,279.0,0.2439024390243902,241.025,0.0747126436781608,257.725,0.3955223880597014,247.51666666666668,0.0551603370909488,77.43362831858407,4619979.9,0.9891255154594936,0.1637796909034332,4967.TW,2026-08-13,0.0089218429760831,0.1535134805215372,neutral,0.0222222222222222,0.3175925925925926,2026-03-31,2026-05-15,9044806000.0,3438206000.0,2905058000.0,2864850000.0,570946000.0,2293904000.0,27.0,20958301000.0,12834218000.0,21898307000.0,14803268000.0,7095039000.0,1301935000.0,5211626000.0,51810000.0,1902817000.0,0.1992935057681903,2326098806.7200727,9064089000.0,0.2566279751577983,0.3233109782765112,0.1047525728815474,2.0864251768031155,0.3801304306582142,0.3211852194508097,0.2536156109926514,0.6905237801707493,,,87.69619578074207,87.69619578074207,False,66.39351851851852,66.39351851851852,71.7191878340744,46.0,True,False,True,True,True,False,True,False,True,False,True,True,True,False,True,False,False,9,False,0.0883693859734211,0.133257019729311,1.0,1295904361.95,0.1009259259259259,2.0,2.0,,,,,,0.118227933904875,0.0442359940187924,0.3842321820906662,0.4553304299990348,0.9547244094488188,0.4553304299990348,0.8728320500313567,-46.0,0.937007874015748,0.7480314960629921,0.937007874015748,0.937007874015748,0.8803149606299212,十銓
36.79999923706055,38.84999847412109,36.29999923706055,37.04999923706055,3674934.0,-0.0026918515399978,36.40999984741211,0.0495750718929965,34.98500022888184,0.1990291163253672,35.637500031789145,0.2009724077447627,32.577500041325884,-0.0001428957897755,65.57788388427744,4935184.3,0.7446396682693289,0.0590252678196054,4976.TW,2026-08-13,0.0089218429760831,0.1535134805215372,neutral,0.1703703703703703,0.1518518518518518,2026-03-31,2026-05-15,255023000.0,-36041000.0,-86075000.0,-69043000.0,-1135000.0,,-0.49,1541919000.0,276027000.0,2513042000.0,337040000.0,2176002000.0,819216000.0,,57046000.0,,0.0164390307489535,-84660010.42828383,2237015000.0,-0.0378450794600321,,,0.1548895635206217,-0.1413245079855542,-0.337518576755822,,0.009124831333072,,,25.456241566653603,25.456241566653603,False,55.924827261695896,55.924827261695896,48.30768083793532,760.0,True,False,True,True,True,False,False,True,True,True,True,True,False,True,False,False,False,10,False,0.0396351933780829,0.1372879806633755,1.0,182848574.5497532,0.275,1.0,3.0,,,,,,-0.0130428421417543,-0.077862792467845,0.1175520300695743,-1.81689774861588,0.121259842519685,-1.81689774861588,0.1796979838325579,-760.0,0.2047244094488189,0.0157480314960629,0.0866141732283464,0.187007874015748,0.1244094488188976,佳凌
55.5,56.70000076293945,54.29999923706055,56.59999847412109,299560.0,0.0520445962224427,54.47999954223633,0.0599250347716073,53.74499950408936,0.0926640793003401,53.40166664123535,-0.0421101356908691,54.26965446472168,0.0050490862549818,71.79488057294856,84764.55,3.534024542099262,0.0531212019048301,5283.TW,2026-08-13,0.0089218429760831,0.1535134805215372,neutral,0.1537037037037037,0.287037037037037,2026-03-31,2026-05-15,1223404000.0,353685000.0,-7455000.0,16910000.0,3240000.0,13670000.0,0.16,4507049000.0,2765436000.0,8209751000.0,3417985000.0,4791766000.0,676596000.0,1172000000.0,328000000.0,,0.1916026020106445,-6026602.602010644,5444315000.0,-0.0011069533269126,0.0028528104252169,0.0016650931313263,0.7133038215972983,0.2890991038119869,-0.006093653445632,0.011173741462346,-0.0336491827829927,,,23.489256314333275,23.489256314333275,False,67.63972978836549,67.63972978836549,56.60211141985744,798.0,True,False,True,True,True,True,True,True,True,False,True,True,False,True,False,False,False,11,False,0.0598919852890147,0.042940092992747,1.0,4797673.400659561,0.75,1.0,3.0,,,,,,0.0414170370828887,-0.0248731596894199,0.192047409556513,-1.7974650976176008,0.371259842519685,-1.7974650976176008,0.3273026582990272,-798.0,0.1811023622047244,0.1417322834645669,0.2362204724409448,0.1893700787401575,0.1803149606299212,禾聯碩
192.0,192.0,188.5,189.5,135506.0,0.0053050397877985,193.0,0.0106666666666666,188.09297943115237,0.2935153583617746,180.1226598103841,0.2760942760942761,165.1696632385254,0.0081739642818116,45.88085268047947,208254.4,0.6506753278682227,0.0074804523438509,5288.TW,2026-08-13,0.0089218429760831,0.1535134805215372,neutral,0.2796296296296296,0.0916666666666666,2026-03-31,2026-05-15,2061135000.0,478999000.0,298138000.0,346156000.0,100630000.0,249057000.0,3.59,4729511000.0,1996750000.0,8144719000.0,2033096000.0,6111623000.0,1527526000.0,170275000.0,,0.0,0.2907070800448352,211467172.5695929,6147969000.0,0.0343962652657475,0.0407513683353832,0.0305789555170657,0.3326605715044923,0.2323957431221147,0.1446474879132128,0.120834879811366,0.0892520430725782,,,70.01559901846518,70.01559901846518,False,64.94281547309869,64.94281547309869,66.21101135944032,163.0,True,False,True,True,True,True,True,False,True,True,True,True,False,True,True,False,False,11,False,0.0520608578592358,0.1473051181701483,1.0,39464208.8,0.4648148148148148,2.0,3.0,,,,,,0.0400134899775362,-0.0015607182069346,0.197839431875704,-1.5370740924860198,0.452755905511811,-1.5370740924860198,0.4745221939169369,-163.0,0.8031496062992126,0.4881889763779528,0.4645669291338583,0.7523622047244094,0.6409448818897638,豐祥-KY
46.29999923706055,47.09999847412109,46.29999923706055,46.54999923706055,668749.0,0.0287292649074153,46.33000106811524,0.1017751298712554,42.20500011444092,0.1083333151681082,43.86521504720052,0.0519773838883739,44.70052423477173,0.0241553017672901,72.61906023379264,600865.75,1.112975735428421,0.1029498663863985,6112.TW,2026-08-13,0.0089218429760831,0.1535134805215372,neutral,0.087037037037037,0.2564814814814815,2026-03-31,2026-05-15,6018223000.0,834764000.0,167785000.0,90440000.0,48570000.0,32807000.0,0.17,11930415000.0,9613507000.0,15361762000.0,10271180000.0,5090582000.0,1349634000.0,3751754000.0,180432000.0,,0.4,100671000.0,5748255000.0,0.017513314910351,0.0064446462113762,0.0021356274104494,2.017682850408853,0.1387060599117048,0.0278794920028719,0.0054512768968514,0.2736882851262932,,,29.171201546523523,29.171201546523523,False,65.49747184595523,65.49747184595523,56.4159042710973,694.0,True,False,True,True,True,False,True,False,True,False,True,True,True,True,False,False,False,10,False,0.0612053123863887,0.0413747944559932,1.0,27970300.204075813,0.5175925925925926,1.0,3.0,,,,,,0.0745395534146417,0.0054184380593794,0.2134416910837165,-1.221985211796408,0.6547244094488189,-1.221985211796408,0.4755972003499562,-694.0,0.2913385826771653,0.1181102362204724,0.4803149606299212,0.3196850393700787,0.2771653543307086,邁達特
146.5,159.0,146.0,156.5,5028045.0,0.0830449826989618,149.5,0.3118782250118204,132.93641090393066,0.1946564885496182,132.80373458862306,0.6900648226655968,119.54603385925292,0.0534940186534664,62.03208556149733,3622422.4,1.388033874790527,0.1772545906410703,6206.TW,2026-08-13,0.0089218429760831,0.1535134805215372,neutral,0.0111111111111111,0.1537037037037037,2026-03-31,2026-05-15,1510237000.0,689057000.0,424206000.0,442845000.0,88742000.0,359024000.0,2.51,5482164000.0,1306580000.0,6928875000.0,1318597000.0,5610278000.0,2258494000.0,,,,0.2003906558728223,339199081.4348135,5622295000.0,0.0603310714636662,0.0639939767690656,0.0518156266349154,0.2350323816395551,0.4562575277919956,0.2808870395838534,0.2377269263036198,0.1096002833077651,,,90.34179168403904,90.34179168403904,False,92.91092796233144,92.91092796233144,92.26864389275832,29.0,True,True,True,True,True,True,True,True,True,True,True,True,True,False,True,False,False,13,False,0.1784307157082534,0.3091191313319075,1.0,566909105.6,0.1592592592592592,2.0,1.0,,,,,,-0.0196030795466224,-0.0998196271425975,0.1454927983281864,-1.5666274012596868,0.1590551181102362,-1.5666274012596868,0.2150881192916923,-29.0,0.9606299212598424,0.9921259842519684,0.1259842519685039,0.8354330708661417,0.8031496062992125,飛捷
67.19999694824219,67.30000305175781,65.0,65.0,4634329.0,0.0077519379844961,66.36000061035156,0.0638298138015627,57.6,0.1206896551724137,64.90000012715657,0.0586318955155686,63.08666671117147,0.0219107643732247,65.97015221099309,5568756.6,0.8322017521828841,0.1284722222222221,6269.TW,2026-08-13,0.0089218429760831,0.1535134805215372,neutral,0.1462962962962962,0.2375,2026-03-31,2026-05-15,5467013000.0,-75600000.0,-999753000.0,-981765000.0,-164328000.0,-829726000.0,-2.6,17426263000.0,6996989000.0,34912338000.0,12380381000.0,22531957000.0,3093415000.0,100000000.0,730035000.0,2916556000.0,0.1673801775373944,-832414165.3664573,27915349000.0,-0.0298192283165242,-0.036824408993857,-0.0237659821006545,0.549458753183312,-0.0138283922134445,-0.1828700608540715,-0.1517695311864083,0.0572209060440906,,,18.580859061451324,18.580859061451324,False,69.15121976556324,69.15121976556324,56.50862958953526,885.0,True,False,True,True,True,False,True,True,True,False,True,True,True,True,False,False,False,11,False,0.0015408300870185,0.0303286476933122,1.0,361969179.0,0.2064814814814815,1.0,3.0,,,,,,0.0019104944375919,-0.0834734370852131,0.1754203956446127,-1.950813253505039,0.1543307086614173,-1.950813253505039,0.333801032836176,-885.0,0.1023622047244094,0.1338582677165354,0.2598425196850393,0.1259842519685039,0.1433070866141732,台郡
79.5,85.0,79.5,84.19999694824219,1762976.0,0.1181938052561155,80.39999847412109,0.1711418234359907,78.25,0.1629833587523537,74.87692476908366,0.4151259991301208,70.66762901941935,0.029829988272517,61.15107854437675,935259.55,1.885012561486274,0.076038299658047,6277.TW,2026-08-13,0.0089218429760831,0.1535134805215372,neutral,0.0398148148148148,0.1833333333333333,2026-03-31,2026-05-15,1293181000.0,778857000.0,186537000.0,183859000.0,52118000.0,128893000.0,1.08,3416718000.0,1638244000.0,7019344000.0,2304220000.0,4715124000.0,897714000.0,266856000.0,200000000.0,,0.2834672221648111,133659874.77904265,5381100000.0,0.0248387643379685,0.0273360785421549,0.01836254214069,0.4886870419526612,0.6022799592632431,0.1442466290488338,0.0996712757146911,0.0734456101555489,,,66.12491163281756,66.12491163281756,False,88.01577746536636,88.01577746536636,82.54306100722916,199.0,True,True,True,True,True,True,True,True,True,True,False,True,True,True,True,False,False,13,False,0.124511953554588,0.191493164785593,1.0,78748851.25581436,0.3638888888888889,1.0,3.0,,,,,,0.0611728757257613,-0.0001721783777608,0.2911967349471129,-1.1472467094607854,0.7125984251968503,-1.1472467094607854,0.7094660535148665,-199.0,0.7874015748031497,0.952755905511811,0.7952755905511811,0.7885826771653544,0.8385826771653544,宏正
100.0,100.5,96.6999969482422,97.8000030517578,496057.0,-0.0504854072644873,100.8,0.0305584982007409,96.78545112609864,0.1038375252379253,90.6784839630127,0.2029520219020857,86.19007530212403,0.0075997761144021,46.184052598444346,956028.3,0.518872715378823,0.0104824838222568,6416.TW,2026-08-13,0.0089218429760831,0.1535134805215372,neutral,0.2101851851851852,0.2657407407407407,2026-03-31,2026-05-15,1057732000.0,271486000.0,132488000.0,135818000.0,38070000.0,99022000.0,1.35,4240170000.0,1810116000.0,6158927000.0,2539091000.0,3619836000.0,356630000.0,274239000.0,208323000.0,,0.2803015800556627,95351404.26158535,4348811000.0,0.0219258561159786,0.0273553829510508,0.016077800564936,0.7014381314512591,0.2566680406757099,0.1252566812765426,0.0936172867985463,-0.046140444062884,,,49.20522556408967,49.20522556408967,False,62.92446624444732,62.92446624444732,59.49465607435791,383.0,True,False,True,True,True,True,True,False,True,False,True,True,False,True,False,False,False,10,False,0.0785359302174695,0.1347014457167745,1.0,93499570.65756685,0.3462962962962962,1.0,3.0,,,,,,0.065849673979729,0.0164048134755631,0.2350372992319672,-1.3218154370353965,0.6842519685039371,-1.3218154370353965,0.6325970439356846,-383.0,0.5984251968503937,0.2598425196850393,0.6850393700787402,0.6114173228346457,0.5141732283464567,瑞祺電通
1475.0,1510.0,1430.0,1445.0,3396007.0,0.1201550387596899,1383.0,0.1468253968253967,1220.25,0.8314321926489228,1120.8127705891927,0.98489010989011,896.973051961263,0.0252047889098928,67.61363636363636,3290130.85,1.032179920746921,0.1841835689407909,6446.TW,2026-08-13,0.0089218429760831,0.1535134805215372,neutral,0.0509259259259259,0.012037037037037,2026-03-31,2026-05-15,5121378000.0,4500097000.0,2087077000.0,2335581000.0,185954000.0,2149627000.0,5.79,30923112000.0,4737365000.0,40089669000.0,5635458000.0,34454211000.0,24175410000.0,,43340000.0,,0.0796178766653779,1920908360.822853,35352304000.0,0.0543361575761187,0.0623908351870254,0.0536204726459577,0.1635636932739513,0.8786887044853944,0.4075225456898514,0.4197360554132111,0.572274143110902,,,96.8555062833974,96.8555062833974,False,86.0909774540358,86.0909774540358,88.7821096613762,13.0,True,True,True,True,True,True,True,True,True,True,False,True,True,False,True,False,True,13,False,0.289242983232951,0.6109737041045513,1.0,4754239078.25,0.0388888888888888,3.0,0.0,,,,,,-0.0306936730048682,-0.0950379698189683,0.1835633929994438,-1.621170180751002,0.1799212598425196,-1.621170180751002,0.3248679830353013,-13.0,0.984251968503937,0.984251968503937,0.2283464566929134,0.8708661417322834,0.8330708661417322,藥華藥
428.0,428.0,421.0,422.0,426917.0,0.0083632019115889,423.6,0.0156438026474128,399.1315063476562,0.1003911342894394,399.8771687825521,-0.2228360957642725,419.4885843912761,0.001631192388218,66.86570668579577,769628.9,0.5547050013324604,0.0572956363720997,6472.TW,2026-08-13,0.0089218429760831,0.1535134805215372,neutral,0.2537037037037037,0.2722222222222222,2026-03-31,2026-05-15,4001231000.0,1442628000.0,407236000.0,221152000.0,174254000.0,25838000.0,0.21,19812444000.0,14337765000.0,45331756000.0,28703088000.0,16628668000.0,4832012000.0,3410000000.0,3908546000.0,8410772000.0,0.4,244341600.0,30993991000.0,0.0078835152271935,0.0015538225912021,0.0005699757141549,1.7261206970997316,0.3605460419555881,0.1017776779196202,0.0064575127004664,-0.1067853383739788,,,27.229352834015025,27.229352834015025,False,58.840517824568565,58.840517824568565,50.93772657693018,729.0,True,False,True,True,True,False,True,True,True,False,True,True,False,True,False,False,False,10,False,0.0553240668498331,0.0059868508993357,1.0,324783395.8,0.2175925925925926,2.0,3.0,,,,,,-0.0311695189806001,-0.0929948854465075,0.1632409110552309,-1.5739720897402996,0.1665354330708661,-1.5739720897402996,0.4198144143871348,-729.0,0.2519685039370078,0.0236220472440944,0.3700787401574803,0.2696850393700787,0.2070866141732283,保瑞
384.0,384.0,368.0,370.0,327356.0,0.0027239591293652,375.6,0.0292072322670375,345.77197113037107,0.221122112211221,338.59065704345704,0.2714776632302405,312.10366185506183,0.0080904504516607,70.59386804310849,554400.95,0.5904679636642037,0.0700693835605719,6491.TW,2026-08-13,0.0089218429760831,0.1535134805215372,neutral,0.2148148148148148,0.1333333333333333,2026-03-31,2026-05-15,1885667000.0,1005547000.0,542809000.0,566411000.0,88526000.0,472275000.0,6.06,6983966000.0,4705377000.0,16639674000.0,5326767000.0,11312907000.0,1204500000.0,831456000.0,457203000.0,,0.1562928686060122,457971824.2848391,11934297000.0,0.0383744282788369,0.0417465643446021,0.0283824671084301,0.4708574904752598,0.5332579930602805,0.2878604758952667,0.2504551439888379,0.1833499738625503,,,86.74813401220891,86.74813401220891,False,71.06133751893655,71.06133751893655,74.98303664225463,52.0,True,False,True,True,True,True,True,True,True,True,True,True,False,True,True,False,False,12,False,0.0927649428687917,0.1855035528927076,1.0,205128351.5,0.2666666666666666,2.0,2.0,,,,,,0.0392299027463495,-0.0122927533951437,0.2866858125509859,-1.2871290830283386,0.5866141732283465,-1.2871290830283386,0.6462280211297118,-52.0,0.9212598425196852,0.8110236220472441,0.7244094488188977,0.8917322834645669,0.8488188976377953,晶碩
252.5,254.0,249.0,249.5,1032965.0,0.0708154506437768,252.0,0.0942982456140351,227.975,0.1524249422632795,216.59166666666667,0.0919037199124725,212.96666666666667,0.040625356613032,65.55023923444976,1821889.95,0.5669744212596376,0.09441824761487,6533.TW,2026-08-13,0.0089218429760831,0.1535134805215372,neutral,0.0935185185185185,0.1925925925925926,2026-03-31,2026-05-15,326356000.0,325982000.0,-202956000.0,-191919000.0,-25688000.0,-166231000.0,-3.28,1735463000.0,291379000.0,6111740000.0,1760341000.0,4351399000.0,1046856000.0,,,1419903000.0,0.1338481338481338,-175790718.14671814,5820361000.0,-0.0302027173480679,-0.0382017369586195,-0.0271986373765899,0.4045459862448835,0.9988540121830148,-0.621885303165868,-0.5093548149873145,0.2031025355560307,,,38.84336576062605,38.84336576062605,False,80.19199555925795,80.19199555925795,69.85483810959997,539.0,True,True,True,True,True,True,True,True,True,False,True,True,False,True,False,False,False,12,False,0.1519372090338964,0.1715448426983878,1.0,454561542.525,0.1842592592592592,2.0,3.0,,,,,,-0.0606344633879907,-0.12702543781679,0.1135392333970189,-1.7953342792960594,0.0622047244094488,-1.7953342792960594,0.1292743070577716,-539.0,0.4251968503937008,0.6929133858267716,0.0314960629921259,0.3661417322834646,0.4267716535433071,晶心科
51.09999847412109,51.29999923706055,50.5,50.79999923706055,646559.0,0.0583333174387614,50.67999954223633,0.0983783618823901,47.26749954223633,0.1651376379568692,46.367499923706056,-0.1672131272613025,49.58999989827474,0.015468072067346,67.93103239624224,679707.25,0.9512315780065608,0.0747342196865674,6589.TW,2026-08-13,0.0089218429760831,0.1535134805215372,neutral,0.0898148148148148,0.1796296296296296,2026-03-31,2026-05-15,308435000.0,64956000.0,-207240000.0,-141836000.0,406000.0,-142242000.0,-0.47,4188368000.0,910711000.0,10619357000.0,2413133000.0,8206224000.0,3257763000.0,0.0,1001914000.0,,0.0,-207240000.0,9708646000.0,-0.0213459219751137,-0.0173334288705743,-0.0133945963018288,0.2940613124867174,0.2105986674664029,-0.6719081816265988,-0.461173342843711,0.6954150931987708,,,33.08565989658788,33.08565989658788,False,76.34151934842629,76.34151934842629,65.52755448546668,628.0,True,True,True,True,True,True,True,True,True,True,True,True,True,True,False,False,False,14,False,0.0955949602770864,0.0244000673778566,1.0,34529127.78142452,0.4824074074074074,1.0,3.0,,,,,,-0.02207602707259,-0.1174890865714542,0.110872349864785,-2.051472645374095,0.0669291338582677,-2.051472645374095,0.1539911687509649,-628.0,0.3700787401574803,0.4566929133858268,0.0551181102362204,0.3228346456692913,0.3330708661417323,台康生技
26.850000381469727,27.25,26.850000381469727,27.200000762939453,202335.0,0.0461538754976713,26.69000015258789,0.0461538754976713,26.1125,0.1147541470567379,25.564335886637373,0.0858284068407497,25.07175129254659,0.0108390600708497,72.2222300713914,151154.2,1.3385999198169816,0.0416467501365036,6606.TW,2026-08-13,0.0089218429760831,0.1535134805215372,neutral,0.1759259259259259,0.2453703703703703,2026-03-31,2026-05-15,191808000.0,78315000.0,47168000.0,50588000.0,21113000.0,29102000.0,0.26,1052582000.0,392295000.0,2170020000.0,549327000.0,1620693000.0,84940000.0,0.0,,,0.4,28300800.0,1777725000.0,0.0159196726152807,0.0179565161322964,0.0134109363047345,0.3389457472821811,0.4082989239239239,0.2459125792459126,0.1517246413079746,0.1109322058440243,,,63.7605672758917,63.7605672758917,False,69.88019147281311,69.88019147281311,68.35028542358276,226.0,True,False,True,True,True,True,True,False,True,False,True,True,True,True,True,False,False,11,False,0.0639822948483888,0.084886350600708,1.0,4111394.355321503,0.7731481481481481,0.0,3.0,,,,,,0.0646585315896692,0.026777508328324,0.1891054464930024,-1.150786177886981,0.6476377952755906,-1.150786177886981,0.5357498817051084,-226.0,0.7716535433070866,0.5826771653543307,0.5511811023622047,0.7385826771653542,0.6708661417322834,建德工業
6095.0,6195.0,6020.0,6070.0,1337262.0,-0.0311252992817239,6027.0,0.1867057673509287,5609.75,0.2362525458248472,4955.850746663412,0.6472184531886025,4573.3003733317055,0.0468392815488686,56.15942028985507,1883471.7,0.7099984565735711,0.0820446543963635,6669.TW,2026-08-13,0.0089218429760831,0.1535134805215372,neutral,0.0351851851851851,0.1203703703703703,2026-03-31,2026-05-15,276507734000.0,20881168000.0,17458392000.0,17934386000.0,3819977000.0,14114409000.0,75.95,395619318000.0,257883938000.0,432576398000.0,292412129000.0,140164269000.0,70996229000.0,72191879000.0,9594000000.0,18686968000.0,0.2129973671805658,13739800468.793749,174692460000.0,0.0786513651979813,0.1006990519102982,0.0326287080507799,2.086210209536355,0.0755174826321494,0.0631388921656708,0.0510452593705751,0.6202705683581411,,,65.40144535951697,65.40144535951697,False,82.39381781805444,82.39381781805444,78.14572470342007,208.0,True,True,True,True,True,True,True,True,True,True,True,True,False,True,True,False,False,13,False,0.2248149329530764,0.327269040843239,1.0,11432673219.0,0.0175925925925925,3.0,3.0,,,,,,0.071084857976573,-0.0938773789054554,0.2298994058282382,-0.4804881014756747,0.5956692913385826,-0.4804881014756747,0.6762386576677916,-208.0,0.7795275590551181,0.8976377952755905,0.7637795275590551,0.7771653543307085,0.8118110236220473,緯穎
98.5,100.5,97.5999984741211,97.8000030517578,23367646.0,0.0988764387837954,95.66000061035156,0.1398601348855561,86.42999992370605,0.1642857506161643,88.81301587422689,0.3755274986026187,85.20150807698568,0.0279495718617076,61.557175899284566,20401071.3,1.145412692126614,0.1315515809104286,8112.TW,2026-08-13,0.0089218429760831,0.1535134805215372,neutral,0.0574074074074074,0.1814814814814815,2026-03-31,2026-05-15,110164542000.0,4238620000.0,3418168000.0,2892239000.0,712333000.0,2102790000.0,3.91,110827396000.0,76135974000.0,112891822000.0,92125380000.0,20766442000.0,14855353000.0,53437429000.0,11508327000.0,2798432000.0,0.2462911951605659,2576303318.0203986,36755848000.0,0.0700923379055327,0.101259040908404,0.0186265928102391,4.4362621194328815,0.0384753562539206,0.0310278419711489,0.0190877206206693,1.3784680054727554,,,52.60217451052254,52.60217451052254,False,79.33342884259078,79.33342884259078,72.65061525957373,328.0,True,True,True,True,True,False,True,True,True,True,True,True,True,True,False,False,False,13,False,0.1011899786204522,0.1478670420174779,1.0,1995224835.3991284,0.075,1.0,3.0,,,,,,0.0679883500041823,0.0003310605914261,0.1894582269481712,-0.4619069540010213,0.6496062992125984,-0.4619069540010213,0.6376217349692792,-328.0,0.6692913385826772,0.7716535433070866,0.6929133858267716,0.6728346456692913,0.7047244094488189,至上
233.5,235.0,228.5,229.5,4334726.0,-0.0708502024291497,233.4,0.2239999999999999,217.075,0.0674418604651163,210.7272878011068,0.9615384615384616,194.76781056722004,0.0638323940210731,56.967213114754095,8540463.0,0.5075516397647294,0.0572382816998733,8271.TW,2026-08-13,0.0089218429760831,0.1535134805215372,neutral,0.0277777777777777,0.3324074074074074,2026-03-31,2026-05-15,7042184000.0,3469352000.0,2313017000.0,2329123000.0,453946000.0,1862431000.0,14.54,13874285000.0,8773781000.0,15490077000.0,9043398000.0,6446679000.0,1146880000.0,2860732000.0,182529000.0,,0.1948999687865346,1862210058.897276,6716296000.0,0.2772674192586622,0.2888977409919123,0.1202338116201746,1.4027994879223862,0.4926528474689102,0.3284516564747527,0.2644678128262482,2.4365595091928736,,,94.16508207448472,94.16508207448472,True,76.14546397286438,76.14546397286438,80.65036849826946,21.0,True,True,True,True,True,True,True,True,True,False,True,True,False,True,True,True,False,12,False,0.0890853405592715,0.1783261275650725,1.0,1960036258.5,0.0759259259259259,2.0,1.0,,,,,,0.0065815307650958,-0.1109482260803862,0.2434187603515496,-0.7348752787587298,0.4362204724409448,-0.7348752787587298,0.595684532050015,-21.0,0.968503937007874,0.937007874015748,0.6220472440944882,0.916535433070866,0.889763779527559,宇瞻
13.050000190734863,13.050000190734863,12.850000381469728,12.899999618530272,132887.0,-0.003861018646432,12.960000038146973,0.0238095400284754,12.937618112564088,0.0886075277012197,12.434251912434895,0.0573770344433552,12.348792632420858,0.0091544435848941,45.454529691339,127302.4,1.0438687723090845,-0.0029076831381568,8411.TW,2026-08-13,0.0089218429760831,0.1535134805215372,neutral,0.2351851851851852,0.2953703703703704,2026-03-31,2026-05-15,2726482000.0,240600000.0,69628000.0,61624000.0,19776000.0,41688000.0,0.19,5684691000.0,4777607000.0,13494274000.0,7266361000.0,6227913000.0,1476105000.0,1130770000.0,1174037000.0,1103389000.0,0.3209139296378034,47283404.90717903,8716667000.0,0.0054244821910919,0.0066937351244309,0.0030893103252535,1.16674092910418,0.0882455853367086,0.025537670888713,0.0152900330902606,0.2387255467647537,,,26.84034715613582,26.84034715613582,False,60.92575828776089,60.92575828776089,52.40440550485462,739.0,True,False,True,True,False,True,True,False,True,False,True,True,True,True,False,False,False,10,False,0.0374568337022032,0.0446365084034416,1.0,1642200.911437988,0.8833333333333333,0.0,3.0,,,,,,0.1021183179556562,0.06885526959442,0.251695872578459,-1.0761846764770593,0.8271653543307087,-1.0761846764770593,0.8187258486071596,-739.0,0.2362204724409448,0.0314960629921259,0.905511811023622,0.3366141732283464,0.3086614173228346,福貞-KY
178.5,181.0,177.0,179.5,192008.0,0.0911854103343465,173.6,0.1218749999999999,164.3,0.3007246376811594,150.23676554361978,0.2685512367491165,146.54754943847655,0.0189147286821706,75.0,212587.55,0.9031949425072164,0.0925136944613511,8462.TW,2026-08-13,0.0089218429760831,0.1535134805215372,neutral,0.0722222222222222,0.0851851851851851,2026-03-31,2026-05-15,1626910000.0,546235000.0,263101000.0,241835000.0,49259000.0,191204000.0,2.42,2261807000.0,3161235000.0,12373315000.0,9648191000.0,2725124000.0,1414659000.0,,386628000.0,,0.2036884652759112,209510361.09744248,9212080000.0,0.0227430027851953,0.0701634127474566,0.0154529323790754,3.5404594433134053,0.3357499800234801,0.161718226576762,0.1175258619100011,0.2017296409310929,,,59.6562061392525,59.6562061392525,False,78.41317824214964,78.41317824214964,73.72393521642536,269.0,True,True,True,True,True,True,True,False,True,True,True,True,True,True,False,False,False,13,False,0.1947807805266144,0.2248584209547461,1.0,38159465.225,0.4694444444444444,2.0,3.0,,,,,,0.0956419465235208,0.0950908741892092,0.4413183275911927,1.222890285638199,0.954724409448819,1.222890285638199,0.9735040296433534,-269.0,0.7322834645669292,0.7874015748031497,0.9921259842519684,0.771259842519685,0.8007874015748032,柏文
379.5,379.5,359.5,368.0,1477821.0,-0.0366492146596858,383.4,0.0264993026499302,375.15,0.1909385113268609,353.7416666666667,-0.0920955110067747,354.77280146280924,0.0154970562360424,48.78048780487806,545756.0,2.7078419660067867,-0.0190590430494468,8464.TW,2026-08-13,0.0089218429760831,0.1535134805215372,neutral,0.2212962962962963,0.1592592592592592,2026-03-31,2026-05-15,7305395000.0,4316539000.0,2053372000.0,2325863000.0,594429000.0,1647198000.0,5.62,27155869000.0,11007979000.0,42576950000.0,14807659000.0,27769291000.0,19344343000.0,569716000.0,669863000.0,,0.2555735226021481,1528584484.7473822,31568971000.0,0.048420472265231,0.0593172508437467,0.0386875527720985,0.5332386412026148,0.5908700350905051,0.2810761088209467,0.2254769249301372,0.0044846681027981,,,84.51846605538479,84.51846605538479,False,64.37962962962963,64.37962962962963,69.41433873606843,62.0,True,False,True,True,False,True,True,False,True,True,True,True,True,True,True,False,False,11,False,0.0403071921600037,0.0372835755239748,1.0,200838208.0,0.2703703703703703,2.0,2.0,,,,,,0.0468468531898967,-0.0095398393962869,0.2411188217649894,-1.821505826748982,0.484251968503937,-1.821505826748982,0.6032778921195098,-62.0,0.905511811023622,0.6771653543307087,0.6456692913385826,0.8665354330708661,0.7850393700787401,億豐
90.0999984741211,90.5,84.30000305175781,85.5,10068192.0,0.0754716981132075,87.9800018310547,0.0154394667324859,79.91054916381836,0.2481751824817517,74.84018300374349,0.0363636363636363,70.05842479070027,0.035505780154593,58.48180765869264,5510651.9,1.8270419149502075,0.069946344940305,9914.TW,2026-08-13,0.0089218429760831,0.1535134805215372,neutral,0.2555555555555555,0.1148148148148148,2026-03-31,2026-05-15,5323065000.0,883503000.0,277586000.0,414150000.0,86163000.0,325661000.0,1.09,16669153000.0,11726544000.0,36194817000.0,15729956000.0,20464861000.0,3921684000.0,5780249000.0,308878000.0,,0.2080478087649402,219834840.9561753,24468273000.0,0.0089844853764781,0.0159131791806453,0.0089974484468314,0.7686324378162158,0.1659763688777048,0.0521477757645266,0.0611792266297706,-0.2965963236341542,,,27.385384545181456,27.385384545181456,False,80.60181759306181,80.60181759306181,67.29770933109172,724.0,True,True,True,True,True,True,True,True,True,True,True,True,True,True,False,False,False,14,False,0.1424344058020716,0.2204099686145024,1.0,471160737.4500001,0.1777777777777777,1.0,3.0,,,,,,0.0618805963188297,0.0072270982670274,0.1852036308587971,-1.6615916315615016,0.4956692913385827,-1.6615916315615016,0.5106237230512359,-724.0,0.2598425196850393,0.5590551181102362,0.5039370078740157,0.2964566929133858,0.3984251968503937,美利達
11.800000190734863,11.800000190734863,11.25,11.399999618530272,2778663.0,0.0604650807935136,11.519999885559082,0.0555555015925035,10.842500019073489,0.1740473299427312,10.442885589599609,0.1445782705690839,9.990859468777977,0.0190319511996251,60.56337687638717,1832461.2,1.516355707831631,0.0514179938645205,9934.TW,2026-08-13,0.0089218429760831,0.1535134805215372,neutral,0.1592592592592592,0.1712962962962963,2026-03-31,2026-05-15,4675859000.0,1599481000.0,215608000.0,179015000.0,65010000.0,114005000.0,0.28,10184466000.0,6401709000.0,16132102000.0,9818930000.0,6313172000.0,2756002000.0,2012873000.0,1745714000.0,,0.3631539256486886,137309108.39873755,9730393000.0,0.0141113630660896,0.0180582756180252,0.0070669649869558,1.5553084883478543,0.3420721197965978,0.0461108857217465,0.0243816162976685,0.0629297965528301,,,37.04526496126525,37.04526496126525,False,84.04247506477421,84.04247506477421,72.29317253889697,571.0,True,True,True,True,True,True,True,True,True,True,True,True,True,True,False,False,False,14,False,0.0916522565260968,0.1410429357109808,1.0,20890056.980971523,0.5527777777777778,0.0,3.0,,,,,,0.045343259512711,-0.0084412311109955,0.2141563577534379,-1.157990654055638,0.5562992125984252,-1.157990654055638,0.6525691562451753,-571.0,0.3937007874015748,0.7637795275590551,0.7322834645669292,0.444488188976378,0.5724409448818898,成霖
20.14999961853028,20.700000762939453,19.950000762939453,20.549999237060547,448727.0,0.0484693284235326,20.35999984741211,0.0959999593098959,19.60250015258789,0.1078167160246699,19.051914564768477,0.0675324278992492,18.96554061571757,0.0218949551501626,66.19720731413099,405531.55,1.1065156336171624,0.0483356243896047,9935.TW,2026-08-13,0.0089218429760831,0.1535134805215372,neutral,0.0925925925925925,0.2574074074074074,2026-03-31,2026-05-15,1207014000.0,329361000.0,129050000.0,125078000.0,35715000.0,89363000.0,0.51,4101731000.0,3844659000.0,8361229000.0,5772111000.0,2589118000.0,430540000.0,854900000.0,1461115000.0,287107000.0,0.2855418219031324,92200827.88340075,4516570000.0,0.0204139043308087,0.0345148425062125,0.0106877828606297,2.22937347776347,0.2728725598874578,0.1069167383311212,0.0740364237697325,0.0157374361805349,,,40.70851081970746,40.70851081970746,False,74.9279612228349,74.9279612228349,66.37309862205304,498.0,True,False,True,True,True,True,True,True,True,False,True,True,True,True,False,False,False,12,False,0.07863171269214,0.0835440788874675,1.0,8333673.043103981,0.6851851851851852,0.0,3.0,,,,,,0.1157147946674646,0.0710954778662913,0.3133143989531859,-0.4513059235773212,0.9271653543307088,-0.4513059235773212,0.881198417477227,-498.0,0.4803149606299212,0.4960629921259842,0.968503937007874,0.5535433070866141,0.5826771653543307,慶豐富
137.5,138.0,134.0,135.0,2092650.0,-0.0526315789473684,138.7,0.0756972111553784,132.575,0.0887096774193547,127.83860804239907,0.134453781512605,122.8984706878662,0.0277131782945735,58.208955223880594,2195455.4,0.9531735420359712,0.0182915330944748,9939.TW,2026-08-13,0.0089218429760831,0.1535134805215372,neutral,0.125,0.2944444444444444,2026-03-31,2026-05-15,6859793000.0,1532311000.0,905992000.0,852810000.0,177064000.0,664457000.0,2.25,15830282000.0,15334754000.0,47767359000.0,28356250000.0,19411109000.0,3417062000.0,3186314000.0,8601830000.0,3723183000.0,0.2076242070332196,717886129.4215593,32432605000.0,0.0221347045487576,0.0342307593038604,0.0139102729125133,1.4608258600783706,0.2233756907825061,0.1320727899515335,0.0968625438114532,-0.0577454629967812,,,44.2251041721302,44.2251041721302,False,72.31202245107355,72.31202245107355,65.2902928813377,445.0,True,False,True,True,True,True,True,True,True,False,True,True,True,True,False,False,False,12,False,0.0560190076164295,0.098467696501032,1.0,296386479.0,0.2296296296296296,2.0,3.0,,,,,,0.0400287316128708,-0.003325344187099,0.2257704612527685,-0.7383883136254956,0.5850393700787402,-0.7383883136254956,0.6421435601799775,-445.0,0.5275590551181102,0.4409448818897638,0.7007874015748031,0.5535433070866141,0.5362204724409448,宏全
21.799999237060547,21.850000381469727,20.950000762939453,21.14999961853028,884099.0,0.0393120010842364,21.189999771118163,0.0418719415475608,20.59999990463257,0.1250000253636798,19.69770714441935,-0.029816497306351,19.88968691825867,0.0171583727161625,61.84209667744991,588192.3,1.503078159982713,0.0266990153613555,9940.TW,2026-08-13,0.0089218429760831,0.1535134805215372,neutral,0.1861111111111111,0.2324074074074074,2026-03-31,2026-05-15,2876811000.0,665012000.0,209493000.0,232453000.0,69452000.0,159582000.0,0.22,16303412000.0,4204969000.0,30767900000.0,17352956000.0,13414944000.0,4695442000.0,404164000.0,8438314000.0,900000000.0,0.2987786778402516,146900958.44321218,26562931000.0,0.0055302992897588,0.0118958379550447,0.0051866393221506,1.2935541139791564,0.2311629092074522,0.0728212593736606,0.0554718401730249,0.2999785808018913,,,39.42870701490352,39.42870701490352,False,79.08805445317272,79.08805445317272,69.17321759360541,523.0,True,True,True,True,True,True,True,True,True,False,True,True,True,True,False,False,False,13,False,0.0737290113749296,0.0633651351804158,1.0,12440266.920622448,0.625,0.0,3.0,,,,,,0.0450700192699813,0.0012123043125889,0.2168457787284003,-1.532688082037491,0.5224409448818897,-1.532688082037491,0.5188582622025187,-523.0,0.4409448818897638,0.6535433070866141,0.5275590551181102,0.4539370078740157,0.5220472440944882,信義
86.0999984741211,86.4000015258789,84.9000015258789,86.0999984741211,1509763.0,0.0512820130646158,85.33999938964844,0.022565339605022,82.89500007629394,0.1682496884577504,81.05,0.1225554354613873,78.60333347320557,0.009867822749437,74.44443219974755,1046515.6,1.442656946537634,0.0386633499593145,9941.TW,2026-08-13,0.0089218429760831,0.1535134805215372,neutral,0.2388888888888889,0.1787037037037037,2026-03-31,2026-05-15,9588907000.0,4187850000.0,1390166000.0,1382030000.0,301331000.0,1104074000.0,1.82,235100426000.0,237208150000.0,286724084000.0,244513555000.0,42210529000.0,7708912000.0,35439009000.0,3468847000.0,,0.2180350643618445,1087061066.716352,49515934000.0,0.0219537627365839,0.0261563649202311,0.0038506496719682,5.792714775026866,0.4367390360548913,0.1449764816782559,0.1151407558755132,-0.0112940820804001,,,41.17633903527033,41.17633903527033,False,70.27649445849723,70.27649445849723,63.001455602690505,492.0,True,False,True,True,True,True,True,False,True,True,True,True,True,True,False,False,False,12,False,0.0623071989404206,0.095373372472441,1.0,90104991.56314392,0.3518518518518518,1.0,3.0,,,,,,0.0950421303779357,0.0482789136151549,0.2606092466026844,-0.2079756553702656,0.868503937007874,-0.2079756553702656,0.8208378382849203,-492.0,0.4881889763779528,0.3543307086614173,0.9133858267716536,0.5519685039370079,0.5330708661417323,裕融
27.39999961853028,27.39999961853028,26.799999237060547,27.100000381469727,4298627.0,0.0284629976904071,27.070000076293944,0.0093109868323328,26.59750003814697,0.1581196933015949,25.80590562820435,-0.0687285214358126,25.732119512557983,0.0094885662638975,63.51351072702959,6126778.05,0.7016129791089788,0.0188927659592839,9945.TW,2026-08-13,0.0089218429760831,0.1535134805215372,neutral,0.2851851851851852,0.1888888888888888,2026-03-31,2026-05-15,8802139000.0,2177505000.0,1558595000.0,3524918000.0,275592000.0,2706817000.0,0.99,56821154000.0,31229259000.0,206807304000.0,85163985000.0,121643319000.0,4687641000.0,7435539000.0,36077246000.0,,0.0781839464066965,1436737892.0502548,175578045000.0,0.0081829017520399,0.0222520811027854,0.0130885947819328,0.7001123094972441,0.247383618913539,0.1770700280920353,0.3075180930453381,0.2547092191019549,,,56.447152500431685,56.447152500431685,False,70.50382968879633,70.50382968879633,66.98966039170517,296.0,True,False,True,True,True,True,True,True,True,True,True,True,False,True,False,False,False,12,False,0.0501472326493748,0.0531584997591891,1.0,166035687.49218035,0.2824074074074074,0.0,3.0,,,,,,-0.0123174651369891,-0.0607614721331273,0.0998863001823183,-1.9009566977096848,0.1267716535433071,-1.9009566977096848,0.1279503738503275,-296.0,0.6929133858267716,0.5275590551181102,0.0236220472440944,0.5925196850393701,0.5094488188976378,潤泰新
208.0,209.0,205.0,207.0,263428.0,0.0048543689320388,211.7,0.0871525853623353,192.99107894897463,0.0866141732283465,195.04583079020185,0.1896551724137931,198.6520820617676,0.0224016250541289,69.67213114754098,350637.8,0.7512823774276476,0.0725884384258466,6782.TW,2026-08-13,0.0089218429760831,0.1535134805215372,neutral,0.1055555555555555,0.2962962962962963,2026-03-31,2026-05-15,1228595000.0,562960000.0,345415000.0,320529000.0,79940000.0,240471000.0,3.82,2257209000.0,1785112000.0,6287420000.0,2055065000.0,4232355000.0,548061000.0,34008000.0,243227000.0,,0.2494002102773852,259268426.36703697,4502308000.0,0.0575856708086245,0.0568173038414783,0.0382463713255993,0.4855606394076111,0.4582144644899255,0.2811463500990969,0.1957284540471026,0.2971931691721623,,,94.77818654579036,94.77818654579036,False,60.83926118636761,60.83926118636761,69.3239925262233,18.0,True,False,True,True,True,False,True,True,True,False,True,True,False,True,True,False,False,10,False,0.0612890271038732,0.0420228061623677,1.0,72582024.6,0.3759259259259259,2.0,1.0,,,,,,0.0307593477343187,-0.0455989006222367,0.1618697473226462,-1.6410359716565222,0.2807086614173228,-1.6410359716565222,0.2902645225033595,-18.0,0.9763779527559056,0.6614173228346457,0.1968503937007874,0.8594488188976378,0.725984251968504,視陽
1850.0,1915.0,1825.0,1830.0,2124810.0,0.0397727272727272,1776.0,0.2932862190812721,1513.25,0.0639534883720929,1654.5,0.1582278481012657,1746.625,0.0662321648758147,69.81132075471697,1608695.05,1.3208283322560108,0.2093176937056005,6805.TW,2026-08-13,0.0089218429760831,0.1535134805215372,neutral,0.0166666666666666,0.3379629629629629,2026-03-31,2026-05-15,4183854000.0,1351837000.0,1120299000.0,1165338000.0,248078000.0,917260000.0,13.38,14924697000.0,8114461000.0,16208746000.0,8785852000.0,7422894000.0,8031178000.0,410000000.0,,,0.2128807264501801,881808935.0385897,8094285000.0,0.1089421653720606,0.1235717497784556,0.0565904358054595,1.1836154470210676,0.3231080721267998,0.2677672308832956,0.219238051805823,0.858077701800986,,,90.14552363242608,90.14552363242608,True,68.93413896726271,68.93413896726271,74.23698513355356,31.0,True,False,True,True,True,False,True,True,True,False,True,True,True,False,True,True,False,10,False,0.1060743427017225,0.0477349173405854,1.0,2943911941.5,0.0518518518518518,3.0,2.0,,,,,,0.0599393784137261,-0.0372411890778914,0.2979509037609317,-0.7882847489645539,0.6929133858267718,-0.7882847489645539,0.6017011661922043,-31.0,0.952755905511811,0.7952755905511811,0.6377952755905512,0.905511811023622,0.8425196850393701,富世達
