Open,High,Low,Close,Volume,ret5,ma5,ret20,ma20,ret60,ma60,ret120,ma120,ma20_slope,rsi14,volume_ma20,volume_ratio,ma20_deviation,symbol,date,benchmark_ret20,benchmark_ret60,market_regime,rs20_rank_pct,rs60_rank_pct,period_date,as_of_date,revenue,gross_profit,operating_income,pretax_income,tax_expense,net_income_parent,eps,current_assets,current_liabilities,assets,liabilities,equity,cash,short_borrowings,long_borrowings,bonds_payable,tax_rate,nopat,invested_capital_proxy,roic_proxy,roe,roa,debt_to_equity,gross_margin,operating_margin,net_margin,revenue_growth,pe,pb,eva_like_score,fundamental_score,fundamental_pass,technical_score,score,final_score,fundamental_rank,pass_market,pass_score,pass_rs20,pass_rs60,pass_close_ma20,pass_ma20_ma60,pass_ma20_slope,pass_rsi,pass_ret20_benchmark,pass_ret60_benchmark,pass_ret5_cap,pass_ret20_cap,pass_volume_ratio,pass_ma20_deviation,pass_fundamental_score,pass_fundamental_filter,pass_fundamental_universe,entry_pass_count,entry_all_pass,close_ma60_ratio,close_ma120_ratio,above_ma120,turnover20,liquidity_rank,price_bucket,eva_rank_bucket,forward_60d_return,forward_60d_max_drawdown,reward_60,fwd60_rank_label,top_quantile_60,reg_forward60,reg_reward60,cls_topq60,rank_forward60,ensemble_score,ranker_score,stable_ensemble_score,fundamental_rank_score,fundamental_score_rank,final_score_rank,stable_ml_rank,fund_ml_85_15,fund_final_ml,name
24.600000381469727,26.100000381469727,24.600000381469727,25.299999237060547,108782743.0,0.0284552375908946,24.479999542236328,0.0743099811759666,24.419999885559083,0.0607965967462791,23.9819455464681,0.0119999694824217,24.14972276687622,0.0048348943408708,61.97179920310505,53624878.25,2.028587225743492,0.0360360096488721,1101.TW,2026-09-01,0.0774962275619814,0.0742942072979486,bull,0.2772093023255814,0.2567441860465116,2026-03-31,2026-05-15,33168148000.0,6208390000.0,2792191000.0,2132735000.0,927996000.0,718189000.0,0.1,184722314000.0,82516661000.0,597615286000.0,292869670000.0,304745616000.0,97044326000.0,5704442000.0,70674580000.0,98473452000.0,0.4,1675314600.0,515098625000.0,0.0032524152049522,0.0023566836150975,0.0012017580822054,0.961029969336786,0.1871792781435972,0.0841829034289162,0.021652972604922,-0.0511527050022949,,,23.33964555046912,23.33964555046912,False,73.6167799762744,73.6167799762744,61.04749636982308,801.0,True,False,True,True,True,True,True,True,False,False,True,True,True,True,False,False,False,11,False,0.0549602486603326,0.0476310424466672,1.0,1356709378.8124647,0.1013953488372093,0.0,3.0,,,,,,-0.0073344130489682,-0.0687489644853634,0.1657916778079098,-1.9845783277250089,0.2684873949579832,-1.9845783277250089,0.2600019747857768,-801.0,0.2100840336134453,0.2521008403361344,0.1932773109243697,0.207563025210084,0.2193277310924369,台泥
14.25,15.25,14.25,14.5,3858775.0,0.0622710919578215,14.19000015258789,0.1372549019607842,13.680000019073486,0.0820895830436134,13.86172375679016,0.0211267742791885,14.485861873626709,0.0299265980589329,62.50001117587825,1748229.85,2.2072469475338155,0.0599415189900014,1308.TW,2026-09-01,0.0774962275619814,0.0742942072979486,bull,0.1451162790697674,0.2213953488372093,2026-03-31,2026-05-15,1301918000.0,73711000.0,13526000.0,-115776000.0,4459000.0,-120235000.0,-0.2,2732713000.0,1008062000.0,12537553000.0,1505156000.0,11032397000.0,726414000.0,,295229000.0,,0.0,13526000.0,11529491000.0,0.0011731654068683,-0.0108983569028561,-0.009589989370334,0.1364305508585305,0.0566172370302891,0.0103892871901302,-0.0923522065137743,-0.1515061063473556,,,14.704701931024411,14.704701931024411,False,68.4400754051677,68.4400754051677,55.00623203663188,960.0,True,False,True,True,True,False,True,True,True,True,True,True,True,True,False,False,False,12,False,0.0460459503023338,0.0009759948352836,1.0,25349332.825000003,0.5023255813953489,0.0,3.0,,,,,,0.0173485875039711,-0.0458721143771971,0.1288307466402729,-1.862905530966864,0.3453781512605042,-1.862905530966864,0.2951316385773051,-960.0,0.1008403361344537,0.1008403361344537,0.226890756302521,0.1197478991596638,0.1260504201680672,亞聚
12.199999809265137,12.600000381469728,12.100000381469728,12.149999618530272,4439404.0,0.0429184563409521,12.039999771118165,0.1355140032815307,11.677499961853028,0.1243717648337983,11.808010069529216,-0.0121951682828087,11.748638645807905,0.0343224005906664,61.19403494947518,3261421.75,1.3611867278434628,0.0404623984774792,1313.TW,2026-09-01,0.0774962275619814,0.0742942072979486,bull,0.1469767441860465,0.161860465116279,2026-03-31,2026-05-15,14431164000.0,896155000.0,195198000.0,172691000.0,70351000.0,102340000.0,0.08,19273009000.0,8329694000.0,54586668000.0,25914554000.0,28672114000.0,2987238000.0,4703421000.0,14008019000.0,2998655000.0,0.4,117118800.0,46256974000.0,0.0025319165927282,0.0035693217458608,0.0018748167592863,0.9038243221270674,0.0620985944030571,0.0135261438370459,0.0070915970465029,-0.0083447619882685,,,16.79868265460239,16.79868265460239,False,72.71034759669132,72.71034759669132,58.73243136116909,920.0,True,False,True,True,True,False,True,True,True,True,True,True,True,True,False,False,False,12,False,0.0289625048579156,0.0341623387034362,1.0,39626273.01836633,0.4455813953488372,0.0,3.0,,,,,,-0.0122282086710043,-0.0483200418256673,0.134431926009813,-1.98262040415962,0.25,-1.98262040415962,0.2544059802922188,-920.0,0.134453781512605,0.1680672268907563,0.1848739495798319,0.142016806722689,0.1546218487394958,聯成
8.1899995803833,8.4399995803833,8.1899995803833,8.260000228881836,27663437.0,0.0455696366036133,8.128000068664551,0.079738578550319,7.902500009536743,0.0403022883318968,8.181999993324279,-0.0270906417475716,7.940416634082794,0.018560289443996,63.953498365306864,24165091.35,1.144768567158758,0.0452388761674991,1314.TW,2026-09-01,0.0774962275619814,0.0742942072979486,bull,0.2669767441860465,0.3041860465116279,2026-03-31,2026-05-15,4092344000.0,-291527000.0,-647288000.0,-263196000.0,25000.0,-263381000.0,-0.07,57442349000.0,37332389000.0,128112754000.0,51812243000.0,76300511000.0,1367909000.0,14373487000.0,4356642000.0,,0.0,-647288000.0,90780365000.0,-0.0071302643473618,-0.0034518903811797,-0.0020558530807947,0.679054993484906,-0.0712371687228639,-0.1581704763822396,-0.0643594477883579,-0.3721140502220507,,,12.28013230960367,12.28013230960367,False,61.080692734901525,61.080692734901525,48.88055262857706,1003.0,True,False,True,True,True,False,True,True,True,False,True,True,True,True,False,False,False,11,False,0.0095331502836957,0.0402477111121961,1.0,199603660.0819505,0.2595348837209302,0.0,3.0,,,,,,0.0377389200306536,-0.0283686803429039,0.1570434149322792,-1.8796102379410056,0.4462184873949579,-1.8796102379410056,0.547237413024183,-1003.0,0.042016806722689,0.042016806722689,0.6134453781512605,0.1277310924369748,0.1563025210084033,中石化
66.0,66.19999694824219,65.5,66.0999984741211,37563.0,0.0279937066397086,65.4,0.0409448578601747,64.39786586761474,0.0800653210800106,63.51762199401856,0.0669986025588431,62.57326208750407,0.0074308307919692,73.77424911013442,59086.6,0.6357278976959243,0.0264315064416187,1315.TW,2026-09-01,0.0774962275619814,0.0742942072979486,bull,0.3953488372093023,0.2241860465116279,2026-03-31,2026-05-15,400564000.0,44047000.0,-40608000.0,22670000.0,8119000.0,13937000.0,0.15,7354156000.0,780905000.0,11315299000.0,994940000.0,10320359000.0,2244943000.0,109175000.0,,,0.3581385090427878,-26064711.42479048,10534394000.0,-0.0024742487726195,0.0013504375186948,0.001231695247293,0.0964055610856172,0.1099624529413526,-0.1013770583477297,0.0347934412478405,-0.2598363215400335,,,15.52001612125422,15.52001612125422,False,59.7375092577318,59.7375092577318,48.68313597361241,949.0,True,False,True,True,True,True,True,False,False,True,True,True,False,True,False,False,False,10,False,0.0406560636093353,0.0563617153551168,1.0,3905624.169841003,0.7525581395348837,1.0,3.0,,,,,,0.0156669716970202,-0.0065904845915826,0.161843694902882,-1.6614177880429886,0.4941176470588235,-1.6614177880429886,0.3735921804349942,-949.0,0.1092436974789916,0.0336134453781512,0.361344537815126,0.1470588235294117,0.1369747899159664,達新
32.099998474121094,32.79999923706055,32.099998474121094,32.650001525878906,95698.0,-0.0121028054588607,33.11000061035156,0.0348653665742797,32.337499904632566,0.1258621215820312,31.824166679382323,-0.0268255657719201,31.575416644414265,0.0080268104012418,53.76346732361529,139302.7,0.6869787879201192,0.0096637532947181,1321.TW,2026-09-01,0.0774962275619814,0.0742942072979486,bull,0.427906976744186,0.16,2026-03-31,2026-05-15,880894000.0,105477000.0,20883000.0,93159000.0,58043000.0,35116000.0,0.16,2103160000.0,996940000.0,11565078000.0,5771280000.0,5793798000.0,430438000.0,490000000.0,3742014000.0,,0.4,12529800.0,10568138000.0,0.0011856203997336,0.0060609638099222,0.0030363824610607,0.9961134302576652,0.119738583756956,0.0237065980696882,0.0398640472065878,-0.1112010218886778,,,14.654052606066369,14.654052606066369,False,60.927511609584585,60.927511609584585,49.359146858705024,964.0,True,False,False,True,True,True,True,True,False,True,True,True,False,True,False,False,False,10,False,0.0259499283929911,0.0340323262735073,1.0,4548233.367559052,0.7293023255813953,1.0,3.0,,,,,,0.0015196869278933,-0.0334414143299263,0.1420152775103723,-1.735548448878993,0.3617647058823529,-1.735548448878993,0.295384472066125,-964.0,0.0840336134453781,0.0504201680672268,0.2352941176470588,0.1067226890756302,0.1042016806722689,大洋
28.299999237060547,29.450000762939453,28.299999237060547,29.39999961853028,16119106.0,0.0137930902941474,28.559999847412108,0.0828729293411973,28.075,0.0990654063001972,27.758637523651124,0.0333918745207326,27.066402053833013,0.0129893573387144,62.25166248860329,18543193.05,0.8692734825408076,0.0471949997695557,1402.TW,2026-09-01,0.0774962275619814,0.0742942072979486,bull,0.2548837209302325,0.1990697674418604,2026-03-31,2026-05-15,61298588000.0,13425322000.0,4896381000.0,7132853000.0,1579509000.0,3092903000.0,0.61,166621578000.0,157755773000.0,679737079000.0,356159064000.0,323578015000.0,47148878000.0,35989865000.0,71488233000.0,85137297000.0,0.2214414064049827,3812119505.065365,521981306000.0,0.0073031724723593,0.0095584460520285,0.0045501460719932,1.1006899340797305,0.2190151916712991,0.0798775495448606,0.0504563498265245,-0.0379277396462631,,,28.35795292059996,28.35795292059996,False,74.9189247350614,74.9189247350614,63.27868178144603,711.0,True,False,True,True,True,True,True,True,True,True,True,True,True,True,False,False,False,13,False,0.0591297787393443,0.0862175016855182,1.0,545169868.5963333,0.1665116279069767,0.0,3.0,,,,,,0.0070349672952877,-0.0457606563049449,0.1801898012465493,-1.6920826821091688,0.4315126050420168,-1.6920826821091688,0.356773112047243,-711.0,0.2605042016806723,0.3445378151260504,0.3277310924369748,0.2705882352941177,0.2991596638655462,遠東新
11.800000190734863,11.800000190734863,11.699999809265137,11.699999809265137,388064.0,-0.0168067071996962,11.8,0.0883720752804777,11.57999997138977,0.0559567596450438,11.182500012715655,0.0086206400436978,11.274596548080444,0.0231941683820269,60.71428814712744,700558.55,0.5539351421804787,0.0103626803257206,1416.TW,2026-09-01,0.0774962275619814,0.0742942072979486,bull,0.241860465116279,0.267906976744186,2026-03-31,2026-05-15,106290000.0,37155000.0,-1172000.0,46263000.0,10052000.0,32464000.0,0.18,1356031000.0,642549000.0,6390787000.0,1821021000.0,4569766000.0,186939000.0,269000000.0,825653000.0,,0.217279467392949,-917348.4642154636,5748238000.0,-0.0001595877665843,0.0071040836664284,0.0050798125489082,0.3984932707714136,0.3495625176404177,-0.0110264371060306,0.3054285445479349,0.2931758178920345,,,41.68034930051946,41.68034930051946,False,71.5926107074142,71.5926107074142,64.11454535569051,486.0,True,False,True,True,True,True,True,True,True,False,True,True,False,True,False,False,False,11,False,0.0462776477497006,0.0377311293908002,1.0,8196534.901379061,0.6427906976744187,0.0,3.0,,,,,,0.0604467533737686,0.0167079017764783,0.2411520919275193,-1.492659859285285,0.7827731092436975,-1.492659859285285,0.6860002561287912,-486.0,0.4957983193277311,0.3949579831932773,0.7983193277310925,0.5411764705882353,0.5260504201680672,廣豐
18.0,18.5,18.0,18.350000381469727,3323193.0,0.0367231407069343,18.059999847412108,0.0576368863408225,17.70250015258789,0.1362229606751943,17.654882844289144,0.0955224108340135,16.88327471415202,0.0104166599758866,63.26530453365304,2092745.55,1.5879584596416894,0.0365767673097394,1434.TW,2026-09-01,0.0774962275619814,0.0742942072979486,bull,0.3246511627906976,0.1516279069767442,2026-03-31,2026-05-15,6979321000.0,780112000.0,198663000.0,386155000.0,49552000.0,336603000.0,0.2,15272141000.0,6346633000.0,61146600000.0,15727850000.0,45418750000.0,3214804000.0,2317516000.0,8200000000.0,,0.1283215289197343,173170260.1002188,54799967000.0,0.0031600431456504,0.0074111022430163,0.0055048522730617,0.3462853997523049,0.1117747700671741,0.0284645168204758,0.0482286170818049,-0.0921530851652357,,,20.54681103606591,20.54681103606591,False,76.9004801772939,76.9004801772939,62.812062891986905,850.0,True,True,True,True,True,True,True,True,False,True,True,True,True,True,False,False,False,13,False,0.0393725375190145,0.0868744773837186,1.0,38401881.64081907,0.4502325581395349,0.0,3.0,,,,,,0.0169195528865578,-0.0234394237539506,0.2080879153243884,-1.822212832553658,0.4920168067226891,-1.822212832553658,0.4447758776152192,-850.0,0.1764705882352941,0.3193277310924369,0.453781512605042,0.2180672268907563,0.2747899159663866,福懋
13.800000190734863,14.25,13.800000190734863,13.850000381469728,3966564.0,0.0259259541829428,13.810000038146972,0.1260162737153796,13.470000076293946,0.033582147444032,13.232608445485432,0.0905512275177848,12.990054202079772,0.0306044412247985,55.55556026506237,2089090.95,1.898703357075,0.0282108613974361,1440.TW,2026-09-01,0.0774962275619814,0.0742942072979486,bull,0.161860465116279,0.3190697674418604,2026-03-31,2026-05-15,3372657000.0,294268000.0,-129416000.0,-64775000.0,8778000.0,-78150000.0,-0.05,12562200000.0,9846736000.0,45799105000.0,17769583000.0,28029522000.0,4400648000.0,5866840000.0,3989879000.0,,0.0,-129416000.0,35952369000.0,-0.0035996515278311,-0.002788131741954,-0.0017063652226391,0.6339595445116759,0.0872510901642236,-0.0383721202600798,-0.0231716418242353,-0.1955247737019332,,,12.51873256872129,12.51873256872129,False,70.97977485136242,70.97977485136242,56.36451428070214,999.0,True,False,True,True,True,True,True,True,True,False,True,True,True,True,False,False,False,12,False,0.0466568582096096,0.0662003534405788,1.0,28933910.454424955,0.493953488372093,0.0,3.0,,,,,,0.0297720731782205,-0.0058976468643109,0.2091313409606311,-1.6617061869383507,0.5957983193277312,-1.6617061869383507,0.4762544793240037,-999.0,0.0504201680672268,0.1512605042016806,0.5378151260504201,0.1235294117647058,0.1781512605042017,南紡
15.5,15.75,15.5,15.5,99582.0,0.0367893108864125,15.54000015258789,0.1969112145399765,14.362499952316284,0.3362068526101323,13.325562604268391,0.3422918961400245,12.440065789222718,0.0160948008813368,69.8113200757037,198936.75,0.5005711614369894,0.0791993073253425,1459.TW,2026-09-01,0.0774962275619814,0.0742942072979486,bull,0.0855813953488372,0.0474418604651162,2026-03-31,2026-05-15,231160000.0,43640000.0,24305000.0,20991000.0,11327000.0,10929000.0,0.03,2303265000.0,1144782000.0,4781139000.0,1238615000.0,3542524000.0,1064701000.0,969808000.0,0.0,,0.4,14583000.0,3636357000.0,0.0040103323188564,0.0030850884849333,0.0022858569893073,0.3496419502027368,0.1887869873680567,0.1051436234642671,0.0472789409932514,-0.1821658664987316,,,27.476121095005883,27.476121095005883,False,78.05609826534807,78.05609826534807,65.41110397276253,723.0,True,True,True,True,True,True,True,True,True,True,True,True,False,True,False,False,False,13,False,0.1631779055268631,0.2459741180330585,1.0,3083519.625,0.7813953488372093,0.0,3.0,,,,,,0.037230477590466,0.0177771520187694,0.3013265076348838,-1.4063192944619842,0.7941176470588235,-1.4063192944619842,0.7602954118756929,-723.0,0.2436974789915966,0.4453781512605042,0.8907563025210085,0.3407563025210084,0.4336134453781513,聯發
72.80000305175781,74.80000305175781,72.80000305175781,73.5,12961953.0,0.0381355484726233,72.68000030517578,0.1238531847880142,70.38500022888184,0.0559500077877173,68.84676424662273,0.02653633472584,68.23176212310791,0.033325988064688,71.52777630605753,9896171.65,1.3097946820677873,0.0442565853660388,1504.TW,2026-09-01,0.0774962275619814,0.0742942072979486,bull,0.1674418604651162,0.2688372093023256,2026-03-31,2026-05-15,14235194000.0,3341581000.0,1178530000.0,1581890000.0,343200000.0,1188154000.0,0.51,62376471000.0,29514331000.0,143191254000.0,52445953000.0,90745301000.0,27625447000.0,3014665000.0,7416112000.0,6000000000.0,0.2169556669553508,922841237.8231103,113676923000.0,0.0081181053591951,0.0130932840258031,0.0082976715882382,0.5779467633260702,0.2347408121027363,0.0827898797866752,0.0834659506572232,0.0453859488824619,,,37.679082544571614,37.679082544571614,False,69.52548508455651,69.52548508455651,61.56388444956028,564.0,True,False,True,True,True,True,True,True,True,False,True,True,True,True,False,False,False,12,False,0.0675882999629213,0.0772109309940847,1.0,727368616.275,0.1395348837209302,1.0,3.0,,,,,,-0.0052502490089913,-0.0527011083422711,0.1842256965385471,-1.9163591760362315,0.3336134453781512,-1.9163591760362315,0.4510426769217158,-564.0,0.4117647058823529,0.2773109243697479,0.4705882352941176,0.4205882352941176,0.3831932773109243,東元
22.799999237060547,23.200000762939453,22.799999237060547,23.200000762939453,442022.0,0.0131004868736512,23.01000022888184,0.0790698029274163,22.432499980926515,0.0545454892245205,22.678763548533123,-0.0313152390859443,22.105215088526407,0.0164127662897656,77.27268786477984,312206.35,1.415800799695458,0.034213787258019,1532.TW,2026-09-01,0.0774962275619814,0.0742942072979486,bull,0.267906976744186,0.2716279069767441,2026-03-31,2026-05-15,3204035000.0,692228000.0,47497000.0,-19458000.0,3954000.0,-37698000.0,-0.09,35106369000.0,24279086000.0,53473656000.0,34226331000.0,19247325000.0,5460478000.0,12943511000.0,8314544000.0,,0.0,47497000.0,29194570000.0,0.0016269121278374,-0.0019586098327949,-0.0007049826553845,1.778238326624609,0.2160488259335494,0.0148241202109215,-0.0117657890753378,0.0813238445165094,,,18.257925886506182,18.257925886506182,False,56.48824862555288,56.48824862555288,46.9306679407912,888.0,True,False,True,True,True,False,True,False,True,False,True,True,True,True,False,False,False,10,False,0.0229834934912067,0.0495261263022628,1.0,7243187.558194541,0.6604651162790698,0.0,3.0,,,,,,-0.0051269438470135,-0.0355836164529429,0.1814170189131304,-1.7832295251214334,0.380672268907563,-1.7832295251214334,0.594500726159809,-888.0,0.1596638655462184,0.0084033613445378,0.6974789915966386,0.2403361344537815,0.2218487394957983,勤美
104.0,104.5,103.0,103.0,164124.0,-0.0048309178743961,102.6,0.1232279545018502,98.78499984741212,0.1444444444444443,93.2755339304606,0.0945802515430065,92.64360014597575,0.0287425174678077,66.30435323444969,123446.5,1.329515215093178,0.0426684229295801,1558.TW,2026-09-01,0.0774962275619814,0.0742942072979486,bull,0.1683720930232558,0.14,2026-03-31,2026-05-15,1926175000.0,466203000.0,115500000.0,190949000.0,37396000.0,79533000.0,1.23,7337752000.0,2436771000.0,13553818000.0,4826378000.0,8727440000.0,2321376000.0,528924000.0,448585000.0,1225737000.0,0.1958428690383296,92880148.62607291,11117047000.0,0.0083547500182443,0.0091129815845196,0.0058679406791503,0.5530118797723044,0.2420356405830207,0.0599633989642685,0.0412906407777071,-0.0577927547617254,,,30.82891502090822,30.82891502090822,False,76.85677342982194,76.85677342982194,65.3498088275935,667.0,True,True,True,True,True,True,True,True,True,True,True,True,True,True,False,False,False,14,False,0.1042552710209006,0.1117875367289913,1.0,12714989.5,0.5925581395348837,2.0,3.0,,,,,,0.0143035101213455,-0.0228366342570695,0.2454200871136225,-1.367582172398202,0.6432773109243698,-1.367582172398202,0.6416539036417368,-667.0,0.2941176470588235,0.4369747899159664,0.7478991596638656,0.3621848739495798,0.4277310924369748,伸興
681.0,748.0,681.0,744.0,2006875.0,0.0989660265878877,698.8,0.1022222222222222,697.75,0.1463790446841293,693.0196970621745,0.5419689119170985,628.5681818644206,0.024370549805476,53.73831775700935,1166514.55,1.7204028873879027,0.0662844858473665,1560.TW,2026-09-01,0.0774962275619814,0.0742942072979486,bull,0.2111627906976744,0.1376744186046511,2026-03-31,2026-05-15,2293229000.0,802560000.0,444439000.0,531951000.0,89799000.0,436359000.0,2.94,5759371000.0,3216860000.0,13961884000.0,5383626000.0,8578258000.0,1772650000.0,642250000.0,940383000.0,555943000.0,0.1688106611323223,369412958.57701176,10745024000.0,0.0343799100473867,0.050868020057219,0.0312535901315323,0.6275896574805747,0.3499694099455396,0.193804892577235,0.1902814764683335,0.2944197621734146,,,86.28355650333096,86.28355650333096,False,76.67506974745635,76.67506974745635,79.077191436425,54.0,True,True,True,True,True,True,True,True,True,True,True,True,True,True,True,False,False,14,False,0.0735625598434495,0.1836424774050646,1.0,867886825.2,0.1274418604651162,3.0,2.0,,,,,,-0.0085850636993552,-0.1075050661185954,0.3166343581636202,-1.3921131272085705,0.5142857142857142,-1.3921131272085705,0.4751563852813852,-54.0,0.8907563025210085,0.8823529411764706,0.5210084033613446,0.8352941176470587,0.8142857142857143,中砂
18.100000381469727,19.600000381469727,18.049999237060547,19.600000381469727,2128173.0,0.1395348553531179,18.220000076293942,0.0739726236421767,18.16250009536743,0.2173912991970061,18.885445976257323,0.3023255902372646,17.013972997665405,0.023239436494857,55.45455459721783,797402.85,2.6688806040760955,0.0791466085921148,1617.TW,2026-09-01,0.0774962275619814,0.0742942072979486,bull,0.2790697674418604,0.0855813953488372,2026-03-31,2026-05-15,911155000.0,75347000.0,14007000.0,16464000.0,3663000.0,13556000.0,0.08,2297558000.0,1064440000.0,3434420000.0,1140178000.0,2294242000.0,694430000.0,745000000.0,0.0,0.0,0.2224854227405247,10890646.68367347,2369980000.0,0.0045952483496373,0.0059087053588941,0.003947100238177,0.4969737281420181,0.0826939434015068,0.0153727960665309,0.0148778199098945,0.184011674370313,,,27.96265695638479,27.96265695638479,False,64.92231680594152,64.92231680594152,55.682401843552334,718.0,True,False,True,True,True,False,True,True,False,True,False,True,True,True,False,False,False,10,False,0.0378362473468054,0.1519943274953572,1.0,15629096.164185047,0.5655813953488372,0.0,3.0,,,,,,-0.0044557480858545,-0.0537556735262973,0.2027822926012278,-1.600006526649542,0.4453781512605042,-1.600006526649542,0.4731565177741178,-718.0,0.2521008403361344,0.1176470588235294,0.5126050420168067,0.2911764705882352,0.2638655462184873,榮星
33.79999923706055,36.75,33.54999923706055,36.400001525878906,31378658.0,0.1110529957836761,35.03272399902344,0.4444444612640967,31.18893146514893,0.8200000762939452,26.216310501098636,1.153846292751838,22.436488596598306,0.1012748917174782,65.77107380470915,13119329.5,2.3917882388730307,0.1670807499946871,1709.TW,2026-09-01,0.0774962275619814,0.0742942072979486,bull,0.0213953488372093,0.0111627906976744,2026-03-31,2026-05-15,2424471000.0,492933000.0,320616000.0,344786000.0,79982000.0,264726000.0,0.55,5694389000.0,2189161000.0,12130526000.0,3134319000.0,8996207000.0,600735000.0,285000000.0,20699000.0,,0.2319757762786192,246240854.51265424,9941365000.0,0.0247693203612033,0.0294264015934715,0.021823126218929,0.34840449980753,0.2033156923716555,0.1322416312671919,0.1091891798252072,-0.0753599255550004,,,52.52750676874495,52.52750676874495,False,88.77787665109837,88.77787665109837,79.71528418051001,330.0,True,True,True,True,True,True,True,True,True,True,False,False,True,False,False,False,False,11,False,0.3884486729875094,0.6223573207171853,1.0,477543613.81850815,0.1748837209302325,1.0,3.0,,,,,,0.0370753386926403,-0.0855871091881034,0.2819866047528033,-1.0725724393737666,0.673109243697479,-1.0725724393737666,0.6316701667823093,-330.0,0.6302521008403361,0.8991596638655462,0.7226890756302521,0.6441176470588235,0.7294117647058823,和益
16.200000762939453,16.75,16.100000381469727,16.100000381469727,5844037.0,0.0125786646375996,15.990000152587893,0.1925926208496093,15.1875,0.0952381353993077,15.25583322842916,0.1925926208496093,14.447499958674111,0.049404049755527,60.24096939279665,4965813.55,1.1768538913427389,0.0600823296440973,1710.TW,2026-09-01,0.0774962275619814,0.0742942072979486,bull,0.0883720930232558,0.2037209302325581,2026-03-31,2026-05-15,5345825000.0,88577000.0,-176669000.0,-219291000.0,-8101000.0,-127331000.0,-0.15,7085020000.0,12457768000.0,36888664000.0,23663579000.0,13225085000.0,2362413000.0,9628981000.0,8250000000.0,,0.0369417805564295,-170142532.57087615,24430896000.0,-0.0069642362920654,-0.0096279910488287,-0.0034517650191939,1.7892950404477552,0.0165693789078392,-0.0330480328106513,-0.0238187744641846,-0.1284074295508901,,,6.405846346837272,6.405846346837272,False,72.89308984368225,72.89308984368225,56.271278969471005,1061.0,True,False,True,True,True,False,True,True,True,True,True,True,True,True,False,False,False,12,False,0.0553340574979193,0.1143796800500056,1.0,79949600.04930754,0.3581395348837209,0.0,3.0,,,,,,0.037868859721339,0.0042923659140072,0.2268069532830525,-1.5332818773079837,0.7058823529411765,-1.5332818773079837,0.593308437157899,-1061.0,0.0084033613445378,0.134453781512605,0.6890756302521008,0.1105042016806722,0.1823529411764706,東聯
17.649999618530273,18.549999237060547,17.549999237060547,18.549999237060547,30662190.0,0.1242423780036694,17.049999618530272,0.2749140201986251,16.612677574157715,0.4664031459643443,16.711725854873656,0.8775302654042774,13.254612946510315,0.0555990453402191,63.08998929965994,18546680.5,1.653244094003776,0.1166170627374652,1714.TW,2026-09-01,0.0774962275619814,0.0742942072979486,bull,0.0567441860465116,0.027906976744186,2026-03-31,2026-05-15,7139550000.0,802314000.0,490214000.0,535557000.0,131252000.0,223134000.0,0.23,17219321000.0,4978429000.0,25588223000.0,7499378000.0,18088845000.0,5982998000.0,888587000.0,1280870000.0,,0.2450756875551995,370074466.90081537,20609794000.0,0.01795624288631,0.0123354476197899,0.0087201835000421,0.414585784775092,0.1123759900834086,0.0686617503904307,0.0312532302456037,0.3342708703208805,,,45.10051143692903,45.10051143692903,False,84.55217744513513,84.55217744513513,74.68926094308361,432.0,True,True,True,True,True,False,True,True,True,True,False,True,True,True,False,False,False,12,False,0.1099990149521745,0.3995127064004087,1.0,344040909.1250057,0.2055813953488372,0.0,3.0,,,,,,-0.0169544489720697,-0.1013137837460613,0.2878040023579299,-1.689838293351611,0.4327731092436974,-1.689838293351611,0.3822465194039491,-432.0,0.5462184873949579,0.7983193277310925,0.3697478991596639,0.5197478991596638,0.5865546218487394,和桐
34.0,34.900001525878906,34.0,34.849998474121094,3334259.0,-0.041265476285175,35.05999908447266,0.0739598660941369,33.97999963760376,0.137030959473539,32.21666653951009,0.1260096159949575,31.069999965031947,0.0193490263430053,59.459453886489726,2096992.6,1.5900194402212005,0.0256032620893424,1808.TW,2026-09-01,0.0774962275619814,0.0742942072979486,bull,0.28,0.1506976744186046,2026-03-31,2026-05-15,5392216000.0,1474911000.0,1229561000.0,1153602000.0,211319000.0,942283000.0,1.06,46784978000.0,26633648000.0,51660398000.0,37973630000.0,13686768000.0,5845055000.0,11570200000.0,207356000.0,10980553000.0,0.1831818946222353,1004327686.4663897,25026750000.0,0.0401301681787043,0.068846275468394,0.0182399485191732,2.774477509957062,0.2735259492572256,0.2280251755493474,0.1747487489373571,173.44891620834682,,,72.1127428848662,72.1127428848662,False,78.17127407825646,78.17127407825646,76.6566412799089,149.0,True,True,True,True,True,True,True,True,False,True,True,True,True,True,True,False,False,13,False,0.0817381876359404,0.1216607181636106,1.0,73080188.91024323,0.3665116279069767,1.0,3.0,,,,,,0.0822472318012098,0.0237433611570577,0.2532551072641266,-0.5338004216676678,0.8936974789915967,-0.5338004216676678,0.8313636208407932,-149.0,0.7983193277310925,0.8487394957983193,0.9495798319327732,0.8210084033613445,0.8436974789915966,潤隆
25.0,25.200000762939453,24.700000762939453,24.850000381469727,2189592.0,-0.0197238655809049,25.200000381469728,0.1639344233004205,24.585000038146973,0.1679128323194316,22.905470720926925,0.4079320633741181,20.83921256065369,0.0429525972139229,45.94595709188151,3252859.8,0.6731283039004633,0.010778944190017,1904.TW,2026-09-01,0.0774962275619814,0.0742942072979486,bull,0.107906976744186,0.1172093023255814,2026-03-31,2026-05-15,10422205000.0,2150150000.0,696170000.0,676222000.0,51875000.0,623134000.0,0.56,23384595000.0,24639229000.0,73010397000.0,42553667000.0,30456730000.0,6316415000.0,12166669000.0,15580624000.0,,0.0767129729585846,642764729.6154221,48371168000.0,0.0132881788096459,0.0204596488198174,0.0085348666163258,1.3971843661483028,0.2063047119107713,0.0667968054744653,0.0597890753444208,0.0134174531712039,,,33.04763840274124,33.04763840274124,False,69.73080348870297,69.73080348870297,60.56001221721255,631.0,True,False,True,True,True,True,True,False,True,True,True,True,False,True,False,False,False,11,False,0.0848936782061517,0.1924635016386735,1.0,80833567.27086753,0.3562790697674418,0.0,3.0,,,,,,0.055323531978273,0.008633363677702,0.2370164892172433,-1.5813906926164074,0.7407563025210084,-1.5813906926164074,0.7119407440244192,-631.0,0.3277310924369748,0.2352941176470588,0.8403361344537815,0.4046218487394958,0.4025210084033613,正隆
11.050000190734863,11.300000190734863,10.949999809265137,11.0,3152361.0,0.0,10.970000076293946,0.0891088697562312,10.701999998092653,0.1506275645583117,10.249500052134197,0.1664898880186149,9.807083328564962,0.0235271571484069,66.66666666666666,4648232.3,0.6781849091320157,0.0278452627509306,1909.TW,2026-09-01,0.0774962275619814,0.0742942072979486,bull,0.2390697674418604,0.1283720930232558,2026-03-31,2026-05-15,10760215000.0,1109471000.0,15988000.0,29258000.0,59036000.0,-27240000.0,-0.02,14658431000.0,22767425000.0,70430999000.0,49630869000.0,20800130000.0,2240646000.0,8614561000.0,26455684000.0,0.0,0.4,9592800.0,47663574000.0,0.0002012606104611,-0.0013096071995703,-0.0003867615167576,2.386084558125358,0.1031086274763097,0.0014858439166875,-0.0025315479291073,0.0525224624933875,,,8.894222198109352,8.894222198109352,False,70.64274691744406,70.64274691744406,55.20561573761038,1044.0,True,False,True,True,True,True,True,True,True,True,True,True,False,True,False,False,False,12,False,0.0732230785939194,0.12163827220275,1.0,51130555.3,0.4111627906976744,0.0,3.0,,,,,,0.0052965362465366,-0.0273850373398396,0.2828457652919252,-1.3690146118309725,0.6373949579831932,-1.3690146118309725,0.6209193585691157,-1044.0,0.0168067226890756,0.1092436974789916,0.7058823529411765,0.1201680672268907,0.1823529411764706,榮成
48.59999847412109,50.29999923706055,48.59999847412109,49.79999923706055,12920973.0,-0.0158102620787565,49.13000030517578,0.1254237115719898,48.66999969482422,0.1913875633018451,43.85313320159912,0.3405113645115083,41.3819832166036,0.0283118523011432,60.000000000000014,20070176.8,0.643789694966713,0.0232175785765722,2027.TW,2026-09-01,0.0774962275619814,0.0742942072979486,bull,0.1627906976744186,0.0967441860465116,2026-03-31,2026-05-15,31174326000.0,8517820000.0,5633209000.0,4716863000.0,1204326000.0,2914770000.0,1.17,89517343000.0,24455518000.0,159942793000.0,66551339000.0,93391454000.0,9252095000.0,11925609000.0,29968117000.0,,0.2553235063218923,4194918326.275959,135487275000.0,0.0309617144951506,0.0312102432841446,0.0182238283159154,0.7126063054977172,0.2732318896004359,0.1807002659816927,0.0934990543179666,0.1950875950100803,,,67.77515994414823,67.77515994414823,False,78.5213615222079,78.5213615222079,75.83481112769299,180.0,True,True,True,True,True,True,True,True,True,True,True,True,False,True,True,False,False,13,False,0.1356086920431165,0.203422247222782,1.0,999494789.3276705,0.1190697674418604,1.0,3.0,,,,,,0.0222853588969534,-0.0384419625346979,0.3216033138839403,-1.1541912275417607,0.7201680672268908,-1.1541912275417607,0.6791927028099721,-180.0,0.773109243697479,0.8235294117647058,0.7647058823529411,0.7718487394957982,0.7865546218487395,大成鋼
21.950000762939453,22.0,21.850000381469727,21.89999961853028,317903.0,-0.0179372032383529,22.14000015258789,0.0709045868701672,21.637500095367432,0.0761670372484093,20.948643716176356,0.042857124691918,20.6976552327474,0.0185947971659883,59.183625805658174,388389.45,0.8185160539247397,0.0121316936802253,2029.TW,2026-09-01,0.0774962275619814,0.0742942072979486,bull,0.2883720930232558,0.2297674418604651,2026-03-31,2026-05-15,3111785000.0,440347000.0,145201000.0,173680000.0,32998000.0,134373000.0,0.42,8418174000.0,1415146000.0,11631228000.0,1524045000.0,10107183000.0,2662689000.0,204353000.0,,,0.1899930907415937,117613813.23122984,10216082000.0,0.011512614447616,0.0132948023202904,0.011552778434057,0.1507883057029837,0.1415094551840824,0.0466616427548818,0.0431819679058803,-0.1807433477529307,,,30.0830240796116,30.0830240796116,False,69.59743208687411,69.59743208687411,59.71883008505848,679.0,True,False,True,True,True,True,True,True,False,True,True,True,True,True,False,False,False,12,False,0.0454137229714444,0.0580908500147667,1.0,8505728.806841183,0.6390697674418605,0.0,3.0,,,,,,0.0371348385981012,0.0109531109867379,0.1497056455840179,-1.6101519782734917,0.5609243697478992,-1.6101519782734917,0.5050077727192076,-679.0,0.2773109243697479,0.1764705882352941,0.5882352941176471,0.3239495798319328,0.3092436974789916,盛餘
24.450000762939453,25.450000762939453,23.39999961853028,23.89999961853028,3440883.0,0.0063157734118011,24.379999923706052,0.5174602932400176,21.632500076293944,0.4984325958829851,17.653333298365276,0.5031446661594003,16.692499979337057,0.1181031130805728,57.19696887596902,1559404.15,2.206537028902995,0.1048191163406573,2033.TW,2026-09-01,0.0774962275619814,0.0742942072979486,bull,0.013953488372093,0.0232558139534883,2026-03-31,2026-05-15,175517000.0,27282000.0,8642000.0,9338000.0,1877000.0,,0.09,382129000.0,130958000.0,1213456000.0,149464000.0,1063992000.0,47710000.0,72000000.0,,,0.2010066395373741,6904900.621118012,1082498000.0,0.0063786728669411,,,0.140474740411582,0.1554379347869437,0.0492373958078134,,-0.0245478897818088,,,33.37842346640696,33.37842346640696,False,88.50933622390924,88.50933622390924,74.72660803453367,620.0,True,True,True,True,True,True,True,True,True,True,True,False,True,True,False,False,False,13,False,0.3538519448190247,0.4317807187728069,1.0,37269758.59013453,0.4558139534883721,0.0,3.0,,,,,,-0.0210532452276932,-0.07729087814683,0.1858920780348855,-1.748261945033234,0.319327731092437,-1.748261945033234,0.3319952539506368,-620.0,0.3445378151260504,0.8067226890756303,0.2605042016806723,0.3319327731092437,0.4663865546218487,佳大
14010.0,14740.0,14005.0,14150.0,326140.0,-0.005956604177183,14285.8,0.4902580305423907,13049.188720703123,1.2896440129449838,9448.81290690104,3.217585692995529,6810.073120117188,0.1356019084060728,71.32640183060059,535618.75,0.6089032544137037,0.0843585990560769,2059.TW,2026-09-01,0.0774962275619814,0.0742942072979486,bull,0.0148837209302325,0.0055813953488372,2026-03-31,2026-05-15,5449725000.0,4236615000.0,3654349000.0,4351760000.0,865950000.0,3485810000.0,36.58,34276607000.0,6265438000.0,39510069000.0,7981426000.0,31528643000.0,27231577000.0,,257007000.0,,0.1989884552456937,2927175737.561354,33244631000.0,0.088049578217949,0.1105601024439903,0.088225864652375,0.2531484149190943,0.7773997770529706,0.6705565877177289,0.6396304400680768,0.3782121233655666,,,100.0,100.0,True,81.44383674304515,81.44383674304515,86.08287755728387,1.0,True,True,True,True,True,True,True,True,True,True,True,False,False,True,True,True,True,13,False,0.4975426161380967,1.0778044156677875,1.0,7579005312.5,0.0306976744186046,3.0,0.0,,,,,,-0.104135186350191,-0.2372535646066105,0.1554699616890945,-1.839305477865141,0.0928571428571428,-1.839305477865141,0.0978016443127422,-1.0,1.0,0.9831932773109244,0.042016806722689,0.8563025210084033,0.803361344537815,川湖
21.200000762939453,21.39999961853028,21.0,21.14999961853028,431689.0,0.0217390743480785,21.479999923706053,0.1401617513964776,20.307500076293945,0.1127218995772865,19.10544881820679,0.1160949217423443,19.04272136688233,0.0418109507281335,67.12328051286232,624551.7,0.6911981826324386,0.0414871125973712,2069.TW,2026-09-01,0.0774962275619814,0.0742942072979486,bull,0.1376744186046511,0.1823255813953488,2026-03-31,2026-05-15,2302863000.0,277674000.0,137979000.0,128564000.0,22373000.0,106191000.0,0.64,4252225000.0,3913450000.0,9681868000.0,5325210000.0,4356658000.0,267712000.0,2834868000.0,1356137000.0,,0.174022276842662,113967580.26352634,5768418000.0,0.019757163968271,0.0243744172712202,0.0109680280706161,1.2223153619127325,0.1205777330218949,0.0599162868134144,0.0461125998376803,-0.1384973197554728,,,30.045180578249248,30.045180578249248,False,72.96524227579954,72.96524227579954,62.235226851411966,681.0,True,False,True,True,True,True,True,True,True,True,True,True,False,True,False,False,False,12,False,0.1070140157280736,0.1106605621669583,1.0,13209268.216752434,0.5897674418604651,0.0,3.0,,,,,,0.0563877462897042,0.0321292311355837,0.2612341618982042,-1.2157334926340622,0.8579831932773109,-1.2157334926340622,0.8082548339769604,-681.0,0.2689075630252101,0.3025210084033613,0.9243697478991596,0.3672268907563025,0.4100840336134453,運錩
28.350000381469727,29.450000762939453,28.200000762939453,28.799999237060547,7388115.0,0.0249109909639868,28.270000076293947,0.3211009286688333,27.260000038146973,0.361702116146982,23.95661341349284,0.4222221845461997,21.97289007504781,0.0705940122983593,60.90224765991254,8757272.6,0.8436547927033812,0.0564930006147665,2103.TW,2026-09-01,0.0774962275619814,0.0742942072979486,bull,0.041860465116279,0.0437209302325581,2026-03-31,2026-05-15,10330865000.0,1265731000.0,651038000.0,844918000.0,343164000.0,435719000.0,0.53,20606457000.0,11013075000.0,44846222000.0,22698723000.0,22147499000.0,6501177000.0,5243271000.0,6369581000.0,,0.4,390622800.0,33833147000.0,0.0115455650637524,0.0196735080561466,0.0097158462980449,1.0248887696078008,0.1225193630930227,0.0630187307645584,0.0421764295632553,-0.0044362000632366,,,30.459795491848286,30.459795491848286,False,87.25029913071994,87.25029913071994,73.05267322100202,673.0,True,True,True,True,True,True,True,True,True,True,True,True,True,True,False,False,False,14,False,0.2021732262390567,0.31070601721917,1.0,252209444.1987312,0.2334883720930232,0.0,3.0,,,,,,0.0297670743749171,-0.0266733564542962,0.252403635319206,-1.7746442320617024,0.5890756302521009,-1.7746442320617024,0.5679041251343054,-673.0,0.2857142857142857,0.7478991596638656,0.6302521008403361,0.3373949579831932,0.4932773109243697,台橡
30.25,31.850000381469727,30.25,30.5,921268.0,0.0149750673665398,30.45,0.1111110802291264,29.75250015258789,0.0409556585046464,28.848333485921223,0.2701026381653404,27.778750880559286,0.0287863062235482,47.7987394223108,1230811.4,0.7485046043609931,0.0251239339073523,2108.TW,2026-09-01,0.0774962275619814,0.0742942072979486,bull,0.1888372093023256,0.3013953488372093,2026-03-31,2026-05-15,2595684000.0,706987000.0,322249000.0,400150000.0,120689000.0,166573000.0,0.34,14271694000.0,1850566000.0,18859782000.0,2404041000.0,16455741000.0,9490424000.0,110000000.0,24000000.0,,0.3016093964763214,225055673.59490192,17009216000.0,0.0132313960616939,0.0101224855204028,0.0088321805628506,0.1460913246021555,0.272370211474124,0.1241480087714837,0.0641730657506846,0.1428634327678053,,,48.999527692236406,48.999527692236406,False,63.89366115894602,63.89366115894602,60.170127792268616,386.0,True,False,True,True,True,True,True,False,True,False,True,True,False,True,False,False,False,10,False,0.0572534463692619,0.0979615365406929,1.0,37539747.7,0.4530232558139535,1.0,3.0,,,,,,0.0118910625896428,-0.0359744753151782,0.2020733270816856,-1.5618303845771466,0.5201680672268907,-1.5618303845771466,0.4782195546181118,-386.0,0.5714285714285714,0.2100840336134453,0.5462184873949579,0.5676470588235294,0.4579831932773109,南帝
23.89999961853028,24.0,23.799999237060547,23.950000762939453,61407.0,0.0,23.929999923706056,0.0961098555975619,23.312499904632567,0.1801792784031586,21.94405879974365,0.0550660774444016,21.62614218393962,0.0240500743991643,68.00005798348691,78108.7,0.7861736272655927,0.0273458814333422,2115.TW,2026-09-01,0.0774962275619814,0.0742942072979486,bull,0.2213953488372093,0.1051162790697674,2026-03-31,2026-05-15,795763000.0,146418000.0,55001000.0,50773000.0,23159000.0,28129000.0,0.27,2550411000.0,942761000.0,4966182000.0,1610225000.0,3355957000.0,883919000.0,179756000.0,658841000.0,,0.4,33000600.0,4023421000.0,0.0082021245104601,0.0083818118050976,0.0056641097728597,0.4798109749320388,0.1839969940798956,0.0691173125666812,0.0353484643040704,-0.0114512019538349,,,30.9467161073479,30.9467161073479,False,70.23121380704372,70.23121380704372,60.41008938211976,665.0,True,False,True,True,True,True,True,True,True,True,True,True,False,True,False,False,False,12,False,0.091411619951512,0.1074559928088152,1.0,1870703.4245922088,0.8390697674418605,0.0,3.0,,,,,,0.0449579191725398,0.0315902846208198,0.224315944008199,-1.3777051456857858,0.7701680672268907,-1.3777051456857858,0.5917742417254801,-665.0,0.3025210084033613,0.2184873949579832,0.680672268907563,0.3592436974789915,0.3529411764705882,六暉-KY
2395.0,2440.0,2390.0,2440.0,18600292.0,0.0166666666666666,2418.0,0.0517241379310344,2397.0,0.0660172444467956,2387.047782389323,0.2618354998173386,2243.473963419596,0.0120329322355921,53.96825396825397,18354730.9,1.0133786270873633,0.0179390905298288,2330.TW,2026-09-01,0.0774962275619814,0.0742942072979486,bull,0.3441860465116279,0.2437209302325581,2026-03-31,2026-05-15,1134103440000.0,751295421000.0,658966142000.0,687799687000.0,114998383000.0,572479752000.0,22.08,4265512176000.0,1714253448000.0,8660949685000.0,2728560764000.0,5932388921000.0,3035637228000.0,,40991672000.0,860026070000.0,0.167197492487373,548788655423.5218,6946696237000.0,0.0789999500050863,0.096500711538565,0.0660989582922395,0.4599430010971123,0.6624575805889452,0.5810458894296273,0.5047861877572649,0.351323787607557,,,99.15374073493592,99.15374073493592,True,62.37475697233315,62.37475697233315,71.56950291298384,5.0,True,False,True,True,True,True,True,True,False,False,True,True,True,True,True,True,True,12,False,0.0221831410335968,0.0875989825533123,1.0,44785543396.0,0.001860465116279,3.0,0.0,,,,,,-0.0381618333811702,-0.1408255810285419,0.1389817210410733,-1.626857262116577,0.2109243697478992,-1.626857262116577,0.1727769355916414,-5.0,0.9831932773109244,0.7310924369747899,0.1428571428571428,0.8571428571428571,0.7394957983193277,台積電
33.70000076293945,34.79999923706055,33.29999923706055,34.099998474121094,2891335.0,0.0460122720923052,34.17999954223633,0.0757097051551962,32.18249979019165,0.0428133846641474,34.02999989191691,0.3294346581387977,33.8087498664856,0.0506856013892845,61.03285510528206,3667978.45,0.7882639005144645,0.0595820304957741,2340.TW,2026-09-01,0.0774962275619814,0.0742942072979486,bull,0.2753488372093023,0.2967441860465116,2026-03-31,2026-05-15,954029000.0,-37817000.0,-255186000.0,-223331000.0,14681000.0,-215090000.0,-0.49,5468504000.0,4374534000.0,14636848000.0,7853545000.0,6783303000.0,2380873000.0,1369339000.0,3251596000.0,,0.0,-255186000.0,10262314000.0,-0.0248663215723081,-0.0317087413019881,-0.0146951037545788,1.1577759389489162,-0.0396392562490238,-0.2674824350203191,-0.2254543624984146,-0.0130492849997362,,,12.85259993281939,12.85259993281939,False,64.24959376800369,64.24959376800369,51.400345309207616,993.0,True,False,True,True,True,False,True,True,False,False,True,True,False,True,False,False,False,9,False,0.0020569668653103,0.0086145926360976,1.0,125078059.54810904,0.3097674418604651,1.0,3.0,,,,,,-0.0431089294499549,-0.1261144690024375,0.1518908092153688,-2.008283616234802,0.146218487394958,-2.008283616234802,0.1747606448314222,-993.0,0.0588235294117647,0.0588235294117647,0.1512605042016806,0.072689075630252,0.0773109243697479,台亞
183.5,184.0,175.5,176.0,134852204.0,-0.0167597765363128,181.5,0.1210191082802547,177.275,0.1428571428571428,175.15,0.5519426839349684,144.38206183115642,0.0690486959143676,49.16666666666666,165747207.65,0.8136016643173898,-0.0071922154844169,2344.TW,2026-09-01,0.0774962275619814,0.0742942072979486,bull,0.1702325581395349,0.1437209302325581,2026-03-31,2026-05-15,38253064000.0,20415002000.0,12550494000.0,12688424000.0,2570746000.0,10114310000.0,2.25,110641935000.0,75046248000.0,229813688000.0,106920169000.0,122893519000.0,25520648000.0,5251103000.0,22148521000.0,4892959000.0,0.202605619106045,10007693393.043297,154767440000.0,0.0646627830313875,0.082301410866101,0.0440109120045103,0.870022844736019,0.5336827920503309,0.3280912085891995,0.2644052251605257,0.913359516665577,,,96.98400611250784,96.98400611250784,True,66.3,66.3,73.97100152812695,11.0,True,False,True,True,False,True,True,False,True,True,True,True,True,True,True,True,True,12,False,0.0048529831572936,0.2189879945461528,1.0,29171508546.4,0.0037209302325581,2.0,0.0,,,,,,-0.0624774399433821,-0.1403136650528475,0.1871761265640771,-1.6087770409425064,0.2689075630252101,-1.6087770409425064,0.1929330177954195,-11.0,0.9663865546218487,0.7647058823529411,0.1596638655462184,0.8453781512605042,0.7445378151260503,華邦電
65.0,66.5,64.69999694824219,65.9000015258789,24277685.0,0.0892562235682463,64.08000030517579,0.1767857415335518,61.83000011444092,0.1684397117549894,57.90212148030599,0.2113970528940016,56.78606081008911,0.0381128286574892,62.83187035695453,17241181.3,1.4081219017167923,0.0658256736843738,2354.TW,2026-09-01,0.0774962275619814,0.0742942072979486,bull,0.0986046511627907,0.1153488372093023,2026-03-31,2026-05-15,25274831000.0,1224398000.0,373042000.0,939869000.0,285306000.0,663384000.0,0.47,119608118000.0,42954189000.0,150753789000.0,44332160000.0,106421629000.0,18348663000.0,13096824000.0,,,0.3035593258209388,259801621.9771053,107799600000.0,0.0024100425416894,0.0062335448746043,0.0044004466116602,0.4165709585219749,0.0484433704027536,0.0147594260867659,0.0262468223823138,-0.1575198993297046,,,17.738249987351253,17.738249987351253,False,86.00921668182755,86.00921668182755,68.94147500820849,896.0,True,True,True,True,True,True,True,True,True,True,True,True,True,True,False,False,False,14,False,0.1381275822215462,0.1604960898110146,1.0,1136193873.9779549,0.1134883720930232,1.0,3.0,,,,,,-0.0110879044678906,-0.0757764288169514,0.1600296584953158,-1.8200444704206344,0.2659663865546218,-1.8200444704206344,0.2525997556627672,-896.0,0.1512605042016806,0.6218487394957983,0.1764705882352941,0.1550420168067226,0.2974789915966386,鴻準
1000.0,1025.0,987.0,1010.0,5643359.0,0.0918918918918918,982.6,0.2531017369727046,914.15,0.1966824644549762,793.6206665039062,0.7294520547945205,715.9269999186198,0.0578603251750274,71.5846994535519,3940955.25,1.4319774374499683,0.1048515013947382,2357.TW,2026-09-01,0.0774962275619814,0.0742942072979486,bull,0.0641860465116279,0.0948837209302325,2026-03-31,2026-05-15,208369726000.0,30970538000.0,11895859000.0,13859608000.0,2702804000.0,9797017000.0,13.19,485857648000.0,327627459000.0,671441698000.0,354711686000.0,316730012000.0,57955263000.0,41417377000.0,275376000.0,,0.1950130191272365,9576011621.29809,343814239000.0,0.0278522833991703,0.0309317608967223,0.0145910166574134,1.1199181402487366,0.1486326185407567,0.0570901504184921,0.0470174683629425,0.4108280576281871,,,51.58078089609261,51.58078089609261,False,83.03976267637327,83.03976267637327,75.1750172313031,344.0,True,True,True,True,True,True,True,True,True,True,True,True,True,True,False,False,False,14,False,0.2726483099908396,0.4107583596020374,1.0,3980364802.5,0.0502325581395348,3.0,3.0,,,,,,0.0614924713426132,0.0137097345314647,0.3531520340417282,-1.0620887965586083,0.904621848739496,-1.0620887965586083,0.8666563535661901,-344.0,0.6134453781512605,0.8151260504201681,0.9663865546218487,0.6663865546218488,0.7445378151260504,華碩
5525.0,5735.0,5490.0,5640.0,1696743.0,0.012645798755023,5591.64091796875,0.0972762645914397,5654.813647460937,0.1823899371069182,5300.521215820312,1.302040816326531,4657.34394124349,0.0431496766234281,48.408257165951625,1993752.35,0.8510299686919491,-0.0026196526330427,2383.TW,2026-09-01,0.0774962275619814,0.0742942072979486,bull,0.2176744186046511,0.1032558139534883,2026-03-31,2026-05-15,33067261000.0,9729153000.0,7128470000.0,7194158000.0,1855381000.0,5339793000.0,14.9,90741002000.0,68350963000.0,130976723000.0,83055788000.0,47920935000.0,22134504000.0,12291308000.0,10978888000.0,0.0,0.2579010636130038,5290030005.06661,62625760000.0,0.0844705118958494,0.1114292323386428,0.0407690227522336,1.733183795349569,0.2942231290338803,0.2155748551414645,0.1614827729457241,0.5252381635035763,,,86.0587773245522,86.0587773245522,True,65.88837209302326,65.88837209302326,70.9309734009055,55.0,True,False,True,True,False,True,True,False,True,True,True,True,True,True,True,True,False,11,False,0.0640463023082438,0.210990657154289,1.0,11244763254.0,0.0195348837209302,3.0,2.0,,,,,,0.0137922435059788,-0.082135106498226,0.3589372577254545,-0.8466411280160796,0.669327731092437,-0.8466411280160796,0.6901607891678588,-55.0,0.8823529411764706,0.7142857142857143,0.8151260504201681,0.8722689075630252,0.8184873949579832,台光電
45.79999923706055,47.95000076293945,45.20000076293945,45.900001525878906,5261473.0,0.0177384274683927,45.44000091552734,0.3170732721828759,41.71499996185303,0.1709183834831396,38.53581670125325,0.2455903236499026,37.84832499821981,0.0745057772091188,66.39785359726932,6141546.15,0.8567016955494179,0.1003236621803409,2392.TW,2026-09-01,0.0774962275619814,0.0742942072979486,bull,0.0427906976744186,0.1106976744186046,2026-03-31,2026-05-15,20284345000.0,3918165000.0,2024943000.0,2036754000.0,252111000.0,-210762000.0,-0.46,65961303000.0,65464823000.0,123191294000.0,95674753000.0,27516541000.0,21416412000.0,16445470000.0,26655579000.0,0.0,0.1237807805950055,1774293974.7996078,57726471000.0,0.0307362280088039,-0.0076594656283287,-0.0017108514177958,3.476990549066469,0.1931620173094078,0.0998278721841893,-0.0103903774068129,-0.0513983335778374,,,22.851074819845003,22.851074819845003,False,83.3115272829204,83.3115272829204,68.19641416715154,810.0,True,True,True,True,True,True,True,True,True,True,True,True,True,True,False,False,False,14,False,0.1910997470668931,0.212735346360448,1.0,281896977.6562557,0.2269767441860465,1.0,3.0,,,,,,0.040031353662413,0.0070354864671562,0.3313944316508138,-1.035932539473508,0.857983193277311,-1.035932539473508,0.829389808889917,-810.0,0.1932773109243697,0.5882352941176471,0.9411764705882352,0.3054621848739496,0.4613445378151261,正崴
689.0,715.0,679.0,711.0,4697259.0,0.0611940298507462,684.0,0.234375,670.05,0.5095541401273886,568.6361302693684,1.054913294797688,485.0055651346842,0.0475259907762057,56.21890547263682,4060293.9,1.1568765994993613,0.061114842175957,2395.TW,2026-09-01,0.0774962275619814,0.0742942072979486,bull,0.0688372093023255,0.0223255813953488,2026-03-31,2026-05-15,20385264000.0,7979823000.0,3728486000.0,4068287000.0,750007000.0,3334165000.0,3.85,49300373000.0,29811036000.0,83769137000.0,34044129000.0,49725008000.0,10001958000.0,,43915000.0,,0.184354496130681,3041122842.1397014,53958101000.0,0.0563608204473263,0.0670520756879516,0.0398018305954375,0.6846480346468723,0.3914505595806853,0.182901040673302,0.1635576071028562,0.1748587968840969,,,87.43653384699755,87.43653384699755,False,83.46462544391186,83.46462544391186,84.45760254468328,49.0,True,True,True,True,True,True,True,True,True,True,True,True,True,True,True,False,False,14,False,0.2503602253750432,0.4659625602492994,1.0,2886868962.9,0.0586046511627907,3.0,2.0,,,,,,-0.0295531250352048,-0.1168015794403348,0.3255026582073753,-1.4777342517277854,0.4785714285714285,-1.4777342517277854,0.4346087772839305,-49.0,0.907563025210084,0.9495798319327732,0.4285714285714285,0.8357142857142856,0.8243697478991597,研華
551.0,551.0,516.0,518.0,82079502.0,0.0156862745098038,531.8,0.1880733944954129,504.775,0.5257731958762886,445.38914845784507,1.0393700787401574,355.1570742289225,0.084255182042745,57.66738660907128,89987081.95,0.9121253875706988,0.0261997919865286,2408.TW,2026-09-01,0.0774962275619814,0.0742942072979486,bull,0.0920930232558139,0.0204651162790697,2026-03-31,2026-05-15,49086932000.0,33325482000.0,30111283000.0,31718134000.0,5659880000.0,26059487000.0,8.41,141606845000.0,25207062000.0,240968098000.0,47930660000.0,193037438000.0,86281008000.0,0.0,13800000000.0,3996400000.0,0.1784430319892084,24738134364.394894,215761036000.0,0.1146552446308929,0.1349970620724877,0.1081449669740099,0.2482972240856201,0.6789074126694249,0.6134276837672398,0.5308844113541258,5.829068133568171,,,100.0,100.0,True,80.20599362652766,80.20599362652766,85.15449521989575,2.0,True,True,True,True,True,True,True,True,True,True,True,True,True,True,True,True,True,15,True,0.1630278864978394,0.4585095936062202,1.0,46613308450.1,0.0009302325581395,3.0,0.0,,,,,,-0.1208004197910118,-0.2170134160569612,0.1823899707622174,-1.726338789390202,0.1747899159663865,-1.726338789390202,0.1311629780964373,-2.0,0.9915966386554622,0.9747899159663864,0.0840336134453781,0.8554621848739495,0.8050420168067227,南亞科
66.80000305175781,67.0,66.19999694824219,66.69999694824219,54599.0,0.0,67.01999969482422,0.0438183936698235,66.34999961853028,0.046391676074315,65.08761876424154,0.0121395357183584,65.65168348948161,0.011201704640341,56.75676232973033,90976.3,0.6001453125704167,0.0052750163033032,2459.TW,2026-09-01,0.0774962275619814,0.0742942072979486,bull,0.3804651162790697,0.2874418604651163,2026-03-31,2026-05-15,1246416000.0,380276000.0,186277000.0,194518000.0,45242000.0,148975000.0,1.41,6078446000.0,3159848000.0,9214633000.0,3255851000.0,5958782000.0,822536000.0,1819298000.0,61941000.0,,0.2325851592140573,142951734.29708305,6054785000.0,0.0236097126978221,0.0250009146164434,0.0161672201160914,0.546395387513757,0.3050955700183566,0.1494501033362858,0.1195226954724586,0.0636655026574228,,,58.06746252476306,58.06746252476306,False,62.12487616942008,62.12487616942008,61.11052275825583,283.0,True,False,True,True,True,True,True,True,False,False,True,True,False,True,False,False,False,10,False,0.0247724254568439,0.0159678077246645,1.0,6068118.932362366,0.6855813953488372,1.0,3.0,,,,,,0.0453981639371873,0.0301907172750046,0.1855089499713485,-1.5031462426785818,0.7016806722689075,-1.5031462426785818,0.6914063779357896,-283.0,0.6554621848739496,0.2605042016806723,0.8235294117647058,0.680672268907563,0.5705882352941176,敦吉
94.0999984741211,97.5999984741211,93.4000015258789,95.8000030517578,2628003.0,0.0715883827365067,94.76000061035155,0.2282051673302281,91.14000015258787,0.2065491336361451,82.3116668701172,0.7418182373046873,76.38750022252401,0.0621758666001454,50.32538298409675,4791810.75,0.5484363087586462,0.0511301611956118,2465.TW,2026-09-01,0.0774962275619814,0.0742942072979486,bull,0.0706976744186046,0.0893023255813953,2026-03-31,2026-05-15,1569188000.0,167121000.0,92107000.0,130068000.0,22277000.0,107791000.0,1.15,1574817000.0,638916000.0,1902288000.0,697716000.0,1204572000.0,319532000.0,112731000.0,0.0,,0.1712719500568933,76331654.49610972,1263372000.0,0.0604189854580517,0.0894848958800304,0.0566638700344006,0.5792231597613094,0.1065015791606869,0.0586972370423429,0.0686922153368493,0.9128577645528606,,,73.28778007996519,73.28778007996519,True,74.90735839420796,74.90735839420796,74.50246381564727,133.0,True,False,True,True,True,True,True,True,True,True,True,True,False,True,True,True,False,12,False,0.1638690685601638,0.2541319296047564,1.0,459055484.4734458,0.1786046511627907,1.0,3.0,,,,,,-0.0437728025371464,-0.1524406601520907,0.1599396178842834,-1.792451528078502,0.1676470588235294,-1.792451528078502,0.1531541484279746,-133.0,0.8151260504201681,0.7815126050420168,0.1260504201680672,0.711764705882353,0.6672268907563025,麗臺
126.0,130.0,125.5,127.5,2316707.0,0.0580912863070539,126.1,0.0969070854912093,122.09699783325196,0.0805084745762712,122.93186314900716,0.5997491202264351,115.06426499684652,0.03082772776325,55.04167306937382,1883148.7,1.2302305176431367,0.0442517200474243,2476.TW,2026-09-01,0.0774962275619814,0.0742942072979486,bull,0.2204651162790697,0.2232558139534883,2026-03-31,2026-05-15,2167648000.0,648571000.0,386545000.0,381039000.0,105379000.0,249094000.0,1.14,8508714000.0,2022591000.0,12826616000.0,2840613000.0,9986003000.0,3388343000.0,0.0,,0.0,0.2765569928537499,279643277.1973472,10804025000.0,0.0258832497330714,0.0249443145570855,0.0194200871063731,0.2844594579032271,0.2992049447142709,0.1783246172810345,0.1149144141484226,0.3165738497392238,,,72.21370863120339,72.21370863120339,False,61.79051889085089,61.79051889085089,64.39631632593901,147.0,True,False,True,True,True,False,True,True,True,True,True,True,True,True,True,False,False,12,False,0.0371599090258296,0.1080764301887671,1.0,240101459.25,0.2353488372093023,2.0,3.0,,,,,,-0.002046630662159,-0.0843917179338481,0.2172863541073695,-1.3926313795009122,0.4609243697478992,-1.3926313795009122,0.4317392402424782,-147.0,0.8067226890756303,0.4117647058823529,0.4201680672268907,0.7487394957983193,0.6109243697478992,鉅祥
151.0,160.5,149.5,157.0,36349080.0,0.145985401459854,151.8,0.2076923076923076,141.35,0.0572390572390573,156.63333333333333,0.741588125824794,134.83294982910155,0.0611861861861862,63.04347826086957,26261096.15,1.384141765917871,0.1107180756986205,2481.TW,2026-09-01,0.0774962275619814,0.0742942072979486,bull,0.0809302325581395,0.2651162790697674,2026-03-31,2026-05-15,3421155000.0,1119956000.0,222307000.0,401292000.0,91991000.0,287830000.0,0.75,16640056000.0,9238488000.0,30592464000.0,14747647000.0,15844817000.0,2062678000.0,3840875000.0,4482923000.0,455744000.0,0.2292370642823679,171345995.9505796,21353976000.0,0.0080240792604889,0.0181655616470673,0.0094085262305121,0.930755274737474,0.3273619581690978,0.064980101749263,0.0841324055764792,0.1137638172403219,,,42.02257957760406,42.02257957760406,False,76.10134233641276,76.10134233641276,67.58165164671058,479.0,True,True,True,True,True,False,True,True,True,False,False,True,True,True,False,False,False,11,False,0.002340923600766,0.1644038063321673,1.0,4122992095.55,0.0455813953488372,2.0,3.0,,,,,,-0.038075609532314,-0.1231499602727199,0.2109997380972804,-1.834635631952645,0.2722689075630252,-1.834635631952645,0.3362206661255946,-479.0,0.5042016806722689,0.5546218487394958,0.2773109243697479,0.4701680672268907,0.4739495798319327,強茂
74.19999694824219,79.19999694824219,74.19999694824219,76.69999694824219,11559974.0,-0.032786960951548,76.0199981689453,0.0972817635754377,73.82648391723633,0.386980072448897,74.00049457550048,1.7739601448977935,56.6939972559611,0.0487240204211485,54.63148322571031,17819797.6,0.6487152244647267,0.0389225231724055,2484.TW,2026-09-01,0.0774962275619814,0.0742942072979486,bull,0.2167441860465116,0.0409302325581395,2026-03-31,2026-05-15,558493000.0,124006000.0,38190000.0,65062000.0,13230000.0,51853000.0,0.33,2364630000.0,488834000.0,4989053000.0,883613000.0,4105440000.0,608103000.0,70000000.0,152941000.0,,0.2033445021671636,30424273.46223602,4500219000.0,0.0067606206414034,0.0126303148992556,0.0103933552119009,0.2152297926653416,0.2220368026098805,0.0683804452338704,0.0928444940223064,-0.0665818752496527,,,33.91916811523335,33.91916811523335,False,63.64183245314086,63.64183245314086,56.21116636866398,613.0,True,False,True,True,True,False,True,True,True,True,True,True,False,True,False,False,False,11,False,0.0364795179846735,0.3528768592900291,1.0,1366778421.5382936,0.0995348837209302,1.0,3.0,,,,,,-0.0672855178263145,-0.1823309449998381,0.132020776897751,-1.7006502366320535,0.1411764705882353,-1.7006502366320535,0.1476361680252625,-613.0,0.361344537815126,0.1260504201680672,0.1092436974789916,0.3235294117647058,0.2403361344537815,希華
266.0,276.0,266.0,276.0,4921007.0,0.069767441860465,264.3,0.248868778280543,243.0,0.0952380952380953,239.4833333333333,0.9680326306361356,228.84074681599932,0.0777248031932587,76.74418604651163,8587270.45,0.5730583459147953,0.1358024691358024,2486.TW,2026-09-01,0.0774962275619814,0.0742942072979486,bull,0.0651162790697674,0.2046511627906976,2026-03-31,2026-05-15,1620292000.0,341104000.0,113327000.0,85987000.0,24265000.0,66488000.0,0.29,6103859000.0,3197127000.0,14266046000.0,8757332000.0,5508714000.0,1340863000.0,1569756000.0,4248791000.0,584851000.0,0.2821938199960459,81346820.9613081,11068919000.0,0.0073491206287902,0.0120696046300461,0.0046605765886357,1.5897234817418366,0.2105200790968541,0.0699423313822446,0.0410345789524357,0.1990998011481162,,,33.6179116706075,33.6179116706075,False,77.93023255813954,77.93023255813954,66.85215233625652,617.0,True,True,True,True,True,True,True,False,True,True,True,True,False,True,False,False,False,12,False,0.1524810355626698,0.2060789166272005,1.0,2370086644.2,0.0660465116279069,2.0,3.0,,,,,,-0.0667076682000251,-0.1404491549547691,0.1773280006708639,-1.8463320182207488,0.1676470588235294,-1.8463320182207488,0.0958190472499935,-617.0,0.3529411764705882,0.5126050420168067,0.0336134453781512,0.3050420168067226,0.3369747899159663,一詮
35.79999923706055,36.150001525878906,35.5,36.09999847412109,1431550.0,0.0197739242392533,35.85999984741211,0.110359039318761,35.29993839263916,0.1478536597258584,34.85918064117432,0.1022900297441553,32.96000698407491,0.020405283745895,56.48853494726978,1547225.85,0.92523660976838,0.0226646310988676,2520.TW,2026-09-01,0.0774962275619814,0.0742942072979486,bull,0.1906976744186046,0.133953488372093,2026-03-31,2026-05-15,4862541000.0,1141758000.0,658447000.0,599530000.0,162065000.0,308665000.0,0.52,53619294000.0,30715620000.0,65803063000.0,37306228000.0,28496835000.0,17736193000.0,16539209000.0,220000000.0,3700000000.0,0.2703200840658515,480455551.60709226,35087443000.0,0.0136930910470475,0.0108315537497409,0.0046907390921908,1.3091358391203796,0.2348068633251627,0.1354121230031787,0.063478127999332,0.0287244960456058,,,37.26396887406752,37.26396887406752,False,72.80621286890049,72.80621286890049,63.920651870192245,570.0,True,False,True,True,True,True,True,True,True,True,True,True,True,True,False,False,False,13,False,0.0355951519836115,0.0952667119143302,1.0,55854850.82412071,0.4027906976744186,1.0,3.0,,,,,,0.0473904593904189,0.0117707813968131,0.2313192883169044,-1.536693985563834,0.7390756302521009,-1.536693985563834,0.6793108172162794,-570.0,0.3949579831932773,0.3697478991596639,0.773109243697479,0.4516806722689075,0.4630252100840336,冠德
11.5,11.850000381469728,11.449999809265137,11.699999809265137,1175674.0,0.026315807085399,11.589999771118164,0.0733945154800597,11.302499866485594,0.1641790634045374,11.166666666666666,0.130434722515798,10.65975000858307,0.0136771224055144,65.8536403821766,1032521.9,1.1386431609828325,0.0351692057045023,2537.TW,2026-09-01,0.0774962275619814,0.0742942072979486,bull,0.281860465116279,0.1237209302325581,2026-03-31,2026-05-15,1212617000.0,259289000.0,167409000.0,150138000.0,30818000.0,,0.4,17831477000.0,12815624000.0,18460150000.0,13906467000.0,4553683000.0,679610000.0,8130480000.0,,1090843000.0,0.205264490002531,133045876.99316628,5644526000.0,0.0235707793698117,,,3.053894397128654,0.2138259648347334,0.1380559566623262,,2.980962167272918,,,51.40705905064119,51.40705905064119,False,72.14435584962249,72.14435584962249,66.96003164987717,351.0,True,False,True,True,True,True,True,True,False,True,True,True,True,True,False,False,False,12,False,0.0477611769491168,0.0975866976096506,1.0,12080506.033062076,0.5962790697674418,0.0,3.0,,,,,,0.1003624474769835,0.0978431084050332,0.3822170770731469,0.0222248893832647,0.9899159663865548,0.0222248893832647,0.968570549617238,-351.0,0.6050420168067226,0.5210084033613446,1.0,0.6642857142857143,0.6588235294117647,聯上發
46.54999923706055,48.0,46.54999923706055,47.900001525878906,8075223.0,0.0084210847553454,47.46000061035157,0.084937709408728,46.58249988555908,0.1431980854772567,44.75166651407878,0.294594635834565,41.81875003178914,0.019366491285755,67.61365089534854,7959368.45,1.0145557465680584,0.0282831888274905,2542.TW,2026-09-01,0.0774962275619814,0.0742942072979486,bull,0.2455813953488372,0.1413953488372093,2026-03-31,2026-05-15,16191907000.0,4874634000.0,3912933000.0,3918335000.0,698387000.0,2421313000.0,1.15,244126134000.0,168451704000.0,269504119000.0,203260373000.0,66243746000.0,18030010000.0,104829064000.0,11468836000.0,23019028000.0,0.1782356536641201,3215508829.0010934,101052415000.0,0.0318202076516537,0.0365515712230404,0.0089843265067128,3.068370756086167,0.3010537301134449,0.2416597995529495,0.1495384700517363,13.610654325020349,,,58.947380152838136,58.947380152838136,False,69.22740371413097,69.22740371413097,66.65739782380777,278.0,True,False,True,True,True,True,True,True,True,True,True,True,True,True,False,False,False,13,False,0.0703512350944444,0.1454192554647617,1.0,381253760.90003246,0.1944186046511627,1.0,3.0,,,,,,0.0597100684502269,0.1234796420405537,0.253276579639227,0.3252058186223897,0.903361344537815,0.3252058186223897,0.8335332246419147,-278.0,0.6638655462184874,0.5042016806722689,0.957983193277311,0.7079831932773109,0.6747899159663865,興富發
105.0,105.5,103.0,104.0,349108.0,-0.0325581395348837,106.2,0.2328456452197853,102.1795425415039,0.1724915848721573,95.94909744262696,0.2322274658740533,90.28204879760742,0.0553525394865477,55.67010572808322,406593.15,0.8586175148302424,0.0178162615844228,2546.TW,2026-09-01,0.0774962275619814,0.0742942072979486,bull,0.0697674418604651,0.1088372093023255,2026-03-31,2026-05-15,4271987000.0,331333000.0,227648000.0,236497000.0,50162000.0,186338000.0,1.43,15279304000.0,9683343000.0,16184746000.0,9989889000.0,6194857000.0,7854449000.0,0.0,,,0.2121041704545935,179362909.8043527,6501403000.0,0.0275883389791945,0.0300794675325031,0.0115131865523252,1.6126101054471476,0.0775594588653944,0.0532885516739634,0.0436185784273219,0.0858039345262302,,,37.32527210445105,37.32527210445105,False,75.74863023042228,75.74863023042228,66.14279069892947,569.0,True,True,True,True,True,True,True,True,True,True,True,True,True,True,False,False,False,14,False,0.0839080592934926,0.1519455017369535,1.0,42285687.6,0.4390697674418605,2.0,3.0,,,,,,0.0640938483942778,0.0139512970553412,0.3792619829376467,-0.1978020150278827,0.9390756302521008,-0.1978020150278827,0.916346590793248,-569.0,0.4033613445378151,0.4705882352941176,0.9831932773109244,0.4903361344537815,0.5394957983193277,根基
231.5,239.0,231.0,238.0,12581587.0,-0.0325203252032519,233.3,0.1553398058252426,228.4,0.145629579009499,207.7329368591309,0.1333333333333333,208.1976853688558,0.0331335519620039,67.66917293233084,17238219.55,0.7298658056597266,0.0420315236427319,2603.TW,2026-09-01,0.0774962275619814,0.0742942072979486,bull,0.1209302325581395,0.1386046511627907,2026-03-31,2026-05-15,86511471000.0,13386693000.0,8948352000.0,10639378000.0,1948722000.0,8303529000.0,3.84,244500947000.0,151671937000.0,935103407000.0,330097608000.0,605005799000.0,183466379000.0,21757000.0,72484631000.0,,0.1831612712698054,7309360471.910295,783431470000.0,0.0093299296132567,0.0137247097692695,0.0088797976115169,0.5456106512460056,0.1547389362966675,0.1034354392147603,0.0959818265025224,-0.2133215452088127,,,31.8537233857576,31.8537233857576,False,73.99941156737945,73.99941156737945,63.46298952197399,651.0,True,False,True,True,True,True,True,True,True,True,True,True,False,True,False,False,False,12,False,0.1457018015462519,0.1431443129559515,1.0,4102696252.9,0.0465116279069767,2.0,3.0,,,,,,0.0512558446587108,-0.0175608020089487,0.2204158160657042,-1.5579611386650565,0.6865546218487395,-1.5579611386650565,0.5845705148092812,-651.0,0.3109243697478991,0.3529411764705882,0.6470588235294118,0.361344537815126,0.3907563025210084,長榮
74.5,75.0,72.80000305175781,75.0,5923397.0,-0.0384615384615384,73.91999969482421,0.182965271213537,69.91500053405761,0.147520144112393,64.9715970357259,0.2155591421815554,63.97107629776001,0.0437411345377111,62.49999686291359,10000281.1,0.5923230497990701,0.0727311653736646,2606.TW,2026-09-01,0.0774962275619814,0.0742942072979486,bull,0.095813953488372,0.135813953488372,2026-03-31,2026-05-15,3891765000.0,1243986000.0,987897000.0,987799000.0,68000.0,987731000.0,1.17,29154469000.0,15158773000.0,89632874000.0,49048791000.0,40584083000.0,18437340000.0,5972000000.0,33795287000.0,,6.883991581283237e-05,987828993.2536882,74474101000.0,0.0132640606598754,0.0243378912860985,0.0110197403689186,1.2085721143434485,0.3196457134487822,0.2538429221702749,0.2538002680017935,0.1329549990000165,,,55.37983321173965,55.37983321173965,False,83.12449982492983,83.12449982492983,76.18833317163228,303.0,True,True,True,True,True,True,True,True,True,True,True,True,False,True,False,False,False,13,False,0.1543505688918156,0.1724048482614975,1.0,750021082.5,0.1348837209302325,1.0,3.0,,,,,,0.0150496283070847,-0.0327938750344777,0.1936079354950202,-1.802289898778413,0.4634453781512604,-1.802289898778413,0.4083052835813224,-303.0,0.6386554621848739,0.8403361344537815,0.3865546218487395,0.6008403361344538,0.6487394957983192,裕民
52.70000076293945,53.70000076293945,52.29999923706055,53.59999847412109,544729.0,0.0287907877913868,52.54000015258789,0.1416399915467283,50.582500267028806,0.1028806616663258,48.37690041859945,-0.0307414247087397,49.02428356806437,0.027316571296137,71.23285738472819,632053.4,0.8618401546451613,0.0596549832681794,2607.TW,2026-09-01,0.0774962275619814,0.0742942072979486,bull,0.1348837209302325,0.1925581395348837,2026-03-31,2026-05-15,3991930000.0,868803000.0,467559000.0,709936000.0,149297000.0,553268000.0,1.04,14530568000.0,4295956000.0,44350782000.0,12631508000.0,31719274000.0,4170571000.0,346407000.0,4274711000.0,,0.2102964210858443,369233015.6535237,40054826000.0,0.0092181904785586,0.0174426438637908,0.012474819496982,0.3982281561677609,0.2176398383739193,0.1171260518095257,0.1385966186781832,-0.1369527758740344,,,38.62339041274056,38.62339041274056,False,71.11078348940254,71.11078348940254,62.98893522023704,546.0,True,False,True,True,True,True,True,True,True,True,True,True,True,True,False,False,False,13,False,0.1079667777457176,0.0933356812793375,1.0,33878061.27556305,0.4697674418604651,1.0,3.0,,,,,,0.0187265570593684,-0.0191215193294959,0.167358402681403,-1.7810707670753412,0.4638655462184874,-1.7810707670753412,0.3706172234266878,-546.0,0.4285714285714285,0.3361344537815126,0.3529411764705882,0.4172268907563025,0.3857142857142857,榮運
59.400001525878906,60.5,57.5,57.59999847412109,49671813.0,-0.0943396249048874,57.75999984741211,0.1294117347866878,56.04499988555908,0.1141198766753399,52.4424149831136,-0.0541872408715049,52.273290697733565,0.0332780258491454,60.72726707773837,83240462.05,0.5967267813838378,0.0277455364749261,2609.TW,2026-09-01,0.0774962275619814,0.0742942072979486,bull,0.1572093023255814,0.1776744186046511,2026-03-31,2026-05-15,38660500000.0,2823780000.0,748244000.0,1901061000.0,403937000.0,1435563000.0,0.41,211388001000.0,47890391000.0,460181224000.0,130409310000.0,329771914000.0,136009607000.0,1836000000.0,0.0,1398091000.0,0.2124797678769908,589257288.564649,412290833000.0,0.0014292272381536,0.0043531997088144,0.0031195601322491,0.3954530524391473,0.0730404417945965,0.019354224596164,0.0371325513120627,-0.1505117671934875,,,16.553971895296993,16.553971895296993,False,77.85095192440278,77.85095192440278,62.52670691712633,923.0,True,True,True,True,True,True,True,True,True,True,True,True,False,True,False,False,False,13,False,0.0983475587969817,0.1019011373741289,1.0,4794650487.065134,0.04,1.0,3.0,,,,,,-0.0423935980797662,-0.097871403411576,0.1256215380920128,-2.1583374871456824,0.1390756302521008,-2.1583374871456824,0.1522148542189557,-923.0,0.1260504201680672,0.3109243697478991,0.1176470588235294,0.1247899159663865,0.1798319327731092,陽明
60.0,62.20000076293945,59.29999923706055,60.900001525878906,741226.0,-0.0454545101232081,61.02000045776367,0.1447368543705638,57.78000011444092,0.1113139119296375,54.74166692097982,0.0362366092100774,54.598297055562334,0.0430544315156426,66.12022678068237,1451810.3,0.5105529282992413,0.0539979474776464,2612.TW,2026-09-01,0.0774962275619814,0.0742942072979486,bull,0.1311627906976744,0.1832558139534883,2026-03-31,2026-05-15,1239781000.0,413974000.0,286693000.0,251153000.0,6735000.0,245435000.0,1.24,3774080000.0,3383047000.0,26827564000.0,13202888000.0,13624676000.0,3013054000.0,905000000.0,5029390000.0,4000000000.0,0.0268163231177807,279004947.8763941,23444517000.0,0.0119006481505417,0.018014006351417,0.0091486129713454,0.9690423464014852,0.3339089726330699,0.2312448730864564,0.1979664150362039,0.0092344987980661,,,50.30355978018509,50.30355978018509,False,75.29440901927823,75.29440901927823,69.04669670950494,361.0,True,True,True,True,True,True,True,True,True,True,True,True,False,True,False,False,False,13,False,0.1124981198286985,0.1154194326592934,1.0,88415249.48528671,0.3488372093023256,1.0,3.0,,,,,,0.0376482388723656,-0.0036677451131435,0.1938891171260378,-1.355801682794813,0.6785714285714286,-1.355801682794813,0.6239187029755838,-361.0,0.5966386554621849,0.6386554621848739,0.7142857142857143,0.6142857142857142,0.6327731092436975,中航
30.89999961853028,31.350000381469727,30.799999237060547,31.200000762939453,1237826.0,-0.0204081510438047,30.950000381469728,0.0985915909161576,30.14500007629395,0.0703259406942158,29.560125064849856,-0.0487804424188298,29.78089580535889,0.0216912406984148,66.92309272360743,1927610.25,0.6421557469929411,0.0349975347147255,2617.TW,2026-09-01,0.0774962275619814,0.0742942072979486,bull,0.2148837209302325,0.2390697674418604,2026-03-31,2026-05-15,1083585000.0,454984000.0,420156000.0,372514000.0,74470000.0,298044000.0,0.71,3272834000.0,1957091000.0,26562212000.0,8269177000.0,18293035000.0,921024000.0,1017237000.0,5281631000.0,,0.1999119496180009,336161794.8962992,24605121000.0,0.013662269529026,0.0162927584187096,0.0112206016577233,0.452039642410349,0.4198876876294891,0.3877462312601226,0.2750536413848475,0.0574449605745959,,,59.57860740402141,59.57860740402141,False,68.91199127493205,68.91199127493205,66.57864530720438,271.0,True,False,True,True,True,True,True,True,True,False,True,True,False,True,False,False,False,11,False,0.0554759391068877,0.0476515201844667,1.0,60141441.27064991,0.3925581395348837,1.0,3.0,,,,,,0.0131917884922104,-0.0190375524053841,0.1383241586416033,-2.254526641384604,0.3584033613445377,-2.254526641384604,0.3681876039712521,-271.0,0.6722689075630253,0.4957983193277311,0.3445378151260504,0.6231092436974791,0.553781512605042,台航
93.3000030517578,98.1999969482422,92.0999984741211,95.5999984741211,4923780.0,0.0010471044410584,93.5199981689453,0.1394516893379713,90.87499923706056,0.2729044640247688,82.90999997456869,0.3956204156805998,77.59555206298828,0.0364393170179584,59.54773421420229,7487898.8,0.6575649767061489,0.0519944899777626,2637.TW,2026-09-01,0.0774962275619814,0.0742942072979486,bull,0.1395348837209302,0.0660465116279069,2026-03-31,2026-05-15,4338022000.0,1244039000.0,1197473000.0,1201283000.0,6082000.0,1195201000.0,1.6,8930959000.0,8128467000.0,84286573000.0,33874386000.0,50412187000.0,5975075000.0,2132536000.0,18694305000.0,992902000.0,0.0050629202277897,1191410289.726068,76158106000.0,0.0156439065032167,0.0237085726909645,0.0141802063775923,0.6719483524886551,0.2867756318432686,0.276041246448266,0.2755175054437253,0.2360516073148353,,,62.80204855376821,62.80204855376821,False,81.88203621160163,81.88203621160163,77.11203929714327,238.0,True,True,True,True,True,True,True,True,True,True,True,True,False,True,True,False,False,13,False,0.153057514213543,0.2320293616381219,1.0,715843113.8543731,0.1413953488372093,1.0,3.0,,,,,,0.0059460859260853,-0.0569011392397152,0.2262574330630992,-1.7468500441563772,0.4668067226890756,-1.7468500441563772,0.4198621940111416,-238.0,0.6974789915966386,0.8571428571428571,0.3949579831932773,0.6521008403361345,0.6848739495798319,慧洋-KY
37.95000076293945,38.75,37.84999847412109,37.84999847412109,222871.0,0.0,37.96999969482422,0.1165190787742824,36.21249980926514,0.0572625497415753,35.61727714538574,0.0986936904465696,35.18572181065877,0.0233856143965349,77.68592383724294,131084.55,1.7002079955265514,0.0452191556363359,2739.TW,2026-09-01,0.0774962275619814,0.0742942072979486,bull,0.1776744186046511,0.2641860465116279,2026-03-31,2026-05-15,1423271000.0,578036000.0,170254000.0,150826000.0,31760000.0,119066000.0,1.3,1661188000.0,2505476000.0,11529842000.0,10032415000.0,1497427000.0,761384000.0,,,,0.210573773752536,134402972.72353572,9024366000.0,0.0148933423936413,0.079513725877789,0.0103267677041888,6.699769003764457,0.4061320718260963,0.1196216321417354,0.0836565910497719,0.0170115129792549,,,49.01608685942811,49.01608685942811,False,70.9983126193765,70.9983126193765,65.50275617938941,385.0,True,False,True,True,True,True,True,False,True,False,True,True,True,True,False,False,False,11,False,0.0626864686938764,0.075720392430751,1.0,4961550.017480849,0.7153488372093023,1.0,3.0,,,,,,0.0643342693728219,0.0519700714739962,0.2167835621848966,-0.3071353039406559,0.85,-0.3071353039406559,0.7855658203658205,-385.0,0.5798319327731093,0.453781512605042,0.8991596638655462,0.6277310924369748,0.6058823529411765,寒舍
39.04999923706055,39.150001525878906,38.650001525878906,38.650001525878906,398947.0,0.0292943358500177,38.92000045776367,0.1502977166992241,35.857500076293945,0.2293280393390175,34.3745169321696,0.2569106187277692,32.71413838068644,0.0394984837006843,77.24553223488302,738058.95,0.5405354138717511,0.0778777506419399,2816.TW,2026-09-01,0.0774962275619814,0.0742942072979486,bull,0.1255813953488372,0.0827906976744186,2026-03-31,2026-05-15,,,460640000.0,461658000.0,63688000.0,,,,,25125030000.0,16643189000.0,8481841000.0,3180641000.0,,,,0.1379549363381551,397092438.1251922,25125030000.0,0.0158046552830063,,,1.962214217408697,,,,,,,38.97407433693017,38.97407433693017,False,75.65260325116941,75.65260325116941,66.4829710226096,536.0,True,True,True,True,True,True,True,False,True,True,True,True,False,True,False,False,False,12,False,0.1243794815253991,0.1814464154952906,1.0,28525979.54368858,0.4948837209302326,1.0,3.0,,,,,,0.0512523132802294,0.00301935454161,0.2218449903591978,-1.630722076155994,0.6865546218487396,-1.630722076155994,0.5765859300658063,-536.0,0.4453781512605042,0.4873949579831932,0.6386554621848739,0.4743697478991596,0.4966386554621849,旺旺保
45.0,46.0,44.400001525878906,45.84999847412109,2896013.0,0.0479999651227676,45.76999969482422,0.3213255753899042,40.79249992370605,0.2897327555023654,37.898868497212725,0.5783132419372987,34.962350845336914,0.0748303791504532,72.70470294307125,4210038.2,0.687882832037011,0.1239810886774295,2851.TW,2026-09-01,0.0774962275619814,0.0742942072979486,bull,0.0409302325581395,0.0613953488372093,2026-03-31,2026-05-15,,,2142185000.0,2164691000.0,325242000.0,,,,,59204658000.0,35668047000.0,23536611000.0,16387176000.0,,,,0.1502486960032633,1820324497.152249,59204658000.0,0.0307463054199595,,,1.5154283256837613,,,,,,,65.92494981784269,65.92494981784269,False,82.23720930232558,82.23720930232558,78.15914443120485,201.0,True,True,True,True,True,True,True,False,True,True,True,True,False,True,True,False,False,12,False,0.2097986112037388,0.3114106278764805,1.0,193030245.04599148,0.2651162790697674,1.0,3.0,,,,,,0.0307303549100261,-0.0369389813766005,0.1923859052199075,-1.840252960755524,0.4705882352941176,-1.840252960755524,0.356730627011253,-201.0,0.7478991596638656,0.865546218487395,0.3193277310924369,0.6836134453781513,0.6974789915966386,中再保
143.5,145.0,141.5,145.0,19333091.0,0.0247349823321554,142.6,0.1284046692607003,132.8,0.25,128.74499651590983,0.625560593731135,111.32749811808269,0.030256012412723,73.07692307692307,19474567.05,0.992735342991874,0.0918674698795178,2881.TW,2026-09-01,0.0774962275619814,0.0742942072979486,bull,0.1581395348837209,0.0725581395348837,2026-03-31,2026-05-15,66193246000.0,,,38624861000.0,5062760000.0,33551455000.0,,,,13120104726000.0,12085399702000.0,1034705024000.0,358727505000.0,,,,0.131075164257549,,13120104726000.0,,0.0324261062058977,0.0025572551211051,11.68004351160858,,,0.5068712750542556,-0.3925800152621125,,,12.264204123597382,12.264204123597382,False,76.0974829550761,76.0974829550761,60.139163247206426,1004.0,True,True,True,True,True,True,True,False,True,True,True,True,True,True,False,False,False,13,False,0.1262573608604775,0.302463474443678,1.0,2823812222.25,0.0613953488372093,2.0,3.0,,,,,,-0.035541485228791,-0.1354216278984668,0.4020043440324556,-1.2421929795376083,0.5105042016806722,-1.2421929795376083,0.4545593180799333,-1004.0,0.0336134453781512,0.2016806722689075,0.4873949579831932,0.1016806722689075,0.1747899159663865,富邦金
109.0,112.5,108.5,111.0,24135094.0,0.0776699029126213,106.4,0.1189516473263045,101.31999969482422,0.168421052631579,100.2399424235026,0.5459609370766243,88.73663787841797,0.020907858288337,71.98444434548986,20239209.65,1.192491921244563,0.0955388899953804,2882.TW,2026-09-01,0.0774962275619814,0.0742942072979486,bull,0.173953488372093,0.1162790697674418,2026-03-31,2026-05-15,72538053000.0,,,38391738000.0,6735806000.0,31593811000.0,,,,14450034484000.0,13633007653000.0,817026831000.0,293505959000.0,,,,0.1754493636104726,,14450034484000.0,,0.0386692453677815,0.0021864176888285,16.686119887046893,,,0.4355480977687669,-0.3173702053156907,,,13.906153918122188,13.906153918122188,False,76.44009211463755,76.44009211463755,60.80660756550871,981.0,True,True,True,True,True,True,True,True,True,True,True,True,True,True,False,False,False,14,False,0.1073430143349181,0.2508925586304731,1.0,2246552271.15,0.0697674418604651,2.0,3.0,,,,,,-0.059941241455421,-0.1634687841243127,0.4029008665648506,-1.2029393557640151,0.4815126050420167,-1.2029393557640151,0.5003468635160486,-981.0,0.0672268907563025,0.2436974789915966,0.5630252100840336,0.1415966386554621,0.2193277310924369,國泰金
33.900001525878906,35.099998474121094,33.900001525878906,34.95000076293945,55615572.0,0.1025236568385066,33.19000015258789,0.1440262401231491,31.642500019073488,0.3065420845958675,30.226984278361,0.7344913858359998,25.85682543118795,0.0260214026657942,74.83445214345696,43899490.55,1.2668842235573508,0.1045271625779338,2883.TW,2026-09-01,0.0774962275619814,0.0742942072979486,bull,0.1320930232558139,0.0520930232558139,2026-03-31,2026-05-15,23565513000.0,,,13099615000.0,1407592000.0,11689699000.0,,,,4235032868000.0,3864021319000.0,371011549000.0,75116245000.0,,,,0.1074529289601259,,4235032868000.0,,0.0315076418281523,0.0027602380818169,10.414827596108069,,,0.4960511150340754,-0.1317078255463794,,,12.146336472811727,12.146336472811727,False,80.66951579873596,80.66951579873596,63.538720967254896,1009.0,True,True,True,True,True,True,True,False,True,True,False,True,True,True,False,False,False,12,False,0.1562516604727777,0.3516740814123109,1.0,1534287228.2151532,0.0902325581395348,1.0,3.0,,,,,,-0.0887947166749342,-0.1727529184705124,0.3193291441051271,-1.0449500236383382,0.4521008403361345,-1.0449500236383382,0.4535990434790783,-1009.0,0.0252100840336134,0.361344537815126,0.4789915966386555,0.0932773109243697,0.2168067226890756,凱基金
38.900001525878906,40.29999923706055,38.84999847412109,40.29999923706055,86163269.0,0.0847913211790134,38.22999954223633,0.1336146301530203,36.74250049591065,0.4522522247589386,34.50370200475057,0.6550307435612492,29.418517653147383,0.025968583842142,72.90639783129714,57580856.3,1.4963874199974343,0.0968224452101684,2887.TW,2026-09-01,0.0774962275619814,0.0742942072979486,bull,0.1497674418604651,0.0325581395348837,2026-03-31,2026-05-15,47867456000.0,,,25588754000.0,4532177000.0,21040510000.0,,,,9064708955000.0,8465511408000.0,599197547000.0,97795796000.0,,,,0.1771159705548773,,9064708955000.0,,0.035114479532407,0.0023211456765409,14.12808088147931,,,0.439557723727787,0.933005034802805,,,37.907562917661295,37.907562917661295,False,81.8981221899733,81.8981221899733,70.9004823718953,560.0,True,True,True,True,True,True,True,False,True,True,True,True,True,True,False,False,False,13,False,0.1679905892855184,0.3698854480775986,1.0,2320508464.959293,0.0669767441860465,1.0,3.0,,,,,,-0.1587904310768756,-0.2200502881655824,0.1663807450538016,-1.6814140115089762,0.15,-1.6814140115089762,0.1336063540604825,-560.0,0.4201680672268907,0.7058823529411765,0.0924369747899159,0.3710084033613445,0.4403361344537815,台新新光金
40.79999923706055,42.0,40.75,41.5,24901346.0,0.0559796642658663,40.17999954223633,0.0479798383608671,39.609999656677246,0.3009404544285075,38.88191547393799,0.3070866141732282,35.1217911084493,0.0040557726540574,64.6017991887177,22672946.85,1.09828449582415,0.0477152325095804,2890.TW,2026-09-01,0.0774962275619814,0.0742942072979486,bull,0.3627906976744186,0.0548837209302325,2026-03-31,2026-05-15,26199317000.0,,,13172491000.0,2157069000.0,10973530000.0,,,,3820349236000.0,3552231164000.0,268118072000.0,41779009000.0,,,,0.163755587306911,,3820349236000.0,,0.0409279759403909,0.0028723892299148,13.24875692825361,,,0.4188479417230609,0.4040584778805451,,,40.18365017296791,40.18365017296791,False,73.53749378893602,73.53749378893602,65.19903288494399,506.0,True,False,True,True,True,True,True,True,False,True,True,True,True,True,False,False,False,12,False,0.0673342476611493,0.1816026088150237,1.0,940927294.275,0.1227906976744186,1.0,3.0,,,,,,-0.1068760116739101,-0.2045794935315133,0.1639555352886437,-1.6272110267490765,0.1676470588235294,-1.6272110267490765,0.1596094784869744,-506.0,0.4873949579831932,0.4285714285714285,0.134453781512605,0.434453781512605,0.3991596638655462,永豐金
17.350000381469727,17.5,17.25,17.399999618530273,999957.0,0.0145772597994626,17.279827499389647,0.0642201353249241,16.94664011001587,0.2517985680614052,15.933046706517535,0.1082802439438186,14.998606673876443,0.0084774615432501,62.63026843367596,1420666.2,0.7038648487589837,0.026752176571358,2905.TW,2026-09-01,0.0774962275619814,0.0742942072979486,bull,0.3041860465116279,0.0716279069767441,2026-03-31,2026-05-15,29552820000.0,,,,-68929000.0,32878000.0,0.03,133124099000.0,1468399841000.0,1617410517000.0,62246052000.0,86764624000.0,72610211000.0,2757000000.0,7269508000.0,,,,149010676000.0,,0.0003789332389661,2.032755423217024e-05,0.717412801788895,,,0.0011125165043471,-0.4161502905041906,,,21.27042291580655,21.27042291580655,False,74.50165960709467,74.50165960709467,61.19385043427263,838.0,True,False,True,True,True,True,True,True,False,True,True,True,False,True,False,False,False,11,False,0.0920698306503218,0.1601077351295845,1.0,24719591.33805885,0.5106976744186047,0.0,3.0,,,,,,0.0201789409058136,-0.011026482705032,0.208724861015158,-1.7558594954961082,0.5478991596638656,-1.7558594954961082,0.4937347877140249,-838.0,0.1848739495798319,0.2689075630252101,0.5546218487394958,0.2403361344537815,0.2840336134453781,三商
13.850000381469728,13.899999618530272,13.75,13.899999618530272,117794.0,-0.0211267742791885,14.000000190734864,0.0817120004583571,13.644999933242795,0.0944881753769546,13.50140062967936,0.0733590597109856,13.113616959253948,0.0186636841970588,63.33333757189123,194681.05,0.605061458215887,0.0186881411898163,2906.TW,2026-09-01,0.0774962275619814,0.0742942072979486,bull,0.2576744186046512,0.2074418604651162,2026-03-31,2026-05-15,2284987000.0,678347000.0,87656000.0,107952000.0,33901000.0,14332000.0,0.07,5399113000.0,4299259000.0,13106768000.0,6450412000.0,6656356000.0,988485000.0,2269710000.0,1295253000.0,,0.3140377204683563,60128709.57462576,8807509000.0,0.0068269824730949,0.0021531300309057,0.0010934808642374,0.9690605490451532,0.2968712732282503,0.0383617062153964,0.0062722457501946,-0.0082534614755276,,,26.85861461958869,26.85861461958869,False,71.04846872728255,71.04846872728255,60.00100520035908,738.0,True,False,True,True,True,True,True,True,True,True,True,True,False,True,False,False,False,12,False,0.0295227880265025,0.0599668773092685,1.0,2706066.5207350724,0.7981395348837209,0.0,3.0,,,,,,0.0504287305926254,0.0242015955962543,0.248441812855538,-1.3568118484977785,0.811764705882353,-1.3568118484977785,0.7472671692494143,-738.0,0.2184873949579832,0.1932773109243697,0.865546218487395,0.3155462184873949,0.3403361344537815,高林
55.900001525878906,56.79999923706055,55.79999923706055,56.70000076293945,2421817.0,-0.0389830379162804,57.57999954223633,0.094594625444959,57.12499961853028,0.1849530317875507,53.21944427490234,0.0967117974122775,49.55222222010295,0.0259518658852187,57.2368442516907,4052977.35,0.5975402255825585,-0.0074398049615559,2915.TW,2026-09-01,0.0774962275619814,0.0742942072979486,bull,0.2260465116279069,0.1013953488372093,2026-03-31,2026-05-15,418613000.0,187104000.0,-8207000.0,2736586000.0,18591000.0,2708283000.0,2.59,4840429000.0,1001903000.0,130249863000.0,12898049000.0,117351814000.0,3969846000.0,450000000.0,9445000000.0,,0.0067935010995452,-8151245.736476032,129247960000.0,-6.306672644176382e-05,0.0230783224194557,0.0207929815634431,0.1099092426470714,0.4469617522628298,-0.019605220095888,,-0.3549697834454577,,,42.46996725529738,42.46996725529738,False,71.50243676544444,71.50243676544444,64.24431938790768,472.0,True,False,True,True,False,True,True,True,True,True,True,True,False,True,False,False,False,11,False,0.0654000908024983,0.1442473863450004,1.0,229803818.83717632,0.2427906976744186,1.0,3.0,,,,,,0.056768149170455,0.0155507405718911,0.2021774818346319,-1.3856096541682663,0.7403361344537815,-1.3856096541682663,0.7593374842525403,-472.0,0.5294117647058824,0.4033613445378151,0.8823529411764706,0.5823529411764706,0.5621848739495798,潤泰全
117.0,119.0,117.0,118.5,2094642.0,0.0304347826086957,116.7,0.0394736842105263,116.275,0.1339712918660287,110.5033332824707,-0.0515725013990986,107.7240421295166,0.0104279817510319,61.76470588235294,3209500.85,0.6526379327801082,0.019135669748441,3005.TW,2026-09-01,0.0774962275619814,0.0742942072979486,bull,0.4037209302325581,0.1525581395348837,2026-03-31,2026-05-15,9308269000.0,2890739000.0,1257624000.0,1391228000.0,215931000.0,1087413000.0,1.74,34157049000.0,19619666000.0,51413542000.0,24716257000.0,26697285000.0,14015961000.0,1317501000.0,1977017000.0,,0.1552089233396682,1062429532.993873,31793876000.0,0.0334161689815319,0.0407312204218518,0.0211503226134468,0.9257966493596632,0.3105560228222884,0.1351082569702272,0.1168222577151562,-0.0255358141879895,,,60.64311592085046,60.64311592085046,False,69.8193845477402,69.8193845477402,67.52531739101777,256.0,True,False,False,True,True,True,True,True,False,True,True,True,False,True,True,False,False,10,False,0.0723658416446866,0.1000329885275512,1.0,380325850.725,0.1953488372093023,2.0,3.0,,,,,,0.0222631582536919,-0.0130226215959365,0.2563048177128286,-1.2695175085503143,0.7058823529411765,-1.2695175085503143,0.6861581576315088,-256.0,0.680672268907563,0.5462184873949579,0.8067226890756303,0.6995798319327732,0.6655462184873949,神基
298.5,299.0,276.0,278.5,18404507.0,0.0314814814814814,277.6,0.2804597701149425,266.75,0.3454106280193236,232.77828674316407,0.7460815047021943,213.21414337158205,0.0935738444193911,51.73745173745174,13000392.3,1.41568858656673,0.0440487347703841,3006.TW,2026-09-01,0.0774962275619814,0.0742942072979486,bull,0.053953488372093,0.0465116279069767,2026-03-31,2026-05-15,7266900000.0,3453448000.0,2254754000.0,2352467000.0,288641000.0,2063883000.0,7.22,17585827000.0,5859607000.0,20073767000.0,7169155000.0,12904612000.0,7031281000.0,1000000000.0,693679000.0,0.0,0.1226971515434647,1978102106.7687664,14214160000.0,0.1391641930841334,0.1599337508171497,0.1028149325435529,0.5555498297817866,0.4752298779396992,0.3102772846743453,0.2840114766957024,1.503294079957009,,,98.64788449850906,98.64788449850906,True,79.35340410341756,79.35340410341756,84.17702420219044,7.0,True,True,True,True,True,True,True,True,True,True,True,True,True,True,True,True,True,15,True,0.1964174317825571,0.3061985269646963,1.0,3620609255.55,0.0511627906976744,2.0,0.0,,,,,,0.005966692155453,-0.1056059334181602,0.2601703974085652,-1.3056256845244556,0.546218487394958,-1.3056256845244556,0.4272302967986493,-7.0,0.9747899159663864,0.9411764705882352,0.4117647058823529,0.8903361344537815,0.8521008403361344,晶豪科
14.949999809265137,15.149999618530272,14.75,14.850000381469728,2244074.0,0.0241379573427398,14.739999961853028,0.1975807127669773,13.769999980926514,0.1692913861806584,12.958549531300864,0.427884704438896,12.913191413879394,0.0485436855836617,77.77780917449873,1426084.15,1.5735915724187806,0.0784314017457643,3024.TW,2026-09-01,0.0774962275619814,0.0742942072979486,bull,0.0846511627906976,0.1134883720930232,2026-03-31,2026-05-15,257621000.0,66335000.0,3797000.0,8577000.0,2582000.0,5995000.0,0.02,2489569000.0,1763960000.0,4904392000.0,1870820000.0,3033572000.0,719789000.0,360000000.0,0.0,,0.3010376588550775,2653960.0093272706,3140432000.0,0.0008450939263538,0.0019762181349247,0.00122237374174,0.6167053229657974,0.2574906548767375,0.0147387053074089,0.0232706184666622,-0.5896336791534654,,,20.275012830277888,20.275012830277888,False,80.93913572959035,80.93913572959035,65.77310500476223,856.0,True,True,True,True,True,True,True,False,True,True,True,True,True,True,False,False,False,13,False,0.1459616175097484,0.1499868549542762,1.0,21177350.17150793,0.5293023255813953,0.0,3.0,,,,,,0.0382478869923044,0.0102086065751709,0.3058568311412196,-1.4857900826365014,0.7890756302521008,-1.4857900826365014,0.8207763305542433,-856.0,0.1680672268907563,0.4621848739495798,0.9327731092436976,0.2827731092436975,0.4092436974789916,憶聲
113.5,114.0,111.5,112.5,654123.0,0.0180995475113121,111.8,0.056338028169014,110.375,0.0869565217391303,105.1683334350586,0.026086946840212,102.50202337900798,0.0176093656453707,59.09090909090909,1135639.1,0.5759954901165343,0.0192525481313703,3029.TW,2026-09-01,0.0774962275619814,0.0742942072979486,bull,0.3274418604651162,0.2158139534883721,2026-03-31,2026-05-15,6876938000.0,811379000.0,385472000.0,424218000.0,78018000.0,295873000.0,1.77,12286821000.0,7803745000.0,15126326000.0,8760650000.0,6365676000.0,2911146000.0,3716000.0,,,0.1839101593991768,314579783.0360805,7322581000.0,0.0429602326059732,0.0464794312497211,0.0195601364138258,1.3762324692617092,0.1179855045952137,0.0560528537555522,0.0430239446683974,0.0168646985516829,,,48.26050505492552,48.26050505492552,False,69.26456223857261,69.26456223857261,64.01354794266084,394.0,True,False,True,True,True,True,True,True,False,True,True,True,False,True,False,False,False,11,False,0.069713632663664,0.0975393098731705,1.0,127759398.75,0.307906976744186,2.0,3.0,,,,,,0.0329148827919999,-0.0153191805096114,0.243360806771957,-0.6339322640932458,0.7373949579831933,-0.6339322640932458,0.6607857754545742,-394.0,0.5630252100840336,0.3781512605042016,0.7563025210084033,0.592016806722689,0.546218487394958,零壹
539.0,554.0,539.0,552.0,4306189.0,-0.0054054054054053,548.4,0.0534351145038167,537.4,0.1670190274841436,515.1445912679036,0.4208494208494209,473.2681289672852,0.017417644831503,55.8139534883721,3761923.5,1.144677450245865,0.0271678451804986,3034.TW,2026-09-01,0.0774962275619814,0.0742942072979486,bull,0.3376744186046511,0.1181395348837209,2026-03-31,2026-05-15,23145303000.0,9039901000.0,4027546000.0,4389348000.0,622236000.0,3767112000.0,6.19,79261926000.0,21790635000.0,103666583000.0,31738768000.0,71927815000.0,48919537000.0,,,,0.1417604619182621,3456599218.642951,81875948000.0,0.0422175169030464,0.0523735080788982,0.036338730292673,0.4412586146263444,0.390571728527382,0.1740113750077067,0.1627592432036858,-0.1465659805926223,,,75.54535048945058,75.54535048945058,False,69.62363768504908,69.62363768504908,71.10406588614946,116.0,True,False,True,True,True,True,True,True,False,True,True,True,True,True,True,False,False,12,False,0.0715438138278532,0.1663578555448368,1.0,2076581772.0,0.0725581395348837,3.0,3.0,,,,,,0.0691458246446799,0.0219984673545045,0.3538682173817739,-0.5377605723964383,0.9390756302521008,-0.5377605723964383,0.943777545350454,-116.0,0.8403361344537815,0.7226890756302521,0.9915966386554622,0.8630252100840337,0.8352941176470587,聯詠
921.0,994.0,911.0,971.0,94097747.0,-0.1132420091324201,1084.0,0.0508658008658009,1055.55,0.0658616904500548,951.762392171224,1.083690987124463,849.9103627522786,0.0732042092420314,47.35883424408014,23211983.25,4.053843481900668,-0.0801004215811661,3037.TW,2026-09-01,0.0774962275619814,0.0742942072979486,bull,0.3516279069767442,0.2446511627906976,2026-03-31,2026-05-15,37446455000.0,6726042000.0,2756634000.0,6298845000.0,918107000.0,5042976000.0,3.28,114144042000.0,86190209000.0,266881071000.0,149928398000.0,116952673000.0,60179250000.0,14320916000.0,18542136000.0,5803563000.0,0.1457579921398288,2354832563.095615,180690862000.0,0.0130323832485541,0.0431198011181839,0.018895967335203,1.2819578565767369,0.1796175899694644,0.073615352908573,0.1346716531644984,0.2445010776505265,,,50.25113103325184,50.25113103325184,False,58.33488372093024,58.33488372093024,56.31394554901064,362.0,True,False,True,True,False,True,True,False,False,False,True,True,False,True,False,False,False,8,False,0.0202126160762561,0.1424734213801026,1.0,22538835735.75,0.0065116279069767,3.0,3.0,,,,,,-0.0457748695213115,-0.146709754231078,0.2270632060617081,-0.8774074774293975,0.4109243697478991,-0.8774074774293975,0.2841937226448084,-362.0,0.5882352941176471,0.1428571428571428,0.2184873949579832,0.5327731092436975,0.380672268907563,欣興
496.5,506.0,494.5,503.0,2433851.0,0.0863930885529158,490.3,0.2831632653061224,463.125,0.0523012552301256,459.4882019042969,0.406993006993007,447.50660095214846,0.0736018545349174,56.809338521400775,4092820.75,0.5946634726184868,0.0860998650472335,3044.TW,2026-09-01,0.0774962275619814,0.0742942072979486,bull,0.0530232558139534,0.2762790697674419,2026-03-31,2026-05-15,20964231000.0,5558653000.0,3845829000.0,4106800000.0,1160501000.0,2946230000.0,5.61,70597125000.0,38074338000.0,103583725000.0,45274053000.0,58309672000.0,21846246000.0,4498565000.0,1000000000.0,,0.2825803545339437,2759073277.703078,65509387000.0,0.042117220203924,0.050527295025772,0.0284429817522009,0.7764415653032657,0.2651493870679063,0.1834471772420366,0.1405360396954221,0.2239921180540351,,,79.90151858407886,79.90151858407886,False,79.02102380355456,79.02102380355456,79.24114749868563,86.0,True,True,True,True,True,True,True,True,True,False,True,True,False,True,True,False,False,12,False,0.0946962248766636,0.1240057664619462,1.0,2058688837.25,0.0753488372093023,3.0,2.0,,,,,,0.0016674451018482,-0.0570001707995835,0.2840008648557007,-1.2182514178083197,0.6016806722689075,-1.2182514178083197,0.635738348768399,-86.0,0.8487394957983193,0.8907563025210085,0.7310924369747899,0.8310924369747898,0.8378151260504202,健鼎
119.0,132.5,119.0,129.5,5167989.0,0.1212121212121211,125.8,0.2696078431372548,115.75,0.4230769230769231,121.79484672546388,1.1583333333333332,101.72909002304075,0.0677059326899639,60.68376068376069,2059003.75,2.5099463757654643,0.1187904967602591,3055.TW,2026-09-01,0.0774962275619814,0.0742942072979486,bull,0.0586046511627907,0.0353488372093023,2026-03-31,2026-05-15,84070000.0,26798000.0,-54195000.0,-15984000.0,508000.0,-17388000.0,-0.15,1123572000.0,157618000.0,1932560000.0,284996000.0,1647564000.0,837950000.0,0.0,5887000.0,,0.0,-54195000.0,1774942000.0,-0.0305333920770368,-0.0105537630101167,-0.0089973920602723,0.1729802302065352,0.3187581777090519,-0.6446413702866659,-0.2068276436303081,0.2642485488285362,,,36.22349624220495,36.22349624220495,False,81.90597058019497,81.90597058019497,70.48535199569747,588.0,True,True,True,True,True,False,True,True,True,True,False,True,True,True,False,False,False,12,False,0.063263376749463,0.2729888763447048,1.0,266640985.625,0.2297674418604651,2.0,3.0,,,,,,-0.100757291785774,-0.1895996530298418,0.1263503556436599,-1.8002774970396118,0.092016806722689,-1.8002774970396118,0.125238102941101,-588.0,0.3865546218487395,0.6974789915966386,0.0504201680672268,0.3361344537815126,0.4126050420168067,蔚華科
40.59999847412109,41.79999923706055,40.59999847412109,41.20000076293945,6058560.0,0.0743155776327233,39.75,0.163841779295419,37.53999977111816,0.4034198207446338,37.4648094813029,0.7569296129001508,32.67704521814982,0.0429226250999078,69.23077424680902,2472839.35,2.450041892126959,0.0974960312769408,3094.TW,2026-09-01,0.0774962275619814,0.0742942072979486,bull,0.1097674418604651,0.0390697674418604,2026-03-31,2026-05-15,47206000.0,35395000.0,2347000.0,7478000.0,1717000.0,5761000.0,0.07,792305000.0,52199000.0,1133462000.0,121752000.0,1011710000.0,710423000.0,,,,0.229606846750468,1808112.730676652,1081263000.0,0.0016722228825703,0.005694319518439,0.0050826582629148,0.1203427859762184,0.7497987543956277,0.0497182561538787,0.1220395712409439,-0.0850131803380369,,,35.49964257677029,35.49964257677029,False,79.70959711254126,79.70959711254126,68.65710847859852,595.0,True,True,True,True,True,True,True,True,True,True,True,True,True,True,False,False,False,14,False,0.0996986594446884,0.2608239358207247,1.0,101880983.1066267,0.3293023255813953,1.0,3.0,,,,,,-0.0183726043056338,-0.0841968193232697,0.2365398448384325,-1.6022690451185446,0.4218487394957984,-1.6022690451185446,0.4427774164480301,-595.0,0.3697478991596639,0.5966386554621849,0.4453781512605042,0.3810924369747899,0.4529411764705883,聯傑
838.0,900.0,835.0,874.0,36267807.0,0.0467065868263472,877.4,0.1395045632333769,852.5,0.2521489971346704,775.732666015625,2.008605851979346,628.3871663411459,0.0711817553559087,51.793721973094165,18451999.05,1.965521833256327,0.0252199413489735,3189.TW,2026-09-01,0.0774962275619814,0.0742942072979486,bull,0.1386046511627907,0.0706976744186046,2026-03-31,2026-05-15,11104965000.0,2349499000.0,890638000.0,964461000.0,88658000.0,549232000.0,1.17,33407134000.0,17816161000.0,83654067000.0,32183791000.0,51470276000.0,11635037000.0,1278540000.0,7562530000.0,,0.0919249197220001,808766173.3486372,65837906000.0,0.0122842025587605,0.0106708578753298,0.0065655146210643,0.6252888754666869,0.2115719410191747,0.0802017836166075,0.0494582378242524,0.2883172632505095,,,45.18411999125517,45.18411999125517,False,73.13006510659623,73.13006510659623,66.14357882776096,429.0,True,False,True,True,True,True,True,True,True,True,True,True,True,True,False,False,False,13,False,0.1266768028335108,0.3908622690195316,1.0,16127047169.7,0.0120930232558139,3.0,3.0,,,,,,-0.1234681260460475,-0.2574562392198927,0.1612794202033025,-1.8716132204123668,0.080672268907563,-1.8716132204123668,0.0837843008763138,-429.0,0.5546218487394958,0.4789915966386555,0.0252100840336134,0.4752100840336134,0.4260504201680672,景碩
21.200000762939453,22.299999237060547,21.200000762939453,21.850000381469727,134096.0,-0.0090702431977717,22.229999923706053,0.0952380724746562,20.499999904632567,0.0530120665768543,20.75666659673055,-0.0914760467934098,20.89208329518636,0.0360075807168136,66.66665764847616,188306.95,0.7121139182595225,0.0658536821032904,3308.TW,2026-09-01,0.0774962275619814,0.0742942072979486,bull,0.2241860465116279,0.2744186046511628,2026-03-31,2026-05-15,1568000.0,982000.0,-10522000.0,-111000.0,-965000.0,854000.0,0.01,1492523000.0,782760000.0,2152162000.0,1021325000.0,1130837000.0,472777000.0,468970000.0,219642000.0,,0.4,-6313200.0,1369402000.0,-0.0046101875125054,0.0007551928350416,0.0003968102772932,0.9031584569659464,0.6262755102040817,,0.5446428571428571,-0.0415647921760391,,,32.42271530237554,32.42271530237554,False,60.605474054228345,60.605474054228345,53.55978436626514,642.0,True,False,True,True,True,False,True,True,True,False,True,True,False,True,False,False,False,10,False,0.0526738616551942,0.045850721191796,1.0,4114506.929333401,0.746046511627907,0.0,3.0,,,,,,0.0015769511079826,-0.0365162739821839,0.1980650485349287,-1.8062589314172173,0.4092436974789916,-1.8062589314172173,0.748026471147142,-642.0,0.3193277310924369,0.0756302521008403,0.8739495798319328,0.4025210084033613,0.3571428571428571,聯德
62.79999923706055,63.0,62.0,62.29999923706055,346422.0,0.0064619984058387,62.14000015258789,0.0815972376292875,61.32499980926514,0.0541455303817086,59.65333328247071,0.4234172760784747,55.81723124186198,0.0237896494914442,59.999993365746086,657372.6,0.5269796763661887,0.0158988900257297,3356.TW,2026-09-01,0.0774962275619814,0.0742942072979486,bull,0.2586046511627907,0.2734883720930232,2026-03-31,2026-05-15,281264000.0,139594000.0,10233000.0,198018000.0,20957000.0,176986000.0,2.21,2893011000.0,391712000.0,3096581000.0,420305000.0,2676276000.0,809972000.0,50000000.0,,,0.1058338130876991,9150002.590673575,2704869000.0,0.0033827895512402,0.0661314453367291,0.0571552948235489,0.157048450907156,0.4963095170373741,0.0363821889754821,0.6292522327777462,0.0806540849572754,,,63.62657398368869,63.62657398368869,False,70.61844018243049,70.61844018243049,68.87047363274503,230.0,True,False,True,True,True,True,True,True,True,False,True,True,False,True,True,False,False,11,False,0.0443674445157546,0.116142772598448,1.0,40954312.47846451,0.4427906976744186,1.0,3.0,,,,,,0.0439685927284965,0.0022909539339,0.1679502733108354,-1.625637136866853,0.6008403361344538,-1.625637136866853,0.5277031681330902,-230.0,0.7142857142857143,0.6134453781512605,0.5966386554621849,0.6966386554621848,0.6605042016806724,奇偶
6490.0,6490.0,5925.0,5995.0,2099906.0,0.0763016157989227,6031.0,0.4463208685162847,5401.75,0.408930669800235,4711.833333333333,1.5357103690441498,4241.487921142578,0.1164100444352588,63.20610687022901,2297462.2,0.9140111206182194,0.109825519507567,3443.TW,2026-09-01,0.0774962275619814,0.0742942072979486,bull,0.0204651162790697,0.0381395348837209,2026-03-31,2026-05-15,11447812000.0,3113307000.0,1824178000.0,1924721000.0,278481000.0,1646240000.0,12.28,31638843000.0,19973296000.0,35132291000.0,20548418000.0,14583873000.0,7671980000.0,,,,0.144686424681811,1560244207.1967833,15158995000.0,0.1029253065389086,0.1128808513348957,0.0468583161855285,1.4089822367487703,0.2719565101173918,0.1593473058432476,0.1438038989459295,0.6298963899650951,,,83.63888359987813,83.63888359987813,True,90.13345490935544,90.13345490935544,88.50981208198611,63.0,True,True,True,True,True,True,True,True,True,True,True,False,True,True,True,True,False,13,False,0.2723285345406954,0.4134190905311028,1.0,13773285889.000002,0.0148837209302325,3.0,2.0,,,,,,0.0707241642670674,-0.0654309287490989,0.4482733923696078,-0.7216046833440153,0.8331932773109243,-0.7216046833440153,0.7980055557817396,-63.0,0.8739495798319328,1.0,0.907563025210084,0.8789915966386554,0.9184873949579831,創意
90.3000030517578,92.3000030517578,86.80000305175781,87.19999694824219,4334345.0,0.080545232290019,89.33999938964844,0.1150895185578688,79.96999931335449,0.1961590551858478,77.03499959309896,0.5325130862884497,71.5724999109904,0.0623007439194337,65.12261183869842,3589059.55,1.2076548019382962,0.0904088745400342,3504.TW,2026-09-01,0.0774962275619814,0.0742942072979486,bull,0.1813953488372093,0.095813953488372,2026-03-31,2026-05-15,684957000.0,124843000.0,-9502000.0,7393000.0,1414000.0,5979000.0,0.05,2230493000.0,1016643000.0,4251347000.0,1422483000.0,2828864000.0,1174939000.0,85127000.0,112000000.0,,0.1912620045989449,-7684628.432300826,3234704000.0,-0.002375682112583,0.0021135692631388,0.0014063777903803,0.5028460187552318,0.1822639961340638,-0.0138724036691354,0.0087290151060577,0.0537005671880119,,,23.10660181855068,23.10660181855068,False,81.84664043805371,81.84664043805371,67.16163078317796,804.0,True,True,True,True,True,True,True,True,True,True,True,True,True,True,False,False,False,14,False,0.1319529747366137,0.2183449936314447,1.0,312965981.80705947,0.2158139534883721,1.0,3.0,,,,,,0.0015065673215863,-0.1059666876496306,0.2646999081546846,-1.6483311620529892,0.457563025210084,-1.6483311620529892,0.4594151066320105,-804.0,0.2016806722689075,0.5294117647058824,0.5042016806722689,0.2470588235294117,0.3605042016806722,揚明光
378.0,408.5,378.0,402.0,9097787.0,0.0634920634920634,391.2,0.379073756432247,350.65,0.5402298850574712,370.5443440755208,2.216,286.9305053710938,0.0838420523916235,73.3160621761658,8641691.5,1.0527784982835826,0.1464423214031085,3532.TW,2026-09-01,0.0774962275619814,0.0742942072979486,bull,0.027906976744186,0.0186046511627906,2026-03-31,2026-05-15,3308768000.0,27622000.0,-105154000.0,-82202000.0,-13987000.0,-68215000.0,-0.18,9109304000.0,3626589000.0,51226148000.0,26972355000.0,24253793000.0,1958029000.0,0.0,20500000000.0,,0.1701540108513174,-87261625.14294055,47599559000.0,-0.0018332444034395,-0.0028125497731426,-0.0013316441439243,1.112088117516299,0.0083481223222661,-0.03178040890144,-0.0206164348784804,0.1086960163893446,,,17.44238091593533,17.44238091593533,False,74.1374952376345,74.1374952376345,59.96371665720971,901.0,True,False,True,True,True,False,True,False,True,True,True,True,True,True,False,False,False,11,False,0.0848903955151672,0.4010361131873525,1.0,3473959983.0,0.0520930232558139,2.0,3.0,,,,,,-0.1956262088779808,-0.3432125702384775,0.0930000557318191,-2.074803948556984,0.0138655462184873,-2.074803948556984,0.0172153481464868,-901.0,0.1428571428571428,0.1848739495798319,0.0084033613445378,0.122689075630252,0.1285714285714285,台勝科
17.950000762939453,18.100000381469727,17.700000762939453,17.799999237060547,11831717.0,0.040935604676908,17.519999694824218,0.0722890860249831,17.382499790191652,0.1337579269622746,17.484166558583578,-0.1816092304799749,18.23166662057241,0.0187545778463687,55.555550846056754,12179995.35,0.9714057074742644,0.0240183777884741,3576.TW,2026-09-01,0.0774962275619814,0.0742942072979486,bull,0.2846511627906977,0.1534883720930232,2026-03-31,2026-05-15,520029000.0,-237380000.0,-450612000.0,1756562000.0,10661000.0,1745834000.0,1.07,9492286000.0,6482798000.0,25509734000.0,12399640000.0,13110094000.0,6613378000.0,616197000.0,3678862000.0,,0.0060692420762831,-447877126.6895219,19026936000.0,-0.0235391093284552,0.1331671611202787,0.0684379539198644,0.9458086265437914,-0.4564745427658842,-0.8665132136861599,,-0.4687390816645519,,,39.4401659971228,39.4401659971228,False,58.57539934750051,58.57539934750051,53.79159100990608,522.0,True,False,True,True,True,False,True,True,False,True,True,True,True,True,False,False,False,11,False,0.0180639252902745,-0.0236767922810069,0.0,216803907.937401,0.2502325581395349,0.0,3.0,,,,,,-0.0245772680657885,-0.0761661157771741,0.0836223583348964,-0.3434733025581715,0.3571428571428571,-0.3434733025581715,0.3040664342431001,-522.0,0.453781512605042,0.0840336134453781,0.2436974789915966,0.4222689075630251,0.3008403361344537,聯合再生
128.5,132.0,125.5,125.5,7846470.0,0.0772532188841201,125.4,0.3747616559884927,118.09473724365236,0.7382272202859903,94.36151364644368,1.0778145170448123,83.11432857513428,0.099071587117244,53.10734463276836,13838105.7,0.5670190826769014,0.0627061199269969,3605.TW,2026-09-01,0.0774962275619814,0.0742942072979486,bull,0.0297674418604651,0.0120930232558139,2026-03-31,2026-05-15,2821542000.0,693877000.0,147463000.0,143021000.0,35356000.0,107659000.0,0.67,7733924000.0,4283420000.0,15202980000.0,7237415000.0,7965565000.0,2596697000.0,794000000.0,2115835000.0,130740000.0,0.2472084519056642,111008900.05663504,10919560000.0,0.010166059809794,0.0135155509998349,0.007081440612301,0.9085877775148404,0.2459212019526911,0.0522632659730034,0.0381560862818983,0.0947751117457165,,,35.95481269053683,35.95481269053683,False,80.26054408200528,80.26054408200528,69.18411123413817,591.0,True,True,True,True,True,True,True,True,True,True,True,True,False,True,False,False,False,13,False,0.3299913826120557,0.5099682828641228,1.0,1736682265.35,0.0809302325581395,2.0,3.0,,,,,,0.0218817818323549,-0.0470773019606654,0.3110345168657495,-1.6026576561133992,0.6310924369747899,-1.6026576561133992,0.5906359938138211,-591.0,0.3781512605042016,0.6470588235294118,0.6722689075630253,0.4222689075630251,0.5176470588235293,宏致
254.0,262.5,251.0,251.5,822588.0,0.0161616161616162,249.8,0.1380090497737556,245.9,0.2091346153846154,224.96326319376627,0.3705722070844686,207.2232982635498,0.0398562215879057,60.78431372549019,812844.85,1.011986481799079,0.0227734851565677,3617.TW,2026-09-01,0.0774962275619814,0.0742942072979486,bull,0.1423255813953488,0.0874418604651162,2026-03-31,2026-05-15,2931932000.0,1579254000.0,476843000.0,521769000.0,118652000.0,388950000.0,4.13,10475363000.0,3752308000.0,14792411000.0,5524979000.0,9267432000.0,4373481000.0,0.0,,1434491000.0,0.2274033144935785,368407321.3069385,11040103000.0,0.033369917047598,0.0419695553201793,0.026293888129528,0.5961715176329322,0.5386393681708853,0.1626378101538507,0.1326599661929403,0.0219561852265348,,,74.61371274804436,74.61371274804436,False,80.30221240842924,80.30221240842924,78.88008749333302,123.0,True,True,True,True,True,True,True,True,True,True,True,True,True,True,True,False,False,14,False,0.1179603124061061,0.2136666200541717,1.0,204430479.775,0.2567441860465116,2.0,3.0,,,,,,0.0346957277052125,-0.0069715712965255,0.2834994632092124,-1.4149295497974608,0.7361344537815127,-1.4149295497974608,0.7306104789316338,-123.0,0.8235294117647058,0.8739495798319328,0.8571428571428571,0.8285714285714285,0.8453781512605043,碩天
6075.0,6095.0,5820.0,5885.0,966086.0,0.1306436119116234,5806.0,0.4197828709288298,5083.25,0.5405759162303665,4027.314628092448,0.6886657101865137,4036.490647379557,0.1241154356479433,73.15875613747954,1579501.05,0.6116399859310001,0.1577238971130674,3653.TW,2026-09-01,0.0774962275619814,0.0742942072979486,bull,0.0241860465116279,0.0176744186046511,2026-03-31,2026-05-15,5305216000.0,2216652000.0,1696566000.0,1775586000.0,371056000.0,1398199000.0,9.53,20477674000.0,8468040000.0,30307238000.0,8909881000.0,21397357000.0,10253854000.0,,,,0.2089766420776014,1342023334.256972,21839198000.0,0.0614502114160498,0.0653444722168256,0.0461341610871963,0.4164010069094047,0.4178250235240186,0.3197920687866432,0.2635517573648274,0.116346562150301,,,88.8947474261209,88.8947474261209,False,83.83255813953488,83.83255813953488,85.09810546118139,39.0,True,True,True,True,True,True,True,False,True,True,False,False,False,False,True,False,False,9,False,0.4612714782573248,0.4579496186422416,1.0,9295363679.25,0.0269767441860465,3.0,2.0,,,,,,-0.0183752093981054,-0.1149118145797909,0.2264676877752212,-1.6060806085533774,0.3802521008403361,-1.6060806085533774,0.3466920998437728,-39.0,0.9327731092436976,0.957983193277311,0.2857142857142857,0.8357142857142856,0.8109243697478992,健策
92.8000030517578,95.8000030517578,92.6999969482422,95.6999969482422,27868765.0,0.0470459009909951,92.63999938964844,0.0481927026222557,91.81999931335449,0.096219857993639,89.52833340962728,0.1544028369935255,86.46333351135254,0.0141373928150222,63.86554298591767,11188599.65,2.490817963979969,0.0422565635362992,3706.TW,2026-09-01,0.0774962275619814,0.0742942072979486,bull,0.3609302325581395,0.2027906976744186,2026-03-31,2026-05-15,31863922000.0,2934046000.0,1186173000.0,1645175000.0,108264000.0,1460985000.0,1.1,82662619000.0,48216898000.0,135913012000.0,68280278000.0,67632734000.0,9782105000.0,1879510000.0,7968750000.0,,0.0658069810202562,1108114535.9022596,87696114000.0,0.0126358453682709,0.0216017439129401,0.0107494122784947,1.009574417027116,0.0920805040886052,0.0372262083744744,0.0458507587358517,0.3464486758783238,,,39.67324991044731,39.67324991044731,False,69.43976922506732,69.43976922506732,61.99813939641232,515.0,True,False,True,True,True,True,True,True,False,True,True,True,True,True,False,False,False,12,False,0.0689353113541959,0.1068275193863175,1.0,1070748952.3601038,0.1172093023255814,1.0,3.0,,,,,,0.0324708501720521,-0.0276824530837884,0.2077508704078517,-1.7721989571284846,0.5394957983193277,-1.7721989571284846,0.4242341799067805,-515.0,0.4789915966386555,0.2941176470588235,0.4033613445378151,0.4676470588235294,0.4084033613445378,神達
55.29999923706055,56.5,55.20000076293945,56.29999923706055,228560.0,0.086872588152095,54.32000045776367,0.1729166507720947,52.75750007629394,0.3698297159916015,47.97893664042155,0.0236363497647371,47.647801589965816,0.0292138164912116,56.38297915512624,209679.05,1.0900469074044357,0.0671468351541242,4119.TW,2026-09-01,0.0774962275619814,0.0742942072979486,bull,0.1004651162790697,0.0427906976744186,2026-03-31,2026-05-15,375798000.0,82325000.0,33151000.0,28590000.0,8480000.0,20110000.0,0.17,1104577000.0,1053320000.0,6954821000.0,1544198000.0,5410623000.0,51949000.0,390000000.0,300399000.0,,0.2966072053165442,23318174.53655124,5901501000.0,0.0039512277531684,0.0037167623765322,0.0028915194222827,0.2854011451176694,0.2190671584202151,0.0882149452631466,0.0535127914464685,0.0430373141784996,,,33.11973270077256,33.11973270077256,False,82.13221640001058,82.13221640001058,69.87909547520107,628.0,True,True,True,True,True,True,True,True,True,True,True,True,True,True,False,False,False,14,False,0.1734315760059721,0.1815865025956791,1.0,11804930.35502758,0.6,1.0,3.0,,,,,,-0.0070564517509955,-0.0523142989747227,0.1814625690476217,-1.8038110800061176,0.3441176470588235,-1.8038110800061176,0.3982961508864504,-628.0,0.3361344537815126,0.6722689075630253,0.3781512605042016,0.3424369747899159,0.4453781512605042,旭富
26.549999237060547,26.549999237060547,25.850000381469727,26.14999961853028,10641.0,0.0356435492487239,25.990000534057614,0.0335968540356559,25.302500152587893,0.050200803981931,25.260937054951984,-0.0920138780809475,25.67255188624064,0.0090763492255323,74.99994039544045,9198.7,1.1567938947894811,0.0334946926521686,4190.TW,2026-09-01,0.0774962275619814,0.0742942072979486,bull,0.4325581395348837,0.2809302325581395,2026-03-31,2026-05-15,547291000.0,358277000.0,-2980000.0,-1118000.0,14477000.0,-15595000.0,-0.26,1622513000.0,3364541000.0,6747057000.0,5134925000.0,1612132000.0,755987000.0,400000000.0,918267000.0,0.0,0.0,-2980000.0,3382516000.0,-0.0008810010063514,-0.0096735254929497,-0.0023113781312355,3.185176524006719,0.6546371126146785,-0.0054450009227266,-0.0284948957684303,-0.0893812082993626,,,14.664956846451332,14.664956846451332,False,59.09784017759306,59.09784017759306,47.98961934480763,962.0,True,False,False,True,True,True,True,False,False,False,True,True,True,True,False,False,False,9,False,0.0351951537523824,0.0185975953775567,1.0,240546.00149097448,0.9851162790697674,0.0,3.0,,,,,,-0.0221265361181373,-0.0702529235475511,0.1699447384767807,-1.1512016693855491,0.4058823529411764,-1.1512016693855491,0.3520759341472438,-962.0,0.0924369747899159,0.0168067226890756,0.3025210084033613,0.1239495798319327,0.1117647058823529,佐登-KY
57.0,57.59999847412109,56.70000076293945,57.5,67923.0,0.0105447883660987,57.619998931884766,0.0454545454545454,56.65999984741211,0.0707634857182921,56.69333337148031,-0.0589197800986176,59.2150000890096,0.0068413976965322,63.46156103372493,52382.1,1.2966834090271295,0.0148252762945648,4737.TW,2026-09-01,0.0774962275619814,0.0742942072979486,bull,0.3748837209302325,0.2362790697674418,2026-03-31,2026-05-15,405264000.0,122255000.0,-88509000.0,-100891000.0,-21625000.0,-79924000.0,-1.09,1492041000.0,1758421000.0,5654786000.0,3442043000.0,2212743000.0,387476000.0,517663000.0,1666248000.0,,0.2143402285634992,-69537960.71007325,3896365000.0,-0.0178468805438076,-0.0361198747437004,-0.0141338681958963,1.555554802342613,0.3016675549765091,-0.2183983773540211,-0.1972146551383789,-0.1582270724761705,,,15.873895957923814,15.873895957923814,False,58.81924524576355,58.81924524576355,48.08290792380362,936.0,True,False,True,True,True,False,True,True,False,False,True,True,True,True,False,False,False,10,False,0.01422859762424,-0.028962257644713,0.0,3011970.75,0.7888372093023256,1.0,3.0,,,,,,-0.0464103129015218,-0.0687765771497804,0.1247363982498105,-1.863060021064174,0.1764705882352941,-1.863060021064174,0.3562625934330005,-936.0,0.1176470588235294,0.0252100840336134,0.3109243697478991,0.1466386554621848,0.1285714285714285,華廣
99.5,101.0,98.0,98.6999969482422,1050467.0,0.1040267926580649,96.75999908447264,0.1102361670883718,92.36000022888184,0.102793261991533,88.53333346048991,0.1251676209179775,90.5458880742391,0.0385696560862772,60.10102411277335,610350.25,1.7210888338294283,0.0686443991300229,4912.TW,2026-09-01,0.0774962275619814,0.0742942072979486,bull,0.1925581395348837,0.1934883720930232,2026-03-31,2026-05-15,1740520000.0,347686000.0,96486000.0,119505000.0,29737000.0,88059000.0,1.35,5718665000.0,3540355000.0,8497344000.0,4357124000.0,4140220000.0,1833571000.0,1475118000.0,85900000.0,,0.2488347767875821,72476927.72687335,4956989000.0,0.0146211596852188,0.0212691596098758,0.010363120523307,1.052389486549024,0.1997598418863328,0.0554351573093098,0.0505935007928665,0.1385875004742698,,,39.66467030210741,39.66467030210741,False,83.09847739363275,83.09847739363275,72.24002562075141,516.0,True,True,True,True,True,True,True,True,True,True,False,True,True,True,False,False,False,13,False,0.1148343012780537,0.0900549881107521,1.0,60241567.81235886,0.3916279069767442,1.0,3.0,,,,,,0.038119708590447,-0.0085161860936235,0.2462932277501217,-1.5633964543845071,0.7021008403361346,-1.5633964543845071,0.5905983134755222,-516.0,0.4705882352941176,0.7394957983193278,0.6638655462184874,0.499579831932773,0.5899159663865546,聯德控股-KY
1420.0,1490.0,1420.0,1470.0,634853.0,0.03886925795053,1453.0,0.0808823529411764,1421.75,0.05,1424.7903971354167,0.1666666666666667,1367.7285319010416,0.0177165354330708,53.75,549026.75,1.156324350316264,0.0339370494109372,5269.TW,2026-09-01,0.0774962275619814,0.0742942072979486,bull,0.2623255813953488,0.281860465116279,2026-03-31,2026-05-15,3497963000.0,1778068000.0,807599000.0,1936464000.0,82474000.0,1853990000.0,24.85,10669746000.0,3568387000.0,41500017000.0,4404988000.0,37095029000.0,5726443000.0,,,,0.0425899990911269,773203359.324005,37931630000.0,0.020384132169485,0.0499794729908419,0.0446744395309524,0.1187487412396954,0.508315268057438,0.2308769418087041,0.5300199001533178,0.3940900795771613,,,87.63352452318074,87.63352452318074,False,56.15895574489063,56.15895574489063,64.02759793946316,47.0,True,False,True,True,True,False,True,True,True,False,True,True,True,True,True,False,False,11,False,0.0317307043586752,0.0747746835088747,1.0,807069322.5,0.1302325581395348,3.0,2.0,,,,,,0.0265214272432149,-0.035522047093305,0.3160631453171629,-1.163547167096584,0.7252100840336134,-1.163547167096584,0.6832300347911657,-47.0,0.9159663865546218,0.3865546218487395,0.7899159663865546,0.8970588235294117,0.7319327731092437,祥碩
518.0,545.0,518.0,540.0,1018366.0,0.0364683301343569,530.6,0.0609037328094301,523.45,0.2342857142857142,515.9152709960938,0.6167664670658684,456.3659688313802,0.0166051660516606,52.46913580246914,821786.05,1.2392106193576782,0.0316171554112139,5434.TW,2026-09-01,0.0774962275619814,0.0742942072979486,bull,0.3181395348837209,0.0809302325581395,2026-03-31,2026-05-15,18536692000.0,2517460000.0,1430469000.0,1720554000.0,385901000.0,1322921000.0,6.86,26594173000.0,20377745000.0,43809103000.0,24343457000.0,19465646000.0,6619207000.0,553886000.0,2499050000.0,0.0,0.2242888046524549,1109630817.8976076,23431358000.0,0.0473566584530699,0.0679618338893042,0.0301973998417634,1.25058562145844,0.1358095608428947,0.07716959422965,0.0713676960268854,0.1762262681445767,,,65.82773904429318,65.82773904429318,False,68.58200492119352,68.58200492119352,67.89343845196844,203.0,True,False,True,True,True,True,True,True,False,True,True,True,True,True,True,False,False,12,False,0.0466834969963285,0.1832608846421701,1.0,443764467.0,0.1832558139534883,3.0,3.0,,,,,,0.0343347679725425,-0.0193262116817758,0.2632819794969465,-0.4955611553979857,0.7659663865546218,-0.4955611553979857,0.6936543916351965,-203.0,0.7394957983193278,0.5798319327731093,0.8319327731092437,0.7533613445378151,0.7100840336134455,崇越
61.29999923706055,63.0,61.20000076293945,61.400001525878906,3215854.0,0.096428598676409,61.28000030517578,0.1123188528486769,57.70500011444091,0.2791666984558105,57.9134230295817,0.4532544739852995,51.559628105163576,0.0469926509059696,68.57143635652717,3218006.0,0.9993312629000692,0.0640326038317311,5471.TW,2026-09-01,0.0774962275619814,0.0742942072979486,bull,0.1860465116279069,0.0641860465116279,2026-03-31,2026-05-15,762695000.0,324634000.0,69170000.0,100354000.0,20035000.0,80319000.0,0.48,2907264000.0,471709000.0,4129482000.0,577986000.0,3551496000.0,1448788000.0,,,,0.1996432628495127,55360675.5086992,3657773000.0,0.0151350768647204,0.0226155400428439,0.019450139266862,0.1627443758911737,0.4256406558322789,0.0906915608467342,0.1053094618425451,0.2391711942393677,,,64.00671286733612,64.00671286733612,False,64.73729674487505,64.73729674487505,64.55465077549033,224.0,True,False,True,True,True,False,True,True,True,True,True,True,True,True,True,False,False,12,False,0.0602032881827117,0.1908542358110965,1.0,197585573.31028748,0.2623255813953488,1.0,3.0,,,,,,0.0035950377906575,-0.0717399798004197,0.2160463434056374,-1.5832406572700417,0.4579831932773109,-1.5832406572700417,0.4469558979147214,-224.0,0.7226890756302521,0.4201680672268907,0.4621848739495798,0.6836134453781512,0.5798319327731092,松翰
24.0,24.450000762939453,23.600000381469727,23.89999961853028,2050810.0,0.0459518258000577,24.0,0.414201192781374,22.287500095367434,0.2645502698898367,19.385833422342937,0.5271565623702412,18.865000096956887,0.0903864986778383,63.95759350557884,4037405.5,0.5079524461934775,0.0723499502529674,6108.TW,2026-09-01,0.0774962275619814,0.0742942072979486,bull,0.0260465116279069,0.067906976744186,2026-03-31,2026-05-15,1005533000.0,-58176000.0,-188023000.0,-163927000.0,2837000.0,-166764000.0,-1.08,5952056000.0,4035658000.0,7430512000.0,4257488000.0,3173024000.0,3009763000.0,2815370000.0,,,0.0,-188023000.0,3394854000.0,-0.055384708738579,-0.0525568038565103,-0.0224431371620152,1.3417761731395663,-0.0578558833971634,-0.186988393220312,-0.1658463720235934,0.0519018870845751,,,14.198738437467275,14.198738437467275,False,85.26387774744006,85.26387774744006,67.49759291994687,978.0,True,True,True,True,True,True,True,True,True,True,True,False,False,True,False,False,False,12,False,0.2328590212162138,0.2668963422049271,1.0,96493989.90985204,0.3358139534883721,0.0,3.0,,,,,,-0.0652942106001109,-0.1787024801393862,0.1518732717478878,-2.0078573859087983,0.1029411764705882,-2.0078573859087983,0.1298720613219803,-978.0,0.0756302521008403,0.5378151260504201,0.0756302521008403,0.0756302521008403,0.2142857142857142,競國
28.25,28.549999237060547,27.600000381469727,27.950000762939453,2700198.0,0.0072072347005207,28.68000030517578,0.1408163576709979,26.027500247955324,0.1502058288262082,26.699166679382326,0.3905472752481476,26.44125000635783,0.0702097107855593,66.86390986659168,3280074.65,0.8232123619503598,0.0738642011975452,6168.TW,2026-09-01,0.0774962275619814,0.0742942072979486,bull,0.135813953488372,0.1302325581395348,2026-03-31,2026-05-15,502953000.0,119301000.0,-11310000.0,9301000.0,2206000.0,4900000.0,0.02,2152808000.0,496712000.0,3778323000.0,554367000.0,3223956000.0,336677000.0,16668000.0,,,0.2371787979787119,-8627507.794860767,3281611000.0,-0.0026290464637218,0.0015198718592933,0.001296871654435,0.1719524087797724,0.2372010903603318,-0.0224871906520092,0.0097424610251852,0.0779543101840838,,,27.13023348806351,27.13023348806351,False,67.3096621343318,67.3096621343318,57.26480497276473,734.0,True,False,True,True,True,False,True,True,True,True,True,True,True,True,False,False,False,12,False,0.0468491806721087,0.0570604928367168,1.0,91678088.96999836,0.3423255813953488,0.0,3.0,,,,,,0.0056227845107732,-0.0678924085977369,0.1817566030640385,-1.6821940739992194,0.4084033613445378,-1.6821940739992194,0.3479412132695696,-734.0,0.226890756302521,0.1596638655462184,0.2941176470588235,0.2369747899159663,0.2201680672268907,宏齊
211.0,225.0,211.0,221.5,16358157.0,0.1158690176322418,211.4,0.1102756892230576,205.55,0.1019900497512438,217.38161010742184,0.6844106463878328,200.72413838704423,0.030196717203358,58.4,6203228.95,2.6370390536689765,0.077596691802481,6257.TW,2026-09-01,0.0774962275619814,0.0742942072979486,bull,0.1916279069767441,0.1953488372093023,2026-03-31,2026-05-15,5293776000.0,1675935000.0,1184017000.0,1379715000.0,258007000.0,1005655000.0,2.1,19127174000.0,10312177000.0,43878954000.0,19347117000.0,24531837000.0,11717635000.0,668430000.0,8022848000.0,,0.1870002138122728,962605567.8426342,33566777000.0,0.0286773307977299,0.0409938725746465,0.0229188462423238,0.7886534139290099,0.3165859303453716,0.2236620892157129,0.1899693149086776,0.1299871008670361,,,71.51600240927145,71.51600240927145,False,67.94494395511632,67.94494395511632,68.8377085686551,155.0,True,False,True,True,True,False,True,True,True,True,False,True,True,True,True,False,False,11,False,0.0189454383493754,0.1035045499754239,1.0,1374015212.425,0.0976744186046511,2.0,3.0,,,,,,-0.0056417606561783,-0.0857845744412455,0.2255368784420258,-1.542680720738457,0.4390756302521008,-1.542680720738457,0.3610357862043655,-155.0,0.7899159663865546,0.6050420168067226,0.3361344537815126,0.7218487394957983,0.6436974789915966,矽格
1035.0,1065.0,1030.0,1030.0,331165.0,0.0098039215686274,1034.0,0.0945802337938364,1016.65,0.1444444444444443,1004.7287821451824,0.2560975609756097,879.9727244059245,0.0266080985559931,55.07246376811594,487108.8,0.679858380714945,0.0131313628092264,6409.TW,2026-09-01,0.0774962275619814,0.0742942072979486,bull,0.2269767441860465,0.14,2026-03-31,2026-05-15,4204594000.0,1097283000.0,761311000.0,497580000.0,106071000.0,391509000.0,4.46,12925624000.0,6848461000.0,17835228000.0,7506620000.0,10328608000.0,7086998000.0,,489300000.0,,0.2131737610032557,599019470.8368503,10986767000.0,0.0545219053827982,0.0379053014694719,0.0219514435139264,0.7267794459814914,0.2609724030429573,0.1810664715784687,0.0931145789581586,-0.1581824756109622,,,62.88856390334461,62.88856390334461,False,69.19882653976073,69.19882653976073,67.6212608806567,235.0,True,False,True,True,True,True,True,True,True,True,True,True,False,True,True,False,False,12,False,0.0251522782107043,0.1704908248097802,1.0,501722064.0,0.1702325581395349,3.0,3.0,,,,,,0.0664997550125647,0.0223336912115983,0.2907655777288033,-0.5224380522669376,0.9168067226890756,-0.5224380522669376,0.9107515925840264,-235.0,0.7058823529411765,0.5630252100840336,0.9747899159663864,0.746218487394958,0.7168067226890756,旭隼
260.5,272.5,257.0,270.0,2014777.0,0.0588235294117647,264.4,0.5561959654178674,233.8,0.2558139534883721,200.675,1.0224719101123596,208.075,0.1342631898120073,68.3206106870229,2133871.7,0.944188443944404,0.1548331907613345,6426.TW,2026-09-01,0.0774962275619814,0.0742942072979486,bull,0.0120930232558139,0.0688372093023255,2026-03-31,2026-05-15,154269000.0,60877000.0,19307000.0,27476000.0,-977000.0,28453000.0,0.74,831225000.0,83262000.0,1018747000.0,85873000.0,932874000.0,275168000.0,7500000.0,,,0.0,19307000.0,935485000.0,0.020638492332854,0.0305003676809515,0.0279294073994819,0.0920520884921222,0.3946158982037869,0.1251515210444094,0.1844375733297033,0.5607004835805192,,,75.05902824356723,75.05902824356723,False,84.78226719529755,84.78226719529755,82.35145745736497,120.0,True,True,True,True,True,True,True,True,True,True,True,False,True,False,True,False,False,12,False,0.345459075619783,0.2976090352036526,1.0,576145359.0,0.1590697674418604,2.0,3.0,,,,,,0.0054757772675449,-0.1328977851220468,0.2900027663797514,-1.3234176288041282,0.5432773109243698,-1.3234176288041282,0.4374061331463822,-120.0,0.8319327731092437,0.9243697478991596,0.4369747899159664,0.7726890756302521,0.780672268907563,統新
148.5,157.5,148.5,156.0,868734.0,0.0833333333333332,150.2,0.0833333333333332,146.55,0.0647976183631995,148.39244944254557,0.0331125827814569,159.29211400349934,0.0273396424815983,59.70149253731344,279998.4,3.102639157938045,0.0644831115660182,6438.TW,2026-09-01,0.0774962275619814,0.0742942072979486,bull,0.2530232558139534,0.2465116279069767,2026-03-31,2026-05-15,1744783000.0,460838000.0,193997000.0,184067000.0,41884000.0,144835000.0,1.76,6414724000.0,3600710000.0,10415508000.0,4638877000.0,5776631000.0,1850590000.0,412580000.0,851792000.0,,0.2275475777841764,149853452.55260313,6814798000.0,0.0219894195767215,0.0250725725773378,0.0139057067595742,0.8030419460754893,0.2641233895561797,0.1111868925820574,0.0830103227736629,0.1220382865212614,,,52.44239867927419,52.44239867927419,False,65.17731818875676,65.17731818875676,61.99358831138611,333.0,True,False,True,True,True,False,True,True,True,False,True,True,False,True,False,False,False,10,False,0.0512664261964346,-0.0206671499345347,0.0,43679750.400000006,0.4334883720930232,2.0,3.0,,,,,,0.0111545478543474,-0.0743636501522766,0.1718100530717876,-1.7736803613314618,0.3714285714285714,-1.7736803613314618,0.276242105412001,-333.0,0.6218487394957983,0.2857142857142857,0.2100840336134453,0.5600840336134454,0.4386554621848739,迅得
433.5,438.0,420.0,420.0,1129943.0,-0.1063829787234043,436.9,0.0714285714285714,430.175,0.0741687979539642,415.5855021158854,-0.1129883843717001,413.8677510579427,0.032565849926302,48.69281045751634,1240093.75,0.9111754655645996,-0.0236531644098332,6472.TW,2026-09-01,0.0774962275619814,0.0742942072979486,bull,0.2865116279069767,0.2316279069767441,2026-03-31,2026-05-15,4001231000.0,1442628000.0,407236000.0,221152000.0,174254000.0,25838000.0,0.21,19812444000.0,14337765000.0,45331756000.0,28703088000.0,16628668000.0,4832012000.0,3410000000.0,3908546000.0,8410772000.0,0.4,244341600.0,30993991000.0,0.0078835152271935,0.0015538225912021,0.0005699757141549,1.7261206970997316,0.3605460419555881,0.1017776779196202,0.0064575127004664,-0.1067853383739788,,,27.229352834015025,27.229352834015025,False,60.61395348837209,60.61395348837209,52.267803324782825,729.0,True,False,True,True,False,True,True,False,False,False,True,True,True,True,False,False,False,9,False,0.0106223577618538,0.0148169286598964,1.0,520839375.0,0.1683720930232558,2.0,3.0,,,,,,-0.0432423040228136,-0.0858279142305566,0.1801691833265915,-1.7861926442160632,0.2474789915966386,-1.7861926442160632,0.3320745954650974,-729.0,0.2352941176470588,0.0672268907563025,0.2689075630252101,0.2403361344537815,0.1915966386554622,保瑞
392.0,409.5,388.0,396.5,945128.0,0.0644295302013422,385.4,0.1142295884562405,374.8494873046875,0.2390624999999999,350.6489903767904,0.4110320284697508,321.7244951883952,0.0391699153624774,60.946745562130175,490756.45,1.9258595582391225,0.0577578826397444,6491.TW,2026-09-01,0.0774962275619814,0.0742942072979486,bull,0.1823255813953488,0.0781395348837209,2026-03-31,2026-05-15,1885667000.0,1005547000.0,542809000.0,566411000.0,88526000.0,472275000.0,6.06,6983966000.0,4705377000.0,16639674000.0,5326767000.0,11312907000.0,1204500000.0,831456000.0,457203000.0,,0.1562928686060122,457971824.2848391,11934297000.0,0.0383744282788369,0.0417465643446021,0.0283824671084301,0.4708574904752598,0.5332579930602805,0.2878604758952667,0.2504551439888379,0.1833499738625503,,,86.74813401220891,86.74813401220891,False,84.6152331563994,84.6152331563994,85.14845837035178,52.0,True,True,True,True,True,True,True,True,True,True,True,True,True,True,True,False,False,14,False,0.1307604210522333,0.2324209251391251,1.0,194584932.425,0.2632558139534883,2.0,2.0,,,,,,0.0320534269924428,-0.0238337661069646,0.3178852047259646,-1.2975253650566625,0.7445378151260504,-1.2975253650566625,0.6831606050339015,-52.0,0.8991596638655462,0.9663865546218487,0.7815126050420168,0.8815126050420168,0.8957983193277311,晶碩
73.69999694824219,77.5999984741211,73.30000305175781,76.69999694824219,30321088.0,0.0802816471583407,72.93999938964843,0.1246334366620389,71.21999969482422,0.4581748892251045,66.31522204081217,0.3292893576096167,60.144277763366695,0.0082106444731783,62.26415800513962,21322620.1,1.4220151115481343,0.0769446402260545,6505.TW,2026-09-01,0.0774962275619814,0.0742942072979486,bull,0.1665116279069767,0.0297674418604651,2026-03-31,2026-05-15,161989437000.0,27190906000.0,24513957000.0,25616191000.0,5209581000.0,20407731000.0,2.14,296450387000.0,65693610000.0,463713281000.0,83114597000.0,380598684000.0,63985692000.0,123643000.0,1500200000.0,8100000000.0,0.2033706338307674,19528538027.20982,398019671000.0,0.0490642534780895,0.0536200776774099,0.0440093735421824,0.2183785716925915,0.1678560436011639,0.1513305895371437,0.1259818626321912,-0.0650893152444253,,,66.8716639923295,66.8716639923295,False,87.78469105897405,87.78469105897405,82.55643429231291,193.0,True,True,True,True,True,True,True,True,True,True,True,True,True,True,True,False,False,14,False,0.1565971520239943,0.275266738591704,1.0,1635444896.5985277,0.0846511627906976,1.0,3.0,,,,,,0.0154315272821387,-0.0374404795634507,0.1782221809988315,-1.5180166019063854,0.4970588235294118,-1.5180166019063854,0.5045698936140426,-193.0,0.7563025210084033,0.9327731092436976,0.5714285714285714,0.7285714285714285,0.7722689075630252,台塑化
936.0,980.0,923.0,958.0,4599165.0,0.0936073059360731,922.6,0.1885856079404466,890.35,0.0611373137484656,895.2990010579427,1.169875424688562,836.3937082926433,0.0705182157027774,59.61538461538462,2964615.1,1.5513531587962297,0.0759813556466557,6531.TW,2026-09-01,0.0774962275619814,0.0742942072979486,bull,0.0911627906976744,0.2548837209302325,2026-03-31,2026-05-15,2099951000.0,969865000.0,588249000.0,825691000.0,165725000.0,676217000.0,4.15,13696423000.0,3453169000.0,15567366000.0,3557927000.0,12009439000.0,8765915000.0,50000000.0,,,0.2007106774810431,470181144.6824538,12114197000.0,0.0388124070198341,0.0563071264194772,0.0434381127802866,0.2962608827939423,0.4618512527197063,0.280125107681084,0.3220156089356371,1.1538842619184375,,,95.34498936770456,95.34498936770456,False,75.28095101120898,75.28095101120898,80.29696060033288,16.0,True,True,True,True,True,False,True,True,True,False,True,True,True,True,True,False,False,12,False,0.0700335852804099,0.1453935993320603,1.0,2840101265.8,0.0604651162790697,3.0,1.0,,,,,,-0.1056173173325834,-0.1878169588432744,0.143650807074424,-1.703823380477279,0.1310924369747899,-1.703823380477279,0.0754630994289147,-16.0,0.957983193277311,0.907563025210084,0.0168067226890756,0.8168067226890756,0.7546218487394958,愛普*
273.0,282.5,251.0,262.5,6829258.0,0.0437375745526837,265.3,0.1640798226164079,251.25,0.2962962962962963,222.26666666666668,0.3636363636363635,218.14583333333331,0.0518053375196232,56.77966101694915,1844476.0,3.7025464142661657,0.0447761194029849,6533.TW,2026-09-01,0.0774962275619814,0.0742942072979486,bull,0.1069767441860465,0.0576744186046511,2026-03-31,2026-05-15,326356000.0,325982000.0,-202956000.0,-191919000.0,-25688000.0,-166231000.0,-3.28,1735463000.0,291379000.0,6111740000.0,1760341000.0,4351399000.0,1046856000.0,,,1419903000.0,0.1338481338481338,-175790718.14671814,5820361000.0,-0.0302027173480679,-0.0382017369586195,-0.0271986373765899,0.4045459862448835,0.9988540121830148,-0.621885303165868,-0.5093548149873145,0.2031025355560307,,,38.84336576062605,38.84336576062605,False,79.39091495616124,79.39091495616124,69.25402765727745,539.0,True,True,True,True,True,True,True,True,True,True,True,True,False,True,False,False,False,13,False,0.1810137972405519,0.2033234648075637,1.0,484174950.0,0.1730232558139534,2.0,3.0,,,,,,-0.0835917305051348,-0.1145032345129009,0.1343720167253456,-1.8853354561925797,0.1226890756302521,-1.8853354561925797,0.127025553364706,-539.0,0.4369747899159664,0.6554621848739496,0.0588235294117647,0.3802521008403361,0.426890756302521,晶心科
100.5,103.0,100.0,102.0,223624.0,0.0,100.88000030517578,0.0625,99.59000015258788,0.1159737231636677,97.87499987284342,0.3674901468369842,91.981649462382,0.0255908536079749,59.13462138034797,141430.8,1.5811548828119475,0.0241992152195964,6756.TW,2026-09-01,0.0774962275619814,0.0742942072979486,bull,0.3120930232558139,0.1720930232558139,2026-03-31,2026-05-15,414892000.0,185087000.0,-50699000.0,46990000.0,8682000.0,44595000.0,0.64,1744541000.0,848091000.0,3944534000.0,980235000.0,2964299000.0,833541000.0,,113508000.0,,0.1847627154713768,-41331715.08831666,3096443000.0,-0.0133481272183329,0.0150440289592918,0.0113055179648597,0.3306802046622152,0.4461088668858401,-0.1221980660027187,0.1074858035344137,0.0636156451162206,,,42.16370730947515,42.16370730947515,False,76.1217994352717,76.1217994352717,67.63227640382256,477.0,True,True,True,True,True,True,True,True,False,True,True,True,True,True,False,False,False,13,False,0.0421455952236595,0.1089168393497361,1.0,14425941.6,0.5813953488372093,2.0,3.0,,,,,,0.0043059824980075,-0.0531436733455351,0.2609896083999505,-1.3684860226025104,0.5794117647058824,-1.3684860226025104,0.5674867167524674,-477.0,0.5210084033613446,0.5714285714285714,0.6218487394957983,0.5361344537815127,0.5563025210084034,威鋒電子
328.0,334.5,309.5,319.0,37334799.0,0.0943396226415094,332.5,0.595,272.825,1.4444444444444446,202.32433344523116,1.7381974248927037,168.3580000559489,0.1630608547372908,69.65811965811966,36892401.15,1.011991571060969,0.1692476862457619,8039.TW,2026-09-01,0.0774962275619814,0.0742942072979486,bull,0.0102325581395348,0.0027906976744186,2026-03-31,2026-05-15,2415476000.0,532169000.0,146484000.0,219817000.0,44902000.0,171370000.0,0.65,10090538000.0,4116000000.0,15838059000.0,5212295000.0,10625764000.0,3401205000.0,544660000.0,425464000.0,0.0,0.2042699154296528,116561725.70820272,11722059000.0,0.0099437927848855,0.0161277814941118,0.0108201390081953,0.4905336689201831,0.2203164096848819,0.060643947611154,0.0709466788326607,0.0846351629146733,,,39.59205928302138,39.59205928302138,False,85.10305261932862,85.10305261932862,73.72530428525181,517.0,True,True,True,True,True,True,True,True,True,True,True,False,True,False,False,False,False,12,False,0.5766763916528743,0.894771854583623,1.0,11768675966.85,0.0167441860465116,2.0,3.0,,,,,,-0.0414401365317472,-0.1855731636934894,0.1768616427497854,-1.9750730093117197,0.1621848739495798,-1.9750730093117197,0.1385313494780738,-517.0,0.4621848739495798,0.7563025210084033,0.1008403361344537,0.4079831932773109,0.4781512605042016,台虹
1260.0,1335.0,1220.0,1225.0,18128967.0,0.0560344827586207,1234.0,0.1722488038277512,1191.25,0.474127557160048,1100.8818817138672,1.6036131774707756,928.9951075236004,0.0689129166853604,46.49122807017543,11382401.6,1.5927189741750107,0.0283315844700944,8046.TW,2026-09-01,0.0774962275619814,0.0742942072979486,bull,0.1023255813953488,0.0260465116279069,2026-03-31,2026-05-15,11177241000.0,1771445000.0,1352237000.0,1598197000.0,289571000.0,1308626000.0,2.03,25923065000.0,8163676000.0,62161816000.0,15455246000.0,46706570000.0,9657576000.0,,,,0.1811860490289995,1107230520.6191726,53998140000.0,0.0205049751828335,0.0280180282988025,0.0210519267969906,0.3309008989527597,0.1584867857819295,0.1209812868846614,0.1170795189975773,0.3214942908705003,,,61.16068715346135,61.16068715346135,False,78.57935992474148,78.57935992474148,74.22469173192145,249.0,True,True,True,True,True,True,True,False,True,True,True,True,True,True,True,False,False,13,False,0.1127442647097654,0.3186291187963872,1.0,13943441960.0,0.013953488372093,3.0,3.0,,,,,,-0.162639042294776,-0.2520314282856159,0.2369750372299572,-1.8024290574429371,0.207563025210084,-1.8024290574429371,0.2016466179540113,-249.0,0.6890756302521008,0.773109243697479,0.1680672268907563,0.6109243697478992,0.6100840336134453,南電
39.59999847412109,39.900001525878906,38.5,38.5,665263.0,0.0,39.55999984741211,0.0476190476190476,39.14499988555908,0.0784313495020216,38.250708961486815,0.0,37.28202098210652,0.0257451708143975,47.08738259607126,1129567.4,0.5889537888575751,-0.0164771972779345,8222.TW,2026-09-01,0.0774962275619814,0.0742942072979486,bull,0.3637209302325581,0.2260465116279069,2026-03-31,2026-05-15,234428000.0,59230000.0,30441000.0,31763000.0,6251000.0,,0.37,1130042000.0,553253000.0,2167379000.0,1240916000.0,926463000.0,201023000.0,300000000.0,681477000.0,,0.1968013096999653,24450171.33142336,1614126000.0,0.0151476225099052,,,1.3394123672505,0.2526575323766785,0.1298522360810142,,-0.074709104974818,,,42.06809671107272,42.06809671107272,False,58.437209302325584,58.437209302325584,54.344931154512366,478.0,True,False,True,True,False,True,True,False,False,True,True,True,False,True,False,False,False,9,False,0.0065172919739653,0.0326693399608901,1.0,43488344.9,0.4353488372093023,1.0,3.0,,,,,,0.0363126456392467,0.0019421621816165,0.1827890328227864,-1.627496016695477,0.5911764705882353,-1.627496016695477,0.6361173294239815,-478.0,0.5126050420168067,0.0924369747899159,0.7394957983193278,0.5466386554621848,0.4319327731092437,寶一
254.0,256.0,247.0,249.5,937495.0,0.0847826086956522,247.0,0.3131578947368421,217.45,0.2443890274314215,201.0208307902018,0.2894056847545219,202.5354153951009,0.0782199082682532,75.3012048192771,693178.65,1.3524579846768217,0.1473902046447459,6782.TW,2026-09-01,0.0774962275619814,0.0742942072979486,bull,0.0446511627906976,0.0744186046511627,2026-03-31,2026-05-15,1228595000.0,562960000.0,345415000.0,320529000.0,79940000.0,240471000.0,3.82,2257209000.0,1785112000.0,6287420000.0,2055065000.0,4232355000.0,548061000.0,34008000.0,243227000.0,,0.2494002102773852,259268426.36703697,4502308000.0,0.0575856708086245,0.0568173038414783,0.0382463713255993,0.4855606394076111,0.4582144644899255,0.2811463500990969,0.1957284540471026,0.2971931691721623,,,94.77818654579036,94.77818654579036,False,84.73714987230684,84.73714987230684,87.24740904067772,18.0,True,True,True,True,True,True,True,False,True,True,True,True,True,True,True,False,False,13,False,0.2411649032551961,0.2318833203234198,1.0,172948073.175,0.2772093023255814,2.0,1.0,,,,,,-0.0153501216530401,-0.0877066638558361,0.1921971069634088,-1.5997257827203015,0.3630252100840336,-1.5997257827203015,0.3113226851813218,-18.0,0.9495798319327732,0.9915966386554622,0.2521008403361344,0.8449579831932772,0.8226890756302521,視陽
73.5999984741211,73.69999694824219,70.4000015258789,70.80000305175781,150863466.0,0.0294598482395322,70.6739990234375,0.1780366863444118,69.89881858825683,0.0488889341001157,69.48210582733154,0.0678733000432447,66.11188618342082,0.0640252592386111,45.14476744423689,231310444.1,0.6522120805525703,0.0128926995005376,6770.TW,2026-09-01,0.0774962275619814,0.0742942072979486,bull,0.0976744186046511,0.2837209302325581,2026-03-31,2026-05-15,13572462000.0,1388213000.0,14226108000.0,14331913000.0,100704000.0,14231209000.0,3.36,73060915000.0,23437313000.0,172678080000.0,76101188000.0,96576892000.0,25559039000.0,1800000000.0,30244117000.0,,0.0070265567478675,14126147444.836708,149240767000.0,0.0946534095796807,0.1473562537092206,0.0824146817013485,0.7879854737922194,0.1022815904734159,1.048159722237572,1.0485355567766557,0.2209320651616573,,,80.40162331663433,80.40162331663433,True,66.05113581109131,66.05113581109131,69.63875768747707,85.0,True,False,True,True,True,True,True,False,True,False,True,True,False,True,True,True,False,10,False,0.0189674335389511,0.0709118607708496,1.0,16376780148.183456,0.0111627906976744,1.0,2.0,,,,,,-0.0849677989433749,-0.1275511268769013,0.1595101828541461,-1.701575474866455,0.1848739495798319,-1.701575474866455,0.1291074653545628,-85.0,0.8571428571428571,0.6638655462184874,0.0672268907563025,0.7386554621848739,0.6411764705882352,力積電
1140.0,1175.0,1135.0,1155.0,802085.0,0.0845070422535212,1118.0,0.1435643564356434,1105.25,0.0896226415094338,1089.75141398112,0.1159420289855073,1096.07570699056,0.0467869489037269,51.5625,838870.1,0.9561492297794378,0.0450124406242931,6781.TW,2026-09-01,0.0774962275619814,0.0742942072979486,bull,0.1330232558139535,0.2102325581395349,2026-03-31,2026-05-15,4529845000.0,1635463000.0,1094609000.0,1155662000.0,246955000.0,908696000.0,10.64,23244335000.0,7964587000.0,26690648000.0,8597389000.0,18093259000.0,9022896000.0,800748000.0,,,0.2136913734292552,860700499.4219763,18726061000.0,0.0459627093718201,0.0502229034581332,0.0340454828972305,0.4751708357239566,0.3610417133478077,0.2416438090045023,0.2006020073534525,0.3174496210966675,,,90.12488103756452,90.12488103756452,False,69.50452509078411,69.50452509078411,74.65961407747922,32.0,True,False,True,True,True,True,True,True,True,True,True,True,True,True,True,False,False,13,False,0.0598747431586361,0.0537593276026759,1.0,968894965.5,0.121860465116279,3.0,2.0,,,,,,-0.0020160829670834,-0.0715803188365213,0.2194517905460842,-1.2324015653864282,0.5058823529411764,-1.2324015653864282,0.4757662169938947,-32.0,0.9411764705882352,0.7899159663865546,0.5294117647058824,0.8794117647058823,0.8134453781512605,AES-KY
218.5,220.0,214.0,215.0,236831.0,0.053921568627451,211.0,0.1466666666666667,203.125,0.1227154046997389,196.6820271809896,0.2215909090909091,193.6243469238281,0.0346364446708264,64.19753086419753,268027.55,0.8836069277206765,0.0584615384615385,4771.TW,2026-09-01,0.0774962275619814,0.0742942072979486,bull,0.1283720930232558,0.1637209302325581,2026-03-31,2026-05-15,1030727000.0,422528000.0,298124000.0,310643000.0,69136000.0,214777000.0,3.66,2662213000.0,1036935000.0,7439213000.0,2725761000.0,4713452000.0,939697000.0,0.0,1180020000.0,,0.2225577270371455,231774200.18477803,6402278000.0,0.0362018331888709,0.0455668159981262,0.0288709302986754,0.5782939976900158,0.4099320188565934,0.2892366261871475,0.208374283394148,0.2716625438753415,,,87.83714193650803,87.83714193650803,False,78.37479675395265,78.37479675395265,80.7403830495915,44.0,True,True,True,True,True,True,True,True,True,True,True,True,True,True,True,False,False,14,False,0.093134960431102,0.1103975477039624,1.0,57625923.25,0.3981395348837209,2.0,2.0,,,,,,0.0183651858845884,-0.030512653809486,0.2762454035633287,-1.4003350516096664,0.6596638655462185,-1.4003350516096664,0.5870052349020333,-44.0,0.9243697478991596,0.9159663865546218,0.6554621848739496,0.8840336134453781,0.8680672268907563,望隼
77.5,77.80000305175781,77.0,77.5999984741211,31578.0,0.0486486280286633,77.05999908447265,0.1022726817071939,74.26000022888184,0.0630136777276861,73.33333333333333,-0.0184523891091618,74.61857833862305,0.0234288809844324,77.90695508148816,33932.25,0.9306191012974384,0.0449770836916889,6918.TW,2026-09-01,0.0774962275619814,0.0742942072979486,bull,0.2102325581395349,0.2530232558139534,2026-03-31,2026-05-15,219385000.0,145307000.0,52877000.0,58755000.0,11065000.0,47501000.0,1.39,1203027000.0,380831000.0,1686462000.0,542764000.0,1143698000.0,607226000.0,,157857000.0,,0.1883243979235809,42918970.81099481,1305631000.0,0.0328722057081938,0.0415328172297232,0.0281660660008941,0.474569335611324,0.6623378991271053,0.2410237709961939,0.2165189051211341,0.1171055110572492,,,82.25632418471866,82.25632418471866,False,66.11553216810586,66.11553216810586,70.15073017225906,74.0,True,False,True,True,True,True,True,False,True,False,True,True,True,True,True,False,False,11,False,0.0581817973743785,0.0399554668807571,1.0,2633142.5482234955,0.8027906976744186,1.0,2.0,,,,,,0.0709484102393185,0.0529667080151433,0.2215645605426136,-1.3932086000364323,0.8084033613445377,-1.3932086000364323,0.7270299906261055,-74.0,0.865546218487395,0.6890756302521008,0.8487394957983193,0.8630252100840337,0.8092436974789916,愛派司
285.5,297.5,285.0,289.0,415693.0,0.1030534351145038,283.7,0.1377952755905511,273.75,0.0783582089552239,270.255788675944,0.1051625239005735,281.32372767130533,0.0337015009912206,48.63387978142076,380942.6,1.091222142128499,0.0557077625570776,6937.TW,2026-09-01,0.0774962275619814,0.0742942072979486,bull,0.1432558139534883,0.2269767441860465,2026-03-31,2026-05-15,582447000.0,243295000.0,75551000.0,79509000.0,17753000.0,64817000.0,0.96,2979355000.0,819804000.0,4523134000.0,1044661000.0,3478473000.0,472664000.0,71200000.0,178118000.0,,0.2232828987913317,58681753.71341609,3703330000.0,0.0158456723309605,0.0186337510741063,0.0143301082833274,0.3003217216290021,0.4177118261404042,0.1297130897746919,0.1112839451486573,0.2629110526156022,,,64.73082411847425,64.73082411847425,False,70.43040504090482,70.43040504090482,69.00550981029717,214.0,True,False,True,True,True,True,True,False,True,True,False,True,True,True,True,False,False,11,False,0.0693572981947543,0.0272862598268408,1.0,110092411.4,0.3237209302325581,2.0,3.0,,,,,,-0.0151160272653605,-0.0934493849634205,0.1669322889091241,-1.7801569984339098,0.2693277310924369,-1.7801569984339098,0.5046452455197568,-214.0,0.7310924369747899,0.6302521008403361,0.5798319327731093,0.7084033613445377,0.6705882352941177,天虹
168.5,172.5,167.5,168.0,144910.0,0.018181818181818,168.0,0.051131049311579,163.53798599243163,0.0402476780185758,165.80822067260743,0.1200000000000001,166.71661033630372,0.0209978527954385,58.92857142857143,71460.45,2.0278349772496536,0.0272842665909733,4569.TW,2026-09-01,0.0774962275619814,0.0742942072979486,bull,0.3497674418604651,0.3051162790697674,2026-03-31,2026-05-15,499360000.0,140363000.0,83034000.0,97767000.0,0.0,97775000.0,3.22,1983309000.0,282050000.0,3633624000.0,903370000.0,2730254000.0,909890000.0,,,478335000.0,0.0,83034000.0,3351574000.0,0.0247746282791309,0.0358116863852227,0.0269083977868926,0.3308739772929551,0.281085789810958,0.1662808394745274,0.1958006247997436,0.0656468870972559,,,67.09571560472591,67.09571560472591,False,58.28587987135524,58.28587987135524,60.488338804697904,190.0,True,False,True,True,True,False,True,True,False,False,True,True,True,True,True,False,False,10,False,0.0132187615216032,0.0076980311746226,1.0,12005355.6,0.5972093023255814,2.0,3.0,,,,,,0.0426466712819726,0.0220518789500708,0.1919151545028709,-1.1456464271610196,0.7407563025210084,-1.1456464271610196,0.2665350972209316,-190.0,0.7647058823529411,0.226890756302521,0.2016806722689075,0.680252100840336,0.4907563025210084,六方科-KY
145.0,151.5,145.0,147.0,114155.0,0.0,145.7,0.1094339622641509,142.7,0.1902834008097165,142.55853678385418,0.2538346315977573,132.6394166946411,0.0247755834829442,63.63636363636363,93839.5,1.216491988981186,0.0301331464611072,7631.TW,2026-09-01,0.0774962275619814,0.0742942072979486,bull,0.1953488372093023,0.0976744186046511,2026-03-31,2026-05-15,408502000.0,93897000.0,47524000.0,48469000.0,12978000.0,35491000.0,1.76,1335645000.0,556998000.0,1567579000.0,716274000.0,851305000.0,481233000.0,,138157000.0,,0.2677587736491366,34799032.04109843,1010581000.0,0.0344346787057132,0.041690111064777,0.0226406452242598,0.8413835229441857,0.2298568917655238,0.1163372517148018,0.0868808475845895,0.9934122561314817,,,69.1770822702721,69.1770822702721,False,78.08357693591388,78.08357693591388,75.85695326950344,171.0,True,True,True,True,True,True,True,True,True,True,True,True,True,True,True,False,False,14,False,0.0311553647809945,0.1082678412135922,1.0,13794406.5,0.5851162790697675,2.0,3.0,,,,,,0.0095744031286685,-0.0561237096878034,0.2458423784701774,-1.1211390475288456,0.6071428571428572,-1.1211390475288456,0.5348686023686023,-171.0,0.7815126050420168,0.8319327731092437,0.6050420168067226,0.7550420168067227,0.761344537815126,聚賢研發-創
217.0,229.0,217.0,220.5,85177.0,0.0068493150684931,222.5,0.0475059382422802,216.875,0.1514360313315927,211.18733978271484,0.3008849557522124,187.1478365580241,0.0152575898301891,53.52112676056338,78292.85,1.0879282080036683,0.0167146974063401,6957.TW,2026-09-01,0.0774962275619814,0.0742942072979486,bull,0.3646511627906976,0.1274418604651162,2026-03-31,2026-05-15,1008397000.0,304729000.0,100942000.0,102458000.0,25691000.0,82568000.0,1.51,2765058000.0,1395803000.0,5405505000.0,3045045000.0,2360460000.0,1274466000.0,40000000.0,27000000.0,945042000.0,0.2507466474067423,75631131.9174686,4009702000.0,0.0188620331180393,0.0349796226159307,0.0152747985618364,1.2900218601459037,0.3021914979913665,0.1001014481399686,0.0818804498625045,0.2868739487648066,,,57.7309173012778,57.7309173012778,False,64.69018596694715,64.69018596694715,62.950368800529816,286.0,True,False,True,True,True,True,True,True,False,True,True,True,True,True,False,False,False,12,False,0.0440966784603031,0.1782129254357436,1.0,17263573.425,0.5544186046511628,2.0,3.0,,,,,,0.0338346267195079,-0.0080506672642554,0.3359655860791473,-0.2629846897368258,0.8294117647058823,-0.2629846897368258,0.8056282161663543,-286.0,0.6470588235294118,0.3277310924369748,0.9159663865546218,0.6873949579831933,0.6050420168067228,裕慶-KY
507.0,554.0,498.0,538.0,1290147.0,-0.0235934664246824,547.0,0.2870813397129186,521.325,0.4739726027397259,483.2583333333333,0.328652561848135,433.9790939331055,0.0946456692913386,54.65116279069768,1504385.75,0.8575905481689121,0.0319858053997026,7795.TW,2026-09-01,0.0774962275619814,0.0742942072979486,bull,0.0502325581395348,0.0269767441860465,2026-03-31,2026-05-15,417748000.0,164583000.0,45923000.0,46458000.0,30360000.0,16098000.0,0.21,3862664000.0,1062319000.0,4174097000.0,1361173000.0,2812924000.0,2813974000.0,298396000.0,,,0.4,27553800.0,3111778000.0,0.008854680507414,0.0057228705787998,0.0038566425265153,0.4838996716583882,0.3939767515344178,0.1099299098978331,0.0385351934659172,,,,44.88151404428712,44.88151404428712,False,78.42982486857987,78.42982486857987,70.04274716250669,434.0,True,True,True,True,True,True,True,True,True,True,True,True,True,True,False,False,False,14,False,0.1132761980307288,0.2396910531430542,1.0,809359533.5,0.1293023255813953,3.0,3.0,,,,,,0.0043452056441212,-0.1342920518872245,0.2749760298052347,-1.7758822597332549,0.4256302521008404,-1.7758822597332549,0.4568362437183008,-434.0,0.5378151260504201,0.680672268907563,0.4957983193277311,0.5315126050420168,0.5722689075630252,長廣
