Open,High,Low,Close,Volume,ret5,ma5,ret20,ma20,ret60,ma60,ret120,ma120,ma20_slope,rsi14,volume_ma20,volume_ratio,ma20_deviation,symbol,date,benchmark_ret20,benchmark_ret60,market_regime,rs20_rank_pct,rs60_rank_pct,period_date,as_of_date,revenue,gross_profit,operating_income,pretax_income,tax_expense,net_income_parent,eps,current_assets,current_liabilities,assets,liabilities,equity,cash,short_borrowings,long_borrowings,bonds_payable,tax_rate,nopat,invested_capital_proxy,roic_proxy,roe,roa,debt_to_equity,gross_margin,operating_margin,net_margin,revenue_growth,pe,pb,eva_like_score,fundamental_score,fundamental_pass,technical_score,score,final_score,fundamental_rank,pass_market,pass_score,pass_rs20,pass_rs60,pass_close_ma20,pass_ma20_ma60,pass_ma20_slope,pass_rsi,pass_ret20_benchmark,pass_ret60_benchmark,pass_ret5_cap,pass_ret20_cap,pass_volume_ratio,pass_ma20_deviation,pass_fundamental_score,pass_fundamental_filter,pass_fundamental_universe,entry_pass_count,entry_all_pass,close_ma60_ratio,close_ma120_ratio,above_ma120,turnover20,liquidity_rank,price_bucket,eva_rank_bucket,forward_60d_return,forward_60d_max_drawdown,reward_60,fwd60_rank_label,top_quantile_60,reg_forward60,reg_reward60,cls_topq60,rank_forward60,ensemble_score,ranker_score,stable_ensemble_score,fundamental_rank_score,fundamental_score_rank,final_score_rank,stable_ml_rank,fund_ml_85_15,fund_final_ml,name
64.0,66.4000015258789,63.0,65.69999694824219,146611446.0,0.1327585680731411,59.81999893188477,0.4053475283046457,56.09469413757324,0.2490494078733904,50.739898109436034,0.5831324565841491,49.01619911193848,0.0682222430968869,61.40841308749417,77341588.75,1.895635302681832,0.1712337139607493,1301.TW,2026-07-15,0.0037771626073219,0.2572442248959541,bull,0.0231053604436229,0.1665124884366327,2026-03-31,2026-05-15,41985122000.0,1555468000.0,-1301844000.0,3378716000.0,110089000.0,3268627000.0,0.51,175217601000.0,95826345000.0,593528010000.0,203311522000.0,390216488000.0,10197694000.0,31910508000.0,18393084000.0,43127284000.0,0.0325830877765399,-1259425902.676638,497701665000.0,-0.0025304836034186,0.008376445128582,0.0055071149885579,0.521022376686451,0.0370480762209051,-0.0310072696704323,0.0778520305359598,-0.110526237291801,,,17.23451320303393,17.23451320303393,False,92.22660713398892,92.22660713398892,73.47858365125018,910.0,True,True,True,True,True,True,True,True,True,False,False,False,True,False,False,False,False,10,False,0.2948389609797825,0.3403731447679747,1.0,5081342144.847202,0.0314232902033271,1.0,3.0,,,,,,-0.0500408559018053,-0.1972401240141591,0.1584022048347855,-1.7362181259448926,0.1519047619047619,-1.7362181259448926,0.2103610256937275,-910.0,0.1428571428571428,0.8285714285714286,0.1333333333333333,0.1414285714285714,0.3466666666666667,台塑
68.0999984741211,72.4000015258789,67.0999984741211,70.80000305175781,123763844.0,0.0942813970825289,64.56000061035157,0.3744557843230043,60.012288093566895,0.4019802584506498,52.60706691741943,1.1818182245658742,47.89853342374166,0.0704781156571985,63.6803900929456,60401185.2,2.049030057774429,0.1797584344954732,1326.TW,2026-07-15,0.0037771626073219,0.2572442248959541,bull,0.0249537892791127,0.1026827012025902,2026-03-31,2026-05-15,81749811000.0,6327773000.0,3120431000.0,7294502000.0,759958000.0,6245039000.0,1.07,214839826000.0,114054227000.0,581165153000.0,170197763000.0,410967390000.0,16802058000.0,33492647000.0,26687136000.0,25800000000.0,0.1041823005874835,2795337319.595498,467110926000.0,0.0059843115714135,0.0151959477855408,0.0107457217070962,0.4141393384034679,0.0774041300230039,0.0381704980333226,0.0763920909859962,0.0359959953561419,,,29.94873186889634,29.94873186889634,False,89.96419042905762,89.96419042905762,74.9603257890173,685.0,True,True,True,True,True,True,True,True,True,True,True,True,True,False,False,False,False,13,False,0.3458268479954787,0.478124652072639,1.0,4276404096.489789,0.0397412199630314,1.0,3.0,,,,,,-0.0553457604291873,-0.1935881854365693,0.1376621236782055,-1.7571814293393846,0.1247619047619047,-1.7571814293393846,0.1800969803139864,-685.0,0.2761904761904762,0.8571428571428571,0.1142857142857142,0.2519047619047619,0.4180952380952381,台化
18.75,18.75,18.100000381469727,18.25,232472.0,-0.068877569142603,19.019999694824214,0.0579710144927536,18.53749990463257,0.112804903933011,16.898333311080933,0.0143732246558188,17.792836658159892,0.0287180868065376,62.666676839192704,235524.25,0.987040612590848,-0.0155090981044709,1414.TW,2026-07-15,0.0037771626073219,0.2572442248959541,bull,0.1950092421441774,0.2802960222016651,2026-03-31,2026-05-15,113452000.0,12596000.0,-7033000.0,11377000.0,382000.0,10995000.0,0.06,876335000.0,611698000.0,4159720000.0,1289474000.0,2870246000.0,113194000.0,505000000.0,,,0.033576514019513,-6796856.376900765,3548022000.0,-0.0019156748117403,0.0038306821087809,0.0026432067543007,0.4492555690348492,0.1110249268413073,-0.0619909741564714,0.0969132320276416,-0.1489036091252128,,,15.88871955373819,15.88871955373819,False,70.29045902597449,70.29045902597449,56.69002415791541,939.0,True,False,True,True,False,True,True,True,True,False,True,True,True,True,False,False,False,11,False,0.0799881659354371,0.0256936738432007,1.0,4298317.5625,0.7985212569316081,0.0,3.0,,,,,,0.0419248611634012,-0.0043771343064537,0.1910457209433111,-1.614659215872154,0.599047619047619,-1.614659215872154,0.6339962889657801,-939.0,0.0952380952380952,0.1238095238095238,0.7238095238095238,0.1895238095238095,0.2295238095238095,東和
18.5,19.549999237060547,18.5,19.549999237060547,15023571.0,0.0831024965873781,18.35,0.1636904836241624,17.622500133514404,0.1777107703493698,16.444166660308838,0.2030768761268029,16.673333326975506,0.0254582482747138,65.92592760041629,6613736.4,2.271570877847505,0.1093771649279453,1434.TW,2026-07-15,0.0037771626073219,0.2572442248959541,bull,0.0739371534195933,0.211840888066605,2026-03-31,2026-05-15,6979321000.0,780112000.0,198663000.0,386155000.0,49552000.0,336603000.0,0.2,15272141000.0,6346633000.0,61146600000.0,15727850000.0,45418750000.0,3214804000.0,2317516000.0,8200000000.0,,0.1283215289197343,173170260.1002188,54799967000.0,0.0031600431456504,0.0074111022430163,0.0055048522730617,0.3462853997523049,0.1117747700671741,0.0284645168204758,0.0482286170818049,-0.0921530851652357,,,20.54681103606591,20.54681103606591,False,81.12737405039108,81.12737405039108,65.98223329680978,853.0,True,True,True,True,True,True,True,True,True,False,True,True,True,True,False,False,False,13,False,0.1888713877029861,0.1725309422940002,1.0,129298541.57411955,0.3530499075785582,0.0,3.0,,,,,,-0.0094348664946145,-0.0905360667089732,0.2247151637333701,-1.6031025404198982,0.4271428571428571,-1.6031025404198982,0.4664046879149627,-853.0,0.1809523809523809,0.4476190476190476,0.4380952380952381,0.2195238095238095,0.3123809523809524,福懋
8.109999656677246,8.869999885559082,8.020000457763672,8.869999885559082,6354848.0,0.0313952897805818,8.293999671936035,0.2599431723895027,8.192999935150146,0.3604294342802476,6.955833292007446,0.4564859874083673,6.637583327293396,0.0389956132644516,66.7241364993892,8426951.15,0.7541099843684272,0.0826315093088707,1444.TW,2026-07-15,0.0037771626073219,0.2572442248959541,bull,0.0406654343807763,0.1165587419056429,2026-03-31,2026-05-15,2121686000.0,116113000.0,-14004000.0,72822000.0,9996000.0,71838000.0,0.07,6820119000.0,7923737000.0,20165805000.0,9203887000.0,10961918000.0,670143000.0,4936000000.0,843136000.0,,0.1372662107604844,-12081723.984510174,12242068000.0,-0.0009869022116614,0.0065534151961362,0.0035623670862631,0.8396237775177665,0.0547267597561561,-0.0066004111824275,0.0338589216311933,0.0980839687584587,,,21.371607472143435,21.371607472143435,False,81.39187586402021,81.39187586402021,66.386808766051,836.0,True,True,True,True,True,True,True,True,True,True,True,True,False,True,False,False,False,13,False,0.2751886816711228,0.3363297224587909,1.0,74747055.73611198,0.4251386321626617,0.0,3.0,,,,,,0.0143715962996176,-0.0661016340336406,0.2139422293699096,-1.4075265235154173,0.5366666666666666,-1.4075265235154173,0.5591639594075293,-836.0,0.2,0.4761904761904761,0.6476190476190476,0.2671428571428571,0.3723809523809523,力麗
8.5,9.279999732971191,8.449999809265137,9.0,1235241.0,0.0701545972999562,8.50399990081787,0.22783084497627,8.005500006675721,0.2857142857142858,7.52466668287913,0.1180123958703178,7.436500024795532,0.0331010396732975,69.03352823463698,877548.6,1.4076040916708203,0.1242270929354785,1467.TW,2026-07-15,0.0037771626073219,0.2572442248959541,bull,0.0499075785582255,0.1452358926919519,2026-03-31,2026-05-15,1182469000.0,233654000.0,6454000.0,43184000.0,15488000.0,25429000.0,0.11,4780307000.0,3706895000.0,8859724000.0,5854515000.0,3005209000.0,1788594000.0,1910806000.0,1915954000.0,,0.3586513523527232,4139264.171915524,5152829000.0,0.0008032993471965,0.00846164110383,0.0028701797031149,1.948122410121892,0.197598414842165,0.0054580712052493,0.0215050035138341,-0.0488497818933252,,,14.540544369959688,14.540544369959688,False,84.34243360694798,84.34243360694798,66.8919612977009,972.0,True,True,True,True,True,True,True,True,True,True,True,True,True,True,False,False,False,14,False,0.1960662683541445,0.2102467518310076,1.0,7897937.399999999,0.7088724584103512,0.0,3.0,,,,,,0.0623831448313904,0.0051488554941264,0.2932496713790824,-1.1229868947568244,0.862857142857143,-1.1229868947568244,0.8581354184601835,-972.0,0.0761904761904762,0.5142857142857142,0.9523809523809524,0.2076190476190476,0.3828571428571428,南緯
728.0,742.0,715.0,742.0,2350360.0,0.0630372492836677,707.0,0.092783505154639,722.65,0.3690036900369005,663.1666666666666,0.7815126050420169,560.7458333333333,0.0186059623652123,52.17391304347826,1207738.15,1.946084091158336,0.0267764477963052,1560.TW,2026-07-15,0.0037771626073219,0.2572442248959541,bull,0.1340110905730129,0.1128584643848288,2026-03-31,2026-05-15,2293229000.0,802560000.0,444439000.0,531951000.0,89799000.0,436359000.0,2.94,5759371000.0,3216860000.0,13961884000.0,5383626000.0,8578258000.0,1772650000.0,642250000.0,940383000.0,555943000.0,0.1688106611323223,369412958.57701176,10745024000.0,0.0343799100473867,0.050868020057219,0.0312535901315323,0.6275896574805747,0.3499694099455396,0.193804892577235,0.1902814764683335,0.2944197621734146,,,86.28355650333096,86.28355650333096,False,72.6987789448707,72.6987789448707,76.09497333448576,54.0,True,False,True,True,True,True,True,True,True,True,True,True,True,True,True,False,False,13,False,0.1188740889670771,0.3232376522340039,1.0,896141707.3,0.1561922365988909,3.0,2.0,,,,,,-0.0179191222057828,-0.155251222549736,0.3098778617346739,-1.4052160262327773,0.4614285714285714,-1.4052160262327773,0.512288795550596,-54.0,0.9142857142857144,0.8761904761904762,0.5523809523809524,0.86,0.8304761904761905,中砂
15.550000190734863,16.0,15.300000190734863,15.949999809265137,7745803.0,-0.0780346524468859,16.049999809265138,0.181481467352973,15.899999856948853,0.181481467352973,14.140833282470703,0.2608695881619538,13.859999982515973,0.0385369017567413,61.23595312980854,14811243.9,0.5229677569484896,0.0031446511173667,1710.TW,2026-07-15,0.0037771626073219,0.2572442248959541,bull,0.0637707948243992,0.2109158186864014,2026-03-31,2026-05-15,5345825000.0,88577000.0,-176669000.0,-219291000.0,-8101000.0,-127331000.0,-0.15,7085020000.0,12457768000.0,36888664000.0,23663579000.0,13225085000.0,2362413000.0,9628981000.0,8250000000.0,,0.0369417805564295,-170142532.57087615,24430896000.0,-0.0069642362920654,-0.0096279910488287,-0.0034517650191939,1.7892950404477552,0.0165693789078392,-0.0330480328106513,-0.0238187744641846,-0.1284074295508901,,,6.405846346837272,6.405846346837272,False,77.81386480365684,77.81386480365684,59.961860189451954,1066.0,True,True,True,True,True,True,True,True,True,False,True,True,False,True,False,False,False,12,False,0.1279391737852617,0.1507936384838129,1.0,236239337.37997943,0.2892791127541589,0.0,3.0,,,,,,0.0382564084564024,-0.0326892360917963,0.2593501399053398,-1.24022149723082,0.7547619047619047,-1.24022149723082,0.71995128755254,-1066.0,0.019047619047619,0.1904761904761904,0.819047619047619,0.139047619047619,0.2304761904761904,東聯
88.5,93.9000015258789,87.30000305175781,93.9000015258789,3916377.0,0.0239913266178017,90.60000152587892,0.0995316141466839,92.6970085144043,0.633043504797894,87.39566942850749,0.9978723728910406,68.21825138727824,0.0131151871078262,50.57964660361003,6135858.25,0.6382769680182883,0.0129776896876629,1727.TW,2026-07-15,0.0037771626073219,0.2572442248959541,bull,0.1229205175600739,0.0536540240518038,2026-03-31,2026-05-15,519337000.0,93230000.0,43151000.0,41099000.0,5200000.0,,0.28,1123188000.0,1095199000.0,3624612000.0,1513893000.0,2110719000.0,149557000.0,500000000.0,406375000.0,,0.1265237597021825,37691373.24509112,2529413000.0,0.014901233307922,,,0.7172404284985353,0.1795173461548089,0.0830886303113392,,0.1494054192828735,,,48.38391394144922,48.38391394144922,False,71.05250801254127,71.05250801254127,65.38535949476825,392.0,True,False,True,True,True,True,True,True,True,True,True,True,False,True,False,False,False,12,False,0.0744239633371328,0.3764645035066079,1.0,576157099.0375767,0.1987060998151571,1.0,3.0,,,,,,0.0248994968339867,-0.1145568682584184,0.2609279081385605,-1.3951430282513329,0.6019047619047619,-1.3951430282513329,0.4518068428380132,-392.0,0.5523809523809524,0.419047619047619,0.419047619047619,0.5323809523809524,0.4857142857142857,中華化
174.0,185.5,174.0,184.5,1183344.0,0.0542857142857142,176.8,0.063400576368876,174.725,0.1603773584905661,175.2006810506185,0.1388888888888888,162.1920071919759,0.0087129748911258,61.46788990825688,608748.45,1.943896530660571,0.0559450565173844,1773.TW,2026-07-15,0.0037771626073219,0.2572442248959541,bull,0.1829944547134935,0.2275670675300647,2026-03-31,2026-05-15,3044317000.0,1143154000.0,710998000.0,759146000.0,153398000.0,605771000.0,2.02,4356505000.0,3267436000.0,17811356000.0,5798840000.0,12012516000.0,499864000.0,400000000.0,2294459000.0,,0.2020665326564323,567329099.4143419,14543920000.0,0.0390079909277788,0.0504283199289807,0.0340103807930176,0.482733175964136,0.3755042592476407,0.2335492657302114,0.1989842056526964,0.1057360805810248,,,83.41957208743332,83.41957208743332,False,70.09739561544656,70.09739561544656,73.42793973344325,65.0,True,False,True,True,True,False,True,True,True,False,True,True,True,True,True,False,False,11,False,0.0530780981764265,0.1375406420713421,1.0,112314089.025,0.3761552680221811,2.0,2.0,,,,,,-0.0209355598682702,-0.0938828217913032,0.2504869983588996,-1.325511217743282,0.4928571428571428,-1.325511217743282,0.4582306507200336,-65.0,0.9047619047619048,0.819047619047619,0.4285714285714285,0.8333333333333333,0.7838095238095238,勝一
27.64999961853028,29.200000762939453,27.64999961853028,29.200000762939453,4207595.0,0.0876692439576891,27.479999923706053,0.0834879382673008,27.1600004196167,0.1726908116580516,25.510833517710367,0.1541502625883883,25.431666739781697,0.0122996614836571,66.70930936673362,2434241.2,1.7285037324978312,0.0751104680340628,1907.TW,2026-07-15,0.0037771626073219,0.2572442248959541,bull,0.1478743068391867,0.2183163737280296,2026-03-31,2026-05-15,17964361000.0,2424583000.0,-77218000.0,452137000.0,195557000.0,208827000.0,0.13,69038373000.0,57579369000.0,178076390000.0,82625870000.0,95450520000.0,10428232000.0,15812770000.0,19190444000.0,964996000.0,0.4,-46330800.0,120497021000.0,-0.0003844974723482,0.0021878036913785,0.0011726821281585,0.8656408576925511,0.1349662812943917,-0.0042983994810614,0.0116245158956669,-0.0057560278150267,,,17.0350561108219,17.0350561108219,False,78.9505256094985,78.9505256094985,63.47165823482935,917.0,True,True,True,True,True,True,True,True,True,False,True,True,True,True,False,False,False,13,False,0.1446117878770192,0.1481748743295345,1.0,71079844.89717865,0.4306839186691312,0.0,3.0,,,,,,-0.0097776954438484,-0.1088932634250944,0.1973082250510537,-1.731061108032578,0.3204761904761905,-1.731061108032578,0.4884106518633881,-917.0,0.1333333333333333,0.3238095238095238,0.4857142857142857,0.1861904761904761,0.2609523809523809,永豐餘
10.100000381469728,10.5,10.100000381469728,10.449999809265137,3826525.0,-0.0412843876159522,10.3,0.0398009563123227,10.05600004196167,0.1152614660508732,9.513666693369547,0.0295566701487526,9.63291664123535,0.0108564527374571,67.8714753304731,5279272.0,0.7248205813225763,0.0391805653997001,1909.TW,2026-07-15,0.0037771626073219,0.2572442248959541,bull,0.2606284658040665,0.2765957446808511,2026-03-31,2026-05-15,10760215000.0,1109471000.0,15988000.0,29258000.0,59036000.0,-27240000.0,-0.02,14658431000.0,22767425000.0,70430999000.0,49630869000.0,20800130000.0,2240646000.0,8614561000.0,26455684000.0,0.0,0.4,9592800.0,47663574000.0,0.0002012606104611,-0.0013096071995703,-0.0003867615167576,2.386084558125358,0.1031086274763097,0.0014858439166875,-0.0025315479291073,0.0525224624933875,,,8.894222198109352,8.894222198109352,False,65.89632693608385,65.89632693608385,51.64580075159023,1049.0,True,False,True,True,True,True,True,True,True,False,True,True,False,True,False,False,False,11,False,0.0984197939736692,0.0848219909359664,1.0,55168391.39305878,0.4685767097966728,0.0,3.0,,,,,,0.0180084636743062,-0.0439714326675308,0.2629965294633491,-1.1096911634150384,0.7233333333333334,-1.1096911634150384,0.6225411081052628,-1049.0,0.0380952380952381,0.0285714285714285,0.7047619047619048,0.1380952380952381,0.1685714285714286,榮成
8050.0,8660.0,8005.0,8500.0,685575.0,0.0500308832612723,8215.0,0.2781954887218045,7677.0,1.2696929238985315,5913.916666666667,1.526002971768202,4620.583333333333,0.0534115467736955,69.08212560386474,504340.3,1.3593500261628904,0.1072033346359255,2059.TW,2026-07-15,0.0037771626073219,0.2572442248959541,bull,0.0378927911275415,0.0157261794634597,2026-03-31,2026-05-15,5449725000.0,4236615000.0,3654349000.0,4351760000.0,865950000.0,3485810000.0,36.58,34276607000.0,6265438000.0,39510069000.0,7981426000.0,31528643000.0,27231577000.0,,257007000.0,,0.1989884552456937,2927175737.561354,33244631000.0,0.088049578217949,0.1105601024439903,0.088225864652375,0.2531484149190943,0.7773997770529706,0.6705565877177289,0.6396304400680768,0.3782121233655666,,,100.0,100.0,True,86.41811699075544,86.41811699075544,89.81358774306658,1.0,True,True,True,True,True,True,True,True,True,True,True,True,True,True,True,True,True,15,True,0.4372877534628769,0.8395945677854528,1.0,4286892550.0,0.0388170055452865,3.0,0.0,,,,,,-0.0895302483967871,-0.1942314176840863,0.1477561774099291,-1.7894388203586844,0.1052380952380952,-1.7894388203586844,0.1112477437413388,-1.0,1.0,0.9904761904761904,0.0476190476190476,0.8571428571428571,0.8066666666666666,川湖
24.0,25.700000762939453,23.799999237060547,25.600000381469727,11927086.0,0.0756303026096858,23.999999618530275,0.1760106419284937,22.36064891815186,0.3837838044037689,21.00244677861532,0.6786885496045723,19.611223419507343,0.0250200549580103,70.85426384317802,7493267.65,1.5917069237477457,0.1448684014124579,2103.TW,2026-07-15,0.0037771626073219,0.2572442248959541,bull,0.0683918669131238,0.1073080481036077,2026-03-31,2026-05-15,10330865000.0,1265731000.0,651038000.0,844918000.0,343164000.0,435719000.0,0.53,20606457000.0,11013075000.0,44846222000.0,22698723000.0,22147499000.0,6501177000.0,5243271000.0,6369581000.0,,0.4,390622800.0,33833147000.0,0.0115455650637524,0.0196735080561466,0.0097158462980449,1.0248887696078008,0.1225193630930227,0.0630187307645584,0.0421764295632553,-0.0044362000632366,,,30.459795491848286,30.459795491848286,False,85.19643382124731,85.19643382124731,71.51227423889756,675.0,True,True,True,True,True,True,True,True,True,True,True,True,True,True,False,False,False,14,False,0.2189056185365809,0.305374980125173,1.0,191827654.6984548,0.3151571164510166,0.0,3.0,,,,,,0.0140689174644418,-0.0700608846245289,0.2517826805001082,-1.7967413876705869,0.5019047619047619,-1.7967413876705869,0.5062207590356581,-675.0,0.2952380952380952,0.7428571428571429,0.5142857142857142,0.328095238095238,0.4733333333333334,台橡
63.29999923706055,64.0,63.20000076293945,63.900001525878906,1050997.0,-0.001562476158142,63.91999893188476,0.037337712804069,62.50499935150145,0.1113043743631114,60.37499968210856,0.0579470184036401,59.90833314259847,0.0077388107363692,67.64706212343899,1102833.5,0.9529969845856152,0.0223182495616478,2206.TW,2026-07-15,0.0037771626073219,0.2572442248959541,bull,0.2735674676524954,0.2830712303422756,2026-03-31,2026-05-15,14947523000.0,3169197000.0,1407602000.0,1401468000.0,300076000.0,1061801000.0,1.37,35643431000.0,24328027000.0,96546885000.0,53175170000.0,43371715000.0,7860863000.0,8468755000.0,18068499000.0,,0.2141154846204123,1106212615.6173384,72218858000.0,0.0153175035752758,0.0244814160565243,0.0109977758474548,1.226033372210437,0.212021550326432,0.0941695824786488,0.0710352477798495,-0.00921030321598,,,38.16659350871173,38.16659350871173,False,64.1904247604067,64.1904247604067,57.68446694748296,559.0,True,False,True,True,True,True,True,True,True,False,True,True,True,True,False,False,False,12,False,0.0583851240137553,0.0666296018248271,1.0,70471062.33279037,0.432532347504621,1.0,3.0,,,,,,0.0264837481583474,-0.0234231943807515,0.1609113380326927,-1.520942143823035,0.5604761904761905,-1.520942143823035,0.6052423261697165,-559.0,0.4285714285714285,0.1523809523809524,0.6952380952380952,0.4685714285714285,0.3990476190476191,三陽工業
171.0,171.0,163.0,165.5,413238.0,-0.0569800569800569,171.9,0.2350746268656716,158.225,0.3187250996015935,143.51666666666668,0.445414847161572,128.675,0.0645920941968039,71.42857142857143,821162.15,0.5032355668122307,0.0459788276188972,2236.TW,2026-07-15,0.0037771626073219,0.2572442248959541,bull,0.0471349353049907,0.1332099907493062,2026-03-31,2026-05-15,2731169000.0,370672000.0,132637000.0,69194000.0,60480000.0,11893000.0,0.19,5738910000.0,3805503000.0,8556277000.0,6132128000.0,2424149000.0,983118000.0,399712000.0,1523952000.0,222203000.0,0.4,79582200.0,4750774000.0,0.0167514177689782,0.0049060515669622,0.0013899737000099,2.529600284470962,0.1357191737311019,0.0485641862513817,0.0043545456176457,0.1872113387968046,,,23.991981643439303,23.991981643439303,False,74.08727114035906,74.08727114035906,61.56344876612913,788.0,True,False,True,True,True,True,True,True,True,True,True,True,False,True,False,False,False,12,False,0.1531761700150968,0.286186127841461,1.0,135902335.82500002,0.3521256931608133,2.0,3.0,,,,,,0.0043365223432555,-0.0669538557898459,0.3496863343887014,-1.478037727852245,0.6295238095238095,-1.478037727852245,0.6367937544865392,-788.0,0.219047619047619,0.2285714285714285,0.7333333333333333,0.2961904761904761,0.3247619047619047,百達-KY
215.5,221.0,212.0,216.0,13889289.0,0.0093457943925232,215.5,0.0384615384615385,216.525,0.3090909090909091,210.09166666666667,0.3366579717055737,185.69151763916017,0.0054562340376132,50.625,23369395.15,0.5943366916794165,-0.0024246622791825,2301.TW,2026-07-15,0.0037771626073219,0.2572442248959541,bull,0.2680221811460259,0.1378353376503237,2026-03-31,2026-05-15,43407292000.0,9402933000.0,4099305000.0,4969901000.0,1195242000.0,3775414000.0,1.66,165353065000.0,116511425000.0,210691221000.0,122427807000.0,88263414000.0,71133162000.0,13521025000.0,3000000000.0,,0.2404961386554782,3113437976.3289046,94179796000.0,0.0330584489302663,0.0427743934763275,0.0179191804104642,1.3870730969006029,0.2166210460675593,0.0944381649055647,0.0869764923368175,0.1919657430575541,,,57.60700281241379,57.60700281241379,False,63.513451124361126,63.513451124361126,62.03683904637429,288.0,True,False,True,True,False,True,True,True,True,True,True,True,False,True,False,False,False,11,False,0.028122644877236,0.1632195306827959,1.0,5047789352.4,0.033271719038817,2.0,3.0,,,,,,-0.0352281051064855,-0.1268264515331369,0.2135735203248777,-0.972980344781448,0.4319047619047619,-0.972980344781448,0.4165981976784461,-288.0,0.6761904761904762,0.2476190476190476,0.3238095238095238,0.6233333333333334,0.4771428571428572,光寶科
38.20000076293945,38.20000076293945,34.400001525878906,35.04999923706055,5727035.0,-0.0028450152056105,36.71999969482422,0.1548599273975763,36.95000009536743,1.0437317793983878,25.44666666984558,1.8266129286554689,20.092083326975505,0.0804883353480013,45.18388843073927,6049343.5,0.946720086237457,-0.0514208620677403,2305.TW,2026-07-15,0.0037771626073219,0.2572442248959541,bull,0.0767097966728281,0.0249768732654949,2026-03-31,2026-05-15,246934000.0,104237000.0,18562000.0,63999000.0,14151000.0,32176000.0,0.16,1660268000.0,336947000.0,3155900000.0,667749000.0,2488151000.0,393143000.0,0.0,,,0.221112829887967,14457703.651619555,2818953000.0,0.0051287494511684,0.0129316910428667,0.0101955068284799,0.2683715739117119,0.4221249402674399,0.0751698834506386,0.1303020240226133,0.4915977046209605,,,55.093877523246825,55.093877523246825,False,72.07428426817779,72.07428426817779,67.82918258194505,307.0,True,False,True,True,False,True,True,False,True,True,True,True,True,True,False,False,False,11,False,0.3773905907524997,0.7444681403447415,1.0,212029485.0597172,0.3012939001848428,1.0,3.0,,,,,,-0.0424495029231443,-0.1707107456898381,0.1741298816192682,-1.7488035578937895,0.1895238095238095,-1.7488035578937895,0.2752140028147739,-307.0,0.638095238095238,0.5428571428571428,0.1809523809523809,0.5695238095238094,0.518095238095238,全友
2425.0,2460.0,2415.0,2440.0,29857831.0,-0.0101419878296146,2426.0,0.0166666666666666,2430.25,0.2049382716049383,2318.001180013021,0.4484975749408111,2086.790087890625,0.0113610353939949,55.55555555555556,31592110.8,0.9451040226156716,0.0040119329287109,2330.TW,2026-07-15,0.0037771626073219,0.2572442248959541,bull,0.3715341959334565,0.1924144310823311,2026-03-31,2026-05-15,1134103440000.0,751295421000.0,658966142000.0,687799687000.0,114998383000.0,572479752000.0,22.08,4265512176000.0,1714253448000.0,8660949685000.0,2728560764000.0,5932388921000.0,3035637228000.0,,40991672000.0,860026070000.0,0.167197492487373,548788655423.5218,6946696237000.0,0.0789999500050863,0.096500711538565,0.0660989582922395,0.4599430010971123,0.6624575805889452,0.5810458894296273,0.5047861877572649,0.351323787607557,,,99.15374073493592,99.15374073493592,True,63.32855837294789,63.32855837294789,72.2848539634449,5.0,True,False,True,True,True,True,True,True,True,False,True,True,True,True,True,True,True,13,False,0.0526310430895871,0.1692599146215074,1.0,77084750352.0,0.0009242144177449,3.0,0.0,,,,,,-0.0540752477067732,-0.1928541554628926,0.144404867360834,-1.6135564909990858,0.1628571428571428,-1.6135564909990858,0.1691041325537736,-5.0,0.9904761904761904,0.7904761904761904,0.0952380952380952,0.8561904761904762,0.7514285714285714,台積電
24.350000381469727,25.64999961853028,23.39999961853028,23.549999237060547,56390763.0,0.0753424496470838,24.32999954223633,0.4186746202336824,20.179999923706056,0.5493420745114537,16.719166660308836,0.53420186656736,16.159166622161866,0.1170772133842449,68.47457000285391,28785561.9,1.9589946930999464,0.166996993364487,2332.TW,2026-07-15,0.0037771626073219,0.2572442248959541,bull,0.021256931608133,0.0675300647548566,2026-03-31,2026-05-15,3440889000.0,869521000.0,31548000.0,25642000.0,45353000.0,-29102000.0,-0.05,10255657000.0,3980490000.0,15469266000.0,4795742000.0,10673524000.0,3116133000.0,151000000.0,381849000.0,,0.4,18928800.0,11488776000.0,0.001647590657177,-0.0027265596629566,-0.001881278659246,0.4493119610730252,0.2527024266112623,0.0091685607992585,-0.0084576979960702,0.0312619414904058,,,25.00480773275497,25.00480773275497,False,86.37734020943626,86.37734020943626,71.03420709026592,770.0,True,True,True,True,True,True,True,True,True,True,True,False,True,False,False,False,False,12,False,0.4085629813696427,0.4573770905216332,1.0,677899960.7833592,0.1811460258780036,0.0,3.0,,,,,,0.0148784853171913,-0.1064583497233657,0.3104547967872515,-1.4124145560499264,0.6071428571428571,-1.4124145560499264,0.5587579828784833,-770.0,0.238095238095238,0.7047619047619048,0.638095238095238,0.2980952380952381,0.4580952380952381,友訊
195.5,205.0,195.0,200.5,5325059.0,-0.0147420147420147,201.1,0.1392045454545454,204.85,0.4169611307420495,188.775,1.71680205567721,141.4125,0.0269457325479383,46.71814671814671,8764440.65,0.6075754532036223,-0.021235050036612,2351.TW,2026-07-15,0.0037771626073219,0.2572442248959541,bull,0.0878003696857671,0.1008325624421831,2026-03-31,2026-05-15,2805040000.0,536428000.0,271819000.0,291916000.0,59272000.0,221741000.0,1.22,7664285000.0,3511531000.0,13387353000.0,5808485000.0,7578868000.0,1087862000.0,1177901000.0,596426000.0,1147119000.0,0.2030447114923471,216627589.5668617,9875822000.0,0.0219351452027853,0.0292577994497331,0.0165634685213723,0.7664053523560511,0.1912372016085332,0.0969037874682714,0.0790509226249893,0.1104464802119675,,,50.10730286570861,50.10730286570861,False,69.84517484837241,69.84517484837241,64.91070685270645,365.0,True,False,True,True,False,True,True,False,True,True,True,True,False,True,False,False,False,10,False,0.0621109786783207,0.4178378856183153,1.0,1757270350.325,0.0924214417744916,2.0,3.0,,,,,,-0.0585590495212286,-0.199611406448337,0.2394278595559091,-1.1854515440300917,0.3547619047619048,-1.1854515440300917,0.396879201377681,-365.0,0.5904761904761905,0.3904761904761905,0.3047619047619048,0.5476190476190476,0.4733333333333334,順德
147.0,149.0,141.0,144.0,5348808.0,0.0704315965918358,142.1,0.0827067669172931,136.80665588378906,0.2360515021459228,132.49388529459637,0.0992366412213741,127.13860931396484,0.0135203556961191,58.70356223154252,4238450.3,1.2619725657748069,0.0525803665745718,2359.TW,2026-07-15,0.0037771626073219,0.2572442248959541,bull,0.1497227356746765,0.1757631822386679,2026-03-31,2026-05-15,890066000.0,190817000.0,-35808000.0,156778000.0,13846000.0,134073000.0,0.78,8393550000.0,3998667000.0,10520171000.0,4283921000.0,6236250000.0,2450934000.0,650000000.0,,,0.088315962698848,-32645582.00767965,6521504000.0,-0.005005836384932,0.0214989777510523,0.0127443745923901,0.6869386249749448,0.21438522536531,-0.0402307244631297,0.1506326497136167,-0.2680432463904461,,,26.81505765819656,26.81505765819656,False,80.12744278262242,80.12744278262242,66.79934650151596,742.0,True,True,True,True,True,True,True,True,True,False,True,True,True,True,False,False,False,13,False,0.0868426092254757,0.1326221104432288,1.0,610336843.1999999,0.1922365988909427,2.0,3.0,,,,,,-0.0471763707324035,-0.1339224731132164,0.183562366002907,-1.5743045329765968,0.2595238095238095,-1.5743045329765968,0.2394942654305861,-742.0,0.2571428571428571,0.5047619047619047,0.1428571428571428,0.24,0.3085714285714285,所羅門
149.0,149.5,144.0,148.5,12137466.0,0.0457746478873239,147.0,0.0879120879120878,140.875,0.6194111771215998,125.21166661580403,0.4850000000000001,109.23416652679444,0.0204636001448749,67.85714285714286,15833734.8,0.7665573633328758,0.054125998225377,2377.TW,2026-07-15,0.0037771626073219,0.2572442248959541,bull,0.1404805914972273,0.0555041628122109,2026-03-31,2026-05-15,56256838000.0,8440506000.0,3876357000.0,4133431000.0,716617000.0,3416814000.0,4.04,106512512000.0,56814984000.0,119099762000.0,64185562000.0,54914200000.0,25875075000.0,0.0,6305082000.0,,0.1733709840565864,3204309172.355363,62284778000.0,0.0514461040923251,0.0622209555998266,0.0286886719387398,1.1688335985956273,0.1500352010541367,0.0689046369794192,0.0607359766647389,0.0507372103469625,,,60.05362798212559,60.05362798212559,False,76.28943041784504,76.28943041784504,72.23047980891518,263.0,True,True,True,True,True,True,True,True,True,True,True,True,False,True,True,False,False,13,False,0.1859917211680699,0.3594647601725775,1.0,2351309617.8,0.0693160813308687,2.0,3.0,,,,,,0.0196813348757477,-0.0607668410017887,0.2144445041292376,-0.9286328183403962,0.6433333333333333,-0.9286328183403962,0.6242110061438645,-263.0,0.6952380952380952,0.780952380952381,0.7142857142857143,0.698095238095238,0.7247619047619048,微星
383.5,384.0,376.0,381.0,21730578.0,0.0106100795755967,377.2,0.0510344827586206,373.5,0.1580547112462005,351.55,0.358288770053476,320.6666666666667,0.0041672267777927,65.59139784946237,15221968.1,1.4275800512287238,0.0200803212851405,2382.TW,2026-07-15,0.0037771626073219,0.2572442248959541,bull,0.2171903881700554,0.2312673450508788,2026-03-31,2026-05-15,809221055000.0,38697031000.0,23024012000.0,24536640000.0,3230527000.0,21192434000.0,5.5,1625727414000.0,1388785784000.0,1748309615000.0,1528861132000.0,219448483000.0,226733228000.0,328400514000.0,64082407000.0,56897787000.0,0.1316613440145023,19992639635.47397,359523831000.0,0.0556086632139663,0.0965713397070965,0.0121216710233558,6.966833906069882,0.0478200990457422,0.0284520674020277,0.0261886833876313,0.6661884392385897,,,49.30016615413994,49.30016615413994,False,72.83757876322483,72.83757876322483,66.95322561095361,380.0,True,False,True,True,True,True,True,True,True,False,True,True,True,True,False,False,False,12,False,0.0837718674441758,0.188149688149688,1.0,5799569846.099999,0.0295748613678373,2.0,3.0,,,,,,-0.0007591998678425,-0.0523949808910849,0.1770298509354119,-0.2001602066288968,0.5480952380952381,-0.2001602066288968,0.5152917742457237,-380.0,0.5714285714285714,0.5238095238095238,0.5619047619047619,0.57,0.5552380952380952,廣達
72.80000305175781,77.69999694824219,72.5999984741211,75.80000305175781,10242963.0,0.0201884244736179,72.85999908447266,0.108868282815566,74.15019035339355,0.1450152046233672,74.72195968627929,0.4633205437873124,63.5497298558553,0.0204401623932832,50.0,8714740.6,1.1753606297816828,0.0222496084029102,2388.TW,2026-07-15,0.0037771626073219,0.2572442248959541,bull,0.1136783733826247,0.246068455134135,2026-03-31,2026-05-15,2141087000.0,512751000.0,-514368000.0,24523000.0,19876000.0,46146000.0,0.08,27029658000.0,13828653000.0,38880512000.0,15114556000.0,23765956000.0,13710804000.0,,613508000.0,,0.4,-308620800.0,25051859000.0,-0.0123192773837662,0.0019416849883926,0.0011868670865239,0.6359750897460216,0.2394816277899963,-0.2402368516552573,0.0215526038876514,0.0431839154495057,,,24.22681150449332,24.22681150449332,False,58.75341003525776,58.75341003525776,50.12176040256665,782.0,True,False,True,True,True,False,True,True,True,False,True,True,True,True,False,False,False,11,False,0.0144273968456487,0.1927667233785071,1.0,660577364.0752777,0.1866913123844732,1.0,3.0,,,,,,-0.0179162070027261,-0.1169110666012062,0.3365186529741945,-1.389405847724966,0.5238095238095237,-1.389405847724966,0.5071285274238588,-782.0,0.2285714285714285,0.0095238095238095,0.5238095238095238,0.2728571428571428,0.2219047619047619,威盛
11.800000190734863,12.149999618530272,11.75,12.100000381469728,774040.0,-0.0472440501422437,12.359999847412109,0.0210970457343557,12.367499923706054,0.1862745693856515,11.212666654586792,0.2100000381469728,10.76616668701172,0.0058967013332257,49.01961334298977,1353524.25,0.5718700643893155,-0.0216292333847992,2390.TW,2026-07-15,0.0037771626073219,0.2572442248959541,bull,0.3539741219963031,0.2081406105457909,2026-03-31,2026-05-15,148356000.0,34460000.0,-10060000.0,106739000.0,2535000.0,104204000.0,0.54,1736331000.0,343966000.0,2788406000.0,357128000.0,2431278000.0,330191000.0,179250000.0,,,0.023749519856847,-9821079.83024012,2444440000.0,-0.004017721780956,0.0428597634659631,0.0373704546611935,0.1468890024094324,0.2322791124052953,-0.0678098627625441,0.702391544662838,-0.2235881494041731,,,41.62410520689323,41.62410520689323,False,59.17726107646614,59.17726107646614,54.78897210907291,488.0,True,False,True,True,False,True,True,False,True,False,True,True,False,True,False,False,False,9,False,0.0791367258314017,0.1238912356862489,1.0,16377643.941328527,0.6256931608133087,0.0,3.0,,,,,,0.0622028333492678,0.0054760273125205,0.1334718325998318,-1.1074583577626838,0.6661904761904762,-1.1074583577626838,0.6619175123601353,-488.0,0.4857142857142857,0.1047619047619047,0.7619047619047619,0.5271428571428571,0.4266666666666667,云辰
530.0,539.0,526.0,533.0,1925927.0,-0.0238095238095238,535.6,0.1104166666666666,505.625,0.4662998624484182,469.9666666666666,0.8506944444444444,395.7,0.0316772087329116,64.32432432432432,2834015.45,0.6795753354132208,0.0541409147095179,2395.TW,2026-07-15,0.0037771626073219,0.2572442248959541,bull,0.11090573012939,0.0869565217391304,2026-03-31,2026-05-15,20385264000.0,7979823000.0,3728486000.0,4068287000.0,750007000.0,3334165000.0,3.85,49300373000.0,29811036000.0,83769137000.0,34044129000.0,49725008000.0,10001958000.0,,43915000.0,,0.184354496130681,3041122842.1397014,53958101000.0,0.0563608204473263,0.0670520756879516,0.0398018305954375,0.6846480346468723,0.3914505595806853,0.182901040673302,0.1635576071028562,0.1748587968840969,,,87.43653384699755,87.43653384699755,False,80.31696425140619,80.31696425140619,82.09685665030403,49.0,True,True,True,True,True,True,True,True,True,True,True,True,False,True,True,False,False,13,False,0.1341229874459182,0.3469800353803387,1.0,1510530234.85,0.1053604436229205,3.0,2.0,,,,,,-0.0352471451596946,-0.1529219967401084,0.2756444738803979,-1.5476033585774434,0.3871428571428571,-1.5476033585774434,0.4012483492487971,-49.0,0.923809523809524,0.9523809523809524,0.3142857142857143,0.8323809523809524,0.8104761904761905,研華
62.70000076293945,64.9000015258789,62.400001525878906,64.5999984741211,685341.0,0.0572831438200842,63.039998626708986,0.0730896620501437,61.37999935150147,0.4244763097618402,54.07833315531413,0.5794620064560718,48.26916666030884,0.0102872129253107,69.91149904733867,455927.4,1.5031801115703949,0.0524600709781672,2414.TW,2026-07-15,0.0037771626073219,0.2572442248959541,bull,0.1617375231053604,0.0989824236817761,2026-03-31,2026-05-15,8173355000.0,667003000.0,256658000.0,257181000.0,49401000.0,189595000.0,1.17,10526345000.0,7572401000.0,12337526000.0,7788440000.0,4549086000.0,631577000.0,2226858000.0,0.0,,0.1920865071681034,207357461.2432489,4765125000.0,0.0435156394099313,0.0416776029294675,0.0153673435014442,1.712088977873797,0.0816070022652876,0.0314017927766504,0.0231967166481818,0.2916284367786956,,,50.75190410598769,50.75190410598769,False,76.33648828457461,76.33648828457461,69.94034223992789,358.0,True,True,True,True,True,True,True,True,True,True,True,True,True,True,False,False,False,14,False,0.1945634176369401,0.3383284391201413,1.0,29452909.34431,0.544362292051756,1.0,3.0,,,,,,0.0573272760070045,-0.0090826290271625,0.3067421868553534,-0.5415193222568983,0.8804761904761905,-0.5415193222568983,0.9116214525434744,-358.0,0.6095238095238096,0.6571428571428571,0.9809523809523808,0.6652380952380953,0.6980952380952381,精技
44.29999923706055,45.0,43.20000076293945,44.34999847412109,2724193.0,0.1185371189752557,42.54999923706055,0.1227847714967362,41.350989723205565,0.4783332824707029,36.1811632792155,0.4079364594959076,32.59808166821798,0.0367946669995658,55.4213574468529,4312647.8,0.6316752784681374,0.0725256824804008,2425.TW,2026-07-15,0.0037771626073219,0.2572442248959541,bull,0.1035120147874306,0.0823311748381128,2026-03-31,2026-05-15,742329000.0,57186000.0,84000.0,19626000.0,14929000.0,59718000.0,0.62,6477498000.0,3530704000.0,6656471000.0,3632354000.0,3024117000.0,955233000.0,0.0,,,0.4,50400.0,3125767000.0,1.6124042515005117e-05,0.0197472518424386,0.0089714204418527,1.2011287923053242,0.0770359234247887,0.0001131573736173,0.0804468099723976,-0.0094210083147737,,,20.556959597295062,20.556959597295062,False,79.681675333072,79.681675333072,64.90049639912776,850.0,True,True,True,True,True,True,True,True,True,True,False,True,False,True,False,False,False,12,False,0.2257759136118828,0.3605094595907103,1.0,191265923.34942165,0.3160813308687615,1.0,3.0,,,,,,-0.0148245285009971,-0.1373650014554537,0.210081091424142,-1.5327811787053292,0.3247619047619047,-1.5327811787053292,0.3549064525220897,-850.0,0.1904761904761904,0.3809523809523809,0.2571428571428571,0.2004761904761904,0.2609523809523809,承啟
26.200000762939453,26.5,25.350000381469727,25.799999237060547,5460435.0,0.0097847361043115,25.489999771118164,0.1700680330953112,23.84499979019165,0.1700680330953112,22.389999930063883,-0.0337079213543746,23.610416666666666,0.0346024534863579,69.06076474764936,3096122.5,1.7636366132154009,0.0819878156456541,2427.TW,2026-07-15,0.0037771626073219,0.2572442248959541,bull,0.0711645101663586,0.2220166512488436,2026-03-31,2026-05-15,1890793000.0,357573000.0,67436000.0,69774000.0,14029000.0,55745000.0,0.28,4940961000.0,2339035000.0,7300949000.0,3856451000.0,3444498000.0,346523000.0,200000000.0,804109000.0,439525000.0,0.2010634333705964,53877086.30722045,4961914000.0,0.0108581257771135,0.0161837806263786,0.0076353087797216,1.1195973985178682,0.1891127161989705,0.0356654588841824,0.0294823388916713,0.7052790975371306,,,39.51920272248769,39.51920272248769,False,78.82692266563171,78.82692266563171,68.9999926798457,520.0,True,True,True,True,True,True,True,True,True,False,True,True,True,True,False,False,False,13,False,0.152300103512637,0.0927379893928406,1.0,79879958.137846,0.4168207024029575,0.0,3.0,,,,,,0.0013959610884599,-0.1009278689900262,0.1998813410825741,-1.82029571111242,0.3404761904761904,-1.82029571111242,0.4893085974171193,-520.0,0.4666666666666667,0.6,0.4952380952380952,0.4709523809523809,0.5123809523809524,三商電
50.09999847412109,51.20000076293945,48.09999847412109,49.0,2676061.0,0.1023621858034735,45.32000045776367,0.2743822894076326,43.3875,0.1750599305395783,46.801666704813634,-0.3603133031842762,50.35916668574016,0.0381026466994,64.96124621516886,1177560.35,2.2725467955846166,0.1293575338519157,2429.TW,2026-07-15,0.0037771626073219,0.2572442248959541,bull,0.0388170055452865,0.2146160962072155,2026-03-31,2026-05-15,109224000.0,4632000.0,-33890000.0,-38099000.0,265000.0,-38194000.0,-0.45,373944000.0,282261000.0,1655463000.0,911222000.0,744241000.0,176470000.0,163948000.0,309689000.0,,0.0,-33890000.0,1373202000.0,-0.024679544597226,-0.0513193978832125,-0.0230714911779967,1.224364150859735,0.042408261920457,-0.310279791987109,-0.3496850509045631,-0.0763376208235026,,,10.239983643289008,10.239983643289008,False,74.06870274494007,74.06870274494007,58.1115229695273,1039.0,True,False,True,True,True,False,True,True,True,False,False,True,True,True,False,False,False,10,False,0.0469712608538417,-0.0269894594209999,0.0,57700457.150000006,0.4630314232902033,1.0,3.0,,,,,,-0.0541432422184573,-0.1925007306342107,0.1774450672309724,-1.3417215465287815,0.2657142857142857,-1.3417215465287815,0.1261748714967361,-1039.0,0.0571428571428571,0.1714285714285714,0.0571428571428571,0.0571428571428571,0.0914285714285714,銘旺科
82.80000305175781,84.69999694824219,80.30000305175781,83.30000305175781,2335868.0,0.0233415416494169,86.62000122070313,0.0530974040285325,78.40500068664551,0.2545180894204084,79.40166702270508,0.4263698780015428,67.56625022888184,0.0271845981026285,57.7235831191486,1899903.8,1.2294664603544665,0.0624322724602188,2465.TW,2026-07-15,0.0037771626073219,0.2572442248959541,bull,0.2097966728280961,0.1637372802960222,2026-03-31,2026-05-15,1569188000.0,167121000.0,92107000.0,130068000.0,22277000.0,107791000.0,1.15,1574817000.0,638916000.0,1902288000.0,697716000.0,1204572000.0,319532000.0,112731000.0,0.0,,0.1712719500568933,76331654.49610972,1263372000.0,0.0604189854580517,0.0894848958800304,0.0566638700344006,0.5792231597613094,0.1065015791606869,0.0586972370423429,0.0686922153368493,0.9128577645528606,,,73.28778007996519,73.28778007996519,True,68.08711448144936,68.08711448144936,69.38728088107831,133.0,True,False,True,True,True,False,True,True,True,False,True,True,True,True,True,True,False,11,False,0.0490964003052731,0.2328640818393446,1.0,158261992.33804628,0.3345656192236599,1.0,3.0,,,,,,-0.0413516753105915,-0.1736534958570622,0.1358352232345762,-1.706556010121607,0.1638095238095238,-1.706556010121607,0.158277010295418,-133.0,0.8285714285714286,0.6285714285714286,0.0761904761904762,0.7157142857142857,0.6180952380952381,麗臺
18.200000762939453,20.0,18.049999237060547,20.0,2041501.0,0.1461317550470409,18.34000015258789,0.1869435933066441,17.442500019073485,0.1111111111111111,16.99083334604899,0.1235955537772683,17.191666698455812,0.0246732254360583,77.77777349641227,494369.2,4.129506854391415,0.1466246225099539,2482.TW,2026-07-15,0.0037771626073219,0.2572442248959541,bull,0.0600739371534195,0.2839962997224792,2026-03-31,2026-05-15,113886000.0,43549000.0,-36423000.0,-23982000.0,-5970000.0,-18238000.0,-0.23,898041000.0,216514000.0,1299198000.0,232892000.0,1066306000.0,532346000.0,,,,0.2489367025268951,-27355978.4838629,1082684000.0,-0.025266816988025,-0.01710390825898,-0.014037891068182,0.2184100999150337,0.3823911630929175,-0.3198198198198198,-0.1601425987390899,0.0243204835315069,,,30.25190147685657,30.25190147685657,False,76.09787439233543,76.09787439233543,64.63638116346571,679.0,True,True,True,True,True,True,True,False,True,False,False,True,False,True,False,False,False,10,False,0.1771053009975378,0.1633543361910592,1.0,9887384.0,0.6885397412199631,0.0,3.0,,,,,,0.0160363112055785,-0.055948341750099,0.2035615195427296,-1.3939464088282794,0.550952380952381,-1.3939464088282794,0.3595640605192477,-679.0,0.2857142857142857,0.3714285714285714,0.2666666666666666,0.2828571428571428,0.3076190476190476,連宇
53.5,54.70000076293945,49.84999847412109,51.0,6375507.0,-0.2006269496885072,60.65999984741211,0.422594202809107,55.662499809265135,1.1748400145300106,36.05666666030884,1.7228324060245774,28.394139989217123,0.1265432094952841,50.30674770051365,6308325.0,1.010649736657512,-0.0837637516324599,2483.TW,2026-07-15,0.0037771626073219,0.2572442248959541,bull,0.0203327171903881,0.0185013876040703,2026-03-31,2026-05-15,480525000.0,63554000.0,-1427000.0,14856000.0,-1757000.0,16038000.0,0.15,1524758000.0,1006322000.0,4236476000.0,1639737000.0,2596739000.0,463750000.0,440000000.0,593051000.0,,0.0,-1427000.0,3230154000.0,-0.0004417746026969,0.0061762079284826,0.0037856935811745,0.6314600735768978,0.1322595078299776,-0.0029696685916445,0.0333759950054627,0.1414681771428436,,,25.378140859428456,25.378140859428456,False,74.01623159966587,74.01623159966587,61.856708914606514,764.0,True,False,True,True,False,True,True,True,True,True,True,False,True,True,False,False,False,11,False,0.4144402332160333,0.7961452616408742,1.0,321724575.0,0.256007393715342,1.0,3.0,,,,,,-0.0695940613344568,-0.2344573273606061,0.2236271904944597,-1.5603491393275055,0.2328571428571428,-1.5603491393275055,0.4348516654342946,-764.0,0.2476190476190476,0.238095238095238,0.3619047619047619,0.2647619047619047,0.2676190476190476,百容
82.0,82.4000015258789,77.4000015258789,81.5,23095447.0,-0.1170097800072837,85.53999938964844,0.1576704294536237,79.76000022888184,0.7489270958937977,58.947499974568686,2.8902146554654777,44.16708327929179,0.0658114489430019,58.40579320743068,44465018.45,0.5194071160899293,0.0218154434067829,2484.TW,2026-07-15,0.0037771626073219,0.2572442248959541,bull,0.0757855822550831,0.0416281221091581,2026-03-31,2026-05-15,558493000.0,124006000.0,38190000.0,65062000.0,13230000.0,51853000.0,0.33,2364630000.0,488834000.0,4989053000.0,883613000.0,4105440000.0,608103000.0,70000000.0,152941000.0,,0.2033445021671636,30424273.46223602,4500219000.0,0.0067606206414034,0.0126303148992556,0.0103933552119009,0.2152297926653416,0.2220368026098805,0.0683804452338704,0.0928444940223064,-0.0665818752496527,,,33.91916811523335,33.91916811523335,False,80.62123110510677,80.62123110510677,68.94571535763842,614.0,True,True,True,True,True,True,True,True,True,True,True,True,False,True,False,False,False,13,False,0.3825862001808555,0.8452656129595986,1.0,3623899003.675,0.0489833641404805,1.0,3.0,,,,,,-0.0877355801772378,-0.2057509110697468,0.139216561772444,-1.5446987899794775,0.1323809523809523,-1.5446987899794775,0.1374526057061885,-614.0,0.3333333333333333,0.5904761904761905,0.0666666666666666,0.2933333333333333,0.3571428571428571,希華
239.0,257.0,238.5,257.0,10899135.0,0.0641821946169771,252.0,0.0468431771894093,249.675,0.3003716725884131,256.5349561055501,1.829380057960896,198.19445470174156,0.004728370221328,52.537313432835816,7928012.5,1.3747625902456635,0.0293381395814558,2486.TW,2026-07-15,0.0037771626073219,0.2572442248959541,bull,0.2356746765249538,0.1396854764107308,2026-03-31,2026-05-15,1620292000.0,341104000.0,113327000.0,85987000.0,24265000.0,66488000.0,0.29,6103859000.0,3197127000.0,14266046000.0,8757332000.0,5508714000.0,1340863000.0,1569756000.0,4248791000.0,584851000.0,0.2821938199960459,81346820.9613081,11068919000.0,0.0073491206287902,0.0120696046300461,0.0046605765886357,1.5897234817418366,0.2105200790968541,0.0699423313822446,0.0410345789524357,0.1990998011481162,,,33.6179116706075,33.6179116706075,False,60.602504269858095,60.602504269858095,53.85635612004545,618.0,True,False,True,True,True,False,True,True,True,True,True,True,True,True,False,False,False,12,False,0.001812789576554,0.2967063099053586,1.0,2037499212.5,0.0804066543438077,2.0,3.0,,,,,,-0.1255021649720155,-0.2568465352201073,0.1342573097428054,-1.8605721196338068,0.0433333333333333,-1.8605721196338068,0.0989374582810078,-618.0,0.3238095238095238,0.0857142857142857,0.0285714285714285,0.2795238095238095,0.1933333333333333,一詮
35.150001525878906,36.34999847412109,35.150001525878906,36.34999847412109,2398944.0,0.0400571582437896,35.37999877929688,0.0536231441774228,34.86249980926514,0.165064025168198,32.334166558583576,0.0802376471265748,32.136249955495195,0.0052623902601496,69.81132347077288,2464098.6,0.9735584444551042,0.0426675847398823,2520.TW,2026-07-15,0.0037771626073219,0.2572442248959541,bull,0.2079482439926062,0.2247918593894542,2026-03-31,2026-05-15,4862541000.0,1141758000.0,658447000.0,599530000.0,162065000.0,308665000.0,0.52,53619294000.0,30715620000.0,65803063000.0,37306228000.0,28496835000.0,17736193000.0,16539209000.0,220000000.0,3700000000.0,0.2703200840658515,480455551.60709226,35087443000.0,0.0136930910470475,0.0108315537497409,0.0046907390921908,1.3091358391203796,0.2348068633251627,0.1354121230031787,0.063478127999332,0.0287244960456058,,,37.26396887406752,37.26396887406752,False,66.90702884517245,66.90702884517245,59.49626385239622,571.0,True,False,True,True,True,True,True,True,True,False,True,True,True,True,False,False,False,12,False,0.1241977865197656,0.1311213512610034,1.0,89569980.3500839,0.4029574861367837,1.0,3.0,,,,,,0.0377644710179234,-0.0321841774808803,0.223382856919456,-1.5424743624727522,0.641904761904762,-1.5424743624727522,0.4893312184039478,-571.0,0.3809523809523809,0.1809523809523809,0.5047619047619047,0.3995238095238095,0.3457142857142857,冠德
42.5,45.25,42.0,45.04999923706055,1424676.0,0.0907990331543382,43.529999542236325,0.1276595338354091,41.25249996185303,0.2444750908177182,37.13083324432373,0.3990682661383904,33.91083329518636,0.0414667993467362,64.32748316234489,1298680.35,1.0970182154523245,0.0920550094835255,2527.TW,2026-07-15,0.0037771626073219,0.2572442248959541,bull,0.0988909426987061,0.1692876965772433,2026-03-31,2026-05-15,4588717000.0,1261812000.0,1127130000.0,1064163000.0,166487000.0,902888000.0,3.45,13282023000.0,8513905000.0,33780839000.0,11901818000.0,21879021000.0,1538877000.0,2676000000.0,3358749000.0,,0.1564487771140323,950791889.8514608,25266934000.0,0.0376298877359421,0.0412672943638565,0.0267278145459915,0.5439831151494393,0.2749814381667032,0.2456307503818605,0.1967626244983074,24.973085718167,,,82.24426248497689,82.24426248497689,False,82.58361170995434,82.58361170995434,82.49877440370997,75.0,True,True,True,True,True,True,True,True,True,False,True,True,True,True,True,False,False,13,False,0.2132773574088169,0.3284839934456991,1.0,58505548.77668553,0.4611829944547135,1.0,2.0,,,,,,0.0055400168445428,-0.0577680617846648,0.3794540846185668,-1.2746390038104891,0.6919047619047618,-1.2746390038104891,0.7851729882052405,-75.0,0.8952380952380953,0.9714285714285714,0.8952380952380953,0.8952380952380952,0.918095238095238,宏璟
94.4000015258789,95.6999969482422,93.8000030517578,95.6999969482422,168410.0,0.0390879319626988,93.2999984741211,0.0094936061973862,93.6699996948242,0.1127906621888628,89.12833340962727,0.0752808645869911,87.31000003814697,-0.0039874609082263,64.28572401710073,122744.75,1.372034241790382,0.0216717973740974,2546.TW,2026-07-15,0.0037771626073219,0.2572442248959541,bull,0.411275415896488,0.2812210915818686,2026-03-31,2026-05-15,4271987000.0,331333000.0,227648000.0,236497000.0,50162000.0,186338000.0,1.43,15279304000.0,9683343000.0,16184746000.0,9989889000.0,6194857000.0,7854449000.0,0.0,,,0.2121041704545935,179362909.8043527,6501403000.0,0.0275883389791945,0.0300794675325031,0.0115131865523252,1.6126101054471476,0.0775594588653944,0.0532885516739634,0.0436185784273219,0.0858039345262302,,,37.32527210445105,37.32527210445105,False,56.88667423287468,56.88667423287468,51.99632370076878,570.0,True,False,False,True,True,True,False,True,True,False,True,True,True,True,False,False,False,10,False,0.0737325975614515,0.096094340928067,1.0,11746672.200412752,0.666358595194085,1.0,3.0,,,,,,0.0654836186277773,0.0282824320743246,0.2797070494174223,0.6282779669146933,0.9157142857142856,0.6282779669146933,0.8477728412442914,-570.0,0.3904761904761905,0.0380952380952381,0.9428571428571428,0.4733333333333333,0.3952380952380953,根基
7.199999809265137,7.199999809265137,6.920000076293945,7.139999866485596,7067031.0,-0.0543046773366188,7.521999931335449,0.2482517706956712,6.284999942779541,0.2911391673768206,5.649666651089986,0.2981817939064719,5.739083321889241,0.0748182991502586,72.60274044186474,8204591.05,0.861350792127537,0.1360381752569963,2601.TW,2026-07-15,0.0037771626073219,0.2572442248959541,bull,0.0425138632162661,0.1424606845513413,2026-03-31,2026-05-15,568015000.0,153080000.0,126103000.0,18234000.0,7038000.0,-13770000.0,-0.02,2878754000.0,2929955000.0,11571433000.0,3945476000.0,7625957000.0,145794000.0,1181816000.0,973681000.0,,0.3859822309970385,77429482.72458047,8641478000.0,0.0089602129085534,-0.0018056750123296,-0.001189999544568,0.5173745406642077,0.2694999251780323,0.222006461096978,-0.024242317544431,-0.5099694429155358,,,37.53973905839439,37.53973905839439,False,80.16306698972848,80.16306698972848,69.50723500689496,568.0,True,True,True,True,True,True,True,False,True,True,True,True,True,True,False,False,False,13,False,0.2637913539745005,0.2441010987335148,1.0,58580779.00156891,0.4602587800369686,0.0,3.0,,,,,,0.1034486582955284,0.0099796632408061,0.343446502588984,-0.6518792708510407,0.960952380952381,-0.6518792708510407,0.8669698321913252,-568.0,0.4,0.638095238095238,0.961904761904762,0.4842857142857143,0.5838095238095239,益航
58.5,60.900001525878906,56.70000076293945,60.5,21001389.0,0.0822897736772247,57.46000061035157,0.5633074627206993,49.76000022888183,0.2075848671183291,46.21583340962728,0.1258621769174752,48.05563379923503,0.1022872039150484,77.74436523258126,10404947.45,2.0184041390809715,0.2158360072692369,2630.TW,2026-07-15,0.0037771626073219,0.2572442248959541,bull,0.0138632162661737,0.1896392229417206,2026-03-31,2026-05-15,1096139000.0,99835000.0,28684000.0,22779000.0,4780000.0,17999000.0,0.09,4412587000.0,1553773000.0,5621038000.0,2241218000.0,3379820000.0,184907000.0,488000000.0,514600000.0,,0.2098423987005575,22664880.635673206,4067265000.0,0.005572511413855,0.0053254315318567,0.0032020776233855,0.6631175624737412,0.0910787774178274,0.0261682140677414,0.0164203627459656,-0.1292073375633449,,,17.319949572923083,17.319949572923083,False,81.35642177946367,81.35642177946367,65.34730372782852,908.0,True,True,True,True,True,True,True,False,True,False,True,False,True,False,False,False,False,10,False,0.3090751704890204,0.2589574877475253,1.0,629499320.7249999,0.188539741219963,1.0,3.0,,,,,,-0.0159839070500311,-0.1392322192908829,0.2478513240640461,-1.4815346220306334,0.3990476190476191,-1.4815346220306334,0.5075008669491428,-908.0,0.1523809523809524,0.4095238095238095,0.5333333333333333,0.2095238095238095,0.3057142857142857,亞航
84.80000305175781,84.80000305175781,82.9000015258789,83.9000015258789,1995999.0,0.0487500190734864,83.68000030517578,0.0701530598591189,77.52999992370606,0.1540578410974407,75.50943756103516,0.1701534881018682,73.0730520248413,0.0183895967608435,68.75001833990146,3337449.3,0.5980612199861733,0.0821617645871441,2637.TW,2026-07-15,0.0037771626073219,0.2572442248959541,bull,0.1700554528650646,0.2368177613320999,2026-03-31,2026-05-15,4338022000.0,1244039000.0,1197473000.0,1201283000.0,6082000.0,1195201000.0,1.6,8930959000.0,8128467000.0,84286573000.0,33874386000.0,50412187000.0,5975075000.0,2132536000.0,18694305000.0,992902000.0,0.0050629202277897,1191410289.726068,76158106000.0,0.0156439065032167,0.0237085726909645,0.0141802063775923,0.6719483524886551,0.2867756318432686,0.276041246448266,0.2755175054437253,0.2360516073148353,,,62.80204855376821,62.80204855376821,False,72.21357460756153,72.21357460756153,69.8606930941132,238.0,True,False,True,True,True,True,True,True,True,False,True,True,False,True,True,False,False,11,False,0.1111194075318275,0.1481661050281157,1.0,280012001.36254346,0.2698706099815157,1.0,3.0,,,,,,-0.0101707100022572,-0.0938168057015661,0.1819814499423235,-1.7698039074970022,0.3219047619047619,-1.7698039074970022,0.3153334404537621,-238.0,0.7142857142857143,0.6476190476190476,0.2095238095238095,0.6385714285714286,0.5933333333333333,慧洋-KY
34.099998474121094,34.75,34.099998474121094,34.75,150373.0,0.0028859587220049,34.42999954223633,0.0643184801218645,34.054999923706056,0.1412150781386532,32.2116099357605,0.1839863559913133,31.14872167905172,0.0180378398897516,60.52630698362962,283228.4,0.5309248648793694,0.0204081655513423,2816.TW,2026-07-15,0.0037771626073219,0.2572442248959541,bull,0.1811460258780036,0.2488436632747456,2026-03-31,2026-05-15,,,460640000.0,461658000.0,63688000.0,,,,,25125030000.0,16643189000.0,8481841000.0,3180641000.0,,,,0.1379549363381551,397092438.1251922,25125030000.0,0.0158046552830063,,,1.962214217408697,,,,,,,38.97407433693017,38.97407433693017,False,74.51888253065825,74.51888253065825,65.63268048222623,537.0,True,False,True,True,True,True,True,True,True,False,True,True,False,True,False,False,False,11,False,0.0788035763906802,0.1156156056115211,1.0,9842186.9,0.6894639556377079,1.0,3.0,,,,,,0.0564902313349051,-0.0079628509484503,0.2130155212818136,-1.3645259759003907,0.6909523809523809,-1.3645259759003907,0.7828822476352336,-537.0,0.4571428571428571,0.4380952380952381,0.8761904761904762,0.52,0.5352380952380953,旺旺保
56.20000076293945,57.5,56.20000076293945,57.20000076293945,300215.0,0.0141843832520727,56.5,0.0495412984025587,56.41500015258789,0.1085271793491802,53.67726465861003,0.144000015258789,51.128632386525474,0.0189357146730492,53.947382290273325,326286.8,0.920095449769957,0.0139147497691809,2832.TW,2026-07-15,0.0037771626073219,0.2572442248959541,bull,0.2255083179297597,0.2876965772432932,2026-03-31,2026-05-15,,,514384000.0,513794000.0,96832000.0,,,,,25841065000.0,13610551000.0,12230514000.0,3713301000.0,,,,0.1884646375784847,417440805.8638287,25841065000.0,0.0161541641516643,,,1.112835568480605,,,,,,,55.14019466216183,55.14019466216183,False,64.36565661209366,64.36565661209366,62.0592911246107,306.0,True,False,True,True,True,True,True,True,True,False,True,True,True,True,False,False,False,12,False,0.0656280853119881,0.1187469347999623,1.0,18663605.20893707,0.6053604436229205,1.0,3.0,,,,,,0.0352348103488987,-0.0437309968224558,0.1650392556156407,-1.6746570979079871,0.51,-1.6746570979079871,0.5312316053994823,-306.0,0.6476190476190476,0.2571428571428571,0.5904761904761905,0.639047619047619,0.5190476190476191,台產
146.0,149.0,146.0,148.5,481021.0,0.0171232876712328,145.2,0.0722021660649818,143.4,0.1975806451612902,137.5914619445801,0.2801724137931034,127.35406430562335,0.0074653330852118,64.44444444444444,308744.5,1.5579905067134798,0.0355648535564854,2850.TW,2026-07-15,0.0037771626073219,0.2572442248959541,bull,0.1645101663585952,0.1961147086031452,2026-03-31,2026-05-15,,,1507350000.0,1508204000.0,248433000.0,,,,,58099283000.0,36260125000.0,21839158000.0,14722947000.0,,,,0.1647210854765005,1259057671.8069968,58099283000.0,0.0216707953488341,,,1.6603261444420157,,,,,,,51.89726928896828,51.89726928896828,False,78.94832548598913,78.94832548598913,72.18556143673392,341.0,True,True,True,True,True,True,True,True,True,False,True,True,True,True,False,False,False,13,False,0.0792820855396805,0.1660405249700611,1.0,45848558.25,0.4935304990757855,2.0,3.0,,,,,,-0.0033293726849475,-0.1136427044239362,0.1775376366650067,-1.8813200730752355,0.2866666666666667,-1.8813200730752355,0.2662684571697722,-341.0,0.6285714285714286,0.7714285714285715,0.1714285714285714,0.5599999999999999,0.58,新產
37.5,38.5,37.5,38.5,1532824.0,0.0039113828382584,37.97999954223632,0.0295210363612901,37.224320602417,0.2941176470588236,34.89303503036499,0.4365672050751417,31.754017512003585,0.0088819853862459,62.96657499444142,3054225.9,0.501869884608077,0.0342700518622809,2851.TW,2026-07-15,0.0037771626073219,0.2572442248959541,bull,0.3096118299445471,0.1415356151711378,2026-03-31,2026-05-15,,,2142185000.0,2164691000.0,325242000.0,,,,,59204658000.0,35668047000.0,23536611000.0,16387176000.0,,,,0.1502486960032633,1820324497.152249,59204658000.0,0.0307463054199595,,,1.5154283256837613,,,,,,,65.92494981784269,65.92494981784269,False,72.84400905041808,72.84400905041808,71.11424424227422,201.0,True,False,True,True,True,True,True,True,True,True,True,True,False,True,True,False,False,12,False,0.1033720616878444,0.21244500748437,1.0,117587697.15,0.3687615526802218,1.0,3.0,,,,,,0.0617339978637314,-0.0477860965048193,0.2169701511537057,-1.794098834604157,0.58,-1.794098834604157,0.535109110058877,-201.0,0.7714285714285715,0.7142857142857143,0.6,0.7457142857142857,0.72,中再保
8.829999923706055,8.949999809265137,8.819999694824219,8.850000381469727,10970000.0,-0.0011285864102695,8.845999908447265,0.0375147313617876,8.643999910354614,0.1230964787996871,8.100833288828532,0.1434109358108166,7.981083309650421,0.0161043891227135,62.7451035390651,14398163.85,0.7619027060870682,0.0238316142123447,2867.TW,2026-07-15,0.0037771626073219,0.2572442248959541,bull,0.2717190388170055,0.2645698427382054,2026-03-31,2026-05-15,,,-260328000.0,-260476000.0,-99972000.0,,,,,1583200325000.0,1505084533000.0,78115792000.0,70736282000.0,,,,0.3838050338610851,-160412803.14501145,1583200325000.0,-0.0001013218609243,,,19.267352918856663,,,,,,,0.0,0.0,False,70.28114668576887,70.28114668576887,52.710860014326656,1081.0,True,False,True,True,True,True,True,True,True,False,True,True,False,True,False,False,False,11,False,0.0924802506026551,0.1088720713851769,1.0,127423755.56496362,0.354898336414048,0.0,3.0,,,,,,0.0422013171472816,-0.0433075924321703,0.2280029077589284,-0.1706605954603988,0.7771428571428571,-0.1706605954603988,0.7726316869292807,-1081.0,0.0095238095238095,0.0476190476190476,0.8666666666666667,0.1380952380952381,0.1923809523809523,三商壽
30.200000762939453,31.0,30.049999237060547,30.14999961853028,51069304.0,-0.0179153462782036,29.909999465942384,0.0151514762300055,29.393452739715578,0.4495192655973901,25.30365091959636,0.7082153127570938,22.45057535171509,0.0131846682477877,55.36806608893069,75190614.4,0.6791978547790666,0.0257386189201405,2883.TW,2026-07-15,0.0037771626073219,0.2572442248959541,bull,0.378003696857671,0.093432007400555,2026-03-31,2026-05-15,23565513000.0,,,13099615000.0,1407592000.0,11689699000.0,,,,4235032868000.0,3864021319000.0,371011549000.0,75116245000.0,,,,0.1074529289601259,,4235032868000.0,,0.0315076418281523,0.0027602380818169,10.414827596108069,,,0.4960511150340754,-0.1317078255463794,,,12.146336472811727,12.146336472811727,False,67.21126947363514,67.21126947363514,53.44503622342929,1014.0,True,False,True,True,True,True,True,True,True,True,True,True,False,True,False,False,False,12,False,0.1915276461224286,0.3429499754992691,1.0,2266996995.477057,0.0720887245841035,1.0,3.0,,,,,,-0.0453376953311154,-0.1946755421145153,0.277322631922078,-0.9877713763661712,0.4442857142857143,-0.9877713763661712,0.4393206904526942,-1014.0,0.0666666666666666,0.0761904761904762,0.3809523809523809,0.1138095238095238,0.1323809523809523,凱基金
67.5999984741211,68.19999694824219,65.69999694824219,67.0,31137235.0,-0.0629370629370629,67.72000122070312,0.0244648079019993,67.48000030517578,0.3085937305004338,60.58416671752929,0.654320987654321,52.73375002543131,0.0153475814992979,51.21952429806487,28509579.15,1.092167472419529,-0.0071132232217693,2885.TW,2026-07-15,0.0037771626073219,0.2572442248959541,bull,0.3401109057301293,0.1387604070305272,2026-03-31,2026-05-15,39984934000.0,,,18723853000.0,3129395000.0,14409154000.0,,,,4640879682000.0,4254342700000.0,386536982000.0,77947312000.0,,,,0.167134136334012,,4640879682000.0,,0.0372775560192064,0.0031048324859373,11.00630184979299,,,0.360364581319554,0.2805185364050884,,,38.0190051862678,38.0190051862678,False,62.09572492249568,62.09572492249568,56.07654498843871,560.0,True,False,True,True,False,True,True,True,True,True,True,True,True,True,False,False,False,12,False,0.1058995052681703,0.2705335760815164,1.0,1910141803.05,0.0850277264325323,1.0,3.0,,,,,,-0.1445094914800955,-0.2479021846510969,0.1605674697172276,-1.2404113005456106,0.1880952380952381,-1.2404113005456106,0.1949542817397484,-560.0,0.419047619047619,0.1142857142857142,0.1238095238095238,0.3747619047619047,0.2685714285714285,元大金
36.0,36.79999923706055,35.5,36.150001525878906,78222333.0,0.0083682863187393,36.20999984741211,0.1191951201163163,33.87249994277954,0.4907217124073775,28.08083330790202,0.7296651763489854,25.95333329836528,0.0452055839764021,77.56413281710986,73578907.5,1.063108106083255,0.0672374813476042,2887.TW,2026-07-15,0.0037771626073219,0.2572442248959541,bull,0.1062846580406654,0.0777058279370952,2026-03-31,2026-05-15,47867456000.0,,,25588754000.0,4532177000.0,21040510000.0,,,,9064708955000.0,8465511408000.0,599197547000.0,97795796000.0,,,,0.1771159705548773,,9064708955000.0,,0.035114479532407,0.0023211456765409,14.12808088147931,,,0.439557723727787,0.933005034802805,,,37.907562917661295,37.907562917661295,False,75.99783889001347,75.99783889001347,66.47526989692543,561.0,True,True,True,True,True,True,True,False,True,True,True,True,True,True,False,False,False,13,False,0.2873550129192996,0.3928847254528143,1.0,2659877618.397503,0.065619223659889,1.0,3.0,,,,,,-0.164745705282967,-0.2477991470255337,0.1546176731285687,-1.513126850889096,0.1238095238095238,-1.513126850889096,0.1108190920070753,-561.0,0.4095238095238095,0.4857142857142857,0.0380952380952381,0.3538095238095238,0.3580952380952381,台新新光金
39.79999923706055,40.29999923706055,39.45000076293945,39.95000076293945,32319723.0,-0.0465393959886866,40.14000091552735,0.1317280913988516,39.88500022888184,0.2406832241109711,34.184166781107585,0.3895652439283288,32.61458338101705,0.0388071402429258,50.0,53559676.05,0.6034338775654339,0.0016296987259523,2890.TW,2026-07-15,0.0037771626073219,0.2572442248959541,bull,0.0951940850277264,0.1711378353376503,2026-03-31,2026-05-15,26199317000.0,,,13172491000.0,2157069000.0,10973530000.0,,,,3820349236000.0,3552231164000.0,268118072000.0,41779009000.0,,,,0.163755587306911,,3820349236000.0,,0.0409279759403909,0.0028723892299148,13.24875692825361,,,0.4188479417230609,0.4040584778805451,,,40.18365017296791,40.18365017296791,False,68.00153979288964,68.00153979288964,61.04706738790921,507.0,True,False,True,True,True,True,True,True,True,False,True,True,False,True,False,False,False,11,False,0.168669724166524,0.2249121902379383,1.0,2139709099.0602896,0.0757855822550831,1.0,3.0,,,,,,-0.1375223341328709,-0.2318910334566047,0.1715651124639195,-1.4965454134935443,0.16,-1.4965454134935443,0.1640071808462027,-507.0,0.4761904761904761,0.219047619047619,0.0857142857142857,0.4176190476190475,0.3209523809523809,永豐金
33.400001525878906,33.79999923706055,33.099998474121094,33.099998474121094,54821847.0,-0.0293255145087151,33.49999923706055,0.0408804801336439,32.9399995803833,0.1453286820425365,30.2516663869222,0.1258503028434998,29.637083196640013,0.0188679229699103,52.293576055200376,44980254.8,1.2187980535850589,0.0048572828104429,2892.TW,2026-07-15,0.0037771626073219,0.2572442248959541,bull,0.255083179297597,0.2451433857539315,2026-03-31,2026-05-15,19296673000.0,,,10035758000.0,1792064000.0,8243694000.0,,,,5146398447000.0,4848752228000.0,297646219000.0,66304190000.0,,,,0.1785678769854753,,5146398447000.0,,0.0276962832845526,0.0016018374956578,16.290320247609124,,,0.427208047729264,0.0559316737098873,,,19.735682713005552,19.735682713005552,False,63.77320627485884,63.77320627485884,52.76382538439552,867.0,True,False,True,True,True,True,True,True,True,False,True,True,True,True,False,False,False,12,False,0.0941545517119093,0.1168439975858919,1.0,1488846365.2455778,0.1090573012939001,1.0,3.0,,,,,,-0.0822035765289358,-0.2146330011035483,0.2081269184630509,-0.985527945608867,0.2923809523809524,-0.985527945608867,0.2988087161661241,-867.0,0.1714285714285714,0.0571428571428571,0.1904761904761904,0.1742857142857142,0.1409523809523809,第一金
154.0,157.5,143.5,155.5,1363976.0,0.0687285223367697,154.1,0.169172932330827,141.65,0.3234042553191489,129.65,0.3717184216213289,119.1369463602702,0.0375389122871269,70.3125,1053892.65,1.2942266937718945,0.0977762089657605,3004.TW,2026-07-15,0.0037771626073219,0.2572442248959541,bull,0.0720887245841035,0.1295097132284921,2026-03-31,2026-05-15,1204086000.0,303961000.0,167853000.0,159650000.0,36009000.0,123641000.0,1.92,4115707000.0,2713494000.0,8426161000.0,4784576000.0,3641585000.0,220728000.0,677601000.0,1977017000.0,,0.2255496398371437,129993816.30441593,5712667000.0,0.0227553638789756,0.0339525234204336,0.0146734675494569,1.3138718442656152,0.252441270806238,0.1394028333524349,0.1026845258561265,0.2866173569808965,,,59.60481555561746,59.60481555561746,False,80.19950196034377,80.19950196034377,75.05083035916219,270.0,True,True,True,True,True,True,True,True,True,True,True,True,True,True,False,False,False,14,False,0.1993829541072116,0.3052206284502872,1.0,163880307.075,0.3317929759704251,2.0,3.0,,,,,,0.001374693137082,-0.0896044216603154,0.2854997320896875,-0.7648531658609163,0.6419047619047619,-0.7648531658609163,0.6424972956939851,-270.0,0.6857142857142857,0.8666666666666667,0.7428571428571429,0.6942857142857143,0.7514285714285714,豐達科
115.5,116.0,113.5,115.5,4342353.0,0.0744186046511627,113.8,0.1379310344827586,105.35999984741213,0.1492537313432835,103.00333315531412,0.0474077640018202,106.48845488230388,0.0240559848731171,73.5694884064376,6231327.35,0.6968584309729773,0.0962414594464045,3005.TW,2026-07-15,0.0037771626073219,0.2572442248959541,bull,0.0905730129390018,0.242368177613321,2026-03-31,2026-05-15,9308269000.0,2890739000.0,1257624000.0,1391228000.0,215931000.0,1087413000.0,1.74,34157049000.0,19619666000.0,51413542000.0,24716257000.0,26697285000.0,14015961000.0,1317501000.0,1977017000.0,,0.1552089233396682,1062429532.993873,31793876000.0,0.0334161689815319,0.0407312204218518,0.0211503226134468,0.9257966493596632,0.3105560228222884,0.1351082569702272,0.1168222577151562,-0.0255358141879895,,,60.64311592085046,60.64311592085046,False,74.24372679203063,74.24372679203063,70.84357407423559,256.0,True,False,True,True,True,True,True,False,True,False,True,True,False,True,True,False,False,10,False,0.1213229364708297,0.084624620834776,1.0,719718308.925,0.1719038817005545,2.0,3.0,,,,,,0.0086380279045066,-0.0544429189806456,0.2436487531665539,-1.0212073483251514,0.64,-1.0212073483251514,0.5388930710753981,-256.0,0.7047619047619048,0.6857142857142857,0.6095238095238096,0.6904761904761905,0.68,神基
225.0,239.0,224.5,239.0,12707206.0,0.1090487238979118,231.7,0.064587973273942,228.50986022949215,0.5880398671096345,218.39495340983072,0.6369863013698631,190.189143371582,0.0196332280761511,50.05377812184036,13148551.55,0.9664339035123606,0.0459067270006317,3006.TW,2026-07-15,0.0037771626073219,0.2572442248959541,bull,0.1802218114602587,0.061054579093432,2026-03-31,2026-05-15,7266900000.0,3453448000.0,2254754000.0,2352467000.0,288641000.0,2063883000.0,7.22,17585827000.0,5859607000.0,20073767000.0,7169155000.0,12904612000.0,7031281000.0,1000000000.0,693679000.0,0.0,0.1226971515434647,1978102106.7687664,14214160000.0,0.1391641930841334,0.1599337508171497,0.1028149325435529,0.5555498297817866,0.4752298779396992,0.3102772846743453,0.2840114766957024,1.503294079957009,,,98.64788449850906,98.64788449850906,True,71.89254176224242,71.89254176224242,78.58137744630908,7.0,True,False,True,True,True,True,True,True,True,True,False,True,True,True,True,True,True,13,False,0.0943476315201419,0.2566437587504864,1.0,3142503820.4500003,0.0582255083179297,2.0,0.0,,,,,,0.0114502944050829,-0.1370263459785791,0.2403844000118723,-1.3625517999273566,0.4966666666666666,-1.3625517999273566,0.3753931919459303,-7.0,0.9809523809523808,0.8952380952380953,0.2857142857142857,0.8766666666666666,0.8161904761904761,晶豪科
825.0,865.0,780.0,838.0,14743588.0,-0.1206715634837355,913.6,0.034875298275478,876.6219299316406,2.5811965811965814,593.2278686523438,6.980952380952381,361.3431009928385,0.0500800972129737,54.33376455368694,8122014.05,1.8152625579365995,-0.0440576816674576,3026.TW,2026-07-15,0.0037771626073219,0.2572442248959541,bull,0.2846580406654344,0.0027752081406105,2026-03-31,2026-05-15,3618451000.0,877039000.0,483360000.0,568645000.0,113236000.0,474578000.0,2.86,11840787000.0,5803981000.0,16266013000.0,6345747000.0,9920266000.0,4380883000.0,2093681000.0,400780000.0,,0.199133026756588,387107060.1869356,10462032000.0,0.0370011351701978,0.047839241407438,0.029176049471988,0.639675085325333,0.2423796812503471,0.1335820216993404,0.1311550163315739,0.0636271337498735,,,68.80894924877691,68.80894924877691,False,72.19009565336886,72.19009565336886,71.34480905222087,175.0,True,False,True,True,False,True,True,True,True,True,True,True,True,True,True,False,False,12,False,0.4126106413437951,1.319125500659852,1.0,6806247773.9,0.0286506469500924,3.0,3.0,,,,,,-0.0698974611548628,-0.2119745908834334,0.3028166834981853,-1.4166309028590065,0.3580952380952381,-1.4166309028590065,0.3822247727619406,-175.0,0.8,0.7238095238095238,0.2952380952380952,0.7242857142857143,0.6761904761904762,禾伸堂
70.69999694824219,77.0,70.5999984741211,77.0,3712707.0,0.0391363236922563,73.71999816894531,0.0724233527468476,77.9599998474121,0.2561174707722933,76.25879249572753,0.8644068141024095,63.38314612706503,0.0053233014428346,48.726108923530575,3280446.9,1.1317686623734102,-0.0123140052500138,3028.TW,2026-07-15,0.0037771626073219,0.2572442248959541,bull,0.1626617375231053,0.1618871415356151,2026-03-31,2026-05-15,17721795000.0,1611940000.0,956219000.0,892133000.0,169489000.0,722644000.0,3.05,30113817000.0,24755869000.0,31365964000.0,24995374000.0,6370590000.0,3312572000.0,15838992000.0,0.0,,0.1899817628089085,774554828.7486283,6610095000.0,0.1171775638245181,0.1134343914770845,0.0230391133522948,3.923557158756097,0.0909580547568685,0.0539572317589725,0.0407771334675748,0.9582381707930072,,,56.52316760894776,56.52316760894776,False,67.17104152236155,67.17104152236155,64.5090730440081,293.0,True,False,True,True,False,True,True,False,True,False,True,True,True,True,False,False,False,10,False,0.0097196333696734,0.2148339851360026,1.0,252594411.3,0.2809611829944547,1.0,3.0,,,,,,0.0816502620918728,0.008126875825164,0.3523224321218344,1.3688363307846163,0.9719047619047618,1.3688363307846163,0.967782794335888,-293.0,0.6666666666666666,0.3619047619047619,1.0,0.7166666666666667,0.641904761904762,增你強
38.0,40.45000076293945,37.54999923706055,40.45000076293945,6562590.0,-0.0482352761661305,39.26999969482421,0.1263103097242486,40.32725505828857,0.5831703315382606,34.3865904490153,0.6443089486050964,29.34371188481649,0.0461872841512478,45.00875977323999,5944284.3,1.104016845223907,0.0030437406283534,3094.TW,2026-07-15,0.0037771626073219,0.2572442248959541,bull,0.1016635859519408,0.062904717853839,2026-03-31,2026-05-15,47206000.0,35395000.0,2347000.0,7478000.0,1717000.0,5761000.0,0.07,792305000.0,52199000.0,1133462000.0,121752000.0,1011710000.0,710423000.0,,,,0.229606846750468,1808112.730676652,1081263000.0,0.0016722228825703,0.005694319518439,0.0050826582629148,0.1203427859762184,0.7497987543956277,0.0497182561538787,0.1220395712409439,-0.0850131803380369,,,35.49964257677029,35.49964257677029,False,71.49792657099115,71.49792657099115,62.49835557243594,596.0,True,False,True,True,True,True,True,False,True,True,True,True,True,True,False,False,False,12,False,0.1763306636322179,0.3784895694763743,1.0,240446304.470129,0.288354898336414,1.0,3.0,,,,,,0.0199855734293343,-0.1086243790488533,0.2556402372504416,-1.4727169005617011,0.5728571428571428,-1.4727169005617011,0.4875744591599594,-596.0,0.3619047619047619,0.2761904761904762,0.4761904761904761,0.3790476190476191,0.359047619047619,聯傑
873.0,928.0,851.0,892.0,5814833.0,0.1065827711272138,827.6,0.1149999999999999,817.1352813720703,0.3313432835820895,800.4617604573567,2.8448275862068964,572.0433802286784,-0.0007337337811733,61.01215258496834,2108037.0,2.758411261282416,0.0916185120561954,3167.TW,2026-07-15,0.0037771626073219,0.2572442248959541,bull,0.1081330868761552,0.1276595744680851,2026-03-31,2026-05-15,1946206000.0,824053000.0,409380000.0,425365000.0,143361000.0,282004000.0,3.19,7943560000.0,5595217000.0,10404607000.0,6825735000.0,3578872000.0,1402836000.0,918708000.0,407412000.0,308759000.0,0.337030550233329,271406433.3454797,4809390000.0,0.0564326106523862,0.078796894664017,0.0271037627850816,1.907230825802096,0.4234150958326097,0.2103477226973917,0.144899358033014,1.3065981160430264,,,88.81703425043213,88.81703425043213,False,76.18589116450912,76.18589116450912,79.34367693598986,40.0,True,True,True,True,True,True,False,True,True,True,False,True,True,True,True,False,False,12,False,0.1143567926222253,0.5593223011223671,1.0,1880369004.0,0.0878003696857671,3.0,2.0,,,,,,-0.0755501802519341,-0.1976603218980053,0.2722119712169152,-0.8755632276280858,0.4142857142857142,-0.8755632276280858,0.4469617229784624,-40.0,0.9428571428571428,0.9047619047619048,0.4095238095238095,0.8628571428571428,0.8247619047619048,大量
60.09999847412109,61.20000076293945,59.59999847412109,60.29999923706055,449524.0,0.0066777579464472,60.07999954223633,0.0360824475359513,60.454999923706055,0.2364852439114537,57.39736932118733,0.3472347366415038,51.67133436203003,0.0134953852539337,50.0,752951.25,0.5970160750779018,-0.0025639018582601,3356.TW,2026-07-15,0.0037771626073219,0.2572442248959541,bull,0.27818853974122,0.1739130434782608,2026-03-31,2026-05-15,281264000.0,139594000.0,10233000.0,198018000.0,20957000.0,176986000.0,2.21,2893011000.0,391712000.0,3096581000.0,420305000.0,2676276000.0,809972000.0,50000000.0,,,0.1058338130876991,9150002.590673575,2704869000.0,0.0033827895512402,0.0661314453367291,0.0571552948235489,0.157048450907156,0.4963095170373741,0.0363821889754821,0.6292522327777462,0.0806540849572754,,,63.62657398368869,63.62657398368869,False,62.30651772080688,62.30651772080688,62.63653178652733,230.0,True,False,True,True,False,True,True,True,True,False,True,True,False,True,True,False,False,10,False,0.0505707831247546,0.1669913305233157,1.0,45402959.800543785,0.4953789279112754,1.0,3.0,,,,,,0.024560773435759,-0.0375344536328659,0.1687996924903165,-1.5031118992982957,0.5495238095238095,-1.5031118992982957,0.5457694689515955,-230.0,0.7333333333333333,0.2857142857142857,0.6190476190476191,0.7161904761904762,0.5761904761904761,奇偶
229.5,229.5,223.5,225.0,385199.0,-0.0546218487394958,233.1,0.0638297872340425,220.9,0.1904761904761904,207.95,0.1568123393316196,196.09583333333333,0.0229219726788609,49.66887417218543,681008.1,0.5656305703265497,0.0185604345857854,3617.TW,2026-07-15,0.0037771626073219,0.2572442248959541,bull,0.1820702402957486,0.2044403330249768,2026-03-31,2026-05-15,2931932000.0,1579254000.0,476843000.0,521769000.0,118652000.0,388950000.0,4.13,10475363000.0,3752308000.0,14792411000.0,5524979000.0,9267432000.0,4373481000.0,0.0,,1434491000.0,0.2274033144935785,368407321.3069385,11040103000.0,0.033369917047598,0.0419695553201793,0.026293888129528,0.5961715176329322,0.5386393681708853,0.1626378101538507,0.1326599661929403,0.0219561852265348,,,74.61371274804436,74.61371274804436,False,65.97358734765191,65.97358734765191,68.13361869775002,123.0,True,False,True,True,True,True,True,False,True,False,True,True,False,True,True,False,False,10,False,0.0819908631882664,0.1473981684125533,1.0,153226822.5,0.3373382624768946,2.0,3.0,,,,,,0.002599828970108,-0.0589985686682048,0.208794128827168,-1.4015299415948703,0.4957142857142858,-1.4015299415948703,0.5187749854590944,-123.0,0.8380952380952381,0.5714285714285714,0.5714285714285714,0.7980952380952381,0.7047619047619048,碩天
68.5999984741211,71.9000015258789,66.5999984741211,67.9000015258789,6384215.0,0.102272779347625,66.23999938964843,0.098705539872568,62.76999988555908,0.1040650654614456,63.15166657765705,0.098705539872568,60.94083318710327,0.0224792299163311,63.71681804299964,2866002.6,2.2275677628485053,0.0817269659020667,3694.TW,2026-07-15,0.0037771626073219,0.2572442248959541,bull,0.1238447319778188,0.2923219241443108,2026-03-31,2026-05-15,3021746000.0,445833000.0,144307000.0,168559000.0,13093000.0,155466000.0,1.02,6663374000.0,3898474000.0,7837919000.0,3935715000.0,3902204000.0,2023930000.0,150000000.0,,,0.0776760659472351,133097799.95135234,3939445000.0,0.0337859266854474,0.0398405618978403,0.0198351118453763,1.0085877109448915,0.1475415206969745,0.0477561648133231,0.0514490628927778,0.2655822733225752,,,56.36250297107991,56.36250297107991,False,67.7685037144525,67.7685037144525,64.91700352860936,297.0,True,False,True,True,True,False,True,True,True,False,False,True,True,True,False,False,False,10,False,0.0751893846282405,0.1141954905245434,1.0,194601580.91317293,0.3114602587800369,1.0,3.0,,,,,,0.006778688639095,-0.0575737453699927,0.2556601565543493,-0.7274204258166251,0.6695238095238096,-0.7274204258166251,0.7213378204645017,-297.0,0.6571428571428571,0.4,0.8380952380952381,0.6842857142857144,0.6161904761904762,海華
123.0,123.0,115.0,116.5,22424736.0,0.1042654028436018,113.2,0.0688073394495412,109.475,0.1592039800995024,110.0033332824707,0.8317610502365653,93.4333331743876,0.0124855491329479,64.17910447761194,12981767.35,1.7274023940969794,0.0641699018040649,3702.TW,2026-07-15,0.0037771626073219,0.2572442248959541,bull,0.1719038817005545,0.2294172062904718,2026-03-31,2026-05-15,316500457000.0,14203178000.0,8470625000.0,7205961000.0,1455173000.0,5548632000.0,3.3,434755950000.0,351739547000.0,479508376000.0,386867313000.0,92641063000.0,25004254000.0,131686606000.0,25757252000.0,5309644000.0,0.2019401714774754,6760065534.97861,127768829000.0,0.0529085661024459,0.0598938723317542,0.011571501724925,4.17598093622911,0.0448756950768004,0.0267633894759273,0.0175311974352062,0.2719338016357759,,,44.311414548255854,44.311414548255854,False,69.86092028279444,69.86092028279444,63.4735438491598,443.0,True,False,True,True,True,False,True,True,True,False,False,True,True,True,False,False,False,10,False,0.0590588168891836,0.2468783467519013,1.0,1512375896.275,0.1044362292051756,2.0,3.0,,,,,,0.0627800648400553,-0.0147406851493854,0.3410569791525837,0.3235984213298554,0.9176190476190476,0.3235984213298554,0.9409989472442302,-443.0,0.5238095238095238,0.3333333333333333,0.9904761904761904,0.5938095238095238,0.56,大聯大
49.45000076293945,50.29999923706055,47.84999847412109,49.79999923706055,5992469.0,0.0981257092098657,47.79999923706054,0.0663811225583794,46.67242698669433,0.3105262957121197,42.8149756749471,0.5068078785677375,38.60832122166951,0.0088624761029609,55.64830003822069,5525530.85,1.084505572889888,0.0670111338169288,3704.TW,2026-07-15,0.0037771626073219,0.2572442248959541,bull,0.1756007393715342,0.1359851988899167,2026-03-31,2026-05-15,6310208000.0,1515158000.0,115260000.0,112471000.0,-4740000.0,117068000.0,0.29,18987830000.0,11005308000.0,23813014000.0,11738856000.0,12074158000.0,2873308000.0,1672011000.0,,0.0,0.0,115260000.0,12807706000.0,0.0089992696584384,0.0096957485565453,0.0049161353535507,0.9722297819856258,0.240112211832003,0.0182656419566518,0.0185521618304816,-0.1030157436159499,,,23.73423412536793,23.73423412536793,False,76.67448881456663,76.67448881456663,63.43942514226695,794.0,True,True,True,True,True,True,True,True,True,True,True,True,True,True,False,False,False,14,False,0.163144401041916,0.2898773544473498,1.0,275171432.1143545,0.2726432532347504,1.0,3.0,,,,,,0.0110159574141369,-0.0870876213609956,0.3141696395485945,-1.2673210078456982,0.651904761904762,-1.2673210078456982,0.7213113123047454,-794.0,0.2095238095238095,0.3142857142857143,0.8285714285714286,0.3023809523809523,0.3647619047619047,合勤控
660.0,696.0,654.0,683.0,26358107.0,0.0928,669.6,0.1537162162162162,656.8831939697266,0.4799566630552545,582.2110646565756,1.4134275618374557,463.4846989949544,0.0389887785632152,57.06387429719838,26576252.0,0.991791731956786,0.0397586759259929,3711.TW,2026-07-15,0.0037771626073219,0.2572442248959541,bull,0.077634011090573,0.0814061054579093,2026-03-31,2026-05-15,173662152000.0,34849839000.0,17531793000.0,18200253000.0,3635258000.0,14147537000.0,3.24,337698528000.0,294501914000.0,957527444000.0,576383490000.0,381143954000.0,87811246000.0,40365151000.0,199142046000.0,1999351000.0,0.1997366739901912,14030050977.095484,663025530000.0,0.0211606496918685,0.0371186184419968,0.0147750720761586,1.5122461840231631,0.2006760747730455,0.1009534478186127,0.0814658625213857,0.1721790641369744,,,49.34794674627236,49.34794674627236,False,79.57557702155492,79.57557702155492,72.01866945273429,379.0,True,True,True,True,True,True,True,True,True,True,True,True,True,True,False,False,False,14,False,0.1731140843276073,0.4736193049760964,1.0,18151580116.0,0.011090573012939,3.0,3.0,,,,,,-0.0529856773826392,-0.2035623049037441,0.205392254555363,-1.2393482393214807,0.2961904761904762,-1.2393482393214807,0.3145345424367044,-379.0,0.580952380952381,0.7523809523809524,0.2,0.5238095238095238,0.5561904761904762,日月光投控
15.600000381469728,16.299999237060547,15.5,16.149999618530273,628228.0,0.0286624085816598,15.720000076293946,0.0766666412353516,15.325000047683716,0.1831501882685899,14.564999993642171,0.1099655949705249,14.250416644414264,0.0083895383593819,70.17545620822658,371278.6,1.6920662812238574,0.0538335770492379,4155.TW,2026-07-15,0.0037771626073219,0.2572442248959541,bull,0.1580406654343807,0.2099907493061979,2026-03-31,2026-05-15,383779000.0,122643000.0,60100000.0,74753000.0,11183000.0,55352000.0,0.39,1271738000.0,511347000.0,3888106000.0,1297683000.0,2590423000.0,305794000.0,215000000.0,678514000.0,,0.1495993471833906,51109079.234278224,3376759000.0,0.0151355424637287,0.0213679387497717,0.0142362373865321,0.5009540912816169,0.3195667298106462,0.1566005435419864,0.1442288400355413,-0.0693423930703681,,,50.12101486575806,50.12101486575806,False,73.72792371488465,73.72792371488465,67.82619650260301,364.0,True,False,True,True,True,True,True,True,True,False,True,True,True,True,False,False,False,12,False,0.1088224940322675,0.1333001709013601,1.0,5996149.248368453,0.7476894639556377,0.0,3.0,,,,,,0.0666277217951672,0.0020692023822875,0.2271906567795383,-0.9082294006922592,0.8209523809523809,-0.9082294006922592,0.801100174784833,-364.0,0.6,0.5333333333333333,0.9142857142857144,0.6471428571428571,0.6428571428571428,訊映
264.5,276.5,261.0,274.5,2272637.0,0.0578034682080925,259.0,0.14375,273.38860778808595,0.3863636363636364,249.029535929362,0.6840490797546013,211.24810129801432,0.0304356797501684,45.81640972255145,2205994.05,1.0302099409560963,0.0040652469790385,4722.TW,2026-07-15,0.0037771626073219,0.2572442248959541,bull,0.0831792975970425,0.1063829787234042,2026-03-31,2026-05-15,889642000.0,125898000.0,27621000.0,33646000.0,11429000.0,22217000.0,0.22,3540650000.0,2077602000.0,7718360000.0,4581161000.0,3137199000.0,442235000.0,743576000.0,1959978000.0,466657000.0,0.3396837662723652,18238594.691791,5640758000.0,0.0032333588308151,0.0070817949387335,0.0028784612275146,1.4602710889554664,0.1415153511187646,0.0310473201579961,0.0249729666540023,-0.0295580312389894,,,17.02384705475627,17.02384705475627,False,70.43556669355763,70.43556669355763,57.08263678385729,918.0,True,False,True,True,True,True,True,False,True,True,True,True,True,True,False,False,False,12,False,0.1022788882273899,0.2994199631302447,1.0,605545366.7249999,0.1940850277264325,2.0,3.0,,,,,,-0.0642051412667709,-0.1519718995755064,0.233977044475471,-1.879403280980647,0.2452380952380952,-1.879403280980647,0.2628143045022701,-918.0,0.1238095238095238,0.1428571428571428,0.1619047619047619,0.1295238095238095,0.1371428571428571,國精化
111.5,113.0,110.0,113.0,6510772.0,0.018018018018018,111.4,0.1414141414141414,106.65499954223633,0.6496350364963503,93.82166659037271,0.8225806451612903,77.6849999109904,0.0118590200220922,61.61789895163464,9407476.0,0.6920848907826074,0.0594908863625376,4916.TW,2026-07-15,0.0037771626073219,0.2572442248959541,bull,0.0859519408502772,0.0527289546716003,2026-03-31,2026-05-15,1057619000.0,213081000.0,73478000.0,640771000.0,90227000.0,555583000.0,4.49,3012465000.0,993243000.0,5144004000.0,1478534000.0,3665470000.0,910021000.0,58190000.0,130335000.0,14219000.0,0.1408100553864017,63131558.750317976,4150761000.0,0.0152096347513908,0.1515721039866647,0.1080059424526108,0.4033681901638807,0.2014723638663829,0.0694749243347557,0.525314881824173,0.2343609764068088,,,67.75200750418804,67.75200750418804,True,85.37423738054132,85.37423738054132,80.968679911453,182.0,True,True,True,True,True,True,True,True,True,True,True,True,False,True,True,True,False,13,False,0.2044126277713682,0.454592265295394,1.0,1063044788.0,0.1395563770794824,2.0,3.0,,,,,,-0.0361074587292915,-0.1568624134347733,0.1241178614690332,-1.854483932263554,0.1447619047619047,-1.854483932263554,0.1702063179110157,-182.0,0.7904761904761904,0.9333333333333332,0.1047619047619047,0.6876190476190476,0.6961904761904761,事欣科
1535.0,1535.0,1515.0,1515.0,827202.0,-0.0065573770491803,1502.0,0.0978260869565217,1475.0,0.2023809523809523,1433.4166666666667,0.0978260869565217,1333.75,0.0250173731758165,60.0,993161.5,0.8328977714097858,0.0271186440677966,5269.TW,2026-07-15,0.0037771626073219,0.2572442248959541,bull,0.1256931608133087,0.1933395004625347,2026-03-31,2026-05-15,3497963000.0,1778068000.0,807599000.0,1936464000.0,82474000.0,1853990000.0,24.85,10669746000.0,3568387000.0,41500017000.0,4404988000.0,37095029000.0,5726443000.0,,,,0.0425899990911269,773203359.324005,37931630000.0,0.020384132169485,0.0499794729908419,0.0446744395309524,0.1187487412396954,0.508315268057438,0.2308769418087041,0.5300199001533178,0.3940900795771613,,,87.63352452318074,87.63352452318074,False,77.54449355857598,77.54449355857598,80.06675129972717,47.0,True,True,True,True,True,True,True,True,True,False,True,True,True,True,True,False,False,13,False,0.0569152956223475,0.1358950328022492,1.0,1504639672.5,0.1062846580406654,3.0,2.0,,,,,,0.0139214672354418,-0.0821943959484357,0.2874024050157898,-1.1814071987515429,0.66,-1.1814071987515429,0.6688208356806328,-47.0,0.9333333333333332,0.923809523809524,0.780952380952381,0.9104761904761904,0.9,祥碩
187.0,191.0,183.0,190.0,184976.0,0.021505376344086,187.4,0.0382513661202186,184.375,0.1176470588235294,170.55,0.2751677852348992,158.15416666666667,0.0014937533948941,59.036144578313255,157564.65,1.1739689073659607,0.0305084745762711,5288.TW,2026-07-15,0.0037771626073219,0.2572442248959541,bull,0.2698706099815157,0.2719703977798335,2026-03-31,2026-05-15,2061135000.0,478999000.0,298138000.0,346156000.0,100630000.0,249057000.0,3.59,4729511000.0,1996750000.0,8144719000.0,2033096000.0,6111623000.0,1527526000.0,170275000.0,,0.0,0.2907070800448352,211467172.5695929,6147969000.0,0.0343962652657475,0.0407513683353832,0.0305789555170657,0.3326605715044923,0.2323957431221147,0.1446474879132128,0.120834879811366,0.0892520430725782,,,70.01559901846518,70.01559901846518,False,71.91467395247902,71.91467395247902,71.43990521897557,163.0,True,False,True,True,True,True,True,True,True,False,True,True,True,True,True,False,False,12,False,0.1140428026971562,0.2013594330426535,1.0,29937283.5,0.5415896487985212,2.0,3.0,,,,,,0.0136677513501629,-0.0482083699633402,0.1906477189747331,-1.5210461249134644,0.5009523809523808,-1.5210461249134644,0.5876028665865852,-163.0,0.8095238095238095,0.7333333333333333,0.6761904761904762,0.7895238095238095,0.76,豐祥-KY
550.0,569.0,536.0,556.0,2003963.0,0.0923379174852652,536.6,0.1817215727948991,517.9,0.3285543608124253,463.15833333333336,0.8289473684210527,400.64166666666665,0.0376678020436785,63.07692307692307,1868209.6,1.072664972923809,0.0735663255454721,5434.TW,2026-07-15,0.0037771626073219,0.2572442248959541,bull,0.0628465804066543,0.1285846438482886,2026-03-31,2026-05-15,18536692000.0,2517460000.0,1430469000.0,1720554000.0,385901000.0,1322921000.0,6.86,26594173000.0,20377745000.0,43809103000.0,24343457000.0,19465646000.0,6619207000.0,553886000.0,2499050000.0,0.0,0.2242888046524549,1109630817.8976076,23431358000.0,0.0473566584530699,0.0679618338893042,0.0301973998417634,1.25058562145844,0.1358095608428947,0.07716959422965,0.0713676960268854,0.1762262681445767,,,65.82773904429318,65.82773904429318,False,84.32836275372193,84.32836275372193,79.70320682636475,203.0,True,True,True,True,True,True,True,True,True,True,True,True,True,True,True,False,False,14,False,0.2004534086615448,0.3877737795619527,1.0,1038724537.6,0.1432532347504621,3.0,3.0,,,,,,0.0175404249982585,-0.0745775081691003,0.2180053124162664,-1.4710822993387094,0.5561904761904762,-1.4710822993387094,0.5770558804798276,-203.0,0.7619047619047619,0.9142857142857144,0.6571428571428571,0.7461904761904761,0.7866666666666666,崇越
63.0,65.30000305175781,62.400001525878906,63.09999847412109,4813897.0,0.0156802950868351,64.66719818115234,0.0973912778108014,62.3377685546875,0.554187212946369,53.7459228515625,0.926717510660186,46.53337802886963,0.0453486840666169,51.36017346711242,6517087.8,0.7386576869502971,0.0122274174566403,5471.TW,2026-07-15,0.0037771626073219,0.2572442248959541,bull,0.1284658040665434,0.0666049953746531,2026-03-31,2026-05-15,762695000.0,324634000.0,69170000.0,100354000.0,20035000.0,80319000.0,0.48,2907264000.0,471709000.0,4129482000.0,577986000.0,3551496000.0,1448788000.0,,,,0.1996432628495127,55360675.5086992,3657773000.0,0.0151350768647204,0.0226155400428439,0.019450139266862,0.1627443758911737,0.4256406558322789,0.0906915608467342,0.1053094618425451,0.2391711942393677,,,64.00671286733612,64.00671286733612,False,70.4998524483574,70.4998524483574,68.87656755310209,224.0,True,False,True,True,True,True,True,True,True,True,True,True,False,True,True,False,False,12,False,0.1740425157158995,0.3560158567248956,1.0,411228230.2357131,0.2319778188539741,1.0,3.0,,,,,,0.0153242695401728,-0.1179317174579484,0.2261168567648019,-1.514041694199958,0.4880952380952381,-1.514041694199958,0.4752623339304374,-224.0,0.7428571428571429,0.580952380952381,0.4571428571428571,0.7,0.6371428571428571,松翰
49.20000076293945,49.20000076293945,47.150001525878906,47.79999923706055,377317.0,0.0657748241539326,48.67999954223633,0.0213675217158573,46.90249996185303,0.2240717073227438,45.20416679382324,0.2010050289787603,42.614166673024485,-0.0012776199869715,56.62337332918769,559520.0,0.6743583786102374,0.0191354251039386,5484.TW,2026-07-15,0.0037771626073219,0.2572442248959541,bull,0.3530499075785582,0.1822386679000925,2026-03-31,2026-05-15,179881000.0,29551000.0,-17196000.0,22375000.0,58000.0,22317000.0,0.33,526630000.0,475954000.0,998731000.0,482926000.0,515805000.0,76148000.0,282762000.0,,,0.0025921787709497,-17151424.89385475,522777000.0,-0.0328083004681819,0.043266350655771,0.0223453562570902,0.936256918796832,0.1642808301043467,-0.0955965332636576,0.1240653543175766,1.0989859858341404,,,46.19547708121669,46.19547708121669,False,56.58423631067771,56.58423631067771,53.987046503312456,413.0,True,False,True,True,True,True,False,True,True,False,True,True,False,True,False,False,False,10,False,0.0574246275808363,0.1216926897533066,1.0,26745055.57312012,0.5591497227356746,1.0,3.0,,,,,,0.0023942440747989,-0.1023397803283232,0.3310499522372395,-0.1974287648356613,0.670952380952381,-0.1974287648356613,0.4843750169342274,-413.0,0.5428571428571428,0.0952380952380952,0.4666666666666667,0.5314285714285714,0.3933333333333333,慧友
44.70000076293945,45.150001525878906,44.45000076293945,44.59999847412109,12644212.0,0.0481785963294452,43.80999984741211,0.0469483584891434,42.597500038146975,0.1191969932717735,40.951666577657065,0.1122194556417282,40.23749993642171,0.0082845138690805,74.52827336824603,12604955.1,1.0031144022083824,0.0470097642861866,5876.TW,2026-07-15,0.0037771626073219,0.2572442248959541,bull,0.2347504621072088,0.2691951896392229,2026-03-31,2026-05-15,,,,,1276742000.0,5109024000.0,,,,2488960189000.0,2207968500000.0,280991689000.0,30954201000.0,,,,,,2488960189000.0,,0.0181821178348089,0.0020526740534378,7.857771551385635,,,,,,,9.85663137943466,9.85663137943466,False,65.1710401047219,65.1710401047219,51.34243792340008,1043.0,True,False,True,True,True,True,True,False,True,False,True,True,True,True,False,False,False,11,False,0.0890887282827832,0.1084187274207506,1.0,562180978.2263649,0.2033271719038817,1.0,3.0,,,,,,-0.0060081761472387,-0.1362971965235506,0.2259924007830889,-1.1717218365801998,0.4671428571428571,-1.1717218365801998,0.4458298392732355,-1043.0,0.0476190476190476,0.019047619047619,0.4,0.1004761904761904,0.1095238095238095,上海商銀
63.5,64.80000305175781,63.5,64.80000305175781,309299.0,0.0062112036708286,64.2400001525879,0.0485437516461684,62.47500019073486,0.1550802997196165,59.30166664123535,0.2509653283044135,56.49250001907349,0.0122326654813292,70.51284183097574,397743.5,0.7776343296622069,0.0372149316354504,6024.TW,2026-07-15,0.0037771626073219,0.2572442248959541,bull,0.2273567467652495,0.2358926919518963,2026-03-31,2026-05-15,,,-200365000.0,528439000.0,90392000.0,441039000.0,1.76,83604913000.0,73607565000.0,84532833000.0,73635548000.0,10897285000.0,7933176000.0,,,,0.1710547480409281,-166091615.40877944,10925268000.0,-0.0152025209275213,0.040472374540998,0.0052173692084825,6.757237972577573,,,,,,,16.995424717797373,16.995424717797373,False,65.3832246011993,65.3832246011993,53.28627463034882,919.0,True,False,True,True,True,True,True,True,True,False,True,True,False,True,False,False,False,11,False,0.0927180755945096,0.1470549724278351,1.0,25773780.013816837,0.5609981515711645,1.0,3.0,,,,,,0.0162192348649545,-0.066989515372717,0.287908151638098,-0.9614640617144896,0.7152380952380952,-0.9614640617144896,0.7066793027909904,-919.0,0.1142857142857142,0.0666666666666666,0.8,0.2171428571428571,0.2371428571428571,群益期
860.0,896.0,848.0,895.0,3792276.0,0.0334872979214779,872.4,0.1022167487684728,876.05,0.1917443408788282,786.7,0.5457685664939551,679.3083333333333,0.0228254524226502,52.71739130434783,4651097.6,0.8153507679563637,0.0216311854346213,6139.TW,2026-07-15,0.0037771626073219,0.2572442248959541,bull,0.1201478743068391,0.2025901942645698,2026-03-31,2026-05-15,20346268000.0,3810888000.0,3500691000.0,3755759000.0,771489000.0,2227075000.0,9.45,80079673000.0,54933867000.0,86440236000.0,56432727000.0,30007509000.0,42080764000.0,1694774000.0,301468000.0,0.0,0.2054149374334189,2781596777.261268,31506369000.0,0.0882868088436743,0.0742172567539678,0.0257643327119097,1.8806201807687533,0.1873015729469404,0.1720556811696376,0.1094586486327615,0.6849960227627989,,,75.64712525562624,75.64712525562624,False,68.93050914967439,68.93050914967439,70.60966317616236,113.0,True,False,True,True,True,True,True,True,True,False,True,True,True,True,True,False,False,12,False,0.1376636583195627,0.3175165916311935,1.0,4162732352.0,0.0425138632162661,3.0,3.0,,,,,,0.0182524914456055,-0.0361627237884568,0.4055415931064827,-0.6704732044748897,0.8466666666666667,-0.6704732044748897,0.8737424363761983,-113.0,0.8476190476190476,0.6761904761904762,0.9714285714285714,0.8661904761904762,0.820952380952381,亞翔
544.0,590.0,540.0,585.0,2251400.0,0.0714285714285714,554.6,0.0943759750274231,554.9322326660156,0.4828897338403042,483.6977610270182,1.146788990825688,387.9988805135091,0.0109560015950003,56.8421052631579,1700913.95,1.3236413282400323,0.0541827732541906,6196.TW,2026-07-15,0.0037771626073219,0.2572442248959541,bull,0.1321626617375231,0.0795559666975023,2026-03-31,2026-05-15,14308544000.0,1941121000.0,1179768000.0,1386251000.0,277186000.0,1112712000.0,5.08,46337341000.0,36023511000.0,57381180000.0,39725563000.0,17655617000.0,12671163000.0,1883857000.0,1404012000.0,0.0,0.1999536880406218,943869037.3676916,21357669000.0,0.0441934481411661,0.0630231160995393,0.0193915844881544,2.2500240574996613,0.1356616717955369,0.0824519951156455,0.0777655644068327,0.0790146048289421,,,51.54752142541584,51.54752142541584,False,81.6385801126839,81.6385801126839,74.11581544086688,346.0,True,True,True,True,True,True,True,True,True,True,True,True,True,True,False,False,False,14,False,0.2094329292694892,0.507736308995953,1.0,995034660.75,0.1497227356746765,3.0,3.0,,,,,,0.0261796119632927,-0.0993653234582657,0.2389426876251825,-1.3286761882701377,0.6123809523809524,-1.3286761882701377,0.6702686501206851,-346.0,0.6190476190476191,0.8476190476190476,0.7904761904761904,0.6447619047619048,0.7219047619047618,帆宣
69.0,73.69999694824219,69.0,70.9000015258789,8718001.0,0.0426470812629251,71.08000030517579,0.1435484117077243,68.47000045776367,0.3453510531206358,60.736666933695474,0.8344113512752735,55.7129168510437,0.0492682574140282,50.59101650582412,10257045.65,0.8499524422024971,0.0354900109810019,6202.TW,2026-07-15,0.0037771626073219,0.2572442248959541,bull,0.0841035120147874,0.123959296947271,2026-03-31,2026-05-15,825585000.0,330355000.0,55209000.0,86457000.0,15086000.0,68431000.0,0.3,4419323000.0,1032349000.0,5479665000.0,1377619000.0,4102046000.0,932254000.0,400000000.0,,,0.1744913656499762,45575506.19383046,4447316000.0,0.0102478677462609,0.0166821629986596,0.0124881721784087,0.335837043270602,0.4001465627403598,0.0668725812605607,0.0828878916162478,0.0849555614839034,,,49.258241412318746,49.258241412318746,False,72.3354131309581,72.3354131309581,66.56612020129826,381.0,True,False,True,True,True,True,True,True,True,True,True,True,True,True,False,False,False,13,False,0.1673344143707862,0.2725953967809655,1.0,727224552.2360096,0.1691312384473197,1.0,3.0,,,,,,-0.0323546609747247,-0.1350632961831969,0.2249977627714915,-1.5698252813935294,0.3461904761904762,-1.5698252813935294,0.3258481641105285,-381.0,0.5619047619047619,0.4952380952380952,0.219047619047619,0.5104761904761904,0.4733333333333333,盛群
353.0,357.0,332.5,335.0,19292857.0,-0.1486658195679796,362.6,0.2984496124031008,345.89268951416017,0.1879432624113475,293.78922983805336,1.8632478632478635,219.69878158569333,0.0841580167246187,49.52263441183467,24879814.4,0.7754421592469758,-0.0314915285704939,6213.TW,2026-07-15,0.0037771626073219,0.2572442248959541,bull,0.0360443622920517,0.2062904717853839,2026-03-31,2026-05-15,9143071000.0,1044251000.0,424199000.0,483404000.0,168881000.0,314523000.0,0.87,27657471000.0,15422932000.0,39926715000.0,18831086000.0,21095629000.0,3563235000.0,3355253000.0,1984813000.0,,0.3493578869847994,276001733.69893503,24503783000.0,0.0112636376880637,0.0149093918934581,0.0078775075785723,0.8926534496790781,0.11421228162835,0.0463956804010381,0.0344001484840268,0.206199391931416,,,35.19697595463791,35.19697595463791,False,68.76140733660384,68.76140733660384,60.37029949111236,601.0,True,False,True,True,False,True,True,False,True,False,True,True,False,True,False,False,False,9,False,0.1402732502640189,0.5248150107256444,1.0,8334737823.999999,0.0231053604436229,2.0,3.0,,,,,,-0.147015234667596,-0.2880581338474807,0.1420914291370268,-2.2570376190745223,0.0342857142857142,-2.2570376190745223,0.0363741268011295,-601.0,0.3428571428571428,0.2,0.019047619047619,0.2942857142857142,0.2352380952380952,聯茂
25.5,27.100000381469727,25.5,26.299999237060547,18022.0,0.1434782276982846,24.349999618530276,0.1311827628843245,22.72499990463257,0.4900849748148925,23.58583323160808,0.5470587786506205,21.45208320617676,0.0112359533872934,71.42856656288645,24185.05,0.7451710870971944,0.1573157028572398,6225.TW,2026-07-15,0.0037771626073219,0.2572442248959541,bull,0.0961182994454713,0.0786308973172988,2026-03-31,2026-05-15,6077000.0,806000.0,-9048000.0,-3081000.0,0.0,-3081000.0,-0.11,98414000.0,17953000.0,120780000.0,37244000.0,83536000.0,54546000.0,,18622000.0,,-0.0,-9048000.0,102827000.0,-0.087992453343966,-0.03688230224095,-0.0255091902632886,0.4458437081018961,0.1326312325160441,,-0.5069935823597169,-0.3481711895312668,,,17.320265078618256,17.320265078618256,False,70.1506785837034,70.1506785837034,56.94307520743212,907.0,True,False,True,True,True,False,True,True,True,True,False,True,False,False,False,False,False,9,False,0.1150761128004218,0.2259881235910885,1.0,636066.7965482712,0.967652495378928,0.0,3.0,,,,,,0.0761010543875017,-0.0995772005979798,0.3306076099507685,-0.98652640929186,0.7885714285714286,-0.98652640929186,0.8320710493049281,-907.0,0.1619047619047619,0.1333333333333333,0.9333333333333332,0.2776190476190476,0.3076190476190476,天瀚
43.59999847412109,43.59999847412109,43.59999847412109,43.59999847412109,965626.0,0.0899999618530271,39.67999954223633,0.3974358143577619,39.92250003814697,0.4509151274902323,35.69333321253459,0.2421652526927307,34.21916659673055,0.0597955868104862,48.678409544066525,1537445.0,0.6280718985069385,0.0921159354364122,6243.TW,2026-07-15,0.0037771626073219,0.2572442248959541,bull,0.0240295748613678,0.0925069380203515,2026-03-31,2026-05-15,90026000.0,53797000.0,-16222000.0,-1659000.0,-162000.0,,-0.03,918796000.0,84467000.0,1150484000.0,381040000.0,769444000.0,591361000.0,,,291585000.0,0.0976491862567811,-14637934.900542496,1066017000.0,-0.0137314272666782,,,0.4952147264778203,0.5975718125874747,-0.1801923888654388,,-0.455927768074601,,,38.55396498905318,38.55396498905318,False,79.64276725668454,79.64276725668454,69.3705666897767,549.0,True,True,True,True,True,True,True,False,True,True,True,True,False,True,False,False,False,12,False,0.221516584469894,0.274139694515144,1.0,67032599.6540451,0.4380776340110905,1.0,3.0,,,,,,0.0906976931651753,-0.0485477863192276,0.4774565922404014,-1.2728024477506126,0.8547619047619047,-1.2728024477506126,0.4301148793970742,-549.0,0.4476190476190476,0.6190476190476191,0.3523809523809524,0.4333333333333333,0.48,迅杰
231.5,240.5,230.5,237.5,6765852.0,-0.0286298568507157,237.2,0.1098130841121496,238.19483032226563,0.3231197771587744,218.68161010742188,0.9874476987447698,179.56580505371093,0.0257299300912765,49.80311000627539,11260862.95,0.6008289089425425,-0.0029170671812044,6257.TW,2026-07-15,0.0037771626073219,0.2572442248959541,bull,0.1118299445471349,0.1304347826086956,2026-03-31,2026-05-15,5293776000.0,1675935000.0,1184017000.0,1379715000.0,258007000.0,1005655000.0,2.1,19127174000.0,10312177000.0,43878954000.0,19347117000.0,24531837000.0,11717635000.0,668430000.0,8022848000.0,,0.1870002138122728,962605567.8426342,33566777000.0,0.0286773307977299,0.0409938725746465,0.0229188462423238,0.7886534139290099,0.3165859303453716,0.2236620892157129,0.1899693149086776,0.1299871008670361,,,71.51600240927145,71.51600240927145,False,68.38423209836856,68.38423209836856,69.16717467609428,155.0,True,False,True,True,False,True,True,False,True,True,True,True,False,True,True,False,False,10,False,0.0860538290500698,0.3226348965993835,1.0,2674454950.625,0.0646950092421441,2.0,3.0,,,,,,-0.0354267480347305,-0.1592647845013812,0.2231895185234759,-1.5141544454851217,0.3219047619047619,-1.5141544454851217,0.3477137925120542,-155.0,0.819047619047619,0.6095238095238096,0.2476190476190476,0.7333333333333333,0.6419047619047619,矽格
1090.0,1130.0,1075.0,1080.0,711548.0,-0.0526315789473684,1085.0,0.1960132890365449,1065.8,0.3971539456662354,873.3333333333334,0.0746268656716417,859.6,0.046851979176898,56.71140939597316,1300919.25,0.546957853071972,0.0133233252017264,6409.TW,2026-07-15,0.0037771626073219,0.2572442248959541,bull,0.0563770794824399,0.1054579093432007,2026-03-31,2026-05-15,4204594000.0,1097283000.0,761311000.0,497580000.0,106071000.0,391509000.0,4.46,12925624000.0,6848461000.0,17835228000.0,7506620000.0,10328608000.0,7086998000.0,,489300000.0,,0.2131737610032557,599019470.8368503,10986767000.0,0.0545219053827982,0.0379053014694719,0.0219514435139264,0.7267794459814914,0.2609724030429573,0.1810664715784687,0.0931145789581586,-0.1581824756109622,,,62.88856390334461,62.88856390334461,False,77.0174163109497,77.0174163109497,73.48520320904842,235.0,True,True,True,True,True,True,True,True,True,True,True,True,False,True,True,False,False,13,False,0.2366412213740456,0.2563983248022334,1.0,1404992790.0,0.1136783733826247,3.0,3.0,,,,,,0.0630250909461007,-0.0136325478840527,0.2175878579498451,-0.8471657918443878,0.780952380952381,-0.8471657918443878,0.7912726872641705,-235.0,0.7238095238095238,0.8380952380952381,0.9047619047619048,0.7509523809523809,0.7942857142857143,旭隼
380.0,395.5,377.5,394.5,1789839.0,-0.0235148514851485,389.7,0.0749318801089917,380.175,0.2725806451612902,358.92884470621743,0.34412265758092,320.3060890197754,0.0129413903862316,60.3960396039604,1491998.65,1.1996250800897172,0.0376800157822054,6414.TW,2026-07-15,0.0037771626073219,0.2572442248959541,bull,0.1598890942698706,0.154486586493987,2026-03-31,2026-05-15,37112748000.0,7463263000.0,1991965000.0,2414012000.0,571474000.0,751782000.0,5.15,113547832000.0,89321445000.0,170294132000.0,107066225000.0,63227907000.0,26537871000.0,13786805000.0,9111537000.0,0.0,0.236732046071022,1520403049.848137,80972687000.0,0.0187767394930112,0.0118900345697035,0.0044146089543472,1.693338117296845,0.2010970192775808,0.0536733361808724,0.0202567053240034,0.0767958564505,,,30.957982203301764,30.957982203301764,False,80.4736390521083,80.4736390521083,68.09472483990666,665.0,True,True,True,True,True,True,True,True,True,True,True,True,True,True,False,False,False,14,False,0.0991036407867902,0.2316344069738989,1.0,588593467.425,0.1959334565619223,2.0,3.0,,,,,,0.0148201224631929,-0.0550459098650824,0.1800829726714388,-1.7263592313361078,0.4461904761904762,-1.7263592313361078,0.4269538328266583,-665.0,0.3047619047619048,0.5619047619047619,0.3428571428571428,0.3104761904761905,0.3895238095238095,樺漢
1235.0,1320.0,1210.0,1320.0,2157334.0,-0.0419409541394298,1268.0,0.3319878910191725,1211.1383117675782,1.0060790273556233,936.5794372558594,1.5531914893617025,798.398051961263,0.0673282986991001,60.71550256962775,3101940.35,0.6954788798566033,0.0898837789001532,6446.TW,2026-07-15,0.0037771626073219,0.2572442248959541,bull,0.0258780036968576,0.0268270120259019,2026-03-31,2026-05-15,5121378000.0,4500097000.0,2087077000.0,2335581000.0,185954000.0,2149627000.0,5.79,30923112000.0,4737365000.0,40089669000.0,5635458000.0,34454211000.0,24175410000.0,,43340000.0,,0.0796178766653779,1920908360.822853,35352304000.0,0.0543361575761187,0.0623908351870254,0.0536204726459577,0.1635636932739513,0.8786887044853944,0.4075225456898514,0.4197360554132111,0.572274143110902,,,96.8555062833974,96.8555062833974,False,90.72719124082366,90.72719124082366,92.25927000146709,13.0,True,True,True,True,True,True,True,True,True,True,True,True,False,True,True,False,True,14,False,0.4093839214189323,0.653310647185853,1.0,4094561262.0,0.0452865064695009,3.0,0.0,,,,,,-0.0397838581502858,-0.1173798883172239,0.1835048621666957,-1.6463372970582395,0.2676190476190476,-1.6463372970582395,0.260688704392859,-13.0,0.9714285714285714,1.0,0.1523809523809524,0.8485714285714286,0.8161904761904761,藥華藥
41.59999847412109,42.95000076293945,39.75,42.20000076293945,8410316.0,0.1188942257655603,40.65,0.316692722854798,35.13416595458985,0.2214182834966034,34.34888865152995,0.1870605251362802,34.991944281260174,0.0575678596109307,74.10847360506872,4127047.35,2.0378530428055304,0.2011100766553573,6477.TW,2026-07-15,0.0037771626073219,0.2572442248959541,bull,0.0304990757855822,0.185013876040703,2026-03-31,2026-05-15,225003000.0,55733000.0,28969000.0,2480000.0,2731000.0,-1883000.0,-0.02,1126619000.0,970864000.0,8000687000.0,4658638000.0,3342049000.0,436913000.0,100000000.0,2224579000.0,625813000.0,0.4,17381400.0,7029823000.0,0.0024725231346507,-0.0005634268079253,-0.0002353547889075,1.3939466477002582,0.2476989195699613,0.1287493944525184,-0.0083687773051914,0.5421093032500377,,,38.3258266980446,38.3258266980446,False,80.8109054687022,80.8109054687022,70.1896357760378,554.0,True,True,True,True,True,True,True,False,True,False,False,True,True,False,False,False,False,10,False,0.2285696108266899,0.2059918826956845,1.0,174161401.31868726,0.3262476894639556,1.0,3.0,,,,,,-0.0044982048029271,-0.12695326360329,0.2507231722486042,-1.7212061275367718,0.4,-1.7212061275367718,0.3449870006625772,-554.0,0.4380952380952381,0.6666666666666666,0.2285714285714285,0.4066666666666666,0.4647619047619047,安集
186.0,193.0,177.5,188.5,5581390.0,-0.0527638190954773,192.3,0.484251968503937,172.1,1.1618840142587503,129.05948905944825,1.5483348304382942,103.59308738708496,0.1121163166397414,62.63736263736264,5862568.45,0.9520383510404896,0.0952934340499709,6525.TW,2026-07-15,0.0037771626073219,0.2572442248959541,bull,0.0157116451016635,0.0203515263644773,2026-03-31,2026-05-15,1357265000.0,354799000.0,259528000.0,263032000.0,54316000.0,208716000.0,1.62,4515911000.0,2461742000.0,7258717000.0,2873578000.0,4385139000.0,1712193000.0,,,,0.2064995894035706,205935574.5612701,4796975000.0,0.0429302997329087,0.0475962107472533,0.0287538417601898,0.6552991820783788,0.2614073154468729,0.1912139486393593,0.1537768969213823,0.1176875549161651,,,76.8341855135769,76.8341855135769,False,90.14169017271058,90.14169017271058,86.81481400792717,101.0,True,True,True,True,True,True,True,True,True,True,True,False,True,True,True,False,False,13,False,0.4605667616828379,0.8196194819028093,1.0,1105094152.825,0.1358595194085027,2.0,3.0,,,,,,-0.0111293225199884,-0.1323732962142226,0.2816027130700259,-1.369509084383833,0.4923809523809524,-1.369509084383833,0.5117262436430335,-101.0,0.8857142857142857,0.9809523809523808,0.5428571428571428,0.8342857142857142,0.8457142857142856,捷敏-KY
23.950000762939453,24.450000762939453,22.0,23.350000381469727,1081084.0,-0.1524500534265328,25.840000534057616,0.5777027081450552,22.535000133514405,0.8906882315975222,16.883333333333333,0.5311475659980149,15.52833333015442,0.1379876340190233,55.71776110552314,1932134.3,0.5595283930314782,0.0361659748447589,6573.TW,2026-07-15,0.0037771626073219,0.2572442248959541,bull,0.011090573012939,0.0314523589269195,2026-03-31,2026-05-15,177165000.0,19611000.0,-29218000.0,-30795000.0,299000.0,-31901000.0,-0.4,593681000.0,844611000.0,1742505000.0,1060888000.0,681617000.0,142291000.0,375223000.0,96727000.0,,0.0,-29218000.0,897894000.0,-0.0325405894236958,-0.0468019430266557,-0.0183075514847877,1.5564283167820052,0.1106934213868427,-0.164919707617193,-0.1800637823497869,-0.232147810408793,,,8.074411592906632,8.074411592906632,False,81.02565074630557,81.02565074630557,62.78784095795584,1061.0,True,True,True,True,True,True,True,True,True,True,True,False,False,True,False,False,False,12,False,0.3830207530979108,0.5037029335354644,1.0,45115336.64205074,0.4972273567467652,0.0,3.0,,,,,,0.0405295895546721,-0.0934342758072289,0.2913435517198715,-0.5153030687627392,0.7704761904761904,-0.5153030687627392,0.7847697155750273,-1061.0,0.0285714285714285,0.2952380952380952,0.8857142857142857,0.1571428571428571,0.28,虹揚-KY
161.0,161.5,158.5,161.5,533864.0,-0.063768115942029,163.4,0.0015503875968991,162.55,0.3686440677966101,152.13731104532877,0.4292035398230087,133.10198885599772,0.0048329505560631,53.6,753502.1,0.708510301431144,-0.0064595509074131,6579.TW,2026-07-15,0.0037771626073219,0.2572442248959541,bull,0.4510166358595194,0.1137835337650323,2026-03-31,2026-05-15,2410208000.0,839483000.0,209639000.0,579998000.0,59278000.0,478353000.0,3.81,8204597000.0,3230317000.0,16153300000.0,3705611000.0,12447689000.0,2371477000.0,604174000.0,110376000.0,,0.102203800702761,188213097.42447388,12922983000.0,0.0145642145799057,0.0384290610088346,0.0296133297840069,0.2976946965818314,0.3483031340033723,0.0869796299738445,0.1984695926658612,0.2307120407887111,,,67.71294718591793,67.71294718591793,False,60.402690357866376,60.402690357866376,62.23025456487926,183.0,True,False,False,True,False,True,True,True,False,True,True,True,False,True,True,False,False,9,False,0.0615410440104442,0.2133552728105807,1.0,121690589.15,0.3641404805914972,2.0,3.0,,,,,,0.003709015388412,-0.0942651536680261,0.2474311799743034,-1.1936546649377828,0.5619047619047619,-1.1936546649377828,0.5771554327717252,-183.0,0.780952380952381,0.2666666666666666,0.6666666666666666,0.7638095238095237,0.6038095238095238,研揚
4950.0,5160.0,4870.0,5095.0,930401.0,0.0089108910891089,5008.0,0.0742950355798663,4886.881201171875,0.2801507537688441,4725.350746663412,0.2442002442002442,4247.4253733317055,0.1270002396344232,64.70588235294117,1450742.15,0.6413276129048846,0.0425872433277523,6669.TW,2026-07-15,0.0037771626073219,0.2572442248959541,bull,0.1608133086876155,0.1489361702127659,2026-03-31,2026-05-15,276507734000.0,20881168000.0,17458392000.0,17934386000.0,3819977000.0,14114409000.0,75.95,395619318000.0,257883938000.0,432576398000.0,292412129000.0,140164269000.0,70996229000.0,72191879000.0,9594000000.0,18686968000.0,0.2129973671805658,13739800468.793749,174692460000.0,0.0786513651979813,0.1006990519102982,0.0326287080507799,2.086210209536355,0.0755174826321494,0.0631388921656708,0.0510452593705751,0.6202705683581411,,,65.40144535951697,65.40144535951697,False,75.88348636920823,75.88348636920823,73.26297611678541,208.0,True,True,True,True,True,True,True,True,True,True,True,True,False,True,True,False,False,13,False,0.0782268392663971,0.1995502103438846,1.0,7391531254.25,0.0249537892791127,3.0,3.0,,,,,,-0.0144873893373288,-0.1325212828899134,0.2127416269859759,-0.0076951958182904,0.4680952380952381,-0.0076951958182904,0.5296027635372809,-208.0,0.7523809523809524,0.8095238095238095,0.580952380952381,0.7266666666666667,0.7352380952380952,緯穎
98.1999969482422,101.0,97.3000030517578,101.0,151297.0,-0.0098039215686274,99.5999984741211,0.033776900254214,100.12999954223632,0.2784810126582278,97.07333323160807,0.2559372602117991,86.83512897491455,0.0082062102703158,50.6631297587574,254088.05,0.5954510650933801,0.0086887092953265,6756.TW,2026-07-15,0.0037771626073219,0.2572442248959541,bull,0.2892791127541589,0.150786308973173,2026-03-31,2026-05-15,414892000.0,185087000.0,-50699000.0,46990000.0,8682000.0,44595000.0,0.64,1744541000.0,848091000.0,3944534000.0,980235000.0,2964299000.0,833541000.0,,113508000.0,,0.1847627154713768,-41331715.08831666,3096443000.0,-0.0133481272183329,0.0150440289592918,0.0113055179648597,0.3306802046622152,0.4461088668858401,-0.1221980660027187,0.1074858035344137,0.0636156451162206,,,42.16370730947515,42.16370730947515,False,63.27602800098978,63.27602800098978,57.99794782811112,478.0,True,False,True,True,True,True,True,True,True,True,True,True,False,True,False,False,False,12,False,0.0404505195986548,0.1631237402684975,1.0,25662893.05,0.5628465804066544,2.0,3.0,,,,,,0.0027726760766236,-0.0962509972399029,0.2703547098634168,-1.3429277729190587,0.5642857142857143,-1.3429277729190587,0.6655511083743841,-478.0,0.5047619047619047,0.1619047619047619,0.7714285714285715,0.5447619047619048,0.4552380952380953,威鋒電子
299.0,320.5,296.0,318.5,7502894.0,0.0425531914893617,307.6,0.0143312101910828,310.425,0.6719160104986877,288.7135187784831,0.6545454545454545,234.75675938924152,-0.003690642142819,55.17241379310345,6583552.25,1.1396422045560586,0.0260127244906176,8028.TW,2026-07-15,0.0037771626073219,0.2572442248959541,bull,0.3844731977818854,0.0490286771507863,2026-03-31,2026-05-15,1303393000.0,489754000.0,332381000.0,332398000.0,46053000.0,,1.61,2930820000.0,2266985000.0,12808707000.0,7375773000.0,5432934000.0,946326000.0,,3815318000.0,970842000.0,0.1385477650286704,286330355.3120055,10541722000.0,0.0271616302642021,,,1.35760401285935,0.3757531304832848,0.2550121106987685,,0.2041204902978814,,,76.71005758993898,76.71005758993898,False,59.09640343118514,59.09640343118514,63.4998169708736,103.0,True,False,True,True,True,True,False,True,True,True,True,True,True,True,True,False,False,12,False,0.1031696795755889,0.35672344783013,1.0,2096861391.625,0.077634011090573,2.0,3.0,,,,,,0.0949750550627528,-0.0057077365495693,0.3594569714218392,-1.1898721219564152,0.9047619047619048,-1.1898721219564152,0.8303445844411492,-103.0,0.8666666666666667,0.3428571428571428,0.923809523809524,0.8752380952380953,0.720952380952381,昇陽半導體
75.69999694824219,81.19999694824219,75.5999984741211,81.19999694824219,12354151.0,0.0973170543860892,76.24798278808593,0.0684210124768709,74.79431915283203,0.3693085664914286,69.57477296193441,0.2210525856878524,68.15655314127604,0.0148851529183149,57.35891860190496,8719835.4,1.416787179262581,0.0856439080930868,8131.TW,2026-07-15,0.0037771626073219,0.2572442248959541,bull,0.1728280961182994,0.1119333950046253,2026-03-31,2026-05-15,2944616000.0,575751000.0,474525000.0,532938000.0,106587000.0,,0.96,10084552000.0,1987699000.0,15073124000.0,2470053000.0,12603071000.0,3860003000.0,,,,0.1999988741654751,379620534.236628,13085425000.0,0.0290109441792397,,,0.1959881841497203,0.1955266832755103,0.1611500446917357,,0.3203354134130391,,,75.64747800444505,75.64747800444505,False,83.58139507839742,83.58139507839742,81.59791580990932,112.0,True,True,True,True,True,True,True,True,True,True,True,True,True,True,True,False,False,14,False,0.1670896431479285,0.1913747571701503,1.0,708050607.8691742,0.1728280961182994,1.0,3.0,,,,,,0.0682490869340162,-0.0427068701257216,0.2759386609484468,-1.4020669826932546,0.7695238095238095,-1.4020669826932546,0.7625238563255097,-112.0,0.8571428571428571,0.9428571428571428,0.8571428571428571,0.8571428571428571,0.8828571428571428,福懋科
107.0,114.0,105.0,114.0,57284669.0,0.0704225352112675,113.4,0.2204706890180729,105.7684326171875,0.6913946204619676,92.90942408243816,0.9256756508585484,77.1288787206014,0.0478007231356866,61.74973934409156,59807562.25,0.9578164841520522,0.0778263152731533,8150.TW,2026-07-15,0.0037771626073219,0.2572442248959541,bull,0.0508317929759704,0.0471785383903792,2026-03-31,2026-05-15,6935628000.0,955465000.0,519677000.0,598149000.0,93257000.0,504892000.0,0.72,24338841000.0,9986027000.0,44831224000.0,20223938000.0,24607286000.0,12386933000.0,2903639000.0,9181032000.0,,0.1559093135656834,438654515.6541263,34845197000.0,0.0125886651079667,0.0205179880463046,0.0112620614596648,0.8218678809194968,0.1377618580465965,0.0749286149718525,0.0727968685748428,0.2536536129791198,,,43.57847362995483,43.57847362995483,False,87.9480653080669,87.9480653080669,76.85566738853888,456.0,True,True,True,True,True,True,True,True,True,True,True,True,True,True,False,False,False,14,False,0.2270014707964207,0.4780456022570205,1.0,6818062096.5,0.0277264325323475,2.0,3.0,,,,,,0.0248310863336117,-0.1153053133419701,0.2605136037282519,-1.6042169892692544,0.540952380952381,-1.6042169892692544,0.4703527103800203,-456.0,0.5142857142857142,0.8857142857142857,0.4476190476190476,0.5042857142857142,0.6123809523809524,南茂
41.900001525878906,42.29999923706055,40.0,41.95000076293945,1393671.0,0.0294478714831767,40.91999969482422,0.2124278211837424,38.98500003814697,0.1083223898046292,37.03416639963786,-0.0455062563203977,37.96416641871134,0.0427979135580417,68.29268595256626,2521793.65,0.5526506897184074,0.0760549114246817,8222.TW,2026-07-15,0.0037771626073219,0.2572442248959541,bull,0.0526802218114602,0.2886216466234967,2026-03-31,2026-05-15,234428000.0,59230000.0,30441000.0,31763000.0,6251000.0,,0.37,1130042000.0,553253000.0,2167379000.0,1240916000.0,926463000.0,201023000.0,300000000.0,681477000.0,,0.1968013096999653,24450171.33142336,1614126000.0,0.0151476225099052,,,1.3394123672505,0.2526575323766785,0.1298522360810142,,-0.074709104974818,,,42.06809671107272,42.06809671107272,False,74.43897707371862,74.43897707371862,66.34625698305715,479.0,True,False,True,True,True,True,True,True,True,False,True,True,False,True,False,False,False,11,False,0.132737815946889,0.1049893813094133,1.0,105789245.54147586,0.3807763401109057,1.0,3.0,,,,,,0.0165486999344254,-0.0543449719238789,0.2123783972075826,-1.684459680992915,0.5071428571428571,-1.684459680992915,0.5472481599367714,-479.0,0.4952380952380952,0.4666666666666667,0.6285714285714286,0.5152380952380953,0.5133333333333334,寶一
76.19999694824219,77.30000305175781,74.5999984741211,76.5999984741211,2191212.0,0.0323450353718075,74.74000091552735,0.0337381923276707,74.63500022888184,0.2619439458209929,68.02666676839193,-0.0472637186522276,71.29750000635782,0.0066086794264538,60.326082224202366,1868158.85,1.1729259532721212,0.0263281066418332,9914.TW,2026-07-15,0.0037771626073219,0.2572442248959541,bull,0.2902033271719039,0.1600370027752081,2026-03-31,2026-05-15,5323065000.0,883503000.0,277586000.0,414150000.0,86163000.0,325661000.0,1.09,16669153000.0,11726544000.0,36194817000.0,15729956000.0,20464861000.0,3921684000.0,5780249000.0,308878000.0,,0.2080478087649402,219834840.9561753,24468273000.0,0.0089844853764781,0.0159131791806453,0.0089974484468314,0.7686324378162158,0.1659763688777048,0.0521477757645266,0.0611792266297706,-0.2965963236341542,,,27.385384545181456,27.385384545181456,False,75.1792360842191,75.1792360842191,63.23077319945969,726.0,True,True,True,True,True,True,True,True,True,True,True,True,True,True,False,False,False,14,False,0.1260289841176327,0.0743714501530969,1.0,143100965.05941582,0.3456561922365989,1.0,3.0,,,,,,0.0155690276482749,-0.0373826371658269,0.1572075159308312,-1.866919937929139,0.4371428571428571,-1.866919937929139,0.4402880043320294,-726.0,0.2666666666666666,0.3047619047619048,0.3904761904761905,0.2852380952380952,0.3028571428571429,美利達
81.0,81.69999694824219,79.0,80.0,1989417.0,0.0796221544854611,77.31999969482422,0.04302481333845,76.07499885559082,0.1560694151451427,72.28833351135253,-0.0980833962521866,76.22500012715658,0.007015690189233,61.80257356143365,1745008.55,1.1400614627360994,0.0515938377056015,9921.TW,2026-07-15,0.0037771626073219,0.2572442248959541,bull,0.2513863216266174,0.2349676225716928,2026-03-31,2026-05-15,12523541000.0,2458803000.0,-191441000.0,-170563000.0,-23472000.0,-199773000.0,-0.51,48200680000.0,28731484000.0,72341005000.0,34909460000.0,37431545000.0,13787267000.0,9060327000.0,1863857000.0,,0.1376148402643011,-165095877.36496192,43609521000.0,-0.0037857759860504,-0.0053370225567766,-0.0027615458203822,0.9326214026164296,0.1963344871869705,-0.0152864912567459,-0.0159517982973026,-0.2568048701835493,,,14.870530982450036,14.870530982450036,False,76.15913671691716,76.15913671691716,60.83698528330039,962.0,True,True,True,True,True,True,True,True,True,False,True,True,True,True,False,False,False,13,False,0.1066792677885759,0.049524432489945,1.0,139600684.0,0.3493530499075785,1.0,3.0,,,,,,0.0021367692726254,-0.1046595595802708,0.2134325423430416,-1.6055841226234102,0.3961904761904761,-1.6055841226234102,0.3467095355008784,-962.0,0.0857142857142857,0.2095238095238095,0.238095238095238,0.1085714285714285,0.1533333333333333,巨大
10.800000190734863,10.850000381469728,10.600000381469728,10.800000190734863,1071114.0,0.0536585551936452,10.610000038146971,0.0589253469580988,10.28982834815979,0.1261730989462446,9.957385619481403,0.0821643974058528,9.880859470367431,0.0063739668707976,61.62790611711405,1117828.0,0.9582100287342954,0.0495802092428792,9934.TW,2026-07-15,0.0037771626073219,0.2572442248959541,bull,0.1931608133086876,0.2627197039777983,2026-03-31,2026-05-15,4675859000.0,1599481000.0,215608000.0,179015000.0,65010000.0,114005000.0,0.28,10184466000.0,6401709000.0,16132102000.0,9818930000.0,6313172000.0,2756002000.0,2012873000.0,1745714000.0,,0.3631539256486886,137309108.39873755,9730393000.0,0.0141113630660896,0.0180582756180252,0.0070669649869558,1.5553084883478543,0.3420721197965978,0.0461108857217465,0.0243816162976685,0.0629297965528301,,,37.04526496126525,37.04526496126525,False,76.07119364140763,76.07119364140763,66.31471147137204,573.0,True,True,True,True,True,True,True,True,True,False,True,True,True,True,False,False,False,13,False,0.0846220688294827,0.0930223451840321,1.0,12072542.61320877,0.6626617375231053,0.0,3.0,,,,,,0.0535926356431567,-0.0062286353596665,0.2161321235995817,-0.7782863307334117,0.7652380952380953,-0.7782863307334117,0.6540829387181304,-573.0,0.3714285714285714,0.4571428571428571,0.7523809523809524,0.4285714285714286,0.4733333333333333,成霖
242.5,246.0,230.0,242.0,6901588.0,0.04946469711343,240.9,0.4404761904761904,201.71771011352536,0.4578313253012047,175.0475700378418,0.6406779661016948,167.39045168558758,0.0991729898370099,71.48739001225711,5665177.95,1.218247345610741,0.1996963472557962,2645.TW,2026-07-15,0.0037771626073219,0.2572442248959541,bull,0.0194085027726432,0.0906567992599444,2026-03-31,2026-05-15,4739309000.0,1305235000.0,1129183000.0,1207034000.0,241407000.0,,2.58,13801123000.0,5763087000.0,24644332000.0,11985704000.0,12658628000.0,5852316000.0,,4064780000.0,,0.2000001656954153,903346212.8995538,18881245000.0,0.0478435724391878,,,0.9468406844722824,0.2754061826312654,0.2382589951404308,,0.1311939511921276,,,76.79149551810622,76.79149551810622,False,83.9700528154116,83.9700528154116,82.17541349108527,102.0,True,True,True,True,True,True,True,True,True,True,True,False,True,False,True,False,False,12,False,0.3824813446292594,0.4457216499693355,1.0,1370973063.9,0.1164510166358595,2.0,3.0,,,,,,0.1245157652747264,-0.0016816292102828,0.3656290542193077,-1.3425326403475892,0.8966666666666667,-1.3425326403475892,0.7100323657181216,-102.0,0.8761904761904762,0.961904761904762,0.8095238095238095,0.8661904761904762,0.8885714285714286,長榮航太
18.850000381469727,19.39999961853028,18.600000381469727,19.25,3436125.0,-0.0855106556912114,19.65999984741211,0.2379421070020115,18.5524998664856,0.3414633789736814,15.531666628519694,0.1390532801487776,15.612916628519692,0.052176375257391,51.78571023097543,6443095.1,0.5333034739779023,0.0375960187863637,6901.TW,2026-07-15,0.0037771626073219,0.2572442248959541,bull,0.044362292051756,0.125809435707678,2026-03-31,2026-05-15,-336282000.0,-336282000.0,-368333000.0,-355932000.0,,,-0.42,3753329000.0,61616000.0,8991685000.0,124302000.0,8867383000.0,2733439000.0,,,,,-294666400.0,8930069000.0,-0.0329971022620317,,,0.0140178900584309,,,,-0.3844968362944836,,,33.33333333333333,33.33333333333333,False,73.65689691128568,73.65689691128568,63.57600601679759,624.0,True,False,True,True,True,True,True,True,True,True,True,True,False,True,False,False,False,12,False,0.2394033725043127,0.2329534870401179,1.0,124029580.675,0.3585951940850277,0.0,3.0,,,,,,0.0233699156341417,-0.0827823634845807,0.1833771796064599,-1.5701157878581016,0.4809523809523809,-1.5701157878581016,0.4172066665506195,-624.0,0.3142857142857143,0.3523809523809524,0.3333333333333333,0.3171428571428571,0.3295238095238095,鑽石投資
1000.0,1040.0,988.0,1035.0,583983.0,0.0998937300743889,1012.2,0.0370741482965932,1002.8,0.1225596529284165,956.5,0.3986486486486487,864.0666666666667,0.0111929010789552,54.64190981432361,541708.25,1.078039701259857,0.0321100917431194,6944.TW,2026-07-15,0.0037771626073219,0.2572442248959541,bull,0.2754158964879852,0.2664199814986124,2026-03-31,2026-05-15,4706862000.0,1277717000.0,1059601000.0,1065706000.0,292637000.0,773069000.0,10.08,14742669000.0,8305817000.0,17618791000.0,8758959000.0,8859832000.0,7117376000.0,1066667000.0,108500000.0,,0.2745944941663085,768640399.3868853,9312974000.0,0.0825343654333068,0.0872554919777259,0.0438775282594588,0.9886145696667836,0.2714583516576436,0.2251183484878035,0.1642429712194663,0.5484097000990853,,,89.06912245037437,89.06912245037437,True,66.33865073956902,66.33865073956902,72.02126866727036,38.0,True,False,True,True,True,True,True,True,True,False,True,True,True,True,True,True,False,12,False,0.0820700470465238,0.1978242419566391,1.0,560668038.75,0.2042513863216266,3.0,2.0,,,,,,-0.0139839771106793,-0.0402826936433617,0.328525803587606,-1.0868116285736409,0.679047619047619,-1.0868116285736409,0.7541444948387795,-38.0,0.9523809523809524,0.7619047619047619,0.8476190476190476,0.9366666666666664,0.8742857142857142,兆聯實業
130.0,134.5,129.0,133.0,62111.0,-0.0111524163568773,134.4,0.0350194552529183,133.625,0.3168316831683169,126.38333333333334,0.7780747937666626,102.3116668065389,0.0016866566716641,47.82608695652174,110837.3,0.5603799442967304,-0.0046772684752104,6902.TW,2026-07-15,0.0037771626073219,0.2572442248959541,bull,0.2837338262476894,0.1341350601295097,2026-03-31,2026-05-15,303108000.0,270006000.0,54853000.0,59461000.0,1440000.0,58021000.0,1.64,1078196000.0,463883000.0,1330963000.0,573834000.0,757129000.0,350032000.0,217790000.0,71245000.0,,0.0242175543633642,53524594.49050638,867080000.0,0.061729707167166,0.0766329119608415,0.0435932478964479,0.7579078334075171,0.8907914010847618,0.1809684996766829,0.191420219855629,0.2658403354325711,,,94.24551695550784,94.24551695550784,False,63.13460870933157,63.13460870933157,70.91233577087564,20.0,True,False,True,True,False,True,True,False,True,True,True,True,False,True,True,False,False,10,False,0.0523539496241591,0.2999494989314333,1.0,14741360.9,0.6377079482439926,2.0,1.0,,,,,,0.0130444928863174,-0.0601173085106135,0.1548975259700233,-1.0677368301949806,0.5133333333333334,-1.0677368301949806,0.4375318617039442,-20.0,0.961904761904762,0.6952380952380952,0.3714285714285714,0.8733333333333333,0.7638095238095238,GOGOLOOK
959.0,1025.0,950.0,1025.0,820093.0,0.0677083333333332,942.0,0.2592137592137591,902.3,0.28125,776.1,2.134556574923548,680.6708333333333,0.05928621742193,68.52791878172589,271814.85,3.017101530692676,0.1359858140308101,6949.TW,2026-07-15,0.0037771626073219,0.2572442248959541,bull,0.0415896487985212,0.1480111008325624,2026-03-31,2026-05-15,6368000.0,-1205000.0,-88755000.0,-87174000.0,0.0,-76584000.0,-1.18,2495035000.0,259818000.0,3291024000.0,368950000.0,2922074000.0,2248325000.0,100000000.0,,,-0.0,-88755000.0,3031206000.0,-0.0292804250189528,-0.026208781844676,-0.0232705686740661,0.1262630583619716,-0.1892273869346733,,,-0.4668452779638312,,,16.666666666666664,16.666666666666664,False,81.68767881331266,81.68767881331266,65.43242577665116,925.0,True,True,True,True,True,True,True,True,True,True,True,True,False,True,False,False,False,13,False,0.3207060945754412,0.5058673734857158,1.0,278610221.25,0.2717190388170055,3.0,3.0,,,,,,-0.1690584781442355,-0.368524861401405,0.0610750480344172,-1.791077988636208,0.0266666666666666,-1.791077988636208,0.0323503056418252,-925.0,0.1047619047619047,0.4285714285714285,0.0095238095238095,0.0904761904761904,0.1828571428571428,沛爾生醫-創
96.0,96.0,92.0999984741211,95.0,380111.0,0.0650223668689966,92.76000061035155,0.2369791175135327,84.10288619995117,0.2148338069997257,77.87262865702311,0.0021096723818987,78.83298091888427,0.0528273361300624,72.53986976233637,509062.05,0.7466889350718641,0.1295688446903165,4590.TW,2026-07-15,0.0037771626073219,0.2572442248959541,bull,0.0452865064695009,0.1877890841813136,2026-03-31,2026-05-15,267545000.0,80743000.0,-23964000.0,81129000.0,16211000.0,,1.21,3151635000.0,1382797000.0,6125098000.0,2598258000.0,3526840000.0,2037662000.0,565000.0,505331000.0,,0.1998175744801489,-19175571.64515771,4742301000.0,-0.0040435163531706,,,0.7367099159587619,0.3017922218692183,-0.0895699788820572,,,,,35.37011980056409,35.37011980056409,False,78.94667770138213,78.94667770138213,68.05253822617762,597.0,True,True,True,True,True,True,True,False,True,False,True,True,False,True,False,False,False,11,False,0.2199408397835329,0.2050793829266826,1.0,48360894.75,0.4870609981515711,1.0,3.0,,,,,,0.0367072311621312,-0.0494108575251969,0.2912810193587161,-1.6304027522988356,0.6666666666666666,-1.6304027522988356,0.5909266684249191,-597.0,0.3523809523809524,0.5523809523809524,0.6857142857142857,0.4023809523809524,0.479047619047619,富田-創
562.0,600.0,550.0,592.0,557894.0,0.008517887563884,560.4,0.5044472681067345,527.05,0.3585360633676324,433.22773793538414,1.1637773961284217,404.6030700683594,0.0989939008497106,71.57107231920199,854636.05,0.6527854751739058,0.1232330898396738,7795.TW,2026-07-15,0.0037771626073219,0.2572442248959541,bull,0.0147874306839186,0.1174838112858464,2026-03-31,2026-05-15,417748000.0,164583000.0,45923000.0,46458000.0,30360000.0,16098000.0,0.21,3862664000.0,1062319000.0,4174097000.0,1361173000.0,2812924000.0,2813974000.0,298396000.0,,,0.4,27553800.0,3111778000.0,0.008854680507414,0.0057228705787998,0.0038566425265153,0.4838996716583882,0.3939767515344178,0.1099299098978331,0.0385351934659172,,,,44.88151404428712,44.88151404428712,False,81.61928179733628,81.61928179733628,72.434839859074,435.0,True,True,True,True,True,True,True,True,True,True,True,False,False,True,False,False,False,12,False,0.3664868339715974,0.4631624023514678,1.0,505944541.6,0.210720887245841,3.0,3.0,,,,,,-0.0084570289400748,-0.2176610708431885,0.2614015531376619,-1.5990412908205864,0.3652380952380952,-1.5990412908205864,0.3655662712306803,-435.0,0.5333333333333333,0.8,0.2761904761904762,0.4947619047619047,0.5619047619047618,長廣
