Open,High,Low,Close,Volume,ret5,ma5,ret20,ma20,ret60,ma60,ret120,ma120,ma20_slope,rsi14,volume_ma20,volume_ratio,ma20_deviation,symbol,date,benchmark_ret20,benchmark_ret60,market_regime,rs20_rank_pct,rs60_rank_pct,period_date,as_of_date,revenue,gross_profit,operating_income,pretax_income,tax_expense,net_income_parent,eps,current_assets,current_liabilities,assets,liabilities,equity,cash,short_borrowings,long_borrowings,bonds_payable,tax_rate,nopat,invested_capital_proxy,roic_proxy,roe,roa,debt_to_equity,gross_margin,operating_margin,net_margin,revenue_growth,pe,pb,eva_like_score,fundamental_score,fundamental_pass,technical_score,score,final_score,fundamental_rank,pass_market,pass_score,pass_rs20,pass_rs60,pass_close_ma20,pass_ma20_ma60,pass_ma20_slope,pass_rsi,pass_ret20_benchmark,pass_ret60_benchmark,pass_ret5_cap,pass_ret20_cap,pass_volume_ratio,pass_ma20_deviation,pass_fundamental_score,pass_fundamental_filter,pass_fundamental_universe,entry_pass_count,entry_all_pass,close_ma60_ratio,close_ma120_ratio,above_ma120,turnover20,liquidity_rank,price_bucket,eva_rank_bucket,forward_60d_return,forward_60d_max_drawdown,reward_60,fwd60_rank_label,top_quantile_60,reg_forward60,reg_reward60,cls_topq60,rank_forward60,ensemble_score,ranker_score,stable_ensemble_score,fundamental_rank_score,fundamental_score_rank,final_score_rank,stable_ml_rank,fund_ml_85_15,fund_final_ml,name
177.0,189.5,174.0,188.5,60869986.0,-0.057499999999999996,186.8,0.2006369426751593,181.0,0.7534883720930232,165.95684700012208,1.377049088850213,125.60759010314942,0.005695235449367999,56.64739884393064,91374898.8,0.6661565353219302,0.04143646408839774,1303.TW,2026-08-25,0.07462686449952072,-0.010426525821052968,neutral,0.09758364312267657,0.008364312267657992,2026-03-31,2026-05-15,68596393000.0,8188671000.0,3741833000.0,16080166000.0,1405348000.0,14254717000.0,1.8,193418745000.0,131197270000.0,647743623000.0,247168932000.0,400574691000.0,42831248000.0,24400300000.0,40333444000.0,51357530000.0,0.0873963614554725,3414810410.6259847,516546353000.0,0.0066108499088096,0.0355856655956329,0.0220067268805825,0.6170358176722652,0.1193746586646327,0.054548538725644,0.207805634911445,0.046448302712712,,,40.56631725411971,40.56631725411971,False,80.48019806691767,80.48019806691767,70.50172786371817,500.0,True,True,True,True,True,True,True,True,True,True,True,True,False,True,False,False,False,13,False,0.13583743851111696,0.500705489574341,1.0,17224168423.8,0.008364312267657992,2.0,3.0,,,,,,-0.08401961632462314,-0.20130313112031764,0.15898951781971946,-1.7237414774036226,0.11956521739130434,-1.7237414774036226,0.15172864508147307,-500.0,0.45652173913043476,0.6521739130434783,0.10869565217391304,0.4043478260869565,0.44565217391304346,南亞
11.100000381469728,11.199999809265137,10.800000190734863,11.050000190734863,4373692.0,0.05741630549483423,10.960000038146973,0.10610615054078787,10.292000102996827,0.06763282932031478,10.418000062306723,-0.12992123175675452,11.061916677157084,0.018858592091975757,68.85812566451928,2938599.25,1.4883594624207435,0.07364944424333242,1316.TW,2026-08-25,0.07462686449952072,-0.010426525821052968,neutral,0.21096654275092938,0.19888475836431227,2026-03-31,2026-05-15,1897267000.0,610043000.0,55716000.0,79483000.0,38515000.0,-63701000.0,-0.19,17988375000.0,10662365000.0,26109463000.0,12103585000.0,14005878000.0,2458006000.0,6168829000.0,315546000.0,409198000.0,0.4,33429600.0,15447098000.0,0.0021641346484627,-0.0045481618503316,-0.002439766761959,0.8641789540077387,0.3215377698552707,0.0293664518488963,-0.0335751372895854,1.492291666119324,,,36.14498711992685,36.14498711992685,False,65.17474989379346,65.17474989379346,57.91730920032681,589.0,True,False,True,True,True,False,True,True,True,True,True,True,True,True,False,False,False,12,False,0.06066424694263306,-0.0010772533160395836,0.0,32471522.272993326,0.48977695167286245,0.0,3.0,,,,,,-0.020173173436717436,-0.09997292948451114,0.2628371842254011,-1.6649574828845344,0.41195652173913044,-1.6649574828845344,0.34569520586187863,-589.0,0.3804347826086957,0.16304347826086957,0.25,0.3608695652173913,0.2891304347826087,上曜
29.350000381469727,29.75,28.850000381469727,29.0,12717449.0,0.04316549625439259,29.200000381469728,0.05839417531917257,27.71499996185303,0.15768466599773667,27.635304164886474,0.024735009957977727,27.06723540623983,0.017250871031585506,67.16418122894798,19232206.3,0.6612579337816276,0.046364785852990975,1402.TW,2026-08-25,0.07462686449952072,-0.010426525821052968,neutral,0.3466542750929368,0.10130111524163568,2026-03-31,2026-05-15,61298588000.0,13425322000.0,4896381000.0,7132853000.0,1579509000.0,3092903000.0,0.61,166621578000.0,157755773000.0,679737079000.0,356159064000.0,323578015000.0,47148878000.0,35989865000.0,71488233000.0,85137297000.0,0.2214414064049827,3812119505.065365,521981306000.0,0.0073031724723593,0.0095584460520285,0.0045501460719932,1.1006899340797305,0.2190151916712991,0.0798775495448606,0.0504563498265245,-0.0379277396462631,,,28.35795292059996,28.35795292059996,False,69.08248576620026,69.08248576620026,58.90135255480019,711.0,True,False,True,True,True,True,True,True,False,True,True,True,False,True,False,False,False,11,False,0.0493823345301736,0.0714060584596905,1.0,557733982.7,0.1579925650557621,0.0,3.0,,,,,,-0.010733701080786444,-0.08612315820877539,0.17062206515407405,-1.5293558626517583,0.37934782608695655,-1.5293558626517583,0.2878871568773468,-711.0,0.25,0.21739130434782608,0.20652173913043478,0.2434782608695652,0.2315217391304348,遠東新
19.399999618530277,19.600000381469727,19.299999237060547,19.600000381469727,335453.0,-0.03921564960883006,19.940000152587892,0.053763439757573916,19.497499847412108,0.3066666920979817,18.491666571299234,-0.011109856880046065,17.744060349464416,0.024431896090711853,51.02041213525359,353683.0,0.9484566688249082,0.005257111673793613,1414.TW,2026-08-25,0.07462686449952072,-0.010426525821052968,neutral,0.3680297397769517,0.03717472118959108,2026-03-31,2026-05-15,113452000.0,12596000.0,-7033000.0,11377000.0,382000.0,10995000.0,0.06,876335000.0,611698000.0,4159720000.0,1289474000.0,2870246000.0,113194000.0,505000000.0,,,0.033576514019513,-6796856.376900765,3548022000.0,-0.0019156748117403,0.0038306821087809,0.0026432067543007,0.4492555690348492,0.1110249268413073,-0.0619909741564714,0.0969132320276416,-0.1489036091252128,,,15.88871955373819,15.88871955373819,False,63.467832416434476,63.467832416434476,51.5730542007604,935.0,True,False,True,True,True,True,True,True,False,True,True,True,True,True,False,False,False,12,False,0.059936934613061155,0.10459500224035989,1.0,6932186.934919357,0.6812267657992565,0.0,3.0,,,,,,0.0020483438791759714,-0.05859137173380081,0.20738633982598764,-1.607377724714603,0.46304347826086956,-1.607377724714603,0.44965771273214833,-935.0,0.13043478260869565,0.06521739130434782,0.391304347826087,0.16956521739130434,0.16304347826086957,東和
11.949999809265137,11.949999809265137,11.75,11.899999618530272,396941.0,0.01709400107056047,11.889999961853027,0.10185179707117786,11.31749997138977,0.11219412454220667,11.124085092544556,0.030302980261088575,11.264596541722616,0.021435018105889866,75.60972319269504,690562.1,0.5748085508891959,0.05146893294570698,1416.TW,2026-08-25,0.07462686449952072,-0.010426525821052968,neutral,0.21933085501858737,0.14776951672862454,2026-03-31,2026-05-15,106290000.0,37155000.0,-1172000.0,46263000.0,10052000.0,32464000.0,0.18,1356031000.0,642549000.0,6390787000.0,1821021000.0,4569766000.0,186939000.0,269000000.0,825653000.0,,0.217279467392949,-917348.4642154636,5748238000.0,-0.0001595877665843,0.0071040836664284,0.0050798125489082,0.3984932707714136,0.3495625176404177,-0.0110264371060306,0.3054285445479349,0.2931758178920345,,,41.68034930051946,41.68034930051946,False,69.01491417670235,69.01491417670235,62.181272957656624,486.0,True,False,True,True,True,True,True,False,True,True,True,True,False,True,False,False,False,11,False,0.06975086216355342,0.056407086969711084,1.0,8217688.726571463,0.6589219330855018,0.0,3.0,,,,,,0.044143778930516867,-0.019769485900083716,0.2708658668604091,-1.1608445146130695,0.7755434782608696,-1.1608445146130695,0.6607633999295899,-486.0,0.4891304347826087,0.29347826086956524,0.7391304347826086,0.5266304347826087,0.48043478260869565,廣豐
29.700000762939453,29.75,29.649999618530277,29.649999618530277,173090.0,0.017152658886559813,29.499999618530275,0.12358866021869641,28.55321283340454,0.158203092840268,26.163221645355225,0.04585535166025112,26.534110800425214,0.028030867625420477,59.29202613708332,59155.55,2.9260145497759718,0.038412027099192114,1439.TW,2026-08-25,0.07462686449952072,-0.010426525821052968,neutral,0.17100371747211895,0.09944237918215613,2026-03-31,2026-05-15,75912000.0,22864000.0,4904000.0,59736000.0,1630000.0,54161000.0,0.59,3556714000.0,2128037000.0,6084300000.0,2619482000.0,3464818000.0,685342000.0,1313697000.0,338000000.0,,0.0272867282710593,4770185.884558725,3956263000.0,0.0012057302268728,0.0156317012899378,0.0089017635553802,0.7560229714807531,0.3011908525661292,0.0646011170829381,0.7134708609969438,-0.4434481696811513,,,31.08546525604612,31.08546525604612,False,78.68708251797445,78.68708251797445,66.78667820249237,659.0,True,True,True,True,True,True,True,True,True,True,True,True,True,True,False,False,False,14,False,0.13327020733297434,0.11742955479235917,1.0,1753962.034933949,0.8605947955390335,0.0,3.0,,,,,,0.021778960202279814,-0.009596349298001116,0.17846632035388688,-1.1967794558050833,0.6260869565217391,-1.1967794558050833,0.4852589763767859,-659.0,0.29347826086956524,0.5434782608695652,0.43478260869565216,0.31467391304347825,0.3967391304347826,雋揚
10.0,10.050000190734863,9.850000381469728,9.9399995803833,853960.0,-0.006000041961669922,10.005999946594239,0.11434971921134118,9.447500038146973,0.10199546296339368,9.536486260096233,0.21219509897453248,9.06107646226883,0.026511648385344477,72.427973041229,1341803.85,0.6364268518084815,0.05213014450888798,1455.TW,2026-08-25,0.07462686449952072,-0.010426525821052968,neutral,0.1895910780669145,0.1579925650557621,2026-03-31,2026-05-15,1265739000.0,26904000.0,-45175000.0,-32149000.0,-5368000.0,-26781000.0,-0.05,3072494000.0,1880065000.0,9399593000.0,3651618000.0,5747975000.0,484215000.0,608371000.0,1509426000.0,,0.1669725341379203,-37632015.77031945,7519528000.0,-0.0050045715329897,-0.004659206068224,-0.0028491659160135,0.6352877317664047,0.0212555669059735,-0.0356906123616322,-0.0211583904738654,-0.319428201806952,,,12.511705122929076,12.511705122929076,False,59.70663224067251,59.70663224067251,47.90790046123665,1000.0,True,False,True,True,True,False,True,False,True,True,True,True,False,True,False,False,False,10,False,0.04231257816366796,0.09699985666983268,1.0,13337529.705956697,0.5938661710037175,0.0,3.0,,,,,,0.05222522636202373,-0.006559109846216241,0.18025884899134356,-1.329722456465748,0.675,-1.329722456465748,0.662092606309121,-1000.0,0.06521739130434782,0.03260869565217391,0.75,0.16793478260869565,0.19239130434782611,集盛
33.25,33.599998474121094,32.54999923706055,33.25,1295577.0,0.04068855104906555,33.20999946594238,0.11018361111843489,31.264999866485596,0.543351316665714,32.061996905008954,0.332665289910103,27.67844869295756,-0.004933170255632673,57.755775078953505,2282567.55,0.5675963456152701,0.06348952956952414,1515.TW,2026-08-25,0.07462686449952072,-0.010426525821052968,neutral,0.20074349442379183,0.01486988847583643,2026-03-31,2026-05-15,1050350000.0,154824000.0,-4490000.0,14779000.0,3226000.0,12904000.0,0.07,3269060000.0,3141849000.0,7565435000.0,3655094000.0,3910341000.0,1971793000.0,512612000.0,499226000.0,,0.2182826984234386,-3509910.68407876,4423586000.0,-0.0007934537011552,0.0032999679567587,0.0017056520874212,0.934725130110136,0.1474022944732708,-0.004274765554339,0.0122854286666349,0.0353447485591325,,,19.09740408546057,19.09740408546057,False,60.292047729465686,60.292047729465686,49.99338681846441,870.0,True,False,True,True,True,False,False,True,True,True,True,True,False,True,False,False,False,10,False,0.03705330951502428,0.20129564950871148,1.0,75895371.0375,0.3643122676579926,1.0,3.0,,,,,,-0.008759290425302572,-0.09848856037673855,0.2306127806114854,-1.6150361758920804,0.42065217391304344,-1.6150361758920804,0.43130121708954655,-870.0,0.15217391304347827,0.05434782608695652,0.34782608695652173,0.1815217391304348,0.16195652173913044,力山
34.400001525878906,35.0,32.849998474121094,33.75,8290774.0,0.03211006766246216,32.90999984741211,0.37474546023818944,28.657499980926513,0.7307692307692308,25.089166673024497,1.0579268771363903,21.7375,0.06050513240712194,73.81702885426967,8262860.95,1.003378133816956,0.17770217299006852,1709.TW,2026-08-25,0.07462686449952072,-0.010426525821052968,neutral,0.03066914498141264,0.00929368029739777,2026-03-31,2026-05-15,2424471000.0,492933000.0,320616000.0,344786000.0,79982000.0,264726000.0,0.55,5694389000.0,2189161000.0,12130526000.0,3134319000.0,8996207000.0,600735000.0,285000000.0,20699000.0,,0.2319757762786192,246240854.51265424,9941365000.0,0.0247693203612033,0.0294264015934715,0.021823126218929,0.34840449980753,0.2033156923716555,0.1322416312671919,0.1091891798252072,-0.0753599255550004,,,52.52750676874495,52.52750676874495,False,83.87573475826397,83.87573475826397,76.03867776088421,330.0,True,True,True,True,True,True,True,False,True,True,True,True,True,False,False,False,False,12,False,0.3452021121246527,0.5526164462334675,1.0,278871557.0625,0.22490706319702602,1.0,3.0,,,,,,0.0017407477720352105,-0.14902050749248502,0.27650966218862105,-0.9766068219452564,0.5505434782608696,-0.9766068219452564,0.6191226368934292,-330.0,0.5978260869565217,0.7608695652173914,0.6630434782608695,0.6076086956521739,0.6597826086956522,和益
15.399999618530272,16.299999237060547,15.199999809265137,15.899999618530272,8941989.0,0.05999997456868478,15.429999923706054,0.15217386947612654,14.472499895095826,0.16483516944173093,15.195833206176758,0.2719999694824218,14.34166661898295,-0.004813473203994174,71.27660092534839,5523264.8,1.618968006024263,0.09863532449692203,1710.TW,2026-08-25,0.07462686449952072,-0.010426525821052968,neutral,0.137546468401487,0.09386617100371747,2026-03-31,2026-05-15,5345825000.0,88577000.0,-176669000.0,-219291000.0,-8101000.0,-127331000.0,-0.15,7085020000.0,12457768000.0,36888664000.0,23663579000.0,13225085000.0,2362413000.0,9628981000.0,8250000000.0,,0.0369417805564295,-170142532.57087615,24430896000.0,-0.0069642362920654,-0.0096279910488287,-0.0034517650191939,1.7892950404477552,0.0165693789078392,-0.0330480328106513,-0.0238187744641846,-0.1284074295508901,,,6.405846346837272,6.405846346837272,False,61.588495330737096,61.588495330737096,47.792833084762144,1061.0,True,False,True,True,True,False,False,True,True,True,True,True,True,True,False,False,False,11,False,0.04633944074006324,0.10865773420535918,1.0,87819908.21304168,0.3475836431226766,0.0,3.0,,,,,,0.009868782987631816,-0.04178935399041806,0.22110737261750085,-1.5007763460158803,0.5532608695652174,-1.5007763460158803,0.5613144218100741,-1061.0,0.010869565217391304,0.021739130434782608,0.5652173913043478,0.09402173913043478,0.125,東聯
16.549999237060547,16.600000381469727,15.949999809265137,16.5,10031429.0,-0.013062719260717004,16.743999862670897,0.20879124257269366,15.737677717208863,0.6819571145996643,16.245059219996133,0.7151767355807068,12.954529627164204,0.03135817947136661,63.62946554307874,19516105.0,0.5140077387368023,0.04843931210750063,1714.TW,2026-08-25,0.07462686449952072,-0.010426525821052968,neutral,0.08828996282527882,0.011152416356877323,2026-03-31,2026-05-15,7139550000.0,802314000.0,490214000.0,535557000.0,131252000.0,223134000.0,0.23,17219321000.0,4978429000.0,25588223000.0,7499378000.0,18088845000.0,5982998000.0,888587000.0,1280870000.0,,0.2450756875551995,370074466.90081537,20609794000.0,0.01795624288631,0.0123354476197899,0.0087201835000421,0.414585784775092,0.1123759900834086,0.0686617503904307,0.0312532302456037,0.3342708703208805,,,45.10051143692903,45.10051143692903,False,73.18747166741282,73.18747166741282,66.16573160979188,432.0,True,False,True,True,True,False,True,True,True,True,True,True,False,True,False,False,False,11,False,0.015693434942364526,0.2736857666681576,1.0,322015732.5,0.21468401486988847,0.0,3.0,,,,,,-0.02617212896706902,-0.11685626213019298,0.254311426779339,-1.6897475405546507,0.3554347826086956,-1.6897475405546507,0.368844678446382,-432.0,0.532608695652174,0.4891304347826087,0.29347826086956524,0.4967391304347826,0.4717391304347826,和桐
88.4000015258789,88.4000015258789,86.69999694824219,87.4000015258789,303995.0,0.011574073869668577,87.34000244140626,0.04295940743459892,84.95000114440919,0.04171632820436155,85.16539789835612,0.26483362454213966,81.96186542510986,0.0019461052411371982,61.783462085528,565919.25,0.537170276501462,0.028840498510469548,1723.TW,2026-08-25,0.07462686449952072,-0.010426525821052968,neutral,0.41728624535315983,0.2527881040892193,2026-03-31,2026-05-15,1277807000.0,319750000.0,181223000.0,217086000.0,38207000.0,178879000.0,0.77,3402849000.0,1696462000.0,11518279000.0,3468337000.0,8049942000.0,782501000.0,937470000.0,1000000000.0,,0.1759993735201717,149327865.5325539,9821817000.0,0.0152036904711779,0.0222211538915435,0.0155300110372391,0.4308524210484994,0.2502334077055455,0.1418234522114842,0.139989059380642,-0.2447011744956525,,,46.187073211591255,46.187073211591255,False,57.69457148468275,57.69457148468275,54.81769691640987,413.0,True,False,False,True,True,False,True,True,False,True,True,True,False,True,False,False,False,9,False,0.026238398254062822,0.06634958919691702,1.0,49461343.313524246,0.4191449814126394,1.0,3.0,,,,,,0.010812574142285472,-0.027790617670790836,0.2202110654120584,-1.4913292234847224,0.5804347826086956,-1.4913292234847224,0.607272296233948,-413.0,0.5652173913043478,0.10869565217391304,0.6086956521739131,0.5717391304347825,0.4369565217391304,中碳
35.599998474121094,36.54999923706055,35.0,36.34999847412109,2126965.0,0.1065449060144481,35.369999694824216,0.15031639352247494,33.33499984741211,0.24914082466019516,31.861666615804037,0.2448629289166453,30.840833361943567,0.025929055254106635,68.5446038818252,2069459.55,1.0277876656250662,0.09044543694344864,1808.TW,2026-08-25,0.07462686449952072,-0.010426525821052968,neutral,0.13940520446096655,0.05483271375464684,2026-03-31,2026-05-15,5392216000.0,1474911000.0,1229561000.0,1153602000.0,211319000.0,942283000.0,1.06,46784978000.0,26633648000.0,51660398000.0,37973630000.0,13686768000.0,5845055000.0,11570200000.0,207356000.0,10980553000.0,0.1831818946222353,1004327686.4663897,25026750000.0,0.0401301681787043,0.068846275468394,0.0182399485191732,2.774477509957062,0.2735259492572256,0.2280251755493474,0.1747487489373571,173.44891620834682,,,72.1127428848662,72.1127428848662,False,78.8328164457731,78.8328164457731,77.15279805554637,149.0,True,True,True,True,True,True,True,True,True,True,False,True,True,True,True,False,False,13,False,0.14086933720192607,0.17863217402470144,1.0,75224851.4847553,0.3652416356877323,1.0,3.0,,,,,,0.032880154520952935,-0.09057928629783285,0.23955605421358542,-0.7310903339164757,0.6793478260869565,-0.7310903339164757,0.7154505791610042,-149.0,0.7934782608695652,0.8260869565217391,0.782608695652174,0.7918478260869565,0.8010869565217391,潤隆
11.5,11.699999809265137,11.449999809265137,11.600000381469728,126294.0,0.01754392716069586,11.500000190734863,0.06422025572821477,11.282500076293946,0.12621360841374085,11.225,0.0,11.255416663487752,0.011656589543652236,61.11111503569569,118514.9,1.0656381602650806,0.02814095307146447,1906.TW,2026-08-25,0.07462686449952072,-0.010426525821052968,neutral,0.33271375464684017,0.12732342007434944,2026-03-31,2026-05-15,824072000.0,66019000.0,17339000.0,-4285000.0,-126000.0,,-0.03,476045000.0,2439937000.0,5842498000.0,2763272000.0,3079226000.0,170426000.0,1450000000.0,,,0.0294049008168028,16829148.424737457,3402561000.0,0.0049460240168324,,,0.897391747146848,0.0801131454533099,0.0210406372258734,,0.0185447947514918,,,24.0907540514816,24.0907540514816,False,74.60410479946077,74.60410479946077,61.97576711246598,783.0,True,False,True,True,True,True,True,True,False,True,True,True,True,True,False,False,False,12,False,0.033407606367013676,0.030614923310639863,1.0,1374772.8852098465,0.8949814126394052,0.0,3.0,,,,,,0.01746736688855446,-0.014792762885228206,0.17194132192607955,-1.3514774369033131,0.5858695652173913,-1.3514774369033131,0.5341367349211814,-783.0,0.22826086956521738,0.2826086956521739,0.5217391304347826,0.27228260869565213,0.30326086956521736,寶隆
10.850000381469728,11.100000381469728,10.850000381469728,11.0,2670063.0,-0.009009043066040667,11.099999809265137,0.0945273424114903,10.45600004196167,0.21681416442674517,10.129833380381266,0.18790493824083554,9.738749996821086,0.025248799491111806,70.11953992592497,4665928.0,0.5722469356578156,0.05202753977191743,1909.TW,2026-08-25,0.07462686449952072,-0.010426525821052968,neutral,0.241635687732342,0.07063197026022305,2026-03-31,2026-05-15,10760215000.0,1109471000.0,15988000.0,29258000.0,59036000.0,-27240000.0,-0.02,14658431000.0,22767425000.0,70430999000.0,49630869000.0,20800130000.0,2240646000.0,8614561000.0,26455684000.0,0.0,0.4,9592800.0,47663574000.0,0.0002012606104611,-0.0013096071995703,-0.0003867615167576,2.386084558125358,0.1031086274763097,0.0014858439166875,-0.0025315479291073,0.0525224624933875,,,8.894222198109352,8.894222198109352,False,70.32075842585061,70.32075842585061,54.9641243689153,1044.0,True,False,True,True,True,True,True,True,True,True,True,True,False,True,False,False,False,12,False,0.08590137536753661,0.12950840750513248,1.0,51325208.0,0.4144981412639405,0.0,3.0,,,,,,-0.017789838855691322,-0.07330449584680346,0.2835656470824706,-1.2808788881696815,0.541304347826087,-1.2808788881696815,0.5148991386021261,-1044.0,0.021739130434782608,0.11956521739130435,0.4782608695652174,0.09021739130434783,0.1423913043478261,榮成
42.09999847412109,42.150001525878906,41.0,41.25,4186523.0,0.06451612903225801,40.210000610351564,0.13480059784231924,38.750000190734866,0.029962566436930738,38.91439221700033,-0.02018998824058349,39.54844614664714,0.020397292844432553,63.20754071918546,2659023.15,1.574459026428559,0.06451612379250737,2009.TW,2026-08-25,0.07462686449952072,-0.010426525821052968,neutral,0.1570631970260223,0.2871747211895911,2026-03-31,2026-05-15,799069000.0,89698000.0,74091000.0,76674000.0,0.0,,0.21,2492291000.0,1725805000.0,10283213000.0,1994285000.0,8288928000.0,115317000.0,1048111000.0,,,0.0,74091000.0,8557408000.0,0.0086581123629958,,,0.2405962508058943,0.1122531345853737,0.0927216548258035,,0.2957994749140937,,,52.89939291590058,52.89939291590058,False,70.81941524110931,70.81941524110931,66.33940965980713,326.0,True,False,True,True,True,False,True,True,True,True,True,True,True,True,False,False,False,12,False,0.06001912531424125,0.04302454379733245,1.0,109684704.9375,0.3243494423791822,1.0,3.0,,,,,,-0.04969042870860559,-0.14564066955288307,0.1614432427697149,-1.9931308509550036,0.1809782608695652,-1.9931308509550036,0.15762600138352423,-326.0,0.6195652173913043,0.5217391304347826,0.11956521739130435,0.5445652173913043,0.4902173913043478,第一銅
12.850000381469728,13.0,12.800000190734863,12.949999809265137,358055.0,0.01968503966571844,12.779999923706054,0.10212764334171376,12.472499895095826,0.08823531297428278,12.776666657129924,0.1614350002078413,12.16333331267039,0.020245398150839197,76.92308444713535,572486.85,0.6254379467406107,0.03828421873605814,2025.TW,2026-08-25,0.07462686449952072,-0.010426525821052968,neutral,0.2174721189591078,0.16728624535315986,2026-03-31,2026-05-15,378787000.0,84115000.0,71616000.0,81289000.0,,,0.47,1385153000.0,642110000.0,2300356000.0,643754000.0,1656602000.0,85331000.0,603413000.0,,,,57292800.0,1658246000.0,0.0345502416408663,,,0.3885990720764553,0.2220641151887472,0.1890666786346944,,0.965417224453369,,,82.3791102091105,82.3791102091105,False,57.484031858735946,57.484031858735946,63.70780144632958,72.0,True,False,True,True,True,False,True,False,True,True,True,True,False,True,True,False,False,10,False,0.013566382906177177,0.0646752396216328,1.0,7413704.598306798,0.6737918215613383,0.0,2.0,,,,,,0.13687573738532988,0.07511642179654947,0.4551273124737532,-0.6456798045123052,0.9630434782608694,-0.6456798045123052,0.9640805576642437,-72.0,0.8695652173913043,0.43478260869565216,1.0,0.8891304347826087,0.7652173913043478,千興
46.09999847412109,46.79999923706055,45.70000076293945,46.34999847412109,1306853.0,0.04509583018739072,46.119998931884766,0.16457284830702656,43.2274995803833,0.23874954376678348,40.513218243916825,0.2510121303257111,40.041332149505614,0.03532721681044016,74.91748044748016,2254984.7,0.5795396305793117,0.07223408534031384,2031.TW,2026-08-25,0.07462686449952072,-0.010426525821052968,neutral,0.12546468401486988,0.062267657992565055,2026-03-31,2026-05-15,4589073000.0,567832000.0,427931000.0,146733000.0,66925000.0,70724000.0,0.22,15811293000.0,10640609000.0,28813736000.0,17538865000.0,11274871000.0,1366991000.0,6979961000.0,6673974000.0,,0.4,256758600.0,18173127000.0,0.0141284766237533,0.0062727103485263,0.0024545237729671,1.5555712344735475,0.1237356651332415,0.0932499875247136,0.0154113913637895,-0.0896215532289155,,,22.130264986727884,22.130264986727884,False,75.6988751414326,75.6988751414326,62.306722602756416,823.0,True,True,True,True,True,True,True,False,True,True,True,True,False,True,False,False,False,12,False,0.1440710089991597,0.15755385712593895,1.0,104518537.4041664,0.3299256505576208,1.0,3.0,,,,,,0.023173968642501073,-0.04790341169081093,0.27425415825386207,-1.4909709843187064,0.629891304347826,-1.4909709843187064,0.6378825190056062,-823.0,0.18478260869565216,0.30434782608695654,0.7065217391304348,0.26304347826086955,0.325,新光鋼
63.400001525878906,63.70000076293945,61.0,63.59999847412109,110833.0,0.05999997456868478,64.16000061035156,0.06711409567798632,59.94500045776366,0.15426497704881448,58.35882129669189,0.35319145689619336,55.58524392445882,0.009429994556259518,62.025311565841676,102951.2,1.0765586025223601,0.060972524621676794,2248.TW,2026-08-25,0.07462686449952072,-0.010426525821052968,neutral,0.31970260223048325,0.1050185873605948,2026-03-31,2026-05-15,593726000.0,189022000.0,97021000.0,105639000.0,16593000.0,89046000.0,1.87,2515725000.0,1373717000.0,3197393000.0,1407252000.0,1790141000.0,637484000.0,196733000.0,,,0.1570726720245364,81781652.28750746,1823676000.0,0.0448443979563845,0.04974245045502,0.0278495636914198,0.7861123788573079,0.3183657107824147,0.1634103946938487,0.1499782728059744,0.3030050981106484,,,82.72406063393525,82.72406063393525,False,77.36325424873928,77.36325424873928,78.70345584503828,69.0,True,True,True,True,True,True,True,True,False,True,True,True,True,True,True,False,False,13,False,0.08980951055853992,0.1441885288936473,1.0,6547696.162908935,0.6914498141263941,1.0,2.0,,,,,,0.030446751319553066,-0.04780855379546313,0.3729938266292092,-0.7155944884490304,0.820108695652174,-0.7155944884490304,0.863147630745553,-69.0,0.8913043478260869,0.8804347826086957,0.9130434782608695,0.8945652173913042,0.892391304347826,華勝-KY
286.0,296.0,277.5,296.0,73754102.0,0.09225092250922518,276.9,0.5257731958762886,252.71896514892578,0.2622601279317698,228.4813217163086,0.9377323504553836,203.0201946258545,0.06939773111169853,69.80265441893121,37420773.35,1.9709400794625747,0.17126152295522812,2301.TW,2026-08-25,0.07462686449952072,-0.010426525821052968,neutral,0.00929368029739777,0.05111524163568773,2026-03-31,2026-05-15,43407292000.0,9402933000.0,4099305000.0,4969901000.0,1195242000.0,3775414000.0,1.66,165353065000.0,116511425000.0,210691221000.0,122427807000.0,88263414000.0,71133162000.0,13521025000.0,3000000000.0,,0.2404961386554782,3113437976.3289046,94179796000.0,0.0330584489302663,0.0427743934763275,0.0179191804104642,1.3870730969006029,0.2166210460675593,0.0944381649055647,0.0869764923368175,0.1919657430575541,,,57.60700281241379,57.60700281241379,False,85.5714140891853,85.5714140891853,78.58031126999242,288.0,True,True,True,True,True,True,True,True,True,True,True,False,True,False,False,False,False,12,False,0.2955107129830299,0.4579830373303395,1.0,11076548911.6,0.020446096654275093,2.0,3.0,,,,,,-0.010694480338412015,-0.12341633213445204,0.2971536542638093,-1.1745560842017122,0.5429347826086957,-1.1745560842017122,0.5610721480680276,-288.0,0.6739130434782609,0.8695652173913043,0.5543478260869565,0.6559782608695652,0.7086956521739131,光寶科
41.59999847412109,41.84999847412109,39.650001525878906,40.79999923706055,96561107.0,0.004926127351136289,39.82999954223633,0.17579245936605448,38.25749969482422,0.011152435686659912,37.451666514078774,0.4379699159668613,33.910215584437054,0.02292779932685081,60.664813914660705,104313222.0,0.9256842531429046,0.06645754590649045,2324.TW,2026-08-25,0.07462686449952072,-0.010426525821052968,neutral,0.1171003717472119,0.3447955390334573,2026-03-31,2026-05-15,201303536000.0,10597495000.0,2644084000.0,3090596000.0,699988000.0,1967195000.0,0.45,372539532000.0,285043722000.0,452433934000.0,306525209000.0,145908725000.0,84569615000.0,55846516000.0,11898445000.0,,0.2264896479513983,2045226345.6860747,167390212000.0,0.0122183150451238,0.013482367144254,0.0043480270867569,2.100801093286231,0.0526443559342146,0.0131348115017711,0.009772282390509,0.0110778585236814,,,17.5664711440274,17.5664711440274,False,78.03280021357776,78.03280021357776,62.916217946190166,898.0,True,True,True,True,True,True,True,True,True,True,True,True,True,True,False,False,False,14,False,0.08940410493410411,0.20317722945369687,1.0,4255979378.0153275,0.039962825278810406,1.0,3.0,,,,,,-0.051064067963683187,-0.10949619444767332,0.23671586565941657,-1.5541514209726208,0.35434782608695653,-1.5541514209726208,0.3593415916544612,-898.0,0.14130434782608695,0.3804347826086957,0.2717391304347826,0.1608695652173913,0.23913043478260868,仁寶
172.0,179.0,168.5,179.0,92761189.0,0.014164305949008416,176.3,0.24305555555555558,165.825,0.06547619047619047,174.31666666666666,0.7301650803057205,141.28783448537192,0.028212680204619332,57.2463768115942,148495676.6,0.6246726579782458,0.07945122870496002,2344.TW,2026-08-25,0.07462686449952072,-0.010426525821052968,neutral,0.07342007434944238,0.2016728624535316,2026-03-31,2026-05-15,38253064000.0,20415002000.0,12550494000.0,12688424000.0,2570746000.0,10114310000.0,2.25,110641935000.0,75046248000.0,229813688000.0,106920169000.0,122893519000.0,25520648000.0,5251103000.0,22148521000.0,4892959000.0,0.202605619106045,10007693393.043297,154767440000.0,0.0646627830313875,0.082301410866101,0.0440109120045103,0.870022844736019,0.5336827920503309,0.3280912085891995,0.2644052251605257,0.913359516665577,,,96.98400611250784,96.98400611250784,True,70.20581950202977,70.20581950202977,76.90036615464928,11.0,True,False,True,True,True,False,True,True,True,True,True,True,False,True,True,True,True,12,False,0.02686681327086715,0.26691728733752074,1.0,26580726111.399998,0.0037174721189591076,2.0,0.0,,,,,,-0.10479605238320107,-0.22405648726331512,0.1706710892358583,-1.7306251251565474,0.11521739130434783,-1.7306251251565474,0.15022738577816128,-11.0,0.967391304347826,0.8043478260869565,0.09782608695652174,0.8369565217391305,0.7445652173913043,華邦電
74.80000305175781,75.0999984741211,72.19999694824219,75.0999984741211,608684.0,-0.11438684231787477,79.03999938964844,0.09795316957277067,76.14500007629394,0.04888268260599249,71.68166656494141,0.23316907376772433,68.12499990463257,0.02877794932533791,56.96594361429186,572964.05,1.0623423930349556,-0.013723837430242303,2364.TW,2026-08-25,0.07462686449952072,-0.010426525821052968,neutral,0.22769516728624536,0.2379182156133829,2026-03-31,2026-05-15,338915000.0,130350000.0,30596000.0,44068000.0,-15000.0,43646000.0,0.83,1165011000.0,950493000.0,1755551000.0,1003694000.0,751857000.0,599063000.0,350000000.0,,,0.0,30596000.0,805058000.0,0.0380047151882224,0.0580509325576539,0.0248617100841843,1.3349533222407983,0.3846097103993626,0.0902763229718365,0.128781552896744,-0.1059821890200796,,,61.7822396932274,61.7822396932274,False,68.25842466002699,68.25842466002699,66.63937841832708,245.0,True,False,True,True,False,True,True,True,True,True,True,True,True,True,True,False,False,12,False,0.04768767347342262,0.10238530024591186,1.0,43029599.28072625,0.43773234200743494,1.0,3.0,,,,,,0.032707177280384164,-0.03218657460476388,0.2956534186885535,0.3646798750036164,0.8456521739130434,0.3646798750036164,0.8792379892236436,-245.0,0.717391304347826,0.532608695652174,0.9239130434782609,0.7483695652173913,0.7032608695652174,倫飛
5410.0,5605.0,5255.0,5595.0,1866530.0,-0.09830781627719576,5714.0,0.26870748299319724,5430.25,0.10355029585798814,5240.583333333333,1.5547945205479454,4523.625,0.04192449752962057,56.70498084291188,2312764.35,0.8070558507182108,0.030339302978684257,2383.TW,2026-08-25,0.07462686449952072,-0.010426525821052968,neutral,0.05762081784386617,0.15520446096654275,2026-03-31,2026-05-15,33067261000.0,9729153000.0,7128470000.0,7194158000.0,1855381000.0,5339793000.0,14.9,90741002000.0,68350963000.0,130976723000.0,83055788000.0,47920935000.0,22134504000.0,12291308000.0,10978888000.0,0.0,0.2579010636130038,5290030005.06661,62625760000.0,0.0844705118958494,0.1114292323386428,0.0407690227522336,1.733183795349569,0.2942231290338803,0.2155748551414645,0.1614827729457241,0.5252381635035763,,,86.0587773245522,86.0587773245522,True,77.14729568086844,77.14729568086844,79.37516609178938,55.0,True,True,True,True,True,True,True,True,True,True,True,True,True,True,True,True,False,14,False,0.06762923974748358,0.2368399237337313,1.0,12939916538.25,0.013940520446096654,3.0,2.0,,,,,,0.005617331873522285,-0.11839111613668009,0.35503239483443727,-0.7686867675838231,0.6565217391304348,-0.7686867675838231,0.5788380621934908,-55.0,0.9130434782608695,0.8913043478260869,0.5760869565217391,0.8624999999999999,0.8391304347826086,台光電
43.70000076293945,45.95000076293945,43.20000076293945,45.09999847412109,5570186.0,0.11910668307522898,42.51999893188476,0.2978416827085204,38.822499465942386,0.07765830629622883,38.2124833424886,0.25277773539225246,37.48290828069051,0.04628755545967665,73.54651137001768,4581268.05,1.2158611849834895,0.16169744592786284,2392.TW,2026-08-25,0.07462686449952072,-0.010426525821052968,neutral,0.047397769516728624,0.18494423791821563,2026-03-31,2026-05-15,20284345000.0,3918165000.0,2024943000.0,2036754000.0,252111000.0,-210762000.0,-0.46,65961303000.0,65464823000.0,123191294000.0,95674753000.0,27516541000.0,21416412000.0,16445470000.0,26655579000.0,0.0,0.1237807805950055,1774293974.7996078,57726471000.0,0.0307362280088039,-0.0076594656283287,-0.0017108514177958,3.476990549066469,0.1931620173094078,0.0998278721841893,-0.0103903774068129,-0.0513983335778374,,,22.851074819845003,22.851074819845003,False,80.7533041747385,80.7533041747385,66.27774683601513,810.0,True,True,True,True,True,True,True,False,True,True,False,True,True,False,False,False,False,11,False,0.18024254194372724,0.20321502633653843,1.0,206615182.06453967,0.258364312267658,1.0,3.0,,,,,,0.027265539884003324,-0.038922122556847426,0.320974379489956,-1.1175100977600776,0.7749999999999999,-1.1175100977600776,0.7585210750879045,-810.0,0.1956521739130435,0.5108695652173914,0.8152173913043478,0.28858695652173916,0.4141304347826087,正崴
491.0,510.0,480.0,510.0,66761386.0,-0.009708737864077666,507.4,0.2993630573248407,465.55,0.33682830930537344,432.99748179117836,1.1748400852878467,342.87790756225587,0.049126760563380306,62.8968253968254,84992600.15,0.785496453599202,0.09547846633014712,2408.TW,2026-08-25,0.07462686449952072,-0.010426525821052968,neutral,0.046468401486988845,0.032527881040892194,2026-03-31,2026-05-15,49086932000.0,33325482000.0,30111283000.0,31718134000.0,5659880000.0,26059487000.0,8.41,141606845000.0,25207062000.0,240968098000.0,47930660000.0,193037438000.0,86281008000.0,0.0,13800000000.0,3996400000.0,0.1784430319892084,24738134364.394894,215761036000.0,0.1146552446308929,0.1349970620724877,0.1081449669740099,0.2482972240856201,0.6789074126694249,0.6134276837672398,0.5308844113541258,5.829068133568171,,,100.0,100.0,True,88.64170601596318,88.64170601596318,91.48127951197239,2.0,True,True,True,True,True,True,True,True,True,True,True,True,False,True,True,True,True,14,False,0.1778359492768542,0.48740991691743796,1.0,43346226076.5,0.0018587360594795538,3.0,0.0,,,,,,-0.15742335851634556,-0.28966843201705994,0.13932155715745795,-1.69549182525339,0.05380434782608695,-1.69549182525339,0.09758272087222039,-2.0,1.0,0.9782608695652174,0.043478260869565216,0.8565217391304347,0.8021739130434782,南亞科
90.6999969482422,90.6999969482422,88.0,89.4000015258789,2843416.0,0.037123024256696,87.78000030517578,0.19839146587773682,85.80499992370605,0.010169508766993296,81.41166687011719,0.815228457378252,74.5725001970927,0.02362064198253908,52.93159550432235,4176684.05,0.6807831202841402,0.04189734404020018,2465.TW,2026-08-25,0.07462686449952072,-0.010426525821052968,neutral,0.10037174721189591,0.3466542750929368,2026-03-31,2026-05-15,1569188000.0,167121000.0,92107000.0,130068000.0,22277000.0,107791000.0,1.15,1574817000.0,638916000.0,1902288000.0,697716000.0,1204572000.0,319532000.0,112731000.0,0.0,,0.1712719500568933,76331654.49610972,1263372000.0,0.0604189854580517,0.0894848958800304,0.0566638700344006,0.5792231597613094,0.1065015791606869,0.0586972370423429,0.0686922153368493,0.9128577645528606,,,73.28778007996519,73.28778007996519,True,67.84904215891677,67.84904215891677,69.20872663917888,133.0,True,False,True,True,True,True,True,True,True,True,True,True,False,True,True,True,False,12,False,0.09812272568385283,0.19883336738875057,1.0,373395560.4431141,0.19609665427509293,1.0,3.0,,,,,,-0.08341518493583557,-0.2171388312970281,0.1368233991536181,-1.8186534864023551,0.08913043478260871,-1.8186534864023551,0.12677494884370288,-133.0,0.8152173913043478,0.6195652173913043,0.05434782608695652,0.701086956521739,0.6043478260869566,麗臺
100.0,104.0,99.1999969482422,103.0,1973063.0,0.061855670103092786,100.61999969482422,0.08879494356627093,95.24999961853027,1.1914893617021276,82.31416651407878,1.1413722093030083,67.23833332061767,5.249539316575325e-05,57.11252237793458,1887220.8,1.0454860395773509,0.08136483372711756,2466.TW,2026-08-25,0.07462686449952072,-0.010426525821052968,neutral,0.258364312267658,0.0037174721189591076,2026-03-31,2026-05-15,158640000.0,11405000.0,-51413000.0,20961000.0,15743000.0,5218000.0,0.03,1081532000.0,970641000.0,4505403000.0,2468383000.0,2037020000.0,165962000.0,307514000.0,701925000.0,,0.4,-30847800.0,3534762000.0,-0.0087269807698509,0.0025615850605295,0.001158164985463,1.211761789280419,0.0718923348461926,-0.3240859808371155,0.0328920827029752,-0.2206720377284339,,,10.470510874095902,10.470510874095902,False,79.99616738932797,79.99616738932797,62.61475326051995,1030.0,True,True,True,True,True,True,True,True,True,True,True,True,True,True,False,False,False,14,False,0.25130344340403643,0.5318642642264384,1.0,194383742.4,0.2704460966542751,2.0,3.0,,,,,,0.031796761763911,-0.1343636265591987,0.3522546081111528,-0.8271906902903459,0.6989130434782608,-0.8271906902903459,0.7846413226711887,-1030.0,0.03260869565217391,0.34782608695652173,0.8478260869565217,0.15489130434782608,0.29021739130434787,冠西電
72.5,79.30000305175781,70.0999984741211,79.30000305175781,18126039.0,0.11310598035263819,73.9962875366211,0.20516716373677069,70.39648418426513,0.4906015397465995,72.08716138203938,1.9589554219873748,54.65149733225505,0.012718185146702726,62.3619158754302,18765819.6,0.9659071325613723,0.12647675477922204,2484.TW,2026-08-25,0.07462686449952072,-0.010426525821052968,neutral,0.09200743494423792,0.019516728624535316,2026-03-31,2026-05-15,558493000.0,124006000.0,38190000.0,65062000.0,13230000.0,51853000.0,0.33,2364630000.0,488834000.0,4989053000.0,883613000.0,4105440000.0,608103000.0,70000000.0,152941000.0,,0.2033445021671636,30424273.46223602,4500219000.0,0.0067606206414034,0.0126303148992556,0.0103933552119009,0.2152297926653416,0.2220368026098805,0.0683804452338704,0.0928444940223064,-0.0665818752496527,,,33.91916811523335,33.91916811523335,False,80.23861887447036,80.23861887447036,68.6587561846611,613.0,True,True,True,True,True,False,True,True,True,True,False,True,True,True,False,False,False,12,False,0.10005722976790032,0.4510124502106796,1.0,1488129551.5487366,0.09479553903345725,1.0,3.0,,,,,,-0.07609380699758664,-0.232853582996983,0.1414203395999522,-1.5514057683098716,0.13478260869565217,-1.5514057683098716,0.13221363654624524,-613.0,0.32608695652173914,0.6086956521739131,0.06521739130434782,0.28695652173913044,0.358695652173913,希華
36.5,36.84999847412109,35.29999923706055,35.400001525878906,1756251.0,-0.013927576009699294,36.380000305175784,0.06083013156495887,34.594037246704104,0.14563113148551765,34.50668064753214,0.18000005086263027,32.793340317408244,0.010929133317392002,67.11776072712166,1559215.85,1.126368103556669,0.023297780291648085,2520.TW,2026-08-25,0.07462686449952072,-0.010426525821052968,neutral,0.3392193308550186,0.10780669144981413,2026-03-31,2026-05-15,4862541000.0,1141758000.0,658447000.0,599530000.0,162065000.0,308665000.0,0.52,53619294000.0,30715620000.0,65803063000.0,37306228000.0,28496835000.0,17736193000.0,16539209000.0,220000000.0,3700000000.0,0.2703200840658515,480455551.60709226,35087443000.0,0.0136930910470475,0.0108315537497409,0.0046907390921908,1.3091358391203796,0.2348068633251627,0.1354121230031787,0.063478127999332,0.0287244960456058,,,37.26396887406752,37.26396887406752,False,68.32529008968959,68.32529008968959,60.55995978578407,570.0,True,False,True,True,True,True,True,True,False,True,True,True,True,True,False,False,False,12,False,0.02588834572271881,0.07948751738129345,1.0,55196243.46917458,0.40427509293680297,1.0,3.0,,,,,,0.015903046369189044,-0.03257433251866407,0.21762427977132986,-1.4046990674013324,0.5842391304347827,-1.4046990674013324,0.6326200692920491,-570.0,0.391304347826087,0.25,0.6956521739130435,0.43695652173913047,0.4097826086956522,冠德
90.0999984741211,90.9000015258789,89.5999984741211,90.1999969482422,202490.0,0.0,90.83999938964844,0.0439814277228352,89.4900001525879,0.09466013686800223,89.41500027974446,0.3667528842665715,80.50402297973633,0.009475458346522723,54.81170559732572,388462.55,0.5212600287981428,0.007933811536972923,2535.TW,2026-08-25,0.07462686449952072,-0.010426525821052968,neutral,0.4107806691449814,0.16449814126394052,2026-03-31,2026-05-15,7158996000.0,1023899000.0,759460000.0,917121000.0,168741000.0,748785000.0,2.88,29176307000.0,17358125000.0,31406521000.0,21164629000.0,10241892000.0,7958413000.0,1895000000.0,3752518000.0,0.0,0.1839898988246916,619727031.4385997,14048396000.0,0.0441137216973809,0.0731100269364293,0.023841704721131,2.0664764869615886,0.1430227087708946,0.10608470796743,0.1045935770881838,0.5557714720596632,,,66.50740970485359,66.50740970485359,False,62.34939468582837,62.34939468582837,63.388898440584676,196.0,True,False,False,True,True,True,True,True,False,True,True,True,False,True,True,False,False,10,False,0.008779250305226194,0.12044086257585462,1.0,35039320.82450638,0.474907063197026,1.0,3.0,,,,,,0.025367355896257215,-0.03199216762763894,0.2848584660581161,-0.6298786833744424,0.7902173913043479,-0.6298786833744424,0.8467620533206425,-196.0,0.7608695652173914,0.42391304347826086,0.9021739130434783,0.7820652173913043,0.6880434782608695,達欣工
48.0,48.20000076293945,47.09999847412109,47.5,7115039.0,-0.005235602094240788,48.20999984741211,0.10593711655964944,45.697499656677245,0.1150235141171565,44.354166475931805,0.2890095513398234,41.355000019073486,0.023116531755290222,76.7441887973296,8442120.8,0.8428023204785223,0.039444178715790645,2542.TW,2026-08-25,0.07462686449952072,-0.010426525821052968,neutral,0.21189591078066913,0.1412639405204461,2026-03-31,2026-05-15,16191907000.0,4874634000.0,3912933000.0,3918335000.0,698387000.0,2421313000.0,1.15,244126134000.0,168451704000.0,269504119000.0,203260373000.0,66243746000.0,18030010000.0,104829064000.0,11468836000.0,23019028000.0,0.1782356536641201,3215508829.0010934,101052415000.0,0.0318202076516537,0.0365515712230404,0.0089843265067128,3.068370756086167,0.3010537301134449,0.2416597995529495,0.1495384700517363,13.610654325020349,,,58.947380152838136,58.947380152838136,False,68.39853905655133,68.39853905655133,66.03574933062303,278.0,True,False,True,True,True,True,True,False,True,True,True,True,True,True,False,False,False,12,False,0.07092532165552567,0.14859146362210995,1.0,401000738.00000006,0.19052044609665428,1.0,3.0,,,,,,0.009736245156512582,0.03953065710330988,0.2366155057151425,0.28887464140157987,0.7576086956521739,0.28887464140157987,0.803417903961116,-278.0,0.6847826086956522,0.4782608695652174,0.8695652173913043,0.7125,0.6597826086956522,興富發
107.0,107.5,103.5,107.5,284221.0,0.004672897196261738,111.3,0.3151459861849488,96.82029342651367,0.23138598215473327,94.39409739176432,0.24854822189469683,89.40538215637207,0.04928891418966723,72.53741352094406,462526.45,0.6144967493210388,0.11030442271477092,2546.TW,2026-08-25,0.07462686449952072,-0.010426525821052968,neutral,0.041821561338289966,0.06598513011152417,2026-03-31,2026-05-15,4271987000.0,331333000.0,227648000.0,236497000.0,50162000.0,186338000.0,1.43,15279304000.0,9683343000.0,16184746000.0,9989889000.0,6194857000.0,7854449000.0,0.0,,,0.2121041704545935,179362909.8043527,6501403000.0,0.0275883389791945,0.0300794675325031,0.0115131865523252,1.6126101054471476,0.0775594588653944,0.0532885516739634,0.0436185784273219,0.0858039345262302,,,37.32527210445105,37.32527210445105,False,81.28776013329411,81.28776013329411,70.29713812608335,569.0,True,True,True,True,True,True,True,False,True,True,True,True,False,True,False,False,False,12,False,0.1388423955561775,0.20238846260933174,1.0,49721593.375,0.41821561338289964,2.0,3.0,,,,,,0.04532670793187925,-0.03876210879570251,0.37224531882017386,-0.2600807538743942,0.8913043478260869,-0.2600807538743942,0.913711940910094,-569.0,0.40217391304347827,0.6413043478260869,0.967391304347826,0.4869565217391304,0.5869565217391304,根基
7.099999904632568,7.429999828338623,7.019999980926514,7.170000076293945,7564884.0,0.05131963281861718,7.083999919891357,0.14903851591153683,6.474999952316284,0.244791630448568,6.3426666259765625,0.09132418401152709,5.972416643301646,0.02169624878507626,64.37767862661127,4538254.35,1.6669149449501437,0.1073359272734884,2601.TW,2026-08-25,0.07462686449952072,-0.010426525821052968,neutral,0.14312267657992564,0.05855018587360595,2026-03-31,2026-05-15,568015000.0,153080000.0,126103000.0,18234000.0,7038000.0,-13770000.0,-0.02,2878754000.0,2929955000.0,11571433000.0,3945476000.0,7625957000.0,145794000.0,1181816000.0,973681000.0,,0.3859822309970385,77429482.72458047,8641478000.0,0.0089602129085534,-0.0018056750123296,-0.001189999544568,0.5173745406642077,0.2694999251780323,0.222006461096978,-0.024242317544431,-0.5099694429155358,,,37.53973905839439,37.53973905839439,False,88.87662486884462,88.87662486884462,76.04240341623206,567.0,True,True,True,True,True,True,True,True,True,True,True,True,True,True,False,False,False,14,False,0.13043937181390186,0.20051907033904737,1.0,32539284.035741325,0.4888475836431227,0.0,3.0,,,,,,0.030961329490172444,-0.03245265864777986,0.3103406469405043,-0.6326795447907364,0.8288043478260869,-0.6326795447907364,0.895429874456711,-567.0,0.41304347826086957,0.7717391304347826,0.9347826086956522,0.4913043478260869,0.625,益航
36.75,39.20000076293945,36.59999847412109,36.70000076293945,47319037.0,0.04261363544001062,36.85,0.18006431873892725,33.28999996185303,0.1054216843243867,31.718322022755945,0.048571450369698566,33.68207761446635,0.0395003891289002,75.00001014547388,15524293.6,3.0480637779228807,0.10243318729329953,2605.TW,2026-08-25,0.07462686449952072,-0.010426525821052968,neutral,0.11152416356877323,0.15148698884758363,2026-03-31,2026-05-15,1366845000.0,582927000.0,482738000.0,537338000.0,149979000.0,387359000.0,0.66,9807913000.0,5258125000.0,22934806000.0,5269539000.0,17665267000.0,4877423000.0,4114000000.0,,,0.2791148215834353,347998669.2584556,17676681000.0,0.0196868783941089,0.0219277183865944,0.0168895695040978,0.2982994256469489,0.4264763012631278,0.3531768415584795,0.2833964348554518,0.4444113329930603,,,75.1720503143159,75.1720503143159,False,76.4031993128555,76.4031993128555,76.0954120632206,118.0,True,True,True,True,True,True,True,False,True,True,True,True,False,True,True,False,False,12,False,0.1570599710983911,0.08960026703272339,1.0,569741586.9640961,0.15520446096654275,1.0,3.0,,,,,,-0.0507302593215196,-0.13804465820885378,0.13378575683145574,-1.7388932554996375,0.17065217391304346,-1.7388932554996375,0.16665319602783984,-118.0,0.8369565217391305,0.782608695652174,0.14130434782608695,0.7326086956521739,0.6815217391304348,新興
16.549999237060547,17.0,15.899999618530272,16.200000762939453,3835255.0,0.051948127547131184,16.29000015258789,0.18681327587346463,14.557499980926513,0.18681327587346463,14.189999977747599,0.13192665656300195,14.006105359395345,0.03982143429225803,75.45454703086608,1503550.85,2.55079833182895,0.11282849281572882,2611.TW,2026-08-25,0.07462686449952072,-0.010426525821052968,neutral,0.10780669144981413,0.08085501858736059,2026-03-31,2026-05-15,353426000.0,93706000.0,35228000.0,64426000.0,5952000.0,53112000.0,0.28,2531460000.0,477345000.0,3873907000.0,1025452000.0,2848455000.0,534450000.0,60000000.0,9174000.0,,0.0923850619315183,31973459.038276475,3396562000.0,0.0094134772273482,0.0186458975128622,0.0137101897386798,0.3600028787535699,0.2651361246767357,0.0996757454177112,0.1502775687131111,1.1037011464149238,,,54.537917356638296,54.537917356638296,False,79.1467981931323,79.1467981931323,72.9945779840088,309.0,True,True,True,True,True,True,True,False,True,True,True,True,True,True,False,False,False,13,False,0.1416491041820922,0.15663850494116383,1.0,24357524.917118266,0.5278810408921933,0.0,3.0,,,,,,-0.024059615342273136,-0.11170264668867634,0.20028399648730708,-1.627410166221019,0.3222826086956522,-1.627410166221019,0.5278064005907576,-309.0,0.6304347826086957,0.6956521739130435,0.5108695652173914,0.6124999999999999,0.6260869565217391,志信
60.70000076293945,61.0,60.5,60.5,104160.0,0.023688689712774602,60.6,0.07460036980204299,59.08500003814697,0.20559051443010112,56.457550048828125,0.22718054637453244,53.30863234202067,0.01782945802148106,64.61539635291473,196000.0,0.5314285714285715,0.023948548039933293,2832.TW,2026-08-25,0.07462686449952072,-0.010426525821052968,neutral,0.30390334572490707,0.0762081784386617,2026-03-31,2026-05-15,,,514384000.0,513794000.0,96832000.0,,,,,25841065000.0,13610551000.0,12230514000.0,3713301000.0,,,,0.1884646375784847,417440805.8638287,25841065000.0,0.0161541641516643,,,1.112835568480605,,,,,,,55.14019466216183,55.14019466216183,False,71.95630044515322,71.95630044515322,67.75227399940538,306.0,True,False,True,True,True,True,True,True,False,True,True,True,False,True,False,False,False,11,False,0.07160158291806318,0.1349006219450637,1.0,11858000.0,0.6152416356877324,1.0,3.0,,,,,,0.006587768829854259,-0.037684195688253354,0.1563761246949556,-1.658273492604261,0.4434782608695652,-1.658273492604261,0.42908970465589436,-306.0,0.6413043478260869,0.5978260869565217,0.33695652173913043,0.5956521739130435,0.567391304347826,台產
41.54999923706055,43.79999923706055,41.54999923706055,43.75,3967161.0,0.11323157377425663,43.619999694824216,0.2718022691681321,37.95249996185303,0.244665664318376,37.10386848449707,0.6355140186915889,34.19735085169474,0.058425709575446017,75.07163762249661,3872132.75,1.0245415785396303,0.15275673655158895,2851.TW,2026-08-25,0.07462686449952072,-0.010426525821052968,neutral,0.055762081784386616,0.05947955390334572,2026-03-31,2026-05-15,,,2142185000.0,2164691000.0,325242000.0,,,,,59204658000.0,35668047000.0,23536611000.0,16387176000.0,,,,0.1502486960032633,1820324497.152249,59204658000.0,0.0307463054199595,,,1.5154283256837613,,,,,,,65.92494981784269,65.92494981784269,False,82.04466185338168,82.04466185338168,78.01473384449693,201.0,True,True,True,True,True,True,True,False,True,True,False,True,True,False,True,False,False,11,False,0.17912233378791353,0.2793388642802386,1.0,169405807.8125,0.2843866171003718,1.0,3.0,,,,,,-0.01879363197364465,-0.10555376748871999,0.19014801572362555,-1.7766360783534196,0.3135869565217391,-1.7766360783534196,0.465166245426067,-201.0,0.75,0.8586956521739131,0.41304347826086957,0.6994565217391304,0.7152173913043478,中再保
134.0,142.5,132.5,141.5,46202682.0,0.0926640926640927,132.8,0.12749003984063756,128.9,0.28054298642533926,126.4366631825765,0.5757237771856643,109.08583145141601,0.009990205680705235,66.21621621621622,20431251.35,2.261373090101992,0.09775019394879747,2881.TW,2026-08-25,0.07462686449952072,-0.010426525821052968,neutral,0.16263940520446096,0.04460966542750929,2026-03-31,2026-05-15,66193246000.0,,,38624861000.0,5062760000.0,33551455000.0,,,,13120104726000.0,12085399702000.0,1034705024000.0,358727505000.0,,,,0.131075164257549,,13120104726000.0,,0.0324261062058977,0.0025572551211051,11.68004351160858,,,0.5068712750542556,-0.3925800152621125,,,12.264204123597382,12.264204123597382,False,81.35562990811576,81.35562990811576,64.08277346198616,1004.0,True,True,True,True,True,True,True,True,True,True,True,True,True,True,False,False,False,14,False,0.11913741187294558,0.2971437089244757,1.0,2891022066.025,0.056691449814126396,2.0,3.0,,,,,,-0.08410459524803889,-0.20472052902498042,0.3925311111037705,-1.3578247312875293,0.3978260869565218,-1.3578247312875293,0.4321255047396681,-1004.0,0.05434782608695652,0.45652173913043476,0.358695652173913,0.09999999999999999,0.2358695652173913,富邦金
99.0,104.0,99.0,103.0,28003195.0,0.038306483555039295,99.68000030517578,0.07966455296187247,99.2449993133545,0.16780049392113705,99.21327578226725,0.4071038837997305,87.29913787841797,0.006796852116835107,55.060729370207305,20484831.35,1.367021017724903,0.03783566640762959,2882.TW,2026-08-25,0.07462686449952072,-0.010426525821052968,neutral,0.2853159851301115,0.09107806691449814,2026-03-31,2026-05-15,72538053000.0,,,38391738000.0,6735806000.0,31593811000.0,,,,14450034484000.0,13633007653000.0,817026831000.0,293505959000.0,,,,0.1754493636104726,,14450034484000.0,,0.0386692453677815,0.0021864176888285,16.686119887046893,,,0.4355480977687669,-0.3173702053156907,,,13.906153918122188,13.906153918122188,False,73.77585986625232,73.77585986625232,58.808433379219785,981.0,True,False,True,True,True,True,True,True,True,True,True,True,True,True,False,False,False,13,False,0.03816751526321016,0.17985128493993519,1.0,2109937629.0500002,0.07063197026022305,2.0,3.0,,,,,,-0.04644461423527759,-0.1699141588760706,0.36477164360989167,-1.1278523862016172,0.504891304347826,-1.1278523862016172,0.4772838324909263,-981.0,0.07608695652173914,0.20652173913043478,0.42391304347826086,0.12826086956521737,0.1847826086956522,國泰金
31.0,31.700000762939453,30.899999618530277,31.700000762939453,37101969.0,0.024232632682131383,31.00999984741211,0.0709459579191214,30.83999996185303,0.3995585561513759,29.641984272003175,0.5929648929953428,25.30974206924439,0.004560256223149699,50.877196504799656,44445690.5,0.8347708986543926,0.027885888526270497,2883.TW,2026-08-25,0.07462686449952072,-0.010426525821052968,neutral,0.3104089219330855,0.02509293680297398,2026-03-31,2026-05-15,23565513000.0,,,13099615000.0,1407592000.0,11689699000.0,,,,4235032868000.0,3864021319000.0,371011549000.0,75116245000.0,,,,0.1074529289601259,,4235032868000.0,,0.0315076418281523,0.0027602380818169,10.414827596108069,,,0.4960511150340754,-0.1317078255463794,,,12.146336472811727,12.146336472811727,False,67.38423296578895,67.38423296578895,53.57475884254465,1009.0,True,False,True,True,True,True,True,True,False,True,True,True,True,True,False,False,False,12,False,0.06942910677137326,0.2524821737105061,1.0,1408928422.7593708,0.09851301115241635,1.0,3.0,,,,,,-0.08931076836196983,-0.1725767906499035,0.298186505885382,-1.2091944869474913,0.3934782608695653,-1.2091944869474913,0.43278943934362013,-1009.0,0.043478260869565216,0.09782608695652174,0.3695652173913043,0.09239130434782608,0.125,凱基金
38.150001525878906,39.09999847412109,38.09999847412109,39.0,34860048.0,0.023622088239458217,38.05999984741211,0.07586206896551717,37.80250015258789,0.2400635629223078,35.55785325368245,0.15898954625623474,33.87767658233643,0.01340392211415488,58.18183205344467,42737205.25,0.815683847272629,0.031677794923046454,2884.TW,2026-08-25,0.07462686449952072,-0.010426525821052968,neutral,0.2992565055762082,0.06133828996282528,2026-03-31,2026-05-15,25169421000.0,,,12706707000.0,2639201000.0,10056957000.0,,,,4679436007000.0,4394289185000.0,285146822000.0,45485669000.0,,,,0.2077014131198586,,4679436007000.0,,0.0352693988642805,0.0021491814365995,15.410619533399537,,,0.3995704549580223,0.174006725249566,,,29.938092003685178,29.938092003685178,False,73.99736610883552,73.99736610883552,62.98254758254793,684.0,True,False,True,True,True,True,True,True,True,True,True,True,True,True,False,False,False,13,False,0.09680412149068851,0.15120055252945863,1.0,1666751004.75,0.08550185873605948,1.0,3.0,,,,,,-0.12275892336924067,-0.22855843014012386,0.16053318246542922,-1.599422341894509,0.12010869565217391,-1.599422341894509,0.1417870207317667,-684.0,0.2826086956521739,0.391304347826087,0.07608695652173914,0.25163043478260866,0.2739130434782609,玉山金
36.5,37.150001525878906,36.45000076293945,37.150001525878906,29891519.0,0.006775067470516705,36.650000762939456,0.09425627955898719,35.81250057220459,0.5101626402356738,33.639535363515215,0.5383023649148935,28.83851766586304,0.01574133467305144,57.512953163054306,55802473.4,0.5356665606152146,0.03734732097183957,2887.TW,2026-08-25,0.07462686449952072,-0.010426525821052968,neutral,0.2425650557620818,0.015799256505576207,2026-03-31,2026-05-15,47867456000.0,,,25588754000.0,4532177000.0,21040510000.0,,,,9064708955000.0,8465511408000.0,599197547000.0,97795796000.0,,,,0.1771159705548773,,9064708955000.0,,0.035114479532407,0.0023211456765409,14.12808088147931,,,0.439557723727787,0.933005034802805,,,37.907562917661295,37.907562917661295,False,76.56584717665622,76.56584717665622,66.90127611190749,560.0,True,True,True,True,True,True,True,True,True,True,True,True,False,True,False,False,False,13,False,0.104355370085494,0.2882077350963985,1.0,2073061971.957817,0.07156133828996282,1.0,3.0,,,,,,-0.17612978941136123,-0.2830252995813122,0.15570069438348505,-1.6114750625263399,0.07880434782608696,-1.6114750625263399,0.09726330517944493,-560.0,0.42391304347826086,0.5543478260869565,0.03260869565217391,0.3652173913043478,0.38478260869565223,台新新光金
17.299999237060547,17.549999237060547,17.25,17.450000762939453,848154.0,-0.01690136546819987,17.45,0.07716049019328497,16.910000133514405,0.27372270115932684,15.708333365122478,0.12944990151229296,14.94666666984558,0.021443670668270767,63.414637550294685,1555710.2,0.5451876577012865,0.03193380397169876,2905.TW,2026-08-25,0.07462686449952072,-0.010426525821052968,neutral,0.2936802973977695,0.047397769516728624,2026-03-31,2026-05-15,29552820000.0,,,,-68929000.0,32878000.0,0.03,133124099000.0,1468399841000.0,1617410517000.0,62246052000.0,86764624000.0,72610211000.0,2757000000.0,7269508000.0,,,,149010676000.0,,0.0003789332389661,2.032755423217024e-05,0.717412801788895,,,0.0011125165043471,-0.4161502905041906,,,21.27042291580655,21.27042291580655,False,74.98286655968506,74.98286655968506,61.55475564871543,838.0,True,False,True,True,True,True,True,True,True,True,True,True,False,True,False,False,False,12,False,0.11087537788598456,0.1674844397342632,1.0,27147144.176912688,0.5157992565055762,0.0,3.0,,,,,,-0.002906336800773752,-0.05168107685082253,0.20984412654671833,-1.6216610149394666,0.4538043478260869,-1.6216610149394666,0.3878929138446927,-838.0,0.16304347826086957,0.2717391304347826,0.32608695652173914,0.1875,0.2282608695652174,三商
59.79999923706055,59.79999923706055,58.70000076293945,59.0,3396003.0,-0.029605250981045383,60.63999938964844,0.16831683168316824,55.67999973297119,0.30386740331491713,52.4111110051473,0.15459886030876824,49.30222225189209,0.043771672179611525,74.32432815574067,4116970.05,0.8248792094078994,0.05962644186334032,2915.TW,2026-08-25,0.07462686449952072,-0.010426525821052968,neutral,0.12267657992565056,0.03810408921933085,2026-03-31,2026-05-15,418613000.0,187104000.0,-8207000.0,2736586000.0,18591000.0,2708283000.0,2.59,4840429000.0,1001903000.0,130249863000.0,12898049000.0,117351814000.0,3969846000.0,450000000.0,9445000000.0,,0.0067935010995452,-8151245.736476032,129247960000.0,-6.306672644176382e-05,0.0230783224194557,0.0207929815634431,0.1099092426470714,0.4469617522628298,-0.019605220095888,,-0.3549697834454577,,,42.46996725529738,42.46996725529738,False,75.33597052702558,75.33597052702558,67.11946970909352,472.0,True,True,True,True,True,True,True,False,True,True,True,True,True,True,False,False,False,13,False,0.1257154994139622,0.19670062129371324,1.0,242901232.95,0.23698884758364314,1.0,3.0,,,,,,0.038737685535449554,-0.0007919993824215887,0.23937165177318984,-1.2285236244721633,0.7489130434782608,-1.2285236244721633,0.6735505786484047,-472.0,0.5108695652173914,0.5652173913043478,0.7608695652173914,0.5483695652173913,0.5771739130434783,潤泰全
115.5,116.0,113.5,115.0,2139942.0,-0.021276595744680882,116.6,0.045454545454545414,115.075,0.07476635514018692,109.81999994913737,0.004088956911974639,107.84666786193847,0.008545135845749417,50.0,3834736.15,0.5580415226220975,-0.0006517488594395271,3005.TW,2026-08-25,0.07462686449952072,-0.010426525821052968,neutral,0.4052044609665427,0.1895910780669145,2026-03-31,2026-05-15,9308269000.0,2890739000.0,1257624000.0,1391228000.0,215931000.0,1087413000.0,1.74,34157049000.0,19619666000.0,51413542000.0,24716257000.0,26697285000.0,14015961000.0,1317501000.0,1977017000.0,,0.1552089233396682,1062429532.993873,31793876000.0,0.0334161689815319,0.0407312204218518,0.0211503226134468,0.9257966493596632,0.3105560228222884,0.1351082569702272,0.1168222577151562,-0.0255358141879895,,,60.64311592085046,60.64311592085046,False,58.10408921933086,58.10408921933086,58.738845894710764,256.0,True,False,False,True,False,True,True,True,False,True,True,True,False,True,True,False,False,9,False,0.04716809372848041,0.06632872651400756,1.0,440994657.25,0.18029739776951673,2.0,3.0,,,,,,-0.005358630476565375,-0.04585708972473343,0.23735906545837335,-1.042125207423446,0.5923913043478262,-1.042125207423446,0.6501782003734975,-256.0,0.6956521739130435,0.17391304347826086,0.7282608695652174,0.7005434782608695,0.5456521739130434,神基
275.5,280.5,260.0,270.0,19235964.0,0.08870967741935476,260.9,0.4136125654450262,243.925,0.08000000000000007,229.66995340983073,0.8430034129692834,207.73914337158203,0.05755473661391721,61.231884057971016,11344360.5,1.6956411073149518,0.10689761197089265,3006.TW,2026-08-25,0.07462686449952072,-0.010426525821052968,neutral,0.023234200743494422,0.17936802973977695,2026-03-31,2026-05-15,7266900000.0,3453448000.0,2254754000.0,2352467000.0,288641000.0,2063883000.0,7.22,17585827000.0,5859607000.0,20073767000.0,7169155000.0,12904612000.0,7031281000.0,1000000000.0,693679000.0,0.0,0.1226971515434647,1978102106.7687664,14214160000.0,0.1391641930841334,0.1599337508171497,0.1028149325435529,0.5555498297817866,0.4752298779396992,0.3102772846743453,0.2840114766957024,1.503294079957009,,,98.64788449850906,98.64788449850906,True,92.67224938418273,92.67224938418273,94.1661581627643,7.0,True,True,True,True,True,True,True,True,True,True,True,False,True,True,True,True,True,14,False,0.17560001206689413,0.29970690943426237,1.0,3062977335.0,0.05297397769516728,2.0,0.0,,,,,,-0.057940872457802155,-0.1886649316620554,0.24341958584357468,-1.3566980338006003,0.33695652173913043,-1.3566980338006003,0.36104017748738393,-7.0,0.9891304347826086,0.9891304347826086,0.2826086956521739,0.8831521739130435,0.8478260869565216,晶豪科
5350.0,5740.0,5295.0,5720.0,2169249.0,0.08128544423440465,5556.0,0.46666666666666656,4696.551623535156,0.4915254237288136,4397.100541178385,1.535599015289165,3526.5327880859377,0.08967409993177484,75.01654029871584,2457947.4,0.8825449234593059,0.2179148572191103,3008.TW,2026-08-25,0.07462686449952072,-0.010426525821052968,neutral,0.01858736059479554,0.01858736059479554,2026-03-31,2026-05-15,15544079000.0,7679569000.0,5812218000.0,7287959000.0,1112047000.0,6123204000.0,46.63,159095122000.0,39536493000.0,226385533000.0,39762818000.0,186622715000.0,119023098000.0,146000.0,,,0.1525868902390916,4925349729.988327,186849040000.0,0.026360048357692,0.0328106040039123,0.0270476824152893,0.213065263786351,0.4940510788706104,0.3739184547376528,0.3939251724080918,0.0661796222311039,,,76.94531754874203,76.94531754874203,False,83.97769516728624,83.97769516728624,82.21960076265019,100.0,True,True,True,True,True,True,True,False,True,True,True,False,True,False,True,False,False,11,False,0.3008572231707689,0.6219897399861096,1.0,14059459128.0,0.012081784386617101,3.0,2.0,,,,,,-0.06993708860780087,-0.11668954545378088,0.28491283444692783,-1.3540893740090616,0.41793478260869565,-1.3540893740090616,0.35054828698085716,-100.0,0.8586956521739131,0.9347826086956522,0.2608695652173913,0.7690217391304348,0.7619565217391305,大立光
2835.0,2950.0,2740.0,2950.0,2899489.0,-0.022240405604509683,2950.0,0.3169642857142858,2790.5415649414062,0.05924596050269293,2546.2638549804688,0.6857142857142857,2439.3819274902344,0.05730704481805057,57.38158757869641,4320302.95,0.6711309446482219,0.057142469068344415,3017.TW,2026-08-25,0.07462686449952072,-0.010426525821052968,neutral,0.039962825278810406,0.2174721189591078,2026-03-31,2026-05-15,49037946000.0,14597401000.0,12019030000.0,11979060000.0,3304089000.0,7915619000.0,20.17,135871669000.0,112699102000.0,175993383000.0,124678400000.0,51314983000.0,67880246000.0,16445795000.0,7190026000.0,,0.2758220594938167,8703916392.282032,63294281000.0,0.1375150527783392,0.1542555124689411,0.0449767989288551,2.4296685433959904,0.2976756204266794,0.2450965217833552,0.161418241294201,1.1016606943545204,,,82.5145908535667,82.5145908535667,False,79.10572644412714,79.10572644412714,79.95794254648703,70.0,True,True,True,True,True,True,True,True,True,True,True,True,False,True,True,False,False,13,False,0.15856021528555542,0.20932272505401261,1.0,12744893702.5,0.01486988847583643,3.0,2.0,,,,,,0.055059321394685556,-0.07426322336747586,0.35417273780209424,-1.0373418999528814,0.7994565217391304,-1.0373418999528814,0.7715014487903268,-70.0,0.8804347826086957,0.9130434782608695,0.8260869565217391,0.8722826086956521,0.8793478260869566,奇鋐
112.0,113.0,109.5,110.5,875480.0,0.027906976744185963,111.3,0.08866995073891615,108.46500015258789,0.04739336492891,104.98500010172526,-0.01777777777777778,102.47160320281982,0.018307280638469075,57.77777777777777,1400713.35,0.6250243848964528,0.018761811133077844,3029.TW,2026-08-25,0.07462686449952072,-0.010426525821052968,neutral,0.26022304832713755,0.24070631970260223,2026-03-31,2026-05-15,6876938000.0,811379000.0,385472000.0,424218000.0,78018000.0,295873000.0,1.77,12286821000.0,7803745000.0,15126326000.0,8760650000.0,6365676000.0,2911146000.0,3716000.0,,,0.1839101593991768,314579783.0360805,7322581000.0,0.0429602326059732,0.0464794312497211,0.0195601364138258,1.3762324692617092,0.1179855045952137,0.0560528537555522,0.0430239446683974,0.0168646985516829,,,48.26050505492552,48.26050505492552,False,69.15888790513038,69.15888790513038,63.93429219257917,394.0,True,False,True,True,True,True,True,True,True,True,True,True,False,True,False,False,False,12,False,0.052531312977387,0.07834752796137812,1.0,154778825.175,0.2936802973977695,2.0,3.0,,,,,,-0.011915822613635016,-0.06866790330450864,0.22258332854697563,-0.7218801609196498,0.5461956521739131,-0.7218801609196498,0.608909570758094,-394.0,0.5760869565217391,0.44565217391304346,0.6195652173913043,0.5826086956521739,0.5456521739130435,零壹
552.0,562.0,536.0,555.0,6024104.0,0.0990099009900991,537.6,0.12690355329949243,528.2,0.1178247734138973,510.5112579345703,0.49595687331536387,466.2639623006185,0.01601346477518643,52.17391304347826,4000206.35,1.5059483118914603,0.05073835668307458,3034.TW,2026-08-25,0.07462686449952072,-0.010426525821052968,neutral,0.1654275092936803,0.1366171003717472,2026-03-31,2026-05-15,23145303000.0,9039901000.0,4027546000.0,4389348000.0,622236000.0,3767112000.0,6.19,79261926000.0,21790635000.0,103666583000.0,31738768000.0,71927815000.0,48919537000.0,,,,0.1417604619182621,3456599218.642951,81875948000.0,0.0422175169030464,0.0523735080788982,0.036338730292673,0.4412586146263444,0.390571728527382,0.1740113750077067,0.1627592432036858,-0.1465659805926223,,,75.54535048945058,75.54535048945058,False,75.25941624955679,75.25941624955679,75.33089980953024,116.0,True,True,True,True,True,True,True,True,True,True,True,True,True,True,True,False,False,14,False,0.08714546716447069,0.1903128804155143,1.0,2220114524.25,0.06784386617100371,3.0,3.0,,,,,,0.04558147898711776,-0.026562272543320865,0.3461462859662282,-0.38077645410967553,0.8961956521739131,-0.38077645410967553,0.9043174827303609,-116.0,0.8478260869565217,0.7282608695652174,0.9565217391304348,0.8641304347826086,0.8336956521739131,聯詠
1070.0,1095.0,1030.0,1095.0,15123208.0,-0.04366812227074235,1105.0,0.43324607329842935,983.55,0.04285714285714293,941.262392171224,1.6258992805755397,822.7520294189453,0.06907608695652169,69.56521739130434,22541600.05,0.6709021527511309,0.11331401555589449,3037.TW,2026-08-25,0.07462686449952072,-0.010426525821052968,neutral,0.020446096654275093,0.25092936802973975,2026-03-31,2026-05-15,37446455000.0,6726042000.0,2756634000.0,6298845000.0,918107000.0,5042976000.0,3.28,114144042000.0,86190209000.0,266881071000.0,149928398000.0,116952673000.0,60179250000.0,14320916000.0,18542136000.0,5803563000.0,0.1457579921398288,2354832563.095615,180690862000.0,0.0130323832485541,0.0431198011181839,0.018895967335203,1.2819578565767369,0.1796175899694644,0.073615352908573,0.1346716531644984,0.2445010776505265,,,50.25113103325184,50.25113103325184,False,78.03930931672575,78.03930931672575,71.09226474585728,363.0,True,True,True,True,True,True,True,True,True,True,True,False,False,True,False,False,False,12,False,0.16333129752921205,0.33089917842357086,1.0,24683052054.75,0.0055762081784386614,3.0,3.0,,,,,,-0.12222788217813038,-0.26714365865847167,0.1753197717613114,-0.9932326482859919,0.2347826086956522,-0.9932326482859919,0.1950989030714989,-363.0,0.5869565217391305,0.6630434782608695,0.16304347826086957,0.5233695652173913,0.525,欣興
11.199999809265137,11.25,11.050000190734863,11.199999809265137,479222.0,0.004484322192421342,11.219999885559082,0.05164321224743551,10.894999980926514,0.05164321224743551,10.8274999777476,-0.017543843505050893,10.852916661898295,0.012546472013465452,74.07401912996781,393788.65,1.2169522915401447,0.027994477179676514,3052.TW,2026-08-25,0.07462686449952072,-0.010426525821052968,neutral,0.38011152416356875,0.23327137546468402,2026-03-31,2026-05-15,871124000.0,84606000.0,43642000.0,49244000.0,10109000.0,39093000.0,0.19,11542706000.0,8128121000.0,11782392000.0,8138924000.0,3643468000.0,859342000.0,750076000.0,9917000.0,0.0,0.205283892453903,34683000.365526766,3654271000.0,0.0094910860101855,0.0107296125559494,0.0033179171088519,2.233839847090739,0.0971227976728915,0.0500984934406582,0.0448765043782515,0.1339674489624569,,,21.68414340880005,21.68414340880005,False,61.905678749616754,61.905678749616754,51.85029491441258,828.0,True,False,True,True,True,True,True,False,False,True,True,True,True,True,False,False,False,11,False,0.03440312466248807,0.03198063324169431,1.0,4410432.804890776,0.7481412639405205,0.0,3.0,,,,,,0.027226739698021758,0.00148955176772311,0.2340959460106371,-1.1954320558379192,0.7124999999999999,-1.1954320558379192,0.6236368457961433,-828.0,0.17391304347826086,0.07608695652173914,0.6847826086956522,0.25054347826086953,0.24673913043478263,夆典
38.0,38.34999847412109,37.20000076293945,38.34999847412109,1686988.0,0.05647380937043067,36.85,0.16920729774864207,35.99499988555908,0.12794113159179665,36.82492386500041,0.6601730667019619,31.984545214970908,0.006571589461681101,59.12698496796711,1924633.85,0.8765241243159055,0.0654257145728403,3094.TW,2026-08-25,0.07462686449952072,-0.010426525821052968,neutral,0.12174721189591078,0.12546468401486988,2026-03-31,2026-05-15,47206000.0,35395000.0,2347000.0,7478000.0,1717000.0,5761000.0,0.07,792305000.0,52199000.0,1133462000.0,121752000.0,1011710000.0,710423000.0,,,,0.229606846750468,1808112.730676652,1081263000.0,0.0016722228825703,0.005694319518439,0.0050826582629148,0.1203427859762184,0.7497987543956277,0.0497182561538787,0.1220395712409439,-0.0850131803380369,,,35.49964257677029,35.49964257677029,False,71.58198161045108,71.58198161045108,62.56139685203089,595.0,True,False,True,True,True,False,True,True,True,True,True,True,True,True,False,False,False,12,False,0.04141419585038597,0.19901653177706335,1.0,73809705.2107418,0.3680297397769517,1.0,3.0,,,,,,-0.014484941221403178,-0.11092148983351584,0.1892375599063363,-1.4105793842154564,0.37771739130434784,-1.4105793842154564,0.501331020191588,-595.0,0.358695652173913,0.33695652173913043,0.44565217391304346,0.37173913043478257,0.3695652173913043,聯傑
783.0,837.0,766.0,835.0,11413705.0,-0.034682080924855474,828.0,0.30672926447574334,795.85,0.078811369509044,762.3493326822917,1.9349736379613356,603.6454996744792,0.032364768452458226,51.14006514657981,14211673.45,0.8031218167343973,0.04919268706414526,3189.TW,2026-08-25,0.07462686449952072,-0.010426525821052968,neutral,0.04368029739776952,0.18029739776951673,2026-03-31,2026-05-15,11104965000.0,2349499000.0,890638000.0,964461000.0,88658000.0,549232000.0,1.17,33407134000.0,17816161000.0,83654067000.0,32183791000.0,51470276000.0,11635037000.0,1278540000.0,7562530000.0,,0.0919249197220001,808766173.3486372,65837906000.0,0.0122842025587605,0.0106708578753298,0.0065655146210643,0.6252888754666869,0.2115719410191747,0.0802017836166075,0.0494582378242524,0.2883172632505095,,,45.18411999125517,45.18411999125517,False,73.28154672250777,73.28154672250777,66.25719003969462,429.0,True,False,True,True,True,True,True,True,True,True,True,True,True,True,False,False,False,13,False,0.09529839432283649,0.38326219685275653,1.0,11866747330.75,0.01858736059479554,3.0,3.0,,,,,,-0.15289775708078635,-0.3200441346215584,0.15062840748544684,-1.7779634629407506,0.04673913043478261,-1.7779634629407506,0.08079254357973627,-429.0,0.5434782608695652,0.5,0.010869565217391304,0.4635869565217391,0.42391304347826086,景碩
59.09999847412109,59.09999847412109,55.400001525878906,57.400001525878906,2346979.0,0.12328773463561604,57.52000045776367,0.4568527741852282,50.50750026702881,0.05514705727669611,45.05000019073486,1.8989900877592332,38.05541674296061,0.09016835601847252,69.36671539440817,1598121.35,1.4685862246943888,0.13646490565579428,3229.TW,2026-08-25,0.07462686449952072,-0.010426525821052968,neutral,0.019516728624535316,0.22490706319702602,2026-03-31,2026-05-15,342922000.0,37599000.0,21175000.0,35503000.0,188000.0,35315000.0,0.55,692865000.0,303681000.0,941103000.0,306548000.0,634555000.0,107034000.0,151140000.0,,,0.0052953271554516,21062871.447483312,637422000.0,0.0330438413601716,0.0556531742717337,0.0375251168044305,0.4830913002025041,0.1096430091974268,0.0617487358641323,0.1029826024577017,0.4578839294444752,,,67.33482851500801,67.33482851500801,False,83.40035632889357,83.40035632889357,79.38397437542218,186.0,True,True,True,True,True,True,True,True,True,True,False,False,True,True,True,False,False,12,False,0.2741398730933633,0.5083267097974065,1.0,91732167.92853966,0.3447955390334573,1.0,3.0,,,,,,-0.09814268314815391,-0.189610426435078,0.18974265972589577,-1.7173712401959933,0.15815217391304348,-1.7173712401959933,0.25663595932140343,-186.0,0.7717391304347826,0.9021739130434783,0.18478260869565216,0.683695652173913,0.6934782608695652,晟鈦
5260.0,5570.0,5205.0,5570.0,1643511.0,0.006323396567299078,5492.0,0.5218579234972678,4838.5,0.20201407661899817,4577.976570638021,1.4541121646825745,4086.0097473144533,0.07713713268032057,69.66666666666666,2256764.8,0.7282597637113093,0.15118321793944411,3443.TW,2026-08-25,0.07462686449952072,-0.010426525821052968,neutral,0.010223048327137546,0.07806691449814127,2026-03-31,2026-05-15,11447812000.0,3113307000.0,1824178000.0,1924721000.0,278481000.0,1646240000.0,12.28,31638843000.0,19973296000.0,35132291000.0,20548418000.0,14583873000.0,7671980000.0,,,,0.144686424681811,1560244207.1967833,15158995000.0,0.1029253065389086,0.1128808513348957,0.0468583161855285,1.4089822367487703,0.2719565101173918,0.1593473058432476,0.1438038989459295,0.6298963899650951,,,83.63888359987813,83.63888359987813,True,83.11200605810272,83.11200605810272,83.24372544354657,63.0,True,True,True,True,True,True,True,True,True,True,True,False,False,False,True,True,False,11,False,0.21669473708637232,0.3631881332786602,1.0,12570179935.999998,0.016728624535315983,3.0,2.0,,,,,,0.03710204138442578,-0.1132509970455735,0.47916060438313296,-0.6410836920920493,0.7858695652173913,-0.6410836920920493,0.811156504546641,-63.0,0.9021739130434783,0.9456521739130435,0.8804347826086957,0.8989130434782608,0.9108695652173913,創意
77.5,81.69999694824219,77.4000015258789,80.69999694824219,1728055.0,0.03594345786287434,78.97999877929688,0.29326915023830247,75.27999935150146,0.029336675734682016,76.21333300272623,0.3677965584447829,70.25249993006388,0.05330907896807948,59.545447609641336,3279552.6,0.5269179094733837,0.0719978432974393,3504.TW,2026-08-25,0.07462686449952072,-0.010426525821052968,neutral,0.05018587360594796,0.28903345724907065,2026-03-31,2026-05-15,684957000.0,124843000.0,-9502000.0,7393000.0,1414000.0,5979000.0,0.05,2230493000.0,1016643000.0,4251347000.0,1422483000.0,2828864000.0,1174939000.0,85127000.0,112000000.0,,0.1912620045989449,-7684628.432300826,3234704000.0,-0.002375682112583,0.0021135692631388,0.0014063777903803,0.5028460187552318,0.1822639961340638,-0.0138724036691354,0.0087290151060577,0.0537005671880119,,,23.10660181855068,23.10660181855068,False,70.65223831276066,70.65223831276066,58.76582918920816,804.0,True,False,True,True,True,False,True,True,True,True,True,True,False,True,False,False,False,11,False,0.05886980359926608,0.14871352661583237,1.0,264659884.81159973,0.2295539033457249,1.0,3.0,,,,,,-0.014025426506858613,-0.12500315583825963,0.26115733366565624,-1.526566408453671,0.4152173913043478,-1.526566408453671,0.44752087277829355,-804.0,0.20652173913043478,0.18478260869565216,0.3804347826086957,0.2326086956521739,0.23478260869565218,揚明光
41.20000076293945,41.20000076293945,38.70000076293945,41.0,2826989.0,-0.037558650972559615,42.64000015258789,0.5185185185185186,37.78499956130982,0.13888888888888884,33.12321186065674,-0.1440501316508528,38.10327275594076,0.10838955782952733,71.99999738420814,2860471.45,0.9882947791700559,0.08508668720436363,3543.TW,2026-08-25,0.07462686449952072,-0.010426525821052968,neutral,0.012081784386617101,0.11338289962825279,2026-03-31,2026-05-15,836726000.0,78715000.0,-50443000.0,-19959000.0,3504000.0,-16915000.0,-0.16,3789651000.0,1258588000.0,5554278000.0,1844510000.0,3709768000.0,1331306000.0,149106000.0,65113000.0,380511000.0,0.0,-50443000.0,4295690000.0,-0.0117427002414047,-0.0045595843190194,-0.0030454003202576,0.497203598715607,0.0940750018524582,-0.060286162973303,-0.0202156978509093,-0.0602944925557016,,,14.660362838801094,14.660362838801094,False,78.89353124472547,78.89353124472547,62.83523914324437,963.0,True,True,True,True,True,True,True,True,True,True,True,False,True,True,False,False,False,13,False,0.23780266758185964,0.07602305614568516,1.0,117279329.45,0.31784386617100374,1.0,3.0,,,,,,-0.06587086791157692,-0.17696792188591245,0.1698023092766716,-1.8072355894518746,0.14999999999999997,-1.8072355894518746,0.3285128946181354,-963.0,0.09782608695652174,0.3695652173913043,0.22826086956521738,0.11739130434782609,0.20543478260869563,州巧
118.0,121.0,111.5,116.5,14806044.0,-0.037190082644628086,113.9,0.37382070527631983,107.44954071044921,0.47095965263904804,90.21651369730631,0.9416666666666667,80.44266188939413,0.05674690933092958,62.75740621108598,11469458.6,1.2909104532623712,0.0842298555183183,3605.TW,2026-08-25,0.07462686449952072,-0.010426525821052968,neutral,0.031598513011152414,0.020446096654275093,2026-03-31,2026-05-15,2821542000.0,693877000.0,147463000.0,143021000.0,35356000.0,107659000.0,0.67,7733924000.0,4283420000.0,15202980000.0,7237415000.0,7965565000.0,2596697000.0,794000000.0,2115835000.0,130740000.0,0.2472084519056642,111008900.05663504,10919560000.0,0.010166059809794,0.0135155509998349,0.007081440612301,0.9085877775148404,0.2459212019526911,0.0522632659730034,0.0381560862818983,0.0947751117457165,,,35.95481269053683,35.95481269053683,False,91.0316270291482,91.0316270291482,77.26242344449535,591.0,True,True,True,True,True,True,True,True,True,True,True,True,True,True,False,False,False,14,False,0.2913378629424743,0.448236511121219,1.0,1336191926.8999999,0.10130111524163568,2.0,3.0,,,,,,-0.0047051879158962326,-0.10202779314801962,0.30757760564351694,-1.4818335963871034,0.5467391304347826,-1.4818335963871034,0.5139394697364275,-591.0,0.3695652173913043,0.8369565217391305,0.4673913043478261,0.3842391304347826,0.5293478260869565,宏致
254.5,255.5,245.0,247.5,764796.0,-0.03131115459882583,255.1,0.18990384615384626,236.475,0.1674528301886793,222.08826319376627,0.39830508474576276,204.51496493021648,0.04808864265927975,61.26760563380282,772291.85,0.9902940190292051,0.04662226450999052,3617.TW,2026-08-25,0.07462686449952072,-0.010426525821052968,neutral,0.10408921933085502,0.09293680297397769,2026-03-31,2026-05-15,2931932000.0,1579254000.0,476843000.0,521769000.0,118652000.0,388950000.0,4.13,10475363000.0,3752308000.0,14792411000.0,5524979000.0,9267432000.0,4373481000.0,0.0,,1434491000.0,0.2274033144935785,368407321.3069385,11040103000.0,0.033369917047598,0.0419695553201793,0.026293888129528,0.5961715176329322,0.5386393681708853,0.1626378101538507,0.1326599661929403,0.0219561852265348,,,74.61371274804436,74.61371274804436,False,83.14175246177653,83.14175246177653,81.00974253334348,123.0,True,True,True,True,True,True,True,True,True,True,True,True,True,True,True,False,False,14,False,0.11442179087177906,0.21018038990178867,1.0,191142232.875,0.2732342007434944,2.0,3.0,,,,,,0.0005437893610960536,-0.05322295368894552,0.28761518330794783,-1.339151551757133,0.6130434782608696,-1.339151551757133,0.5922695871544599,-123.0,0.8260869565217391,0.9239130434782609,0.5978260869565217,0.7918478260869565,0.8097826086956522,碩天
5070.0,5205.0,4910.0,5205.0,1223897.0,0.010679611650485477,5363.0,0.5445103857566767,4522.0,0.35546875,3861.2312947591145,0.8072916666666667,3933.8656473795572,0.11434204041399704,64.8881239242685,1670189.95,0.7327891058139825,0.1510393631136666,3653.TW,2026-08-25,0.07462686449952072,-0.010426525821052968,neutral,0.008364312267657992,0.02973977695167286,2026-03-31,2026-05-15,5305216000.0,2216652000.0,1696566000.0,1775586000.0,371056000.0,1398199000.0,9.53,20477674000.0,8468040000.0,30307238000.0,8909881000.0,21397357000.0,10253854000.0,,,,0.2089766420776014,1342023334.256972,21839198000.0,0.0614502114160498,0.0653444722168256,0.0461341610871963,0.4164010069094047,0.4178250235240186,0.3197920687866432,0.2635517573648274,0.116346562150301,,,88.8947474261209,88.8947474261209,False,89.68543851454677,89.68543851454677,89.4877657424403,39.0,True,True,True,True,True,True,True,True,True,True,True,False,False,False,True,False,False,11,False,0.3480155946795509,0.3231260207036242,1.0,8693338689.75,0.026022304832713755,3.0,2.0,,,,,,-0.032614102614821845,-0.127013968072432,0.21627828385823647,-1.4588704699608992,0.3369565217391304,-1.4588704699608992,0.31357311890574685,-39.0,0.9347826086956522,0.967391304347826,0.21739130434782608,0.8271739130434783,0.8010869565217391,健策
20.649999618530277,21.100000381469727,20.549999237060547,20.799999237060547,5899378.0,0.019607824804414697,20.629999923706055,0.22352936688591463,20.29749994277954,0.04522611235088747,18.671666685740153,-0.12421055843955597,19.368749992052717,0.03203254208808326,54.46428693070738,1319739.65,4.4701074185351635,0.024756708742337485,3712.TW,2026-08-25,0.07462686449952072,-0.010426525821052968,neutral,0.08364312267657993,0.24628252788104088,2026-03-31,2026-05-15,5952868000.0,2246677000.0,1881231000.0,1749422000.0,95514000.0,-477314000.0,-1.94,29571984000.0,46915609000.0,61775289000.0,55872481000.0,5902808000.0,6100937000.0,11857517000.0,7405579000.0,0.0,0.0545974613329431,1778520563.2191665,14859680000.0,0.1196876758597201,-0.0808621930443951,-0.0077266170296669,9.465407141821316,0.3774108547342222,0.3160209499017952,-0.0801821911723895,-0.1923537691038415,,,39.89432060139683,39.89432060139683,False,71.13479877421291,71.13479877421291,63.324679231008886,512.0,True,False,True,True,True,True,True,True,True,True,True,True,False,True,False,False,False,12,False,0.11398728282493575,0.07389476582614218,1.0,27450583.71311855,0.5148698884758365,0.0,3.0,,,,,,0.17005477048134382,0.0833029374624228,0.33384211888620563,-0.8095653179750238,0.9239130434782609,-0.8095653179750238,0.9366139856373756,-512.0,0.44565217391304346,0.41304347826086957,0.9891304347826086,0.5271739130434782,0.5445652173913044,永崴投控
24.649999618530277,24.649999618530277,24.399999618530277,24.549999237060547,122985.0,-0.01008064547140819,24.520000076293947,0.05763135972664357,24.357499885559086,0.00614752544571151,23.977874088287354,0.0984339515902124,23.285603650410973,0.008172541425585,57.14285714285714,194083.9,0.6336692533486806,0.007903083338023142,4106.TW,2026-08-25,0.07462686449952072,-0.010426525821052968,neutral,0.34944237918215615,0.36338289962825276,2026-03-31,2026-05-15,583212000.0,288466000.0,58188000.0,61725000.0,15302000.0,46423000.0,0.46,1721731000.0,619160000.0,3208895000.0,728668000.0,2480227000.0,807797000.0,106264000.0,91028000.0,,0.2479060348319157,43762843.64520048,2589735000.0,0.0168985798335352,0.0187172383818094,0.0144669738336717,0.2937908505955302,0.4946160229899247,0.0997716096376617,0.0795988422734786,0.0484257757867525,,,56.47003550426275,56.47003550426275,False,61.8050321262833,61.8050321262833,60.47128297077816,294.0,True,False,True,True,True,True,True,True,False,True,True,True,False,True,False,False,False,11,False,0.02386054521208214,0.05429945496075894,1.0,4764759.5969257355,0.7369888475836431,0.0,3.0,,,,,,0.02171664324140073,-0.0009618537768269077,0.18834922572424945,-1.1079120931898423,0.6538043478260869,-1.1079120931898423,0.5800389754564031,-294.0,0.6630434782608695,0.2391304347826087,0.5869565217391305,0.6516304347826086,0.5206521739130434,雃博
52.09999847412109,53.5,51.59999847412109,51.79999923706055,108411.0,-0.009560229584968938,52.08000030517578,0.033932151990335724,51.25999984741211,0.23627678641173921,46.874769910176596,0.038076105272186744,47.5828015645345,0.007617081943334503,64.03508449048556,213494.95,0.5077918704868662,0.010534517972217605,4119.TW,2026-08-25,0.07462686449952072,-0.010426525821052968,neutral,0.45353159851301117,0.06319702602230483,2026-03-31,2026-05-15,375798000.0,82325000.0,33151000.0,28590000.0,8480000.0,20110000.0,0.17,1104577000.0,1053320000.0,6954821000.0,1544198000.0,5410623000.0,51949000.0,390000000.0,300399000.0,,0.2966072053165442,23318174.53655124,5901501000.0,0.0039512277531684,0.0037167623765322,0.0028915194222827,0.2854011451176694,0.2190671584202151,0.0882149452631466,0.0535127914464685,0.0430373141784996,,,33.11973270077256,33.11973270077256,False,67.31968679119734,67.31968679119734,58.76969826859114,628.0,True,False,False,True,True,True,True,True,False,True,True,True,False,True,False,False,False,10,False,0.10507207472851343,0.08862861231082508,1.0,11059038.24711628,0.6273234200743495,1.0,3.0,,,,,,-0.0036191790566172787,-0.04967752624727482,0.1605297183299997,-1.5176497061262546,0.4217391304347826,-1.5176497061262546,0.3448592144479689,-628.0,0.31521739130434784,0.1956521739130435,0.2391304347826087,0.30380434782608695,0.26413043478260867,旭富
140.0,140.0,137.0,137.0,486818.0,-0.02491103202846978,141.7,0.05791505791505802,134.925,0.10483870967741926,129.1,0.11382113821138207,126.87916666666666,0.02196553683014585,60.869565217391305,346930.95,1.4032129448237465,0.015378914211598982,4736.TW,2026-08-25,0.07462686449952072,-0.010426525821052968,neutral,0.34851301115241634,0.15427509293680297,2026-03-31,2026-05-15,1074466000.0,531890000.0,272939000.0,362978000.0,69184000.0,284846000.0,2.99,7743817000.0,2835366000.0,13071771000.0,3115964000.0,9955807000.0,2352593000.0,940000000.0,169444000.0,,0.1906010832612444,220916530.9357592,10236405000.0,0.0215814566672341,0.0286110407724858,0.0217909264169331,0.3129795505276468,0.4950272972806957,0.2540229285989505,0.2651047124804321,0.0999991809891194,,,73.12470502530472,73.12470502530472,False,75.18448886360669,75.18448886360669,74.66954290403119,136.0,True,True,True,True,True,True,True,True,False,True,True,True,True,True,True,False,False,13,False,0.0611928737412859,0.07976749532035066,1.0,47529540.15,0.42379182156133827,2.0,3.0,,,,,,-0.0026852360596371465,-0.044220195129445944,0.23814467075378276,-1.0303403420013761,0.6179347826086956,-1.0303403420013761,0.6422207050922766,-136.0,0.8043478260869565,0.7065217391304348,0.717391304347826,0.7913043478260869,0.7576086956521739,泰博
10.949999809265137,10.949999809265137,10.699999809265137,10.850000381469728,1915524.0,0.03827756741679034,10.839999961853028,0.09595967672173411,10.400999975204467,0.06372554748620352,10.365092945098876,-0.5479166507720947,11.471296493212382,0.016864646742775023,62.50000000000001,2640168.75,0.7255308964625841,0.043168965227926126,5521.TW,2026-08-25,0.07462686449952072,-0.010426525821052968,neutral,0.23234200743494424,0.21096654275092938,2026-03-31,2026-05-15,2612835000.0,137924000.0,51483000.0,62397000.0,-996000.0,63393000.0,0.13,12921452000.0,8050714000.0,13909364000.0,8217996000.0,5691368000.0,1805939000.0,1207000000.0,45836000.0,,0.0,51483000.0,5858650000.0,0.0087875193090558,0.0111384468549564,0.0045575771832558,1.44394036723684,0.0527871067250706,0.0197038848606972,0.0242621520302659,0.2132778029044353,,,26.7192956803025,26.7192956803025,False,74.68632331050561,74.68632331050561,62.69456640295484,744.0,True,False,True,True,True,True,True,True,True,True,True,True,False,True,False,False,False,12,False,0.04678273884655715,-0.054160932211130386,0.0,28645831.944644455,0.5111524163568774,0.0,3.0,,,,,,-0.015929019310295577,-0.10469814389019162,0.27601170121313146,-1.0543208645030204,0.5364130434782608,-1.0543208645030204,0.5561170770718066,-744.0,0.2391304347826087,0.358695652173913,0.5434782608695652,0.28478260869565214,0.3358695652173913,工信
37.79999923706055,37.79999923706055,36.70000076293945,36.900001525878906,143156.0,0.04680855392564265,37.20999984741211,0.09495551010368386,34.97000007629394,0.025000042385525223,33.74602486292521,0.13538466233473567,32.74384571711222,0.021917007549031708,67.27274913105782,205693.75,0.695966698064477,0.05519020432868982,5538.TW,2026-08-25,0.07462686449952072,-0.010426525821052968,neutral,0.23513011152416358,0.30297397769516726,2026-03-31,2026-05-15,3164547000.0,521693000.0,303683000.0,283264000.0,56625000.0,225974000.0,1.12,11275781000.0,4984369000.0,14701660000.0,6800925000.0,7900735000.0,2524953000.0,2256342000.0,1189653000.0,,0.1999018583370989,242976203.9546148,9717291000.0,0.0250045206997109,0.0286016427585534,0.0153706452196554,0.8607964955159235,0.1648555069651359,0.0959641300950815,0.0714080087924116,0.0280798566914675,,,45.92585745794853,45.92585745794853,False,68.00120964922249,68.00120964922249,62.482371601404,415.0,True,False,True,True,True,True,True,True,True,True,True,True,False,True,False,False,False,12,False,0.09346216852992328,0.12692937306978092,1.0,7590099.688863754,0.671003717472119,1.0,3.0,,,,,,0.027111921543380154,-0.027402141179531898,0.2727704284289832,-0.40886782732056687,0.7842391304347827,-0.40886782732056687,0.775681606405573,-415.0,0.5543478260869565,0.31521739130434784,0.8369565217391305,0.5967391304347827,0.5391304347826087,東明-KY
55.59999847412109,56.09999847412109,53.79999923706055,53.900001525878906,1572972.0,0.016981160865639833,54.92000045776367,0.14536679096943095,50.972500038146975,0.040540585323327605,50.88996410369873,0.034549003924672084,49.620398712158206,0.03582448270297386,74.89178475719032,1004006.65,1.566694802270483,0.05743295866479059,5607.TW,2026-08-25,0.07462686449952072,-0.010426525821052968,neutral,0.14869888475836432,0.2555762081784387,2026-03-31,2026-05-15,1214027000.0,623213000.0,537027000.0,447750000.0,84390000.0,363360000.0,0.98,1402675000.0,2902177000.0,27156231000.0,15739732000.0,11416499000.0,684986000.0,1050000000.0,8303128000.0,,0.1884757118927973,435810453.86934674,24254054000.0,0.017968561209163,0.031827620709291,0.0133803545860248,1.378682904452582,0.5133436076792361,0.4423517763608223,0.2993014158663687,0.3566927382792288,,,69.90798459707267,69.90798459707267,False,73.65816482710801,73.65816482710801,72.72061976959918,165.0,True,False,True,True,True,True,True,False,True,True,True,True,True,True,True,False,False,12,False,0.0591479572680893,0.08624684453960452,1.0,54115959.96699257,0.4070631970260223,1.0,3.0,,,,,,0.0121590186622477,-0.0379900122227114,0.3142962095883074,-0.6784282573490803,0.7722826086956522,-0.6784282573490803,0.7411965107342992,-165.0,0.782608695652174,0.6847826086956522,0.8043478260869565,0.7858695652173914,0.7576086956521739,遠雄港
4.920000076293945,5.21999979019165,4.920000076293945,5.199999809265137,622896.0,0.06557370641801308,4.985999965667725,0.10638298304062643,4.917499971389771,0.025640953294319146,4.96733333269755,-0.0780141963894464,5.250416680177053,0.008200924623184712,69.23080873215342,301132.6,2.068510682669362,0.057447857553424075,5907.TW,2026-08-25,0.07462686449952072,-0.010426525821052968,neutral,0.20910780669144982,0.3020446096654275,2026-03-31,2026-05-15,725245000.0,613848000.0,-5974000.0,-185455000.0,11780000.0,-197235000.0,-1.01,1583656000.0,6495362000.0,20447643000.0,16665738000.0,3781905000.0,297368000.0,3429003000.0,0.0,,0.0,-5974000.0,13952281000.0,-0.0004281737158246,-0.0521522883308808,-0.0096458550259313,4.406704557623737,0.8464008714296548,-0.0082372163889444,-0.271956373363484,-0.089264612992871,,,14.66912096454032,14.66912096454032,False,57.91337329576879,57.91337329576879,47.102310212961676,961.0,True,False,True,True,True,False,True,True,True,True,True,True,True,True,False,False,False,12,False,0.04683931215891146,-0.009602451383004529,0.0,1565889.4625635145,0.8736059479553904,0.0,3.0,,,,,,0.002821529768561448,-0.05421771429641383,0.22574665304518635,-0.6587394123416521,0.6152173913043478,-0.6587394123416521,0.6152173913043478,-961.0,0.10869565217391304,0.010869565217391304,0.6413043478260869,0.18858695652173912,0.1858695652173913,大洋-KY
22.450000762939453,23.600000381469727,21.899999618530277,22.850000381469727,5015432.0,-0.03177966050326364,24.59000015258789,0.38905770952600593,20.440000057220463,0.14536338384094294,19.00583340326945,0.4934640586022263,18.5166667620341,0.10665944627986153,72.42799090375058,2819665.7,1.7787328476563729,0.11790608206960007,6108.TW,2026-08-25,0.07462686449952072,-0.010426525821052968,neutral,0.02695167286245353,0.1087360594795539,2026-03-31,2026-05-15,1005533000.0,-58176000.0,-188023000.0,-163927000.0,2837000.0,-166764000.0,-1.08,5952056000.0,4035658000.0,7430512000.0,4257488000.0,3173024000.0,3009763000.0,2815370000.0,,,0.0,-188023000.0,3394854000.0,-0.055384708738579,-0.0525568038565103,-0.0224431371620152,1.3417761731395663,-0.0578558833971634,-0.186988393220312,-0.1658463720235934,0.0519018870845751,,,14.198738437467275,14.198738437467275,False,84.80911476913445,84.80911476913445,67.15652068621766,978.0,True,True,True,True,True,True,True,False,True,True,True,True,True,True,False,False,False,13,False,0.20226247892602234,0.23402341658599912,1.0,64429362.32061711,0.38661710037174724,0.0,3.0,,,,,,-0.0624399468234621,-0.18724979873846978,0.16105450344569952,-1.8354133754993915,0.13804347826086955,-1.8354133754993915,0.27847702013111786,-978.0,0.08695652173913043,0.5869565217391305,0.1956521739130435,0.10326086956521738,0.25869565217391305,競國
1485.0,1510.0,1445.0,1490.0,5299663.0,0.06428571428571428,1428.0,0.33632286995515703,1326.75,0.5488565488565489,1195.696103922526,1.2238805970149254,945.0147186279297,0.054231227651966626,62.20472440944882,3760495.4,1.4092991577652243,0.12304503485961926,6446.TW,2026-08-25,0.07462686449952072,-0.010426525821052968,neutral,0.03717472118959108,0.013011152416356878,2026-03-31,2026-05-15,5121378000.0,4500097000.0,2087077000.0,2335581000.0,185954000.0,2149627000.0,5.79,30923112000.0,4737365000.0,40089669000.0,5635458000.0,34454211000.0,24175410000.0,,43340000.0,,0.0796178766653779,1920908360.822853,35352304000.0,0.0543361575761187,0.0623908351870254,0.0536204726459577,0.1635636932739513,0.8786887044853944,0.4075225456898514,0.4197360554132111,0.572274143110902,,,96.8555062833974,96.8555062833974,False,95.63172319144819,95.63172319144819,95.93766896443549,13.0,True,True,True,True,True,True,True,True,True,True,True,True,True,True,True,False,True,15,True,0.24613603332150968,0.5766950192726483,1.0,5603138146.0,0.03438661710037175,3.0,0.0,,,,,,-0.06144339315159374,-0.15488624102869644,0.20415809542073782,-1.5342145552000765,0.25815217391304346,-1.5342145552000765,0.24411522243070358,-13.0,0.9565217391304348,1.0,0.17391304347826086,0.8391304347826086,0.8130434782608695,藥華藥
50.5,50.5,49.29999923706055,49.70000076293945,432131.0,0.02053388058180472,50.529999542236325,0.08161044478207113,49.042499732971194,0.12954547188498755,47.40583318074544,-0.15476188081964348,48.88624989191691,0.02278415272434595,53.420194144549505,754938.35,0.5724056805433185,0.013406760127404826,6589.TW,2026-08-25,0.07462686449952072,-0.010426525821052968,neutral,0.28066914498141265,0.12453531598513011,2026-03-31,2026-05-15,308435000.0,64956000.0,-207240000.0,-141836000.0,406000.0,-142242000.0,-0.47,4188368000.0,910711000.0,10619357000.0,2413133000.0,8206224000.0,3257763000.0,0.0,1001914000.0,,0.0,-207240000.0,9708646000.0,-0.0213459219751137,-0.0173334288705743,-0.0133945963018288,0.2940613124867174,0.2105986674664029,-0.6719081816265988,-0.461173342843711,0.6954150931987708,,,33.08565989658788,33.08565989658788,False,66.16176625549033,66.16176625549033,57.89273966576472,629.0,True,False,True,True,True,True,True,True,True,True,True,True,False,True,False,False,False,12,False,0.04839420443148801,0.016645802711839686,1.0,37520436.57097225,0.46189591078066916,1.0,3.0,,,,,,-0.0593623451487019,-0.14505059181786817,0.10008547309878528,-1.869405258261366,0.1342391304347826,-1.869405258261366,0.08525246107544548,-629.0,0.30434782608695654,0.15217391304347827,0.021739130434782608,0.2619565217391304,0.2021739130434783,台康生技
6225.0,6440.0,6125.0,6440.0,1160267.0,0.006250000000000089,6339.0,0.2116650987770461,6064.0,0.16772438803263823,5095.934079996745,0.6470588235294117,4735.7170399983725,0.033533597511611064,57.95795795795796,1600723.0,0.72483933822404,0.06200527704485492,6669.TW,2026-08-25,0.07462686449952072,-0.010426525821052968,neutral,0.08550185873605948,0.09200743494423792,2026-03-31,2026-05-15,276507734000.0,20881168000.0,17458392000.0,17934386000.0,3819977000.0,14114409000.0,75.95,395619318000.0,257883938000.0,432576398000.0,292412129000.0,140164269000.0,70996229000.0,72191879000.0,9594000000.0,18686968000.0,0.2129973671805658,13739800468.793749,174692460000.0,0.0786513651979813,0.1006990519102982,0.0326287080507799,2.086210209536355,0.0755174826321494,0.0631388921656708,0.0510452593705751,0.6202705683581411,,,65.40144535951697,65.40144535951697,False,81.92181807133682,81.92181807133682,77.79172489338185,208.0,True,True,True,True,True,True,True,True,True,True,True,True,False,True,True,False,False,13,False,0.26375261118058146,0.35987854544667086,1.0,10308656120.0,0.022304832713754646,3.0,3.0,,,,,,0.061081606708139,-0.07738782163941998,0.3078998947586899,-0.3299335681775463,0.8217391304347826,-0.3299335681775463,0.7971764619087389,-208.0,0.7391304347826086,0.8478260869565217,0.8586956521739131,0.7570652173913043,0.7956521739130434,緯穎
257.0,272.0,255.0,270.5,2555010.0,-0.06076388888888884,273.7,0.35588972431077703,246.4,0.2295454545454545,250.83333333333334,1.9822631973752358,206.71376616160074,0.05513328337437105,69.140625,4405324.75,0.5799822135700665,0.09780844155844148,6672.TW,2026-08-25,0.07462686449952072,-0.010426525821052968,neutral,0.032527881040892194,0.06691449814126393,2026-03-31,2026-05-15,1245827000.0,423777000.0,145352000.0,148482000.0,24894000.0,123588000.0,1.73,4606299000.0,1439948000.0,6456499000.0,2742865000.0,3713634000.0,1563255000.0,30000000.0,69263000.0,896840000.0,0.1676566856588677,120982765.42611226,5016551000.0,0.0241167219123481,0.0332795315855035,0.0191416431722517,0.7385932485538425,0.3401571807321562,0.1166710947828229,0.0992015745364324,0.2185628742514969,,,64.4879602565514,64.4879602565514,False,71.4568656895562,71.4568656895562,69.714639331305,216.0,True,False,True,True,True,False,True,True,True,True,True,True,False,True,True,False,False,11,False,0.07840531561461783,0.3085727429905838,1.0,1191640344.875,0.1050185873605948,2.0,3.0,,,,,,-0.04918292037195268,-0.18587562107574263,0.2993475166775854,-1.2729574155679053,0.4342391304347826,-1.2729574155679053,0.46055923127690573,-216.0,0.7282608695652174,0.6304347826086957,0.40217391304347827,0.6793478260869565,0.633695652173913,騰輝電子-KY
98.0999984741211,102.0,98.0,102.0,170911.0,0.049382748996522396,98.16000061035156,0.1371237845064257,97.10500030517578,0.035532994923857864,97.57166659037271,0.4500774153732017,90.82280712127685,0.008830710064984421,55.21234747844184,152356.45,1.121783816832172,0.05040934740168379,6756.TW,2026-08-25,0.07462686449952072,-0.010426525821052968,neutral,0.15520446096654275,0.27137546468401486,2026-03-31,2026-05-15,414892000.0,185087000.0,-50699000.0,46990000.0,8682000.0,44595000.0,0.64,1744541000.0,848091000.0,3944534000.0,980235000.0,2964299000.0,833541000.0,,113508000.0,,0.1847627154713768,-41331715.08831666,3096443000.0,-0.0133481272183329,0.0150440289592918,0.0113055179648597,0.3306802046622152,0.4461088668858401,-0.1221980660027187,0.1074858035344137,0.0636156451162206,,,42.16370730947515,42.16370730947515,False,62.344398620358255,62.344398620358255,57.29922579263748,477.0,True,False,True,True,True,False,True,True,True,True,True,True,True,True,False,False,False,12,False,0.045385443995933805,0.12306592620285461,1.0,15540357.9,0.5799256505576208,2.0,3.0,,,,,,-0.02233774082076246,-0.1006025220182133,0.24994100872034436,-1.2597838868494342,0.47282608695652173,-1.2597838868494342,0.6137790893816438,-477.0,0.5,0.14130434782608695,0.6304347826086957,0.5195652173913043,0.4184782608695652,威鋒電子
265.0,291.5,259.0,291.5,60275679.0,0.05045045045045038,278.6,0.49871465295629824,234.575,0.9052287581699345,186.43266677856445,1.8719211822660098,158.8546667098999,0.05712032447048212,68.10126582278481,33076657.55,1.8223025984074983,0.2426729191090271,8039.TW,2026-08-25,0.07462686449952072,-0.010426525821052968,neutral,0.01486988847583643,0.0055762081784386614,2026-03-31,2026-05-15,2415476000.0,532169000.0,146484000.0,219817000.0,44902000.0,171370000.0,0.65,10090538000.0,4116000000.0,15838059000.0,5212295000.0,10625764000.0,3401205000.0,544660000.0,425464000.0,0.0,0.2042699154296528,116561725.70820272,11722059000.0,0.0099437927848855,0.0161277814941118,0.0108201390081953,0.4905336689201831,0.2203164096848819,0.060643947611154,0.0709466788326607,0.0846351629146733,,,39.59205928302138,39.59205928302138,False,89.67168112921831,89.67168112921831,77.15177566766909,517.0,True,True,True,True,True,True,True,True,True,True,True,False,True,False,False,False,False,12,False,0.5635671850697139,0.8350106171720895,1.0,9641845675.825,0.024163568773234202,2.0,3.0,,,,,,-0.08376954731042116,-0.2333991193190748,0.1707656378221933,-1.7926462097996367,0.11467391304347826,-1.7926462097996367,0.16607726662599223,-517.0,0.43478260869565216,0.8152173913043478,0.13043478260869565,0.38913043478260867,0.4880434782608695,台虹
1110.0,1170.0,1070.0,1160.0,8463175.0,-0.06827309236947787,1161.0,0.18852459016393452,1114.45,0.28176795580110503,1070.048548380534,1.577777777777778,896.3451075236003,0.00491433724075748,58.064516129032256,10911913.05,0.7755903993388217,0.04087217910179897,8046.TW,2026-08-25,0.07462686449952072,-0.010426525821052968,neutral,0.10594795539033457,0.04368029739776952,2026-03-31,2026-05-15,11177241000.0,1771445000.0,1352237000.0,1598197000.0,289571000.0,1308626000.0,2.03,25923065000.0,8163676000.0,62161816000.0,15455246000.0,46706570000.0,9657576000.0,,,,0.1811860490289995,1107230520.6191726,53998140000.0,0.0205049751828335,0.0280180282988025,0.0210519267969906,0.3309008989527597,0.1584867857819295,0.1209812868846614,0.1170795189975773,0.3214942908705003,,,61.16068715346135,61.16068715346135,False,80.87392008297593,80.87392008297593,75.94561185059729,249.0,True,True,True,True,True,True,True,True,True,True,True,True,False,True,True,False,False,13,False,0.0840629630829397,0.29414439847261376,1.0,12657819138.0,0.015799256505576207,3.0,3.0,,,,,,-0.13247009039942165,-0.2258366250808984,0.22341418945990618,-1.693968494951346,0.17119565217391303,-1.693968494951346,0.1836183941819351,-249.0,0.7065217391304348,0.75,0.15217391304347827,0.6233695652173914,0.6086956521739131,南電
95.0,95.0,92.8000030517578,94.0,10732519.0,0.04097449416609056,93.51999969482422,0.20204608271551816,89.99500007629395,0.028446372327301628,89.75968259175619,0.4506172156337589,86.63317476908365,0.023135514348758643,62.11180712888796,18713376.95,0.5735212318266266,0.0445024714740907,8112.TW,2026-08-25,0.07462686449952072,-0.010426525821052968,neutral,0.09572490706319703,0.29275092936802977,2026-03-31,2026-05-15,110164542000.0,4238620000.0,3418168000.0,2892239000.0,712333000.0,2102790000.0,3.91,110827396000.0,76135974000.0,112891822000.0,92125380000.0,20766442000.0,14855353000.0,53437429000.0,11508327000.0,2798432000.0,0.2462911951605659,2576303318.0203986,36755848000.0,0.0700923379055327,0.101259040908404,0.0186265928102391,4.4362621194328815,0.0384753562539206,0.0310278419711489,0.0190877206206693,1.3784680054727554,,,52.60217451052254,52.60217451052254,False,77.28267758909095,77.28267758909095,71.11255181944885,328.0,True,True,True,True,True,True,True,True,True,True,True,True,False,True,False,False,False,13,False,0.04724077988922448,0.0850346908162174,1.0,1759057433.3,0.08271375464684015,1.0,3.0,,,,,,-0.006381567627798435,-0.09078479726286413,0.19061283363106044,-0.019523773978425425,0.5434782608695652,-0.019523773978425425,0.6190705076394438,-328.0,0.6086956521739131,0.6739130434782609,0.6521739130434783,0.6152173913043478,0.6369565217391305,至上
1120.0,1215.0,1120.0,1215.0,5247010.0,0.03404255319148941,1144.0,0.3410596026490067,1083.1,0.16267942583732053,1196.5333333333333,0.6309549256754947,1107.1229639689127,0.03137647002809105,61.68831168831169,3213212.6,1.6329482835962985,0.12178007570861427,8996.TW,2026-08-25,0.07462686449952072,-0.010426525821052968,neutral,0.03531598513011153,0.09479553903345725,2026-03-31,2026-05-15,3422971000.0,993397000.0,708890000.0,760217000.0,154549000.0,605668000.0,6.54,6117858000.0,3808253000.0,8901358000.0,4255580000.0,4645778000.0,1874428000.0,690000000.0,245167000.0,0.0,0.2032959010387823,564775568.7126175,5093105000.0,0.1108902268287454,0.1303695527422963,0.0680422020999492,0.91601019248014,0.2902148455245458,0.2070978690733868,0.1769421943685763,2.3761538742261066,,,90.21884377245992,90.21884377245992,True,85.53127217550029,85.53127217550029,86.7031650747402,30.0,True,True,True,True,True,False,True,True,True,True,True,True,True,True,True,True,False,13,False,0.015433474481836518,0.09743907365479987,1.0,3904053309.0,0.04553903345724907,3.0,1.0,,,,,,-0.021617459900094674,-0.1160906711085847,0.3228798048441396,-1.3588522460482197,0.5059782608695652,-1.3588522460482197,0.5215132937812436,-30.0,0.9456521739130435,0.9565217391304348,0.4891304347826087,0.8771739130434781,0.8576086956521739,高力
21.5,21.549999237060547,21.399999618530277,21.399999618530277,123756.0,0.002341884597995003,21.439999771118163,0.03381636858893633,21.167500019073486,0.02637885980804855,20.813419373830165,0.04645471003172097,20.94629298845927,0.009297884578265815,65.62497764829011,165788.6,0.746468695676301,0.010983800602210492,9905.TW,2026-08-25,0.07462686449952072,-0.010426525821052968,neutral,0.4544609665427509,0.29739776951672864,2026-03-31,2026-05-15,2262403000.0,227921000.0,110504000.0,146083000.0,37653000.0,108152000.0,0.35,9976288000.0,2845823000.0,12068826000.0,3342134000.0,8726692000.0,759126000.0,0.0,,,0.2577507307489577,82021513.24931718,9223003000.0,0.0088931461097125,0.0123932413336004,0.0089612693065588,0.3829783381835866,0.1007428826782849,0.0488436410312397,0.0478040384493832,0.1512060067798128,,,34.794291678762654,34.794291678762654,False,59.707679428994446,59.707679428994446,53.479332491436494,603.0,True,False,False,True,True,True,True,True,False,True,True,True,False,True,False,False,False,10,False,0.028182790831460025,0.021660473780300116,1.0,3547875.9767566686,0.7797397769516728,0.0,3.0,,,,,,0.005980464374364908,-0.022079957285057118,0.19321030588247373,-1.3923921412442763,0.5684782608695652,-1.3923921412442763,0.547107883173684,-603.0,0.33695652173913043,0.08695652173913043,0.532608695652174,0.36630434782608695,0.3010869565217391,大華
101.5,107.0,101.5,104.5,2561566.0,0.09198992472242673,103.7259216308594,0.22941176470588243,96.49786071777343,0.49713460503019724,83.72261975606283,0.3589076453377307,77.14547691345214,0.04853214884593699,66.75768249175988,4493632.4,0.570043513127598,0.08292556148607644,9921.TW,2026-08-25,0.07462686449952072,-0.010426525821052968,neutral,0.08178438661710037,0.017657992565055763,2026-03-31,2026-05-15,12523541000.0,2458803000.0,-191441000.0,-170563000.0,-23472000.0,-199773000.0,-0.51,48200680000.0,28731484000.0,72341005000.0,34909460000.0,37431545000.0,13787267000.0,9060327000.0,1863857000.0,,0.1376148402643011,-165095877.36496192,43609521000.0,-0.0037857759860504,-0.0053370225567766,-0.0027615458203822,0.9326214026164296,0.1963344871869705,-0.0152864912567459,-0.0159517982973026,-0.2568048701835493,,,14.870530982450036,14.870530982450036,False,82.61805705368931,82.61805705368931,65.68117553587949,958.0,True,True,True,True,True,True,True,True,True,True,True,True,False,True,False,False,False,13,False,0.2481692558650801,0.35458362798426024,1.0,469584585.8,0.17193308550185873,2.0,3.0,,,,,,0.01747056918656099,-0.07310343366809362,0.3542683662845683,-1.1677381548337227,0.7206521739130435,-1.1677381548337227,0.6942260901202617,-958.0,0.11956521739130435,0.4673913043478261,0.7717391304347826,0.21739130434782608,0.35434782608695653,巨大
41.5,42.29999923706055,41.34999847412109,42.20000076293945,1656281.0,0.009569414669373,41.92000045776367,0.07928394909964376,39.4475004196167,0.06431271472703992,40.68000005086263,0.397350983339247,38.496249993642174,0.012967844994330924,75.57602795522074,2801661.35,0.5911781593446331,0.06977629289672227,9933.TW,2026-08-25,0.07462686449952072,-0.010426525821052968,neutral,0.28903345724907065,0.20631970260223048,2026-03-31,2026-05-15,17199079000.0,2244665000.0,1663896000.0,1662544000.0,521286000.0,892046000.0,1.0,85054850000.0,82656832000.0,140062416000.0,114248656000.0,25813760000.0,42421531000.0,1206000000.0,17821605000.0,10618678000.0,0.3135471903300003,1142186084.198674,57405584000.0,0.0198967766654664,0.0345569959587444,0.0063689176973785,4.425882010214707,0.1305107674660951,0.0967433198021824,0.0518659167737993,-0.2275882612996864,,,23.64577886729635,23.64577886729635,False,56.98569479219898,56.98569479219898,48.65071581097332,795.0,True,False,True,True,True,False,True,False,True,True,True,True,False,True,False,False,False,10,False,0.03736481588437446,0.09621068987002546,1.0,118230111.10749798,0.3159851301115242,1.0,3.0,,,,,,0.06628951453938418,0.0193978735682767,0.2937792080756745,-0.5877752872194683,0.9032608695652173,-0.5877752872194683,0.9347201863594762,-795.0,0.21739130434782608,0.043478260869565216,0.9782608695652174,0.33152173913043476,0.3173913043478261,中鼎
20.450000762939453,20.450000762939453,20.100000381469727,20.149999618530277,265423.0,-0.017073189339986472,20.339999771118165,0.049479105095899145,20.08749990463257,0.06613756747245914,19.28108116785685,0.11634351635638729,19.061373933156332,0.012474790660196486,55.81395967771976,407409.9,0.6514888322546899,0.0031113734508740887,9935.TW,2026-08-25,0.07462686449952072,-0.010426525821052968,neutral,0.38940520446096655,0.20074349442379183,2026-03-31,2026-05-15,1207014000.0,329361000.0,129050000.0,125078000.0,35715000.0,89363000.0,0.51,4101731000.0,3844659000.0,8361229000.0,5772111000.0,2589118000.0,430540000.0,854900000.0,1461115000.0,287107000.0,0.2855418219031324,92200827.88340075,4516570000.0,0.0204139043308087,0.0345148425062125,0.0106877828606297,2.22937347776347,0.2728725598874578,0.1069167383311212,0.0740364237697325,0.0157374361805349,,,40.70851081970746,40.70851081970746,False,62.79627060172656,62.79627060172656,57.274330656221785,498.0,True,False,True,True,True,True,True,True,False,True,True,True,False,True,False,False,False,11,False,0.045065857205247584,0.0571116063926711,1.0,8209309.329585459,0.6598513011152416,0.0,3.0,,,,,,0.05280301391690418,0.008252430613869436,0.2802054855100405,-0.4036805820792126,0.8760869565217392,-0.4036805820792126,0.9009760038188588,-498.0,0.4673913043478261,0.13043478260869565,0.9456521739130435,0.5391304347826087,0.4619565217391305,慶豐富
85.9000015258789,86.80000305175781,85.5,86.80000305175781,1724677.0,0.03087893346497217,85.74000091552735,0.05596114688923959,84.02500038146972,0.17934789200135715,82.66333338419597,0.2072322838618572,79.3300001780192,0.01113117185884151,73.19588358641433,1052856.65,1.6380928970719804,0.033025916782977616,9941.TW,2026-08-25,0.07462686449952072,-0.010426525821052968,neutral,0.35780669144981414,0.08271375464684015,2026-03-31,2026-05-15,9588907000.0,4187850000.0,1390166000.0,1382030000.0,301331000.0,1104074000.0,1.82,235100426000.0,237208150000.0,286724084000.0,244513555000.0,42210529000.0,7708912000.0,35439009000.0,3468847000.0,,0.2180350643618445,1087061066.716352,49515934000.0,0.0219537627365839,0.0261563649202311,0.0038506496719682,5.792714775026866,0.4367390360548913,0.1449764816782559,0.1151407558755132,-0.0112940820804001,,,41.17633903527033,41.17633903527033,False,69.6326743133162,69.6326743133162,62.51859049380473,492.0,True,False,True,True,True,True,True,False,False,True,True,True,True,True,False,False,False,11,False,0.050042376688776535,0.09416365633399315,1.0,91387960.43306349,0.34572490706319703,1.0,3.0,,,,,,0.02512620490177212,-0.01272234540968178,0.26440520465902795,-0.27891337429008844,0.7945652173913044,-0.27891337429008844,0.8226670167069061,-492.0,0.4782608695652174,0.32608695652173914,0.8913043478260869,0.5402173913043478,0.5152173913043478,裕融
28.850000381469727,29.100000381469727,28.549999237060547,28.75,7633347.0,-0.03198655685305207,29.35999984741211,0.10576923076923084,27.902500057220458,0.2130801297254561,26.63423897425334,0.024955464598180432,25.75003617604574,0.028948094015550565,68.79999731445386,9305467.8,0.8203077119884289,0.030373620322248884,9945.TW,2026-08-25,0.07462686449952072,-0.010426525821052968,neutral,0.2128252788104089,0.07156133828996282,2026-03-31,2026-05-15,8802139000.0,2177505000.0,1558595000.0,3524918000.0,275592000.0,2706817000.0,0.99,56821154000.0,31229259000.0,206807304000.0,85163985000.0,121643319000.0,4687641000.0,7435539000.0,36077246000.0,,0.0781839464066965,1436737892.0502548,175578045000.0,0.0081829017520399,0.0222520811027854,0.0130885947819328,0.7001123094972441,0.247383618913539,0.1770700280920353,0.3075180930453381,0.2547092191019549,,,56.447152500431685,56.447152500431685,False,70.69067952256623,70.69067952256623,67.12979776703258,296.0,True,False,True,True,True,True,True,True,True,True,True,True,True,True,False,False,False,13,False,0.07943763768853751,0.11650328579907043,1.0,267532199.25000003,0.22676579925650558,0.0,3.0,,,,,,-0.05652071641409667,-0.13102955513823278,0.1154563025580306,-1.6050921370045155,0.19728260869565217,-1.6050921370045155,0.1502025480764068,-296.0,0.6521739130434783,0.5760869565217391,0.08695652173913043,0.5673913043478261,0.5163043478260869,潤泰新
61.70000076293945,63.70000076293945,60.59999847412109,61.79999923706055,96218.0,0.03691276542389055,62.70000076293945,0.08611595043548559,59.07999973297118,-0.0016155458215384444,58.881729380289705,-0.2294264141064276,64.7500314394633,0.01774113314954357,65.4761864214544,64990.0,1.4805046930296968,0.04603926060228791,6796.TW,2026-08-25,0.07462686449952072,-0.010426525821052968,neutral,0.26579925650557623,0.3856877323420074,2026-03-31,2026-05-15,147416000.0,53869000.0,-19412000.0,-13466000.0,-767000.0,-12699000.0,-0.32,1134874000.0,439289000.0,1677327000.0,806242000.0,871085000.0,494297000.0,88000000.0,139353000.0,186074000.0,0.0569582652606564,-18306326.154760137,1238038000.0,-0.0147865624114608,-0.0145783706526917,-0.0075709745326939,0.9255606513715654,0.36542166386281,-0.1316817713138329,-0.0861439735171216,0.1029508589214101,,,29.05765183146441,29.05765183146441,False,70.251099353438,70.251099353438,59.95273747294459,696.0,True,False,True,True,True,True,True,True,True,True,True,True,True,True,False,False,False,13,False,0.049561551392675485,-0.04556032077236638,0.0,4016381.950416565,0.7630111524163569,1.0,3.0,,,,,,0.0351476926616242,-0.05472674157339268,0.4065633390127002,-1.1913765291641607,0.7864130434782609,-1.1913765291641607,0.7197121486221646,-696.0,0.2608695652173913,0.22826086956521738,0.7934782608695652,0.3407608695652174,0.3576086956521739,晉弘
202.5,205.0,199.0,204.0,192537.0,0.030303030303030276,200.8,0.1208791208791209,196.325,0.022556390977443552,195.59869384765625,0.17919075144508678,192.16184692382814,0.019344882452402845,62.921348314606746,216451.95,0.8895138158838486,0.03909334012479304,4771.TW,2026-08-25,0.07462686449952072,-0.010426525821052968,neutral,0.17565055762081785,0.3076208178438662,2026-03-31,2026-05-15,1030727000.0,422528000.0,298124000.0,310643000.0,69136000.0,214777000.0,3.66,2662213000.0,1036935000.0,7439213000.0,2725761000.0,4713452000.0,939697000.0,0.0,1180020000.0,,0.2225577270371455,231774200.18477803,6402278000.0,0.0362018331888709,0.0455668159981262,0.0288709302986754,0.5782939976900158,0.4099320188565934,0.2892366261871475,0.208374283394148,0.2716625438753415,,,87.83714193650803,87.83714193650803,False,73.1629097083374,73.1629097083374,76.83146776538005,44.0,True,False,True,True,True,True,True,True,True,True,True,True,True,True,True,False,False,13,False,0.0429517497641736,0.06160511707021854,1.0,44156197.800000004,0.4349442379182156,2.0,2.0,,,,,,-0.02590752462821631,-0.08840074015064385,0.23432169236203967,-1.4025508416687844,0.4347826086956522,-1.4025508416687844,0.5266638385452802,-44.0,0.9239130434782609,0.7934782608695652,0.5,0.8603260869565217,0.7999999999999999,望隼
194.5,195.5,186.5,195.5,406239.0,0.02088772845953013,191.8,0.2452229299363058,177.425,0.0316622691292876,163.68914998372395,0.52734375,160.42374165852866,0.04214390602055807,70.0,572605.1,0.7094575301547262,0.10187403128082284,6933.TW,2026-08-25,0.07462686449952072,-0.010426525821052968,neutral,0.0724907063197026,0.2825278810408922,2026-03-31,2026-05-15,1820470000.0,249043000.0,75692000.0,58930000.0,12357000.0,46573000.0,1.1,5046947000.0,2858081000.0,5403999000.0,3014996000.0,2389003000.0,1147835000.0,1110793000.0,,,0.2096894620736467,59820185.23672154,2545918000.0,0.0234965090143207,0.019494743204592,0.0086182473386838,1.2620310648416937,0.1368014853307113,0.041578273742495,0.0255829538525765,-0.0692122762723702,,,29.486569053500588,29.486569053500588,False,74.25158439112187,74.25158439112187,63.06033055671655,689.0,True,False,True,True,True,True,True,True,True,True,True,True,False,True,False,False,False,12,False,0.19433694914683763,0.21864755165811567,1.0,111944297.05,0.32063197026022305,2.0,3.0,,,,,,-0.01152278784690564,-0.08892722902610566,0.28903287103318914,-1.5178238815293357,0.5163043478260869,-1.5178238815293357,0.5117408899994597,-689.0,0.2717391304347826,0.40217391304347827,0.45652173913043476,0.2994565217391304,0.34782608695652173,AMAX-KY
2245.0,2350.0,2180.0,2350.0,375512.0,-0.05622489959839361,2336.0,0.22715404699738895,2300.75,0.04444444444444451,2176.4166666666665,0.9194388449068447,2048.5717051188153,0.033464345873105,45.52845528455285,385979.6,0.9728804320228324,0.02140606324024774,7750.TW,2026-08-25,0.07462686449952072,-0.010426525821052968,neutral,0.08271375464684015,0.24814126394052044,2026-03-31,2026-05-15,4864503000.0,2372306000.0,1254204000.0,1394597000.0,320524000.0,1074073000.0,15.38,17645635000.0,7514111000.0,20380748000.0,8960257000.0,11420491000.0,7911716000.0,36567000.0,117369000.0,,0.22983270435832,965946902.8629776,12866637000.0,0.0750737665843046,0.0940478828799917,0.0527003719392438,0.7845772130112444,0.487676952815118,0.2578277780895602,0.2207980959205904,0.4944778547366577,,,97.43609940205693,97.43609940205693,True,68.09889436543577,68.09889436543577,75.43319562459106,9.0,True,False,True,True,True,True,True,False,True,True,True,True,True,True,True,True,True,13,False,0.0797564804533446,0.14714070985555372,1.0,907052060.0,0.11988847583643122,3.0,0.0,,,,,,-0.028256949954507452,-0.1154454462299183,0.18354858434180593,-1.2350379022449103,0.3641304347826087,-1.2350379022449103,0.3800887867250454,-9.0,0.9782608695652174,0.7391304347826086,0.30434782608695654,0.8771739130434782,0.7717391304347826,新代
85.30000305175781,85.30000305175781,84.19999694824219,84.69999694824219,248922.0,-0.02080928383535041,86.31999969482422,0.05742819677589983,84.78499984741211,0.16027393079783825,83.07596219380697,0.12037035261629203,78.85798098246256,0.004264137961647761,58.79998779296874,464714.75,0.5356447153872349,-0.0010025700220900324,4590.TW,2026-08-25,0.07462686449952072,-0.010426525821052968,neutral,0.3513011152416357,0.09665427509293681,2026-03-31,2026-05-15,267545000.0,80743000.0,-23964000.0,81129000.0,16211000.0,,1.21,3151635000.0,1382797000.0,6125098000.0,2598258000.0,3526840000.0,2037662000.0,565000.0,505331000.0,,0.1998175744801489,-19175571.64515771,4742301000.0,-0.0040435163531706,,,0.7367099159587619,0.3017922218692183,-0.0895699788820572,,,,,35.37011980056409,35.37011980056409,False,69.600151657615,69.600151657615,61.04264369335227,596.0,True,False,True,True,False,True,True,True,False,True,True,True,False,True,False,False,False,10,False,0.01954879259353648,0.07408274841678786,1.0,39361337.90680313,0.45353159851301117,1.0,3.0,,,,,,0.0074237186620418425,-0.04470255500381654,0.26438754755757826,-1.357397513618674,0.6141304347826088,-1.357397513618674,0.6222145900209479,-596.0,0.34782608695652173,0.2608695652173913,0.6739130434782609,0.3967391304347826,0.3869565217391304,富田-創
554.0,568.0,520.0,551.0,1600380.0,-0.036713286713286664,556.0,0.4891891891891893,476.25,0.3439024390243903,469.6666666666667,0.5362783371794533,427.59487330118816,0.08794974300399772,73.58490566037736,1380002.2,1.1596938033866904,0.15695538057742775,7795.TW,2026-08-25,0.07462686449952072,-0.010426525821052968,neutral,0.015799256505576207,0.031598513011152414,2026-03-31,2026-05-15,417748000.0,164583000.0,45923000.0,46458000.0,30360000.0,16098000.0,0.21,3862664000.0,1062319000.0,4174097000.0,1361173000.0,2812924000.0,2813974000.0,298396000.0,,,0.4,27553800.0,3111778000.0,0.008854680507414,0.0057228705787998,0.0038566425265153,0.4838996716583882,0.3939767515344178,0.1099299098978331,0.0385351934659172,,,,44.88151404428712,44.88151404428712,False,85.06684117444298,85.06684117444298,75.02050939190403,434.0,True,True,True,True,True,True,True,False,True,True,True,False,True,False,False,False,False,11,False,0.17317246273953146,0.288602914590812,1.0,760381212.1999999,0.129182156133829,3.0,3.0,,,,,,0.0005822952162562887,-0.15336833897606666,0.2846320073848517,-1.5348742295868787,0.4592391304347826,-1.5348742295868787,0.3854175437741022,-434.0,0.5217391304347826,0.717391304347826,0.31521739130434784,0.49076086956521736,0.5391304347826087,長廣
