Open,High,Low,Close,Volume,ret5,ma5,ret20,ma20,ret60,ma60,ret120,ma120,ma20_slope,rsi14,volume_ma20,volume_ratio,ma20_deviation,symbol,date,benchmark_ret20,benchmark_ret60,market_regime,rs20_rank_pct,rs60_rank_pct,period_date,as_of_date,revenue,gross_profit,operating_income,pretax_income,tax_expense,net_income_parent,eps,current_assets,current_liabilities,assets,liabilities,equity,cash,short_borrowings,long_borrowings,bonds_payable,tax_rate,nopat,invested_capital_proxy,roic_proxy,roe,roa,debt_to_equity,gross_margin,operating_margin,net_margin,revenue_growth,pe,pb,eva_like_score,fundamental_score,fundamental_pass,technical_score,score,final_score,fundamental_rank,pass_market,pass_score,pass_rs20,pass_rs60,pass_close_ma20,pass_ma20_ma60,pass_ma20_slope,pass_rsi,pass_ret20_benchmark,pass_ret60_benchmark,pass_ret5_cap,pass_ret20_cap,pass_volume_ratio,pass_ma20_deviation,pass_fundamental_score,pass_fundamental_filter,pass_fundamental_universe,entry_pass_count,entry_all_pass,close_ma60_ratio,close_ma120_ratio,above_ma120,turnover20,liquidity_rank,price_bucket,eva_rank_bucket,forward_60d_return,forward_60d_max_drawdown,reward_60,fwd60_rank_label,top_quantile_60,reg_forward60,reg_reward60,cls_topq60,rank_forward60,ensemble_score,ranker_score,stable_ensemble_score,fundamental_rank_score,fundamental_score_rank,final_score_rank,stable_ml_rank,fund_ml_85_15,fund_final_ml,name
56.09999847412109,57.900001525878906,55.400001525878906,56.29999923706055,34783728.0,-0.0242634576666785,55.9,0.0349264275347085,52.86120052337647,0.2525027426357462,49.97373352050781,0.7566302832219374,45.15020008087159,0.0297562760668675,68.41053231192518,38267343.6,0.9089663595045044,0.0650533601135934,1326.TW,2026-07-01,0.0345317089050265,0.4787018659467352,bull,0.3009259259259259,0.267840593141798,2026-03-31,2026-05-15,81749811000.0,6327773000.0,3120431000.0,7294502000.0,759958000.0,6245039000.0,1.07,214839826000.0,114054227000.0,581165153000.0,170197763000.0,410967390000.0,16802058000.0,33492647000.0,26687136000.0,25800000000.0,0.1041823005874835,2795337319.595498,467110926000.0,0.0059843115714135,0.0151959477855408,0.0107457217070962,0.4141393384034679,0.0774041300230039,0.0381704980333226,0.0763920909859962,0.0359959953561419,,,29.94873186889634,29.94873186889634,False,66.46339594544874,66.46339594544874,57.33472992631064,685.0,True,False,True,True,True,True,True,True,True,False,True,True,True,True,False,False,False,12,False,0.1265918167582298,0.246949053076571,1.0,2154451415.484334,0.0925925925925925,1.0,3.0,,,,,,-0.0868551474460838,-0.1678478601616938,0.1353780074702009,-1.7194399762692865,0.2623762376237624,-1.7194399762692865,0.3193160964314027,-685.0,0.2178217821782178,0.0792079207920792,0.2178217821782178,0.2178217821782178,0.1762376237623762,台化
113.0,113.5,106.5,107.5,1252910.0,-0.0652173913043477,111.3,0.1387711680336132,111.28499984741212,0.2858851909342714,98.968333307902,0.3031208055646472,93.91994762420654,0.0443412125411165,49.122807017543856,1384191.6,0.9051564826719076,-0.0340117702529711,1342.TW,2026-07-01,0.0345317089050265,0.4787018659467352,bull,0.1074074074074074,0.2502316960148285,2026-03-31,2026-05-15,917285000.0,249530000.0,186743000.0,202788000.0,40597000.0,,2.08,2452379000.0,1285713000.0,3800359000.0,1708118000.0,2092241000.0,402121000.0,30000000.0,385083000.0,0.0,0.2001942915754384,149358117.4083279,2514646000.0,0.0593952856220429,,,0.8164059494102257,0.2720310481475223,0.2035823108412325,,0.1776823428211942,,,79.88923349459898,79.88923349459898,False,65.52198537740706,65.52198537740706,69.11379740670503,87.0,True,False,True,True,False,True,True,False,True,False,True,True,True,True,True,False,False,10,False,0.0862060257754868,0.1445917796944489,1.0,148800597.0,0.362962962962963,2.0,2.0,,,,,,0.0457477044728231,-0.0457342509644662,0.3702552392059777,-1.1446631074205398,0.9311881188118812,-1.1446631074205398,0.9241931233537488,-87.0,0.8811881188118812,0.5247524752475248,0.9702970297029704,0.8945544554455446,0.7920792079207921,八貫
780.0,790.0,762.0,763.0,1455959.0,0.0186915887850467,739.2,0.0946915351506456,698.8,0.7223476297968396,629.1333333333333,1.0346666666666668,534.8541666666666,0.0086605080831408,74.83870967741936,1519678.55,0.9580703761331631,0.0918717801946193,1560.TW,2026-07-01,0.0345317089050265,0.4787018659467352,bull,0.1601851851851851,0.0917516218721038,2026-03-31,2026-05-15,2293229000.0,802560000.0,444439000.0,531951000.0,89799000.0,436359000.0,2.94,5759371000.0,3216860000.0,13961884000.0,5383626000.0,8578258000.0,1772650000.0,642250000.0,940383000.0,555943000.0,0.1688106611323223,369412958.57701176,10745024000.0,0.0343799100473867,0.050868020057219,0.0312535901315323,0.6275896574805747,0.3499694099455396,0.193804892577235,0.1902814764683335,0.2944197621734146,,,86.28355650333096,86.28355650333096,False,75.5566355805268,75.5566355805268,78.23836581122784,54.0,True,True,True,True,True,True,True,False,True,True,True,True,True,True,True,False,False,13,False,0.2127794850058282,0.4265570833171037,1.0,1159514733.65,0.1453703703703703,3.0,2.0,,,,,,-0.0497669186300717,-0.2250764744676765,0.3118855484978067,-1.4018228590111022,0.5514851485148515,-1.4018228590111022,0.5098914008812361,-54.0,0.9207920792079208,0.8514851485148515,0.5247524752475248,0.8613861386138614,0.8207920792079207,中砂
22.25,23.89999961853028,22.100000381469727,23.200000762939453,7408832.0,0.0892019527668823,21.77999992370605,0.1746835829336432,21.082499980926517,0.3033708852434003,19.525000031789144,0.3933934711397524,18.35999994277954,0.0279132102249991,69.90291046392974,2010014.75,3.6859590209474833,0.1004387897037191,1709.TW,2026-07-01,0.0345317089050265,0.4787018659467352,bull,0.0861111111111111,0.2381835032437442,2026-03-31,2026-05-15,2424471000.0,492933000.0,320616000.0,344786000.0,79982000.0,264726000.0,0.55,5694389000.0,2189161000.0,12130526000.0,3134319000.0,8996207000.0,600735000.0,285000000.0,20699000.0,,0.2319757762786192,246240854.51265424,9941365000.0,0.0247693203612033,0.0294264015934715,0.021823126218929,0.34840449980753,0.2033156923716555,0.1322416312671919,0.1091891798252072,-0.0753599255550004,,,52.52750676874495,52.52750676874495,False,74.93985548984995,74.93985548984995,69.3367683095737,330.0,True,False,True,True,True,True,True,True,True,False,True,True,False,True,False,False,False,11,False,0.1882202676141842,0.2636166032268068,1.0,46632343.733519554,0.5092592592592593,0.0,3.0,,,,,,-0.0114540087500136,-0.0725680542395266,0.2655362568301579,-0.9593157109714098,0.8306930693069308,-0.9593157109714098,0.8624323786626377,-330.0,0.5148514851485149,0.5346534653465347,0.9306930693069309,0.5772277227722773,0.603960396039604,和益
20.299999237060547,21.14999961853028,19.799999237060547,20.200000762939453,701202.0,0.0744681692922133,20.000000381469725,0.1298708032389872,18.640126037597657,0.2990354029047017,17.602731148401897,0.2866242680473603,16.522198899586996,0.0272479439157284,76.87574263879992,376105.45,1.8643760679352024,0.0836837005391211,1776.TW,2026-07-01,0.0345317089050265,0.4787018659467352,bull,0.1138888888888888,0.2409638554216867,2026-03-31,2026-05-15,275332000.0,63545000.0,27030000.0,30085000.0,7189000.0,21331000.0,0.35,1060002000.0,332954000.0,1475161000.0,551103000.0,924058000.0,434102000.0,28822000.0,180000000.0,,0.238956290510221,20571011.46750873,1142207000.0,0.0180098804047854,0.0230840488367613,0.014460116556769,0.5963943821708161,0.2307940958551857,0.0981723882440108,0.0774737407929336,-0.0693086710204302,,,42.79632276689389,42.79632276689389,False,75.32974475992455,75.32974475992455,67.19638926166688,465.0,True,True,True,True,True,True,True,False,True,False,True,True,True,True,False,False,False,12,False,0.1475492406627681,0.2225976025167202,1.0,7597330.3769456865,0.7462962962962963,0.0,3.0,,,,,,-0.0121321666440279,-0.0605010254446779,0.2721758781401816,-0.9809967014518884,0.8356435643564357,-0.9809967014518884,0.8392779110385264,-465.0,0.3762376237623762,0.4257425742574257,0.8910891089108911,0.4534653465346535,0.494059405940594,展宇
55.5,57.5,53.5,55.20000076293945,17299036.0,0.0165746139691405,51.89000015258789,0.0494297027422454,52.97250022888184,1.1992031842235065,40.30500011444092,2.16332368765129,32.3745834350586,0.0283925450107058,56.85975705492304,14663494.55,1.1797348811371842,0.0420501302455633,1809.TW,2026-07-01,0.0345317089050265,0.4787018659467352,bull,0.2564814814814815,0.0407784986098239,2026-03-31,2026-05-15,592290000.0,114707000.0,-256000.0,3358000.0,3747000.0,8923000.0,0.05,2099014000.0,975481000.0,4529074000.0,1191709000.0,3337365000.0,567681000.0,445000000.0,137500000.0,,0.4,-153600.0,3553593000.0,-4.322385821899131e-05,0.0026736662007302,0.0019701599046515,0.3570808107593865,0.193666953688227,-0.0004322207026963,0.0150652551959344,0.0288581965233976,,,23.82453060425707,23.82453060425707,False,76.68779134794238,76.68779134794238,63.47197616202105,791.0,True,True,True,True,True,True,True,True,True,True,True,True,True,True,False,False,False,14,False,0.3695571419478001,0.7050412671306558,1.0,809424910.3473586,0.174074074074074,1.0,3.0,,,,,,-0.133886015431354,-0.2531285067048296,0.2023785107570948,-1.571573631458379,0.2044554455445544,-1.571573631458379,0.2523558563673664,-791.0,0.1683168316831683,0.2376237623762376,0.1386138613861386,0.1638613861386138,0.1831683168316831,中釉
21.450000762939453,22.200000762939453,20.700000762939453,20.850000381469727,5456989.0,0.0373134321276644,20.27999992370605,0.074153863720267,20.5482367515564,0.2337278610709796,19.07052733103434,0.1948423764972686,18.790680313110357,0.0066949569363919,49.70220683107095,5210105.2,1.0473855691052072,0.0146856216210604,1810.TW,2026-07-01,0.0345317089050265,0.4787018659467352,bull,0.1981481481481481,0.2817423540315106,2026-03-31,2026-05-15,1034852000.0,179603000.0,-198009000.0,1214854000.0,120841000.0,1098423000.0,3.64,4420438000.0,1355686000.0,10192500000.0,2087067000.0,8105433000.0,789858000.0,199591000.0,341555000.0,,0.0994695658902222,-178313130.727643,8836814000.0,-0.020178441090606,0.1355168810845762,0.107767770419426,0.2574898836373084,0.1735542860235086,-0.1913404042317162,1.0614300402376378,-0.0814045247519216,,,46.52348272920723,46.52348272920723,False,63.63067824906621,63.63067824906621,59.35387936910146,408.0,True,False,True,True,True,True,True,False,True,False,True,True,True,True,False,False,False,11,False,0.0933101124864841,0.1095926296464409,1.0,108630695.4074974,0.3962962962962963,0.0,3.0,,,,,,-0.0353328238725495,-0.1459426995048899,0.1565092931507601,-1.6294474590523562,0.4227722772277228,-1.6294474590523562,0.3867896396825157,-408.0,0.4554455445544554,0.1089108910891089,0.3465346534653465,0.4391089108910891,0.3297029702970297,和成
7395.0,7875.0,7300.0,7655.0,555095.0,0.0199866755496336,7286.0,0.5083743842364532,6751.5,1.288490284005979,5131.833333333333,1.0745257452574526,4230.291666666667,0.0926967428687032,70.42925278219396,688237.95,0.8065451781611288,0.1338221136043842,2059.TW,2026-07-01,0.0345317089050265,0.4787018659467352,bull,0.0203703703703703,0.0333642261353104,2026-03-31,2026-05-15,5449725000.0,4236615000.0,3654349000.0,4351760000.0,865950000.0,3485810000.0,36.58,34276607000.0,6265438000.0,39510069000.0,7981426000.0,31528643000.0,27231577000.0,,257007000.0,,0.1989884552456937,2927175737.561354,33244631000.0,0.088049578217949,0.1105601024439903,0.088225864652375,0.2531484149190943,0.7773997770529706,0.6705565877177289,0.6396304400680768,0.3782121233655666,,,100.0,100.0,True,83.55478323550614,83.55478323550614,87.6660874266296,1.0,True,True,True,True,True,True,True,True,True,True,True,False,True,True,True,True,True,14,False,0.4916696437270631,0.8095678981945689,1.0,5268461507.25,0.0425925925925925,3.0,0.0,,,,,,-0.119012602652466,-0.2366866714410467,0.1500877782756171,-1.8026820088388045,0.1257425742574257,-1.8026820088388045,0.1313926377818194,-1.0,1.0,0.99009900990099,0.0495049504950495,0.8574257425742574,0.806930693069307,川湖
1200.0,1220.0,1130.0,1140.0,71290092.0,0.0857142857142856,1092.0,0.3571865433203336,946.7159301757812,3.6341463414634143,604.0360585530599,4.089285714285714,434.55969594319663,0.0957573675592471,74.50642396415185,55875461.4,1.275874779621954,0.2041626887891605,2327.TW,2026-07-01,0.0345317089050265,0.4787018659467352,bull,0.037037037037037,0.0037071362372567,2026-03-31,2026-05-15,38165648000.0,14541815000.0,9612910000.0,10324689000.0,2287159000.0,8000823000.0,3.9,175966941000.0,150655819000.0,401694878000.0,232595483000.0,169099395000.0,86640739000.0,13141550000.0,57817960000.0,4994099000.0,0.2215232826867715,7483426620.627508,251039059000.0,0.0298098098775438,0.0473143206692135,0.0199176624801275,1.375495654493619,0.381018422640171,0.2518733600435658,0.2096341453445255,0.2270454683920995,,,74.6112580577189,74.6112580577189,False,86.09516697980708,86.09516697980708,83.22418974928503,124.0,True,True,True,True,True,True,True,False,True,True,True,True,True,False,True,False,False,12,False,0.8873045472331844,1.623344987219005,1.0,63698025996.0,0.0018518518518518,3.0,3.0,,,,,,-0.1297728880140513,-0.2612717964254943,0.2373666220573191,-1.2514081592157025,0.3361386138613861,-1.2514081592157025,0.3553674707676953,-124.0,0.7722772277227723,0.9603960396039604,0.3069306930693069,0.7024752475247525,0.7356435643564356,國巨*
2495.0,2505.0,2475.0,2505.0,33172217.0,0.0481171548117154,2403.0,0.0553289458662147,2376.383471679688,0.3839779005524861,2245.084513346354,0.664352875614989,2018.723625691732,0.007260742158446,70.44728434504792,34848872.1,0.9518878230782108,0.0541228004036753,2330.TW,2026-07-01,0.0345317089050265,0.4787018659467352,bull,0.2425925925925925,0.1964782205746061,2026-03-31,2026-05-15,1134103440000.0,751295421000.0,658966142000.0,687799687000.0,114998383000.0,572479752000.0,22.08,4265512176000.0,1714253448000.0,8660949685000.0,2728560764000.0,5932388921000.0,3035637228000.0,,40991672000.0,860026070000.0,0.167197492487373,548788655423.5218,6946696237000.0,0.0789999500050863,0.096500711538565,0.0660989582922395,0.4599430010971123,0.6624575805889452,0.5810458894296273,0.5047861877572649,0.351323787607557,,,99.15374073493592,99.15374073493592,True,67.32050007483002,67.32050007483002,75.2788102398565,5.0,True,False,True,True,True,True,True,True,True,False,True,True,True,True,True,True,True,13,False,0.1157709142388745,0.2408830847965342,1.0,87296424610.5,0.0009259259259259,3.0,0.0,,,,,,-0.0838540226975195,-0.2304080131891047,0.1486124198493472,-1.678352878263468,0.1985148514851485,-1.678352878263468,0.2569287959938605,-5.0,0.99009900990099,0.7128712871287128,0.1485148514851485,0.8638613861386139,0.7386138613861386,台積電
207.0,207.5,188.0,190.0,231873061.0,-0.073170731707317,205.3,0.029810298102981,188.775,1.0697167067943996,137.425,1.4966635869007288,121.74327805836997,0.0609807503161444,64.33566433566433,244793183.05,0.9472202538934222,0.0064892067275856,2344.TW,2026-07-01,0.0345317089050265,0.4787018659467352,bull,0.3148148148148148,0.0528266913809082,2026-03-31,2026-05-15,38253064000.0,20415002000.0,12550494000.0,12688424000.0,2570746000.0,10114310000.0,2.25,110641935000.0,75046248000.0,229813688000.0,106920169000.0,122893519000.0,25520648000.0,5251103000.0,22148521000.0,4892959000.0,0.202605619106045,10007693393.043297,154767440000.0,0.0646627830313875,0.082301410866101,0.0440109120045103,0.870022844736019,0.5336827920503309,0.3280912085891995,0.2644052251605257,0.913359516665577,,,96.98400611250784,96.98400611250784,True,71.06936179203794,71.06936179203794,77.54802287215541,11.0,True,False,True,True,True,True,True,True,False,True,True,True,True,True,True,True,True,13,False,0.3825723121702746,0.5606611143565914,1.0,46510704779.5,0.0055555555555555,2.0,0.0,,,,,,-0.1122696536175227,-0.2269249570870365,0.1968658879099956,-1.7708148070145855,0.1925742574257425,-1.7708148070145855,0.1841701827184436,-11.0,0.9801980198019802,0.8118811881188119,0.0891089108910891,0.8465346534653465,0.7514851485148515,華邦電
2600.0,2695.0,2540.0,2660.0,4588228.0,0.1200000000000001,2451.0,0.0969072164948454,2449.75,0.6729559748427674,2335.4166666666665,1.1893004115226335,1838.7916666666667,-0.0033563873067534,62.66094420600858,3317525.8,1.3830270739718136,0.0858250841922645,2345.TW,2026-07-01,0.0345317089050265,0.4787018659467352,bull,0.1574074074074074,0.1010194624652456,2026-03-31,2026-05-15,70120741000.0,13708805000.0,10048687000.0,10361703000.0,2028594000.0,8341044000.0,14.92,143785613000.0,93448561000.0,164483519000.0,99078985000.0,65404534000.0,25097469000.0,580523000.0,2402068000.0,,0.195778049226078,8081374661.85655,71034958000.0,0.1137661637226075,0.1275300577785632,0.0507105152583706,1.5148641682853363,0.195502854141259,0.1433054878869577,0.118952593498691,0.640229727043816,,,78.68494419785428,78.68494419785428,True,76.2507802863687,76.2507802863687,76.8593212642401,93.0,True,True,True,True,True,True,False,True,True,True,False,True,True,True,True,True,False,12,False,0.1389830508474576,0.4466021617457116,1.0,8824618628.0,0.0259259259259259,3.0,2.0,,,,,,-0.0436974831185605,-0.1674939206205137,0.3236535774725414,-0.8390431882560154,0.7232673267326732,-0.8390431882560154,0.6485891990359495,-93.0,0.8712871287128713,0.7920792079207921,0.6831683168316832,0.843069306930693,0.8099009900990098,智邦
92.5,94.8000030517578,91.9000015258789,93.5999984741211,8219818.0,0.0140844569813753,92.8,0.0229508029958589,91.36000022888184,0.2093022820267733,86.0216667175293,0.6250000165568463,77.45416663487752,0.0158447767429078,53.0172440725042,10211008.85,0.8049956787570506,0.0245183695230675,2347.TW,2026-07-01,0.0345317089050265,0.4787018659467352,bull,0.3416666666666667,0.2984244670991658,2026-03-31,2026-05-15,126357648000.0,5428837000.0,3373256000.0,3875913000.0,784782000.0,2954386000.0,1.77,208416617000.0,157729943000.0,249263901000.0,167490035000.0,81773866000.0,15304988000.0,56810338000.0,2500000000.0,,0.2024766809781334,2690250321.030425,91533958000.0,0.0293907351961162,0.036128730907745,0.0118524422836502,2.048209815590717,0.042964055487959,0.0266960967807821,0.0233811411241209,0.3825024363831348,,,42.4453478070041,42.4453478070041,False,60.46285697444781,60.46285697444781,55.95847968258688,475.0,True,False,True,True,True,True,True,True,False,False,True,True,True,True,False,False,False,11,False,0.088097941434649,0.2084565949222041,1.0,955750412.7792368,0.1574074074074074,1.0,3.0,,,,,,-0.019655845812245,-0.1339208388529801,0.2982325199280708,-0.637812626540543,0.804950495049505,-0.637812626540543,0.829911920315743,-475.0,0.3663366336633663,0.0495049504950495,0.8811881188118812,0.4435643564356435,0.3742574257425742,聯強
34.099998474121094,34.75,32.25,32.349998474121094,51087861.0,0.0571894794390623,31.449999237060545,0.0269840785435266,31.27249994277954,0.3884119971414328,27.619166692097984,0.3592436769387277,26.11541665395101,0.0179021858230825,59.10930373746111,17750113.95,2.878170875066411,0.0344551453613588,2352.TW,2026-07-01,0.0345317089050265,0.4787018659467352,bull,0.3305555555555555,0.190917516218721,2026-03-31,2026-05-15,51541496000.0,8592872000.0,692353000.0,694389000.0,319139000.0,317514000.0,0.2,124175179000.0,108440981000.0,212242628000.0,151802424000.0,60440204000.0,22472608000.0,44759544000.0,32099394000.0,3962934000.0,0.4,415411800.0,103801647000.0,0.004001976962851,0.0052533575167946,0.0014959954227479,2.511613362522734,0.1667175512328939,0.013432924026885,0.0061603566958941,0.0360722174845842,,,13.246699508454135,13.246699508454135,False,71.08088391626868,71.08088391626868,56.62233781431504,991.0,True,False,True,True,True,True,True,True,False,False,True,True,True,True,False,False,False,11,False,0.171287998467261,0.2387318534022644,1.0,574216159.1979755,0.2203703703703703,1.0,3.0,,,,,,-0.0851850167151839,-0.1931455085949366,0.3176864799947296,-1.5397728497570935,0.4727722772277228,-1.5397728497570935,0.4827731471565941,-991.0,0.0693069306930693,0.0594059405940594,0.4653465346534653,0.1287128712871287,0.1455445544554455,佳世達
71.19999694824219,75.9000015258789,71.19999694824219,73.5,82800452.0,0.0621387751645998,71.17999877929688,0.1002993509304319,63.93499946594238,0.5874730283184839,59.73083318074544,0.5555555555555556,55.269583288828535,0.0188032753353662,70.72072528745983,22441542.45,3.689606103701665,0.149605077249634,2363.TW,2026-07-01,0.0345317089050265,0.4787018659467352,bull,0.149074074074074,0.1241890639481,2026-03-31,2026-05-15,1050018000.0,302351000.0,75564000.0,111759000.0,24013000.0,87795000.0,0.17,4049792000.0,1358822000.0,22546270000.0,2069457000.0,20476813000.0,2058963000.0,0.0,578625000.0,,0.214864127273866,59328007.08667759,21187448000.0,0.0028001487997364,0.0042875324397405,0.0038939922213297,0.101063432087796,0.2879483970750978,0.0719644806089038,0.0836128523511025,1.2355886842828037,,,43.98692279077254,43.98692279077254,False,77.42305117907527,77.42305117907527,69.06401908199959,450.0,True,True,True,True,True,True,True,True,True,True,True,True,False,True,False,False,False,13,False,0.2305202537119994,0.329845380159693,1.0,1649453370.075,0.1203703703703703,1.0,3.0,,,,,,-0.067017666615764,-0.2225988677250008,0.2430779994535334,-1.713549315612213,0.3589108910891089,-1.713549315612213,0.3609333016441376,-450.0,0.4059405940594059,0.5148514851485149,0.3168316831683168,0.3925742574257426,0.4207920792079208,矽統
39.79999923706055,41.150001525878906,38.25,38.34999847412109,15517184.0,-0.1143187263315872,40.03000030517578,0.0463846351286452,36.79750003814696,0.322413740486934,33.629166793823245,0.6388888503977588,30.66416668891907,0.0049156802933978,64.94844614832465,25780577.45,0.6018943536115402,0.0421903236460272,2369.TW,2026-07-01,0.0345317089050265,0.4787018659467352,bull,0.2611111111111111,0.2335495829471733,2026-03-31,2026-05-15,1689388000.0,122483000.0,26360000.0,41085000.0,6924000.0,35715000.0,0.1,3843835000.0,1552915000.0,7605865000.0,2586551000.0,5019314000.0,1316036000.0,94202000.0,856519000.0,,0.1685286600949251,21917584.519897774,6052950000.0,0.0036209756432644,0.0071155141917799,0.0046957183699684,0.5153196233588893,0.0725014028748872,0.0156032835559386,0.0211407918133667,0.3962553576948315,,,32.23206079275766,32.23206079275766,False,70.45662500979554,70.45662500979554,60.90048395553608,645.0,True,False,True,True,True,True,True,True,True,False,True,True,False,True,False,False,False,11,False,0.1403790854897104,0.2506453823830601,1.0,988685105.8694603,0.1537037037037037,1.0,3.0,,,,,,-0.101207700268129,-0.2360877369964721,0.1689065050859902,-1.6184724355408184,0.1886138613861386,-1.6184724355408184,0.1574499961871359,-645.0,0.2673267326732673,0.1683168316831683,0.0693069306930693,0.2376237623762376,0.198019801980198,菱生
220.0,232.5,220.0,232.5,28793722.0,0.0992907801418438,209.2,0.4307692307692308,186.5,2.2024794061514568,130.193333307902,1.5919733323308236,109.38583342234294,0.0701477549849375,72.28915662650603,14539860.65,1.980329983423878,0.2466487935656836,2375.TW,2026-07-01,0.0345317089050265,0.4787018659467352,bull,0.0259259259259259,0.0101946246524559,2026-03-31,2026-05-15,1440450000.0,244336000.0,86500000.0,130166000.0,44907000.0,85259000.0,0.78,7658800000.0,4373826000.0,15017588000.0,5006059000.0,10011529000.0,2393740000.0,2342800000.0,0.0,,0.3449979257256119,56657679.42473457,10643762000.0,0.0053230877789952,0.008516081809282,0.0056772765373507,0.5000294160861942,0.1696247700371411,0.0600506786073796,0.0591891422819257,0.11276428586327,,,32.971831407230354,32.971831407230354,False,85.7979400773785,85.7979400773785,72.59141290984147,634.0,True,True,True,True,True,True,True,False,True,True,True,False,True,False,False,False,False,11,False,0.7858057251683297,1.1255037578980498,1.0,3380517601.125,0.0629629629629629,2.0,3.0,,,,,,-0.1459387217715632,-0.2965660398240776,0.2217947844625999,-1.7761042588324143,0.1801980198019802,-1.7761042588324143,0.2961516696343174,-634.0,0.2772277227722772,0.6336633663366337,0.198019801980198,0.2653465346534653,0.3683168316831683,凱美
831.0,862.0,787.0,829.0,9534114.0,0.0323785803237857,794.4,0.2695252679938744,724.6,0.6987704918032787,611.4666666666667,0.7075180226570545,551.0291666666667,0.0686527542216651,65.33333333333334,6737008.4,1.4151851139149536,0.1440794921335908,2379.TW,2026-07-01,0.0345317089050265,0.4787018659467352,bull,0.0564814814814814,0.0963855421686747,2026-03-31,2026-05-15,36422566000.0,18086981000.0,4331688000.0,4977325000.0,647630000.0,4329661000.0,8.44,108499843000.0,94606737000.0,143076312000.0,97865250000.0,45211062000.0,10988581000.0,9771140000.0,,,0.1301160764065035,3768065753.2228656,48469575000.0,0.0777408457413308,0.0957655230483194,0.0302612007499885,2.16463063840438,0.4965872256227087,0.1189286883301961,0.1188730360183848,0.0399792749759324,,,74.41354387638152,74.41354387638152,False,89.54097813581514,89.54097813581514,85.75911957095674,127.0,True,True,True,True,True,True,True,True,True,True,True,True,True,True,True,False,False,14,False,0.3557566506759702,0.5044575680355696,1.0,5584979963.6,0.0388888888888888,3.0,3.0,,,,,,-0.0180942764675836,-0.1259140399824388,0.3203330842849377,-0.9096999057441169,0.8202970297029704,-0.9096999057441169,0.844116679709208,-127.0,0.7524752475247525,0.9801980198019802,0.900990099009901,0.7747524752475248,0.8504950495049505,瑞昱
5475.0,5670.0,5300.0,5535.0,986525.0,-0.0044964028776978,5454.0,0.1388888888888888,5227.5,0.9874326750448834,4698.083333333333,2.375,3415.5,0.0181127665790242,61.68958742632613,1922805.5,0.5130654140525394,0.0588235294117647,2383.TW,2026-07-01,0.0345317089050265,0.4787018659467352,bull,0.1064814814814814,0.0639481000926784,2026-03-31,2026-05-15,33067261000.0,9729153000.0,7128470000.0,7194158000.0,1855381000.0,5339793000.0,14.9,90741002000.0,68350963000.0,130976723000.0,83055788000.0,47920935000.0,22134504000.0,12291308000.0,10978888000.0,0.0,0.2579010636130038,5290030005.06661,62625760000.0,0.0844705118958494,0.1114292323386428,0.0407690227522336,1.733183795349569,0.2942231290338803,0.2155748551414645,0.1614827729457241,0.5252381635035763,,,86.0587773245522,86.0587773245522,True,84.34260558607885,84.34260558607885,84.77164852069718,55.0,True,True,True,True,True,True,True,True,True,True,True,True,False,True,True,True,False,13,False,0.1781400216400306,0.6205533596837944,1.0,10642728442.5,0.025,3.0,2.0,,,,,,-0.0809757414678593,-0.2111233436860349,0.2911208456307462,-1.094126105902495,0.5198019801980198,-1.094126105902495,0.5582422307093253,-55.0,0.9108910891089108,0.9702970297029704,0.5841584158415841,0.8618811881188119,0.8633663366336634,台光電
12.300000190734863,12.399999618530272,12.050000190734863,12.149999618530272,990365.0,-0.0081632964465084,12.009999847412107,0.0384615227864177,12.170000076293944,0.2029702138251041,10.797666692733763,0.2297570321655615,10.536916693051657,0.0207590680378689,58.10810079358591,1803969.35,0.5489921433532116,-0.0016434229776738,2390.TW,2026-07-01,0.0345317089050265,0.4787018659467352,bull,0.287037037037037,0.3058387395736793,2026-03-31,2026-05-15,148356000.0,34460000.0,-10060000.0,106739000.0,2535000.0,104204000.0,0.54,1736331000.0,343966000.0,2788406000.0,357128000.0,2431278000.0,330191000.0,179250000.0,,,0.023749519856847,-9821079.83024012,2444440000.0,-0.004017721780956,0.0428597634659631,0.0373704546611935,0.1468890024094324,0.2322791124052953,-0.0678098627625441,0.702391544662838,-0.2235881494041731,,,41.62410520689323,41.62410520689323,False,65.52969905908681,65.52969905908681,59.55330059603842,488.0,True,False,True,True,False,True,True,True,True,False,True,True,False,True,False,False,False,10,False,0.1252430700335056,0.153088704453963,1.0,21918226.914340302,0.6203703703703703,0.0,3.0,,,,,,0.0041704776504915,-0.0699377753820016,0.1321153186091576,-1.1741553649940897,0.6811881188118812,-1.1741553649940897,0.6532294817060251,-488.0,0.3465346534653465,0.1188118811881188,0.693069306930693,0.3985148514851485,0.3475247524752475,云辰
32.45000076293945,33.349998474121094,31.14999961853028,31.200000762939453,10074273.0,-0.1034482342829262,32.18000030517578,0.0795848157359297,30.33000011444092,0.5918367426378535,26.92583332061768,0.5561098229504753,24.12708336512248,0.0188964539237943,66.4788690017263,15124784.85,0.6660771111729236,0.0286844920941593,2401.TW,2026-07-01,0.0345317089050265,0.4787018659467352,bull,0.1861111111111111,0.1232622798887859,2026-03-31,2026-05-15,1739082000.0,864981000.0,136169000.0,147902000.0,55276000.0,-13071000.0,-0.02,8420093000.0,2112087000.0,13991066000.0,3521723000.0,10469343000.0,4482097000.0,135979000.0,837500000.0,,0.3737339589728333,85278020.54062825,11878979000.0,0.0071789015319101,-0.0012485024131886,-0.0009342390351099,0.3363843366293377,0.4973779269752663,0.0782993556370545,-0.0075160343215558,0.1277895912328384,,,43.7050877891644,43.7050877891644,False,72.63785178648665,72.63785178648665,65.40466078715609,454.0,True,False,True,True,True,True,True,True,True,True,True,True,False,True,False,False,False,12,False,0.1587385389869791,0.2931526074155075,1.0,471893298.8592951,0.2444444444444444,1.0,3.0,,,,,,-0.0948148691651986,-0.2008977825227003,0.2204232706893497,-1.5852660613215956,0.3108910891089109,-1.5852660613215956,0.3436988604213106,-454.0,0.3861386138613861,0.3267326732673267,0.2574257425742574,0.3668316831683168,0.3425742574257426,凌陽
1340.0,1375.0,1285.0,1300.0,4307590.0,0.0358565737051792,1337.0,0.1304347826086955,1259.75,0.5681544028950543,1101.4,0.381509032943677,1039.625,0.0332171416854623,61.19402985074626,4283336.75,1.0056622328375189,0.0319507838856916,2404.TW,2026-07-01,0.0345317089050265,0.4787018659467352,bull,0.1129629629629629,0.1278962001853568,2026-03-31,2026-05-15,20288456000.0,4731351000.0,3970281000.0,4415769000.0,1328758000.0,3081118000.0,16.31,80001823000.0,69797396000.0,85443204000.0,70802446000.0,14640758000.0,30246120000.0,,,,0.3009120268745942,2775575697.0283093,15645808000.0,0.1774005981045088,0.2104479836358199,0.0360604220787413,4.8359822626670015,0.2332040939931555,0.1956916287764825,0.1518655732106967,0.7615308303510635,,,76.52353900012174,76.52353900012174,False,80.90786798087943,80.90786798087943,79.81178573569001,107.0,True,True,True,True,True,True,True,True,True,True,True,True,True,True,True,False,False,14,False,0.1803159615035408,0.2504508837321149,1.0,5568337775.0,0.0398148148148148,3.0,3.0,,,,,,-0.0305848948849355,-0.1369731366250013,0.176153031813088,-0.7093311127493219,0.6148514851485148,-0.7093311127493219,0.611468531088504,-107.0,0.8316831683168316,0.900990099009901,0.6435643564356436,0.8034653465346534,0.8148514851485148,漢唐
33.599998474121094,34.45000076293945,30.5,30.64999961853028,727754229.0,0.0049180202796812,30.46000022888184,0.1720841325294411,27.415000057220464,0.8189910341032798,22.115000025431318,1.6885965477323222,18.65375003814697,0.0710030322689226,68.24643915708226,543020605.1,1.3401963427630528,0.1180010780433242,2409.TW,2026-07-01,0.0345317089050265,0.4787018659467352,bull,0.0879629629629629,0.082483781278962,2026-03-31,2026-05-15,69031355000.0,8183487000.0,-635608000.0,-501422000.0,538028000.0,-1143537000.0,-0.15,139726713000.0,124948160000.0,376390658000.0,214627241000.0,161763417000.0,53064131000.0,12198589000.0,72270609000.0,,0.0,-635608000.0,251442498000.0,-0.0025278463468017,-0.0070691941429501,-0.0030381652033457,1.3267971521645094,0.118547390529999,-0.0092075260582672,-0.0165654723132698,-0.0425858019689946,,,11.660468541521832,11.660468541521832,False,84.9158102090148,84.9158102090148,66.60197479214155,1019.0,True,True,True,True,True,True,True,True,True,True,True,True,True,True,False,False,False,14,False,0.3859371278898518,0.6431012292890672,1.0,16643581339.16908,0.0138888888888888,1.0,3.0,,,,,,-0.1940326021230346,-0.3520715183240137,0.1876594768883331,-1.7488394266890408,0.1123762376237623,-1.7488394266890408,0.1380710344104563,-1019.0,0.0396039603960396,0.396039603960396,0.0594059405940594,0.0425742574257425,0.1504950495049505,友達
46.0,46.5,43.20000076293945,43.54999923706055,6594045.0,0.131168811352222,42.32999954223633,0.2080443872045845,38.40249996185303,0.6749999706561749,34.039166641235354,0.4372937403837837,31.66833335558573,0.0437589193853506,69.99999853280855,4290488.05,1.536898581969014,0.1340407338147455,2425.TW,2026-07-01,0.0345317089050265,0.4787018659467352,bull,0.0722222222222222,0.1000926784059314,2026-03-31,2026-05-15,742329000.0,57186000.0,84000.0,19626000.0,14929000.0,59718000.0,0.62,6477498000.0,3530704000.0,6656471000.0,3632354000.0,3024117000.0,955233000.0,0.0,,,0.4,50400.0,3125767000.0,1.6124042515005117e-05,0.0197472518424386,0.0089714204418527,1.2011287923053242,0.0770359234247887,0.0001131573736173,0.0804468099723976,-0.0094210083147737,,,20.556959597295062,20.556959597295062,False,84.80517285313955,84.80517285313955,68.74311953917844,850.0,True,True,True,True,True,True,True,True,True,True,False,True,True,True,False,False,False,13,False,0.2794085030361373,0.3751907543747987,1.0,186850751.30411735,0.3398148148148148,1.0,3.0,,,,,,-0.0780679437981289,-0.2150137245589471,0.2113516733846422,-1.507774009671232,0.3465346534653465,-1.507774009671232,0.3880236403150624,-850.0,0.1188118811881188,0.504950495049505,0.3564356435643564,0.1544554455445544,0.2821782178217821,承啟
319.0,334.0,303.0,304.0,2960078.0,0.0,304.3,0.0994575045207957,294.075,1.0266666666666668,233.425,0.772594752186589,201.6,0.0193240901213171,55.55555555555556,2651129.3,1.1165347536991124,0.0337498937345914,2428.TW,2026-07-01,0.0345317089050265,0.4787018659467352,bull,0.1509259259259259,0.0565338276181649,2026-03-31,2026-05-15,2053739000.0,697718000.0,408603000.0,362327000.0,77885000.0,283006000.0,2.21,11421979000.0,3081899000.0,17353650000.0,5491553000.0,11862097000.0,3511782000.0,945000000.0,390554000.0,,0.2149577591512639,320770614.7375161,14271751000.0,0.0224759116619618,0.023858007568139,0.0163081541923457,0.4629495948313354,0.3397306084171357,0.1989556608702469,0.1378003728808772,0.083226526493898,,,64.00836216806215,64.00836216806215,False,76.79310790776061,76.79310790776061,73.596921472836,223.0,True,True,True,True,True,True,True,True,True,True,True,True,True,True,True,False,False,14,False,0.3023455071222019,0.5079365079365079,1.0,805943307.1999999,0.175,2.0,3.0,,,,,,-0.0406994162054786,-0.1564493121591917,0.2337633774985218,-1.4159239973039823,0.5633663366336633,-1.4159239973039823,0.5898569882232924,-223.0,0.6138613861386139,0.6633663366336634,0.6039603960396039,0.6123762376237624,0.6267326732673267,興勤
44.5,47.75,44.04999923706055,47.75,1263338.0,0.0718294235183154,42.75,0.330083508926285,38.4125,0.6324786324786325,33.49000012079875,0.5759076304396735,31.67500001589457,0.0424016228270739,71.54929701569216,547843.8,2.3060186133346767,0.2430849332899447,2434.TW,2026-07-01,0.0345317089050265,0.4787018659467352,bull,0.0435185185185185,0.1121408711770157,2026-03-31,2026-05-15,10860000.0,-2848000.0,-16820000.0,-1310000.0,3419000.0,-4729000.0,-0.13,108102000.0,111881000.0,690037000.0,222180000.0,467857000.0,67489000.0,60000000.0,62087000.0,,0.0,-16820000.0,578156000.0,-0.0290924940673451,-0.0101077893458898,-0.0068532556949844,0.4748886946225021,-0.2622467771639042,,-0.435451197053407,0.0598223870401093,,,22.24637294998911,22.24637294998911,False,80.89092266501905,80.89092266501905,66.22978523626156,824.0,True,True,True,True,True,True,True,True,True,True,True,True,True,False,False,False,False,13,False,0.4257987407514272,0.5074980260785782,1.0,26159541.450000003,0.5898148148148148,1.0,3.0,,,,,,-0.1129029917790026,-0.2194089713840451,0.0889194684834917,-1.6665426956945306,0.1559405940594059,-1.6665426956945306,0.2635694259110346,-824.0,0.1287128712871287,0.3663366336633663,0.1584158415841584,0.1331683168316831,0.2059405940594059,統懋
138.0,140.0,136.5,138.0,5986721.0,-0.031578947368421,135.9,0.0298507462686568,131.55,0.6235294117647059,111.71333363850913,0.5523059351110138,101.43083349863689,-0.0039750141964791,65.76576576576576,9496648.9,0.6304035310813692,0.0490307867730899,2441.TW,2026-07-01,0.0345317089050265,0.4787018659467352,bull,0.3138888888888889,0.1130676552363299,2026-03-31,2026-05-15,4722344000.0,1115834000.0,923616000.0,1008584000.0,210655000.0,797945000.0,1.4,12295231000.0,3780793000.0,29303556000.0,4066699000.0,25236857000.0,6332374000.0,,,,0.2088621274975609,730707597.2492127,25522763000.0,0.0286296431639949,0.0316182399416852,0.0272303129353993,0.1611412625589628,0.2362881653687236,0.1955842268161743,0.1689722307396496,0.2119643633492949,,,73.76313956490999,73.76313956490999,False,61.54724555488729,61.54724555488729,64.60121905739297,132.0,True,False,True,True,True,True,False,True,False,True,True,True,False,True,True,False,False,10,False,0.2353046454289098,0.3605330375388718,1.0,1310537548.2,0.137037037037037,2.0,3.0,,,,,,-0.0537774906285247,-0.1843667520104119,0.2036431701597286,-1.3357014017939264,0.446039603960396,-1.3357014017939264,0.4348306167321049,-132.0,0.7425742574257426,0.2871287128712871,0.4059405940594059,0.692079207920792,0.5386138613861386,超豐
342.0,346.0,329.0,331.0,37138177.0,-0.0074962518740629,323.9,0.0799347471451876,306.45,0.2779922779922781,301.40833333333336,0.4843049327354261,293.7375,0.0050836339783535,69.40789473684211,34958689.3,1.0623446629047388,0.0801109479523576,2449.TW,2026-07-01,0.0345317089050265,0.4787018659467352,bull,0.1824074074074074,0.253012048192771,2026-03-31,2026-05-15,10191943000.0,4050583000.0,2771958000.0,2808280000.0,521735000.0,2286437000.0,1.87,28146159000.0,18477256000.0,113177925000.0,58739756000.0,54438169000.0,14441729000.0,,30616797000.0,,0.1857845371544148,2256971065.958523,94700669000.0,0.0238326834413231,0.0420006227615774,0.0202021463107757,1.0790178486715818,0.397429911058176,0.2719754221545391,0.2243376949812219,0.393200318775639,,,76.50720520459335,76.50720520459335,False,71.05582249670321,71.05582249670321,72.41866817367574,108.0,True,False,True,True,True,True,True,True,True,False,True,True,True,True,True,False,False,12,False,0.0981779977328651,0.1268564619771053,1.0,11571326158.3,0.0203703703703703,2.0,3.0,,,,,,-0.1129572159169314,-0.2495892234659172,0.2156861514447256,-1.1422222682707908,0.3336633663366337,-1.1422222682707908,0.3253244854398675,-108.0,0.8217821782178217,0.6138613861386139,0.2376237623762376,0.7341584158415841,0.6425742574257426,京元電子
190.0,196.0,181.0,181.5,15310580.0,0.1067073170731707,180.5,0.0835820895522387,164.275,0.4696356275303643,151.31666666666666,0.5072297975428604,135.74373143513998,0.0251170046801872,68.22916666666667,6984562.25,2.192060067901893,0.104854664434637,2458.TW,2026-07-01,0.0345317089050265,0.4787018659467352,bull,0.1759259259259259,0.1575532900834105,2026-03-31,2026-05-15,3224766000.0,1535871000.0,778771000.0,839901000.0,164027000.0,705046000.0,2.46,8628282000.0,4973856000.0,16710597000.0,6912540000.0,9798057000.0,3790288000.0,247000000.0,927254000.0,,0.1952932548002681,626682276.6659404,11736741000.0,0.0533949140281736,0.0719577361103328,0.0421915506669211,0.705501100881532,0.4762736272957479,0.2414969024109036,0.2186347784614449,0.0339486816438188,,,86.91654017956604,86.91654017956604,False,76.55503736643351,76.55503736643351,79.14541306971664,50.0,True,True,True,True,True,True,True,True,True,False,False,True,True,True,True,False,False,12,False,0.1994713074127105,0.3370783172166069,1.0,1267698048.375,0.1388888888888889,2.0,2.0,,,,,,-0.0407077115302398,-0.14715438295122,0.2690512526919339,-1.4679874827073016,0.6024752475247525,-1.4679874827073016,0.6108504306593007,-50.0,0.9405940594059404,0.8811881188118812,0.6336633663366337,0.8945544554455445,0.8613861386138614,義隆
131.5,133.0,126.5,128.5,4226372.0,0.0078431372549019,128.3,0.0798319327731091,124.3,0.5315851926458457,118.36000010172526,0.4736239047837529,101.88750006357829,0.0111856823266219,62.19512195121951,4571006.85,0.9246041711794852,0.0337892196299276,2476.TW,2026-07-01,0.0345317089050265,0.4787018659467352,bull,0.1833333333333333,0.1380908248378128,2026-03-31,2026-05-15,2167648000.0,648571000.0,386545000.0,381039000.0,105379000.0,249094000.0,1.14,8508714000.0,2022591000.0,12826616000.0,2840613000.0,9986003000.0,3388343000.0,0.0,,0.0,0.2765569928537499,279643277.1973472,10804025000.0,0.0258832497330714,0.0249443145570855,0.0194200871063731,0.2844594579032271,0.2992049447142709,0.1783246172810345,0.1149144141484226,0.3165738497392238,,,72.21370863120339,72.21370863120339,False,77.53558440241586,77.53558440241586,76.20511545961276,147.0,True,True,True,True,True,True,True,True,True,True,True,True,True,True,True,False,False,14,False,0.08567083380838,0.26119494461848,1.0,587374380.2249999,0.2157407407407407,2.0,3.0,,,,,,-0.0510389073428568,-0.1718919855422732,0.2206964850487395,-1.2821548606585582,0.5267326732673268,-1.2821548606585582,0.5344114309553494,-147.0,0.7227722772277227,0.7227722772277227,0.5643564356435643,0.699009900990099,0.691089108910891,鉅祥
40.95000076293945,41.400001525878906,40.20000076293945,40.70000076293945,764745.0,0.0251889163925034,40.27000045776367,0.1120219251297884,38.185000038146974,0.3750000080546816,35.87833340962728,0.3986254374366389,32.805416679382326,0.0244818618142196,77.4775010078023,1279380.55,0.5977463077737113,0.0658635779044123,2527.TW,2026-07-01,0.0345317089050265,0.4787018659467352,bull,0.1324074074074074,0.2029657089898053,2026-03-31,2026-05-15,4588717000.0,1261812000.0,1127130000.0,1064163000.0,166487000.0,902888000.0,3.45,13282023000.0,8513905000.0,33780839000.0,11901818000.0,21879021000.0,1538877000.0,2676000000.0,3358749000.0,,0.1564487771140323,950791889.8514608,25266934000.0,0.0376298877359421,0.0412672943638565,0.0267278145459915,0.5439831151494393,0.2749814381667032,0.2456307503818605,0.1967626244983074,24.973085718167,,,82.24426248497689,82.24426248497689,False,71.442266545067,71.442266545067,74.14276553004447,75.0,True,False,True,True,True,True,True,False,True,False,True,True,False,True,True,False,False,10,False,0.134389390339362,0.2406487977492675,1.0,52070789.3610899,0.4972222222222222,1.0,2.0,,,,,,-0.0093943509803734,-0.0952365946650701,0.405821093121082,-1.2981661852305502,0.8633663366336634,-1.2981661852305502,0.8536760594229527,-75.0,0.8910891089108911,0.6831683168316832,0.9108910891089108,0.8940594059405941,0.8326732673267327,宏璟
91.5999984741211,91.5999984741211,88.69999694824219,89.0999984741211,721725.0,-0.0571428732897238,92.61999969482422,0.0959408995027661,91.03999977111816,0.3462660862077213,79.62826385498047,0.5108096783286771,72.43916371663411,0.0350159110302616,48.35165295821314,655554.05,1.1009389691055984,-0.0213093288870209,2535.TW,2026-07-01,0.0345317089050265,0.4787018659467352,bull,0.1583333333333333,0.216867469879518,2026-03-31,2026-05-15,7158996000.0,1023899000.0,759460000.0,917121000.0,168741000.0,748785000.0,2.88,29176307000.0,17358125000.0,31406521000.0,21164629000.0,10241892000.0,7958413000.0,1895000000.0,3752518000.0,0.0,0.1839898988246916,619727031.4385997,14048396000.0,0.0441137216973809,0.0731100269364293,0.023841704721131,2.0664764869615886,0.1430227087708946,0.10608470796743,0.1045935770881838,0.5557714720596632,,,66.50740970485359,66.50740970485359,False,65.66947132889204,65.66947132889204,65.87895592288243,196.0,True,False,True,True,False,True,True,False,True,False,True,True,True,True,True,False,False,10,False,0.1189494051558202,0.2299976132063099,1.0,58409864.85470391,0.4814814814814814,1.0,3.0,,,,,,0.0272988926335191,-0.081559341968658,0.2788258132831595,-0.8883454214141395,0.8757425742574257,-0.8883454214141395,0.8824710773330585,-196.0,0.6633663366336634,0.3465346534653465,0.9504950495049505,0.7064356435643565,0.6257425742574257,達欣工
23.700000762939453,23.700000762939453,22.299999237060547,22.549999237060547,99912657.0,-0.0301075596963206,23.350000381469727,0.1564102172851562,21.41500005722046,0.2390108951522116,19.409166653951008,0.1246882840463645,19.93166672388713,0.0529809493408954,67.64705882352939,76235376.25,1.310581280170438,0.0530001950412042,2610.TW,2026-07-01,0.0345317089050265,0.4787018659467352,bull,0.0981481481481481,0.2771084337349397,2026-03-31,2026-05-15,56997031000.0,11740924000.0,6436036000.0,7021709000.0,1173546000.0,5169442000.0,0.85,86787582000.0,117191909000.0,372739998000.0,264413465000.0,108326533000.0,52710911000.0,,54806125000.0,5750000000.0,0.1671311072560825,5360374176.979992,255548089000.0,0.0209759900688593,0.0477209217062268,0.0138687611411104,2.440892897403077,0.2059918524528058,0.1129187939631452,0.0906966890959636,0.080061410563945,,,43.706898976143904,43.706898976143904,False,74.74708405200342,74.74708405200342,66.98703778303855,453.0,True,False,True,True,True,True,True,True,True,False,True,True,True,True,False,False,False,12,False,0.1618221245202291,0.1313654572618092,1.0,1719107676.2745235,0.1166666666666666,0.0,3.0,,,,,,-0.0244718323272631,-0.1012422995330016,0.2647458387446386,-0.7763619096122392,0.7801980198019802,-0.7763619096122392,0.7945613291487879,-453.0,0.396039603960396,0.4158415841584158,0.8514851485148515,0.4643564356435644,0.493069306930693,華航
45.0,45.0,43.29999923706055,43.900001525878906,59103849.0,-0.0022726925936612,44.20000076293945,0.1785235308960779,40.73750057220459,0.2560801306885785,36.83750006357829,0.2043895914129649,36.641666666666666,0.0514938440037202,77.14286337093431,65853448.75,0.897505751359757,0.0776311975269319,2618.TW,2026-07-01,0.0345317089050265,0.4787018659467352,bull,0.0842592592592592,0.2641334569045412,2026-03-31,2026-05-15,60515845000.0,15865568000.0,11279920000.0,11043489000.0,2178622000.0,8268012000.0,1.53,119872996000.0,106923312000.0,391276107000.0,247236537000.0,144039570000.0,95057424000.0,110000000.0,46720454000.0,,0.1972766034357439,9054655695.373083,284352795000.0,0.0318430339162767,0.057400976689947,0.0211308890373927,1.7164487300260616,0.2621721302908354,0.1863961413742136,0.1366255730214128,0.1014063587979636,,,65.4946890287355,65.4946890287355,False,72.33815226018635,72.33815226018635,70.62728645232363,205.0,True,False,True,True,True,True,True,False,True,False,True,True,True,True,True,False,False,11,False,0.1917204329857171,0.1980896481931928,1.0,2890966500.6093884,0.074074074074074,1.0,3.0,,,,,,-0.0320478072045263,-0.1069428856552467,0.2794207397956674,-0.9715945970324557,0.7509900990099011,-0.9715945970324557,0.7192354469763457,-205.0,0.6435643564356436,0.5841584158415841,0.7623762376237624,0.6613861386138614,0.6495049504950495,長榮航
55.5,57.5,54.79999923706055,57.20000076293945,654593.0,0.0214285850524902,56.05999984741211,0.1377084714404739,54.013825035095216,0.2248393967550568,52.30809790293376,0.1394422289564545,50.58988234202067,0.0198639597259692,74.70976767437426,450182.45,1.4540615699257045,0.0589881521216844,2832.TW,2026-07-01,0.0345317089050265,0.4787018659467352,bull,0.1083333333333333,0.2882298424467099,2026-03-31,2026-05-15,,,514384000.0,513794000.0,96832000.0,,,,,25841065000.0,13610551000.0,12230514000.0,3713301000.0,,,,0.1884646375784847,417440805.8638287,25841065000.0,0.0161541641516643,,,1.112835568480605,,,,,,,55.14019466216183,55.14019466216183,False,73.24377969835349,73.24377969835349,68.71788343930558,306.0,True,False,True,True,True,True,True,False,True,False,True,True,True,True,False,False,False,11,False,0.0935209471597193,0.1306608775294249,1.0,25750436.483461957,0.5953703703703703,1.0,3.0,,,,,,-0.0216308783180238,-0.105571105567751,0.1749003241009398,-1.7503583285726407,0.5079207920792078,-1.7503583285726407,0.533046563882988,-306.0,0.5346534653465347,0.495049504950495,0.5544554455445545,0.5376237623762377,0.5267326732673268,台產
128.0,131.0,121.5,122.5,67541241.0,-0.0583145950117942,126.63436126708984,0.0792951541850219,125.95998954772948,0.3952163524161458,104.7233294169108,0.2628865979381443,98.37499802907308,0.0324470894737737,50.0,49394235.5,1.3673911604523163,-0.0274689570883015,2881.TW,2026-07-01,0.0345317089050265,0.4787018659467352,bull,0.187037037037037,0.1862835959221501,2026-03-31,2026-05-15,66193246000.0,,,38624861000.0,5062760000.0,33551455000.0,,,,13120104726000.0,12085399702000.0,1034705024000.0,358727505000.0,,,,0.131075164257549,,13120104726000.0,,0.0324261062058977,0.0025572551211051,11.68004351160858,,,0.5068712750542556,-0.3925800152621125,,,12.264204123597382,12.264204123597382,False,67.79339199460443,67.79339199460443,53.91109502685267,1007.0,True,False,True,True,False,True,True,True,True,False,True,True,True,True,False,False,False,11,False,0.1697489058270773,0.2452350948337216,1.0,6050793848.75,0.0333333333333333,2.0,3.0,,,,,,-0.0957130142207271,-0.2832667045717132,0.3472379395895935,-1.2891279552376211,0.4554455445544554,-1.2891279552376211,0.483827327376177,-1007.0,0.0594059405940594,0.0198019801980198,0.4752475247524752,0.1217821782178217,0.1306930693069307,富邦金
29.100000381469727,29.549999237060547,28.100000381469727,28.299999237060547,87037706.0,-0.0171884954482534,28.802579879760746,0.2094016965132765,28.52845287322998,0.4221105416860631,23.873650900522872,0.6311238394718262,21.441825389862064,0.0574785422280401,50.62870093895024,157259636.3,0.5534650088720827,-0.0080079223778659,2883.TW,2026-07-01,0.0345317089050265,0.4787018659467352,bull,0.0712962962962963,0.1742354031510658,2026-03-31,2026-05-15,23565513000.0,,,13099615000.0,1407592000.0,11689699000.0,,,,4235032868000.0,3864021319000.0,371011549000.0,75116245000.0,,,,0.1074529289601259,,4235032868000.0,,0.0315076418281523,0.0027602380818169,10.414827596108069,,,0.4960511150340754,-0.1317078255463794,,,12.146336472811727,12.146336472811727,False,68.50522603233446,68.50522603233446,54.41550364245378,1012.0,True,False,True,True,False,True,True,True,True,False,True,True,False,True,False,False,False,10,False,0.1854072657333165,0.3198502796520814,1.0,4450447587.310419,0.0481481481481481,0.0,3.0,,,,,,-0.096003427351368,-0.2628828757910407,0.2517817128156462,-1.074971098288955,0.4004950495049505,-1.074971098288955,0.4251860884033341,-1012.0,0.0495049504950495,0.0297029702970297,0.3762376237623762,0.0985148514851485,0.1089108910891089,凱基金
66.4000015258789,66.80000305175781,64.9000015258789,66.0,19353636.0,-0.0015128362546066,66.07999877929687,0.1073825786867739,65.31000022888183,0.4394766018858669,57.3749999364217,0.6499999999999999,50.39624993006388,0.0262413556968859,64.79998950196273,33046386.6,0.5856505957598401,0.0105649941616909,2885.TW,2026-07-01,0.0345317089050265,0.4787018659467352,bull,0.1388888888888889,0.164967562557924,2026-03-31,2026-05-15,39984934000.0,,,18723853000.0,3129395000.0,14409154000.0,,,,4640879682000.0,4254342700000.0,386536982000.0,77947312000.0,,,,0.167134136334012,,4640879682000.0,,0.0372775560192064,0.0031048324859373,11.00630184979299,,,0.360364581319554,0.2805185364050884,,,38.0190051862678,38.0190051862678,False,73.36734989178979,73.36734989178979,64.53026371540929,560.0,True,False,True,True,True,True,True,True,True,False,True,True,False,True,False,False,False,11,False,0.1503267986603194,0.3096212533986124,1.0,2181061515.6,0.0898148148148148,1.0,3.0,,,,,,-0.1960344216439012,-0.3163654966149166,0.1632743679514324,-1.25232311362446,0.2024752475247524,-1.25232311362446,0.2154026716889902,-560.0,0.3366336633663366,0.2772277227722772,0.1089108910891089,0.3024752475247525,0.2732673267326733,元大金
71.5999984741211,72.19999694824219,70.0999984741211,70.5999984741211,48073683.0,0.0100142622741292,70.56000061035157,0.1014040585761359,69.62000007629395,0.2954128160389191,60.09999987284343,0.4176706738095981,55.81083332697551,0.0353956025175073,59.23078051686244,55487182.85,0.8663925708745907,0.0140763917947888,2891.TW,2026-07-01,0.0345317089050265,0.4787018659467352,bull,0.1462962962962962,0.2455977757182576,2026-03-31,2026-05-15,59859484000.0,,,28299359000.0,4691107000.0,23103564000.0,,,,9627795130000.0,9033405624000.0,594389506000.0,137297531000.0,,,,0.165767252890781,,9627795130000.0,,0.0388694009008967,0.0023996734130756,15.197787869424465,,,0.3859633003184591,-0.0259120213272754,,,18.776914292805223,18.776914292805223,False,73.678399942012,73.678399942012,59.95302852971032,883.0,True,False,True,True,True,True,True,True,True,False,True,True,True,True,False,False,False,12,False,0.1747087957319972,0.2649873557791409,1.0,3917395024.543278,0.0527777777777777,1.0,3.0,,,,,,-0.160097002615444,-0.3219680147166607,0.2201216497147754,-1.3756143268657917,0.2539603960396039,-1.3756143268657917,0.263912998451907,-883.0,0.1089108910891089,0.1287128712871287,0.1683168316831683,0.1178217821782178,0.1267326732673267,中信金
28.14999961853028,28.14999961853028,26.350000381469727,27.14999961853028,73491.0,0.0688976388300142,25.90999984741211,0.036259497249123,24.732499790191653,0.5784882798976332,23.916666539510093,0.3440593362918012,22.114999945958456,0.0087692410382231,68.72726874233334,119463.0,0.6151779211973581,0.0977458748143746,2923.TW,2026-07-01,0.0345317089050265,0.4787018659467352,bull,0.2981481481481481,0.1251158480074142,2026-03-31,2026-05-15,2068437000.0,1223647000.0,1093718000.0,507741000.0,478663000.0,26623000.0,0.02,43331856000.0,14759908000.0,117789596000.0,69575606000.0,48213990000.0,4643421000.0,6895034000.0,45987458000.0,,0.4,656230800.0,103029688000.0,0.0063693369623714,0.00055218412747,0.0002260216598416,1.4430584566844602,0.5915805025727155,0.5287654397982632,0.0128710712484837,1.5370100759838343,,,53.57592567176444,53.57592567176444,False,72.4872947650866,72.4872947650866,67.75945249175606,317.0,True,False,True,True,True,True,True,True,True,True,True,True,False,True,False,False,False,12,False,0.1351916277161262,0.2276735105076033,1.0,3243420.4044284825,0.85,0.0,3.0,,,,,,-0.0052947399248987,-0.0578226978408136,0.2801192453714128,-1.28373659964881,0.8331683168316831,-1.28373659964881,0.8610765097224808,-317.0,0.5247524752475248,0.4752475247524752,0.9207920792079208,0.5841584158415842,0.5891089108910892,鼎固-KY
21.350000381469727,23.450000762939453,21.299999237060547,22.0,2915374.0,0.0091743472449048,21.25,0.0757945808916318,20.552499961853027,0.2087911581189854,18.9599999109904,-0.2114695232687993,20.39166661898295,0.0370884290183997,65.4255242518276,1097497.75,2.656382666843736,0.0704293901390897,3002.TW,2026-07-01,0.0345317089050265,0.4787018659467352,bull,0.1935185185185185,0.3002780352177943,2026-03-31,2026-05-15,190898000.0,16107000.0,-25155000.0,-11045000.0,-4064000.0,-1506000.0,-0.01,1651670000.0,207740000.0,1912410000.0,504392000.0,1408018000.0,658694000.0,10000000.0,,,0.3679492983250339,-15899235.400633773,1704670000.0,-0.0093268699517406,-0.0010695885990093,-0.0007874880386527,0.3582283749213433,0.0843749017800081,-0.1317719410365745,-0.0078890297436327,0.2991649596090895,,,28.233519060529154,28.233519060529154,False,72.63936024022641,72.63936024022641,61.537899945302094,716.0,True,False,True,True,True,True,True,True,True,False,True,True,True,True,False,False,False,12,False,0.1603375581899357,0.0788720907941789,1.0,24144950.5,0.6055555555555555,0.0,3.0,,,,,,-0.0708183012463429,-0.1749119766969993,0.2615540149836896,-1.8020527671557185,0.4163366336633664,-1.8020527671557185,0.2321890797453419,-716.0,0.1881188118811881,0.1881188118811881,0.1188118811881188,0.1777227722772277,0.1742574257425742,歐格
134.0,139.5,134.0,137.5,650188.0,0.0416666666666667,131.0,0.1506276150627614,131.875,0.3660230714978434,123.5897024790446,0.3726865656863392,115.5283463160197,0.0179467387109223,57.31707317073171,654679.35,0.9931396186545368,0.042654028436019,3004.TW,2026-07-01,0.0345317089050265,0.4787018659467352,bull,0.1,0.2075996292863762,2026-03-31,2026-05-15,1204086000.0,303961000.0,167853000.0,159650000.0,36009000.0,123641000.0,1.92,4115707000.0,2713494000.0,8426161000.0,4784576000.0,3641585000.0,220728000.0,677601000.0,1977017000.0,,0.2255496398371437,129993816.30441593,5712667000.0,0.0227553638789756,0.0339525234204336,0.0146734675494569,1.3138718442656152,0.252441270806238,0.1394028333524349,0.1026845258561265,0.2866173569808965,,,59.60481555561746,59.60481555561746,False,76.27237071609964,76.27237071609964,72.10548192597909,270.0,True,True,True,True,True,True,True,True,True,False,True,True,True,True,False,False,False,13,False,0.1125522372975531,0.1901840923428297,1.0,90018410.625,0.425,2.0,3.0,,,,,,-0.0159545846336575,-0.1418706586049251,0.2962074869021824,-0.6169904612166083,0.803960396039604,-0.6169904612166083,0.8086978261970229,-270.0,0.5742574257425742,0.6039603960396039,0.8613861386138614,0.6173267326732672,0.6405940594059406,豐達科
4490.0,4560.0,4250.0,4330.0,2759041.0,-0.1163265306122448,4577.0,0.1246753246753247,4440.75,1.0233644859813085,3408.333333333333,0.8550474339459515,2873.5179138183594,0.0565667380442541,53.53356890459364,3038880.2,0.90791371110977,-0.0249394809435342,3008.TW,2026-07-01,0.0345317089050265,0.4787018659467352,bull,0.1185185185185185,0.0593141797961075,2026-03-31,2026-05-15,15544079000.0,7679569000.0,5812218000.0,7287959000.0,1112047000.0,6123204000.0,46.63,159095122000.0,39536493000.0,226385533000.0,39762818000.0,186622715000.0,119023098000.0,146000.0,,,0.1525868902390916,4925349729.988327,186849040000.0,0.026360048357692,0.0328106040039123,0.0270476824152893,0.213065263786351,0.4940510788706104,0.3739184547376528,0.3939251724080918,0.0661796222311039,,,76.94531754874203,76.94531754874203,False,71.66555539909025,71.66555539909025,72.9854959365032,100.0,True,False,True,True,False,True,True,True,True,True,True,True,True,True,True,False,False,12,False,0.2704156479217603,0.5068637572007522,1.0,13158351266.0,0.0157407407407407,3.0,2.0,,,,,,-0.0994150225078271,-0.1981906473542963,0.2759443027210224,-1.402826729662299,0.4252475247524753,-1.402826729662299,0.4289369381310983,-100.0,0.8613861386138614,0.6534653465346535,0.396039603960396,0.7915841584158416,0.7059405940594059,大立光
161.0,164.0,160.0,163.5,4372926.0,-0.0150602409638553,160.6,0.0827814569536424,153.275,0.4155844155844155,139.54166666666666,0.4217391304347826,128.7125,0.0145623034916433,72.1311475409836,3499613.0,1.2495455926126688,0.0667101614744738,3014.TW,2026-07-01,0.0345317089050265,0.4787018659467352,bull,0.1777777777777777,0.180722891566265,2026-03-31,2026-05-15,1734052000.0,992099000.0,498325000.0,506561000.0,47858000.0,458703000.0,2.85,7276847000.0,3534436000.0,9867430000.0,3664549000.0,6202881000.0,2464625000.0,,,,0.0944762822246481,451245106.6604022,6332994000.0,0.0712530450305814,0.0739499919472903,0.04648657249152,0.5907817673755147,0.572127594789545,0.2873760417796006,0.264526669327102,0.0068170034331778,,,86.91029224348934,86.91029224348934,False,72.78732110548843,72.78732110548843,76.31806388998865,51.0,True,False,True,True,True,True,True,False,True,False,True,True,True,True,True,False,False,11,False,0.1716930426993133,0.2702728950179662,1.0,572186725.5,0.2212962962962963,2.0,2.0,,,,,,-0.0330070953933515,-0.1235671383635458,0.258698786259565,-1.5839356873748018,0.5905940594059407,-1.5839356873748018,0.6428017777078395,-51.0,0.9306930693069309,0.7425742574257426,0.6732673267326733,0.8920792079207921,0.8227722772277228,聯陽
63.400001525878906,66.30000305175781,62.20000076293945,65.5,4201463.0,0.048,61.60000076293945,0.247109513288718,60.46320152282715,0.3232323232323233,54.05142459869385,0.2476190476190476,53.32821222941081,0.0409564836080997,64.5003163762952,4139879.25,1.014875735807995,0.0833035358749778,3015.TW,2026-07-01,0.0345317089050265,0.4787018659467352,bull,0.0629629629629629,0.2307692307692307,2026-03-31,2026-05-15,3045119000.0,546440000.0,26614000.0,99448000.0,20288000.0,69746000.0,0.37,10514930000.0,5382690000.0,18224408000.0,5983787000.0,12240621000.0,3295094000.0,0.0,0.0,,0.2040061137478883,21184581.2887137,12841718000.0,0.0016496687817559,0.0056979135290603,0.0038270653290905,0.4888466851477551,0.1794478311028239,0.0087398883262033,0.0229041952055075,0.0044345122745677,,,23.68816214394464,23.68816214394464,False,80.518565711756,80.518565711756,66.31096481980316,797.0,True,True,True,True,True,True,True,True,True,False,True,True,True,True,False,False,False,13,False,0.2118089483543936,0.228242936744772,1.0,271162090.875,0.3037037037037037,1.0,3.0,,,,,,-0.0546315347819368,-0.1784841179114416,0.2591053528561459,-1.4814261439474534,0.500990099009901,-1.4814261439474534,0.4640782464573906,-797.0,0.1584158415841584,0.3762376237623762,0.4356435643564356,0.2,0.2792079207920792,全漢
136.5,142.0,120.5,122.0,38509839.0,-0.1091720474902222,126.7940673828125,0.029535864978903,121.1894344329834,1.392156862745098,103.7698113123576,1.33716471679856,81.6465721766154,-0.003711605956712,58.35246514249884,11001117.6,3.5005387998033948,0.0066884177718051,3016.TW,2026-07-01,0.0345317089050265,0.4787018659467352,bull,0.3175925925925926,0.0268767377201112,2026-03-31,2026-05-15,1058983000.0,188227000.0,112229000.0,125822000.0,25166000.0,100656000.0,0.35,4149251000.0,1259785000.0,7114003000.0,2217982000.0,4896021000.0,2593190000.0,337440000.0,,483682000.0,0.2000127163771041,89781772.85371397,5854218000.0,0.0153362537667223,0.0205587353485616,0.0141489960012667,0.4530172562576835,0.1777431743474635,0.1059780940770531,0.0950496844614125,0.1805514679651827,,,49.37869687987665,49.37869687987665,False,62.415966529646354,62.415966529646354,59.156649117203926,378.0,True,False,True,True,True,True,False,True,False,True,True,True,False,True,False,False,False,10,False,0.1756791156993407,0.4942452174978429,1.0,1342136347.2,0.1351851851851851,2.0,3.0,,,,,,-0.0694368578657995,-0.2526576628449009,0.2096765493294161,-1.524302117116139,0.3297029702970297,-1.524302117116139,0.272465613407206,-378.0,0.4752475247524752,0.0891089108910891,0.1881188118811881,0.4321782178217821,0.301980198019802,嘉晶
335.0,347.5,332.5,333.0,2654680.0,0.0422535211267605,323.7,0.0638977635782747,319.675,0.2758620689655173,301.2916666666667,0.6903553299492386,263.3541666666667,0.0090751262626262,60.90534979423868,2169756.75,1.223491988214808,0.0416829592554939,3023.TW,2026-07-01,0.0345317089050265,0.4787018659467352,bull,0.2277777777777777,0.2557924003707136,2026-03-31,2026-05-15,8292838000.0,2032426000.0,955920000.0,1115731000.0,253177000.0,865006000.0,3.6,26277086000.0,13869565000.0,32645613000.0,14861895000.0,17783718000.0,6352840000.0,3453676000.0,0.0,,0.2269158067670433,739006641.995248,18776048000.0,0.0393590089882198,0.0486403349400839,0.0264968527317897,0.8357023542546053,0.2450820816709551,0.1152705503230619,0.1043075965067688,0.0164281431445099,,,64.45244261187088,64.45244261187088,False,77.00270293518972,77.00270293518972,73.86513785436,217.0,True,True,True,True,True,True,True,True,True,False,True,True,True,True,True,False,False,13,False,0.1052413220854653,0.2644569258761173,1.0,722528997.75,0.1861111111111111,2.0,3.0,,,,,,-0.044961655391653,-0.1280285126652103,0.2066278386829924,-1.4262498759604008,0.5351485148514852,-1.4262498759604008,0.543674123188179,-217.0,0.6237623762376238,0.6732673267326733,0.5742574257425742,0.6163366336633663,0.6287128712871287,信邦
888.0,899.0,860.0,899.0,1826942.0,0.129396984924623,801.4,0.3830769230769231,758.4086059570312,5.490974729241877,473.7612019856771,7.945273631840797,293.00560099283854,0.0579612208805518,70.18594956706823,3448517.55,0.5297760482616654,0.1853768442745416,3026.TW,2026-07-01,0.0345317089050265,0.4787018659467352,bull,0.0305555555555555,0.0009267840593141,2026-03-31,2026-05-15,3618451000.0,877039000.0,483360000.0,568645000.0,113236000.0,474578000.0,2.86,11840787000.0,5803981000.0,16266013000.0,6345747000.0,9920266000.0,4380883000.0,2093681000.0,400780000.0,,0.199133026756588,387107060.1869356,10462032000.0,0.0370011351701978,0.047839241407438,0.029176049471988,0.639675085325333,0.2423796812503471,0.1335820216993404,0.1311550163315739,0.0636271337498735,,,68.80894924877691,68.80894924877691,False,84.06016373185048,84.06016373185048,80.24736011108209,175.0,True,True,True,True,True,True,True,True,True,True,False,True,False,False,True,False,False,11,False,0.8975804608566889,2.068200733889632,1.0,3100217277.45,0.0675925925925925,3.0,3.0,,,,,,-0.0652408824157007,-0.2198471427904114,0.3064346945593876,-1.4891166652812529,0.4915841584158416,-1.4891166652812529,0.4586290439111898,-175.0,0.6732673267326733,0.9108910891089108,0.4257425742574257,0.6361386138613863,0.6950495049504951,禾伸堂
543.0,551.0,535.0,538.0,5417678.0,-0.009208103130755,533.2,0.0611439842209073,511.925,0.4083769633507854,467.2083333333333,0.4404283801874162,424.0916666666666,0.0221634303399391,64.0661938534279,6226694.9,0.870072821457817,0.0509351955852908,3034.TW,2026-07-01,0.0345317089050265,0.4787018659467352,bull,0.2333333333333333,0.1844300278035217,2026-03-31,2026-05-15,23145303000.0,9039901000.0,4027546000.0,4389348000.0,622236000.0,3767112000.0,6.19,79261926000.0,21790635000.0,103666583000.0,31738768000.0,71927815000.0,48919537000.0,,,,0.1417604619182621,3456599218.642951,81875948000.0,0.0422175169030464,0.0523735080788982,0.036338730292673,0.4412586146263444,0.390571728527382,0.1740113750077067,0.1627592432036858,-0.1465659805926223,,,75.54535048945058,75.54535048945058,False,74.22696687765519,74.22696687765519,74.55656278060404,116.0,True,False,True,True,True,True,True,True,True,False,True,True,True,True,True,False,False,12,False,0.1515205564969233,0.2685936609616632,1.0,3349961856.2000003,0.0648148148148148,3.0,3.0,,,,,,0.0077808718427071,-0.0757708578782015,0.3081574159602573,-0.928306514663371,0.8975247524752475,-0.928306514663371,0.9079024065851602,-116.0,0.7920792079207921,0.693069306930693,0.9603960396039604,0.8173267326732674,0.7960396039603961,聯詠
214.5,221.0,211.0,212.0,8164781.0,-0.0802603036876355,213.8,0.0210314984140669,202.2983665466309,0.525179856115108,188.6266749064128,0.2848484848484849,175.46750411987304,0.0080642895557578,71.21284527060145,10530470.55,0.7753481633353981,0.0479570528372648,3035.TW,2026-07-01,0.0345317089050265,0.4787018659467352,bull,0.3537037037037037,0.1427247451343836,2026-03-31,2026-05-15,2588502000.0,1224435000.0,95883000.0,179218000.0,44045000.0,104263000.0,0.4,13023994000.0,5732857000.0,20895528000.0,6486089000.0,14409439000.0,8381209000.0,25000000.0,,,0.245762144427457,72318588.30586214,15162671000.0,0.0047695151009912,0.0072357431819517,0.0049897279456159,0.4501277947045683,0.4730284156628042,0.037041887547315,0.0402792812213396,-0.6519697207840671,,,34.50118854665805,34.50118854665805,False,64.81719133030137,64.81719133030137,57.23819063439054,609.0,True,False,True,True,True,True,True,True,False,True,True,True,False,True,False,False,False,11,False,0.1239131480485669,0.2082009205258272,1.0,2232459756.6000004,0.0879629629629629,2.0,3.0,,,,,,-0.0519187418633896,-0.1783631727744391,0.3022657975845564,-1.4403787335152114,0.5772277227722773,-1.4403787335152114,0.6167277379873842,-609.0,0.297029702970297,0.0693069306930693,0.6534653465346535,0.3504950495049505,0.3,智原
37.150001525878906,37.45000076293945,34.20000076293945,34.79999923706055,7671445.0,-0.0984455799812583,36.32999954223633,0.067484689138433,34.4875,0.2189141914892565,30.71833324432373,0.008695630059726,31.41541659037272,0.0478541587542725,64.01984512713301,9042498.3,0.8483767146519673,0.009061231955362,3060.TW,2026-07-01,0.0345317089050265,0.4787018659467352,bull,0.2157407407407407,0.2919369786839666,2026-03-31,2026-05-15,1081252000.0,166540000.0,47262000.0,66259000.0,16879000.0,45734000.0,0.33,2994981000.0,1413440000.0,4510523000.0,1760816000.0,2749707000.0,514060000.0,220000000.0,88940000.0,,0.2547427519280399,35222348.058376975,3097083000.0,0.0113727491508548,0.0166323175523792,0.0101394006859071,0.6403649552479591,0.1540251486240025,0.043710439379534,0.0422972628027508,0.0742991359918607,,,34.65673853142626,34.65673853142626,False,68.6290724990332,68.6290724990332,60.13598900713146,606.0,True,False,True,True,True,True,True,True,True,False,True,True,True,True,False,False,False,12,False,0.1328739407920525,0.107736360488851,1.0,314678933.94112134,0.287037037037037,1.0,3.0,,,,,,-0.0558761189997265,-0.17089114278094,0.1512553041387579,-1.958702768169834,0.3034653465346535,-1.958702768169834,0.3801241976001724,-606.0,0.3069306930693069,0.1485148514851485,0.3267326732673267,0.3099009900990099,0.2633663366336634,銘異
39.54999923706055,41.34999847412109,38.45000076293945,38.45000076293945,3589628.0,-0.1502762262333822,40.29000015258789,0.1392592818648725,36.19977140426636,0.7165179204347796,31.65575704574585,0.5823046078247764,28.047461875279744,0.0431527960330866,67.49768735729965,5104344.8,0.7032495140218584,0.0621614245444626,3094.TW,2026-07-01,0.0345317089050265,0.4787018659467352,bull,0.1055555555555555,0.0936051899907321,2026-03-31,2026-05-15,47206000.0,35395000.0,2347000.0,7478000.0,1717000.0,5761000.0,0.07,792305000.0,52199000.0,1133462000.0,121752000.0,1011710000.0,710423000.0,,,,0.229606846750468,1808112.730676652,1081263000.0,0.0016722228825703,0.005694319518439,0.0050826582629148,0.1203427859762184,0.7497987543956277,0.0497182561538787,0.1220395712409439,-0.0850131803380369,,,35.49964257677029,35.49964257677029,False,77.45366967638175,77.45366967638175,66.96516290147888,596.0,True,True,True,True,True,True,True,True,True,True,True,True,False,True,False,False,False,13,False,0.2146290075253993,0.3708905616457301,1.0,196262061.45430604,0.3351851851851852,1.0,3.0,,,,,,-0.0745477364714257,-0.1814779881790327,0.2596116886241071,-1.4799143431392214,0.4618811881188119,-1.4799143431392214,0.4783515144469773,-596.0,0.3168316831683168,0.4059405940594059,0.4554455445544554,0.3376237623762376,0.3712871287128713,聯傑
103.5,105.0,93.5,94.0,30689521.0,-0.0784313725490196,97.2,0.091753794028851,92.15,1.160919540229885,65.55833333333334,1.88786489103736,56.69624999364217,0.0683438650687864,58.477012943222846,18677830.35,1.6430988195585574,0.0200759631036353,3149.TW,2026-07-01,0.0345317089050265,0.4787018659467352,bull,0.1648148148148148,0.0454124189063948,2026-03-31,2026-05-15,590082000.0,-24432000.0,-93184000.0,-84552000.0,0.0,-84552000.0,-0.37,3053025000.0,1223931000.0,4981618000.0,2501468000.0,2480150000.0,728242000.0,568000000.0,1205163000.0,,-0.0,-93184000.0,3757687000.0,-0.0247982335942296,-0.0340914864020321,-0.0169727987974991,1.0085954478559764,-0.041404414979613,-0.1579170352595063,-0.1432885598950654,0.2536877731437907,,,23.16823820563286,23.16823820563286,False,82.43076622656938,82.43076622656938,67.61513422133524,805.0,True,True,True,True,True,True,True,True,True,True,True,True,True,True,False,False,False,14,False,0.4338375492563873,0.6579579780063234,1.0,1755716052.9,0.1148148148148148,1.0,3.0,,,,,,-0.2442226699272781,-0.4197013513038641,0.1302128893238136,-1.9644449612966504,0.0292079207920792,-1.9644449612966504,0.0239590192481447,-805.0,0.1485148514851485,0.4554455445544554,0.0099009900990099,0.1277227722772277,0.2128712871287129,正達
68.5,70.0,66.4000015258789,67.0999984741211,1942401.0,-0.0562587916433769,66.15999984741211,0.0633914436882356,61.44999942779541,0.342180501115682,56.14503288269043,0.0143490866807596,57.53464972178141,0.0044953035417165,68.2170537286845,1796746.2,1.0810658734105016,0.0919446558004366,3257.TW,2026-07-01,0.0345317089050265,0.4787018659467352,bull,0.2287037037037037,0.2205746061167748,2026-03-31,2026-05-15,130520000.0,58709000.0,1594000.0,23816000.0,8650000.0,15166000.0,0.19,2133139000.0,561416000.0,2636340000.0,1055734000.0,1580606000.0,310108000.0,159975000.0,,455744000.0,0.3632012092710782,1015057.2724219012,2074924000.0,0.0004892021454385,0.0095950540488901,0.0057526722653375,0.6679298952427107,0.4498084584737971,0.0122126877106956,0.1161967514557156,-0.3339185106556708,,,31.244376833574243,31.244376833574243,False,72.9431787436662,72.9431787436662,62.51847826614321,660.0,True,False,True,True,True,True,True,True,True,False,True,True,True,True,False,False,False,12,False,0.1951190520151622,0.1662537062204176,1.0,120561667.27838288,0.3851851851851852,1.0,3.0,,,,,,-0.045601596053509,-0.1599359823461215,0.1948185663536424,-1.7231866832904492,0.4044554455445543,-1.7231866832904492,0.4376861706447344,-660.0,0.2376237623762376,0.2079207920792079,0.4158415841584158,0.2643564356435643,0.2643564356435643,虹冠電
29.14999961853028,30.950000762939453,28.950000762939453,29.549999237060547,288855.0,0.0553571156093053,28.879999923706052,0.3648960627125666,25.96250009536743,0.3462413763079675,22.48416662216187,0.1772907883649304,22.93708330790202,0.087890217184909,71.34502415193828,396172.7,0.7291138435333884,0.1381800338378522,3296.TW,2026-07-01,0.0345317089050265,0.4787018659467352,bull,0.0333333333333333,0.2177942539388322,2026-03-31,2026-05-15,333302000.0,47985000.0,-28246000.0,-32519000.0,3415000.0,-35934000.0,-0.37,1498700000.0,959362000.0,2232887000.0,971754000.0,1261133000.0,733229000.0,480000000.0,,,0.0,-28246000.0,1273525000.0,-0.022179383993247,-0.0284934261493434,-0.0160930669577099,0.770540458460765,0.1439685330421059,-0.0847459661208153,-0.107812134340628,-0.1210969740918979,,,13.590716232084937,13.590716232084937,False,78.55514365152919,78.55514365152919,62.31403679666813,987.0,True,True,True,True,True,True,True,True,True,False,True,True,False,True,False,False,False,12,False,0.3142581503525299,0.288306749397397,1.0,11706902.982744217,0.6944444444444444,0.0,3.0,,,,,,-0.0483782671587276,-0.1588439478706505,0.2794031863324717,-1.371185764570538,0.6118811881188119,-1.371185764570538,0.7038917130711198,-987.0,0.0792079207920792,0.198019801980198,0.7326732673267327,0.1772277227722772,0.2455445544554455,勝德
28.299999237060547,28.299999237060547,26.100000381469727,26.64999961853028,5201968.0,0.0638722726626908,25.38999977111817,0.1586956355882729,24.789999961853027,0.4642856319433515,20.052499945958456,0.3952879102759257,20.144999941190083,0.0457709319513405,59.83264165979943,1878679.65,2.7689489264441653,0.075030240400945,3346.TW,2026-07-01,0.0345317089050265,0.4787018659467352,bull,0.0953703703703703,0.1594068582020389,2026-03-31,2026-05-15,1694217000.0,150618000.0,-85958000.0,-73986000.0,6956000.0,-80942000.0,-0.67,8045104000.0,4455060000.0,10175277000.0,6596575000.0,3578702000.0,2217836000.0,1818987000.0,1589910000.0,285973000.0,0.0,-85958000.0,5720217000.0,-0.0150270522953936,-0.0226176977015688,-0.0079547711575812,1.8432870353552768,0.0889012446457567,-0.0507361217600815,-0.0477754620571036,-0.1732498100523655,,,6.120174416109647,6.120174416109647,False,83.10917264480493,83.10917264480493,63.86192308763111,1066.0,True,True,True,True,True,True,True,True,True,False,True,True,True,True,False,False,False,13,False,0.3290113297769406,0.3229088953254126,1.0,50066811.9558406,0.5027777777777778,0.0,3.0,,,,,,0.0660263832746105,-0.1056538982723273,0.5503888669880441,-0.8724256020424103,0.9326732673267328,-0.8724256020424103,0.9443697447851888,-1066.0,0.0099009900990099,0.2574257425742574,0.9801980198019802,0.1554455445544554,0.2782178217821782,麗清
63.20000076293945,64.30000305175781,60.59999847412109,60.70000076293945,1252463.0,-0.0130081176757812,59.95999984741211,0.0312554743645654,59.21500034332276,0.3378451014090549,55.34142119089763,0.3853679555007596,50.327756595611575,0.0036204893553876,61.70212765957447,1172658.9,1.0680539754569722,0.0250781121507526,3356.TW,2026-07-01,0.0345317089050265,0.4787018659467352,bull,0.3111111111111111,0.2224281742354031,2026-03-31,2026-05-15,281264000.0,139594000.0,10233000.0,198018000.0,20957000.0,176986000.0,2.21,2893011000.0,391712000.0,3096581000.0,420305000.0,2676276000.0,809972000.0,50000000.0,,,0.1058338130876991,9150002.590673575,2704869000.0,0.0033827895512402,0.0661314453367291,0.0571552948235489,0.157048450907156,0.4963095170373741,0.0363821889754821,0.6292522327777462,0.0806540849572754,,,63.62657398368869,63.62657398368869,False,71.98277960818076,71.98277960818076,69.89372820205774,230.0,True,False,True,True,True,True,True,True,False,False,True,True,True,True,True,False,False,11,False,0.0968276465752056,0.2060939105764214,1.0,71180396.12466773,0.4574074074074074,1.0,3.0,,,,,,-0.011874933378673,-0.102001758582334,0.1653465338304663,-1.582415049066325,0.5638613861386139,-1.582415049066325,0.5054018056875218,-230.0,0.594059405940594,0.5544554455445545,0.5148514851485149,0.5821782178217821,0.5663366336633663,奇偶
673.0,684.0,634.0,641.0,2522977.0,-0.1255115961800819,683.2,0.1048511685308364,695.723388671875,0.4806001324937083,577.0512568155924,0.5270300755514743,504.86596323649087,0.0397327633334267,45.40816326530612,4923161.55,0.5124708938304087,-0.0786568190216244,3406.TW,2026-07-01,0.0345317089050265,0.4787018659467352,bull,0.1416666666666666,0.1510658016682113,2026-03-31,2026-05-15,6140741000.0,2060873000.0,1200606000.0,1239328000.0,347909000.0,890873000.0,7.9,22697154000.0,9791281000.0,44791309000.0,18698861000.0,26092448000.0,12605348000.0,216960000.0,2871110000.0,,0.2807239084407033,863567191.1826409,35000028000.0,0.0246733285808411,0.0341429443492615,0.019889416493722,0.7166388144186394,0.3356065660479737,0.1955148409613758,0.1450758141403456,0.1539913322030344,,,69.07874706062229,69.07874706062229,False,66.97335495829472,66.97335495829472,67.49970298387662,173.0,True,False,True,True,False,True,True,False,True,True,True,True,False,True,True,False,False,10,False,0.1108198663967967,0.2696439187359929,1.0,3155746553.55,0.0657407407407407,3.0,3.0,,,,,,0.0056360909802889,-0.1308502137275671,0.3628491807379301,-1.2267003464672497,0.8415841584158416,-1.2267003464672497,0.7864194551399584,-173.0,0.6831683168316832,0.4356435643564356,0.8217821782178217,0.703960396039604,0.6366336633663366,玉晶光
4865.0,5130.0,4845.0,5045.0,2285527.0,0.0338114754098359,4716.0,0.1175268039498746,4601.958056640625,1.184475831174685,4370.977913411459,1.396209909561407,3405.680013020833,0.001488566090784,69.31818181818181,2165054.15,1.0556442664494097,0.0962724861692438,3443.TW,2026-07-01,0.0345317089050265,0.4787018659467352,bull,0.124074074074074,0.0426320667284522,2026-03-31,2026-05-15,11447812000.0,3113307000.0,1824178000.0,1924721000.0,278481000.0,1646240000.0,12.28,31638843000.0,19973296000.0,35132291000.0,20548418000.0,14583873000.0,7671980000.0,,,,0.144686424681811,1560244207.1967833,15158995000.0,0.1029253065389086,0.1128808513348957,0.0468583161855285,1.4089822367487703,0.2719565101173918,0.1593473058432476,0.1438038989459295,0.6298963899650951,,,83.63888359987813,83.63888359987813,True,79.4559612683243,79.4559612683243,80.50169185121275,63.0,True,True,True,True,True,True,True,True,True,True,True,True,True,True,True,True,False,14,False,0.1542039561720138,0.4813487998612917,1.0,10922698186.75,0.0231481481481481,3.0,2.0,,,,,,-0.0178510430653379,-0.17770071513193,0.3980153300209266,-0.7509771924915339,0.7975247524752476,-0.7509771924915339,0.765043024265434,-63.0,0.900990099009901,0.9306930693069309,0.801980198019802,0.8861386138613861,0.8900990099009901,創意
400.0,400.0,400.0,400.0,1825851.0,0.095890410958904,360.6,0.2678288431061806,339.65,2.0651340996168583,260.7083333333333,3.2689435755366256,195.9525000254313,0.0362291205857676,73.80952380952381,2550790.35,0.7157981446809221,0.177682908876785,3532.TW,2026-07-01,0.0345317089050265,0.4787018659467352,bull,0.0574074074074074,0.0129749768303985,2026-03-31,2026-05-15,3308768000.0,27622000.0,-105154000.0,-82202000.0,-13987000.0,-68215000.0,-0.18,9109304000.0,3626589000.0,51226148000.0,26972355000.0,24253793000.0,1958029000.0,0.0,20500000000.0,,0.1701540108513174,-87261625.14294055,47599559000.0,-0.0018332444034395,-0.0028125497731426,-0.0013316441439243,1.112088117516299,0.0083481223222661,-0.03178040890144,-0.0206164348784804,0.1086960163893446,,,17.44238091593533,17.44238091593533,False,82.95340335701782,82.95340335701782,66.5756477467472,903.0,True,True,True,True,True,True,True,False,True,True,True,True,False,False,False,False,False,11,False,0.5342816046028449,1.0413110317453813,1.0,1020316140.0,0.1518518518518518,2.0,3.0,,,,,,-0.2648664760644144,-0.4778946045341776,0.1063602282377757,-2.0887432026038097,0.0168316831683168,-2.0887432026038097,0.1613540046568475,-903.0,0.099009900990099,0.3861386138613861,0.0792079207920792,0.096039603960396,0.1811881188118811,台勝科
33.70000076293945,34.95000076293945,32.0,33.400001525878906,12601438.0,-0.0722221798366971,32.000000381469725,0.5904762631370908,30.11500015258789,0.897727318292806,23.67833334604899,1.3194446118525565,20.39333333969116,0.1039222883524197,60.975611819099775,10204817.45,1.234851878707541,0.1090818979460879,3550.TW,2026-07-01,0.0345317089050265,0.4787018659467352,bull,0.0129629629629629,0.072289156626506,2026-03-31,2026-05-15,1007809000.0,175472000.0,19816000.0,28906000.0,7399000.0,23062000.0,0.21,2867552000.0,1758096000.0,4325506000.0,2633732000.0,1691774000.0,876451000.0,571372000.0,738364000.0,,0.2559676191794091,14743745.658340828,2567410000.0,0.0057426533581861,0.0136318444425792,0.0053316305653026,1.556787135870394,0.1741123566072539,0.0196624558820173,0.0228833042769016,0.2160987446951514,,,28.974359191222867,28.974359191222867,False,93.82404136807394,93.82404136807394,77.61162082386116,700.0,True,True,True,True,True,True,True,True,True,True,True,False,True,True,False,False,False,13,False,0.4105723167991504,0.6377902018044843,1.0,340840918.4013157,0.2777777777777778,1.0,3.0,,,,,,-0.0949707701462378,-0.2604076420745589,0.2221343180785726,-1.5480671571793514,0.291089108910891,-1.5480671571793514,0.3353854805123369,-700.0,0.2079207920792079,0.8217821782178217,0.2475247524752475,0.2138613861386138,0.3999999999999999,聯穎
909.0,946.0,885.0,905.0,2997154.0,0.0547785547785548,866.4,0.0710059171597632,847.45,0.9631236442516268,817.5666666666667,1.7675840978593271,592.0458333333333,0.0,71.7948717948718,1655348.45,1.8105879762052517,0.0679096111865005,3583.TW,2026-07-01,0.0345317089050265,0.4787018659467352,bull,0.2064814814814815,0.0658016682113067,2026-03-31,2026-05-15,3120325000.0,1047943000.0,404203000.0,441207000.0,98162000.0,332960000.0,4.14,20905271000.0,19129006000.0,27561798000.0,19565777000.0,7996021000.0,7254378000.0,109500000.0,,0.0,0.2224851373618279,314273840.02293706,8432792000.0,0.0372680649567707,0.0416407110486578,0.0120804890885565,2.4469391713703605,0.3358441828976148,0.129538749969955,0.1067068334228005,0.1094930713685309,,,55.22646625018691,55.22646625018691,False,66.06474831410418,66.06474831410418,63.35517779812486,305.0,True,False,True,True,True,True,False,True,True,True,True,True,True,True,False,False,False,12,False,0.1069433685326375,0.5285978703788416,1.0,1498090347.25,0.1296296296296296,3.0,3.0,,,,,,-0.0392980982765324,-0.151540056645903,0.3605832542868417,-0.3876390937037278,0.7727722772277228,-0.3876390937037278,0.7847043179636758,-305.0,0.5445544554455446,0.2277227722772277,0.8118811881188119,0.5846534653465347,0.502970297029703,辛耘
68.0999984741211,71.0,65.0,65.80000305175781,1445505.0,-0.1330698059429865,68.98000030517578,0.0297339824805704,62.59500045776368,0.4196333380355208,60.84500013987223,0.3581011767927522,55.93125015894572,0.0240490808526781,67.40947347516,1492380.9,0.9685898553110672,0.0512022137639687,3588.TW,2026-07-01,0.0345317089050265,0.4787018659467352,bull,0.3157407407407407,0.1788693234476367,2026-03-31,2026-05-15,397055000.0,133436000.0,19255000.0,27933000.0,5206000.0,22727000.0,0.37,1568974000.0,222818000.0,2039650000.0,244854000.0,1794796000.0,526253000.0,,0.0,,0.1863745390756453,15666358.25009845,1816832000.0,0.0086228986775323,0.0126627204428804,0.011142597994754,0.1364244181511436,0.3360642732115198,0.0484945410585435,0.0572389215599853,0.1515850227674817,,,45.81444743521709,45.81444743521709,False,68.20125864396203,68.20125864396203,62.6045558417758,419.0,True,False,True,True,True,True,True,True,False,False,True,True,True,True,False,False,False,11,False,0.0814364845179533,0.1764443466714407,1.0,98198667.77438506,0.4092592592592592,1.0,3.0,,,,,,-0.0637095068159276,-0.1833501852973972,0.2065106351407227,-1.597089341405539,0.3658415841584158,-1.597089341405539,0.3459027709411466,-419.0,0.4356435643564356,0.2178217821782178,0.2673267326732673,0.4103960396039603,0.3366336633663366,通嘉
26.299999237060547,26.75,25.600000381469727,25.75,1574648.0,-0.056776530416762,26.350000381469727,0.0341365620277824,24.619999980926515,0.2089202310954432,24.409999974568688,0.3918918918918919,21.896250009536743,0.0071589321409983,71.76471037023211,2938021.3,0.5359552703038607,0.0458976450019867,3591.TW,2026-07-01,0.0345317089050265,0.4787018659467352,bull,0.3055555555555556,0.29935125115848,2026-03-31,2026-05-15,581640000.0,129432000.0,21965000.0,26378000.0,7095000.0,16630000.0,0.12,2403392000.0,678296000.0,4222147000.0,1178716000.0,3043431000.0,1017515000.0,85000000.0,148925000.0,286171000.0,0.2689741451209341,16056982.902418682,3543851000.0,0.0045309418771891,0.0054642277087931,0.0039387543825451,0.3872984141910889,0.2225293996286362,0.037763908947115,0.0285915686679045,0.0154630985905657,,,28.82807983570504,28.82807983570504,False,62.174355804536894,62.174355804536894,53.83778681232893,704.0,True,False,True,True,True,True,True,True,False,False,True,True,False,True,False,False,False,10,False,0.0548955357159925,0.1760004561870085,1.0,75654048.475,0.449074074074074,0.0,3.0,,,,,,-0.0520307101857069,-0.1477710025139139,0.1951197417240157,-1.5019598330140842,0.4613861386138614,-1.5019598330140842,0.4782564130937102,-704.0,0.198019801980198,0.0099009900990099,0.4455445544554455,0.2351485148514851,0.1910891089108911,艾笛森
215.0,221.5,214.0,216.5,615976.0,0.0212264150943395,215.4,0.0188235294117646,214.125,0.28486646884273,200.025,0.0433734939759036,194.1083333333333,0.0033973758200562,53.44827586206896,501036.7,1.2294029559112136,0.0110916520723876,3617.TW,2026-07-01,0.0345317089050265,0.4787018659467352,bull,0.3648148148148148,0.2520852641334569,2026-03-31,2026-05-15,2931932000.0,1579254000.0,476843000.0,521769000.0,118652000.0,388950000.0,4.13,10475363000.0,3752308000.0,14792411000.0,5524979000.0,9267432000.0,4373481000.0,0.0,,1434491000.0,0.2274033144935785,368407321.3069385,11040103000.0,0.033369917047598,0.0419695553201793,0.026293888129528,0.5961715176329322,0.5386393681708853,0.1626378101538507,0.1326599661929403,0.0219561852265348,,,74.61371274804436,74.61371274804436,False,62.19861499314373,62.19861499314373,65.30238943186889,123.0,True,False,True,True,True,True,True,True,False,False,True,True,True,True,True,False,False,11,False,0.0823647044119484,0.1153565448847293,1.0,108474445.55,0.3972222222222222,2.0,3.0,,,,,,-0.0147018876667682,-0.0954219044629056,0.1806726624908295,-1.5758120209378408,0.5836633663366337,-1.5758120209378408,0.6047779153966379,-123.0,0.7821782178217822,0.3069306930693069,0.6138613861386139,0.7569306930693069,0.6059405940594059,碩天
38.29999923706055,39.25,36.70000076293945,36.95000076293945,783198.0,-0.0954711837664405,38.87000045776367,0.0408450919137874,36.91750020980835,0.3838951201165268,32.4200000445048,0.2942207268074082,30.22666665712992,0.0287008042272045,62.499991683076885,1034645.55,0.7569722790573061,0.0008803562794446,3652.TW,2026-07-01,0.0345317089050265,0.4787018659467352,bull,0.2796296296296296,0.1974050046339203,2026-03-31,2026-05-15,620782000.0,216758000.0,32315000.0,36403000.0,6166000.0,30132000.0,0.4,2208650000.0,758801000.0,2721709000.0,839191000.0,1882518000.0,544591000.0,,,,0.1693816443699695,26841432.16218444,1962908000.0,0.0136743200201866,0.0160062214544562,0.0110709851787975,0.4457811293172229,0.3491692735936287,0.0520553108820809,0.0485387785083974,0.1012201049453453,,,46.42890186010385,46.42890186010385,False,70.08269159290917,70.08269159290917,64.16924415970784,411.0,True,False,True,True,True,True,True,True,True,False,True,True,False,True,False,False,False,11,False,0.1397285845840856,0.2224305505491,1.0,38230153.86187191,0.5305555555555556,1.0,3.0,,,,,,-0.0180583933236014,-0.0903392903919435,0.2448863924894171,-1.3855808991764242,0.7193069306930693,-1.3855808991764242,0.7639029573489996,-411.0,0.4455445544554455,0.2673267326732673,0.7920792079207921,0.4975247524752475,0.4613861386138614,精聯
57.5,58.900001525878906,55.09999847412109,55.29999923706055,1321105.0,-0.0449050469827063,56.12000045776367,0.0821917982065398,54.03474197387696,0.4143222863208464,50.19741395314534,0.57999997820173,45.29454024632772,0.0147418598317543,63.684786667717134,1726888.8,0.7650203070400363,0.0234156251508572,4952.TW,2026-07-01,0.0345317089050265,0.4787018659467352,bull,0.1796296296296296,0.1835032437442076,2026-03-31,2026-05-15,586800000.0,217186000.0,50714000.0,57361000.0,2716000.0,54645000.0,0.5,1968997000.0,498939000.0,2855009000.0,669784000.0,2185225000.0,875328000.0,135979000.0,,,0.0473492442600373,48312730.42659647,2356070000.0,0.0205056430524545,0.0250065782699722,0.0191400447424158,0.3065057373954627,0.3701192910702113,0.0864246762099522,0.0931237218813905,0.1151907683185478,,,59.13696523613547,59.13696523613547,False,73.99173581594722,73.99173581594722,70.2780431709943,276.0,True,False,True,True,True,True,True,True,True,False,True,True,False,True,False,False,False,11,False,0.101650361683532,0.2208976829507398,1.0,95496949.3224884,0.4148148148148148,1.0,3.0,,,,,,-0.0318550926769539,-0.1080763434179827,0.2674165185992931,-1.3027011087898828,0.6920792079207921,-1.3027011087898828,0.7274899792957532,-276.0,0.5643564356435643,0.5643564356435643,0.7722772277227723,0.5955445544554454,0.6059405940594059,凌通
641.0,659.0,602.0,603.0,51712441.0,0.0272572402044293,597.6,0.1675419492145855,570.7636123657227,1.843661743186128,447.8024037679036,3.201534820522962,313.7412673950195,0.0367516673434392,65.63467492260062,31756968.6,1.628380896531793,0.0564794022181314,4958.TW,2026-07-01,0.0345317089050265,0.4787018659467352,bull,0.0898148148148148,0.0185356811862835,2026-03-31,2026-05-15,40728186000.0,8811686000.0,2503378000.0,2400190000.0,352753000.0,1425634000.0,1.33,132303699000.0,83301038000.0,298402969000.0,123677759000.0,174725210000.0,82443029000.0,32052909000.0,19106770000.0,11406206000.0,0.1469687816381203,2135459585.3603256,215101931000.0,0.0099276634822972,0.0081592919533477,0.0047775462984753,0.7078415244142502,0.2163535100728522,0.061465492226931,0.035003621325045,0.0161248203146593,,,31.59280514295768,31.59280514295768,False,86.16263410342157,86.16263410342157,72.5201768633056,655.0,True,True,True,True,True,True,True,True,True,True,True,True,True,True,False,False,False,14,False,0.3465760677616536,0.921965844680502,1.0,19149452065.8,0.0111111111111111,3.0,3.0,,,,,,-0.2096031557715937,-0.3422211609551692,0.1238154738025181,-1.742594331371068,0.0613861386138613,-1.742594331371068,0.0621475503650021,-655.0,0.2475247524752475,0.6237623762376238,0.0297029702970297,0.2148514851485148,0.3168316831683168,臻鼎-KY
97.5999984741211,98.6999969482422,92.3000030517578,92.9000015258789,3700347.0,-0.1437787877799179,97.86000213623046,0.0253863475771998,93.4966827392578,0.9273858932655636,74.91639423370361,0.899795472945216,62.66694711049398,0.021356398995617,58.27972343292469,5495664.6,0.6733211120634982,-0.006381843675063,5285.TW,2026-07-01,0.0345317089050265,0.4787018659467352,bull,0.3333333333333333,0.0685820203892493,2026-03-31,2026-05-15,1357374000.0,253577000.0,134024000.0,129371000.0,27307000.0,102064000.0,1.0,3890434000.0,1502170000.0,5486212000.0,2514807000.0,2971405000.0,1258334000.0,380000000.0,805975000.0,,0.2110751250280202,105734867.44324462,3984042000.0,0.0265395965813725,0.0343487340163996,0.0186037287658588,0.8463359925691718,0.1868143930854724,0.0987377097248068,0.0751922462048042,0.0164466220511887,,,49.817373099182696,49.817373099182696,False,70.26291997129621,70.26291997129621,65.15153325326783,375.0,True,False,True,True,False,True,True,True,False,True,True,True,False,True,False,False,False,10,False,0.2400490236632981,0.4824401986916355,1.0,510547249.7257187,0.2333333333333333,1.0,3.0,,,,,,-0.0121502009989788,-0.1065130027117399,0.3082906805845989,-1.2012450073051728,0.8198019801980199,-1.2012450073051728,0.8129380831339148,-375.0,0.4851485148514851,0.297029702970297,0.8712871287128713,0.5430693069306931,0.505940594059406,界霖
550.0,571.0,533.0,533.0,2534267.0,0.0899795501022495,523.2,0.1437768240343346,482.625,0.607843137254902,440.6666666666667,0.8253424657534247,381.3375,0.0342887757835521,72.62872628726288,1467158.0,1.727330662409911,0.1043771043771044,5434.TW,2026-07-01,0.0345317089050265,0.4787018659467352,bull,0.1027777777777777,0.1195551436515292,2026-03-31,2026-05-15,18536692000.0,2517460000.0,1430469000.0,1720554000.0,385901000.0,1322921000.0,6.86,26594173000.0,20377745000.0,43809103000.0,24343457000.0,19465646000.0,6619207000.0,553886000.0,2499050000.0,0.0,0.2242888046524549,1109630817.8976076,23431358000.0,0.0473566584530699,0.0679618338893042,0.0301973998417634,1.25058562145844,0.1358095608428947,0.07716959422965,0.0713676960268854,0.1762262681445767,,,65.82773904429318,65.82773904429318,False,81.56479125338788,81.56479125338788,77.6305282011142,203.0,True,True,True,True,True,True,True,False,True,True,True,True,True,True,True,False,False,13,False,0.2095310136157337,0.3977120005244698,1.0,781995214.0,0.1824074074074074,3.0,3.0,,,,,,-0.0299440610235142,-0.1343536980138173,0.2198117301013661,-1.4665185813374602,0.5777227722772277,-1.4665185813374602,0.6290168482698786,-203.0,0.6534653465346535,0.8316831683168316,0.6633663366336634,0.654950495049505,0.7089108910891089,崇越
62.0,63.20000076293945,59.400001525878906,59.79999923706055,3733569.0,-0.0416667023275644,60.15999908447266,0.1368821477529476,56.76250019073486,0.6227951618249516,49.89083321889242,0.8176290718412975,43.99333321253459,0.0267715843603022,69.87741388267139,5701813.1,0.6548038202093998,0.0535124252124026,5471.TW,2026-07-01,0.0345317089050265,0.4787018659467352,bull,0.1092592592592592,0.1139944392956441,2026-03-31,2026-05-15,762695000.0,324634000.0,69170000.0,100354000.0,20035000.0,80319000.0,0.48,2907264000.0,471709000.0,4129482000.0,577986000.0,3551496000.0,1448788000.0,,,,0.1996432628495127,55360675.5086992,3657773000.0,0.0151350768647204,0.0226155400428439,0.019450139266862,0.1627443758911737,0.4256406558322789,0.0906915608467342,0.1053094618425451,0.2391711942393677,,,64.00671286733612,64.00671286733612,False,73.46793680456314,73.46793680456314,71.1026308202564,224.0,True,False,True,True,True,True,True,True,True,True,True,True,False,True,True,False,False,12,False,0.1986169678644649,0.3592968495513389,1.0,340968419.0298618,0.2768518518518518,1.0,3.0,,,,,,-0.0521004267208482,-0.1956931313819681,0.2282866848137461,-1.5175616837280803,0.445049504950495,-1.5175616837280803,0.4841328009519164,-224.0,0.6039603960396039,0.594059405940594,0.4851485148514851,0.5861386138613861,0.5772277227722772,松翰
943.0,946.0,911.0,912.0,4837415.0,0.1149144254278728,908.6,0.1968503937007875,822.8,0.7504798464491362,743.35,0.5483870967741935,653.0,0.0402680321132813,67.74847870182555,5950949.5,0.8128812049236849,0.1084103062712689,6139.TW,2026-07-01,0.0345317089050265,0.4787018659467352,bull,0.075,0.0889712696941612,2026-03-31,2026-05-15,20346268000.0,3810888000.0,3500691000.0,3755759000.0,771489000.0,2227075000.0,9.45,80079673000.0,54933867000.0,86440236000.0,56432727000.0,30007509000.0,42080764000.0,1694774000.0,301468000.0,0.0,0.2054149374334189,2781596777.261268,31506369000.0,0.0882868088436743,0.0742172567539678,0.0257643327119097,1.8806201807687533,0.1873015729469404,0.1720556811696376,0.1094586486327615,0.6849960227627989,,,75.64712525562624,75.64712525562624,False,82.06160077822332,82.06160077822332,80.45798189757406,113.0,True,True,True,True,True,True,True,True,True,True,False,True,True,True,True,False,False,13,False,0.2268783211138763,0.3966309341500766,1.0,5427265944.0,0.0407407407407407,3.0,3.0,,,,,,-0.0158709700216299,-0.0829530267912988,0.3891231043320965,-0.8800480958068273,0.8955445544554456,-0.8800480958068273,0.8738134893410944,-113.0,0.8118811881188119,0.9207920792079208,0.9405940594059404,0.8311881188118813,0.8702970297029704,亞翔
93.5999984741211,98.5,88.0,88.0,16007255.0,0.0114942528735633,88.13999938964844,0.1594202665463118,85.10999946594238,1.0952380952380951,63.10166651407878,0.990950191878406,56.180833148956296,0.0689525218809445,58.94245680730618,21397749.55,0.7480812392254587,0.0339560633555646,6155.TW,2026-07-01,0.0345317089050265,0.4787018659467352,bull,0.0944444444444444,0.0509731232622798,2026-03-31,2026-05-15,163900000.0,43890000.0,11817000.0,20282000.0,4431000.0,15851000.0,0.18,1035882000.0,521854000.0,2140403000.0,534371000.0,1606032000.0,299437000.0,361000000.0,,,0.2184695789369884,9235344.985701608,1618549000.0,0.0057059409296237,0.0098696663578309,0.0074056147370378,0.3327274923538261,0.2677852348993289,0.0720988407565588,0.0967114093959731,0.0516184915466297,,,37.83746431876232,37.83746431876232,False,81.43585142841359,81.43585142841359,70.53625465100077,563.0,True,True,True,True,True,True,True,True,True,True,True,True,False,True,False,False,False,13,False,0.3945748957417168,0.5663705051628418,1.0,1883001960.4,0.1092592592592592,1.0,3.0,,,,,,-0.0821608983583443,-0.1980316287975057,0.2102971003386458,-1.5490666332653058,0.3316831683168317,-1.5490666332653058,0.3193549024573704,-563.0,0.3267326732673267,0.5742574257425742,0.2277227722772277,0.3118811881188119,0.3811881188118811,鈞寶
13.600000381469728,14.449999809265137,13.600000381469728,14.449999809265137,3978528.0,0.0664206351189331,13.229999923706057,0.0783582254198624,13.112500047683715,0.2456895977648503,12.589166673024495,0.1377952776600286,12.467500034968058,0.0145067697723994,67.82609748480304,1270652.65,3.1310901527651955,0.1020018880242206,6164.TW,2026-07-01,0.0345317089050265,0.4787018659467352,bull,0.1888888888888888,0.2724745134383688,2026-03-31,2026-05-15,183889000.0,55679000.0,-4775000.0,5477000.0,1454000.0,4004000.0,0.05,873770000.0,489194000.0,1500360000.0,554408000.0,945952000.0,452028000.0,188000000.0,23203000.0,,0.2654737995252875,-3507362.607266752,1011166000.0,-0.0034686318638747,0.0042327729102533,0.00266869284705,0.5860847062007375,0.3027859197668158,-0.025966751681721,0.0217740049703897,-0.1186470734840206,,,23.075673331588646,23.075673331588646,False,73.43707507183356,73.43707507183356,60.846724636772336,809.0,True,False,True,True,True,True,True,True,True,False,True,True,False,True,False,False,False,11,False,0.1478122567260906,0.1590134163815271,1.0,18360930.55014224,0.6462962962962963,0.0,3.0,,,,,,0.0017982517335985,-0.0932289870781946,0.2958381194606372,-1.3103390408307003,0.8158415841584158,-1.3103390408307003,0.7942080617274343,-809.0,0.1386138613861386,0.1584158415841584,0.8415841584158416,0.244059405940594,0.2851485148514852,華興
573.0,598.0,564.0,571.0,3058968.0,0.0574074074074073,549.4,0.1044487427466152,532.4932830810546,1.024822695035461,445.5144276936849,1.0801457194899815,364.53638051350913,0.020115201364324,64.69264852247983,2187689.85,1.3982640180919612,0.0723139955797038,6196.TW,2026-07-01,0.0345317089050265,0.4787018659467352,bull,0.1435185185185185,0.0583873957367933,2026-03-31,2026-05-15,14308544000.0,1941121000.0,1179768000.0,1386251000.0,277186000.0,1112712000.0,5.08,46337341000.0,36023511000.0,57381180000.0,39725563000.0,17655617000.0,12671163000.0,1883857000.0,1404012000.0,0.0,0.1999536880406218,943869037.3676916,21357669000.0,0.0441934481411661,0.0630231160995393,0.0193915844881544,2.2500240574996613,0.1356616717955369,0.0824519951156455,0.0777655644068327,0.0790146048289421,,,51.54752142541584,51.54752142541584,False,84.4768498640109,84.4768498640109,76.24451775436214,346.0,True,True,True,True,True,True,True,True,True,True,True,True,True,True,False,False,False,14,False,0.2816644411628193,0.5663731537457333,1.0,1249170904.35,0.1398148148148148,3.0,3.0,,,,,,-0.0237798925305979,-0.1550396452739698,0.2420187485997271,-1.4135241072821003,0.6173267326732673,-1.4135241072821003,0.6661894778824962,-346.0,0.504950495049505,0.7326732673267327,0.7227722772277227,0.5376237623762377,0.6168316831683168,帆宣
67.80000305175781,70.4000015258789,64.30000305175781,64.4000015258789,6408068.0,-0.0980392135910929,65.36000061035156,0.1161178626403562,62.0850004196167,0.4216336117108008,57.61750024159749,0.7335127558747876,53.07250019709269,0.0271321059697714,65.75964491642523,8210779.05,0.7804457970404161,0.037287607161403,6202.TW,2026-07-01,0.0345317089050265,0.4787018659467352,bull,0.1259259259259259,0.17516218721038,2026-03-31,2026-05-15,825585000.0,330355000.0,55209000.0,86457000.0,15086000.0,68431000.0,0.3,4419323000.0,1032349000.0,5479665000.0,1377619000.0,4102046000.0,932254000.0,400000000.0,,,0.1744913656499762,45575506.19383046,4447316000.0,0.0102478677462609,0.0166821629986596,0.0124881721784087,0.335837043270602,0.4001465627403598,0.0668725812605607,0.0828878916162478,0.0849555614839034,,,49.258241412318746,49.258241412318746,False,74.66197378716272,74.66197378716272,68.31104069345173,381.0,True,False,True,True,True,True,True,True,True,False,True,True,False,True,False,False,False,11,False,0.1177159935061662,0.2134344771156406,1.0,528774183.34865457,0.2296296296296296,1.0,3.0,,,,,,-0.0867787211375758,-0.1973862772568589,0.2214292270555385,-1.6105819369989351,0.3252475247524752,-1.6105819369989351,0.348585371575547,-381.0,0.4653465346534653,0.4851485148514851,0.2772277227722772,0.4371287128712871,0.4336633663366336,盛群
241.0,252.5,240.0,245.0,19087606.0,0.0103092783505154,233.7,0.1395348837209302,224.825,0.6225165562913908,207.44166666666663,1.2374429223744294,168.9875,0.0098820887142054,69.66824644549763,11255991.85,1.6957729051660606,0.0897364616924274,6257.TW,2026-07-01,0.0345317089050265,0.4787018659467352,bull,0.1046296296296296,0.1149212233549582,2026-03-31,2026-05-15,5293776000.0,1675935000.0,1184017000.0,1379715000.0,258007000.0,1005655000.0,2.1,19127174000.0,10312177000.0,43878954000.0,19347117000.0,24531837000.0,11717635000.0,668430000.0,8022848000.0,,0.1870002138122728,962605567.8426342,33566777000.0,0.0286773307977299,0.0409938725746465,0.0229188462423238,0.7886534139290099,0.3165859303453716,0.2236620892157129,0.1899693149086776,0.1299871008670361,,,71.51600240927145,71.51600240927145,False,81.03662651911378,81.03662651911378,78.6564704916532,155.0,True,True,True,True,True,True,True,True,True,True,True,True,True,True,True,False,False,14,False,0.1810549150363556,0.449811376581108,1.0,2757718003.25,0.0777777777777777,2.0,3.0,,,,,,-0.0711050469820766,-0.1927158789271939,0.225517511550235,-1.5668936098319073,0.3965346534653465,-1.5668936098319073,0.3861083099382532,-155.0,0.7128712871287128,0.8712871287128713,0.3366336633663366,0.6564356435643565,0.6851485148514851,矽格
277.0,293.5,276.5,287.5,42631131.0,0.1431411530815109,264.8,0.1668907146053699,243.8321876525879,0.8976897689768977,209.79052098592123,1.153558052434457,178.3119271596273,0.0182093633204929,64.30205949656751,12260147.6,3.4772118893576778,0.179089613917708,6271.TW,2026-07-01,0.0345317089050265,0.4787018659467352,bull,0.0907407407407407,0.0732159406858202,2026-03-31,2026-05-15,2819237000.0,788543000.0,393499000.0,465740000.0,71043000.0,394293000.0,1.89,11855565000.0,4582832000.0,34771625000.0,8286661000.0,26484964000.0,4593272000.0,0.0,3342284000.0,0.0,0.1525378966805513,333475490.1940997,30188793000.0,0.0110463339887122,0.0148874282026586,0.0113395045529221,0.3128817165845496,0.2797008552313977,0.1395764173072359,0.1398580537925687,-0.0307443766240285,,,45.5192454868206,45.5192454868206,False,86.77842426444616,86.77842426444616,76.46362957003977,426.0,True,True,True,True,True,True,True,True,True,True,False,True,False,False,False,False,False,11,False,0.3704146338398852,0.6123430696962073,1.0,3524792435.0,0.0601851851851851,2.0,3.0,,,,,,-0.0961703241675413,-0.2449194443124672,0.2223857958905871,-1.615287251406964,0.2683168316831683,-1.615287251406964,0.3184719761008744,-426.0,0.4257425742574257,0.7722772277227723,0.2079207920792079,0.393069306930693,0.486138613861386,同欣電
158.5,162.0,150.5,151.5,2859757.0,-0.0873493975903614,149.1,0.3231441048034935,135.64895401000976,0.9863784274752196,110.60427958170573,1.1166765034975024,93.51431814829508,0.061105866307246,68.47290640394088,3866052.0,0.7397099159556053,0.1168534332289843,6525.TW,2026-07-01,0.0345317089050265,0.4787018659467352,bull,0.0444444444444444,0.0648748841519925,2026-03-31,2026-05-15,1357265000.0,354799000.0,259528000.0,263032000.0,54316000.0,208716000.0,1.62,4515911000.0,2461742000.0,7258717000.0,2873578000.0,4385139000.0,1712193000.0,,,,0.2064995894035706,205935574.5612701,4796975000.0,0.0429302997329087,0.0475962107472533,0.0287538417601898,0.6552991820783788,0.2614073154468729,0.1912139486393593,0.1537768969213823,0.1176875549161651,,,76.8341855135769,76.8341855135769,False,83.47935132757011,83.47935132757011,81.81805987407182,101.0,True,True,True,True,True,True,True,True,True,True,True,True,False,True,True,False,False,13,False,0.369748083645206,0.6200727653251041,1.0,585706878.0,0.2166666666666666,2.0,3.0,,,,,,-0.0725584639586408,-0.187386009309967,0.3055280023584615,-1.2520615736952667,0.5544554455445545,-1.2520615736952667,0.5857119130130262,-101.0,0.8514851485148515,0.9504950495049505,0.594059405940594,0.8128712871287128,0.8297029702970297,捷敏-KY
22.75,23.39999961853028,21.0,21.0,1771053.0,-0.0232558139534884,20.660000228881835,0.2138728859023997,17.4375,0.7142857142857142,14.646666638056438,0.3861386487636919,14.645833309491476,0.0792201840326131,74.28570783520729,1173804.0,1.508814929920157,0.2043010752688172,6573.TW,2026-07-01,0.0345317089050265,0.4787018659467352,bull,0.0685185185185185,0.0945319740500463,2026-03-31,2026-05-15,177165000.0,19611000.0,-29218000.0,-30795000.0,299000.0,-31901000.0,-0.4,593681000.0,844611000.0,1742505000.0,1060888000.0,681617000.0,142291000.0,375223000.0,96727000.0,,0.0,-29218000.0,897894000.0,-0.0325405894236958,-0.0468019430266557,-0.0183075514847877,1.5564283167820052,0.1106934213868427,-0.164919707617193,-0.1800637823497869,-0.232147810408793,,,8.074411592906632,8.074411592906632,False,84.8212695091946,84.8212695091946,65.6345550301226,1059.0,True,True,True,True,True,True,True,False,True,True,True,True,True,False,False,False,False,12,False,0.4337733300651285,0.4338549098732811,1.0,24649884.0,0.6027777777777777,0.0,3.0,,,,,,-0.0225025877413942,-0.1739571314603272,0.3268570767010085,-0.410274304670647,0.7782178217821782,-0.410274304670647,0.752376193752772,-1059.0,0.0198019801980198,0.3366336633663366,0.7821782178217822,0.1341584158415841,0.2673267326732673,虹揚-KY
302.5,330.0,290.5,290.5,12648752.0,0.1024667931688805,290.7,0.3480278422273781,245.45,1.29263439937621,209.57201817830403,2.1719675639120406,154.5128047943115,0.0812775330396475,72.22222222222223,6332367.1,1.9974761096841656,0.1835404359339989,6672.TW,2026-07-01,0.0345317089050265,0.4787018659467352,bull,0.0398148148148148,0.0324374420759962,2026-03-31,2026-05-15,1245827000.0,423777000.0,145352000.0,148482000.0,24894000.0,123588000.0,1.73,4606299000.0,1439948000.0,6456499000.0,2742865000.0,3713634000.0,1563255000.0,30000000.0,69263000.0,896840000.0,0.1676566856588677,120982765.42611226,5016551000.0,0.0241167219123481,0.0332795315855035,0.0191416431722517,0.7385932485538425,0.3401571807321562,0.1166710947828229,0.0992015745364324,0.2185628742514969,,,64.4879602565514,64.4879602565514,False,84.68231858962093,84.68231858962093,79.63372900635355,216.0,True,True,True,True,True,True,True,False,True,True,False,True,True,False,True,False,False,11,False,0.3861583360467635,0.8801030787494637,1.0,1839552642.55,0.1101851851851851,2.0,3.0,,,,,,-0.0718546915362284,-0.2610364481393124,0.2870183995787448,-1.353786501621629,0.4584158415841584,-1.353786501621629,0.5115501462054789,-216.0,0.6336633663366337,0.8910891089108911,0.5346534653465347,0.6188118811881188,0.6910891089108911,騰輝電子-KY
782.0,790.0,750.0,750.0,1509980.0,-0.0105540897097625,779.2,0.1645962732919255,705.9,0.3368983957219251,662.2333333333333,0.3274336283185841,631.6666666666666,0.047640249332146,66.57303370786516,1194373.75,1.2642441279373395,0.0624734381640459,6691.TW,2026-07-01,0.0345317089050265,0.4787018659467352,bull,0.0916666666666666,0.2242817423540315,2026-03-31,2026-05-15,6977227000.0,1283352000.0,1098330000.0,1100675000.0,233735000.0,866940000.0,7.19,21151608000.0,15975842000.0,22175970000.0,16220137000.0,5955833000.0,7596288000.0,0.0,,,0.2123560542394439,865092974.9471915,6200128000.0,0.1395282444083721,0.1455615024800057,0.0390936676050698,2.723403594425834,0.1839343911270193,0.1574164062599654,0.1242528012919746,0.7680019541905503,,,72.9382876924978,72.9382876924978,False,77.85885101222513,77.85885101222513,76.6287101822933,138.0,True,True,True,True,True,True,True,True,True,False,True,True,True,True,True,False,False,13,False,0.1325313333668898,0.187335092348285,1.0,895780312.5,0.1648148148148148,3.0,3.0,,,,,,0.0084695486284454,-0.040550108310922,0.4154739217810576,-0.7651235844987307,0.9683168316831684,-0.7651235844987307,0.9468463082992148,-138.0,0.7326732673267327,0.7821782178217822,0.99009900990099,0.7712871287128713,0.799009900990099,洋基工程
61.0,61.5,55.900001525878906,59.0,2913619.0,-0.1436865211412289,60.49999923706055,0.0727272727272727,56.74749946594238,0.542483660130719,51.04499988555908,0.3038674033149171,46.66083329518636,0.0119477454872068,59.58231026165922,2717095.0,1.0723287187234896,0.0396933883476131,6695.TW,2026-07-01,0.0345317089050265,0.4787018659467352,bull,0.2027777777777777,0.1353104726598702,2026-03-31,2026-05-15,252749000.0,95730000.0,-84498000.0,-65017000.0,,-65017000.0,-0.68,1361829000.0,278687000.0,1858288000.0,363232000.0,1495056000.0,680929000.0,,,,,-67598400.0,1579601000.0,-0.0427946044602402,-0.0434880031249665,-0.0349875799660763,0.2429554478226902,0.3787552077357378,-0.3343158627729486,-0.2572393956059173,0.0445425278235822,,,30.82571100332132,30.82571100332132,False,77.86921571478811,77.86921571478811,66.10833953692142,669.0,True,True,True,True,True,True,True,True,True,True,True,True,True,True,False,False,False,14,False,0.1558428863213972,0.2644437707906639,1.0,160308605.0,0.3527777777777778,1.0,3.0,,,,,,-0.0719234031265892,-0.2102793837707698,0.1752465393770463,-1.6278057419490355,0.2777227722772277,-1.6278057419490355,0.2686317004249444,-669.0,0.2277227722772277,0.3564356435643564,0.1782178217821782,0.2202970297029703,0.2564356435643564,芯鼎
30.64999961853028,32.599998474121094,30.0,32.0,1661878.0,0.0720267869699911,30.689999771118163,0.0702341273666191,29.852499771118165,0.441441391903941,28.129999891916917,0.1469534206999283,27.07583328882853,0.0099805458181685,63.26530718164543,593159.05,2.801740949581735,0.0719370319184964,6743.TW,2026-07-01,0.0345317089050265,0.4787018659467352,bull,0.2083333333333333,0.1640407784986098,2026-03-31,2026-05-15,1083929000.0,202549000.0,20890000.0,-14147000.0,13554000.0,-27701000.0,-0.19,4574864000.0,5204708000.0,8700114000.0,6010605000.0,2689509000.0,218291000.0,3463871000.0,578766000.0,,0.0,20890000.0,3495406000.0,0.0059764159013287,-0.0102996494899254,-0.0031839812673718,2.2348335699936306,0.1868655603826449,0.0192724800240606,-0.0255561019218048,-0.0671851414546325,,,10.90042619074367,10.90042619074367,False,78.12672521780343,78.12672521780343,61.32015046103849,1026.0,True,True,True,True,True,True,True,True,True,False,True,True,True,True,False,False,False,13,False,0.1375755464967178,0.1818657493803959,1.0,18981089.6,0.6388888888888888,1.0,3.0,,,,,,0.0100481563622425,-0.131506076349871,0.2274375033798701,-1.174602941974472,0.7381188118811881,-1.174602941974472,0.7188883126407879,-1026.0,0.0297029702970297,0.1782178217821782,0.7524752475247525,0.1381188118811881,0.2188118811881188,安普新
62.29999923706055,62.59999847412109,60.59999847412109,61.5,3216757.0,-0.0207006250454437,62.65999908447266,0.090425502413878,58.17499980926514,0.2551020408163265,53.91916681925456,-0.0624999781934221,57.58749980926514,0.0282810360253839,66.39005088586487,6038988.65,0.5326648527481501,0.0571551388334565,6757.TW,2026-07-01,0.0345317089050265,0.4787018659467352,bull,0.1675925925925926,0.2650602409638554,2026-03-31,2026-05-15,5537922000.0,2253068000.0,1689426000.0,1668696000.0,333742000.0,,2.91,12967760000.0,11530974000.0,27907974000.0,20364319000.0,7543655000.0,12137944000.0,,0.0,,0.2000016779569196,1351537965.215953,16377000000.0,0.0825265900479912,,,2.699529472119284,0.4068435777896474,0.3050649684123395,,0.1964432856722493,,,74.5817906283807,74.5817906283807,False,72.11969900550848,72.11969900550848,72.73522191122653,125.0,True,False,True,True,True,True,True,True,True,False,True,True,False,True,True,False,False,11,False,0.1405962596966228,0.0679400947027288,1.0,371397801.975,0.2657407407407407,1.0,3.0,,,,,,0.0667405683920872,-0.0204719044698905,0.329292561044263,-0.8471130526229861,0.95990099009901,-0.8471130526229861,0.970383747402518,-125.0,0.7623762376237624,0.6435643564356436,1.0,0.7980198019801981,0.7742574257425743,台灣虎航
338.0,347.5,334.5,339.0,4450829.0,0.0761904761904761,325.9,0.1689516168494174,299.44952697753905,0.7748691099476439,266.62865651448567,0.8991596638655461,229.33932825724284,0.023195978078908,76.20626617667274,2674778.5,1.6639990937567353,0.1320772599698496,8016.TW,2026-07-01,0.0345317089050265,0.4787018659467352,bull,0.0888888888888888,0.0871177015755329,2026-03-31,2026-05-15,5328772000.0,1669417000.0,614352000.0,795608000.0,114691000.0,541690000.0,4.6,16315655000.0,7568958000.0,23295165000.0,7934322000.0,15360843000.0,6140979000.0,0.0,,,0.1441551618384933,525789988.014198,15726207000.0,0.0334339989302059,0.0352643406354716,0.0232533231681338,0.5165290733067189,0.3132836233188434,0.1152896014316244,0.1016538144247868,0.2299945941628962,,,70.50462844759238,70.50462844759238,False,84.62206501263887,84.62206501263887,81.09270587137725,160.0,True,True,True,True,True,True,True,False,True,True,True,True,True,True,True,False,False,13,False,0.2714312273541477,0.4781590343709134,1.0,906749911.5,0.1638888888888889,2.0,3.0,,,,,,-0.0291089150508315,-0.1349139884209181,0.2499243004246736,-1.4426100096491696,0.6272277227722772,-1.4426100096491696,0.6647048276777849,-160.0,0.7029702970297029,0.9405940594059404,0.7128712871287128,0.7044554455445544,0.7762376237623761,矽創
591.0,623.0,556.0,561.0,13444092.0,-0.0157894736842105,549.8,0.2606741573033708,527.95,1.3134020618556703,446.2166666666666,2.3293768545994067,335.7814469655355,0.0534770028933454,50.8833922261484,6503901.15,2.067081231700454,0.062600625059191,8021.TW,2026-07-01,0.0345317089050265,0.4787018659467352,bull,0.0601851851851851,0.0315106580166821,2026-03-31,2026-05-15,1339565000.0,490087000.0,269508000.0,269651000.0,80219000.0,168685000.0,1.17,5642964000.0,2181662000.0,9275093000.0,3259831000.0,6015262000.0,2079260000.0,140515000.0,140728000.0,637673000.0,0.2974919432896596,189331541.3478904,7093431000.0,0.0266911091893176,0.0280428350419316,0.0181868796356004,0.5419266858201688,0.3658553336344261,0.2011906850358138,0.125925207063487,0.5095935395461635,,,75.62895257487152,75.62895257487152,False,78.7310531514562,78.7310531514562,77.95552800731002,114.0,True,True,True,True,True,True,True,True,True,True,True,True,True,True,True,False,False,14,False,0.2572367683860606,0.6707295923278955,1.0,3648688545.15,0.0574074074074074,3.0,3.0,,,,,,-0.0797629506568601,-0.2569968171393868,0.2655590425959805,-1.399554870341546,0.4108910891089109,-1.399554870341546,0.3516702682506905,-114.0,0.801980198019802,0.8415841584158416,0.2871287128712871,0.7247524752475248,0.7108910891089109,尖點
316.0,320.5,308.0,309.0,2240128.0,-0.0521472392638037,312.1,0.0861159929701229,295.7,0.3405639913232103,270.39166666666665,0.4714285714285715,250.66666666666663,0.0222106991616973,66.2379421221865,1506168.3,1.4873025809931069,0.0449780182617518,8081.TW,2026-07-01,0.0345317089050265,0.4787018659467352,bull,0.1722222222222222,0.2215013901760889,2026-03-31,2026-05-15,2111258000.0,836287000.0,370522000.0,438111000.0,35852000.0,395524000.0,4.62,8526362000.0,3289967000.0,12402096000.0,3675700000.0,8726396000.0,5153501000.0,,,,0.0818331427423643,340201020.28481364,9112129000.0,0.0373349653286091,0.0453250116084578,0.0318917060471068,0.4212162730180936,0.3961083865638401,0.1754982100719097,0.1873404387336839,-0.0216104520571243,,,76.58455198143469,76.58455198143469,False,76.28488591770133,76.28488591770133,76.35980243363467,105.0,True,True,True,True,True,True,True,True,True,False,True,True,True,True,True,False,False,13,False,0.1427866983080099,0.2327127659574468,1.0,465406004.7,0.2472222222222222,2.0,3.0,,,,,,-0.0246929256016563,-0.1071963727116961,0.2428596529122739,-1.5440783036161303,0.6247524752475248,-1.5440783036161303,0.6631376609525214,-105.0,0.8415841584158416,0.7524752475247525,0.7029702970297029,0.8207920792079207,0.787128712871287,致新
22.89999961853028,23.5,21.600000381469727,21.64999961853028,14240047.0,-0.0787234204880733,23.03999977111817,0.0212263603488866,21.76999998092652,0.6463878514507531,17.229166650772093,0.8991228371042237,15.093333307902018,0.057694643561299,53.24231615344247,24517611.65,0.5808088978356911,-0.0055121893661633,8105.TW,2026-07-01,0.0345317089050265,0.4787018659467352,bull,0.3509259259259259,0.1065801668211306,2026-03-31,2026-05-15,2127313000.0,184229000.0,11272000.0,193328000.0,3672000.0,189656000.0,0.43,5147644000.0,2542344000.0,10820597000.0,2769008000.0,8051589000.0,2373786000.0,,27742000.0,,0.0189936274104113,11057903.831829844,8278253000.0,0.0013357774680031,0.023555101980491,0.0175273138811102,0.343908264567404,0.0866017365568677,0.0052987031057488,0.0891528421064507,0.0389918719517377,,,32.04706238803459,32.04706238803459,False,63.188069333296696,63.188069333296696,55.402817596981166,650.0,True,False,True,True,False,True,True,True,False,True,True,True,False,True,False,False,False,10,False,0.2565900636616149,0.4344081043513137,1.0,530806282.8697735,0.2277777777777777,0.0,3.0,,,,,,-0.1107292673071556,-0.2194111845916881,0.1810649959768437,-1.5590745093978078,0.2410891089108911,-1.5590745093978078,0.2477920692506204,-650.0,0.2574257425742574,0.0396039603960396,0.1287128712871287,0.2381188118811881,0.1663366336633663,凌巨
104.0,104.0,98.0,101.5,962135.0,0.0453141255924076,96.13999938964844,0.18436410285172,88.86499938964843,0.4255618588549092,89.15833320617676,2.2222222222222223,74.77291666666666,0.0273410424676004,74.59206319199161,820746.65,1.1722679586934652,0.1421819692469763,8438.TW,2026-07-01,0.0345317089050265,0.4787018659467352,bull,0.0814814814814814,0.1723818350324374,2026-03-31,2026-05-15,1166592000.0,167039000.0,95709000.0,99755000.0,28398000.0,71357000.0,1.02,1379779000.0,924990000.0,3150423000.0,1146086000.0,2004337000.0,544675000.0,311983000.0,98327000.0,,0.2846774597764523,68462805.00225553,2225433000.0,0.0307638131555771,0.0356012985840205,0.0226499743050377,0.5718030450967078,0.143185449583059,0.0820415363726135,0.0611670575488259,0.3472252697125144,,,61.95007301556426,61.95007301556426,False,69.68157600219016,69.68157600219016,67.74870025553368,242.0,True,False,True,True,True,False,True,False,True,False,True,True,True,True,True,False,False,10,False,0.138424153413494,0.3574433702042296,1.0,83305784.97500001,0.4398148148148148,2.0,3.0,,,,,,-0.095496108372954,-0.1954325815295016,0.2749241706086193,-1.3564814057561,0.4564356435643564,-1.3564814057561,0.4868231314709484,-242.0,0.5841584158415841,0.4653465346534653,0.495049504950495,0.5707920792079207,0.5306930693069307,昶昕
76.5999984741211,76.5999984741211,73.69999694824219,74.30000305175781,9694903.0,-0.0927960724362091,76.36000061035156,0.1023739075618503,75.50000038146973,0.7100115476898168,59.97000013987223,0.8121951963843368,51.97396599451701,0.0279101428094368,48.51064479097407,12408819.45,0.7812913258239083,-0.0158940042867395,8926.TW,2026-07-01,0.0345317089050265,0.4787018659467352,bull,0.1453703703703703,0.0954587581093605,2026-03-31,2026-05-15,13705478000.0,1167742000.0,1158449000.0,2000219000.0,215282000.0,1543873000.0,2.11,25838478000.0,15258593000.0,79198716000.0,50673668000.0,28525048000.0,9791059000.0,,27061536000.0,6097731000.0,0.1076292146010012,1033766043.9746848,63940123000.0,0.0161677206028315,0.0541234146214232,0.019493661993207,1.776462146531708,0.0852025737446005,0.0845245236977506,0.1126464177316544,5.978828992827919,,,50.60223107136166,50.60223107136166,False,68.25241993615488,68.25241993615488,63.839872719956574,360.0,True,False,True,True,False,True,True,False,True,True,True,True,False,True,False,False,False,10,False,0.23895285773658,0.4295619283622898,1.0,921975323.0037116,0.162037037037037,1.0,3.0,,,,,,-0.0645169647641388,-0.1677599901645207,0.2094953311824238,-1.0996079936778789,0.5094059405940594,-1.0996079936778789,0.5186651466907859,-360.0,0.495049504950495,0.2475247524752475,0.5445544554455446,0.5024752475247525,0.4306930693069307,台汽電
78.4000015258789,78.5,76.80000305175781,77.69999694824219,2229216.0,0.0867132440313591,76.08000030517579,0.1277212660011044,72.49999961853027,0.2027863588784599,65.6683333714803,-0.0570388894490567,71.78083333969116,0.0326899806460826,73.77047950111273,2195374.1,1.0154150948578649,0.0717241014768619,9914.TW,2026-07-01,0.0345317089050265,0.4787018659467352,bull,0.1157407407407407,0.3086190917516219,2026-03-31,2026-05-15,5323065000.0,883503000.0,277586000.0,414150000.0,86163000.0,325661000.0,1.09,16669153000.0,11726544000.0,36194817000.0,15729956000.0,20464861000.0,3921684000.0,5780249000.0,308878000.0,,0.2080478087649402,219834840.9561753,24468273000.0,0.0089844853764781,0.0159131791806453,0.0089974484468314,0.7686324378162158,0.1659763688777048,0.0521477757645266,0.0611792266297706,-0.2965963236341542,,,27.385384545181456,27.385384545181456,False,69.91776806420793,69.91776806420793,59.28467218445132,726.0,True,False,True,True,True,True,True,False,True,False,True,True,True,True,False,False,False,11,False,0.1832186528733683,0.0824616173030416,1.0,170580560.87024996,0.3462962962962962,1.0,3.0,,,,,,-0.034133839031116,-0.1111735237475196,0.1729503288430523,-1.923809265021908,0.4381188118811881,-1.923809265021908,0.4905594136126772,-726.0,0.1782178217821782,0.099009900990099,0.504950495049505,0.2272277227722772,0.2198019801980198,美利達
1190.0,1205.0,1175.0,1180.0,1232440.0,0.0128755364806867,1157.0,0.0442477876106195,1154.5,0.2330198537095089,1135.8166666666666,-0.1259259259259258,1138.8666666666666,-0.0030224525043177,62.50000000000001,1257329.3,0.9802046289703102,0.0220874837592031,6781.TW,2026-07-01,0.0345317089050265,0.4787018659467352,bull,0.2685185185185185,0.283595922150139,2026-03-31,2026-05-15,4529845000.0,1635463000.0,1094609000.0,1155662000.0,246955000.0,908696000.0,10.64,23244335000.0,7964587000.0,26690648000.0,8597389000.0,18093259000.0,9022896000.0,800748000.0,,,0.2136913734292552,860700499.4219763,18726061000.0,0.0459627093718201,0.0502229034581332,0.0340454828972305,0.4751708357239566,0.3610417133478077,0.2416438090045023,0.2006020073534525,0.3174496210966675,,,90.12488103756452,90.12488103756452,False,60.02850337062455,60.02850337062455,67.55259778735955,32.0,True,False,True,True,True,True,False,True,True,False,True,True,True,True,True,False,False,11,False,0.0389000572275455,0.0361177779078616,1.0,1483648574.0,0.1305555555555555,3.0,2.0,,,,,,-0.0270193349238691,-0.1279180154966591,0.2172411172172022,-1.5393742804171415,0.5737623762376238,-1.5393742804171415,0.416888957509007,-32.0,0.9603960396039604,0.4455445544554455,0.3663366336633663,0.8712871287128713,0.6871287128712871,AES-KY
948.0,955.0,877.0,903.0,2248394.0,0.0598591549295774,849.6,0.3163265306122449,778.3,1.3363518758085382,651.65,2.214506914184589,471.00418713887535,0.0296335494112977,68.94273127753304,1340298.15,1.6775327191192495,0.1602209944751382,6831.TW,2026-07-01,0.0345317089050265,0.4787018659467352,bull,0.0472222222222222,0.0305838739573679,2026-03-31,2026-05-15,854383000.0,155509000.0,55957000.0,55735000.0,11147000.0,44588000.0,0.66,3596183000.0,2191667000.0,5114412000.0,2438729000.0,2675683000.0,1447373000.0,496322000.0,,,0.2,44765600.0,2922745000.0,0.0153162865730674,0.0166641564041779,0.0087181087483761,0.9114416767606626,0.1820132188959752,0.065494046580983,0.0521873679602707,0.5068217491754996,,,44.89172928329525,44.89172928329525,False,88.347373516702,88.347373516702,77.48346245835032,434.0,True,True,True,True,True,True,True,True,True,True,True,True,True,False,False,False,False,13,False,0.3857131895956418,0.9171804087035662,1.0,1210289229.4499998,0.1425925925925926,3.0,3.0,,,,,,-0.1893723640670886,-0.3546973704445939,0.1544288734766028,-2.0999209289074026,0.0569306930693069,-2.0999209289074026,0.0632342681635431,-434.0,0.4158415841584158,0.801980198019802,0.0396039603960396,0.3594059405940594,0.4564356435643564,邁科
285.0,297.0,283.0,297.0,7553424.0,-0.0016806722689075,278.0,0.2349272349272348,251.65,0.8620689655172413,214.65,0.523076923076923,198.76666666666668,0.031881086622245,73.33333333333334,3869796.55,1.951891760304557,0.1802106099741705,6719.TW,2026-07-01,0.0345317089050265,0.4787018659467352,bull,0.0648148148148148,0.0787766450417052,2026-03-31,2026-05-15,979142000.0,408002000.0,180566000.0,268352000.0,47304000.0,221048000.0,2.1,14908994000.0,1017284000.0,17038124000.0,2715804000.0,14322320000.0,1259784000.0,,,1574570000.0,0.1762759360839494,148736559.32506558,16020840000.0,0.0092839426225507,0.0154338123991085,0.0129737287978418,0.1896203966955074,0.4166933907441413,0.1844124754121465,0.2257568360871048,0.0001000976462752,,,56.08528559586582,56.08528559586582,False,83.15370809364163,83.15370809364163,76.38660246919767,300.0,True,True,True,True,True,True,True,False,True,True,True,True,True,False,False,False,False,12,False,0.3836477987421383,0.494214321650176,1.0,1149329575.35,0.1462962962962962,2.0,3.0,,,,,,-0.0766584008862529,-0.1826789851122722,0.1697084012090544,-1.6128608581039712,0.297029702970297,-1.6128608581039712,0.3525806700867487,-300.0,0.5544554455445545,0.7623762376237624,0.297029702970297,0.5158415841584159,0.5653465346534654,力智
18.850000381469727,19.850000381469727,18.200000762939453,18.450000762939453,5659896.0,0.0695652616196784,18.50999984741211,0.3977273507223324,16.57750000953674,0.2947368956448739,14.647499990463256,0.138888882347913,15.371666653951008,0.096758187170178,66.66666215757019,5109773.75,1.1076607843938295,0.1129543509169352,6901.TW,2026-07-01,0.0345317089050265,0.4787018659467352,bull,0.0268518518518518,0.2465245597775718,2026-03-31,2026-05-15,-336282000.0,-336282000.0,-368333000.0,-355932000.0,,,-0.42,3753329000.0,61616000.0,8991685000.0,124302000.0,8867383000.0,2733439000.0,,,,,-294666400.0,8930069000.0,-0.0329971022620317,,,0.0140178900584309,,,,-0.3844968362944836,,,33.33333333333333,33.33333333333333,False,82.04507494350922,82.04507494350922,69.86713954096524,624.0,True,True,True,True,True,True,True,True,True,False,True,True,True,True,False,False,False,13,False,0.259600667346096,0.2002602696433841,1.0,94275329.585948,0.4175925925925925,0.0,3.0,,,,,,-0.0507376816567451,-0.1684236299606903,0.1801302678295467,-1.581207756008265,0.4054455445544555,-1.581207756008265,0.4256124002434608,-624.0,0.2871287128712871,0.5445544554455446,0.3861386138613861,0.3019801980198019,0.3841584158415841,鑽石投資
2295.0,2450.0,2250.0,2430.0,200732.0,0.0296610169491524,2207.0,0.4421364985163205,2005.0,5.428571428571429,1234.8083333333334,17.479087452471482,744.0333333333333,0.1011945626802141,67.58104738154614,379831.65,0.5284762341421522,0.2119700748129676,7610.TW,2026-07-01,0.0345317089050265,0.4787018659467352,bull,0.0231481481481481,0.0018535681186283,2026-03-31,2026-05-15,1001764000.0,740089000.0,667242000.0,666352000.0,140963000.0,525047000.0,10.87,2527668000.0,1267996000.0,4013567000.0,1876768000.0,2136799000.0,206574000.0,620705000.0,569903000.0,,0.2115443489326962,526090725.5294499,2745571000.0,0.1916143219495871,0.2457166069433765,0.1308180478860823,0.8783081609454142,0.7387857818807624,0.6660670577101993,0.5241224480017249,4.837751528254497,,,96.94016846060627,96.94016846060627,True,86.94694148420524,86.94694148420524,89.4452482283055,12.0,True,True,True,True,True,True,True,True,True,True,True,False,False,False,True,True,True,12,False,0.9679167482132852,2.265982706867972,1.0,922990909.5,0.1611111111111111,3.0,0.0,,,,,,-0.1060868909169795,-0.3054809652674631,0.2258583782382304,-1.8145578652813747,0.2054455445544554,-1.8145578652813747,0.1910692841410663,-12.0,0.9702970297029704,1.0,0.099009900990099,0.8396039603960396,0.804950495049505,聯友金屬-創
55.900001525878906,60.59999847412109,55.0,60.59999847412109,3568493.0,0.0033112076687031,56.91999969482422,0.1812865375316021,51.25000019073487,0.2746017292332463,53.57536424001058,0.5574893813063735,48.53423452377319,0.0256666378304299,75.63526667920364,1474581.4,2.4200040770892675,0.1824389902163656,6909.TW,2026-07-01,0.0345317089050265,0.4787018659467352,bull,0.0824074074074074,0.2567191844300278,2026-03-31,2026-05-15,101504000.0,58358000.0,2788000.0,6753000.0,1981000.0,,0.07,1107946000.0,204063000.0,1236320000.0,224217000.0,1012103000.0,203860000.0,,,,0.2933511032133866,1970137.124241078,1032257000.0,0.0019085723073237,,,0.2215357527840545,0.5749330075662042,0.0274668978562421,,-0.2216368753211101,,,41.7839414710221,41.7839414710221,False,66.10979816702708,66.10979816702708,60.02833399302584,483.0,True,False,True,True,True,False,True,False,True,False,True,True,True,False,False,False,False,9,False,0.1311168730956464,0.2486031575183864,1.0,89359630.58996733,0.4268518518518518,1.0,3.0,,,,,,-0.0302496318239209,-0.1569758196900365,0.2449902554100437,-1.5129473320294644,0.5806930693069307,-1.5129473320294644,0.6075261180591623,-483.0,0.3564356435643564,0.1386138613861386,0.6237623762376238,0.3965346534653465,0.3445544554455445,創控
993.0,995.0,966.0,966.0,399795.0,-0.033033033033033,980.6,0.0733333333333332,978.3,0.2384615384615385,942.0333333333332,0.3605633802816901,840.6083333333333,0.0137298585565514,59.73154362416108,736841.9,0.5425790797184579,-0.0125728304201164,6944.TW,2026-07-01,0.0345317089050265,0.4787018659467352,bull,0.2,0.2798887859128823,2026-03-31,2026-05-15,4706862000.0,1277717000.0,1059601000.0,1065706000.0,292637000.0,773069000.0,10.08,14742669000.0,8305817000.0,17618791000.0,8758959000.0,8859832000.0,7117376000.0,1066667000.0,108500000.0,,0.2745944941663085,768640399.3868853,9312974000.0,0.0825343654333068,0.0872554919777259,0.0438775282594588,0.9886145696667836,0.2714583516576436,0.2251183484878035,0.1642429712194663,0.5484097000990853,,,89.06912245037437,89.06912245037437,True,70.59338437902359,70.59338437902359,75.21231889686129,38.0,True,False,True,True,False,True,True,True,True,False,True,True,False,True,True,True,False,10,False,0.0254414210395952,0.1491677654079881,1.0,711789275.4,0.1888888888888888,3.0,2.0,,,,,,-0.0363699772935564,-0.0953222201922527,0.29697862792102,-1.0170744219385677,0.7673267326732675,-1.0170744219385677,0.7880929715823817,-38.0,0.9504950495049505,0.7029702970297029,0.8316831683168316,0.9326732673267326,0.8524752475247525,兆聯實業
162.0,162.0,151.0,159.5,238537.0,0.0738094861427824,163.96292724609376,0.276,138.5006103515625,0.4304932735426008,129.82520345052083,0.2614335377095365,125.43214073181151,0.0762772745553734,68.78331849326847,214188.85,1.1136760853797945,0.1516194736985907,7631.TW,2026-07-01,0.0345317089050265,0.4787018659467352,bull,0.0546296296296296,0.1686746987951807,2026-03-31,2026-05-15,408502000.0,93897000.0,47524000.0,48469000.0,12978000.0,35491000.0,1.76,1335645000.0,556998000.0,1567579000.0,716274000.0,851305000.0,481233000.0,,138157000.0,,0.2677587736491366,34799032.04109843,1010581000.0,0.0344346787057132,0.041690111064777,0.0226406452242598,0.8413835229441857,0.2298568917655238,0.1163372517148018,0.0868808475845895,0.9934122561314817,,,69.1770822702721,69.1770822702721,False,81.4434126935427,81.4434126935427,78.37683008772504,171.0,True,True,True,True,True,True,True,True,True,False,True,True,True,False,True,False,False,12,False,0.2285750051667654,0.2716039052624439,1.0,34163121.575,0.55,2.0,3.0,,,,,,-0.0588752568886067,-0.1811414803667486,0.2080249279241337,-1.2379214604037343,0.4742574257425742,-1.2379214604037343,0.7144971343877184,-171.0,0.693069306930693,0.8613861386138614,0.7425742574257426,0.7004950495049505,0.7534653465346535,聚賢研發-創
879.0,918.0,862.0,906.0,244764.0,0.0534883720930232,874.8,0.4358161648177496,788.9,0.6120996441281139,739.45,1.523676880222841,630.825,0.0728954168366653,71.29411764705883,236609.1,1.0344657073629036,0.1484345290911395,6949.TW,2026-07-01,0.0345317089050265,0.4787018659467352,bull,0.025,0.1167747914735866,2026-03-31,2026-05-15,6368000.0,-1205000.0,-88755000.0,-87174000.0,0.0,-76584000.0,-1.18,2495035000.0,259818000.0,3291024000.0,368950000.0,2922074000.0,2248325000.0,100000000.0,,,-0.0,-88755000.0,3031206000.0,-0.0292804250189528,-0.026208781844676,-0.0232705686740661,0.1262630583619716,-0.1892273869346733,,,-0.4668452779638312,,,16.666666666666664,16.666666666666664,False,81.61784444118453,81.61784444118453,65.38004999755506,924.0,True,True,True,True,True,True,True,True,True,True,True,False,True,True,False,False,False,13,False,0.2252349719386028,0.4362144810367374,1.0,214367844.6,0.3259259259259259,3.0,3.0,,,,,,-0.1598958079127094,-0.3592217212243307,0.075566302047456,-1.8209742749611608,0.0455445544554455,-1.8209742749611608,0.0615311617501956,-924.0,0.0891089108910891,0.3168316831683168,0.0198019801980198,0.0787128712871287,0.1435643564356435,沛爾生醫-創
