Open,High,Low,Close,Volume,ret5,ma5,ret20,ma20,ret60,ma60,ret120,ma120,ma20_slope,rsi14,volume_ma20,volume_ratio,ma20_deviation,symbol,date,benchmark_ret20,benchmark_ret60,market_regime,rs20_rank_pct,rs60_rank_pct,period_date,as_of_date,revenue,gross_profit,operating_income,pretax_income,tax_expense,net_income_parent,eps,current_assets,current_liabilities,assets,liabilities,equity,cash,short_borrowings,long_borrowings,bonds_payable,tax_rate,nopat,invested_capital_proxy,roic_proxy,roe,roa,debt_to_equity,gross_margin,operating_margin,net_margin,revenue_growth,pe,pb,eva_like_score,fundamental_score,fundamental_pass,technical_score,score,final_score,fundamental_rank,pass_market,pass_score,pass_rs20,pass_rs60,pass_close_ma20,pass_ma20_ma60,pass_ma20_slope,pass_rsi,pass_ret20_benchmark,pass_ret60_benchmark,pass_ret5_cap,pass_ret20_cap,pass_volume_ratio,pass_ma20_deviation,pass_fundamental_score,pass_fundamental_filter,pass_fundamental_universe,entry_pass_count,entry_all_pass,close_ma60_ratio,close_ma120_ratio,above_ma120,turnover20,liquidity_rank,price_bucket,eva_rank_bucket,forward_60d_return,forward_60d_max_drawdown,reward_60,fwd60_rank_label,top_quantile_60,reg_forward60,reg_reward60,cls_topq60,rank_forward60,ensemble_score,ranker_score,stable_ensemble_score,fundamental_rank_score,fundamental_score_rank,final_score_rank,stable_ml_rank,fund_ml_85_15,fund_final_ml,name
21.39999961853028,21.549999237060547,21.200000762939453,21.5,46566.0,-0.0046296472085025,21.55,0.0643563954435897,20.37250003814697,0.1176660611092745,20.06195904413859,0.1981380707308209,19.619728310902914,0.0178615979432233,75.7575337224317,79815.0,0.5834241683894005,0.055344212037885,1323.TW,2026-08-17,0.0796145902191007,0.0940389887923964,neutral,0.2525439407955596,0.1914893617021276,2026-03-31,2026-05-15,530894000.0,98916000.0,23645000.0,38156000.0,5647000.0,32509000.0,0.36,2570405000.0,691151000.0,4744350000.0,2167294000.0,2577056000.0,950712000.0,,1220000000.0,,0.1479976936785826,20145594.532969914,4053199000.0,0.004970294952942,0.0126147821389989,0.0068521504526436,0.8409960823513343,0.1863196796347293,0.0445380810481941,0.0612344460476102,0.0092658073837497,,,28.08704419011924,28.08704419011924,False,67.24846540340377,67.24846540340377,57.45811010008264,717.0,True,False,True,True,True,True,True,False,False,True,True,True,False,True,False,False,False,10,False,0.0716799866203274,0.0958357658832715,1.0,1716022.5,0.8658649398704903,0.0,3.0,,,,,,0.0514191605826618,0.0240936209127069,0.2606773626732745,-1.0668903875439104,0.7737373737373737,-1.0668903875439104,0.7553670222753424,-717.0,0.2626262626262626,0.1616161616161616,0.8585858585858586,0.352020202020202,0.3515151515151515,永裕
19.600000381469727,20.39999961853028,19.299999237060547,20.14999961853028,326338.0,0.0202531452420393,19.46999969482422,0.0775400425899714,18.942499828338622,0.3042071111513296,17.93916656176249,0.0268827133553233,17.730529999732973,0.0128325070747948,65.3465294181189,324046.75,1.0070707390214528,0.063745535232113,1414.TW,2026-08-17,0.0796145902191007,0.0940389887923964,neutral,0.2146160962072155,0.0656799259944495,2026-03-31,2026-05-15,113452000.0,12596000.0,-7033000.0,11377000.0,382000.0,10995000.0,0.06,876335000.0,611698000.0,4159720000.0,1289474000.0,2870246000.0,113194000.0,505000000.0,,,0.033576514019513,-6796856.376900765,3548022000.0,-0.0019156748117403,0.0038306821087809,0.0026432067543007,0.4492555690348492,0.1110249268413073,-0.0619909741564714,0.0969132320276416,-0.1489036091252128,,,15.88871955373819,15.88871955373819,False,77.46109259386726,77.46109259386726,62.067999333835,938.0,True,True,True,True,True,True,True,True,False,True,True,True,True,True,False,False,False,13,False,0.123240566899033,0.1364578283240118,1.0,6529541.888885976,0.7076780758556892,0.0,3.0,,,,,,0.0216763004220564,-0.0108721362184517,0.2266450485602746,-1.7178690019223934,0.4994949494949495,-1.7178690019223934,0.3982226253463795,-938.0,0.0909090909090909,0.3131313131313131,0.3434343434343434,0.1287878787878787,0.2080808080808081,東和
28.799999237060547,28.799999237060547,28.549999237060547,28.799999237060547,132017.0,-0.0153846414680154,28.75999984741211,0.1141198766753401,27.6296648979187,0.1119690988896944,25.790721702575684,-0.0541872408715048,26.52161080042521,0.0322223142902618,65.86908440927567,55460.25,2.380389558287242,0.0423578911820246,1439.TW,2026-08-17,0.0796145902191007,0.0940389887923964,neutral,0.1396854764107308,0.2007400555041628,2026-03-31,2026-05-15,75912000.0,22864000.0,4904000.0,59736000.0,1630000.0,54161000.0,0.59,3556714000.0,2128037000.0,6084300000.0,2619482000.0,3464818000.0,685342000.0,1313697000.0,338000000.0,,0.0272867282710593,4770185.884558725,3956263000.0,0.0012057302268728,0.0156317012899378,0.0089017635553802,0.7560229714807531,0.3011908525661292,0.0646011170829381,0.7134708609969438,-0.4434481696811513,,,31.08546525604612,31.08546525604612,False,73.91066479715863,73.91066479715863,63.2043649118805,660.0,True,False,True,True,True,True,True,True,True,True,True,True,True,True,False,False,False,13,False,0.1166806252724728,0.0859068649253689,1.0,1597255.1576871872,0.879740980573543,0.0,3.0,,,,,,0.026292081962111,0.0087073420745171,0.1420196131375109,-1.849675078911292,0.3873737373737373,-1.849675078911292,0.3964465519092192,-660.0,0.3434343434343434,0.3333333333333333,0.3232323232323232,0.3404040404040404,0.3363636363636363,雋揚
13.550000190734863,13.75,13.449999809265137,13.550000190734863,1647248.0,0.0037037178322121,13.610000038146971,0.0627451129988128,12.834999990463256,0.1938325757994603,13.146775070826212,0.0111940728712531,12.929637519518534,0.0112093364416496,74.41862425075533,2068336.5,0.7964119958236969,0.0557070666772785,1440.TW,2026-08-17,0.0796145902191007,0.0940389887923964,neutral,0.2562442183163737,0.1184088806660499,2026-03-31,2026-05-15,3372657000.0,294268000.0,-129416000.0,-64775000.0,8778000.0,-78150000.0,-0.05,12562200000.0,9846736000.0,45799105000.0,17769583000.0,28029522000.0,4400648000.0,5866840000.0,3989879000.0,,0.0,-129416000.0,35952369000.0,-0.0035996515278311,-0.002788131741954,-0.0017063652226391,0.6339595445116759,0.0872510901642236,-0.0383721202600798,-0.0231716418242353,-0.1955247737019332,,,12.51873256872129,12.51873256872129,False,58.994706990297416,58.994706990297416,47.37571338490339,1003.0,True,False,True,True,True,False,True,False,False,True,True,True,False,True,False,False,False,9,False,0.0306710290345988,0.0479798965964692,1.0,28025959.96950388,0.5124884366327475,0.0,3.0,,,,,,0.0329723211485062,-0.002574646694056,0.1683869835676774,-1.8230914315399296,0.4333333333333333,-1.8230914315399296,0.3885350452957276,-1003.0,0.0505050505050505,0.0101010101010101,0.3131313131313131,0.0898989898989899,0.0909090909090909,南紡
9.779999732971191,9.949999809265137,9.609999656677246,9.9399995803833,934703.0,0.0040404003428604,9.834000205993652,0.0911086668480496,9.16500005722046,0.2166462041077799,9.37681959470113,0.1612148473268877,8.977076462904613,0.0166953307626214,68.47826950792782,1105349.6,0.845617531322217,0.0845607766856777,1455.TW,2026-08-17,0.0796145902191007,0.0940389887923964,neutral,0.1813135985198889,0.0989824236817761,2026-03-31,2026-05-15,1265739000.0,26904000.0,-45175000.0,-32149000.0,-5368000.0,-26781000.0,-0.05,3072494000.0,1880065000.0,9399593000.0,3651618000.0,5747975000.0,484215000.0,608371000.0,1509426000.0,,0.1669725341379203,-37632015.77031945,7519528000.0,-0.0050045715329897,-0.004659206068224,-0.0028491659160135,0.6352877317664047,0.0212555669059735,-0.0356906123616322,-0.0211583904738654,-0.319428201806952,,,12.511705122929076,12.511705122929076,False,65.82357450069006,65.82357450069006,52.49560715624981,1004.0,True,False,True,True,True,False,True,True,True,True,True,True,True,True,False,False,False,12,False,0.0600608745848565,0.1072646670057577,1.0,10987174.56017685,0.6382978723404256,0.0,3.0,,,,,,0.0788553307655271,0.0329618259069761,0.1837918332497016,-1.434851501310072,0.6787878787878788,-1.434851501310072,0.636494217961884,-1004.0,0.0404040404040404,0.0505050505050505,0.7676767676767676,0.1494949494949495,0.1888888888888888,集盛
169.5,172.5,167.0,171.0,3443788.0,0.0721003134796238,167.6,0.0857142857142856,159.75,0.0926517571884983,166.8459671020508,0.0178571428571427,160.78131688435872,0.0062992125984251,74.02597402597402,3756721.3,0.9167004217214624,0.0704225352112675,1513.TW,2026-08-17,0.0796145902191007,0.0940389887923964,neutral,0.1924144310823311,0.2275670675300647,2026-03-31,2026-05-15,6490639000.0,1685977000.0,1203389000.0,1218211000.0,257948000.0,956493000.0,1.94,23811521000.0,21444785000.0,48754126000.0,26877788000.0,21876338000.0,2658244000.0,1188636000.0,1600850000.0,0.0,0.2117432858511374,948579458.9828856,27309341000.0,0.034734615492292,0.0437227199543177,0.0196187087837447,1.2286237303519447,0.2597551643220336,0.1854037791964705,0.1473649974987054,0.0066661414113464,,,62.38485994052645,62.38485994052645,False,59.40693498021741,59.40693498021741,60.15141622029467,239.0,True,False,True,True,True,False,True,False,True,False,True,True,True,True,True,False,False,10,False,0.0248974126860879,0.0635564088767293,1.0,642399342.3,0.1489361702127659,2.0,3.0,,,,,,0.0061553711091431,-0.0588005915055581,0.2279224597468177,-1.0815841545947524,0.4954545454545455,-1.0815841545947524,0.5259552604594698,-239.0,0.696969696969697,0.2424242424242424,0.5858585858585859,0.6803030303030303,0.5383838383838384,中興電
725.0,749.0,715.0,742.0,2192966.0,0.0784883720930231,717.8,0.1468315301391036,677.8,0.0784883720930231,696.1030303955079,0.5871657754010695,609.4848485310872,0.0112220483340832,66.77115987460814,1498766.55,1.4631805066639632,0.0947182059604603,1560.TW,2026-08-17,0.0796145902191007,0.0940389887923964,neutral,0.1054579093432007,0.2497687326549491,2026-03-31,2026-05-15,2293229000.0,802560000.0,444439000.0,531951000.0,89799000.0,436359000.0,2.94,5759371000.0,3216860000.0,13961884000.0,5383626000.0,8578258000.0,1772650000.0,642250000.0,940383000.0,555943000.0,0.1688106611323223,369412958.57701176,10745024000.0,0.0343799100473867,0.050868020057219,0.0312535901315323,0.6275896574805747,0.3499694099455396,0.193804892577235,0.1902814764683335,0.2944197621734146,,,86.28355650333096,86.28355650333096,False,70.93266592822592,70.93266592822592,74.77038857200218,54.0,True,False,True,True,True,False,True,True,True,False,True,True,True,True,True,False,False,11,False,0.0659341614680439,0.217421568047649,1.0,1112084780.1,0.1110083256244218,3.0,2.0,,,,,,-0.0104917743644592,-0.1110544046411368,0.3191775970403935,-1.3991268860968955,0.4646464646464646,-1.3991268860968955,0.4686540549050803,-54.0,0.9292929292929292,0.8282828282828283,0.494949494949495,0.8641414141414141,0.812121212121212,中砂
38.70000076293945,38.70000076293945,37.59999847412109,38.5,26730864.0,0.013157894736842,39.029999542236325,0.2106918529460559,34.447499942779544,0.0547945205479452,35.97133626937866,0.0953057846001708,34.32025148073832,0.0419691470780851,74.53416553775692,33170612.15,0.8058598339735494,0.117642791609029,1605.TW,2026-08-17,0.0796145902191007,0.0940389887923964,neutral,0.064754856614246,0.2969472710453284,2026-03-31,2026-05-15,41070352000.0,3192789000.0,547321000.0,4060027000.0,562012000.0,3584927000.0,0.81,90410765000.0,60341422000.0,306209880000.0,131730308000.0,174479572000.0,13913788000.0,12903118000.0,50244505000.0,5300000000.0,0.1384256804203519,471557718.1666526,245868458000.0,0.0019179268540686,0.0205463995521492,0.0117074178011499,0.7549898620796709,0.0777395090258783,0.0133264258363307,0.0872874671247034,-0.0841324099926965,,,22.373994815385178,22.373994815385178,False,65.4372384928585,65.4372384928585,54.67142757349016,820.0,True,False,True,True,True,False,True,False,True,False,True,True,True,True,False,False,False,10,False,0.0702966303971841,0.1217866518725101,1.0,1277068567.775,0.1017576318223866,1.0,3.0,,,,,,0.0183506672469964,-0.032344574986868,0.1664729582986183,-1.712942010709276,0.3681818181818181,-1.712942010709276,0.310442233720282,-820.0,0.1515151515151515,0.0808080808080808,0.2323232323232323,0.1636363636363636,0.1464646464646464,華新
36.95000076293945,37.0,36.04999923706055,36.34999847412109,4003343.0,0.0167831741012891,36.90999984741211,0.2333734343190441,32.53000011444092,0.0915915707789598,33.495377413431804,0.0139470019883243,33.34435528119405,0.0510741125018704,75.07788043526051,6346805.95,0.6307649913260701,0.1174300137178412,1608.TW,2026-08-17,0.0796145902191007,0.0940389887923964,neutral,0.0545790934320074,0.2294172062904718,2026-03-31,2026-05-15,3453119000.0,483830000.0,419422000.0,270760000.0,67589000.0,157429000.0,0.37,9405391000.0,5028451000.0,16894935000.0,5965058000.0,10929877000.0,686209000.0,3168114000.0,,,0.2496269759196336,314722954.5058354,11866484000.0,0.026522005549903,0.0144035472677322,0.009318118122384,0.5457571022985894,0.1401139086142122,0.1214617857073561,0.0455903778583941,0.2223962317651353,,,50.67079431646654,50.67079431646654,False,67.41303151626475,67.41303151626475,63.22747221631519,359.0,True,False,True,True,True,False,True,False,True,False,True,True,False,True,False,False,False,9,False,0.0852243288814105,0.0901394904049082,1.0,230706386.59804264,0.2488436632747456,1.0,3.0,,,,,,-3.4387474175419105e-05,-0.0710129673881278,0.1726431075276189,-1.7496877845897432,0.2656565656565657,-1.7496877845897432,0.3312447456448689,-359.0,0.5656565656565656,0.3434343434343434,0.2525252525252525,0.5186868686868686,0.4363636363636363,華榮
16.75,17.5,16.5,17.149999618530273,23975153.0,0.0300300307180509,16.85999984741211,0.1433333079020182,15.237499952316284,0.7735263167756936,15.543166653315229,0.8421051391570564,12.61458334128062,0.0134685675860011,70.58823529411767,20659261.55,1.1605038709624158,0.1255126938276556,1714.TW,2026-08-17,0.0796145902191007,0.0940389887923964,neutral,0.1091581868640148,0.0083256244218316,2026-03-31,2026-05-15,7139550000.0,802314000.0,490214000.0,535557000.0,131252000.0,223134000.0,0.23,17219321000.0,4978429000.0,25588223000.0,7499378000.0,18088845000.0,5982998000.0,888587000.0,1280870000.0,,0.2450756875551995,370074466.90081537,20609794000.0,0.01795624288631,0.0123354476197899,0.0087201835000421,0.414585784775092,0.1123759900834086,0.0686617503904307,0.0312532302456037,0.3342708703208805,,,45.10051143692903,45.10051143692903,False,72.8546460415539,72.8546460415539,65.91611239039769,432.0,True,False,True,True,True,False,True,True,True,True,True,True,True,True,False,False,False,12,False,0.1033787387766522,0.3595375411574413,1.0,354306327.7016172,0.2016651248843663,0.0,3.0,,,,,,0.0115708482907339,-0.0782809256196105,0.2841796434926796,-1.6545123714925802,0.444949494949495,-1.6545123714925802,0.45565037137543,-432.0,0.5151515151515151,0.5151515151515151,0.4747474747474747,0.509090909090909,0.507070707070707,和桐
32.599998474121094,33.099998474121094,32.349998474121094,33.0,801309.0,-0.0104947073503671,32.79000015258789,0.0377358739537623,32.45500001907349,0.1518324760694314,31.25166670481364,0.0426540410028735,30.60583340326945,0.0092513422474827,60.000016348733766,1363123.4,0.58784773264108,0.0167924813004536,1808.TW,2026-08-17,0.0796145902191007,0.0940389887923964,neutral,0.333950046253469,0.156336725254394,2026-03-31,2026-05-15,5392216000.0,1474911000.0,1229561000.0,1153602000.0,211319000.0,942283000.0,1.06,46784978000.0,26633648000.0,51660398000.0,37973630000.0,13686768000.0,5845055000.0,11570200000.0,207356000.0,10980553000.0,0.1831818946222353,1004327686.4663897,25026750000.0,0.0401301681787043,0.068846275468394,0.0182399485191732,2.774477509957062,0.2735259492572256,0.2280251755493474,0.1747487489373571,173.44891620834682,,,72.1127428848662,72.1127428848662,False,71.36136097688917,71.36136097688917,71.54920645388343,149.0,True,False,True,True,True,True,True,True,False,True,True,True,False,True,True,False,False,11,False,0.0559436817146481,0.0782258259458077,1.0,44983072.2,0.4412580943570768,1.0,3.0,,,,,,0.0930922956352539,0.0342051340203289,0.2238946653946571,-0.4675735664705558,0.8308080808080807,-0.4675735664705558,0.8253968845951913,-149.0,0.8282828282828283,0.7272727272727273,0.898989898989899,0.8388888888888889,0.8121212121212121,潤隆
24.39999961853028,24.799999237060547,23.950000762939453,24.799999237060547,1968119.0,0.0247933245952598,24.70999984741211,0.1615924493652549,22.442500019073485,0.298429253494717,21.951758480072023,0.3514985679294147,20.18754583994548,0.0305361064578265,77.59999926757787,2585606.35,0.7611827685989401,0.105046194318078,1904.TW,2026-08-17,0.0796145902191007,0.0940389887923964,neutral,0.093432007400555,0.0693802035152636,2026-03-31,2026-05-15,10422205000.0,2150150000.0,696170000.0,676222000.0,51875000.0,623134000.0,0.56,23384595000.0,24639229000.0,73010397000.0,42553667000.0,30456730000.0,6316415000.0,12166669000.0,15580624000.0,,0.0767129729585846,642764729.6154221,48371168000.0,0.0132881788096459,0.0204596488198174,0.0085348666163258,1.3971843661483028,0.2063047119107713,0.0667968054744653,0.0597890753444208,0.0134174531712039,,,33.04763840274124,33.04763840274124,False,79.21638421660828,79.21638421660828,67.67419776314152,631.0,True,True,True,True,True,True,True,False,True,True,True,True,False,True,False,False,False,12,False,0.1297500042911903,0.2284801448221765,1.0,64123035.50733891,0.3876040703052729,0.0,3.0,,,,,,0.070224490637518,0.0246342315276926,0.2419793115734038,-1.6226342224313908,0.7141414141414142,-1.6226342224313908,0.6453375405111158,-631.0,0.3737373737373737,0.5858585858585859,0.7878787878787878,0.4358585858585858,0.5202020202020202,正隆
11.350000381469728,11.600000381469728,11.300000190734863,11.550000190734863,100529.0,0.0452488679972364,11.500000190734864,0.0596330821057622,11.1375,0.1000000181652249,11.099166679382323,-0.0294117175642931,11.274166655540466,0.0106624424374897,61.40351346838474,99214.6,1.013248050186162,0.0370370541625018,1906.TW,2026-08-17,0.0796145902191007,0.0940389887923964,neutral,0.2645698427382054,0.215541165587419,2026-03-31,2026-05-15,824072000.0,66019000.0,17339000.0,-4285000.0,-126000.0,,-0.03,476045000.0,2439937000.0,5842498000.0,2763272000.0,3079226000.0,170426000.0,1450000000.0,,,0.0294049008168028,16829148.424737457,3402561000.0,0.0049460240168324,,,0.897391747146848,0.0801131454533099,0.0210406372258734,,0.0185447947514918,,,24.0907540514816,24.0907540514816,False,74.4228488783896,74.4228488783896,61.8398251716626,784.0,True,False,True,True,True,True,True,True,False,True,True,True,True,True,False,False,False,12,False,0.0406186810573807,0.0244659799364279,1.0,1145928.6489236832,0.9148936170212766,0.0,3.0,,,,,,0.0369713674428934,0.0085700753460057,0.1611238233755865,-1.688507128874419,0.4893939393939394,-1.688507128874419,0.6298489542635798,-784.0,0.1818181818181818,0.2929292929292929,0.7474747474747475,0.2666666666666666,0.3282828282828283,寶隆
47.900001525878906,51.29999923706055,47.54999923706055,50.0,42934353.0,0.0570824694818166,48.25999984741211,0.2360939198253444,45.204999923706055,0.1918950915531874,42.58063316345215,0.3495276931068265,40.2003165880839,0.0448399390630656,73.63635585984757,24472943.0,1.754360029359771,0.1060723389976026,2027.TW,2026-08-17,0.0796145902191007,0.0940389887923964,neutral,0.0536540240518038,0.1193339500462534,2026-03-31,2026-05-15,31174326000.0,8517820000.0,5633209000.0,4716863000.0,1204326000.0,2914770000.0,1.17,89517343000.0,24455518000.0,159942793000.0,66551339000.0,93391454000.0,9252095000.0,11925609000.0,29968117000.0,,0.2553235063218923,4194918326.275959,135487275000.0,0.0309617144951506,0.0312102432841446,0.0182238283159154,0.7126063054977172,0.2732318896004359,0.1807002659816927,0.0934990543179666,0.1950875950100803,,,67.77515994414823,67.77515994414823,False,82.96005853242501,82.96005853242501,79.16383388535581,180.0,True,True,True,True,True,True,True,False,True,True,True,True,True,True,True,False,False,13,False,0.1742427551057659,0.2437712994235696,1.0,1223647150.0,0.1063829787234042,1.0,3.0,,,,,,0.0365471040297838,-0.0373895398686022,0.3243721396948195,-1.149245845799452,0.6964646464646465,-1.149245845799452,0.6117335142571985,-180.0,0.797979797979798,0.9191919191919192,0.7070707070707071,0.7843434343434343,0.8161616161616162,大成鋼
21.14999961853028,21.600000381469727,21.14999961853028,21.600000381469727,415655.0,0.0188679058554341,21.379999923706052,0.0485436884214589,20.820000076293944,0.0640394676486411,20.66781037648519,-0.0023094336231654,20.63265522321065,0.0108022789822686,69.99993896503007,290469.25,1.430977633604934,0.0374639914657783,2029.TW,2026-08-17,0.0796145902191007,0.0940389887923964,neutral,0.2987974098057354,0.274745605920444,2026-03-31,2026-05-15,3111785000.0,440347000.0,145201000.0,173680000.0,32998000.0,134373000.0,0.42,8418174000.0,1415146000.0,11631228000.0,1524045000.0,10107183000.0,2662689000.0,204353000.0,,,0.1899930907415937,117613813.23122984,10216082000.0,0.011512614447616,0.0132948023202904,0.011552778434057,0.1507883057029837,0.1415094551840824,0.0466616427548818,0.0431819679058803,-0.1807433477529307,,,30.0830240796116,30.0830240796116,False,65.88098494330607,65.88098494330607,56.93149472738245,680.0,True,False,True,True,True,True,True,True,False,False,True,True,True,True,False,False,False,11,False,0.045103471921009,0.0468841817882392,1.0,6274135.910805225,0.7132284921369103,0.0,3.0,,,,,,0.0317072137250157,0.0097774270794599,0.1365701282949459,-1.7698767874556254,0.4252525252525252,-1.7698767874556254,0.4012942268970876,-680.0,0.3232323232323232,0.1414141414141414,0.3636363636363636,0.3292929292929293,0.2767676767676768,盛餘
20.549999237060547,21.0,20.5,20.549999237060547,2297668.0,0.0048899007525866,21.109999465942384,0.1982507110295579,18.44499988555908,0.201754314539629,18.347499974568684,0.2763974378977369,17.299583299954733,0.0515963469597661,77.16534368768265,2201905.2,1.04349088235043,0.1141230341318411,2030.TW,2026-08-17,0.0796145902191007,0.0940389887923964,neutral,0.0721554116558741,0.1100832562442183,2026-03-31,2026-05-15,2637279000.0,397354000.0,208556000.0,212139000.0,43592000.0,168547000.0,0.61,6688220000.0,4584464000.0,12076498000.0,7059382000.0,5017116000.0,1408221000.0,3147626000.0,2063078000.0,,0.2054879112280156,165700263.18592998,7492034000.0,0.0221168594784713,0.0335943996511143,0.0139566122563014,1.4070597530533475,0.1506681697309992,0.0790799911575529,0.0639094308944939,-0.0137930957114074,,,38.807934191914576,38.807934191914576,False,79.95593310812532,79.95593310812532,69.66893337907264,542.0,True,True,True,True,True,True,True,False,True,True,True,True,True,True,False,False,False,13,False,0.1200435626403995,0.1878898399312496,1.0,45249150.18007965,0.4394079555966697,0.0,3.0,,,,,,0.0871590143872827,0.0417358943884347,0.3012861841741083,-0.2739428859114307,0.9121212121212122,-0.2739428859114307,0.9097894432628588,-542.0,0.4545454545454545,0.6767676767676768,0.9595959595959596,0.5303030303030303,0.6222222222222222,彰源
43.400001525878906,44.95000076293945,43.400001525878906,44.150001525878906,1818471.0,-0.050537601594002,45.01999969482422,0.1306018537377635,41.5,0.1542484059053308,39.81016432444254,0.1163085304059348,39.69466552734375,0.0331092835743096,63.80952773090477,2019946.15,0.9002571677467739,0.0638554584549133,2031.TW,2026-08-17,0.0796145902191007,0.0940389887923964,neutral,0.1174838112858464,0.154486586493987,2026-03-31,2026-05-15,4589073000.0,567832000.0,427931000.0,146733000.0,66925000.0,70724000.0,0.22,15811293000.0,10640609000.0,28813736000.0,17538865000.0,11274871000.0,1366991000.0,6979961000.0,6673974000.0,,0.4,256758600.0,18173127000.0,0.0141284766237533,0.0062727103485263,0.0024545237729671,1.5555712344735475,0.1237356651332415,0.0932499875247136,0.0154113913637895,-0.0896215532289155,,,22.130264986727884,22.130264986727884,False,79.81291172486796,79.81291172486796,65.39225004033294,825.0,True,True,True,True,True,True,True,True,True,True,True,True,True,True,False,False,False,14,False,0.1090132953500975,0.1122401697897186,1.0,89180625.60469322,0.3487511563367252,1.0,3.0,,,,,,0.0527584470945703,0.0044887454503635,0.2630507724241424,-1.6212389512720542,0.6772727272727272,-1.6212389512720542,0.6036597019912212,-825.0,0.1414141414141414,0.4646464646464646,0.696969696969697,0.2247474747474747,0.3494949494949494,新光鋼
26.799999237060547,27.950000762939453,26.799999237060547,27.5,5400531.0,0.0,27.69000015258789,0.1930586078191531,23.99250001907349,0.3888889424059683,22.505780092875163,0.5406162135743167,21.23580673535665,0.0361692981268378,74.41860602657216,8519360.05,0.6339127549844544,0.1461915172715695,2103.TW,2026-08-17,0.0796145902191007,0.0940389887923964,neutral,0.0758556891766882,0.0444033302497687,2026-03-31,2026-05-15,10330865000.0,1265731000.0,651038000.0,844918000.0,343164000.0,435719000.0,0.53,20606457000.0,11013075000.0,44846222000.0,22698723000.0,22147499000.0,6501177000.0,5243271000.0,6369581000.0,,0.4,390622800.0,33833147000.0,0.0115455650637524,0.0196735080561466,0.0097158462980449,1.0248887696078008,0.1225193630930227,0.0630187307645584,0.0421764295632553,-0.0044362000632366,,,30.459795491848286,30.459795491848286,False,81.61424606845513,81.61424606845513,68.82563342430342,674.0,True,True,True,True,True,True,True,False,True,True,True,True,False,True,False,False,False,12,False,0.2219083225071543,0.2949825896754727,1.0,234282401.37500003,0.2469935245143385,0.0,3.0,,,,,,0.041163925948213,-0.007652995612298,0.2544064681755095,-1.754399189709132,0.5823232323232322,-1.754399189709132,0.5138151253780544,-674.0,0.3333333333333333,0.6262626262626263,0.5656565656565656,0.3681818181818181,0.4676767676767677,台橡
28.950000762939453,29.64999961853028,28.950000762939453,29.5,818513.0,-0.0117253057620394,29.870000076293945,0.0707804289270648,28.367500209808348,0.0554561429248969,28.5133334795634,0.163314366336299,27.27578574816386,0.0153006462020673,64.10257037261282,1040146.95,0.7869205404101796,0.0399224387702685,2108.TW,2026-08-17,0.0796145902191007,0.0940389887923964,neutral,0.2340425531914893,0.2932469935245143,2026-03-31,2026-05-15,2595684000.0,706987000.0,322249000.0,400150000.0,120689000.0,166573000.0,0.34,14271694000.0,1850566000.0,18859782000.0,2404041000.0,16455741000.0,9490424000.0,110000000.0,24000000.0,,0.3016093964763214,225055673.59490192,17009216000.0,0.0132313960616939,0.0101224855204028,0.0088321805628506,0.1460913246021555,0.272370211474124,0.1241480087714837,0.0641730657506846,0.1428634327678053,,,48.999527692236406,48.999527692236406,False,60.5271180496506,60.5271180496506,57.64522046029705,387.0,True,False,True,True,True,False,True,True,False,False,True,True,False,True,False,False,False,9,False,0.0346036888722176,0.0815453777343837,1.0,30684335.025,0.4976873265494912,0.0,3.0,,,,,,0.0239077412475877,-0.0321681373379187,0.1871386731423227,-1.5680258454803315,0.45,-1.5680258454803315,0.4236023781991583,-387.0,0.5555555555555556,0.1717171717171717,0.404040404040404,0.5328282828282828,0.4101010101010101,南帝
277.0,286.5,263.5,263.5,23001080.0,-0.0294659300184162,265.6,0.3617571059431523,233.85,0.2729468599033817,224.675,0.4538403473846721,197.92541567484537,0.0664690457188461,74.73309608540926,30469782.75,0.7548816540216389,0.1267906777849048,2301.TW,2026-08-17,0.0796145902191007,0.0940389887923964,neutral,0.0231267345050878,0.0758556891766882,2026-03-31,2026-05-15,43407292000.0,9402933000.0,4099305000.0,4969901000.0,1195242000.0,3775414000.0,1.66,165353065000.0,116511425000.0,210691221000.0,122427807000.0,88263414000.0,71133162000.0,13521025000.0,3000000000.0,,0.2404961386554782,3113437976.3289046,94179796000.0,0.0330584489302663,0.0427743934763275,0.0179191804104642,1.3870730969006029,0.2166210460675593,0.0944381649055647,0.0869764923368175,0.1919657430575541,,,57.60700281241379,57.60700281241379,False,82.40980573543015,82.40980573543015,76.20910500467606,288.0,True,True,True,True,True,True,True,False,True,True,True,True,False,True,False,False,False,12,False,0.1728051630132412,0.3313095698274619,1.0,8028787754.625,0.0268270120259019,2.0,3.0,,,,,,0.0278153546677245,-0.0693650385880868,0.298733407106677,-1.2379668425483863,0.5873737373737373,-1.2379668425483863,0.4546883604118584,-288.0,0.6464646464646465,0.8585858585858586,0.4646464646464646,0.6191919191919192,0.6737373737373739,光寶科
43.34999847412109,44.95000076293945,40.95000076293945,41.650001525878906,263016428.0,0.1473829862606792,40.07000045776367,0.2107558046050046,37.170000076293945,0.3222222706628224,36.992499923706056,0.4629516729959462,33.38042593002319,0.0309249745753417,72.34727043064868,88990592.9,2.955553159372197,0.1205273457193827,2324.TW,2026-08-17,0.0796145902191007,0.0940389887923964,neutral,0.0638297872340425,0.0619796484736355,2026-03-31,2026-05-15,201303536000.0,10597495000.0,2644084000.0,3090596000.0,699988000.0,1967195000.0,0.45,372539532000.0,285043722000.0,452433934000.0,306525209000.0,145908725000.0,84569615000.0,55846516000.0,11898445000.0,,0.2264896479513983,2045226345.6860747,167390212000.0,0.0122183150451238,0.013482367144254,0.0043480270867569,2.100801093286231,0.0526443559342146,0.0131348115017711,0.009772282390509,0.0110778585236814,,,17.5664711440274,17.5664711440274,False,81.53561517113783,81.53561517113783,65.54332916436023,901.0,True,True,True,True,True,True,True,False,True,True,False,True,True,True,False,False,False,12,False,0.1259039430094899,0.2477372701352456,1.0,3706458330.0738688,0.0453283996299722,1.0,3.0,,,,,,-0.0179358792063204,-0.0724995207115273,0.2652130152218352,-1.648383652881062,0.3904040404040403,-1.648383652881062,0.3991084993813671,-901.0,0.1111111111111111,0.4848484848484848,0.3535353535353535,0.1474747474747474,0.2717171717171717,仁寶
185.5,190.0,181.5,181.5,128345380.0,0.0111420612813371,179.4,0.2019867549668874,160.225,0.4519999999999999,171.59166666666667,0.5865239449424182,138.30313409169514,0.0236383964222966,66.66666666666666,144694388.45,0.8870100725734124,0.1327820252769542,2344.TW,2026-08-17,0.0796145902191007,0.0940389887923964,neutral,0.0703052728954671,0.0296022201665124,2026-03-31,2026-05-15,38253064000.0,20415002000.0,12550494000.0,12688424000.0,2570746000.0,10114310000.0,2.25,110641935000.0,75046248000.0,229813688000.0,106920169000.0,122893519000.0,25520648000.0,5251103000.0,22148521000.0,4892959000.0,0.202605619106045,10007693393.043297,154767440000.0,0.0646627830313875,0.082301410866101,0.0440109120045103,0.870022844736019,0.5336827920503309,0.3280912085891995,0.2644052251605257,0.913359516665577,,,96.98400611250784,96.98400611250784,True,75.85449001267689,75.85449001267689,81.13686903763463,11.0,True,True,True,True,True,False,True,True,True,True,True,True,True,True,True,True,True,14,False,0.0577436744208634,0.312334685630951,1.0,26262031503.675,0.0046253469010175,2.0,0.0,,,,,,-0.0316895212831562,-0.132298344971035,0.2122536813802069,-1.744202706045182,0.2404040404040404,-1.744202706045182,0.1968922599702132,-11.0,0.98989898989899,0.9292929292929292,0.1616161616161616,0.8656565656565657,0.806060606060606,華邦電
68.9000015258789,69.0,66.0,66.69999694824219,36487031.0,0.0106060143673059,67.9,0.1660838471781611,64.1049997329712,0.1210083520712972,66.0507298151652,0.4871794697323963,55.84286489486694,0.0324528904699775,65.13409390497662,36793368.4,0.9916741137514336,0.0404804184709528,2356.TW,2026-08-17,0.0796145902191007,0.0940389887923964,neutral,0.0925069380203515,0.1868640148011101,2026-03-31,2026-05-15,200310505000.0,10176552000.0,3614980000.0,3306616000.0,872750000.0,2428376000.0,0.68,316622404000.0,289769524000.0,382244260000.0,308509302000.0,73734958000.0,45302973000.0,76492329000.0,8230668000.0,,0.2639405361856351,2660840240.499653,92474736000.0,0.0287736992349959,0.032933849368979,0.0063529430108381,4.184030348264388,0.0508038856973577,0.0180468817648879,0.0121230586483719,0.2755841181128693,,,32.596295147103554,32.596295147103554,False,66.3331220230782,66.3331220230782,57.89891530408454,639.0,True,False,True,True,True,False,True,True,True,True,True,True,True,True,False,False,False,12,False,0.0098298252705744,0.1944229056624427,1.0,2454117559.9955506,0.0601295097132284,1.0,3.0,,,,,,0.0638251877966747,0.0188811370540895,0.2964312531142374,0.103944848832103,0.8611111111111112,0.103944848832103,0.8978210410797723,-639.0,0.3636363636363636,0.1818181818181818,0.9494949494949496,0.4515151515151515,0.4262626262626262,英業達
985.0,986.0,921.0,938.0,5636043.0,0.1466992665036675,912.4,0.3633720930232558,814.7,0.3753665689149561,767.8873331705729,0.8428290766208251,677.3436665852864,0.0684590163934426,73.54988399071925,4958157.65,1.1367212174062271,0.1513440530256535,2357.TW,2026-08-17,0.0796145902191007,0.0940389887923964,neutral,0.0222016651248843,0.0490286771507863,2026-03-31,2026-05-15,208369726000.0,30970538000.0,11895859000.0,13859608000.0,2702804000.0,9797017000.0,13.19,485857648000.0,327627459000.0,671441698000.0,354711686000.0,316730012000.0,57955263000.0,41417377000.0,275376000.0,,0.1950130191272365,9576011621.29809,343814239000.0,0.0278522833991703,0.0309317608967223,0.0145910166574134,1.1199181402487366,0.1486326185407567,0.0570901504184921,0.0470174683629425,0.4108280576281871,,,51.58078089609261,51.58078089609261,False,84.24757659586903,84.24757659586903,76.08087767092493,344.0,True,True,True,True,True,True,True,False,True,True,False,True,True,False,False,False,False,11,False,0.2215333675671396,0.3848213931470983,1.0,4650751875.700001,0.0388529139685476,3.0,3.0,,,,,,0.0850690864920663,0.0149435340394477,0.3586954290203433,-1.2326280175787545,0.8676767676767676,-1.2326280175787545,0.7947193062310006,-344.0,0.5858585858585859,0.8484848484848485,0.8787878787878788,0.6297979797979798,0.7232323232323232,華碩
166.5,175.0,165.0,175.0,15329669.0,0.1400651465798046,155.0,0.3011152416356877,142.525,0.2411347517730495,139.81888529459636,0.3565891472868217,129.44277598063152,0.0237026396121387,69.90291262135922,9004644.6,1.7024179943759248,0.2278547623223994,2359.TW,2026-08-17,0.0796145902191007,0.0940389887923964,neutral,0.03422756706753,0.0860314523589269,2026-03-31,2026-05-15,890066000.0,190817000.0,-35808000.0,156778000.0,13846000.0,134073000.0,0.78,8393550000.0,3998667000.0,10520171000.0,4283921000.0,6236250000.0,2450934000.0,650000000.0,,,0.088315962698848,-32645582.00767965,6521504000.0,-0.005005836384932,0.0214989777510523,0.0127443745923901,0.6869386249749448,0.21438522536531,-0.0402307244631297,0.1506326497136167,-0.2680432463904461,,,26.81505765819656,26.81505765819656,False,86.0767782576913,86.0767782576913,71.26134810781761,741.0,True,True,True,True,True,True,True,True,True,True,False,True,True,False,False,False,False,12,False,0.2516191902923381,0.3519487563074603,1.0,1575812805.0,0.0869565217391304,2.0,3.0,,,,,,-0.0365163205067726,-0.1067583139643656,0.2582575049684151,-1.689176162802518,0.3191919191919192,-1.689176162802518,0.2648685024486877,-741.0,0.2323232323232323,0.7171717171717171,0.1919191919191919,0.2262626262626262,0.3696969696969696,所羅門
49.900001525878906,49.900001525878906,48.150001525878906,48.5,1976410.0,0.0363248032190828,48.50000076293945,0.1575178576078262,45.71750011444092,0.1872705461843595,44.749580764770506,0.2325286373745732,41.71687370936076,0.0387980021543722,62.44343977317568,2499081.55,0.7908545441424271,0.0608629054212035,2362.TW,2026-08-17,0.0796145902191007,0.0940389887923964,neutral,0.0962072155411655,0.122109158186864,2026-03-31,2026-05-15,4941226000.0,1031961000.0,338299000.0,460047000.0,109186000.0,350861000.0,0.61,21268600000.0,19086193000.0,104921126000.0,60685209000.0,44235917000.0,8972993000.0,7767445000.0,28201977000.0,,0.2373366199540481,258008258.80616543,85834933000.0,0.0030058654418261,0.0079315864527008,0.0033440453164789,1.3718537585645618,0.2088471565558831,0.0684645875335392,0.0710068715739778,0.1924432336345798,,,31.430349126543067,31.430349126543067,False,82.52914139399853,82.52914139399853,69.75444332713467,656.0,True,True,True,True,True,True,True,True,True,True,True,True,False,True,False,False,False,13,False,0.0838090362219001,0.1625991040914742,1.0,121205455.175,0.3154486586493987,1.0,3.0,,,,,,0.016645418426426,-0.0326895408807566,0.2138358327554679,-1.6332348329339834,0.4464646464646464,-1.6332348329339834,0.4344494180116152,-656.0,0.3535353535353535,0.6868686868686869,0.4444444444444444,0.3671717171717171,0.4717171717171717,藍天
380.0,381.5,358.0,358.0,22927004.0,0.0243204577968525,375.0,0.081570996978852,342.6598815917969,0.1100775193798448,343.81162719726564,0.5770925110132159,303.5724802652995,0.030680393529478,65.45081165440001,9485107.35,2.4171580936298,0.0447677689519472,2376.TW,2026-08-17,0.0796145902191007,0.0940389887923964,neutral,0.2072155411655874,0.2062904717853839,2026-03-31,2026-05-15,105057330000.0,12614630000.0,7413710000.0,7054503000.0,1410189000.0,5268403000.0,7.86,234087870000.0,170374747000.0,247826770000.0,180781022000.0,67045748000.0,63311111000.0,69227536000.0,,9540960000.0,0.199899128258929,5931715833.835495,77452023000.0,0.0765856798063944,0.0785792262322138,0.0212584096544533,2.6963831024750444,0.1200737730532462,0.0705682316502808,0.0501478859209538,0.5978925716183887,,,59.16561347732097,59.16561347732097,False,62.41157310039337,62.41157310039337,61.60008319462527,275.0,True,False,True,True,True,False,True,True,True,True,True,True,True,True,False,False,False,12,False,0.0412678678682196,0.1792900321107333,1.0,3395668431.3,0.0490286771507863,2.0,3.0,,,,,,0.1084645242964176,0.0655911538616599,0.3612502813102926,0.1716323465048876,0.9893939393939396,0.1716323465048876,0.9679386667900634,-275.0,0.6565656565656566,0.2828282828282828,1.0,0.7080808080808081,0.6131313131313132,技嘉
158.5,158.5,149.5,149.5,18588398.0,-0.0354838709677419,159.9,0.0565371024734981,150.275,0.2056451612903225,142.55833333333334,0.6144708689361451,119.60166657765708,0.0259429936849292,58.82352941176471,19331559.9,0.9615570650353984,-0.0051572117784063,2377.TW,2026-08-17,0.0796145902191007,0.0940389887923964,neutral,0.2719703977798335,0.1054579093432007,2026-03-31,2026-05-15,56256838000.0,8440506000.0,3876357000.0,4133431000.0,716617000.0,3416814000.0,4.04,106512512000.0,56814984000.0,119099762000.0,64185562000.0,54914200000.0,25875075000.0,0.0,6305082000.0,,0.1733709840565864,3204309172.355363,62284778000.0,0.0514461040923251,0.0622209555998266,0.0286886719387398,1.1688335985956273,0.1500352010541367,0.0689046369794192,0.0607359766647389,0.0507372103469625,,,60.05362798212559,60.05362798212559,False,71.7861396794302,71.7861396794302,68.85301175510405,263.0,True,False,True,True,False,True,True,True,False,True,True,True,True,True,True,False,False,11,False,0.0486935172736306,0.249982581997969,1.0,2890068205.05,0.0527289546716003,2.0,3.0,,,,,,0.0161948651770523,-0.0253443364080189,0.2538884668167842,-0.649818426744928,0.5964646464646465,-0.649818426744928,0.5784403726161518,-263.0,0.6666666666666666,0.6363636363636364,0.6565656565656566,0.6651515151515152,0.6555555555555554,微星
659.0,686.0,657.0,674.0,3490893.0,0.0104947526236882,680.4,0.306201550387597,612.35,0.4371002132196162,536.8694636027018,1.1396825396825396,454.0430651346842,0.0712459240451123,77.06422018348624,5127465.75,0.6808222951074807,0.1006777169919164,2395.TW,2026-08-17,0.0796145902191007,0.0940389887923964,neutral,0.032377428307123,0.03422756706753,2026-03-31,2026-05-15,20385264000.0,7979823000.0,3728486000.0,4068287000.0,750007000.0,3334165000.0,3.85,49300373000.0,29811036000.0,83769137000.0,34044129000.0,49725008000.0,10001958000.0,,43915000.0,,0.184354496130681,3041122842.1397014,53958101000.0,0.0563608204473263,0.0670520756879516,0.0398018305954375,0.6846480346468723,0.3914505595806853,0.182901040673302,0.1635576071028562,0.1748587968840969,,,87.43653384699755,87.43653384699755,False,81.56279772342444,81.56279772342444,83.03123175431772,49.0,True,True,True,True,True,True,True,False,True,True,True,True,False,True,True,False,False,12,False,0.2554262175335391,0.4844406880216731,1.0,3455911915.5,0.0471785383903792,3.0,2.0,,,,,,-0.0267237760345257,-0.1309763970410473,0.3134698473417874,-1.4662698125112157,0.4247474747474747,-1.4662698125112157,0.3788465902433913,-49.0,0.9393939393939394,0.9595959595959596,0.303030303030303,0.8439393939393939,0.8181818181818181,研華
65.80000305175781,67.19999694824219,65.19999694824219,65.80000305175781,607156.0,-0.0323528962976792,66.38000030517578,0.2029250847166144,60.63499984741211,0.059581395628836,60.41500295003255,0.0681818941830201,59.0658348083496,0.0413911557929018,73.23944519604147,886129.85,0.6851772344651295,0.0851818787390685,2397.TW,2026-08-17,0.0796145902191007,0.0940389887923964,neutral,0.0675300647548566,0.2839962997224792,2026-03-31,2026-05-15,3030612000.0,754408000.0,168760000.0,160589000.0,40224000.0,86809000.0,0.76,8090820000.0,5564770000.0,13261955000.0,7705318000.0,5556637000.0,2502436000.0,1648614000.0,692000000.0,964352000.0,0.2504779281270822,126489344.84927362,7697185000.0,0.0164331953628857,0.0156225789087896,0.0065457166760104,1.386687307448732,0.2489292591727347,0.0556851223449257,0.0286440494527178,0.1661133556504674,,,38.72674476639454,38.72674476639454,False,72.9726804592147,72.9726804592147,64.41119653600965,543.0,True,False,True,True,True,True,True,False,True,False,True,True,False,True,False,False,False,10,False,0.0891334906691809,0.1140112260371586,1.0,58307346.83425369,0.3977798334875115,1.0,3.0,,,,,,0.0437582432318414,0.0088334597269611,0.2441320355582235,-1.504804672120723,0.6681818181818182,-1.504804672120723,0.5555112282324068,-543.0,0.4444444444444444,0.4242424242424242,0.6262626262626263,0.4717171717171717,0.4747474747474747,友通
520.0,535.0,513.0,524.0,62092866.0,0.043824701195219,504.3,0.3753280839895012,438.25,0.6876006441223832,414.864148457845,0.8131487889273357,331.1737408955892,0.0449451597520267,71.3821138211382,84950908.45,0.7309264507341475,0.1956645750142613,2408.TW,2026-08-17,0.0796145902191007,0.0940389887923964,neutral,0.0203515263644773,0.0138760407030527,2026-03-31,2026-05-15,49086932000.0,33325482000.0,30111283000.0,31718134000.0,5659880000.0,26059487000.0,8.41,141606845000.0,25207062000.0,240968098000.0,47930660000.0,193037438000.0,86281008000.0,0.0,13800000000.0,3996400000.0,0.1784430319892084,24738134364.394894,215761036000.0,0.1146552446308929,0.1349970620724877,0.1081449669740099,0.2482972240856201,0.6789074126694249,0.6134276837672398,0.5308844113541258,5.829068133568171,,,100.0,100.0,True,84.04255319148936,84.04255319148936,88.03191489361703,2.0,True,True,True,True,True,True,True,True,True,True,True,True,False,False,True,True,True,13,False,0.2630640703657825,0.5822510522209672,1.0,44514276027.8,0.001850138760407,3.0,0.0,,,,,,-0.0985259083921378,-0.2000744965831077,0.18825818647207,-1.6803108916876115,0.1702020202020202,-1.6803108916876115,0.129055149912417,-2.0,1.0,0.98989898989899,0.0707070707070707,0.8606060606060606,0.8111111111111111,南亞科
197.0,208.0,183.5,186.0,22760144.0,0.0333333333333334,191.6,0.3828996282527881,160.425,0.2916666666666667,163.93333333333334,1.554944947842401,126.06750005086263,0.068075898801598,76.96078431372548,12585508.6,1.808440542482328,0.1594202898550722,2464.TW,2026-08-17,0.0796145902191007,0.0940389887923964,neutral,0.0194264569842738,0.0730804810360777,2026-03-31,2026-05-15,1864911000.0,348125000.0,41838000.0,53528000.0,4046000.0,49169000.0,0.24,7398797000.0,5883475000.0,11317462000.0,6229196000.0,5088266000.0,1831434000.0,460111000.0,103169000.0,0.0,0.0755866088775967,38675607.45777911,5433987000.0,0.0071173536958736,0.00966321336188,0.0043445253008139,1.2242276641983734,0.1866711065568276,0.0224343145597832,0.0263653332518281,0.0786759589539871,,,25.84400824761181,25.84400824761181,False,75.85318974388377,75.85318974388377,63.35089436981578,756.0,True,True,True,True,True,False,True,False,True,True,True,True,True,False,False,False,False,11,False,0.1346075640504269,0.4754000826934559,1.0,2340904599.6,0.0638297872340425,2.0,3.0,,,,,,-0.0657223513542707,-0.1765131677857196,0.2027211649915704,-1.7560214110654924,0.1833333333333333,-1.7560214110654924,0.09548275749499,-756.0,0.2121212121212121,0.3535353535353535,0.0404040404040404,0.1863636363636363,0.2202020202020202,盟立
95.9000015258789,96.5,87.0,90.5999984741211,5371877.0,-0.032051282573786,94.78000030517578,0.2161073620687394,83.38999977111817,0.0547147481345065,81.20333353678386,0.7126653281814972,72.80708351135254,0.046429911048383,60.86956431599789,3489365.4,1.5394997038716554,0.0864611910635846,2465.TW,2026-08-17,0.0796145902191007,0.0940389887923964,neutral,0.061054579093432,0.2987974098057354,2026-03-31,2026-05-15,1569188000.0,167121000.0,92107000.0,130068000.0,22277000.0,107791000.0,1.15,1574817000.0,638916000.0,1902288000.0,697716000.0,1204572000.0,319532000.0,112731000.0,0.0,,0.1712719500568933,76331654.49610972,1263372000.0,0.0604189854580517,0.0894848958800304,0.0566638700344006,0.5792231597613094,0.1065015791606869,0.0586972370423429,0.0686922153368493,0.9128577645528606,,,73.28778007996519,73.28778007996519,True,87.25442896516938,87.25442896516938,83.76276674386833,133.0,True,True,True,True,True,True,True,True,True,False,True,True,True,True,True,True,False,13,False,0.1157177239907361,0.2443843937244671,1.0,316136499.9156509,0.211840888066605,1.0,3.0,,,,,,-0.0305335243478112,-0.1339074137963745,0.1536277837900232,-1.75265982096906,0.1535353535353535,-1.75265982096906,0.1280880403259102,-133.0,0.8585858585858586,0.9696969696969696,0.0606060606060606,0.7388888888888888,0.7323232323232323,麗臺
203.5,204.5,202.0,204.0,2536172.0,0.0149253731343284,204.5,0.0736842105263158,191.2,0.088,199.8736999511719,0.0625,197.9576833089193,0.020413609072715,72.94117647058823,3305983.6,0.7671459713230278,0.0669456066945606,2474.TW,2026-08-17,0.0796145902191007,0.0940389887923964,neutral,0.2238667900092507,0.2331174838112858,2026-03-31,2026-05-15,3773945000.0,1086984000.0,243428000.0,1851491000.0,315957000.0,1484484000.0,2.63,111490974000.0,75734641000.0,225538335000.0,82981411000.0,142556924000.0,16182860000.0,66414098000.0,,,0.1706500328654041,201887003.7996404,149803694000.0,0.0013476770726337,0.0104132718239627,0.0065819586723472,0.5820931644119931,0.2880232753789469,0.0645022648713746,0.3933507245071139,-0.1324838723321306,,,29.474595147303784,29.474595147303784,False,58.03485976232039,58.03485976232039,50.89479360856623,691.0,True,False,True,True,True,False,True,False,False,False,True,True,False,True,False,False,False,8,False,0.0206445372744694,0.0305232744194703,1.0,674420654.4,0.1461609620721554,2.0,3.0,,,,,,0.021775864941657,-0.0363713217369328,0.1877678705632608,-1.522648193827429,0.444949494949495,-1.522648193827429,0.339640817857593,-691.0,0.2828282828282828,0.0202020202020202,0.2626262626262626,0.2797979797979798,0.2,可成
13.75,14.399999618530272,13.75,14.300000190734863,251461.0,0.0476190908695848,13.75,0.0833333634366897,13.305000019073486,0.1085271793491802,13.243333371480306,-0.0272108587564852,13.567083342870076,0.0087187270245333,74.46810323871944,117607.9,2.138130176629291,0.0747839286159328,2509.TW,2026-08-17,0.0796145902191007,0.0940389887923964,neutral,0.2025901942645698,0.2081406105457909,2026-03-31,2026-05-15,64339000.0,17741000.0,-24855000.0,-103715000.0,440000.0,-100923000.0,-0.45,11515918000.0,9505024000.0,14164161000.0,9994241000.0,4169920000.0,916570000.0,4613123000.0,0.0,486938000.0,0.0,-24855000.0,4659137000.0,-0.0053346789330298,-0.0242026225922799,-0.0071252367153974,2.396746460363748,0.2757425511742489,-0.3863131226783133,,-0.0720024231584717,,,11.364896482710066,11.364896482710066,False,70.46635482116845,70.46635482116845,55.69099023655385,1023.0,True,False,True,True,True,True,True,False,True,True,True,True,True,True,False,False,False,12,False,0.0797885841588872,0.0540216956985053,1.0,1681792.9924319263,0.8741905642923219,0.0,3.0,,,,,,0.0240426818884839,-0.0205592791131392,0.2714202250885231,-1.5280585373605315,0.5853535353535353,-1.5280585373605315,0.5797902283313378,-1023.0,0.0202020202020202,0.0909090909090909,0.6666666666666666,0.1171717171717171,0.1707070707070707,全坤建
88.5,92.1999969482422,88.5,92.1999969482422,671159.0,0.0187844966656596,89.06000061035157,0.072092987770258,88.56500091552735,0.1896773799773188,88.22166709899902,0.3717629620851441,79.3904026667277,0.0043660719651155,63.551390207494585,388820.05,1.7261429805381694,0.0410432563104909,2535.TW,2026-08-17,0.0796145902191007,0.0940389887923964,neutral,0.2303422756706753,0.1211840888066605,2026-03-31,2026-05-15,7158996000.0,1023899000.0,759460000.0,917121000.0,168741000.0,748785000.0,2.88,29176307000.0,17358125000.0,31406521000.0,21164629000.0,10241892000.0,7958413000.0,1895000000.0,3752518000.0,0.0,0.1839898988246916,619727031.4385997,14048396000.0,0.0441137216973809,0.0731100269364293,0.023841704721131,2.0664764869615886,0.1430227087708946,0.10608470796743,0.1045935770881838,0.5557714720596632,,,66.50740970485359,66.50740970485359,False,79.59433135610874,79.59433135610874,76.32260094329496,196.0,True,True,True,True,True,True,True,True,False,True,True,True,True,True,True,False,False,13,False,0.0450947026967745,0.1613494056112525,1.0,35849207.42341538,0.4736355226641998,1.0,3.0,,,,,,0.0874126925047843,0.0344126021751969,0.311462012260392,-0.5529119417889139,0.8944444444444444,-0.5529119417889139,0.8904215290636028,-196.0,0.7777777777777778,0.8686868686868687,0.9393939393939394,0.802020202020202,0.8373737373737374,達欣工
32.599998474121094,33.0,32.150001525878906,32.900001525878906,5450891.0,-0.0060422041529262,32.56999969482422,0.0734095248075736,31.817499923706052,0.0511182852338183,31.200822035471603,0.1114865237121771,33.582494258880615,0.012973574710884,65.78948689299872,5946294.2,0.9166870687292936,0.0340222080543266,2605.TW,2026-08-17,0.0796145902191007,0.0940389887923964,neutral,0.2257169287696577,0.30527289546716,2026-03-31,2026-05-15,1366845000.0,582927000.0,482738000.0,537338000.0,149979000.0,387359000.0,0.66,9807913000.0,5258125000.0,22934806000.0,5269539000.0,17665267000.0,4877423000.0,4114000000.0,,,0.2791148215834353,347998669.2584556,17676681000.0,0.0196868783941089,0.0219277183865944,0.0168895695040978,0.2982994256469489,0.4264763012631278,0.3531768415584795,0.2833964348554518,0.4444113329930603,,,75.1720503143159,75.1720503143159,False,68.11020165142658,68.11020165142658,69.8756638171489,118.0,True,False,True,True,True,True,True,True,False,False,True,True,True,True,True,False,False,11,False,0.0544594462439336,-0.0203228720219681,0.0,195633088.2533249,0.2701202590194264,1.0,3.0,,,,,,8.231544927505973e-05,-0.0599519580154138,0.1252721439220107,-1.846782292792395,0.2212121212121212,-1.846782292792395,0.1947096547111285,-118.0,0.8686868686868687,0.696969696969697,0.1414141414141414,0.7595959595959596,0.6717171717171717,新興
66.69999694824219,68.69999694824219,66.30000305175781,68.30000305175781,5077910.0,0.0224550887944985,66.78000183105469,0.1087663107727425,64.36500053405761,0.0443425299421647,64.27715263366699,0.0858505786149652,63.22357632319133,0.0167443457160989,70.39475599484818,3899838.55,1.302082107988804,0.0611357490103345,2606.TW,2026-08-17,0.0796145902191007,0.0940389887923964,neutral,0.1489361702127659,0.3256244218316373,2026-03-31,2026-05-15,3891765000.0,1243986000.0,987897000.0,987799000.0,68000.0,987731000.0,1.17,29154469000.0,15158773000.0,89632874000.0,49048791000.0,40584083000.0,18437340000.0,5972000000.0,33795287000.0,,6.883991581283237e-05,987828993.2536882,74474101000.0,0.0132640606598754,0.0243378912860985,0.0110197403689186,1.2085721143434485,0.3196457134487822,0.2538429221702749,0.2538002680017935,0.1329549990000165,,,55.37983321173965,55.37983321173965,False,70.00330099859401,70.00330099859401,66.34743405188043,303.0,True,False,True,True,True,True,True,True,True,False,True,True,True,True,False,False,False,12,False,0.0625860084533946,0.0802932548866961,1.0,266358984.86636275,0.2368177613320999,1.0,3.0,,,,,,0.0153003922032631,-0.0369367617063355,0.1756346710633176,-1.865667530974244,0.3090909090909091,-1.865667530974244,0.2817723510564985,-303.0,0.6363636363636364,0.5454545454545454,0.202020202020202,0.5712121212121212,0.5222222222222223,裕民
49.59999847412109,50.29999923706055,49.59999847412109,50.20000076293945,403152.0,0.0350515621224629,49.76000061035156,0.0842332956834517,47.9975004196167,0.0480166840040272,47.71856702168783,-0.0922242051443503,49.35095024108887,0.016950058389176,75.42372223838619,484117.1,0.8327571986199207,0.0458878134083537,2607.TW,2026-08-17,0.0796145902191007,0.0940389887923964,neutral,0.1979648473635522,0.3182238667900092,2026-03-31,2026-05-15,3991930000.0,868803000.0,467559000.0,709936000.0,149297000.0,553268000.0,1.04,14530568000.0,4295956000.0,44350782000.0,12631508000.0,31719274000.0,4170571000.0,346407000.0,4274711000.0,,0.2102964210858443,369233015.6535237,40054826000.0,0.0092181904785586,0.0174426438637908,0.012474819496982,0.3982281561677609,0.2176398383739193,0.1171260518095257,0.1385966186781832,-0.1369527758740344,,,38.62339041274056,38.62339041274056,False,64.92944236003936,64.92944236003936,58.35292937321466,546.0,True,False,True,True,True,True,True,False,True,False,True,True,True,True,False,False,False,11,False,0.05200143038922,0.0172043398901704,1.0,24302678.789352037,0.5282146160962072,1.0,3.0,,,,,,0.0206019120476859,-0.0265024787363748,0.1360643513986094,-1.8029608246533797,0.3237373737373737,-1.8029608246533797,0.5089147233206831,-546.0,0.4343434343434343,0.1919191919191919,0.5555555555555556,0.4525252525252525,0.3858585858585858,榮運
14.949999809265137,15.25,14.800000190734863,15.149999618530272,1037592.0,0.0631578679670366,14.529999923706054,0.0669013959172932,13.949999904632568,0.1698841576577581,13.883333285649618,0.0803869879070358,13.915419244766236,0.0057678422332238,71.42858310622253,372957.3,2.7820664724889417,0.086021485455294,2611.TW,2026-08-17,0.0796145902191007,0.0940389887923964,neutral,0.242368177613321,0.1396854764107308,2026-03-31,2026-05-15,353426000.0,93706000.0,35228000.0,64426000.0,5952000.0,53112000.0,0.28,2531460000.0,477345000.0,3873907000.0,1025452000.0,2848455000.0,534450000.0,60000000.0,9174000.0,,0.0923850619315183,31973459.038276475,3396562000.0,0.0094134772273482,0.0186458975128622,0.0137101897386798,0.3600028787535699,0.2651361246767357,0.0996757454177112,0.1502775687131111,1.1037011464149238,,,54.537917356638296,54.537917356638296,False,71.4052748826066,71.4052748826066,67.18843550111453,309.0,True,False,True,True,True,True,True,True,False,True,True,True,True,True,False,False,False,12,False,0.0912364708689901,0.0887203146414994,1.0,5650302.95272808,0.7187789084181314,0.0,3.0,,,,,,0.0545758348909308,0.0132594933118758,0.2225339833310263,-1.306567845958322,0.7116161616161616,-1.306567845958322,0.5396263259338854,-309.0,0.6161616161616161,0.5757575757575758,0.6161616161616161,0.6161616161616161,0.604040404040404,志信
85.5,87.0999984741211,85.5,87.0,1357791.0,-0.0124857944741533,86.63999938964844,0.0998735989668004,83.89000053405762,0.2219101647327794,79.41110420227051,0.227080368513737,75.48721885681152,0.0148188423754094,62.81406553534384,2361809.75,0.5748943156831324,0.0370723500553535,2637.TW,2026-08-17,0.0796145902191007,0.0940389887923964,neutral,0.1609620721554116,0.093432007400555,2026-03-31,2026-05-15,4338022000.0,1244039000.0,1197473000.0,1201283000.0,6082000.0,1195201000.0,1.6,8930959000.0,8128467000.0,84286573000.0,33874386000.0,50412187000.0,5975075000.0,2132536000.0,18694305000.0,992902000.0,0.0050629202277897,1191410289.726068,76158106000.0,0.0156439065032167,0.0237085726909645,0.0141802063775923,0.6719483524886551,0.2867756318432686,0.276041246448266,0.2755175054437253,0.2360516073148353,,,62.80204855376821,62.80204855376821,False,78.9090717823323,78.9090717823323,74.88231597519128,238.0,True,True,True,True,True,True,True,True,True,True,True,True,False,True,True,False,False,13,False,0.0955646678630683,0.1525129858741594,1.0,205477448.25,0.2627197039777983,1.0,3.0,,,,,,0.0190967762487202,-0.0337984096824933,0.2075839603542096,-1.876452114667812,0.3727272727272727,-1.876452114667812,0.3569880562113187,-238.0,0.7070707070707071,0.8383838383838383,0.2929292929292929,0.6449494949494949,0.6636363636363637,慧洋-KY
58.29999923706055,59.29999923706055,58.0,59.20000076293945,137732.0,0.011965825007512,58.66000061035156,0.0459364374366044,57.935000038146974,0.1127819532698157,55.67059809366862,0.2032520293685165,52.77654902140299,0.0087054931604058,66.66668128237015,186613.25,0.7380612041213579,0.0218348273748087,2832.TW,2026-08-17,0.0796145902191007,0.0940389887923964,neutral,0.3080481036077706,0.1988899167437557,2026-03-31,2026-05-15,,,514384000.0,513794000.0,96832000.0,,,,,25841065000.0,13610551000.0,12230514000.0,3713301000.0,,,,0.1884646375784847,417440805.8638287,25841065000.0,0.0161541641516643,,,1.112835568480605,,,,,,,55.14019466216183,55.14019466216183,False,66.3095653851069,66.3095653851069,63.517222704370624,306.0,True,False,True,True,True,True,True,True,False,True,True,True,False,True,False,False,False,11,False,0.0633979657149079,0.1217103403053407,1.0,11047504.54237461,0.6364477335800185,1.0,3.0,,,,,,0.034517330587565,0.0013844913841275,0.1446340546317015,-1.6774057622902103,0.456060606060606,-1.6774057622902103,0.3966925774996184,-306.0,0.6262626262626263,0.3838383838383838,0.3333333333333333,0.5823232323232324,0.4949494949494949,台產
159.0,163.0,159.0,163.0,297891.0,0.0092879256965945,160.0,0.1088435374149658,156.925,0.1941391941391941,147.03312861124675,0.4298245614035088,135.1748976389567,0.0216471354166667,60.526315789473685,415360.2,0.7171871546672021,0.0387127608730284,2850.TW,2026-08-17,0.0796145902191007,0.0940389887923964,neutral,0.1480111008325624,0.1165587419056429,2026-03-31,2026-05-15,,,1507350000.0,1508204000.0,248433000.0,,,,,58099283000.0,36260125000.0,21839158000.0,14722947000.0,,,,0.1647210854765005,1259057671.8069968,58099283000.0,0.0216707953488341,,,1.6603261444420157,,,,,,,51.89726928896828,51.89726928896828,False,80.34544604399407,80.34544604399407,73.23340185523763,341.0,True,True,True,True,True,True,True,True,True,True,True,True,False,True,False,False,False,13,False,0.1085936995258354,0.2058451890628563,1.0,67703712.60000001,0.3792784458834413,2.0,3.0,,,,,,-0.0013100941698875,-0.0896288231896159,0.1889087454952383,-1.9979644936919356,0.2247474747474747,-1.9979644936919356,0.1955992310302948,-341.0,0.5959595959595959,0.7777777777777778,0.1515151515151515,0.5292929292929293,0.5616161616161616,新產
9.699999809265137,9.729999542236328,9.449999809265137,9.710000038146973,15216437.0,0.001030951451389,9.597999954223631,0.052004390001773,9.569000053405762,0.2726081117311314,8.771833284695942,0.1928746472488898,8.287749977906545,0.0169509566130232,62.16216216216212,18835624.8,0.8078541148260715,0.0147350803588957,2867.TW,2026-08-17,0.0796145902191007,0.0940389887923964,neutral,0.2876965772432932,0.0767807585568917,2026-03-31,2026-05-15,,,-260328000.0,-260476000.0,-99972000.0,,,,,1583200325000.0,1505084533000.0,78115792000.0,70736282000.0,,,,0.3838050338610851,-160412803.14501145,1583200325000.0,-0.0001013218609243,,,19.267352918856663,,,,,,,0.0,0.0,False,74.38621579072897,74.38621579072897,55.78966184304673,1080.0,True,False,True,True,True,True,True,True,False,True,True,True,True,True,False,False,False,12,False,0.1069521869604879,0.171608707312824,1.0,182893917.52652207,0.2784458834412581,0.0,3.0,,,,,,0.0192249645435552,-0.0107432325666081,0.2065975261403204,-0.4913190446504424,0.5742424242424242,-0.4913190446504424,0.5868478610650592,-1080.0,0.0101010101010101,0.101010101010101,0.6868686868686869,0.1116161616161616,0.1727272727272727,三商壽
101.0,101.0,97.3000030517578,98.0999984741211,34096299.0,-0.0287128863948407,99.67999877929688,0.0436170050438413,98.40499992370606,0.2308657745348223,97.73160909016929,0.2324120647566918,86.18163782755533,0.01031827041376,55.21234747844181,21016542.1,1.6223553255223655,-0.003099450737477,2882.TW,2026-08-17,0.0796145902191007,0.0940389887923964,neutral,0.3145235892691952,0.0906567992599444,2026-03-31,2026-05-15,72538053000.0,,,38391738000.0,6735806000.0,31593811000.0,,,,14450034484000.0,13633007653000.0,817026831000.0,293505959000.0,,,,0.1754493636104726,,14450034484000.0,,0.0386692453677815,0.0021864176888285,16.686119887046893,,,0.4355480977687669,-0.3173702053156907,,,13.906153918122188,13.906153918122188,False,71.68085293711894,71.68085293711894,57.23717818236975,985.0,True,False,True,True,False,True,True,True,False,True,True,True,True,True,False,False,False,11,False,0.0037693985332005,0.1382935036627377,1.0,2061722747.9413016,0.0730804810360777,1.0,3.0,,,,,,-0.0284023834823257,-0.1357680875775324,0.3481251955742948,-1.0163085997609198,0.4813131313131313,-1.0163085997609198,0.4653201198037928,-985.0,0.0707070707070707,0.1515151515151515,0.4848484848484848,0.1328282828282828,0.1777777777777777,國泰金
31.5,31.64999961853028,30.89999961853028,31.39999961853028,52073712.0,0.0112721542695555,31.35999984741211,0.0626057674867728,30.63750009536744,0.4470045398411717,28.75531756083171,0.5279805734446199,24.81057540575664,0.0116394273328858,63.84614797738888,45246508.0,1.150889080766189,0.0248877852562825,2883.TW,2026-08-17,0.0796145902191007,0.0940389887923964,neutral,0.2571692876965772,0.032377428307123,2026-03-31,2026-05-15,23565513000.0,,,13099615000.0,1407592000.0,11689699000.0,,,,4235032868000.0,3864021319000.0,371011549000.0,75116245000.0,,,,0.1074529289601259,,4235032868000.0,,0.0315076418281523,0.0027602380818169,10.414827596108069,,,0.4960511150340754,-0.1317078255463794,,,12.146336472811727,12.146336472811727,False,76.64449013095653,76.64449013095653,60.51995171642033,1013.0,True,True,True,True,True,True,True,True,False,True,True,True,True,True,False,False,False,13,False,0.0919719301344441,0.2655893345885376,1.0,1420740333.9398272,0.0971322849213691,1.0,3.0,,,,,,-0.0051465731109268,-0.1243483049919873,0.2918885473624113,-1.1999695680462172,0.4575757575757576,-1.1999695680462172,0.4239583505810229,-1013.0,0.0303030303030303,0.2525252525252525,0.4141414141414141,0.0878787878787878,0.1737373737373737,凱基金
37.29999923706055,37.900001525878906,36.650001525878906,37.75,55998996.0,-0.0013227311658653,37.27000045776367,0.0529986501185055,37.24500045776367,0.2060703169379754,34.856186644236246,0.0832138207418398,33.70934330622355,0.0157496460839022,62.71186111919313,40581329.25,1.379920200617874,0.0135588545047542,2884.TW,2026-08-17,0.0796145902191007,0.0940389887923964,neutral,0.2830712303422756,0.1045328399629972,2026-03-31,2026-05-15,25169421000.0,,,12706707000.0,2639201000.0,10056957000.0,,,,4679436007000.0,4394289185000.0,285146822000.0,45485669000.0,,,,0.2077014131198586,,4679436007000.0,,0.0352693988642805,0.0021491814365995,15.410619533399537,,,0.3995704549580223,0.174006725249566,,,29.938092003685178,29.938092003685178,False,76.28838039432068,76.28838039432068,64.7008082966618,685.0,True,True,True,True,True,True,True,True,False,True,True,True,True,True,False,False,False,13,False,0.0830215130903389,0.1198675588862761,1.0,1531945179.1875,0.0897317298797409,1.0,3.0,,,,,,-0.0779730101412051,-0.1849693385070246,0.1574802146107856,-1.423860571611103,0.2005050505050505,-1.423860571611103,0.1705362074787036,-685.0,0.303030303030303,0.4343434343434343,0.1212121212121212,0.2757575757575757,0.3060606060606061,玉山金
69.69999694824219,69.9000015258789,67.80000305175781,68.30000305175781,26375767.0,0.0014663652198037,68.93999938964843,0.1178396152737475,66.32499904632569,0.2395645180251029,65.09493363698324,0.4672396169961934,57.14246676762899,0.0198314859427957,66.00001831055619,28231596.0,0.9342641131588876,0.0297776710716972,2885.TW,2026-08-17,0.0796145902191007,0.0940389887923964,neutral,0.1322849213691027,0.0878815911193339,2026-03-31,2026-05-15,39984934000.0,,,18723853000.0,3129395000.0,14409154000.0,,,,4640879682000.0,4254342700000.0,386536982000.0,77947312000.0,,,,0.167134136334012,,4640879682000.0,,0.0372775560192064,0.0031048324859373,11.00630184979299,,,0.360364581319554,0.2805185364050884,,,38.0190051862678,38.0190051862678,False,75.7603092696337,75.7603092696337,66.32498324879222,559.0,True,True,True,True,True,True,True,True,True,True,True,True,True,True,False,False,False,14,False,0.0492368489481589,0.1952582188917599,1.0,1928218092.9559937,0.0767807585568917,1.0,3.0,,,,,,-0.1004346058974754,-0.1859865472619893,0.1553411793841619,-1.4752743927970509,0.1757575757575757,-1.4752743927970509,0.1487174329765101,-559.0,0.4242424242424242,0.5353535353535354,0.1111111111111111,0.3772727272727272,0.3949494949494949,元大金
37.70000076293945,37.70000076293945,36.79999923706055,37.150001525878906,78610354.0,0.0348189400242482,36.46000061035157,0.0990481194756429,35.1475004196167,0.5609244838978897,32.32286860148112,0.4683795512317628,28.25476760864258,0.0154475277134176,63.91303294999534,58047549.0,1.3542407104906358,0.056974211035063,2887.TW,2026-08-17,0.0796145902191007,0.0940389887923964,neutral,0.1637372802960222,0.0175763182238667,2026-03-31,2026-05-15,47867456000.0,,,25588754000.0,4532177000.0,21040510000.0,,,,9064708955000.0,8465511408000.0,599197547000.0,97795796000.0,,,,0.1771159705548773,,9064708955000.0,,0.035114479532407,0.0023211456765409,14.12808088147931,,,0.439557723727787,0.933005034802805,,,37.907562917661295,37.907562917661295,False,84.11162719809394,84.11162719809394,72.56061112798578,560.0,True,True,True,True,True,True,True,True,True,True,True,True,True,True,False,False,False,14,False,0.1493411053305027,0.3148224059190438,1.0,2156466533.9235306,0.0693802035152636,1.0,3.0,,,,,,-0.1332186316238583,-0.2264154407601358,0.1611523165169482,-1.7640548905724462,0.0873737373737373,-1.7640548905724462,0.0830131933776907,-560.0,0.4141414141414141,0.7575757575757576,0.0303030303030303,0.3565656565656565,0.4404040404040404,台新新光金
40.0,40.04999923706055,38.75,39.59999847412109,48284253.0,0.01799477945461,39.79999923706054,0.0464941761308361,39.23125190734864,0.3608246719933907,37.26108226776123,0.2147239364307582,34.42470779418945,0.0118348543965708,56.93428583839263,34957221.25,1.3812383042316327,0.0093993066457147,2890.TW,2026-08-17,0.0796145902191007,0.0940389887923964,neutral,0.3061979648473635,0.0527289546716003,2026-03-31,2026-05-15,26199317000.0,,,13172491000.0,2157069000.0,10973530000.0,,,,3820349236000.0,3552231164000.0,268118072000.0,41779009000.0,,,,0.163755587306911,,3820349236000.0,,0.0409279759403909,0.0028723892299148,13.24875692825361,,,0.4188479417230609,0.4040584778805451,,,40.18365017296791,40.18365017296791,False,73.93863843063184,73.93863843063184,65.49989136621586,506.0,True,False,True,True,True,True,True,True,False,True,True,True,True,True,False,False,False,12,False,0.0627710217741988,0.1503365173314608,1.0,1384305908.1595132,0.0980573543015726,1.0,3.0,,,,,,-0.1014154718984567,-0.191631505522721,0.1533825390516033,-1.4894668137200944,0.1631313131313131,-1.4894668137200944,0.1354913853590318,-506.0,0.4848484848484848,0.4747474747474747,0.0909090909090909,0.4257575757575757,0.403030303030303,永豐金
17.700000762939453,18.64999961853028,17.600000381469727,18.100000381469727,4976649.0,0.0969697200890742,16.84000015258789,0.1753247292091253,16.46500015258789,0.3260073910110921,15.317500019073488,0.1347962757313441,14.8737500111262,0.0223533086363761,72.09303253983146,1548168.3,3.2145400470995305,0.0993015617205963,2905.TW,2026-08-17,0.0796145902191007,0.0940389887923964,neutral,0.0860314523589269,0.0582793709528214,2026-03-31,2026-05-15,29552820000.0,,,,-68929000.0,32878000.0,0.03,133124099000.0,1468399841000.0,1617410517000.0,62246052000.0,86764624000.0,72610211000.0,2757000000.0,7269508000.0,,,,149010676000.0,,0.0003789332389661,2.032755423217024e-05,0.717412801788895,,,0.0011125165043471,-0.4161502905041906,,,21.27042291580655,21.27042291580655,False,79.2372022987947,79.2372022987947,64.74550745304767,840.0,True,True,True,True,True,True,True,False,True,True,True,True,False,True,False,False,False,12,False,0.1816549932385471,0.2169090086851099,1.0,28021846.82057934,0.513413506012951,0.0,3.0,,,,,,0.0059247965975885,-0.0372966295136872,0.208096773349202,-1.7399898567415852,0.3712121212121212,-1.7399898567415852,0.4110504718471809,-840.0,0.1313131313131313,0.4444444444444444,0.3838383838383838,0.1691919191919192,0.2757575757575757,三商
65.80000305175781,67.69999694824219,65.0999984741211,66.19999694824219,953590.0,-0.0363901035087886,68.5,0.1163574671156044,61.13789882659912,0.0694668064033174,63.50096613566081,0.3427991475196073,58.317566363016766,0.026959885192238,69.01467056893426,1063866.15,0.8963439620670327,0.082798038840038,3003.TW,2026-08-17,0.0796145902191007,0.0940389887923964,neutral,0.1359851988899167,0.2608695652173913,2026-03-31,2026-05-15,1263159000.0,291390000.0,111988000.0,120680000.0,40410000.0,73811000.0,0.47,6542183000.0,1409389000.0,8333214000.0,1821129000.0,6512085000.0,2249606000.0,451528000.0,158298000.0,,0.3348525024859131,74488537.95160756,6923825000.0,0.0107582929885731,0.0113344650753176,0.0088574468386387,0.2796537514482689,0.2306835481518953,0.0886570890917137,0.0584336572038832,0.2552234771772852,,,47.83935568476647,47.83935568476647,False,62.393351951832805,62.393351951832805,58.75485288506622,397.0,True,False,True,True,True,False,True,True,True,False,True,True,True,True,False,False,False,11,False,0.0425037755617021,0.1351639150399153,1.0,70427935.88333815,0.3737280296022202,1.0,3.0,,,,,,0.0311931119022197,-0.0120634195127009,0.2092798814362001,-1.565046448843481,0.5348484848484849,-1.565046448843481,0.4855541388437833,-397.0,0.5353535353535354,0.202020202020202,0.5050505050505051,0.5308080808080808,0.4292929292929293,健和興
3230.0,3230.0,3115.0,3150.0,3117257.0,0.139240506329114,3051.0,0.4754098360655738,2609.75,0.2377210216110019,2519.083333333333,1.0723684210526314,2378.0416666666665,0.0922883750130794,76.30057803468208,4644020.2,0.6712410510186841,0.2070121659162755,3017.TW,2026-08-17,0.0796145902191007,0.0940389887923964,neutral,0.0111008325624421,0.0888066604995374,2026-03-31,2026-05-15,49037946000.0,14597401000.0,12019030000.0,11979060000.0,3304089000.0,7915619000.0,20.17,135871669000.0,112699102000.0,175993383000.0,124678400000.0,51314983000.0,67880246000.0,16445795000.0,7190026000.0,,0.2758220594938167,8703916392.282032,63294281000.0,0.1375150527783392,0.1542555124689411,0.0449767989288551,2.4296685433959904,0.2976756204266794,0.2450965217833552,0.161418241294201,1.1016606943545204,,,82.5145908535667,82.5145908535667,False,82.4468085106383,82.4468085106383,82.46375409637041,70.0,True,True,True,True,True,True,True,False,True,True,False,False,False,False,True,False,False,9,False,0.2504548612259749,0.3246193471518932,1.0,14628663630.0,0.0138760407030527,3.0,2.0,,,,,,0.0284302816651456,-0.0660029572429756,0.3695124695361779,-1.292871632345102,0.6323232323232323,-1.292871632345102,0.6694250121480694,-70.0,0.9090909090909092,0.9393939393939394,0.8080808080808081,0.8939393939393939,0.897979797979798,奇鋐
94.4000015258789,97.0,94.4000015258789,96.5,2671381.0,-0.1460176991150442,100.45999908447266,0.2324392878530494,94.9949993133545,0.3477653918509327,86.67833353678385,0.5950413223140496,76.13833338419596,0.047469391923292,56.23931884765625,4374700.9,0.6106431184815401,0.0158429464448022,3022.TW,2026-08-17,0.0796145902191007,0.0940389887923964,neutral,0.0564292321924144,0.0555041628122109,2026-03-31,2026-05-15,1592354000.0,448280000.0,36432000.0,189589000.0,22663000.0,168988000.0,0.96,10450596000.0,3234728000.0,16026933000.0,4335529000.0,11691404000.0,3432970000.0,92494000.0,,,0.1195375259113134,32077008.85599903,12792205000.0,0.0025075433716078,0.0144540381976364,0.0105440011510624,0.3708304836613293,0.281520315206292,0.0228793346203168,0.1061246431383976,-0.1038362140769989,,,30.04604328275842,30.04604328275842,False,77.95011877616275,77.95011877616275,65.97409990281167,681.0,True,True,True,True,True,True,True,True,True,True,True,True,False,True,False,False,False,13,False,0.1133116669697866,0.2674298964893091,1.0,422158636.85,0.1868640148011101,1.0,3.0,,,,,,0.0311270206768371,-0.0474054379879187,0.2763622090970333,-1.408047404694463,0.5888888888888889,-1.408047404694463,0.5566773301896796,-681.0,0.3131313131313131,0.5252525252525253,0.6363636363636364,0.3616161616161616,0.4414141414141415,威強電
111.5,111.5,108.5,109.5,770075.0,0.0045871559633028,109.8,0.0579710144927536,106.4900001525879,0.1288659793814432,103.6683334350586,0.0074853909050343,102.53943506876628,0.0162229220109226,62.738855979356885,1430263.2,0.5384148875535636,0.028265563368383,3029.TW,2026-08-17,0.0796145902191007,0.0940389887923964,neutral,0.2673450508788159,0.1813135985198889,2026-03-31,2026-05-15,6876938000.0,811379000.0,385472000.0,424218000.0,78018000.0,295873000.0,1.77,12286821000.0,7803745000.0,15126326000.0,8760650000.0,6365676000.0,2911146000.0,3716000.0,,,0.1839101593991768,314579783.0360805,7322581000.0,0.0429602326059732,0.0464794312497211,0.0195601364138258,1.3762324692617092,0.1179855045952137,0.0560528537555522,0.0430239446683974,0.0168646985516829,,,48.26050505492552,48.26050505492552,False,72.87020992538478,72.87020992538478,66.71778370776997,395.0,True,False,True,True,True,True,True,True,False,True,True,True,False,True,False,False,False,11,False,0.056253113865234,0.0678818342091092,1.0,156613820.4,0.2886216466234967,2.0,3.0,,,,,,0.0306801167904848,-0.017418616998335,0.2206335997416342,-0.8031447723034768,0.6156565656565657,-0.8031447723034768,0.6216380131942667,-395.0,0.5454545454545454,0.5656565656565656,0.7272727272727273,0.5727272727272726,0.5878787878787879,零壹
510.0,513.0,498.5,509.0,3209569.0,-0.0643382352941176,526.8,0.1113537117903931,518.425,0.0484037075180225,505.9195912679036,0.3465608465608465,458.8389623006185,0.0302051766108598,56.22641509433962,4178098.95,0.7681888433973063,-0.0181800646187972,3034.TW,2026-08-17,0.0796145902191007,0.0940389887923964,neutral,0.1424606845513413,0.3172987974098057,2026-03-31,2026-05-15,23145303000.0,9039901000.0,4027546000.0,4389348000.0,622236000.0,3767112000.0,6.19,79261926000.0,21790635000.0,103666583000.0,31738768000.0,71927815000.0,48919537000.0,,,,0.1417604619182621,3456599218.642951,81875948000.0,0.0422175169030464,0.0523735080788982,0.036338730292673,0.4412586146263444,0.390571728527382,0.1740113750077067,0.1627592432036858,-0.1465659805926223,,,75.54535048945058,75.54535048945058,False,67.4897262997031,67.4897262997031,69.50363234713997,116.0,True,False,True,True,False,True,True,True,True,False,True,True,False,True,True,False,False,10,False,0.006088731856334,0.1093216614558494,1.0,2126652365.55,0.0703052728954671,3.0,3.0,,,,,,0.0655994123307426,0.0160989756147554,0.3539057564212801,-0.4240975405113525,0.8853535353535353,-0.4240975405113525,0.8525132907114739,-116.0,0.8888888888888888,0.6565656565656566,0.9090909090909092,0.8919191919191919,0.8232323232323233,聯詠
187.0,196.5,184.5,195.5,28292749.0,0.0831024930747923,184.6,0.2452229299363058,167.2,0.1107954545454545,192.2843910217285,1.1650054639305392,157.00136216481528,0.0110355253212395,71.90476190476191,14436421.55,1.95981732051874,0.1692583732057417,3042.TW,2026-08-17,0.0796145902191007,0.0940389887923964,neutral,0.0490286771507863,0.2044403330249768,2026-03-31,2026-05-15,3339207000.0,1079697000.0,503644000.0,553314000.0,102509000.0,450359000.0,1.32,13992302000.0,6050925000.0,22717388000.0,7476497000.0,15240891000.0,3786387000.0,763633000.0,975643000.0,,0.1852637019847681,410337048.0775834,16666463000.0,0.0246205237474552,0.029549387893398,0.0198244181945565,0.490555112558708,0.3233393437423915,0.1508274269908993,0.134870045492837,0.0545652359281587,,,61.80661362727634,61.80661362727634,False,70.4196536888625,70.4196536888625,68.26639367346596,244.0,True,False,True,True,True,False,True,True,True,True,True,True,True,False,True,False,False,11,False,0.0167231929809015,0.2452121262156312,1.0,2822320413.025,0.0536540240518038,2.0,3.0,,,,,,-0.0154744422636437,-0.0879887178155448,0.2758721096501172,-1.2793497738502733,0.4510101010101009,-1.2793497738502733,0.5038955976077222,-244.0,0.6868686868686869,0.6060606060606061,0.5454545454545454,0.6656565656565656,0.6343434343434344,晶技
60.0,62.0,59.09999847412109,62.0,1041914.0,0.0490694010279675,61.07999954223633,0.1946049745120899,56.02500019073487,0.1610486559621788,55.32851219177246,0.2665985502280286,51.92300605773926,0.035965230713548,75.13811945103762,607737.6,1.714414247201424,0.1066488137246495,3046.TW,2026-08-17,0.0796145902191007,0.0940389887923964,neutral,0.0730804810360777,0.1480111008325624,2026-03-31,2026-05-15,1818011000.0,164863000.0,94671000.0,110981000.0,17198000.0,94001000.0,1.2,3347000000.0,2193135000.0,3800793000.0,2266693000.0,1534100000.0,1823720000.0,113083000.0,,,0.1549634622142529,80000454.06871447,1607658000.0,0.0497621098944641,0.0612743628185907,0.0247319440969292,1.4775392738413402,0.0906831696837918,0.0520739423468834,0.0517054077230555,0.0112825744495272,,,51.57995742194333,51.57995742194333,False,82.04125713181253,82.04125713181253,74.42593220434523,345.0,True,True,True,True,True,True,True,False,True,True,True,True,True,True,False,False,False,13,False,0.1205795627596797,0.1940757037652047,1.0,37679731.2,0.4680851063829787,1.0,3.0,,,,,,0.0905533591534274,0.0460638665622728,0.333465767344828,-0.1084221298264194,0.9505050505050506,-0.1084221298264194,0.8881542493356646,-345.0,0.5757575757575758,0.8181818181818182,0.9292929292929292,0.6287878787878788,0.7191919191919192,建碁
54.0,55.09999847412109,50.5,54.20000076293945,1613799.0,0.0648329889613605,53.58000030517578,0.4395749951214431,45.81750030517578,0.3686869406916666,44.17583357493083,1.486238654118762,36.30416673024495,0.0899845330748202,74.74915818321949,992107.05,1.626637972182538,0.182954120192732,3229.TW,2026-08-17,0.0796145902191007,0.0940389887923964,neutral,0.0157261794634597,0.0508788159111933,2026-03-31,2026-05-15,342922000.0,37599000.0,21175000.0,35503000.0,188000.0,35315000.0,0.55,692865000.0,303681000.0,941103000.0,306548000.0,634555000.0,107034000.0,151140000.0,,,0.0052953271554516,21062871.447483312,637422000.0,0.0330438413601716,0.0556531742717337,0.0375251168044305,0.4830913002025041,0.1096430091974268,0.0617487358641323,0.1029826024577017,0.4578839294444752,,,67.33482851500801,67.33482851500801,False,88.03426111679522,88.03426111679522,82.85940296634843,186.0,True,True,True,True,True,True,True,False,True,True,True,False,True,False,True,False,False,11,False,0.2269151791104446,0.4929415999454825,1.0,53772202.86691761,0.4070305272895467,1.0,3.0,,,,,,0.0062615454552287,-0.0407569335179183,0.2451108768815325,-1.7564512870363314,0.404040404040404,-1.7564512870363314,0.4255735735220202,-186.0,0.7878787878787878,0.9494949494949496,0.4242424242424242,0.7333333333333333,0.7636363636363636,晟鈦
67.0,67.0,64.0999984741211,65.0999984741211,1420074.0,0.1302083367826765,62.41999969482422,0.1857922889753307,58.3649995803833,0.0902835587447254,59.11198819478353,0.4778361050451964,54.03080762227376,0.018319811701776,72.68040416116501,640509.05,2.217102162725101,0.1153944820039278,3356.TW,2026-08-17,0.0796145902191007,0.0940389887923964,neutral,0.0795559666975023,0.2303422756706753,2026-03-31,2026-05-15,281264000.0,139594000.0,10233000.0,198018000.0,20957000.0,176986000.0,2.21,2893011000.0,391712000.0,3096581000.0,420305000.0,2676276000.0,809972000.0,50000000.0,,,0.1058338130876991,9150002.590673575,2704869000.0,0.0033827895512402,0.0661314453367291,0.0571552948235489,0.157048450907156,0.4963095170373741,0.0363821889754821,0.6292522327777462,0.0806540849572754,,,63.62657398368869,63.62657398368869,False,66.4709709409687,66.4709709409687,65.75987170164869,230.0,True,False,True,True,True,False,True,False,True,False,False,True,True,True,True,False,False,9,False,0.101299422709419,0.2048681361424653,1.0,41697138.17766076,0.4486586493987049,1.0,3.0,,,,,,0.041931391774791,-0.0304457229332701,0.1823898346403516,-1.558115856926069,0.5126262626262625,-1.558115856926069,0.5027085654061373,-230.0,0.7272727272727273,0.5050505050505051,0.5353535353535354,0.6984848484848485,0.6222222222222222,奇偶
93.1999969482422,93.1999969482422,91.0999984741211,92.0999984741211,8669436.0,-0.0086114428268868,91.77999877929688,0.0418551683752972,90.55499992370603,0.048974889213027,89.2983336130778,0.152690822468767,85.37833366394042,0.0065021614200947,58.51528093309094,13051961.2,0.6642247756605345,0.0170614383713403,3706.TW,2026-08-17,0.0796145902191007,0.0940389887923964,neutral,0.3246993524514338,0.3145235892691952,2026-03-31,2026-05-15,31863922000.0,2934046000.0,1186173000.0,1645175000.0,108264000.0,1460985000.0,1.1,82662619000.0,48216898000.0,135913012000.0,68280278000.0,67632734000.0,9782105000.0,1879510000.0,7968750000.0,,0.0658069810202562,1108114535.9022596,87696114000.0,0.0126358453682709,0.0216017439129401,0.0107494122784947,1.009574417027116,0.0920805040886052,0.0372262083744744,0.0458507587358517,0.3464486758783238,,,39.67324991044731,39.67324991044731,False,66.05691726243984,66.05691726243984,59.46100042444171,515.0,True,False,True,True,True,True,True,True,False,False,True,True,False,True,False,False,False,10,False,0.031374212123405,0.0787279924745072,1.0,1202085606.6042876,0.1073080481036077,1.0,3.0,,,,,,0.0327688988259819,-0.0238989308632389,0.1943469001304152,-1.7409534307549352,0.4666666666666667,-1.7409534307549352,0.4108402600522997,-515.0,0.4747474747474747,0.2222222222222222,0.3737373737373737,0.4595959595959595,0.3787878787878788,神達
53.0,53.79999923706055,51.70000076293945,53.400001525878906,425848.0,0.0171428862072171,53.9,0.1434689647426406,50.67749996185302,0.2639053615592641,45.77976989746094,0.0113636798766696,47.60030155181884,0.0398584204477854,61.37932086813042,303338.75,1.403869436397427,0.0537220969083955,4119.TW,2026-08-17,0.0796145902191007,0.0940389887923964,neutral,0.1082331174838112,0.0795559666975023,2026-03-31,2026-05-15,375798000.0,82325000.0,33151000.0,28590000.0,8480000.0,20110000.0,0.17,1104577000.0,1053320000.0,6954821000.0,1544198000.0,5410623000.0,51949000.0,390000000.0,300399000.0,,0.2966072053165442,23318174.53655124,5901501000.0,0.0039512277531684,0.0037167623765322,0.0028915194222827,0.2854011451176694,0.2190671584202151,0.0882149452631466,0.0535127914464685,0.0430373141784996,,,33.11973270077256,33.11973270077256,False,87.18505972247027,87.18505972247027,73.66872796704584,628.0,True,True,True,True,True,True,True,True,True,True,True,True,True,True,False,False,False,14,False,0.1664541269098998,0.121841664547994,1.0,16198289.7128582,0.5781683626271971,1.0,3.0,,,,,,0.0139266236631583,-0.0354528840661536,0.1734030876506803,-1.848169825924602,0.3166666666666666,-1.848169825924602,0.3172832962380663,-628.0,0.3939393939393939,0.7878787878787878,0.2424242424242424,0.3712121212121212,0.4818181818181818,旭富
15.300000190734863,15.800000190734863,15.149999618530272,15.699999809265137,2460139.0,0.0902777934147993,14.9,0.0940766126765175,14.484999990463256,0.1174376936747907,14.922790320714316,0.1544117183008833,14.200561825434368,0.0025956047776261,77.77778955153973,1102522.2,2.231373663042794,0.08387986327938,4306.TW,2026-08-17,0.0796145902191007,0.0940389887923964,neutral,0.1729879740980573,0.1924144310823311,2026-03-31,2026-05-15,3266440000.0,556508000.0,165625000.0,302191000.0,119003000.0,155400000.0,0.24,24550171000.0,15849766000.0,37327313000.0,24023660000.0,13303653000.0,2738401000.0,5787002000.0,7511840000.0,,0.3938006095482658,100401774.04356848,21477547000.0,0.0046747318976216,0.0116810022029287,0.0041631713485511,1.8057942431300635,0.1703714135266528,0.0507050489217619,0.0475747296751203,0.0909570639640227,,,24.18555826097449,24.18555826097449,False,61.989988606615,61.989988606615,52.53888102020488,782.0,True,False,True,True,True,False,True,False,True,True,True,True,True,True,False,False,False,11,False,0.0520820484538993,0.105590046525142,1.0,17309598.329710577,0.5652173913043478,0.0,3.0,,,,,,0.0355845049655076,0.0018082967999527,0.2565110795149112,-1.4608989944910618,0.6545454545454545,-1.4608989944910618,0.6545454545454545,-782.0,0.1919191919191919,0.0606060606060606,0.797979797979798,0.2828282828282828,0.2737373737373737,炎洲
101.5,106.0,101.5,104.5,55722.0,0.0,102.0,0.0346534653465346,101.46999969482422,0.1358695652173913,95.56320075988768,0.0145631067961164,94.62743384043377,0.0007918444364864,64.90065622871604,23686.6,2.352469328649954,0.0298610457700665,4439.TW,2026-08-17,0.0796145902191007,0.0940389887923964,neutral,0.3432007400555041,0.1720629047178538,2026-03-31,2026-05-15,1813173000.0,351234000.0,137515000.0,120652000.0,21935000.0,98717000.0,2.59,3706764000.0,2411825000.0,6690736000.0,3165004000.0,3525732000.0,605864000.0,578186000.0,268213000.0,468173000.0,0.1818038656632297,112514241.41332096,4278911000.0,0.0262950646585827,0.0279990084328587,0.01475428114336,0.8976870618640328,0.1937123484631637,0.075842183840152,0.0544443359789716,0.0206853419814041,,,45.1072184501587,45.1072184501587,False,68.55676318487625,68.55676318487625,62.694377001196855,431.0,True,False,True,True,True,True,True,True,False,True,True,True,True,True,False,False,False,12,False,0.0935171610939122,0.1043309086899042,1.0,2475249.7,0.8251618871415356,2.0,3.0,,,,,,0.0529558129631307,0.0232074658291092,0.2639578587226692,-0.3356401652539448,0.8212121212121212,-0.3356401652539448,0.7544660604182061,-431.0,0.5252525252525253,0.3232323232323232,0.8484848484848485,0.5737373737373738,0.5292929292929294,冠星-KY
76.0999984741211,76.9000015258789,73.9000015258789,74.5999984741211,3029206.0,-0.0026738578807052,73.7,0.1201201228722035,70.74500064849853,0.1803797084424501,66.71499983469646,0.2415636307374633,64.39257939656575,0.0302169851958776,54.87465160339475,4279468.5,0.7078463131578139,0.0544914522621378,4566.TW,2026-08-17,0.0796145902191007,0.0940389887923964,neutral,0.1295097132284921,0.125809435707678,2026-03-31,2026-05-15,1354549000.0,296455000.0,38413000.0,65488000.0,22696000.0,40409000.0,0.37,5180146000.0,3777583000.0,10646601000.0,5592503000.0,5054098000.0,2044806000.0,832690000.0,976708000.0,0.0,0.3465673100415343,25100309.919374544,6869018000.0,0.0036541336650121,0.0079952941157848,0.0037954836477858,1.10652840526638,0.2188588231212012,0.0283585163770376,0.0298320695670662,0.0816066447931047,,,26.559226672275766,26.559226672275766,False,75.70448440273671,75.70448440273671,63.41816997012148,747.0,True,True,True,True,True,True,True,True,True,True,True,True,False,True,False,False,False,13,False,0.1181892926472569,0.1585185618158315,1.0,319248343.5700493,0.2109158186864014,1.0,3.0,,,,,,-0.0031994785086834,-0.0658647165257259,0.2204102354737431,-1.6117204908606677,0.3797979797979798,-1.6117204908606677,0.3423615941758783,-747.0,0.2222222222222222,0.3737373737373737,0.2727272727272727,0.2297979797979797,0.2777777777777778,時碩工業
140.5,143.0,140.0,143.0,663502.0,0.0957854406130267,137.7,0.1171875,131.5,0.1626016260162601,127.20833333333331,0.1578947368421053,126.00833333333334,0.0179988387845944,77.55102040816327,282933.0,2.3450852321927806,0.0874524714828897,4736.TW,2026-08-17,0.0796145902191007,0.0940389887923964,neutral,0.1341350601295097,0.1452358926919519,2026-03-31,2026-05-15,1074466000.0,531890000.0,272939000.0,362978000.0,69184000.0,284846000.0,2.99,7743817000.0,2835366000.0,13071771000.0,3115964000.0,9955807000.0,2352593000.0,940000000.0,169444000.0,,0.1906010832612444,220916530.9357592,10236405000.0,0.0215814566672341,0.0286110407724858,0.0217909264169331,0.3129795505276468,0.4950272972806957,0.2540229285989505,0.2651047124804321,0.0999991809891194,,,73.12470502530472,73.12470502530472,False,74.63275683572338,74.63275683572338,74.25574388311871,136.0,True,False,True,True,True,True,True,False,True,True,True,True,True,True,True,False,False,12,False,0.1241401899770717,0.134845578996098,1.0,40459419.0,0.4551341350601295,2.0,3.0,,,,,,0.0251190829502986,-0.0111478764210727,0.2683885566498421,-1.0025365913003033,0.6545454545454545,-1.0025365913003033,0.6432126433298135,-136.0,0.8484848484848485,0.8080808080808081,0.7777777777777778,0.8378787878787879,0.8222222222222222,泰博
94.1999969482422,94.8000030517578,88.19999694824219,90.3000030517578,23202258.0,0.008938581583886,92.06000213623048,0.1287500381469724,87.48500061035156,0.1189591879374256,85.7867593129476,0.2736248393280751,82.01337960561116,0.0294775368511294,63.00367272863446,16474941.35,1.4083363034248375,0.0321769723011597,4938.TW,2026-08-17,0.0796145902191007,0.0940389887923964,neutral,0.1211840888066605,0.1896392229417206,2026-03-31,2026-05-15,244105400000.0,10801479000.0,2829288000.0,3464858000.0,605203000.0,1561454000.0,0.58,455223337000.0,347425362000.0,623242706000.0,374551574000.0,248691132000.0,112291906000.0,50872952000.0,7687427000.0,2697039000.0,0.174668918610806,2335099324.60147,275817344000.0,0.0084661076447805,0.0062786878946692,0.0025053706765723,1.5060913953296895,0.0442492423354829,0.0115904359346413,0.0063966385012375,-0.1039816497152077,,,13.24211612714073,13.24211612714073,False,80.48141061741138,80.48141061741138,63.67158699484372,993.0,True,True,True,True,True,True,True,True,True,True,True,True,True,True,False,False,False,14,False,0.0526100271761755,0.1010398972215953,1.0,1487687254.1825306,0.0925069380203515,1.0,3.0,,,,,,-0.0036588311603126,-0.0627426636820694,0.1830388988531168,-1.6917001187638316,0.2904040404040404,-1.6917001187638316,0.2962362043635343,-993.0,0.0606060606060606,0.3939393939393939,0.2121212121212121,0.0833333333333333,0.1909090909090909,和碩
37.95000076293945,40.79999923706055,37.900001525878906,38.70000076293945,6027536.0,0.0705393950048678,37.22999954223633,0.2246835536632834,35.57750024795532,0.1762917619471327,35.81499999364217,0.2169811852648557,32.69833337465922,0.0210216666756527,62.15469624903684,5427504.45,1.1105538568466766,0.0877661581961084,4976.TW,2026-08-17,0.0796145902191007,0.0940389887923964,neutral,0.0601295097132284,0.1332099907493062,2026-03-31,2026-05-15,255023000.0,-36041000.0,-86075000.0,-69043000.0,-1135000.0,,-0.49,1541919000.0,276027000.0,2513042000.0,337040000.0,2176002000.0,819216000.0,,57046000.0,,0.0164390307489535,-84660010.42828383,2237015000.0,-0.0378450794600321,,,0.1548895635206217,-0.1413245079855542,-0.337518576755822,,0.009124831333072,,,25.456241566653603,25.456241566653603,False,76.81799776433867,76.81799776433867,63.97755871491741,761.0,True,True,True,True,True,False,True,True,True,True,True,True,True,True,False,False,False,13,False,0.0805528624824634,0.1835465838430605,1.0,210044426.35585728,0.2599444958371878,1.0,3.0,,,,,,-0.0346889890731764,-0.1065196626970215,0.1082741444164015,-1.956521648901759,0.1116161616161616,-1.956521648901759,0.1333940122574807,-761.0,0.202020202020202,0.4141414141414141,0.0808080808080808,0.1838383838383838,0.2414141414141414,佳凌
58.29999923706055,58.29999923706055,56.400001525878906,57.900001525878906,118959.0,0.0782123035990354,56.01999969482422,0.090395540295489,54.20999965667725,0.1113244380350371,53.58833338419596,-0.0363593583778579,54.23904438018799,0.0124194596254205,74.71266988562923,95990.8,1.2392750138554944,0.0680686569373025,5283.TW,2026-08-17,0.0796145902191007,0.0940389887923964,neutral,0.1840888066604995,0.2035152636447733,2026-03-31,2026-05-15,1223404000.0,353685000.0,-7455000.0,16910000.0,3240000.0,13670000.0,0.16,4507049000.0,2765436000.0,8209751000.0,3417985000.0,4791766000.0,676596000.0,1172000000.0,328000000.0,,0.1916026020106445,-6026602.602010644,5444315000.0,-0.0011069533269126,0.0028528104252169,0.0016650931313263,0.7133038215972983,0.2890991038119869,-0.006093653445632,0.011173741462346,-0.0336491827829927,,,23.489256314333275,23.489256314333275,False,72.05580073597,72.05580073597,59.91416463056082,799.0,True,False,True,True,True,True,True,False,True,True,True,True,True,True,False,False,False,12,False,0.0804590825911844,0.0674967117788705,1.0,5557867.4664703375,0.7206290471785384,1.0,3.0,,,,,,0.0156262341075181,-0.0376160823199266,0.2215049202496881,-1.8608416366465244,0.3843434343434344,-1.8608416366465244,0.3488079054604263,-799.0,0.1616161616161616,0.2323232323232323,0.2828282828282828,0.1797979797979798,0.207070707070707,禾聯碩
187.5,196.0,187.5,195.5,147905.0,-0.010126582278481,191.8,0.0482573726541555,188.74297943115235,0.2990033222591362,181.4893264770508,0.3254237288135593,165.88216323852538,0.0077418812194881,67.0408527908416,206822.5,0.7151301236567588,0.0358001160584222,5288.TW,2026-08-17,0.0796145902191007,0.0940389887923964,neutral,0.3006475485661424,0.0684551341350601,2026-03-31,2026-05-15,2061135000.0,478999000.0,298138000.0,346156000.0,100630000.0,249057000.0,3.59,4729511000.0,1996750000.0,8144719000.0,2033096000.0,6111623000.0,1527526000.0,170275000.0,,0.0,0.2907070800448352,211467172.5695929,6147969000.0,0.0343962652657475,0.0407513683353832,0.0305789555170657,0.3326605715044923,0.2323957431221147,0.1446474879132128,0.120834879811366,0.0892520430725782,,,70.01559901846518,70.01559901846518,False,70.54047953801708,70.54047953801708,70.4092594081291,163.0,True,False,True,True,True,True,True,True,False,True,True,True,False,True,True,False,False,11,False,0.0771983333395689,0.1785474470747439,1.0,40433798.75,0.456059204440333,2.0,3.0,,,,,,0.0295101534431054,-0.0078117352930117,0.233669796386806,-1.5026056987023837,0.5888888888888889,-1.5026056987023837,0.5138463363487471,-163.0,0.8181818181818182,0.7070707070707071,0.5757575757575758,0.7818181818181817,0.7363636363636363,豐祥-KY
46.900001525878906,46.900001525878906,45.45000076293945,45.54999923706055,471636.0,-0.0235798982387629,46.310000610351565,0.1109755911478183,42.70000019073486,0.0580720103206835,43.98188171386719,0.021300466265502,44.73427426020304,0.0274873537268877,73.3590690371793,615947.0,0.7657087379271268,0.0667447080467247,6112.TW,2026-08-17,0.0796145902191007,0.0940389887923964,neutral,0.1443108233117483,0.2867715078630897,2026-03-31,2026-05-15,6018223000.0,834764000.0,167785000.0,90440000.0,48570000.0,32807000.0,0.17,11930415000.0,9613507000.0,15361762000.0,10271180000.0,5090582000.0,1349634000.0,3751754000.0,180432000.0,,0.4,100671000.0,5748255000.0,0.017513314910351,0.0064446462113762,0.0021356274104494,2.017682850408853,0.1387060599117048,0.0278794920028719,0.0054512768968514,0.2736882851262932,,,29.171201546523523,29.171201546523523,False,59.06344660796403,59.06344660796403,51.5903853426039,695.0,True,False,True,True,True,False,True,False,True,False,True,True,False,True,False,False,False,9,False,0.0356537160777943,0.0182348990868328,1.0,28056385.380069733,0.5115633672525439,1.0,3.0,,,,,,0.0556807379274093,-0.0003900418158225,0.1914322336080656,-1.3849951276524637,0.6277777777777778,-1.3849951276524637,0.6323910397240549,-695.0,0.2727272727272727,0.0404040404040404,0.7575757575757576,0.3454545454545454,0.3,邁達特
142.5,149.5,141.0,147.0,2479424.0,-0.069620253164557,147.1,0.3164994325087131,136.175,0.05,133.02040125528973,0.5376569283083501,120.38936723073324,0.0590727246749959,61.19402985074627,3815218.8,0.6498772757148293,0.0794932990637047,6206.TW,2026-08-17,0.0796145902191007,0.0940389887923964,neutral,0.0296022201665124,0.3071230342275671,2026-03-31,2026-05-15,1510237000.0,689057000.0,424206000.0,442845000.0,88742000.0,359024000.0,2.51,5482164000.0,1306580000.0,6928875000.0,1318597000.0,5610278000.0,2258494000.0,,,,0.2003906558728223,339199081.4348135,5622295000.0,0.0603310714636662,0.0639939767690656,0.0518156266349154,0.2350323816395551,0.4562575277919956,0.2808870395838534,0.2377269263036198,0.1096002833077651,,,90.34179168403904,90.34179168403904,False,82.8427104049061,82.8427104049061,84.71748072468934,29.0,True,True,True,True,True,True,True,True,True,False,True,True,False,True,True,False,False,12,False,0.1050936443792629,0.2210380649170282,1.0,560837163.6,0.156336725254394,2.0,1.0,,,,,,-0.0223836180495916,-0.0957587913211677,0.1562991310656459,-1.6243698906050137,0.2292929292929293,-1.6243698906050137,0.2108879370452029,-29.0,0.9696969696969696,0.9797979797979798,0.1717171717171717,0.85,0.8131313131313131,飛捷
66.0,67.5999984741211,65.30000305175781,66.5,2742308.0,0.0091046807318428,66.3,0.2292052102702091,58.694999885559085,0.0657051021452415,65.08500003814697,0.0538827513169171,63.15500001907348,0.0339087581659854,73.750004023314,5306390.9,0.5167934386439567,0.1329755537892283,6269.TW,2026-08-17,0.0796145902191007,0.0940389887923964,neutral,0.0573543015726179,0.2701202590194264,2026-03-31,2026-05-15,5467013000.0,-75600000.0,-999753000.0,-981765000.0,-164328000.0,-829726000.0,-2.6,17426263000.0,6996989000.0,34912338000.0,12380381000.0,22531957000.0,3093415000.0,100000000.0,730035000.0,2916556000.0,0.1673801775373944,-832414165.3664573,27915349000.0,-0.0298192283165242,-0.036824408993857,-0.0237659821006545,0.549458753183312,-0.0138283922134445,-0.1828700608540715,-0.1517695311864083,0.0572209060440906,,,18.580859061451324,18.580859061451324,False,66.5263644773358,66.5263644773358,54.53998812336469,886.0,True,False,True,True,True,False,True,False,True,False,True,True,False,True,False,False,False,9,False,0.0217407998928123,0.0529649272411731,1.0,352874994.85,0.2025901942645698,1.0,3.0,,,,,,-0.0067604443282922,-0.0771564909495214,0.1942391657598967,-2.1138655097180625,0.2282828282828282,-2.1138655097180625,0.2526010459796798,-886.0,0.1212121212121212,0.0707070707070707,0.1818181818181818,0.1303030303030303,0.1181818181818182,台郡
83.9000015258789,88.5999984741211,83.4000015258789,87.5,1448178.0,0.09375,82.85999908447266,0.1513157894736843,79.125,0.1744966442953019,75.25025812784831,0.4681208429559502,71.10012903213502,0.0290093185567787,66.21622283412063,652062.25,2.220919858495105,0.1058451816745655,6277.TW,2026-08-17,0.0796145902191007,0.0940389887923964,neutral,0.1045328399629972,0.1359851988899167,2026-03-31,2026-05-15,1293181000.0,778857000.0,186537000.0,183859000.0,52118000.0,128893000.0,1.08,3416718000.0,1638244000.0,7019344000.0,2304220000.0,4715124000.0,897714000.0,266856000.0,200000000.0,,0.2834672221648111,133659874.77904265,5381100000.0,0.0248387643379685,0.0273360785421549,0.01836254214069,0.4886870419526612,0.6022799592632431,0.1442466290488338,0.0996712757146911,0.0734456101555489,,,66.12491163281756,66.12491163281756,False,81.48901348605305,81.48901348605305,77.64798802274417,199.0,True,True,True,True,True,True,True,True,True,True,True,True,True,True,True,False,False,14,False,0.1627867090015782,0.2306588073905289,1.0,57055446.875,0.3987049028677151,1.0,3.0,,,,,,0.047975926926762,0.0026540232280238,0.3194350540650781,-1.152897681817662,0.7853535353535354,-1.152897681817662,0.7362234040957454,-199.0,0.7676767676767676,0.898989898989899,0.8383838383838383,0.7782828282828282,0.8212121212121212,宏正
1015.0,1020.0,977.0,983.0,419561.0,-0.0548076923076923,995.0,0.0329990717712236,975.2395538330078,0.4519940915805023,956.245448811849,0.0592672413793102,864.8810577392578,0.0014989931341424,56.91906005221932,502926.7,0.8342388662204651,0.0079574768440136,6409.TW,2026-08-17,0.0796145902191007,0.0940389887923964,neutral,0.3487511563367252,0.030527289546716,2026-03-31,2026-05-15,4204594000.0,1097283000.0,761311000.0,497580000.0,106071000.0,391509000.0,4.46,12925624000.0,6848461000.0,17835228000.0,7506620000.0,10328608000.0,7086998000.0,,489300000.0,,0.2131737610032557,599019470.8368503,10986767000.0,0.0545219053827982,0.0379053014694719,0.0219514435139264,0.7267794459814914,0.2609724030429573,0.1810664715784687,0.0931145789581586,-0.1581824756109622,,,62.88856390334461,62.88856390334461,False,69.9030284218085,69.9030284218085,68.14941229219252,235.0,True,False,True,True,True,True,True,True,False,True,True,True,True,True,True,False,False,12,False,0.027978748784001,0.1365724699411239,1.0,494376946.1,0.1702127659574468,3.0,3.0,,,,,,0.0752705509225506,0.0360519447758333,0.221207037822057,-0.6688771351105083,0.793939393939394,-0.6688771351105083,0.7740466383721101,-235.0,0.7171717171717171,0.5959595959595959,0.8686868686868687,0.7398989898989898,0.711111111111111,旭隼
1505.0,1545.0,1405.0,1410.0,4968434.0,0.0601503759398496,1451.0,0.1999999999999999,1247.25,0.7407407407407407,1142.5127705891928,0.988716502115656,909.273051961263,0.0463506711409395,66.66666666666666,3422036.15,1.4518940718963476,0.1304870715574264,6446.TW,2026-08-17,0.0796145902191007,0.0940389887923964,neutral,0.0712303422756706,0.0101757631822386,2026-03-31,2026-05-15,5121378000.0,4500097000.0,2087077000.0,2335581000.0,185954000.0,2149627000.0,5.79,30923112000.0,4737365000.0,40089669000.0,5635458000.0,34454211000.0,24175410000.0,,43340000.0,,0.0796178766653779,1920908360.822853,35352304000.0,0.0543361575761187,0.0623908351870254,0.0536204726459577,0.1635636932739513,0.8786887044853944,0.4075225456898514,0.4197360554132111,0.572274143110902,,,96.8555062833974,96.8555062833974,False,90.07818328834718,90.07818328834718,91.77251403710972,13.0,True,True,True,True,True,True,True,True,True,True,True,True,True,True,True,False,True,15,True,0.2341218726796938,0.5506893082981954,1.0,4825070971.5,0.0379278445883441,3.0,0.0,,,,,,-0.0533502760994028,-0.1102080713496243,0.1976406954076912,-1.6328171475136497,0.247979797979798,-1.6328171475136497,0.3025459812185072,-13.0,0.9797979797979798,1.0,0.2222222222222222,0.8661616161616161,0.8343434343434343,藥華藥
408.5,416.0,407.5,416.0,392499.0,-0.0348027842227378,418.9,0.0882115092588466,401.4675750732422,0.0961791831357048,400.9021687825521,-0.1612903225806451,418.14691772460935,0.007430415008087,70.35437475816025,718401.9,0.5463501697308986,0.0361982531817335,6472.TW,2026-08-17,0.0796145902191007,0.0940389887923964,neutral,0.1887141535615171,0.2238667900092507,2026-03-31,2026-05-15,4001231000.0,1442628000.0,407236000.0,221152000.0,174254000.0,25838000.0,0.21,19812444000.0,14337765000.0,45331756000.0,28703088000.0,16628668000.0,4832012000.0,3410000000.0,3908546000.0,8410772000.0,0.4,244341600.0,30993991000.0,0.0078835152271935,0.0015538225912021,0.0005699757141549,1.7261206970997316,0.3605460419555881,0.1017776779196202,0.0064575127004664,-0.1067853383739788,,,27.229352834015025,27.229352834015025,False,66.75842674140101,66.75842674140101,56.87615826455451,730.0,True,False,True,True,True,True,True,True,True,True,True,True,False,True,False,False,False,12,False,0.0376596396654489,-0.0051343621909065,0.0,298855190.40000004,0.2201665124884366,2.0,3.0,,,,,,-0.0435227042430735,-0.1052719703757329,0.1611682623204991,-1.8147348949379505,0.1601010101010101,-1.8147348949379505,0.1931049963085517,-730.0,0.2525252525252525,0.1313131313131313,0.1313131313131313,0.2343434343434343,0.1919191919191919,保瑞
51.20000076293945,51.20000076293945,48.70000076293945,48.70000076293945,941648.0,-0.0394477311618099,50.93999938964844,0.0846324968356704,47.7899995803833,0.1144164739749922,46.58166656494141,-0.2055464703252953,49.40416657129924,0.0266380230293153,58.89967373854542,694596.05,1.3556771594079753,0.0190416654226062,6589.TW,2026-08-17,0.0796145902191007,0.0940389887923964,neutral,0.1961147086031452,0.1961147086031452,2026-03-31,2026-05-15,308435000.0,64956000.0,-207240000.0,-141836000.0,406000.0,-142242000.0,-0.47,4188368000.0,910711000.0,10619357000.0,2413133000.0,8206224000.0,3257763000.0,0.0,1001914000.0,,0.0,-207240000.0,9708646000.0,-0.0213459219751137,-0.0173334288705743,-0.0133945963018288,0.2940613124867174,0.2105986674664029,-0.6719081816265988,-0.461173342843711,0.6954150931987708,,,33.08565989658788,33.08565989658788,False,76.43077696105001,76.43077696105001,65.59449769493447,629.0,True,True,True,True,True,True,True,True,True,True,True,True,True,True,False,False,False,14,False,0.0454757065216804,-0.0142531664276441,0.0,33826828.16493473,0.4838112858464385,1.0,3.0,,,,,,-0.0418017954808382,-0.1173424907963381,0.1036316914075936,-2.179014634253708,0.0843434343434343,-2.179014634253708,0.0694509584950166,-629.0,0.3838383838383838,0.494949494949495,0.0202020202020202,0.3292929292929293,0.3444444444444444,台康生技
137.0,141.5,137.0,139.0,571079.0,0.0411985018726592,137.8,0.0651340996168583,134.8,0.0692307692307692,135.57953999837238,-0.0347222222222222,134.1022699991862,0.015633829346393,65.51724137931035,494325.55,1.1552690327254984,0.0311572700296736,6605.TW,2026-08-17,0.0796145902191007,0.0940389887923964,neutral,0.2506938020351526,0.2617946345975948,2026-03-31,2026-05-15,4732845000.0,1585730000.0,866034000.0,951380000.0,217734000.0,732007000.0,4.41,15540524000.0,11970379000.0,33504289000.0,12358666000.0,21145623000.0,3981949000.0,1597489000.0,0.0,,0.228861233156047,667832390.8049359,21533910000.0,0.0310130575824332,0.0346174241354818,0.0218481580074718,0.5844550430129205,0.3350479468480375,0.1829838078365127,0.1546653228660562,-0.0451555541567658,,,64.93006759035887,64.93006759035887,False,59.80551076106823,59.80551076106823,61.08664996839089,210.0,True,False,True,True,True,False,True,True,False,False,True,True,True,True,True,False,False,10,False,0.0252284378724745,0.0365223497025331,1.0,68711251.45,0.3774283071230342,2.0,3.0,,,,,,0.0477418879472818,0.0157457816552999,0.220306037506368,-1.601578917294476,0.642929292929293,-1.601578917294476,0.5859864676626998,-210.0,0.7474747474747475,0.2727272727272727,0.6767676767676768,0.7368686868686869,0.5909090909090909,帝寶
26.799999237060547,27.350000381469727,26.5,27.100000381469727,99369.0,0.026515180797507,27.070000457763676,0.0483558987061387,26.23500003814697,0.0971659734574299,25.646835899353032,0.0606654086376992,25.09925130208333,0.0119575713846468,73.07691743388462,145591.5,0.6825192404776378,0.0329712346889652,6606.TW,2026-08-17,0.0796145902191007,0.0940389887923964,neutral,0.299722479185939,0.2192414431082331,2026-03-31,2026-05-15,191808000.0,78315000.0,47168000.0,50588000.0,21113000.0,29102000.0,0.26,1052582000.0,392295000.0,2170020000.0,549327000.0,1620693000.0,84940000.0,0.0,,,0.4,28300800.0,1777725000.0,0.0159196726152807,0.0179565161322964,0.0134109363047345,0.3389457472821811,0.4082989239239239,0.2459125792459126,0.1517246413079746,0.1109322058440243,,,63.7605672758917,63.7605672758917,False,63.27489243746311,63.27489243746311,63.39631114707026,226.0,True,False,True,True,True,True,True,False,False,True,True,True,False,True,True,False,False,10,False,0.0566605755119036,0.0797134964428329,1.0,3945529.7055387497,0.7724329324699353,0.0,3.0,,,,,,0.0454544978386701,0.0185326648505012,0.194166443598115,-1.243610302054638,0.653030303030303,-1.243610302054638,0.6166170080102588,-226.0,0.7373737373737373,0.3636363636363636,0.7171717171717171,0.7343434343434343,0.6212121212121212,建德工業
6585.0,6740.0,6420.0,6620.0,1480486.0,0.1014975041597336,6216.0,0.4130202774813234,5797.25,0.1981900452488687,4992.267413330078,0.7329842931937174,4619.0920399983725,0.0609415747815345,72.77486910994764,1931743.15,0.7663989904662015,0.1419207382810816,6669.TW,2026-08-17,0.0796145902191007,0.0940389887923964,neutral,0.0175763182238667,0.1137835337650323,2026-03-31,2026-05-15,276507734000.0,20881168000.0,17458392000.0,17934386000.0,3819977000.0,14114409000.0,75.95,395619318000.0,257883938000.0,432576398000.0,292412129000.0,140164269000.0,70996229000.0,72191879000.0,9594000000.0,18686968000.0,0.2129973671805658,13739800468.793749,174692460000.0,0.0786513651979813,0.1006990519102982,0.0326287080507799,2.086210209536355,0.0755174826321494,0.0631388921656708,0.0510452593705751,0.6202705683581411,,,65.40144535951697,65.40144535951697,False,81.62812210915818,81.62812210915818,77.57145292174788,208.0,True,True,True,True,True,True,True,False,True,True,False,False,False,True,True,False,False,10,False,0.3260507604868361,0.4331820935099471,1.0,12788139653.0,0.0175763182238667,3.0,3.0,,,,,,0.0936876277100569,-0.076883969752871,0.3069271881989464,-0.7028381907673942,0.7383838383838384,-0.7028381907673942,0.6783826776651838,-208.0,0.7575757575757576,0.8888888888888888,0.8181818181818182,0.7666666666666666,0.8090909090909092,緯穎
733.0,735.0,718.0,730.0,505624.0,-0.0027322404371584,729.4,0.0533910533910533,699.6,0.1624203821656051,702.15,0.2106135986733002,664.925,0.0027232334814389,72.97297297297297,578777.45,0.8736069451219982,0.0434534019439678,6691.TW,2026-08-17,0.0796145902191007,0.0940389887923964,neutral,0.2812210915818686,0.1461609620721554,2026-03-31,2026-05-15,6977227000.0,1283352000.0,1098330000.0,1100675000.0,233735000.0,866940000.0,7.19,21151608000.0,15975842000.0,22175970000.0,16220137000.0,5955833000.0,7596288000.0,0.0,,,0.2123560542394439,865092974.9471915,6200128000.0,0.1395282444083721,0.1455615024800057,0.0390936676050698,2.723403594425834,0.1839343911270193,0.1574164062599654,0.1242528012919746,0.7680019541905503,,,72.9382876924978,72.9382876924978,False,56.53046002940404,56.53046002940404,60.63241694517748,138.0,True,False,True,True,True,False,True,False,False,True,True,True,True,True,True,False,False,10,False,0.0396638894823044,0.0978681806218746,1.0,422507538.5,0.185013876040703,3.0,3.0,,,,,,0.0786179953651727,0.0889545655820972,0.4326049224721686,-0.4119221090683895,0.9545454545454544,-0.4119221090683895,0.9522829406954716,-138.0,0.8383838383838383,0.2626262626262626,0.98989898989899,0.8611111111111112,0.695959595959596,洋基工程
274.0,286.5,253.0,259.0,32089218.0,0.1460176991150441,244.8,0.3419689119170985,218.625,0.7152317880794703,174.14933344523112,1.994219653179191,149.88133335113525,0.066333373978783,64.96519721577727,27851466.35,1.152155423227833,0.1846769582618639,8039.TW,2026-08-17,0.0796145902191007,0.0940389887923964,neutral,0.0249768732654949,0.0120259019426456,2026-03-31,2026-05-15,2415476000.0,532169000.0,146484000.0,219817000.0,44902000.0,171370000.0,0.65,10090538000.0,4116000000.0,15838059000.0,5212295000.0,10625764000.0,3401205000.0,544660000.0,425464000.0,0.0,0.2042699154296528,116561725.70820272,11722059000.0,0.0099437927848855,0.0161277814941118,0.0108201390081953,0.4905336689201831,0.2203164096848819,0.060643947611154,0.0709466788326607,0.0846351629146733,,,39.59205928302138,39.59205928302138,False,90.812233429504,90.812233429504,78.00718989288335,517.0,True,True,True,True,True,True,True,True,True,True,False,True,True,False,False,False,False,12,False,0.48722935009943,0.7280337331482529,1.0,7213529784.650001,0.030527289546716,2.0,3.0,,,,,,-0.0552168668946542,-0.198486348423106,0.1782739794461892,-1.865558108007075,0.1191919191919192,-1.865558108007075,0.4150803898080476,-517.0,0.4646464646464646,0.9090909090909092,0.3939393939393939,0.454040404040404,0.5838383838383838,台虹
1310.0,1380.0,1295.0,1295.0,19197092.0,0.1460176991150441,1246.0,0.1719457013574661,1106.25,0.3865096359743041,1041.1152150472003,1.830601092896175,863.4451075236003,-0.000225937641211,70.79530638852673,12378125.1,1.550888510570959,0.1706214689265537,8046.TW,2026-08-17,0.0796145902191007,0.0940389887923964,neutral,0.0906567992599444,0.0462534690101757,2026-03-31,2026-05-15,11177241000.0,1771445000.0,1352237000.0,1598197000.0,289571000.0,1308626000.0,2.03,25923065000.0,8163676000.0,62161816000.0,15455246000.0,46706570000.0,9657576000.0,,,,0.1811860490289995,1107230520.6191726,53998140000.0,0.0205049751828335,0.0280180282988025,0.0210519267969906,0.3309008989527597,0.1584867857819295,0.1209812868846614,0.1170795189975773,0.3214942908705003,,,61.16068715346135,61.16068715346135,False,75.7146968850386,75.7146968850386,72.07619445214429,249.0,True,True,True,True,True,True,False,True,True,True,False,True,True,False,True,False,False,11,False,0.2438584906679028,0.4998058228786757,1.0,16029672004.5,0.0129509713228492,3.0,3.0,,,,,,-0.1755762304116067,-0.2730901498608667,0.21113336051073,-1.8986683466570515,0.1237373737373737,-1.8986683466570515,0.1356839826839826,-249.0,0.6767676767676768,0.7474747474747475,0.101010101010101,0.5904040404040404,0.5828282828282828,南電
96.1999969482422,96.1999969482422,93.0,93.5,15444649.0,0.0119047451943279,96.8000015258789,0.1557478150366971,87.75499992370605,0.0846868133434044,89.10634930928548,0.2516734112423575,85.55400810241699,0.0368641824531101,71.67139055104974,21034606.85,0.7342494732674312,0.0654663561197497,8112.TW,2026-08-17,0.0796145902191007,0.0940389887923964,neutral,0.0999074930619796,0.2358926919518963,2026-03-31,2026-05-15,110164542000.0,4238620000.0,3418168000.0,2892239000.0,712333000.0,2102790000.0,3.91,110827396000.0,76135974000.0,112891822000.0,92125380000.0,20766442000.0,14855353000.0,53437429000.0,11508327000.0,2798432000.0,0.2462911951605659,2576303318.0203986,36755848000.0,0.0700923379055327,0.101259040908404,0.0186265928102391,4.4362621194328815,0.0384753562539206,0.0310278419711489,0.0190877206206693,1.3784680054727554,,,52.60217451052254,52.60217451052254,False,61.56098758598901,61.56098758598901,59.32128431712239,328.0,True,False,True,True,True,False,True,True,True,False,True,True,False,True,False,False,False,10,False,0.0493079418556841,0.0928769098470623,1.0,1966735740.475,0.0740055504162812,1.0,3.0,,,,,,0.0518560413999408,0.0128273665098238,0.2172973385438552,-0.2822052956833407,0.7358585858585859,-0.2822052956833407,0.7060092179064542,-328.0,0.6060606060606061,0.2121212121212121,0.8282828282828283,0.6393939393939394,0.5323232323232323,至上
41.20000076293945,42.59999847412109,39.45000076293945,40.79999923706055,1880280.0,0.0736841904489618,39.87999954223633,0.079365080966951,38.04249992370605,0.1224209339680599,37.68237559000651,0.0061652282294375,37.25243768692017,0.0021001862428171,64.79999853515673,1577962.4,1.1915873280630769,0.0724847031316195,8222.TW,2026-08-17,0.0796145902191007,0.0940389887923964,neutral,0.2127659574468085,0.1859389454209065,2026-03-31,2026-05-15,234428000.0,59230000.0,30441000.0,31763000.0,6251000.0,,0.37,1130042000.0,553253000.0,2167379000.0,1240916000.0,926463000.0,201023000.0,300000000.0,681477000.0,,0.1968013096999653,24450171.33142336,1614126000.0,0.0151476225099052,,,1.3394123672505,0.2526575323766785,0.1298522360810142,,-0.074709104974818,,,42.06809671107272,42.06809671107272,False,77.38328004128176,77.38328004128176,68.5544842087295,478.0,True,True,True,True,True,True,True,True,False,True,True,True,True,True,False,False,False,13,False,0.0827342649777325,0.095230319689548,1.0,64380864.71611022,0.3857539315448658,1.0,3.0,,,,,,0.0371327042090366,-0.0088497573049997,0.2164613854346237,-1.6190196918811288,0.5702020202020203,-1.6190196918811288,0.536865698363306,-478.0,0.5050505050505051,0.6161616161616161,0.5959595959595959,0.5186868686868686,0.5565656565656566,寶一
13.0,13.0,12.75,13.0,72617.0,-0.0038314321842203,12.979999923706057,0.0399344645791821,12.989999961853028,0.0833333333333332,12.46675190925598,0.0317460005095344,12.35587596098582,0.008919701274635,50.0,121949.9,0.5954658429404206,0.0007698258796258,8411.TW,2026-08-17,0.0796145902191007,0.0940389887923964,neutral,0.3320999074930619,0.2386679000925069,2026-03-31,2026-05-15,2726482000.0,240600000.0,69628000.0,61624000.0,19776000.0,41688000.0,0.19,5684691000.0,4777607000.0,13494274000.0,7266361000.0,6227913000.0,1476105000.0,1130770000.0,1174037000.0,1103389000.0,0.3209139296378034,47283404.90717903,8716667000.0,0.0054244821910919,0.0066937351244309,0.0030893103252535,1.16674092910418,0.0882455853367086,0.025537670888713,0.0152900330902606,0.2387255467647537,,,26.84034715613582,26.84034715613582,False,59.13445742953096,59.13445742953096,51.060929861182174,740.0,True,False,True,True,True,True,True,True,False,False,True,True,False,True,False,False,False,10,False,0.0427736185516058,0.0521309894213917,1.0,1585348.7,0.8815911193339501,0.0,3.0,,,,,,0.0659746177470987,0.0364656634921233,0.2419749443658703,-1.236310691037826,0.7818181818181819,-1.236310691037826,0.8233003022961018,-740.0,0.2424242424242424,0.0303030303030303,0.8888888888888888,0.3393939393939393,0.308080808080808,福貞-KY
378.0,378.0,367.0,371.5,689856.0,-0.0197889182058047,381.1,0.0319444444444445,376.625,0.1737756714060032,355.64166666666665,-0.0589898449572254,354.5263153076172,0.0150933225523887,46.78362573099415,527110.2,1.308750997419515,-0.0136076999668104,8464.TW,2026-08-17,0.0796145902191007,0.0940389887923964,neutral,0.3506012950971323,0.1369102682701202,2026-03-31,2026-05-15,7305395000.0,4316539000.0,2053372000.0,2325863000.0,594429000.0,1647198000.0,5.62,27155869000.0,11007979000.0,42576950000.0,14807659000.0,27769291000.0,19344343000.0,569716000.0,669863000.0,,0.2555735226021481,1528584484.7473822,31568971000.0,0.048420472265231,0.0593172508437467,0.0386875527720985,0.5332386412026148,0.5908700350905051,0.2810761088209467,0.2254769249301372,0.0044846681027981,,,84.51846605538479,84.51846605538479,False,63.63212941882898,63.63212941882898,68.85371357796794,62.0,True,False,True,True,False,True,True,False,False,True,True,True,True,True,True,False,False,10,False,0.0445907631745436,0.0478770798090262,1.0,195821439.3,0.2691951896392229,2.0,2.0,,,,,,0.035018332607702,-0.0193721641311307,0.263563307516574,-1.7442001987783355,0.5646464646464646,-1.7442001987783355,0.5593641110693134,-62.0,0.9191919191919192,0.6464646464646465,0.6464646464646465,0.8782828282828282,0.7828282828282829,億豐
1270.0,1290.0,1195.0,1215.0,2873011.0,0.1302325581395349,1203.0,0.2512873326467559,1040.55,0.0384615384615385,1195.3666666666666,0.3897443161608001,1092.5985961914062,0.0268416637884244,67.0718232044199,3104901.95,0.9253145658915252,0.1676517226466773,8996.TW,2026-08-17,0.0796145902191007,0.0940389887923964,neutral,0.0453283996299722,0.3404255319148936,2026-03-31,2026-05-15,3422971000.0,993397000.0,708890000.0,760217000.0,154549000.0,605668000.0,6.54,6117858000.0,3808253000.0,8901358000.0,4255580000.0,4645778000.0,1874428000.0,690000000.0,245167000.0,0.0,0.2032959010387823,564775568.7126175,5093105000.0,0.1108902268287454,0.1303695527422963,0.0680422020999492,0.91601019248014,0.2902148455245458,0.2070978690733868,0.1769421943685763,2.3761538742261066,,,90.21884377245992,90.21884377245992,True,68.38303948609527,68.38303948609527,73.84199055768643,30.0,True,False,True,True,True,False,True,True,True,False,False,True,True,False,True,True,False,9,False,0.0164245280388166,0.1120277879133857,1.0,3772455869.25,0.0444033302497687,3.0,1.0,,,,,,0.0001436213371452,-0.0782086499741772,0.3162897771658471,-1.370548952553785,0.5111111111111111,-1.370548952553785,0.4966966098612987,-30.0,0.9595959595959596,0.797979797979798,0.5252525252525253,0.8944444444444444,0.8242424242424242,高力
21.39999961853028,21.549999237060547,21.25,21.5,253331.0,0.0070257431311553,21.50999984741211,0.0436893010613654,20.935000133514404,0.0386473047137678,20.74341939290365,0.0539215883352535,20.90587635040283,0.0102545495131132,72.22216335353707,162680.05,1.5572345840808386,0.0269882905604141,9905.TW,2026-08-17,0.0796145902191007,0.0940389887923964,neutral,0.3135985198889917,0.335800185013876,2026-03-31,2026-05-15,2262403000.0,227921000.0,110504000.0,146083000.0,37653000.0,108152000.0,0.35,9976288000.0,2845823000.0,12068826000.0,3342134000.0,8726692000.0,759126000.0,0.0,,,0.2577507307489577,82021513.24931718,9223003000.0,0.0088931461097125,0.0123932413336004,0.0089612693065588,0.3829783381835866,0.1007428826782849,0.0488436410312397,0.0478040384493832,0.1512060067798128,,,34.794291678762654,34.794291678762654,False,64.08968552535818,64.08968552535818,56.7658370637093,603.0,True,False,True,True,True,True,True,False,False,False,True,True,True,True,False,False,False,10,False,0.0364732830574296,0.0284189784555823,1.0,3497621.075,0.7872340425531915,0.0,3.0,,,,,,0.0374213965246351,0.0146740717410952,0.2039811874733834,-1.5751073017030164,0.598989898989899,-1.5751073017030164,0.5389605257771662,-603.0,0.404040404040404,0.1212121212121212,0.6060606060606061,0.4343434343434343,0.3595959595959596,大華
99.5,101.0,96.1999969482422,97.4000015258789,3681488.0,-0.040394073636661,104.78000030517578,0.1609058373596803,91.64999961853027,0.385490715472216,80.38499959309895,0.1513002752083181,76.12500006357828,0.0602116946275806,63.08016996487742,4074899.5,0.9034549195630468,0.0627387008323137,9921.TW,2026-08-17,0.0796145902191007,0.0940389887923964,neutral,0.0943570767807585,0.0471785383903792,2026-03-31,2026-05-15,12523541000.0,2458803000.0,-191441000.0,-170563000.0,-23472000.0,-199773000.0,-0.51,48200680000.0,28731484000.0,72341005000.0,34909460000.0,37431545000.0,13787267000.0,9060327000.0,1863857000.0,,0.1376148402643011,-165095877.36496192,43609521000.0,-0.0037857759860504,-0.0053370225567766,-0.0027615458203822,0.9326214026164296,0.1963344871869705,-0.0152864912567459,-0.0159517982973026,-0.2568048701835493,,,14.870530982450036,14.870530982450036,False,83.90674934520233,83.90674934520233,66.64769475451425,961.0,True,True,True,True,True,True,True,True,True,True,True,True,True,True,False,False,False,14,False,0.2116688688052277,0.2794745674158569,1.0,396895217.5178032,0.1914893617021276,1.0,3.0,,,,,,0.0113234181198565,-0.0551350037949647,0.3369726449531914,-1.3484975162707549,0.5787878787878787,-1.3484975162707549,0.4470405666880699,-961.0,0.0808080808080808,0.5555555555555556,0.4545454545454545,0.1368686868686868,0.297979797979798,巨大
42.70000076293945,42.84999847412109,42.0,42.25,1744578.0,0.1045751633986928,41.60000076293945,0.0709758981726296,38.84000015258789,0.0750636341019965,40.45083338419597,0.3673139327375037,37.95333331425984,0.0101430468813494,62.962967614323205,2872541.3,0.6073291269998451,0.0877960822352084,9933.TW,2026-08-17,0.0796145902191007,0.0940389887923964,neutral,0.2331174838112858,0.2534690101757632,2026-03-31,2026-05-15,17199079000.0,2244665000.0,1663896000.0,1662544000.0,521286000.0,892046000.0,1.0,85054850000.0,82656832000.0,140062416000.0,114248656000.0,25813760000.0,42421531000.0,1206000000.0,17821605000.0,10618678000.0,0.3135471903300003,1142186084.198674,57405584000.0,0.0198967766654664,0.0345569959587444,0.0063689176973785,4.425882010214707,0.1305107674660951,0.0967433198021824,0.0518659167737993,-0.2275882612996864,,,23.64577886729635,23.64577886729635,False,66.80501529050893,66.80501529050893,56.01520618470578,797.0,True,False,True,True,True,False,True,True,False,False,False,True,False,True,False,False,False,8,False,0.0444778627603494,0.1132092048454096,1.0,121364869.925,0.3145235892691952,1.0,3.0,,,,,,0.1145273573789902,0.0588380500330134,0.3123472758107196,-0.5309478316378113,0.9297979797979798,-0.5309478316378113,0.9448024943590194,-797.0,0.1717171717171717,0.1111111111111111,0.9797979797979798,0.2929292929292929,0.3151515151515152,中鼎
20.299999237060547,20.89999961853028,20.299999237060547,20.64999961853028,562572.0,-0.0119617227063653,20.34999961853028,0.0984042796035231,19.78750009536743,0.1102150104847774,19.11524788538615,0.0727272529106637,18.98387393951416,0.0211585520405487,68.35443893700182,410920.25,1.3690539709347496,0.0435880995075659,9935.TW,2026-08-17,0.0796145902191007,0.0940389887923964,neutral,0.1655874190564292,0.2053654024051804,2026-03-31,2026-05-15,1207014000.0,329361000.0,129050000.0,125078000.0,35715000.0,89363000.0,0.51,4101731000.0,3844659000.0,8361229000.0,5772111000.0,2589118000.0,430540000.0,854900000.0,1461115000.0,287107000.0,0.2855418219031324,92200827.88340075,4516570000.0,0.0204139043308087,0.0345148425062125,0.0106877828606297,2.22937347776347,0.2728725598874578,0.1069167383311212,0.0740364237697325,0.0157374361805349,,,40.70851081970746,40.70851081970746,False,73.43443493270678,73.43443493270678,65.25295390445694,498.0,True,False,True,True,True,True,True,True,True,True,True,True,True,True,False,False,False,13,False,0.0802893973620642,0.0877653151471966,1.0,8485503.005746366,0.6614246068455134,0.0,3.0,,,,,,0.101984455397517,0.0639344688400457,0.3184497398364962,-0.4152874526613354,0.9444444444444444,-0.4152874526613354,0.912402837342096,-498.0,0.494949494949495,0.4545454545454545,0.9696969696969696,0.5661616161616161,0.5777777777777778,慶豐富
1795.0,1950.0,1785.0,1925.0,2560026.0,0.0968660968660968,1837.0,0.475095785440613,1567.25,0.0724233983286908,1656.5833333333333,0.3006756756756756,1752.5,0.0831029716655148,77.99043062200957,1706176.75,1.5004459532108851,0.228266071143723,6805.TW,2026-08-17,0.0796145902191007,0.0940389887923964,neutral,0.0120259019426456,0.2553191489361702,2026-03-31,2026-05-15,4183854000.0,1351837000.0,1120299000.0,1165338000.0,248078000.0,917260000.0,13.38,14924697000.0,8114461000.0,16208746000.0,8785852000.0,7422894000.0,8031178000.0,410000000.0,,,0.2128807264501801,881808935.0385897,8094285000.0,0.1089421653720606,0.1235717497784556,0.0565904358054595,1.1836154470210676,0.3231080721267998,0.2677672308832956,0.219238051805823,0.858077701800986,,,90.14552363242608,90.14552363242608,True,72.42662716174041,72.42662716174041,76.85635127941183,31.0,True,False,True,True,True,False,True,False,True,False,True,False,True,False,True,True,False,8,False,0.1620302832134414,0.0984308131241085,1.0,3284390243.75,0.0499537465309898,3.0,2.0,,,,,,0.0519118112618173,-0.0384966097900387,0.2835621581143581,-0.8728705352816382,0.6974747474747474,-0.8728705352816382,0.6253098771877122,-31.0,0.9494949494949496,0.8787878787878788,0.7373737373737373,0.9176767676767676,0.8858585858585859,富世達
79.9000015258789,79.9000015258789,74.19999694824219,74.5999984741211,259294341.0,0.1035502981953433,73.71999969482422,0.1841269599066839,64.09749965667724,0.1692789869311937,71.14249947865804,0.1134328130465835,65.98374977111817,0.0117596003508695,72.22222172121127,223200795.8,1.161708855340918,0.1638519267318998,6770.TW,2026-08-17,0.0796145902191007,0.0940389887923964,neutral,0.0804810360777058,0.1406105457909343,2026-03-31,2026-05-15,13572462000.0,1388213000.0,14226108000.0,14331913000.0,100704000.0,14231209000.0,3.36,73060915000.0,23437313000.0,172678080000.0,76101188000.0,96576892000.0,25559039000.0,1800000000.0,30244117000.0,,0.0070265567478675,14126147444.836708,149240767000.0,0.0946534095796807,0.1473562537092206,0.0824146817013485,0.7879854737922194,0.1022815904734159,1.048159722237572,1.0485355567766557,0.2209320651616573,,,80.40162331663433,80.40162331663433,True,70.41787906740312,70.41787906740312,72.91381512971091,85.0,True,False,True,True,True,False,True,False,True,True,False,True,True,False,True,True,False,9,False,0.0485996278005422,0.1305813739426848,1.0,16650779026.102615,0.0111008325624421,1.0,2.0,,,,,,-0.094849630176617,-0.1398715066604192,0.1633303724309143,-1.6656125307711889,0.1621212121212121,-1.6656125307711889,0.0957400318979266,-85.0,0.898989898989899,0.7676767676767676,0.0505050505050505,0.7717171717171717,0.6898989898989899,力積電
158.0,159.0,144.0,147.0,5334772.0,0.0352112676056337,146.4,0.053763440860215,138.275,0.1620553359683794,134.54166666666666,-0.0328947368421053,134.8125,-0.0021648926574056,60.76923076923077,2800565.5,1.9048909943366796,0.0630988971252937,6753.TW,2026-08-17,0.0796145902191007,0.0940389887923964,neutral,0.2802960222016651,0.1470860314523589,2026-03-31,2026-05-15,1324923000.0,438584000.0,383922000.0,397302000.0,80176000.0,,2.7,6070732000.0,3773290000.0,10821486000.0,5807108000.0,5014378000.0,2838935000.0,477922000.0,894768000.0,506599000.0,0.2018011487483073,306446099.3702524,7048196000.0,0.0434786574281209,,,1.1580913923920375,0.3310260294371824,0.2897692922532102,,0.071119170347758,,,75.40121337756102,75.40121337756102,False,70.37504143219964,70.37504143219964,71.63158441853999,117.0,True,False,True,True,True,True,False,True,False,True,True,True,True,True,True,False,False,11,False,0.092598327655621,0.090403337969402,1.0,411683128.5,0.1896392229417206,2.0,3.0,,,,,,0.0848746985473842,0.0594846357023347,0.2960960531936641,-1.7946865716105571,0.7464646464646465,-1.7946865716105571,0.871627192927342,-117.0,0.8787878787878788,0.7373737373737373,0.9191919191919192,0.8848484848484848,0.8444444444444446,龍德造船
188.0,193.5,182.0,192.0,371083.0,0.0637119113573407,192.0,0.1743119266055046,169.425,0.1636363636363635,161.43914998372395,0.4014598540145986,157.769574991862,0.0463171037351783,66.2037037037037,660455.1,0.561859542003688,0.1332447985834439,6933.TW,2026-08-17,0.0796145902191007,0.0940389887923964,neutral,0.0869565217391304,0.1443108233117483,2026-03-31,2026-05-15,1820470000.0,249043000.0,75692000.0,58930000.0,12357000.0,46573000.0,1.1,5046947000.0,2858081000.0,5403999000.0,3014996000.0,2389003000.0,1147835000.0,1110793000.0,,,0.2096894620736467,59820185.23672154,2545918000.0,0.0234965090143207,0.019494743204592,0.0086182473386838,1.2620310648416937,0.1368014853307113,0.041578273742495,0.0255829538525765,-0.0692122762723702,,,29.486569053500588,29.486569053500588,False,83.00164076091717,83.00164076091717,69.62287283406303,690.0,True,True,True,True,True,True,True,True,True,True,True,True,False,True,False,False,False,13,False,0.1893025949365885,0.21696467782146,1.0,126807379.2,0.3108233117483811,2.0,3.0,,,,,,-0.0001101080608023,-0.0616117913671781,0.3187765443659286,-1.5914571098684671,0.4934343434343434,-1.5914571098684671,0.4314338741062704,-690.0,0.2929292929292929,0.6666666666666666,0.4343434343434343,0.3141414141414141,0.4333333333333333,AMAX-KY
147.5,147.5,144.0,145.0,113010.0,0.0469314079422382,143.1,0.0469314079422382,136.9,0.1507936507936507,138.85020345052084,0.2061117640231125,129.83354212443035,0.0001826484018265,69.11764705882354,93419.35,1.20970655437016,0.0591672753834915,7631.TW,2026-08-17,0.0796145902191007,0.0940389887923964,neutral,0.3043478260869565,0.1572617946345976,2026-03-31,2026-05-15,408502000.0,93897000.0,47524000.0,48469000.0,12978000.0,35491000.0,1.76,1335645000.0,556998000.0,1567579000.0,716274000.0,851305000.0,481233000.0,,138157000.0,,0.2677587736491366,34799032.04109843,1010581000.0,0.0344346787057132,0.041690111064777,0.0226406452242598,0.8413835229441857,0.2298568917655238,0.1163372517148018,0.0868808475845895,0.9934122561314817,,,69.1770822702721,69.1770822702721,False,59.59657341009806,59.59657341009806,61.99170062514156,171.0,True,False,True,True,True,False,True,True,False,True,True,True,True,True,True,False,False,11,False,0.0442908717211252,0.1168146353200034,1.0,13545805.75,0.6022201665124884,2.0,3.0,,,,,,0.0102907056407798,-0.0567895581095451,0.217661069106148,-1.1499907292585294,0.4772727272727272,-1.1499907292585294,0.4866263715706642,-171.0,0.8080808080808081,0.303030303030303,0.5151515151515151,0.7641414141414141,0.597979797979798,聚賢研發-創
1105.0,1105.0,1050.0,1055.0,150037.0,0.1128691983122363,1035.0,0.0645812310797173,949.4,0.5769805680119582,863.4166666666666,0.5984848484848484,764.4416666666667,0.0047092438753372,66.94214876033058,196196.35,0.764728803568466,0.1112281440910047,6949.TW,2026-08-17,0.0796145902191007,0.0940389887923964,neutral,0.2516188714153561,0.0166512488436632,2026-03-31,2026-05-15,6368000.0,-1205000.0,-88755000.0,-87174000.0,0.0,-76584000.0,-1.18,2495035000.0,259818000.0,3291024000.0,368950000.0,2922074000.0,2248325000.0,100000000.0,,,-0.0,-88755000.0,3031206000.0,-0.0292804250189528,-0.026208781844676,-0.0232705686740661,0.1262630583619716,-0.1892273869346733,,,-0.4668452779638312,,,16.666666666666664,16.666666666666664,False,79.70177713255303,79.70177713255303,63.94299951608144,924.0,True,True,True,True,True,True,True,True,False,True,False,True,False,True,False,False,False,11,False,0.2218897789788632,0.3800922241723261,1.0,206987149.25,0.2617946345975948,3.0,3.0,,,,,,-0.1068008981830257,-0.2079527013069899,0.1064481580277647,-1.9246724106617,0.0318181818181818,-1.9246724106617,0.0458289655783261,-924.0,0.101010101010101,0.404040404040404,0.0101010101010101,0.0873737373737373,0.1737373737373737,沛爾生醫-創
