Open,High,Low,Close,Volume,ret5,ma5,ret20,ma20,ret60,ma60,ret120,ma120,ma20_slope,rsi14,volume_ma20,volume_ratio,ma20_deviation,symbol,date,benchmark_ret20,benchmark_ret60,market_regime,rs20_rank_pct,rs60_rank_pct,period_date,as_of_date,revenue,gross_profit,operating_income,pretax_income,tax_expense,net_income_parent,eps,current_assets,current_liabilities,assets,liabilities,equity,cash,short_borrowings,long_borrowings,bonds_payable,tax_rate,nopat,invested_capital_proxy,roic_proxy,roe,roa,debt_to_equity,gross_margin,operating_margin,net_margin,revenue_growth,pe,pb,eva_like_score,fundamental_score,fundamental_pass,technical_score,score,final_score,fundamental_rank,pass_market,pass_score,pass_rs20,pass_rs60,pass_close_ma20,pass_ma20_ma60,pass_ma20_slope,pass_rsi,pass_ret20_benchmark,pass_ret60_benchmark,pass_ret5_cap,pass_ret20_cap,pass_volume_ratio,pass_ma20_deviation,pass_fundamental_score,pass_fundamental_filter,pass_fundamental_universe,entry_pass_count,entry_all_pass,close_ma60_ratio,close_ma120_ratio,above_ma120,turnover20,liquidity_rank,price_bucket,eva_rank_bucket,forward_60d_return,forward_60d_max_drawdown,reward_60,fwd60_rank_label,top_quantile_60,reg_forward60,reg_reward60,cls_topq60,rank_forward60,ensemble_score,ranker_score,stable_ensemble_score,fundamental_rank_score,fundamental_score_rank,final_score_rank,stable_ml_rank,fund_ml_85_15,fund_final_ml,name
96.0999984741211,98.9000015258789,95.1999969482422,97.5,55565224.0,-0.09302325581395354,107.7,0.06557377049180335,93.74500007629395,0.18325240527305953,87.5849998474121,0.44017731750476186,79.04916674296061,0.04474534444960425,63.210704218595666,75576098.85,0.7352221779835888,0.04005546877860211,1303.TW,2026-06-08,0.04179561773568885,0.29092072746572395,bull,0.23632993512511585,0.2798887859128823,2026-03-31,2026-05-15,68596393000.0,8188671000.0,3741833000.0,16080166000.0,1405348000.0,14254717000.0,1.8,193418745000.0,131197270000.0,647743623000.0,247168932000.0,400574691000.0,42831248000.0,24400300000.0,40333444000.0,51357530000.0,0.0873963614554725,3414810410.6259847,516546353000.0,0.0066108499088096,0.0355856655956329,0.0220067268805825,0.6170358176722652,0.1193746586646327,0.054548538725644,0.207805634911445,0.046448302712712,,,40.56631725411971,40.56631725411971,False,71.7945000093128,71.7945000093128,63.98745432051453,501.0,True,False,True,True,True,True,True,True,True,False,True,True,False,True,False,False,False,11,False,0.11320431774689155,0.23340958567007863,1.0,7368669637.874999,0.033364226135310475,1.0,3.0,,,,,,-0.034087812602492835,-0.16237838432351542,0.18291125919303688,-1.4989216170737223,0.31134751773049646,-1.4989216170737223,0.1860556028342859,-501.0,0.375886524822695,0.2765957446808511,0.09929078014184398,0.3343971631205674,0.2907801418439716,南亞
24.350000381469727,25.0,23.549999237060547,24.799999237060547,25112987.0,-0.00998004022411847,27.219999313354492,0.44186035680281366,20.544999885559083,0.6315789176486533,17.80666666030884,0.5796178049903651,16.472916650772095,0.14265850187789775,71.09374518816689,20357576.15,1.2335941575244949,0.20710632149928943,1409.TW,2026-06-08,0.04179561773568885,0.29092072746572395,bull,0.027803521779425393,0.082483781278962,2026-03-31,2026-05-15,10013245000.0,,,,209690000.0,627489000.0,0.39,169282176000.0,19925661000.0,238947734000.0,165890727000.0,53131346000.0,8882755000.0,11746175000.0,14983665000.0,,,,219022073000.0,,0.0118101468763844,0.0026260512686008,3.1222760100976927,,,0.0626658990167523,-0.0458954689862156,,,9.260580144399032,9.260580144399032,False,84.05041779401398,84.05041779401398,65.35295838161025,1044.0,True,True,True,True,True,True,True,True,True,True,True,False,True,False,False,False,False,12,False,0.392736760347173,0.5055014095453556,1.0,504867872.98840195,0.2428174235403151,0.0,3.0,,,,,,-0.05941595528771957,-0.2406572377949567,0.2412016938043851,-1.0427333063935231,0.3556737588652482,-1.0427333063935231,0.6609487403161391,-1044.0,0.014184397163120567,0.3404255319148936,0.7092198581560284,0.11843971631205674,0.25106382978723407,新纖
6.320000171661377,7.170000076293945,6.320000171661377,7.099999904632568,3402841.0,0.05341248453109082,7.0779999732971195,0.19127514415923286,6.262499928474426,0.15823813573943446,6.265166656176249,0.1677631568628004,6.237583335240682,0.04575435907776385,71.37681040486416,2968497.35,1.1463176815704417,0.13373253265044927,1444.TW,2026-06-08,0.04179561773568885,0.29092072746572395,bull,0.10936051899907322,0.30676552363299353,2026-03-31,2026-05-15,2121686000.0,116113000.0,-14004000.0,72822000.0,9996000.0,71838000.0,0.07,6820119000.0,7923737000.0,20165805000.0,9203887000.0,10961918000.0,670143000.0,4936000000.0,843136000.0,,0.1372662107604844,-12081723.984510174,12242068000.0,-0.0009869022116614,0.0065534151961362,0.0035623670862631,0.8396237775177665,0.0547267597561561,-0.0066004111824275,0.0338589216311933,0.0980839687584587,,,21.371607472143435,21.371607472143435,False,65.26936035228998,65.26936035228998,54.29492213225334,835.0,True,False,True,True,True,False,True,True,True,False,True,True,True,True,False,False,False,11,False,0.13324996672408296,0.13826133023657783,1.0,21076330.90190203,0.6274328081556997,0.0,3.0,,,,,,0.009650894178885164,-0.1105341860388372,0.19389711086025163,-1.0772507830770959,0.5992907801418439,-1.0772507830770959,0.7987791076461886,-835.0,0.14893617021276595,0.02127659574468085,0.8652482269503546,0.2563829787234042,0.2539007092198582,力麗
5.949999809265137,6.840000152587891,5.929999828338623,6.75,4320991.0,0.06635072375293904,6.609999942779541,0.36088708630771715,5.896000003814697,0.21402878947253323,5.419833342234294,0.20751338385475493,5.43558330933253,0.0749316296148909,65.47231113518941,3787064.9,1.1409867837226662,0.14484396126742993,1447.TW,2026-06-08,0.04179561773568885,0.29092072746572395,bull,0.04448563484708063,0.2557924003707136,2026-03-31,2026-05-15,8071598000.0,214775000.0,57979000.0,107149000.0,16636000.0,85545000.0,0.1,8603492000.0,6957805000.0,17217276000.0,8829032000.0,8388244000.0,1091554000.0,3045000000.0,1521000000.0,,0.1552604317352471,48977155.4284221,10259471000.0,0.0047738480306072,0.0101982011968178,0.0049685560015417,1.052548304508071,0.0266087334874705,0.0071830881567689,0.010598273105276,0.1634650325453464,,,25.605474803017785,25.605474803017785,False,83.47627621502038,83.47627621502038,69.00857586201973,758.0,True,True,True,True,True,True,True,True,True,False,True,True,True,True,False,False,False,13,False,0.24542574905400194,0.24181704443950025,1.0,25562688.075,0.6024096385542169,0.0,3.0,,,,,,-0.019452229574194804,-0.13065333624045433,0.1511724760356155,-1.1409337364641576,0.400709219858156,-1.1409337364641576,0.4151322399527187,-758.0,0.18439716312056736,0.5815602836879432,0.3475177304964539,0.20886524822695032,0.3361702127659574,力鵬
13.550000190734863,14.899999618530272,13.550000190734863,14.899999618530272,6596136.0,0.060498179092974835,13.95,0.04929576187799678,12.999999904632569,0.39252335365729185,13.099166647593181,0.439613436653268,12.135416634877522,0.012461058530591778,75.24753054875396,1895219.95,3.480406588164081,0.14615382521815512,1449.TW,2026-06-08,0.04179561773568885,0.29092072746572395,bull,0.2789620018535681,0.15477293790546803,2026-03-31,2026-05-15,793579000.0,79835000.0,-60098000.0,-13956000.0,13943000.0,-28630000.0,-0.23,3129642000.0,2835420000.0,8151609000.0,5196103000.0,2955506000.0,561503000.0,1095690000.0,1616535000.0,,0.0,-60098000.0,5316189000.0,-0.0113047147119863,-0.0096870045264668,-0.0035121900473881,1.758109440481596,0.1006012003845868,-0.0757303305657029,-0.036077063531167,0.2225572087491565,,,18.11528862493889,18.11528862493889,False,62.76181649675625,62.76181649675625,51.60018452880192,893.0,True,False,True,True,True,False,True,False,True,True,True,True,False,True,False,False,False,10,False,0.1374769112711436,0.22781113058016178,1.0,28238776.53203096,0.5903614457831325,0.0,3.0,,,,,,-0.00887133140541923,-0.1335278248903904,0.24978457614467006,-1.5245141544461263,0.50177304964539,-1.5245141544461263,0.47932538047604856,-893.0,0.09929078014184398,0.0070921985815602835,0.4397163120567376,0.150354609929078,0.13971631205673762,佳和
36.34999847412109,38.04999923706055,36.20000076293945,37.79999923706055,480520.0,-0.05144289374043076,38.50999984741211,0.11669131288024426,37.52250003814697,0.2233009612852046,33.239166577657066,0.1812499761581421,32.48791659673055,0.03339300464682337,59.701496956211834,775321.85,0.6197684226234563,0.007395541305388997,1533.TW,2026-06-08,0.04179561773568885,0.29092072746572395,bull,0.16682113067655235,0.24930491195551435,2026-03-31,2026-05-15,1288273000.0,358245000.0,91711000.0,116951000.0,-19289000.0,82298000.0,0.84,6295465000.0,4065737000.0,9769373000.0,6828195000.0,2941178000.0,656762000.0,985981000.0,2061311000.0,0.0,0.0,91711000.0,5703636000.0,0.0160793921631745,0.0279813054497211,0.0084240820777341,2.321585092775752,0.2780815867444245,0.0711891035518092,0.0638824224368592,0.6284022666398694,,,43.95724401079194,43.95724401079194,False,72.93625722983336,72.93625722983336,65.69150392507301,451.0,True,False,True,True,True,True,True,True,True,False,True,True,False,True,False,False,False,11,False,0.1372126057597729,0.1635094889668789,1.0,29307165.33847637,0.5838739573679332,1.0,3.0,,,,,,0.05462759603631005,-0.06590302939101138,0.2916664300929125,-0.47947603326522836,0.8900709219858156,-0.47947603326522836,0.9224103931809704,-451.0,0.40425531914893614,0.36879432624113473,0.9574468085106383,0.48723404255319147,0.5042553191489362,車王電
629.0,655.0,629.0,649.0,1524525.0,-0.09483960948396097,697.4,0.031796502384737746,684.0,0.3450777202072539,564.1166666666667,0.9696509863429439,489.89166666666665,0.04276240567116389,50.77399380804953,2278212.75,0.6691758704273778,-0.051169590643274865,1560.TW,2026-06-08,0.04179561773568885,0.29092072746572395,bull,0.3373493975903614,0.17516218721038,2026-03-31,2026-05-15,2293229000.0,802560000.0,444439000.0,531951000.0,89799000.0,436359000.0,2.94,5759371000.0,3216860000.0,13961884000.0,5383626000.0,8578258000.0,1772650000.0,642250000.0,940383000.0,555943000.0,0.1688106611323223,369412958.57701176,10745024000.0,0.0343799100473867,0.050868020057219,0.0312535901315323,0.6275896574805747,0.3499694099455396,0.193804892577235,0.1902814764683335,0.2944197621734146,,,86.28355650333096,86.28355650333096,False,60.50046339202966,60.50046339202966,66.94623666985498,54.0,True,False,True,True,False,True,True,True,False,True,True,True,False,True,True,False,False,10,False,0.1504712382190445,0.3247826900505215,1.0,1478560074.75,0.13160333642261354,3.0,2.0,,,,,,-0.015540859619126667,-0.22012850686226912,0.33540812517739094,-1.3934969417676406,0.49148936170212765,-1.3934969417676406,0.4246501313040457,-54.0,0.8936170212765957,0.45390070921985815,0.36879432624113473,0.8148936170212765,0.6567375886524822,中砂
58.79999923706055,61.59999847412109,58.79999923706055,60.5,1421523.0,-0.13447784435882693,65.94000244140625,0.38127856287287476,54.25750045776367,0.43705468391381097,45.87500006357829,0.44563924028364243,45.47083336512248,0.11871135404414287,71.90201790884896,2455392.95,0.5789391062640299,0.1150532090414993,1563.TW,2026-06-08,0.04179561773568885,0.29092072746572395,bull,0.03892493049119555,0.1417979610750695,2026-03-31,2026-05-15,1871936000.0,411927000.0,163156000.0,163478000.0,32736000.0,130706000.0,0.6,10888013000.0,5754269000.0,19938639000.0,11683940000.0,8254699000.0,2764628000.0,2859266000.0,5833677000.0,,0.2002471280539277,130484479.57523336,14184370000.0,0.009199173426471,0.0158341327769795,0.0065554123328076,1.415428957494392,0.2200539975725665,0.0871589626995794,0.0698239683407979,-0.0241387938944032,,,30.55810984175432,30.55810984175432,False,79.87507047851233,79.87507047851233,67.54583031932283,673.0,True,True,True,True,True,True,True,True,True,True,True,True,False,True,False,False,False,13,False,0.3188010880905261,0.33052322824602887,1.0,148551273.47500002,0.37349397590361444,1.0,3.0,,,,,,-0.008773148988738606,-0.15199315335381505,0.2619985886431887,-1.6317447406882173,0.474822695035461,-1.6317447406882173,0.30921367309912584,-673.0,0.24113475177304963,0.5106382978723404,0.2198581560283688,0.2379432624113475,0.31773049645390067,巧新
55.5,55.5,52.0,52.0,74012.0,-0.09249562491499319,54.44000015258789,0.061224489795918435,51.44750003814697,0.16331094211329278,47.55833339691162,0.1255411069541188,47.20541661580403,0.031890888219825504,58.38508973382264,117292.85,0.6310018044578165,0.01073910221960972,1583.TW,2026-06-08,0.04179561773568885,0.29092072746572395,bull,0.24559777571825764,0.298887859128823,2026-03-31,2026-05-15,932415000.0,168110000.0,-45483000.0,30191000.0,2021000.0,19426000.0,0.18,10168660000.0,6396034000.0,15301028000.0,8016217000.0,7284811000.0,2905256000.0,3865644000.0,764000000.0,,0.0669404789506806,-42438346.1958862,8904994000.0,-0.0047656793700126,0.0026666443371008,0.0012695878995842,1.100401506641696,0.1802952547953432,-0.048779781535046,0.0208340706659588,0.0794838844123366,,,20.81903390197864,20.81903390197864,False,68.14933958389099,68.14933958389099,56.3167631634129,846.0,True,False,True,True,True,True,True,True,True,False,True,True,False,True,False,False,False,11,False,0.09339407598704486,0.10156850056463163,1.0,6099228.2,0.7877664504170528,1.0,3.0,,,,,,0.025099520140281183,-0.08016088919638759,0.2323229537263107,-1.3399813343091298,0.6687943262411348,-1.3399813343091298,0.6722787097377468,-846.0,0.1347517730496454,0.0425531914893617,0.723404255319149,0.22304964539007094,0.224822695035461,程泰
44.70000076293945,45.54999923706055,44.20000076293945,44.20000076293945,14304290.0,0.14507778523807002,44.75,0.1486707734933317,39.76754493713379,0.3009628016123418,39.55559832255046,0.4039310381679,35.974547719955446,0.04880141094099009,63.97797998390124,7860841.7,1.819689359728488,0.1114591266021745,1708.TW,2026-06-08,0.04179561773568885,0.29092072746572395,bull,0.1380908248378128,0.19462465245597776,2026-03-31,2026-05-15,1553624000.0,474907000.0,259013000.0,341041000.0,63456000.0,277585000.0,1.11,3498403000.0,3484718000.0,12753792000.0,5350520000.0,7403272000.0,1675166000.0,1151880000.0,1099410000.0,,0.1860656050152327,210819589.4481896,9269074000.0,0.0227444067711822,0.0374949076570467,0.0217648994118768,0.7227236821772859,0.3056769205419072,0.1667153699994336,0.1786693562921273,0.0231199407842921,,,61.66803457963997,61.66803457963997,False,85.14030818046416,85.14030818046416,79.27223978025812,246.0,True,True,True,True,True,True,True,True,True,True,False,True,True,True,True,False,False,13,False,0.1174145414895984,0.22864646157653468,1.0,347449209.13734627,0.2743280815569972,1.0,3.0,,,,,,-0.004165496381669798,-0.11397301899565065,0.29411359023972417,-1.1421332903026578,0.6734042553191488,-1.1421332903026578,0.7669742684361298,-246.0,0.6524822695035462,0.9432624113475178,0.8368794326241135,0.6801418439716312,0.7765957446808511,東鹼
19.399999618530277,20.200000762939453,19.299999237060547,20.0,1409053.0,0.02564102564102555,20.160000228881835,0.08108108108108114,19.067500114440918,0.18343197937535338,18.656666692097982,0.1799409498393214,17.754166650772095,0.021701278737624462,72.72725921595645,1214995.0,1.1597191757990775,0.048905198896673774,1709.TW,2026-06-08,0.04179561773568885,0.29092072746572395,bull,0.20481927710843373,0.2789620018535681,2026-03-31,2026-05-15,2424471000.0,492933000.0,320616000.0,344786000.0,79982000.0,264726000.0,0.55,5694389000.0,2189161000.0,12130526000.0,3134319000.0,8996207000.0,600735000.0,285000000.0,20699000.0,,0.2319757762786192,246240854.51265424,9941365000.0,0.0247693203612033,0.0294264015934715,0.021823126218929,0.34840449980753,0.2033156923716555,0.1322416312671919,0.1091891798252072,-0.0753599255550004,,,52.52750676874495,52.52750676874495,False,67.28779801345624,67.28779801345624,63.59772520227842,329.0,True,False,True,True,True,True,True,False,True,False,True,True,True,True,False,False,False,11,False,0.07200285721301891,0.1264961286780666,1.0,24299900.0,0.607970342910102,0.0,3.0,,,,,,0.04533246360481351,-0.05000642954600931,0.251609860892455,-0.6920241937974758,0.8393617021276596,-0.6920241937974758,0.7964495172618692,-329.0,0.574468085106383,0.24822695035460993,0.851063829787234,0.6159574468085106,0.5319148936170213,和益
81.69999694824219,84.80000305175781,81.0999984741211,84.30000305175781,1073216.0,0.0047675985530886145,84.78000030517578,0.043316830047122945,81.98499984741211,0.20946925025487872,80.08999977111816,0.18732398664447625,75.25499979654948,0.01718362093563422,70.1298829977969,849868.55,1.2628023474924446,0.028236911735735948,1723.TW,2026-06-08,0.04179561773568885,0.29092072746572395,bull,0.29935125115848005,0.25764596848934196,2026-03-31,2026-05-15,1277807000.0,319750000.0,181223000.0,217086000.0,38207000.0,178879000.0,0.77,3402849000.0,1696462000.0,11518279000.0,3468337000.0,8049942000.0,782501000.0,937470000.0,1000000000.0,,0.1759993735201717,149327865.5325539,9821817000.0,0.0152036904711779,0.0222211538915435,0.0155300110372391,0.4308524210484994,0.2502334077055455,0.1418234522114842,0.139989059380642,-0.2447011744956525,,,46.187073211591255,46.187073211591255,False,64.1214087934271,64.1214087934271,59.63782489796813,413.0,True,False,True,True,True,True,True,True,True,False,True,True,True,True,False,False,False,12,False,0.05256590451580756,0.12019139299264281,1.0,71643921.35859299,0.46153846153846156,1.0,3.0,,,,,,0.030124063812096213,-0.07051586790762017,0.236403826250945,-1.4116941528580307,0.6822695035460993,-1.4116941528580307,0.6819263060506668,-413.0,0.44680851063829785,0.0851063829787234,0.7375886524822695,0.4904255319148936,0.3964539007092198,中碳
83.69999694824219,95.3000030517578,83.69999694824219,92.8000030517578,8806631.0,-0.02725365233265553,93.3,0.21625162962060784,91.41999969482421,0.8449305061496635,70.8699998219808,1.4453228244038088,57.62333335876465,0.046713990547264016,56.38554584549132,13823619.9,0.6370712638011697,0.015095201942028735,1727.TW,2026-06-08,0.04179561773568885,0.29092072746572395,bull,0.09545875810936053,0.04819277108433735,2026-03-31,2026-05-15,519337000.0,93230000.0,43151000.0,41099000.0,5200000.0,,0.28,1123188000.0,1095199000.0,3624612000.0,1513893000.0,2110719000.0,149557000.0,500000000.0,406375000.0,,0.1265237597021825,37691373.24509112,2529413000.0,0.014901233307922,,,0.7172404284985353,0.1795173461548089,0.0830886303113392,,0.1494054192828735,,,48.38391394144922,48.38391394144922,False,77.0621801919924,77.0621801919924,69.8926136293566,391.0,True,True,True,True,True,True,True,True,True,True,True,True,False,True,False,False,False,13,False,0.3094398657381576,0.6104587784601443,1.0,1282831968.90634,0.14735866543095458,1.0,3.0,,,,,,-0.008457185461406733,-0.23768193769111343,0.2590655004747496,-1.432305086599203,0.43049645390070923,-1.432305086599203,0.4313138355185869,-391.0,0.49645390070921985,0.624113475177305,0.3829787234042553,0.4794326241134752,0.5120567375886524,中華化
39.79999923706055,41.04999923706055,39.09999847412109,40.29999923706055,857699.0,0.03999998031123986,40.15,0.07323568724033014,38.6,0.3433333079020182,32.49333330790202,0.6119999694824219,29.180000003178918,0.03763441126227228,61.851844630620356,944581.65,0.908019968416706,0.044041431011931254,1762.TW,2026-06-08,0.04179561773568885,0.29092072746572395,bull,0.22335495829471733,0.17701575532900835,2026-03-31,2026-05-15,361225000.0,150582000.0,79612000.0,101948000.0,11347000.0,90601000.0,1.64,1211119000.0,401638000.0,4456086000.0,1275970000.0,3180116000.0,286487000.0,0.0,600000000.0,,0.1113018401538039,70751037.90167536,4054448000.0,0.0174502269856896,0.0284898412510738,0.0203319684584184,0.4012337914717576,0.4168648349366738,0.2203944909682331,0.2508159734237663,0.8720977237862266,,,76.25635821722317,76.25635821722317,False,76.59758258490491,76.59758258490491,76.51227649298448,110.0,True,True,True,True,True,True,True,True,True,True,True,True,True,True,True,False,False,14,False,0.24025438865208804,0.38108290721967775,1.0,38066639.7743414,0.5393883225208527,1.0,3.0,,,,,,0.026626049132523026,-0.07753212975689922,0.2547732735507972,-0.9972473719247875,0.7712765957446809,-0.9972473719247875,0.7979979073364506,-110.0,0.8156028368794326,0.8652482269503546,0.8581560283687943,0.8219858156028368,0.8390070921985816,中化生
17.450000762939453,18.75,16.75,18.149999618530277,260181.0,-0.01089922391181064,18.429999923706056,0.0771512882866272,18.21250009536743,0.2222221651373415,16.860833358764648,0.198019806966242,16.050833336512248,0.019166195882258444,55.69618969577546,445354.85,0.5842105458153201,-0.0034317351549693065,1776.TW,2026-06-08,0.04179561773568885,0.29092072746572395,bull,0.21223354958294718,0.2511584800741427,2026-03-31,2026-05-15,275332000.0,63545000.0,27030000.0,30085000.0,7189000.0,21331000.0,0.35,1060002000.0,332954000.0,1475161000.0,551103000.0,924058000.0,434102000.0,28822000.0,180000000.0,,0.238956290510221,20571011.46750873,1142207000.0,0.0180098804047854,0.0230840488367613,0.014460116556769,0.5963943821708161,0.2307940958551857,0.0981723882440108,0.0774737407929336,-0.0693086710204302,,,42.79632276689389,42.79632276689389,False,66.46090895040852,66.46090895040852,60.54476240452987,464.0,True,False,True,True,False,True,True,True,True,False,True,True,False,True,False,False,False,10,False,0.07645922549228512,0.13078238606109438,1.0,8083190.357610608,0.7506950880444856,0.0,3.0,,,,,,0.021011636816825226,-0.04689224968047558,0.23392164594862605,-1.0784492946415645,0.7297872340425532,-1.0784492946415645,0.7641863237727995,-464.0,0.3900709219858156,0.11347517730496454,0.8297872340425532,0.45602836879432623,0.3950354609929078,展宇
53.70000076293945,55.70000076293945,53.70000076293945,53.70000076293945,8652591.0,0.12108557520456409,56.119999694824216,0.35606067757888504,45.27250003814697,1.148000030517578,33.809166717529294,2.0000001065557917,27.794166723887127,0.13160032373461777,68.20331346624354,11901264.75,0.7270312174174598,0.18615054873690218,1809.TW,2026-06-08,0.04179561773568885,0.29092072746572395,bull,0.04541241890639481,0.022242817423540315,2026-03-31,2026-05-15,592290000.0,114707000.0,-256000.0,3358000.0,3747000.0,8923000.0,0.05,2099014000.0,975481000.0,4529074000.0,1191709000.0,3337365000.0,567681000.0,445000000.0,137500000.0,,0.4,-153600.0,3553593000.0,-4.322385821899131e-05,0.0026736662007302,0.0019701599046515,0.3570808107593865,0.193666953688227,-0.0004322207026963,0.0150652551959344,0.0288581965233976,,,23.82453060425707,23.82453060425707,False,85.07787536806016,85.07787536806016,69.76453917710938,790.0,True,True,True,True,True,True,True,True,True,True,False,True,False,False,False,False,False,11,False,0.5883266574297794,0.932060108022166,1.0,639097926.1549444,0.21316033364226136,1.0,3.0,,,,,,-0.09421583557656768,-0.28201424764203287,0.19901799394781933,-1.563435063940754,0.17375886524822695,-1.563435063940754,0.30287859065960043,-790.0,0.1702127659574468,0.6099290780141844,0.19858156028368795,0.17446808510638295,0.3078014184397163,中釉
20.350000381469727,22.299999237060547,20.350000381469727,22.0,15983530.0,0.09725689960800898,20.970000076293946,0.2121212375971102,19.497499847412108,0.23249297085945342,18.338333257039388,0.27906971070623565,18.359583266576134,0.03284333644874502,72.0779228821677,5182169.75,3.0843316161150454,0.12834979726490658,1810.TW,2026-06-08,0.04179561773568885,0.29092072746572395,bull,0.10009267840593142,0.2391102873030584,2026-03-31,2026-05-15,1034852000.0,179603000.0,-198009000.0,1214854000.0,120841000.0,1098423000.0,3.64,4420438000.0,1355686000.0,10192500000.0,2087067000.0,8105433000.0,789858000.0,199591000.0,341555000.0,,0.0994695658902222,-178313130.727643,8836814000.0,-0.020178441090606,0.1355168810845762,0.107767770419426,0.2574898836373084,0.1735542860235086,-0.1913404042317162,1.0614300402376378,-0.0814045247519216,,,46.52348272920723,46.52348272920723,False,76.0194624652456,76.0194624652456,68.64546753123601,407.0,True,True,True,True,True,True,True,False,True,False,True,True,False,True,False,False,False,11,False,0.19967282149565246,0.19828427914544733,1.0,114007734.5,0.40037071362372567,0.0,3.0,,,,,,-0.013495681433182284,-0.16978952794761484,0.17035861142454825,-1.6084715167292059,0.2946808510638298,-1.6084715167292059,0.5068799928368211,-407.0,0.46808510638297873,0.5673758865248227,0.46099290780141844,0.4670212765957447,0.4964539007092199,和成
20.0,21.899999618530277,20.0,21.700000762939453,5974640.0,0.10432576001049854,21.249999618530275,0.24000004359654015,19.59499979019165,0.22946182617234667,18.779999860127766,0.16666668375760385,18.324999936421715,0.04982587357934787,74.57629365163012,5327586.45,1.1214534116100547,0.10742541440605002,1904.TW,2026-06-08,0.04179561773568885,0.29092072746572395,bull,0.08155699721964782,0.24189063948100092,2026-03-31,2026-05-15,10422205000.0,2150150000.0,696170000.0,676222000.0,51875000.0,623134000.0,0.56,23384595000.0,24639229000.0,73010397000.0,42553667000.0,30456730000.0,6316415000.0,12166669000.0,15580624000.0,,0.0767129729585846,642764729.6154221,48371168000.0,0.0132881788096459,0.0204596488198174,0.0085348666163258,1.3971843661483028,0.2063047119107713,0.0667968054744653,0.0597890753444208,0.0134174531712039,,,33.04763840274124,33.04763840274124,False,76.47025372697351,76.47025372697351,65.61459989591545,632.0,True,True,True,True,True,True,True,False,True,False,False,True,True,True,False,False,False,11,False,0.15548460727154767,0.1841746705717462,1.0,115608630.0296259,0.39759036144578314,0.0,3.0,,,,,,0.0022038173047450407,-0.11379092582778823,0.20995523378011471,-1.6221995096543702,0.4826241134751773,-1.6221995096543702,0.487915718809938,-632.0,0.28368794326241137,0.3617021276595745,0.44680851063829785,0.30815602836879435,0.33971631205673763,正隆
41.5,42.20000076293945,40.59999847412109,41.79999923706055,35109570.0,-0.03240744215634239,43.439999389648435,0.04630784577699654,41.6849998474121,0.12516817012624948,38.91083323160807,0.08430609764774188,37.87583325703939,0.027546679627970517,56.56934357380511,32803948.2,1.0702848872319584,0.0027587715022046044,2027.TW,2026-06-08,0.04179561773568885,0.29092072746572395,bull,0.29008341056533826,0.34198331788693237,2026-03-31,2026-05-15,31174326000.0,8517820000.0,5633209000.0,4716863000.0,1204326000.0,2914770000.0,1.17,89517343000.0,24455518000.0,159942793000.0,66551339000.0,93391454000.0,9252095000.0,11925609000.0,29968117000.0,,0.2553235063218923,4194918326.275959,135487275000.0,0.0309617144951506,0.0312102432841446,0.0182238283159154,0.7126063054977172,0.2732318896004359,0.1807002659816927,0.0934990543179666,0.1950875950100803,,,67.77515994414823,67.77515994414823,False,63.640568169988924,63.640568169988924,64.67421611352876,180.0,True,False,True,True,True,True,True,True,True,False,True,True,True,True,True,False,False,12,False,0.07425094158882062,0.10360606335417932,1.0,1371205009.7325737,0.1417979610750695,1.0,3.0,,,,,,0.005304007540628858,-0.12726652369052735,0.24715416275714874,-1.260740865552642,0.6046099290780143,-1.260740865552642,0.602066720433588,-180.0,0.7375886524822695,0.2978723404255319,0.6666666666666666,0.726950354609929,0.5914893617021276,大成鋼
17.799999237060547,18.899999618530277,17.5,18.799999237060547,2755409.0,0.02732240551067444,18.60999984741211,0.0444444020589192,17.902499961853028,0.19365074521019343,16.692499987284343,0.34767021463141523,16.059583298365276,0.030063290640009996,70.40817279808175,2326917.2,1.1841457014456722,0.05013262265716678,2030.TW,2026-06-08,0.04179561773568885,0.29092072746572395,bull,0.29471733086190915,0.2715477293790547,2026-03-31,2026-05-15,2637279000.0,397354000.0,208556000.0,212139000.0,43592000.0,168547000.0,0.61,6688220000.0,4584464000.0,12076498000.0,7059382000.0,5017116000.0,1408221000.0,3147626000.0,2063078000.0,,0.2054879112280156,165700263.18592998,7492034000.0,0.0221168594784713,0.0335943996511143,0.0139566122563014,1.4070597530533475,0.1506681697309992,0.0790799911575529,0.0639094308944939,-0.0137930957114074,,,38.807934191914576,38.807934191914576,False,65.08205290647753,65.08205290647753,58.513523227836785,543.0,True,False,True,True,True,True,True,True,True,False,True,True,True,True,False,False,False,12,False,0.1262542609783801,0.17064053828683234,1.0,43746041.584703065,0.5162187210379982,0.0,3.0,,,,,,0.04704577211228624,-0.06029444391340751,0.2938996034711332,-0.07602871673500555,0.9031914893617021,-0.07602871673500555,0.9055360437337552,-543.0,0.3475177304964539,0.06382978723404255,0.950354609929078,0.4379432624113475,0.3829787234042553,彰源
33.54999923706055,34.0,32.70000076293945,33.5,31071989.0,0.015151515151515138,34.13999938964844,0.04524183455401665,32.580000019073495,0.17543859649122817,31.723333263397215,0.0419906192861117,31.046249930063887,0.0195587544868393,59.482734240221745,17885637.3,1.737259258857944,0.028238182332348094,2105.TW,2026-06-08,0.04179561773568885,0.29092072746572395,bull,0.2928637627432808,0.28544949026876737,2026-03-31,2026-05-15,23428390000.0,5819824000.0,2326581000.0,2517751000.0,662587000.0,1861686000.0,0.57,74828337000.0,28545164000.0,146931420000.0,61509132000.0,85422288000.0,27884517000.0,943023000.0,28301965000.0,0.0,0.2631662146097847,1714303485.2469528,118386256000.0,0.0144805954945222,0.0217939140192545,0.0126704417611971,0.7200595235753928,0.2484090456066336,0.099306055601772,0.0794628226694194,0.0114233068061464,,,43.491179705420855,43.491179705420855,False,73.60135372066381,73.60135372066381,66.07381021685308,456.0,True,False,True,True,True,True,True,True,True,False,True,True,True,True,False,False,False,12,False,0.056005045934209186,0.07903531265333297,1.0,599168849.5500001,0.22335495829471733,1.0,3.0,,,,,,-0.0063528380649891265,-0.11388668843566126,0.16713603267673416,-1.7639488751517023,0.3730496453900709,-1.7639488751517023,0.42812966369599925,-456.0,0.3971631205673759,0.3971631205673759,0.375886524822695,0.39397163120567374,0.39290780141843973,正新
32.349998474121094,38.900001525878906,32.349998474121094,38.900001525878906,9185718.0,0.12265511725377043,34.150000381469724,0.24879621195046053,34.967499828338624,0.303182614028616,31.499166615804036,0.020997456267648262,32.75458329518636,0.0261169411840116,62.70023005145561,3578578.55,2.5668621972822145,0.11246162055753484,2241.TW,2026-06-08,0.04179561773568885,0.29092072746572395,bull,0.07877664504170528,0.1927710843373494,2026-03-31,2026-05-15,218145000.0,24433000.0,-12795000.0,-10165000.0,484000.0,-15198000.0,-0.15,952113000.0,375178000.0,2376112000.0,856522000.0,1519590000.0,284149000.0,37000000.0,456985000.0,,0.0,-12795000.0,2000934000.0,-0.0063945137620731,-0.0100013819517106,-0.0063961631438248,0.5636533538651873,0.112003483921245,-0.0586536478030667,-0.0696692566870659,0.2386508815262753,,,25.4753354548809,25.4753354548809,False,85.30008075182565,85.30008075182565,70.34389442758946,760.0,True,True,True,True,True,True,True,True,True,True,False,True,True,True,False,False,False,13,False,0.23495335607900358,0.18762010114156102,1.0,139206711.05547753,0.3809082483781279,1.0,3.0,,,,,,-0.05531192961056326,-0.23031853402746225,0.16843859003774408,-1.862298674144064,0.12446808510638299,-1.862298674144064,0.19507940023201514,-760.0,0.1773049645390071,0.6382978723404256,0.10638297872340426,0.16666666666666666,0.3014184397163121,艾姆勒
25.25,27.950000762939453,25.25,27.75,1971871.0,-0.07345578320190782,28.089999771118165,0.28175521888918253,24.42000007629395,0.9892473390264387,22.978333361943566,1.5576035967144377,17.307916688919068,0.0343074983836616,67.82608387976563,1419325.4,1.3893015653774674,0.13636363281336328,2243.TW,2026-06-08,0.04179561773568885,0.29092072746572395,bull,0.06765523632993513,0.03429101019462465,2026-03-31,2026-05-15,558167000.0,86268000.0,43442000.0,40717000.0,-5312000.0,46029000.0,0.66,2600752000.0,2072227000.0,3227888000.0,2339243000.0,888645000.0,446584000.0,352298000.0,130026000.0,,0.0,43442000.0,1155661000.0,0.0375906083185293,0.0517968367570852,0.014259788443713,2.6323706316920705,0.1545558945620217,0.0778297534608817,0.0824645670560961,1.7940481553786856,,,52.51230523945806,52.51230523945806,False,87.77270972253119,87.77270972253119,78.9576086017629,331.0,True,True,True,True,True,True,True,True,True,True,True,True,True,True,False,False,False,14,False,0.20765938777610438,0.603312547590791,1.0,39386279.849999994,0.5347544022242817,0.0,3.0,,,,,,0.06406018590806076,-0.10128895673345426,0.35042362732693694,-0.26023166739810566,0.9063829787234043,-0.26023166739810566,0.9468376905021447,-331.0,0.5673758865248227,0.9290780141843972,0.9858156028368794,0.6301418439716312,0.7595744680851064,宏旭-KY
121.0,125.0,119.0,121.0,318113451.0,-0.17123287671232879,129.9,0.27368421052631575,123.19500007629395,0.9453375967174469,86.2883331934611,1.5473684210526315,71.97875010172525,0.08460624050752547,54.54545454545455,320530817.55,0.9924582398395345,-0.017817282153777314,2303.TW,2026-06-08,0.04179561773568885,0.29092072746572395,bull,0.06950880444856349,0.04077849860982391,2026-03-31,2026-05-15,61037902000.0,17818490000.0,11276411000.0,16643830000.0,526846000.0,16171474000.0,1.29,216440269000.0,79611375000.0,599931908000.0,193195750000.0,406736158000.0,109018591000.0,3589671000.0,13091599000.0,34073429000.0,0.031654132492341,10919465992.16791,520320533000.0,0.0209860370668245,0.0397591256197094,0.0269555157582983,0.4749903498867194,0.2919250075141835,0.1847444068441277,0.264941511259676,0.0549430056265964,,,67.2329618749115,67.2329618749115,False,74.72355622958032,74.72355622958032,72.85090764091312,188.0,True,False,True,True,False,True,True,True,True,True,True,True,True,True,True,False,False,12,False,0.4022753195233737,0.6810516969104714,1.0,38784228923.55,0.004633920296570899,2.0,3.0,,,,,,-0.023237196619259756,-0.16872244072665374,0.2973989262448291,-1.2517790892474587,0.5159574468085106,-1.2517790892474587,0.414095958125952,-188.0,0.723404255319149,0.75177304964539,0.3404255319148936,0.6659574468085107,0.6553191489361702,聯電
233.5,257.5,233.5,252.0,48518686.0,-0.09742124290045517,262.7,0.051765353223489186,262.42684783935545,0.24768242960295161,250.2845319112142,2.0085959118068977,195.94718939463297,0.010902479934539702,49.47201728051936,76508590.7,0.6341599754496589,-0.03973239752412161,2313.TW,2026-06-08,0.04179561773568885,0.29092072746572395,bull,0.26969416126042633,0.2289156626506024,2026-03-31,2026-05-15,19548062000.0,3515178000.0,1938218000.0,1745133000.0,240964000.0,1504169000.0,1.26,52731928000.0,33662918000.0,93452900000.0,46599014000.0,46853886000.0,12821090000.0,2253247000.0,7799356000.0,,0.1380777281731535,1670593261.855687,59789982000.0,0.027941022993713,0.0321033990649142,0.0160954769728922,0.9945602804429072,0.1798223271442458,0.099151414600588,0.0769472186040744,0.1684523644079827,,,53.11448854162156,53.11448854162156,False,61.18628359592215,61.18628359592215,59.16833483234701,323.0,True,False,True,True,False,True,True,False,True,False,True,True,False,True,False,False,False,9,False,0.006854071546835927,0.2860608043347741,1.0,19280164856.4,0.012048192771084338,2.0,3.0,,,,,,-0.13122471017052173,-0.2829730442310148,0.16478471186560525,-1.1407509412536065,0.19397163120567376,-1.1407509412536065,0.14229653993889615,-323.0,0.5815602836879432,0.07801418439716312,0.05673758865248227,0.502836879432624,0.325531914893617,華通
150.5,167.5,150.5,166.5,5973994.0,0.003012048192771122,164.2,0.3481781376518218,154.05,0.7544783701040934,123.93833338419596,0.5933014354066986,111.87333342234294,0.08200175592625118,70.67669172932331,9871806.4,0.6051571270684563,0.08081791626095414,2316.TW,2026-06-08,0.04179561773568885,0.29092072746572395,bull,0.04819277108433735,0.06765523632993513,2026-03-31,2026-05-15,1022324000.0,63362000.0,-73021000.0,821202000.0,181542000.0,639660000.0,3.53,7528022000.0,3322172000.0,20029645000.0,6292603000.0,13737042000.0,1075192000.0,849278000.0,1341050000.0,,0.2210686286687075,-56878347.66598231,16707473000.0,-0.0034043656791175,0.046564609760966,0.0319356633629802,0.458075544939005,0.0619783943250867,-0.0714264753639746,0.6256920506610428,0.1737561496466644,,,45.827164257188265,45.827164257188265,False,78.597662314301,78.597662314301,70.40503780002282,417.0,True,True,True,True,True,True,True,True,True,True,True,True,False,True,False,False,False,13,False,0.34341002862986136,0.4882903271634098,1.0,1643655765.6000001,0.12233549582947173,2.0,3.0,,,,,,-0.14352807331919534,-0.3175597490426202,0.10468642009642508,-1.6035652884299683,0.06843971631205674,-1.6035652884299683,0.057458220358706666,-417.0,0.4397163120567376,0.6453900709219859,0.014184397163120567,0.375886524822695,0.41631205673758864,楠梓電
257.5,272.0,257.5,269.5,116829921.0,-0.08177172061328786,291.5,0.06944444444444442,265.6,0.23059360730593603,230.50833333333333,0.18722466960352424,228.225,0.04126237381162417,60.25104602510461,101008868.2,1.1566303343650375,0.014683734939759052,2317.TW,2026-06-08,0.04179561773568885,0.29092072746572395,bull,0.22798887859128822,0.24003707136237257,2026-03-31,2026-05-15,2119533391000.0,130980560000.0,75648689000.0,74031230000.0,17074953000.0,49919449000.0,3.56,4052387707000.0,2792211149000.0,5230479067000.0,3241680598000.0,1988798469000.0,986317310000.0,778365706000.0,25597034000.0,289268494000.0,0.2306452695706933,58200676732.92546,2438267918000.0,0.0238696807283855,0.0251003054246619,0.0095439535003496,1.6299693752429172,0.0617968844256816,0.0356911994504171,0.0235520936881527,0.289006464874042,,,39.93908373911616,39.93908373911616,False,73.8561331396735,73.8561331396735,65.37687078953417,512.0,True,False,True,True,True,True,True,True,True,False,True,True,True,True,False,False,False,12,False,0.16915512815877953,0.18085222915982047,1.0,27221889979.9,0.0074142724745134385,2.0,3.0,,,,,,-0.01606805241072332,-0.13655732432523987,0.2144153264937344,-1.7156876209700993,0.37482269503546106,-1.7156876209700993,0.40440884773482155,-512.0,0.36879432624113473,0.3475177304964539,0.3049645390070922,0.3592198581560283,0.349645390070922,鴻海
37.29999923706055,39.09999847412109,37.29999923706055,38.59999847412109,152077957.0,-0.043370509694625636,42.74999923706054,0.2532467347491061,34.57749977111816,0.23637437099217218,31.401952425638836,0.32659066370646794,30.600193055470786,0.10435962421942278,67.64705845687259,178535695.4,0.8518070106892472,0.11633283868496558,2324.TW,2026-06-08,0.04179561773568885,0.29092072746572395,bull,0.07692307692307693,0.23540315106580167,2026-03-31,2026-05-15,201303536000.0,10597495000.0,2644084000.0,3090596000.0,699988000.0,1967195000.0,0.45,372539532000.0,285043722000.0,452433934000.0,306525209000.0,145908725000.0,84569615000.0,55846516000.0,11898445000.0,,0.2264896479513983,2045226345.6860747,167390212000.0,0.0122183150451238,0.013482367144254,0.0043480270867569,2.100801093286231,0.0526443559342146,0.0131348115017711,0.009772282390509,0.0110778585236814,,,17.5664711440274,17.5664711440274,False,79.11601163177357,79.11601163177357,63.72862650983703,900.0,True,True,True,True,True,True,True,True,True,False,True,True,True,True,False,False,False,13,False,0.22922288241559285,0.2614299002672493,1.0,6891477570.016148,0.03707136237256719,1.0,3.0,,,,,,-0.058809856126892705,-0.17147398704358574,0.2513534716449108,-1.600929871942269,0.33262411347517734,-1.600929871942269,0.5131671590501097,-900.0,0.0851063829787234,0.2553191489361702,0.48936170212765956,0.14574468085106382,0.21702127659574466,仁寶
2230.0,2320.0,2230.0,2295.0,51824183.0,-0.02547770700636942,2370.0,0.02684563758389258,2293.0,0.18684937380360345,2100.5300801595054,0.5932157083009475,1896.4248677571616,0.011357371264748043,59.375,33927899.0,1.5274798772538198,0.0008722197993893399,2330.TW,2026-06-08,0.04179561773568885,0.29092072746572395,bull,0.3623725671918443,0.27803521779425394,2026-03-31,2026-05-15,1134103440000.0,751295421000.0,658966142000.0,687799687000.0,114998383000.0,572479752000.0,22.08,4265512176000.0,1714253448000.0,8660949685000.0,2728560764000.0,5932388921000.0,3035637228000.0,,40991672000.0,860026070000.0,0.167197492487373,548788655423.5218,6946696237000.0,0.0789999500050863,0.096500711538565,0.0660989582922395,0.4599430010971123,0.6624575805889452,0.5810458894296273,0.5047861877572649,0.351323787607557,,,99.15374073493592,99.15374073493592,True,69.84073761089704,69.84073761089704,77.16898839190677,5.0,True,False,True,True,True,True,True,True,False,False,True,True,True,True,True,True,True,12,False,0.09258135442922466,0.21017185495685897,1.0,77864528205.0,0.0009267840593141798,3.0,0.0,,,,,,-0.05730270584641304,-0.22831549209137192,0.14703469454754337,-1.6279028099026247,0.13156028368794326,-1.6279028099026247,0.1332786035960436,-5.0,0.9858156028368794,0.8865248226950354,0.04964539007092199,0.8453900709219858,0.7687943262411348,台積電
146.0,157.0,146.0,154.0,179703414.0,-0.08333333333333337,171.5,0.3106382978723403,143.075,0.3579498484430972,113.61412366231282,1.7743060657185366,105.25839115778605,0.12224488060835362,63.984674329501914,268473515.75,0.6693524815585092,0.07635855320636042,2344.TW,2026-06-08,0.04179561773568885,0.29092072746572395,bull,0.060240963855421686,0.1696014828544949,2026-03-31,2026-05-15,38253064000.0,20415002000.0,12550494000.0,12688424000.0,2570746000.0,10114310000.0,2.25,110641935000.0,75046248000.0,229813688000.0,106920169000.0,122893519000.0,25520648000.0,5251103000.0,22148521000.0,4892959000.0,0.202605619106045,10007693393.043297,154767440000.0,0.0646627830313875,0.082301410866101,0.0440109120045103,0.870022844736019,0.5336827920503309,0.3280912085891995,0.2644052251605257,0.913359516665577,,,96.98400611250784,96.98400611250784,True,81.999641969614,81.999641969614,85.74573300533746,11.0,True,True,True,True,True,True,True,True,True,True,True,True,False,True,True,True,True,14,False,0.3554652805114551,0.46306625349373376,1.0,41344921425.5,0.0037071362372567192,2.0,0.0,,,,,,-0.14892251811209734,-0.2811834293878303,0.1627112658558675,-1.6787225471074645,0.07446808510638298,-1.6787225471074645,0.1827797702199298,-11.0,0.9716312056737588,0.9929078014184397,0.0851063829787234,0.8386524822695035,0.800709219858156,華邦電
28.200000762939453,30.200000762939453,28.200000762939453,30.100000381469727,15894403.0,-0.017944510404758196,32.32000045776367,0.1712062057552648,28.41250009536743,0.2647059389228481,25.715833346048996,0.06927178647831389,25.458333349227907,0.06573518203587518,65.25679646890521,15807388.25,1.0055046886066077,0.0593928827254957,2352.TW,2026-06-08,0.04179561773568885,0.29092072746572395,bull,0.12511584800741427,0.21408711770157554,2026-03-31,2026-05-15,51541496000.0,8592872000.0,692353000.0,694389000.0,319139000.0,317514000.0,0.2,124175179000.0,108440981000.0,212242628000.0,151802424000.0,60440204000.0,22472608000.0,44759544000.0,32099394000.0,3962934000.0,0.4,415411800.0,103801647000.0,0.004001976962851,0.0052533575167946,0.0014959954227479,2.511613362522734,0.1667175512328939,0.013432924026885,0.0061603566958941,0.0360722174845842,,,13.246699508454135,13.246699508454135,False,76.15985206174544,76.15985206174544,60.431563923422615,991.0,True,True,True,True,True,True,True,True,True,False,True,True,True,True,False,False,False,13,False,0.17048512394774562,0.18232407316571608,1.0,475802392.3550401,0.24559777571825764,1.0,3.0,,,,,,-0.04274561415277238,-0.1820518589137382,0.27432680624812716,-1.5932898945281715,0.3656028368794326,-1.5932898945281715,0.4096698759268211,-991.0,0.04964539007092199,0.09929078014184398,0.3191489361702128,0.0900709219858156,0.11843971631205674,佳世達
34.599998474121094,35.70000076293945,34.599998474121094,35.29999923706055,70657893.0,-0.08785533485402075,39.75,0.2256944504233056,32.66499996185303,0.2789854619263157,29.314166641235353,0.27436816840414413,27.912500047683718,0.09779869082871517,64.21845267275907,78976132.9,0.8946740034671917,0.08066735889437426,2353.TW,2026-06-08,0.04179561773568885,0.29092072746572395,bull,0.0917516218721038,0.20481927710843373,2026-03-31,2026-05-15,72423012000.0,8085890000.0,803155000.0,1763916000.0,424878000.0,702042000.0,0.23,191754114000.0,148022790000.0,274836716000.0,178156636000.0,96680080000.0,27423217000.0,15766697000.0,12189167000.0,5000000000.0,0.2408720143136067,609697437.3439552,126813926000.0,0.0048078113861403,0.0072614958531271,0.0025543966985837,1.8427439861448192,0.1116480767190406,0.0110897762716634,0.0096936316318907,0.1807202756047137,,,20.85435408729972,20.85435408729972,False,80.2731907987027,80.2731907987027,65.41848162085195,845.0,True,True,True,True,True,True,True,True,True,False,True,True,True,True,False,False,False,13,False,0.20419589849111053,0.2646663386209245,1.0,2787857431.1159925,0.08341056533827618,1.0,3.0,,,,,,-0.0530130258992676,-0.21246265033974404,0.27493630886674586,-1.8853105448738476,0.2904255319148936,-1.8853105448738476,0.3218636092392148,-845.0,0.14184397163120568,0.3546099290780142,0.22695035460992907,0.15460992907801419,0.22269503546099292,宏碁
820.0,853.0,816.0,844.0,7297506.0,0.008363201911588902,897.4,0.2303206997084548,739.85,0.4452054794520548,638.2333333333333,0.3701298701298701,587.1958333333333,0.09574940758293835,73.27188940092165,6458140.3,1.1299701866185843,0.1407717780631208,2357.TW,2026-06-08,0.04179561773568885,0.29092072746572395,bull,0.0871177015755329,0.1371640407784986,2026-03-31,2026-05-15,208369726000.0,30970538000.0,11895859000.0,13859608000.0,2702804000.0,9797017000.0,13.19,485857648000.0,327627459000.0,671441698000.0,354711686000.0,316730012000.0,57955263000.0,41417377000.0,275376000.0,,0.1950130191272365,9576011621.29809,343814239000.0,0.0278522833991703,0.0309317608967223,0.0145910166574134,1.1199181402487366,0.1486326185407567,0.0570901504184921,0.0470174683629425,0.4108280576281871,,,51.58078089609261,51.58078089609261,False,80.04045282175974,80.04045282175974,72.92553484034296,343.0,True,True,True,True,True,True,True,False,True,True,True,True,True,True,False,False,False,13,False,0.32240037603802163,0.4373398993805304,1.0,5450670413.2,0.04633920296570899,3.0,3.0,,,,,,0.023537082591719518,-0.10110684496544232,0.27510721673813016,-1.248040000790552,0.7382978723404254,-1.248040000790552,0.6273959651080327,-343.0,0.5531914893617021,0.7588652482269503,0.6950354609929078,0.574468085106383,0.6432624113475177,華碩
2310.0,2470.0,2310.0,2450.0,3132960.0,-0.050387596899224785,2520.0,0.03813559322033888,2402.25,0.6387959866220736,2029.1666666666667,2.0434782608695654,1507.7666666666667,0.02354069024286323,65.61264822134387,2965759.65,1.0563769049862148,0.0198771984597772,2360.TW,2026-06-08,0.04179561773568885,0.29092072746572395,bull,0.31881371640407785,0.08063021316033364,2026-03-31,2026-05-15,11859669000.0,7424059000.0,4797366000.0,5094071000.0,1145979000.0,3864185000.0,9.12,33181595000.0,20960269000.0,54619514000.0,26092855000.0,28526659000.0,5397006000.0,46393000.0,3050101000.0,,0.2249632955645887,3718134734.6104913,33659245000.0,0.1104639968784353,0.1354587300251319,0.0707473340022761,0.914683174079376,0.6259920913475747,0.4045109522027976,0.3258257039045524,0.7275427378471042,,,96.7477080736541,96.7477080736541,True,70.42090923502047,70.42090923502047,77.00260894467888,14.0,True,False,True,True,True,True,True,True,False,True,True,True,True,True,True,True,True,13,False,0.20739219712525658,0.6249198593946896,1.0,7266111142.5,0.03429101019462465,3.0,0.0,,,,,,-0.021860297678653894,-0.27404917466423534,0.16609070879250956,-1.5091815440670426,0.21808510638297873,-1.5091815440670426,0.19618580140266176,-14.0,0.9574468085106383,0.8794326241134752,0.11347517730496454,0.8308510638297872,0.7652482269503547,致茂
42.70000076293945,45.29999923706055,42.70000076293945,44.84999847412109,2230615.0,-0.05079368308738441,48.49000015258789,0.11152416778618024,42.65499973297119,0.16796866385266518,39.96999988555908,0.08859217581531964,39.43791669209798,0.05392550234819842,63.69564824383804,3187979.75,0.6996954732852365,0.051459354234931975,2362.TW,2026-06-08,0.04179561773568885,0.29092072746572395,bull,0.1742354031510658,0.2928637627432808,2026-03-31,2026-05-15,4941226000.0,1031961000.0,338299000.0,460047000.0,109186000.0,350861000.0,0.61,21268600000.0,19086193000.0,104921126000.0,60685209000.0,44235917000.0,8972993000.0,7767445000.0,28201977000.0,,0.2373366199540481,258008258.80616543,85834933000.0,0.0030058654418261,0.0079315864527008,0.0033440453164789,1.3718537585645618,0.2088471565558831,0.0684645875335392,0.0710068715739778,0.1924432336345798,,,31.430349126543067,31.430349126543067,False,73.74445864108806,73.74445864108806,63.165931262451814,657.0,True,False,True,True,True,True,True,True,True,False,True,True,False,True,False,False,False,11,False,0.1220915337136419,0.1372304177291268,1.0,142980886.92302892,0.37720111214087115,1.0,3.0,,,,,,-0.012545057104756339,-0.14803573619970462,0.18770752615118713,-1.5782563391488422,0.37978723404255316,-1.5782563391488422,0.5087706022392222,-657.0,0.2624113475177305,0.2198581560283688,0.46808510638297873,0.29326241134751774,0.29078014184397166,藍天
335.0,349.0,335.0,345.0,15177157.0,-0.10852713178294571,375.5,0.06317411402157158,342.075,0.4870689655172413,288.1666666666667,0.40816326530612246,262.1458333333333,0.05334872979214777,62.345679012345684,20075630.2,0.7559990321001231,0.00855075641306735,2376.TW,2026-06-08,0.04179561773568885,0.29092072746572395,bull,0.2391102873030584,0.1195551436515292,2026-03-31,2026-05-15,105057330000.0,12614630000.0,7413710000.0,7054503000.0,1410189000.0,5268403000.0,7.86,234087870000.0,170374747000.0,247826770000.0,180781022000.0,67045748000.0,63311111000.0,69227536000.0,,9540960000.0,0.199899128258929,5931715833.835495,77452023000.0,0.0765856798063944,0.0785792262322138,0.0212584096544533,2.6963831024750444,0.1200737730532462,0.0705682316502808,0.0501478859209538,0.5978925716183887,,,59.16561347732097,59.16561347732097,False,74.05517692143599,74.05517692143599,70.33278606040723,275.0,True,False,True,True,True,True,True,True,True,True,True,True,False,True,False,False,False,12,False,0.1972238288027761,0.31606135261861246,1.0,6926092419.0,0.03614457831325301,2.0,3.0,,,,,,0.08997812427311658,-0.03037462157316386,0.337062690920416,0.16653757284574605,0.9734042553191489,0.16653757284574605,0.950075358450621,-275.0,0.6170212765957447,0.6312056737588653,0.9929078014184397,0.6734042553191489,0.6964539007092199,技嘉
128.0,132.5,128.0,132.0,28809130.0,-0.06713780918727918,141.8,0.22790697674418614,125.25,0.39682539682539675,104.08166643778483,0.2878048780487805,100.32583325703939,0.08903573746781734,64.74820143884892,48224045.3,0.597401769610564,0.05389221556886237,2377.TW,2026-06-08,0.04179561773568885,0.29092072746572395,bull,0.09082483781278962,0.15291936978683968,2026-03-31,2026-05-15,56256838000.0,8440506000.0,3876357000.0,4133431000.0,716617000.0,3416814000.0,4.04,106512512000.0,56814984000.0,119099762000.0,64185562000.0,54914200000.0,25875075000.0,0.0,6305082000.0,,0.1733709840565864,3204309172.355363,62284778000.0,0.0514461040923251,0.0622209555998266,0.0286886719387398,1.1688335985956273,0.1500352010541367,0.0689046369794192,0.0607359766647389,0.0507372103469625,,,60.05362798212559,60.05362798212559,False,78.7786203196295,78.7786203196295,74.09737223525352,263.0,True,True,True,True,True,True,True,True,True,True,True,True,False,True,True,False,False,13,False,0.2682348824507286,0.3157129695779346,1.0,6365573979.599999,0.04077849860982391,2.0,3.0,,,,,,0.006493282337613945,-0.11375089027937448,0.2509471956741167,-0.8087249943613399,0.6911347517730496,-0.8087249943613399,0.5848586413521769,-263.0,0.6382978723404256,0.8014184397163121,0.6382978723404256,0.6382978723404256,0.6872340425531915,微星
579.0,600.0,579.0,596.0,8429584.0,-0.021346469622331665,632.4,0.020547945205479534,588.75,0.2573839662447257,540.1166666666667,0.10780669144981414,519.8958333333334,0.03244191144234985,58.43621399176955,5668390.05,1.487121374083987,0.012314225053078554,2379.TW,2026-06-08,0.04179561773568885,0.29092072746572395,bull,0.38368860055607046,0.2196478220574606,2026-03-31,2026-05-15,36422566000.0,18086981000.0,4331688000.0,4977325000.0,647630000.0,4329661000.0,8.44,108499843000.0,94606737000.0,143076312000.0,97865250000.0,45211062000.0,10988581000.0,9771140000.0,,,0.1301160764065035,3768065753.2228656,48469575000.0,0.0777408457413308,0.0957655230483194,0.0302612007499885,2.16463063840438,0.4965872256227087,0.1189286883301961,0.1188730360183848,0.0399792749759324,,,74.41354387638152,74.41354387638152,False,70.23502551674842,70.23502551674842,71.2796551066567,127.0,True,False,True,True,True,True,True,True,False,False,True,True,True,True,True,False,False,11,False,0.10346530070663751,0.14638349028250852,1.0,3378360469.7999997,0.06672845227062095,3.0,3.0,,,,,,0.010491491521809962,-0.11246425425354341,0.2923911080960574,-0.31284539012385854,0.7773049645390071,-0.31284539012385854,0.7555224364507358,-127.0,0.7872340425531915,0.6808510638297872,0.8014184397163121,0.7893617021276595,0.7581560283687944,瑞昱
357.0,376.5,357.0,376.5,63336111.0,0.010738255033557076,397.7,0.09606986899563319,338.925,0.3027681660899655,318.675,0.28717948717948727,299.9375,0.04517770410916671,73.56948228882834,54223199.35,1.1680629649161416,0.11086523567160866,2382.TW,2026-06-08,0.04179561773568885,0.29092072746572395,bull,0.19184430027803523,0.1936978683966636,2026-03-31,2026-05-15,809221055000.0,38697031000.0,23024012000.0,24536640000.0,3230527000.0,21192434000.0,5.5,1625727414000.0,1388785784000.0,1748309615000.0,1528861132000.0,219448483000.0,226733228000.0,328400514000.0,64082407000.0,56897787000.0,0.1316613440145023,19992639635.47397,359523831000.0,0.0556086632139663,0.0965713397070965,0.0121216710233558,6.966833906069882,0.0478200990457422,0.0284520674020277,0.0261886833876313,0.6661884392385897,,,49.30016615413994,49.30016615413994,False,75.0415186286776,75.0415186286776,68.60618051004319,379.0,True,True,True,True,True,True,True,False,True,True,True,True,True,True,False,False,False,13,False,0.1814544598729113,0.25526151281516984,1.0,20415034555.275,0.011121408711770158,2.0,3.0,,,,,,-0.002909163542654845,-0.11048414056887833,0.1776198582683116,-0.5389055009646451,0.5730496453900709,-0.5389055009646451,0.7508294277366566,-379.0,0.5106382978723404,0.5602836879432624,0.7872340425531915,0.5521276595744681,0.5808510638297872,廣達
11.100000381469728,12.0,11.100000381469728,11.850000381469728,1852309.0,0.053333367241753526,12.32000026702881,0.26332625126796505,10.776500034332276,0.20918368886084115,10.323500045140584,0.23953973444959797,10.223750019073487,0.06952164160893554,70.40168830545633,1956350.45,0.9468186029757604,0.09961493469284499,2390.TW,2026-06-08,0.04179561773568885,0.29092072746572395,bull,0.07228915662650602,0.25857275254865614,2026-03-31,2026-05-15,148356000.0,34460000.0,-10060000.0,106739000.0,2535000.0,104204000.0,0.54,1736331000.0,343966000.0,2788406000.0,357128000.0,2431278000.0,330191000.0,179250000.0,,,0.023749519856847,-9821079.83024012,2444440000.0,-0.004017721780956,0.0428597634659631,0.0373704546611935,0.1468890024094324,0.2322791124052953,-0.0678098627625441,0.702391544662838,-0.2235881494041731,,,41.62410520689323,41.62410520689323,False,74.6682510452255,74.6682510452255,66.40721458564244,488.0,True,False,True,True,True,True,True,True,True,False,True,True,True,True,False,False,False,12,False,0.14786655007065064,0.1590659356265851,1.0,23182753.578788474,0.6135310472659871,0.0,3.0,,,,,,0.036958490478232665,-0.08153778784820866,0.15499703794408579,-1.144656708910667,0.6223404255319148,-1.144656708910667,0.5514572513497155,-488.0,0.3829787234042553,0.41134751773049644,0.574468085106383,0.4117021276595744,0.4297872340425532,云辰
18.450000762939453,19.700000762939453,18.450000762939453,19.399999618530277,8175500.0,0.05434782721369835,20.410000228881835,0.2597402661742243,17.1699999332428,0.2763157803926444,16.028333330154418,0.12138731064051433,16.552083317438765,0.08038383307763164,70.37036644578515,9583034.9,0.8531222191416625,0.12987767582747511,2405.TW,2026-06-08,0.04179561773568885,0.29092072746572395,bull,0.07414272474513438,0.20667284522706209,2026-03-31,2026-05-15,420084000.0,188739000.0,-1748000.0,2134000.0,1760000.0,1064000.0,0.0,1937677000.0,831666000.0,4522754000.0,947641000.0,3575113000.0,667197000.0,230000000.0,,,0.4,-1048800.0,3691088000.0,-0.0002841438621891,0.000297612970555,0.000235254891157,0.2650660272836131,0.4492887136858343,-0.0041610725473952,0.0025328267679797,-0.0277543765448671,,,31.28776862661575,31.28776862661575,False,77.60889712696942,77.60889712696942,66.02861500188101,659.0,True,True,True,True,True,True,True,True,True,False,True,True,True,True,False,False,False,13,False,0.21035663652144532,0.17205787612795764,1.0,185910873.40436235,0.34291010194624655,0.0,3.0,,,,,,-0.023799099369777577,-0.18059176891575038,0.19112483014098172,-1.5899479269453296,0.2826241134751773,-1.5899479269453296,0.20918426607498936,-659.0,0.2553191489361702,0.3900709219858156,0.1347517730496454,0.23723404255319147,0.27163120567375887,輔信
324.0,348.0,324.0,339.5,104212458.0,-0.11009174311926606,383.1,0.12790697674418605,331.6,0.3366141732283465,264.925,1.2483443708609272,248.71666666666667,0.08419159718816413,62.79527559055118,147682322.4,0.7056528926850083,0.02382388419782866,2408.TW,2026-06-08,0.04179561773568885,0.29092072746572395,bull,0.15477293790546803,0.18072289156626506,2026-03-31,2026-05-15,49086932000.0,33325482000.0,30111283000.0,31718134000.0,5659880000.0,26059487000.0,8.41,141606845000.0,25207062000.0,240968098000.0,47930660000.0,193037438000.0,86281008000.0,0.0,13800000000.0,3996400000.0,0.1784430319892084,24738134364.394894,215761036000.0,0.1146552446308929,0.1349970620724877,0.1081449669740099,0.2482972240856201,0.6789074126694249,0.6134276837672398,0.5308844113541258,5.829068133568171,,,100.0,100.0,True,75.82931260066374,75.82931260066374,81.8719844504978,2.0,True,True,True,True,True,True,True,True,True,True,True,True,False,True,True,True,True,14,False,0.2814947626686797,0.36500703611874297,1.0,50138148454.8,0.0018535681186283596,2.0,0.0,,,,,,-0.13284834805985762,-0.3145128551633552,0.18420619390472578,-1.7934203739919006,0.09397163120567376,-1.7934203739919006,0.09985142001535227,-2.0,1.0,0.9716312056737588,0.028368794326241134,0.8542553191489362,0.7971631205673759,南亞科
50.400001525878906,52.0,50.20000076293945,51.79999923706055,380722.0,0.005825227904088237,52.37999954223633,0.0814195738401926,50.29249992370605,0.1935483275541552,46.64583339691162,0.24969839043706488,43.921250089009604,0.02308904736104473,71.59090662790703,365233.3,1.0424076884555709,0.029974634699833524,2414.TW,2026-06-08,0.04179561773568885,0.29092072746572395,bull,0.20389249304911955,0.27247451343836887,2026-03-31,2026-05-15,8173355000.0,667003000.0,256658000.0,257181000.0,49401000.0,189595000.0,1.17,10526345000.0,7572401000.0,12337526000.0,7788440000.0,4549086000.0,631577000.0,2226858000.0,0.0,,0.1920865071681034,207357461.2432489,4765125000.0,0.0435156394099313,0.0416776029294675,0.0153673435014442,1.712088977873797,0.0816070022652876,0.0314017927766504,0.0231967166481818,0.2916284367786956,,,50.75190410598769,50.75190410598769,False,64.92264600134975,64.92264600134975,61.37996052750924,357.0,True,False,True,True,True,True,True,True,True,False,True,True,True,True,False,False,False,12,False,0.11049573916477984,0.17938353603515567,1.0,18919084.661349107,0.644114921223355,1.0,3.0,,,,,,0.060854696738862166,-0.04737059079579567,0.30603415153274965,0.041067707780476755,0.9414893617021276,0.041067707780476755,0.9351950156805202,-357.0,0.5319148936170213,0.14893617021276595,0.9716312056737588,0.5978723404255318,0.5049645390070923,精技
61.5,63.400001525878906,60.29999923706055,63.0,752568.0,-0.010989022834466122,64.34000015258789,0.11504424778761058,61.74500026702881,0.23046873166458703,56.208333524068195,0.25748506823892114,53.68208335240682,0.036772730259942564,62.25166248860327,950848.45,0.7914699761039733,0.020325528019170536,2420.TW,2026-06-08,0.04179561773568885,0.29092072746572395,bull,0.1696014828544949,0.24096385542168675,2026-03-31,2026-05-15,548082000.0,261744000.0,163599000.0,201618000.0,41910000.0,159523000.0,1.05,2457935000.0,653352000.0,5803194000.0,1626378000.0,4176816000.0,1056904000.0,14684000.0,945500000.0,,0.2078683450882361,129591946.61190966,5149842000.0,0.0251642568086379,0.0381924892070898,0.0274888277041918,0.3893822471471092,0.4775635762531884,0.2984936560587649,0.2910568126667177,0.0078297390332167,,,75.13252291019424,75.13252291019424,False,74.19091703197245,74.19091703197245,74.4263185015279,119.0,True,False,True,True,True,True,True,True,True,False,True,True,False,True,True,False,False,11,False,0.120830240822273,0.17357591333450761,1.0,59903452.349999994,0.47914735866543096,1.0,3.0,,,,,,0.03179751412032832,-0.058644932613074685,0.27014057418592025,-1.1558462322231224,0.7886524822695036,-1.1558462322231224,0.8282783328298304,-119.0,0.8014184397163121,0.8085106382978723,0.8936170212765957,0.8152482269503547,0.8219858156028369,新巨
147.0,158.0,147.0,157.0,4543104.0,-0.048484848484848464,163.8,0.039735099337748325,155.45,0.11743772241992878,146.06666666666666,-0.03975535168195721,148.95593299865723,0.023707606190319357,60.526315789473685,7253465.2,0.6263356719489052,0.009971051785139906,2421.TW,2026-06-08,0.04179561773568885,0.29092072746572395,bull,0.31510658016682114,0.35125115848007415,2026-03-31,2026-05-15,5019470000.0,1589335000.0,788361000.0,804772000.0,155735000.0,649037000.0,2.36,14963066000.0,7265103000.0,19420226000.0,8096459000.0,11323767000.0,6013084000.0,462398000.0,0.0,,0.1935144363869518,635801765.4155462,12155123000.0,0.0523073082366625,0.0573163506455051,0.0334206718294627,0.7149969617001127,0.3166340270984785,0.157060606000235,0.1293038906498096,0.2059937007805909,,,81.54483186948244,81.54483186948244,False,67.07012882561483,67.07012882561483,70.68880458658174,79.0,True,False,True,True,True,True,True,True,False,False,True,True,False,True,True,False,False,10,False,0.07485166590597903,0.054002998332502106,1.0,1138794036.4,0.15755329008341057,2.0,2.0,,,,,,-0.02787420980919143,-0.16514106607123546,0.16281017360602718,-1.7884741495094827,0.21702127659574466,-1.7884741495094827,0.30318733264907977,-79.0,0.8723404255319149,0.6524822695035462,0.20567375886524822,0.7723404255319148,0.673049645390071,建準
68.5,74.0999984741211,68.5,73.5,314035.0,-0.08921929641286086,78.08000030517579,0.2068965214847629,76.26999988555909,0.5201655081610856,60.7233331044515,0.38941394858076683,56.4816666285197,0.04723328525608331,49.80695299149957,497564.75,0.6311439867876493,-0.036318341283799516,2423.TW,2026-06-08,0.04179561773568885,0.29092072746572395,bull,0.10472659870250231,0.11121408711770157,2026-03-31,2026-05-15,820800000.0,461178000.0,213132000.0,243452000.0,55144000.0,188308000.0,1.3,2664242000.0,1034835000.0,3975985000.0,1167087000.0,2808898000.0,648483000.0,5955000.0,,,0.2265087162972577,164855744.27813286,2941150000.0,0.0560514575176828,0.0670398141904761,0.047361345679121,0.4154963975195966,0.5618640350877193,0.2596637426900585,0.2294200779727095,0.2750548748945609,,,96.18369172987968,96.18369172987968,False,69.07784986098238,69.07784986098238,75.85431032820671,15.0,True,False,True,True,False,True,True,False,True,True,True,True,False,True,True,False,True,11,False,0.21040786535171052,0.3013072097077092,1.0,36571009.125,0.5421686746987951,1.0,0.0,,,,,,0.01391731546587247,-0.10523246869377965,0.20055070960870722,-1.2704104777262786,0.5964539007092199,-1.2704104777262786,0.5752158329497937,-15.0,0.950354609929078,0.851063829787234,0.6099290780141844,0.8992907801418439,0.8524822695035461,固緯
255.5,277.5,255.5,272.5,2077810.0,-0.03710247349823326,273.6,0.41191709844559576,247.2,0.6873065015479876,195.6,0.4379947229551451,185.4,0.09416841872302745,71.74721189591078,2706272.6,0.7677755744192215,0.10234627831715226,2428.TW,2026-06-08,0.04179561773568885,0.29092072746572395,bull,0.03151065801668211,0.07599629286376275,2026-03-31,2026-05-15,2053739000.0,697718000.0,408603000.0,362327000.0,77885000.0,283006000.0,2.21,11421979000.0,3081899000.0,17353650000.0,5491553000.0,11862097000.0,3511782000.0,945000000.0,390554000.0,,0.2149577591512639,320770614.7375161,14271751000.0,0.0224759116619618,0.023858007568139,0.0163081541923457,0.4629495948313354,0.3397306084171357,0.1989556608702469,0.1378003728808772,0.083226526493898,,,64.00836216806215,64.00836216806215,False,80.68362946433483,80.68362946433483,76.51481264026665,223.0,True,True,True,True,True,True,True,True,True,True,True,False,False,True,True,False,False,12,False,0.39314928425357887,0.4697950377562028,1.0,737459283.5,0.19833178869323448,2.0,3.0,,,,,,-0.003450186406347486,-0.15636534876023828,0.2417389779999887,-1.387283128677295,0.5039007092198581,-1.387283128677295,0.46765574743211874,-223.0,0.6879432624113475,0.8723404255319149,0.41843971631205673,0.6475177304964538,0.6893617021276596,興勤
16.649999618530273,17.899999618530273,16.649999618530273,17.5,2071849.0,-0.03581265191138949,18.650000000000002,0.03244833110940615,17.839999961853028,0.1945392802512338,16.359166701634724,0.422764205579615,15.599166695276896,0.016234687694098,47.208125267706585,1755545.15,1.1801741470448652,-0.01905829386659441,2440.TW,2026-06-08,0.04179561773568885,0.29092072746572395,bull,0.3345690454124189,0.2706209453197405,2026-03-31,2026-05-15,1009672000.0,59306000.0,25317000.0,23669000.0,3639000.0,20030000.0,0.14,2236738000.0,1348409000.0,3428648000.0,1433947000.0,1994701000.0,492727000.0,1044543000.0,,,0.1537454053825679,21424627.57192953,2080239000.0,0.0102991183089681,0.010041605233065,0.0058419528630527,0.7188781677053353,0.0587378871554326,0.0250744796329897,0.0198381256487255,0.1183585581115089,,,28.52396674173668,28.52396674173668,False,59.6988562300078,59.6988562300078,51.905133857940015,708.0,True,False,True,True,False,True,True,False,False,False,True,True,True,True,False,False,False,9,False,0.06973663874036307,0.12185479787831466,1.0,30722040.125,0.5783132530120482,0.0,3.0,,,,,,0.003175254040632154,-0.09441451809877366,0.1927371667354726,-1.4586968482820775,0.5283687943262412,-1.4586968482820775,0.5380941841417055,-708.0,0.2127659574468085,0.014184397163120567,0.5390070921985816,0.26170212765957446,0.21843971631205675,太空梭
118.5,124.5,118.5,123.5,9563464.0,-0.10181818181818181,132.5,0.3365800645080159,120.7900001525879,0.4066058736603593,100.61333376566569,0.75177304964539,94.73250020345053,0.08976903632535488,66.92913385826772,17561243.8,0.5445778276821144,0.022435630797157824,2441.TW,2026-06-08,0.04179561773568885,0.29092072746572395,bull,0.051899907321594066,0.14828544949026876,2026-03-31,2026-05-15,4722344000.0,1115834000.0,923616000.0,1008584000.0,210655000.0,797945000.0,1.4,12295231000.0,3780793000.0,29303556000.0,4066699000.0,25236857000.0,6332374000.0,,,,0.2088621274975609,730707597.2492127,25522763000.0,0.0286296431639949,0.0316182399416852,0.0272303129353993,0.1611412625589628,0.2362881653687236,0.1955842268161743,0.1689722307396496,0.2119643633492949,,,73.76313956490999,73.76313956490999,False,75.01757593367225,75.01757593367225,74.70396684148169,132.0,True,True,True,True,True,True,True,True,True,True,True,True,False,True,True,False,False,13,False,0.22747150280934614,0.30367085989251286,1.0,2168813609.3,0.10287303058387395,2.0,3.0,,,,,,-0.03631113962796314,-0.16682898017806422,0.2302411220187121,-1.2899743980501917,0.38687943262411345,-1.2899743980501917,0.36015266721363554,-132.0,0.7801418439716312,0.8156028368794326,0.2695035460992908,0.7035460992907802,0.6886524822695035,超豐
3935.0,4090.0,3935.0,4070.0,15785453.0,-0.10647639956092203,4374.0,0.0489690721649485,3967.5,1.3059490084985836,2701.3333333333335,1.9634978430240593,2140.933963012695,0.058070538035869056,67.69825918762089,11478537.65,1.375214638077177,0.025834908632640152,2454.TW,2026-06-08,0.04179561773568885,0.29092072746572395,bull,0.2808155699721965,0.014828544949026877,2026-03-31,2026-05-15,149150510000.0,69055353000.0,22890845000.0,27019390000.0,2643006000.0,24153980000.0,15.17,378185472000.0,309807293000.0,738776057000.0,340329102000.0,398446955000.0,184514674000.0,16440000000.0,120000000.0,,0.0978188626760263,20651688576.4068,428968764000.0,0.0481426395335553,0.0606203151935243,0.0326945896136425,0.8541390459364911,0.4629910618475257,0.1534748020640358,0.1619436634846237,-0.0271454326245333,,,78.23114789730103,78.23114789730103,False,74.04200677200393,74.04200677200393,75.08929205332821,95.0,True,False,True,True,True,True,True,True,True,True,True,True,True,True,True,False,False,13,False,0.5066633761105626,0.9010394857171342,1.0,46717648235.5,0.0027803521779425394,3.0,2.0,,,,,,-0.0074274931321690555,-0.12350447157921494,0.31289878287355777,-0.988289445736227,0.6851063829787233,-0.988289445736227,0.6102970118898623,-95.0,0.851063829787234,0.8439716312056738,0.6737588652482269,0.8244680851063829,0.8134751773049645,聯發科
146.0,158.5,146.0,156.5,3219395.0,-0.06287425149700598,161.9,0.043333333333333224,156.95,0.14753893665522377,141.99892183939616,0.24944391716214342,130.048588180542,0.02665576451349134,61.44578313253012,3722228.0,0.8649107470042136,-0.002867155144950506,2458.TW,2026-06-08,0.04179561773568885,0.29092072746572395,bull,0.29842446709916587,0.3113994439295644,2026-03-31,2026-05-15,3224766000.0,1535871000.0,778771000.0,839901000.0,164027000.0,705046000.0,2.46,8628282000.0,4973856000.0,16710597000.0,6912540000.0,9798057000.0,3790288000.0,247000000.0,927254000.0,,0.1952932548002681,626682276.6659404,11736741000.0,0.0533949140281736,0.0719577361103328,0.0421915506669211,0.705501100881532,0.4762736272957479,0.2414969024109036,0.2186347784614449,0.0339486816438188,,,86.91654017956604,86.91654017956604,False,67.76696529708579,67.76696529708579,72.55435901770585,50.0,True,False,True,True,False,True,True,True,True,False,True,True,True,True,True,False,False,11,False,0.1021210441090874,0.20339637815011424,1.0,582528682.0,0.22706209453197404,2.0,2.0,,,,,,-0.010263608989924634,-0.13091800774152462,0.24387745304413222,-1.3412325367991766,0.5255319148936171,-1.3412325367991766,0.5392647670219958,-50.0,0.9148936170212766,0.723404255319149,0.5460992907801419,0.8595744680851064,0.7836879432624114,義隆
209.5,227.5,209.5,220.0,19173356.0,-0.015659955257270708,239.0,0.05769230769230771,205.475,0.20879120879120872,201.74166666666667,0.09600970587430413,199.79429664611817,0.038933131083301674,62.0,14651993.55,1.3085834316382154,0.07068986494707397,2474.TW,2026-06-08,0.04179561773568885,0.29092072746572395,bull,0.2548656163113994,0.26042632066728455,2026-03-31,2026-05-15,3773945000.0,1086984000.0,243428000.0,1851491000.0,315957000.0,1484484000.0,2.63,111490974000.0,75734641000.0,225538335000.0,82981411000.0,142556924000.0,16182860000.0,66414098000.0,,,0.1706500328654041,201887003.7996404,149803694000.0,0.0013476770726337,0.0104132718239627,0.0065819586723472,0.5820931644119931,0.2880232753789469,0.0645022648713746,0.3933507245071139,-0.1324838723321306,,,29.474595147303784,29.474595147303784,False,78.19461305877275,78.19461305877275,66.0146085809055,692.0,True,True,True,True,True,True,True,True,True,False,True,True,True,True,False,False,False,13,False,0.09050353174439252,0.10113253327581617,1.0,3223438581.0,0.07043558850787766,2.0,3.0,,,,,,-0.01626838198530165,-0.16456160441494525,0.21271973540406552,-1.498898545048382,0.37943262411347517,-1.498898545048382,0.41259100508190044,-692.0,0.22695035460992907,0.3829787234042553,0.3262411347517731,0.2418439716312057,0.2936170212765957,可成
47.54999923706055,57.5,47.54999923706055,55.29999923706055,35392014.0,0.03947365496250166,53.05999984741211,0.3964646810074888,48.14749984741211,0.9999999999999996,39.38749993642171,1.6208529970277001,32.09708325068156,0.061394329067002755,70.94971888453999,23456551.7,1.5088327752795823,0.1485539106353595,2484.TW,2026-06-08,0.04179561773568885,0.29092072746572395,bull,0.03429101019462465,0.03151065801668211,2026-03-31,2026-05-15,558493000.0,124006000.0,38190000.0,65062000.0,13230000.0,51853000.0,0.33,2364630000.0,488834000.0,4989053000.0,883613000.0,4105440000.0,608103000.0,70000000.0,152941000.0,,0.2033445021671636,30424273.46223602,4500219000.0,0.0067606206414034,0.0126303148992556,0.0103933552119009,0.2152297926653416,0.2220368026098805,0.0683804452338704,0.0928444940223064,-0.0665818752496527,,,33.91916811523335,33.91916811523335,False,87.42377637107407,87.42377637107407,74.04762430711389,614.0,True,True,True,True,True,True,True,True,True,True,True,True,True,True,False,False,False,14,False,0.40399871345793414,0.7228979594551257,1.0,1297147291.1140711,0.14550509731232622,1.0,3.0,,,,,,-0.0707150473297364,-0.2323485217146104,0.16272103839685495,-1.5444419896668475,0.1524822695035461,-1.5444419896668475,0.14415779602376536,-614.0,0.3049645390070922,0.7872340425531915,0.07092198581560284,0.2698581560283688,0.40283687943262414,希華
160.5,166.0,160.5,164.0,4895007.0,0.07189542483660127,165.6,0.2664092664092663,148.675,0.5545023696682465,130.35,0.7172774869109948,120.92583332061767,0.05349867139061124,64.84018264840182,5793829.0,0.8448656320371208,0.10307718177232217,2493.TW,2026-06-08,0.04179561773568885,0.29092072746572395,bull,0.07043558850787766,0.09823911028730306,2026-03-31,2026-05-15,937502000.0,273627000.0,168457000.0,191698000.0,32214000.0,159484000.0,1.26,4686325000.0,2916731000.0,5991089000.0,3087310000.0,2903779000.0,1134124000.0,,,,0.1680455716804557,140148547.13142547,3074358000.0,0.0455862808207194,0.054922912521924,0.0266202021034907,1.0632041901260392,0.2918681773478883,0.1796870833342222,0.1701159037527386,0.0124310063488737,,,71.53758613339757,71.53758613339757,False,84.75385012593925,84.75385012593925,81.44978412780382,153.0,True,True,True,True,True,True,True,True,True,True,True,True,True,True,True,False,False,14,False,0.25815113156885316,0.35620318253401906,1.0,950187956.0,0.17516218721038,2.0,3.0,,,,,,-0.0229014889465708,-0.17027134131667182,0.2504751833224881,-1.2440054743284368,0.4641843971631206,-1.2440054743284368,0.44266962115000064,-153.0,0.7659574468085106,0.9574468085106383,0.3971631205673759,0.7106382978723403,0.749645390070922,揚博
56.400001525878906,61.29999923706055,56.400001525878906,60.79999923706055,830090.0,-0.07317072177911899,61.57999954223633,0.037542676113055284,59.1649995803833,0.40253751735093357,53.989166323343916,0.40415705100109367,51.24416656494141,0.015359531323947786,61.26126667942816,1163510.35,0.7134358538366246,0.027634575649001514,2497.TW,2026-06-08,0.04179561773568885,0.29092072746572395,bull,0.31974050046339203,0.14921223354958293,2026-03-31,2026-05-15,1130838000.0,297305000.0,91960000.0,142200000.0,41992000.0,100208000.0,0.8,3279260000.0,2114363000.0,6049706000.0,2954371000.0,3095335000.0,896947000.0,901015000.0,704167000.0,,0.2953023909985935,64803992.12376934,3935343000.0,0.0164671776065693,0.0323738787562574,0.0165641107187688,0.9544592103924132,0.2629068000898448,0.0813202244707022,0.0886139305541554,0.0509822655025826,,,47.28098894529075,47.28098894529075,False,73.69006414096638,73.69006414096638,67.08779534204747,401.0,True,False,True,True,True,True,True,True,False,True,True,True,False,True,False,False,False,11,False,0.12615184448165406,0.1864764969883761,1.0,70741428.39231205,0.4643188137164041,1.0,3.0,,,,,,0.04955446988877959,-0.07655707274410595,0.2811804773283591,-0.5612128837657808,0.8677304964539008,-0.5612128837657808,0.8686495736139846,-401.0,0.475177304964539,0.48226950354609927,0.9219858156028369,0.5421985815602837,0.5666666666666667,怡利電
78.5,81.80000305175781,77.30000305175781,78.5,10378926.0,-0.0038071451794330358,78.23999938964843,0.05369127516778516,75.0450008392334,0.14598540145985406,72.62000020345052,0.13603475735819792,71.20166676839193,0.010298865914348141,68.96552112930141,4685819.1,2.2149651487826323,0.04603903154279587,2637.TW,2026-06-08,0.04179561773568885,0.29092072746572395,bull,0.26506024096385544,0.3132530120481928,2026-03-31,2026-05-15,4338022000.0,1244039000.0,1197473000.0,1201283000.0,6082000.0,1195201000.0,1.6,8930959000.0,8128467000.0,84286573000.0,33874386000.0,50412187000.0,5975075000.0,2132536000.0,18694305000.0,992902000.0,0.0050629202277897,1191410289.726068,76158106000.0,0.0156439065032167,0.0237085726909645,0.0141802063775923,0.6719483524886551,0.2867756318432686,0.276041246448266,0.2755175054437253,0.2360516073148353,,,62.80204855376821,62.80204855376821,False,64.20287439922205,64.20287439922205,63.85266793785859,238.0,True,False,True,True,True,True,True,True,True,False,True,True,True,True,True,False,False,12,False,0.08096942688069686,0.10250228067481104,1.0,367836799.34999996,0.2706209453197405,1.0,3.0,,,,,,-0.010179794876893338,-0.14540572401576368,0.17832121608499332,-1.8506915681597214,0.3269503546099291,-1.8506915681597214,0.5333219119664234,-238.0,0.6737588652482269,0.2624113475177305,0.524822695035461,0.651418439716312,0.5205673758865248,慧洋-KY
142.0,145.0,141.0,144.0,922653.0,0.010526315789473717,144.1,0.05882352941176472,139.0,0.21518987341772156,127.99166666666666,0.24137931034482762,122.10416666666667,0.02149549880580571,63.07692307692307,525390.9,1.7561267239306961,0.03597122302158273,2850.TW,2026-06-08,0.04179561773568885,0.29092072746572395,bull,0.25023169601482853,0.2548656163113994,2026-03-31,2026-05-15,,,1507350000.0,1508204000.0,248433000.0,,,,,58099283000.0,36260125000.0,21839158000.0,14722947000.0,,,,0.1647210854765005,1259057671.8069968,58099283000.0,0.0216707953488341,,,1.6603261444420157,,,,,,,51.89726928896828,51.89726928896828,False,75.51026228978728,75.51026228978728,69.60701403958252,340.0,True,True,True,True,True,True,True,True,True,False,True,True,True,True,False,False,False,13,False,0.12507324695618216,0.17932093499402835,1.0,75656289.60000001,0.4531974050046339,2.0,3.0,,,,,,-0.02760460300469352,-0.18622784003335138,0.17550861197984605,-1.8347871359152,0.20248226950354611,-1.8347871359152,0.22743201001970856,-340.0,0.5602836879432624,0.6028368794326241,0.14893617021276595,0.49858156028368794,0.4907801418439716,新產
35.099998474121094,36.0,35.099998474121094,35.54999923706055,3084968.0,0.011379735243742362,36.22999954223633,0.12678288737647114,35.03999977111816,0.22375215733939235,32.025833193461104,0.3389830605884576,29.417499955495202,0.03737695236636522,54.867238712404216,3147330.8,0.9801854955951882,0.01455477937424976,2851.TW,2026-06-08,0.04179561773568885,0.29092072746572395,bull,0.15755329008341057,0.24837812789620017,2026-03-31,2026-05-15,,,2142185000.0,2164691000.0,325242000.0,,,,,59204658000.0,35668047000.0,23536611000.0,16387176000.0,,,,0.1502486960032633,1820324497.152249,59204658000.0,0.0307463054199595,,,1.5154283256837613,,,,,,,65.92494981784269,65.92494981784269,False,68.4626671728404,68.4626671728404,67.82823783409097,201.0,True,False,True,True,True,True,True,True,True,False,True,True,True,True,True,False,False,12,False,0.11004135387550185,0.20846432534521986,1.0,111887607.53877716,0.4031510658016682,1.0,3.0,,,,,,0.03721537803669633,-0.1427136714758861,0.21957369402964058,-1.7018973130708446,0.5276595744680851,-1.7018973130708446,0.5271858125126512,-201.0,0.7092198581560284,0.5319148936170213,0.5106382978723404,0.6794326241134752,0.6163120567375887,中再保
54.5,55.59999847412109,53.20000076293945,53.20000076293945,34330946.0,0.10373443819205197,54.30999984741211,0.21739130055248523,45.24999999999999,0.7385620947624394,37.59916664759318,1.1408450682604374,32.43083327611287,0.08389723836523387,76.5835062394849,14946906.1,2.296859682553301,0.17569062459534712,2855.TW,2026-06-08,0.04179561773568885,0.29092072746572395,bull,0.09360518999073215,0.0685820203892493,2026-03-31,2026-05-15,,,2098581000.0,2515780000.0,218397000.0,2291390000.0,,256323628000.0,220745648000.0,267670154000.0,225790103000.0,41880051000.0,8784022000.0,11858164000.0,4700000000.0,,0.0868108499153344,1916401399.773828,46924506000.0,0.0408400974913583,0.0547131616434755,0.0085604986800284,5.391352149977085,,,,,,,49.23161191360978,49.23161191360978,False,80.47729379054681,80.47729379054681,72.66587332131255,381.0,True,True,True,True,True,True,True,False,True,True,False,True,True,False,False,False,False,11,False,0.41492499718328,0.6404142412869867,1.0,795175415.9235843,0.1872103799814643,1.0,3.0,,,,,,-0.03773779847317919,-0.2003455602686948,0.28361220137764415,-0.09924661678861911,0.5117021276595746,-0.09924661678861911,0.6931132131432893,-381.0,0.5035460992907801,0.7375886524822695,0.7446808510638298,0.5397163120567375,0.6219858156028368,統一證
63.900001525878906,64.5999984741211,60.900001525878906,62.0,46508185.0,0.04729728380026321,62.900000762939456,0.09734513274336276,57.994999694824216,0.3979707358091109,51.829166539510084,0.6963064649570212,46.80458326339722,0.030015099304283935,72.3926367446168,34017219.7,1.3671953619419401,0.06905768301147552,2885.TW,2026-06-08,0.04179561773568885,0.29092072746572395,bull,0.1881371640407785,0.15106580166821132,2026-03-31,2026-05-15,39984934000.0,,,18723853000.0,3129395000.0,14409154000.0,,,,4640879682000.0,4254342700000.0,386536982000.0,77947312000.0,,,,0.167134136334012,,4640879682000.0,,0.0372775560192064,0.0031048324859373,11.00630184979299,,,0.360364581319554,0.2805185364050884,,,38.0190051862678,38.0190051862678,False,74.39400830421049,74.39400830421049,65.30025752472481,560.0,True,False,True,True,True,True,True,False,True,True,True,True,True,True,False,False,False,12,False,0.1962376426164707,0.3246565972201725,1.0,2109067621.4,0.10472659870250231,1.0,3.0,,,,,,-0.18418537932626336,-0.3181606599089399,0.1622460163760928,-1.2699758039527294,0.14397163120567377,-1.2699758039527294,0.16551005417111994,-560.0,0.3262411347517731,0.3333333333333333,0.07801418439716312,0.28900709219858156,0.27872340425531916,元大金
27.5,27.899999618530277,27.149999618530277,27.75,114807359.0,0.12804876299526624,27.85999984741211,0.1833688314354469,24.604999923706053,0.13963037229016484,24.33333330154419,0.48,23.199999952316286,0.04324782208646628,75.15150702470555,152927876.35,0.7507287862759889,0.12781955236926668,2887.TW,2026-06-08,0.04179561773568885,0.29092072746572395,bull,0.11492122335495829,0.32344763670064874,2026-03-31,2026-05-15,47867456000.0,,,25588754000.0,4532177000.0,21040510000.0,,,,9064708955000.0,8465511408000.0,599197547000.0,97795796000.0,,,,0.1771159705548773,,9064708955000.0,,0.035114479532407,0.0023211456765409,14.12808088147931,,,0.439557723727787,0.933005034802805,,,37.907562917661295,37.907562917661295,False,73.46617238183504,73.46617238183504,64.5765200157916,561.0,True,False,True,True,True,True,True,False,True,False,False,True,False,True,False,False,False,9,False,0.14041096039394607,0.19612069211359806,1.0,4243748568.7124996,0.051899907321594066,0.0,3.0,,,,,,-0.1697143283276289,-0.37193293710889985,0.1390839149869999,-1.6422815280902952,0.042907801418439716,-1.6422815280902952,0.20248998390774972,-561.0,0.3191489361702128,0.2907801418439716,0.12056737588652482,0.2893617021276596,0.27092198581560284,台新新光金
65.19999694824219,66.9000015258789,64.5,65.4000015258789,46227602.0,0.05314014706671899,66.91999969482421,0.18264018857435382,59.58499965667725,0.27734376076841705,55.36999982198079,0.49656751451003434,52.768749968210855,0.05162371721041815,73.36449264511899,63836655.45,0.724154510823452,0.09759170768997416,2891.TW,2026-06-08,0.04179561773568885,0.29092072746572395,bull,0.11584800741427248,0.2057460611677479,2026-03-31,2026-05-15,59859484000.0,,,28299359000.0,4691107000.0,23103564000.0,,,,9627795130000.0,9033405624000.0,594389506000.0,137297531000.0,,,,0.165767252890781,,9627795130000.0,,0.0388694009008967,0.0023996734130756,15.197787869424465,,,0.3859633003184591,-0.0259120213272754,,,18.776914292805223,18.776914292805223,False,74.51355055587597,74.51355055587597,60.579391490108286,882.0,True,False,True,True,True,True,True,False,True,False,True,True,False,True,False,False,False,10,False,0.18114505573677842,0.23936992188136763,1.0,4174917363.837006,0.05375347544022243,1.0,3.0,,,,,,-0.1402699777242832,-0.3266071814180061,0.2175911774845326,-1.4369647333892224,0.20283687943262413,-1.4369647333892224,0.2432785572410176,-882.0,0.11347517730496454,0.12056737588652482,0.15602836879432624,0.1198581560283688,0.12411347517730496,中信金
58.0,61.400001525878906,57.5,61.0,1182874.0,-0.01771334140337355,62.15999984741211,0.032148926817838985,61.02000007629395,0.20792079207920788,55.37083320617675,0.25385402028305437,51.870833237965904,0.024083243051577934,61.538456522426664,1443758.95,0.8193015877061749,-0.0003277626396089861,3003.TW,2026-06-08,0.04179561773568885,0.29092072746572395,bull,0.33549582947173306,0.2622798887859129,2026-03-31,2026-05-15,1263159000.0,291390000.0,111988000.0,120680000.0,40410000.0,73811000.0,0.47,6542183000.0,1409389000.0,8333214000.0,1821129000.0,6512085000.0,2249606000.0,451528000.0,158298000.0,,0.3348525024859131,74488537.95160756,6923825000.0,0.0107582929885731,0.0113344650753176,0.0088574468386387,0.2796537514482689,0.2306835481518953,0.0886570890917137,0.0584336572038832,0.2552234771772852,,,47.83935568476647,47.83935568476647,False,67.77984287128167,67.77984287128167,62.79472107465287,397.0,True,False,True,True,False,True,True,True,False,False,True,True,True,True,False,False,False,10,False,0.10166303210325012,0.1759980742964462,1.0,88069295.95,0.43373493975903615,1.0,3.0,,,,,,-7.3257530825953855e-06,-0.12820439352374116,0.19414374701945436,-1.4730731719117347,0.4687943262411347,-1.4730731719117347,0.5113648013100821,-397.0,0.48936170212765956,0.18439716312056736,0.48226950354609927,0.4882978723404255,0.3964539007092198,健和興
123.5,128.0,122.0,127.5,699486.0,0.03238866396761142,126.0,0.11353711790393017,125.0,0.15971219267246606,115.23569730122884,0.32422008623284726,110.79430917104085,0.012760785902369884,52.34375,947727.75,0.7380663909018176,0.020000000000000018,3004.TW,2026-06-08,0.04179561773568885,0.29092072746572395,bull,0.17238183503243745,0.303985171455051,2026-03-31,2026-05-15,1204086000.0,303961000.0,167853000.0,159650000.0,36009000.0,123641000.0,1.92,4115707000.0,2713494000.0,8426161000.0,4784576000.0,3641585000.0,220728000.0,677601000.0,1977017000.0,,0.2255496398371437,129993816.30441593,5712667000.0,0.0227553638789756,0.0339525234204336,0.0146734675494569,1.3138718442656152,0.252441270806238,0.1394028333524349,0.1026845258561265,0.2866173569808965,,,59.60481555561746,59.60481555561746,False,64.27752677376172,64.27752677376172,63.10934896922565,270.0,True,False,True,True,True,True,True,True,True,False,True,True,False,True,False,False,False,11,False,0.10642798183198376,0.15078112724336235,1.0,120835288.125,0.3957367933271548,2.0,3.0,,,,,,0.011761798533799954,-0.14031373615081516,0.28678496199626635,-0.533885580812835,0.723404255319149,-0.533885580812835,0.715500042274676,-270.0,0.6312056737588653,0.20567375886524822,0.7659574468085106,0.6514184397163121,0.5304964539007092,豐達科
3330.0,3550.0,3325.0,3535.0,2674188.0,-0.07822685788787487,3775.0,0.3889980353634577,3487.25,0.511287194520966,2779.459431966146,0.6722113084823433,2536.059447224935,0.096188605108055,53.794642857142854,2244138.5,1.1916323346353177,0.013692737830668822,3008.TW,2026-06-08,0.04179561773568885,0.29092072746572395,bull,0.03521779425393883,0.11399443929564411,2026-03-31,2026-05-15,15544079000.0,7679569000.0,5812218000.0,7287959000.0,1112047000.0,6123204000.0,46.63,159095122000.0,39536493000.0,226385533000.0,39762818000.0,186622715000.0,119023098000.0,146000.0,,,0.1525868902390916,4925349729.988327,186849040000.0,0.026360048357692,0.0328106040039123,0.0270476824152893,0.213065263786351,0.4940510788706104,0.3739184547376528,0.3939251724080918,0.0661796222311039,,,76.94531754874203,76.94531754874203,False,75.8256504168884,75.8256504168884,76.1055671998518,100.0,True,True,True,True,True,True,True,True,True,True,True,True,True,True,True,False,False,14,False,0.27183003980719955,0.3938947700410369,1.0,7933029597.5,0.030583873957367932,3.0,2.0,,,,,,-0.04787528492285753,-0.15791463000661118,0.2645558029458904,-1.5722821430515281,0.3982269503546099,-1.5722821430515281,0.3723314273890751,-100.0,0.8439716312056738,0.8581560283687943,0.28368794326241137,0.7599290780141843,0.7361702127659574,大立光
13.5,14.850000381469728,13.5,14.550000190734863,2395172.0,0.0034482890161975366,14.860000038146973,0.058181832053444626,13.589999961853028,0.16400001525878904,13.236666663487751,0.07777779190628609,13.497083314259847,0.021996617434265304,68.60466715193198,2073501.7,1.1551338491789036,0.07064019364065821,3011.TW,2026-06-08,0.04179561773568885,0.29092072746572395,bull,0.25301204819277107,0.2965708989805375,2026-03-31,2026-05-15,147119000.0,3465000.0,-82920000.0,-101545000.0,-9911000.0,-90773000.0,-0.73,620697000.0,412402000.0,2623526000.0,1252671000.0,1370855000.0,192128000.0,165291000.0,262162000.0,418216000.0,0.0976020483529469,-74826838.15057364,2211124000.0,-0.0338410863210627,-0.0662163394377961,-0.0345996189860515,0.9137881103398974,0.0235523623733168,-0.5636253645008462,-0.6170039219951196,-0.3641809106035395,,,11.038158146349748,11.038158146349748,False,68.72520079076916,68.72520079076916,54.30344012966431,1025.0,True,False,True,True,True,True,True,True,True,False,True,True,True,True,False,False,False,12,False,0.09921935489014277,0.07801069697499718,1.0,30169450.130489063,0.5810936051899908,0.0,3.0,,,,,,0.06534360574801441,-0.08700211233720723,0.4364393328647567,-0.4631463462828688,0.924468085106383,-0.4631463462828688,0.7605407926111132,-1025.0,0.028368794326241134,0.028368794326241134,0.8085106382978723,0.1453900709219858,0.1843971631205674,今皓
110.0,121.0,110.0,120.5,5160268.0,-0.02429149797570851,127.8,0.0758928571428572,115.1349998474121,0.28191489361702127,107.78333333333333,-0.08365019011406849,113.81416664123535,0.044924445313381266,66.72026050826489,6883342.55,0.749674734697026,0.046597473919295584,3013.TW,2026-06-08,0.04179561773568885,0.29092072746572395,bull,0.2159406858202039,0.2020389249304912,2026-03-31,2026-05-15,2929028000.0,619585000.0,390494000.0,367388000.0,86110000.0,281278000.0,1.37,6453212000.0,3947896000.0,10178447000.0,4676392000.0,5502055000.0,815396000.0,80000000.0,131574000.0,483914000.0,0.2343843565930297,298968315.05656147,6230551000.0,0.0479842497166882,0.0511223533752388,0.0276346676462529,0.8499355240905444,0.2115326313029442,0.1333186299345721,0.0960311748470823,0.2191548245228838,,,72.89435497021996,72.89435497021996,False,70.99808411955635,70.99808411955635,71.47215183222225,139.0,True,False,True,True,True,True,True,True,True,False,True,True,False,True,True,False,False,11,False,0.11798360909231476,0.05874341969958552,1.0,829442777.275,0.18257645968489342,2.0,3.0,,,,,,-0.037265679276058644,-0.18194209562060923,0.12961454741747228,-1.7243989436156248,0.16347517730496455,-1.7243989436156248,0.20619566933523226,-139.0,0.7730496453900709,0.6879432624113475,0.1276595744680851,0.676241134751773,0.6184397163120567,晟銘電
141.5,144.0,139.0,142.5,2304208.0,-0.06557377049180324,149.4,0.02517985611510798,145.375,0.19747899159663862,129.6,0.1875,123.64583333333333,0.027385159010600707,59.770114942528735,2976892.6,0.7740312834933984,-0.019776440240756643,3014.TW,2026-06-08,0.04179561773568885,0.29092072746572395,bull,0.36515291936978683,0.267840593141798,2026-03-31,2026-05-15,1734052000.0,992099000.0,498325000.0,506561000.0,47858000.0,458703000.0,2.85,7276847000.0,3534436000.0,9867430000.0,3664549000.0,6202881000.0,2464625000.0,,,,0.0944762822246481,451245106.6604022,6332994000.0,0.0712530450305814,0.0739499919472903,0.04648657249152,0.5907817673755147,0.572127594789545,0.2873760417796006,0.264526669327102,0.0068170034331778,,,86.91029224348934,86.91029224348934,False,65.9828586376156,65.9828586376156,71.21471703908404,51.0,True,False,True,True,False,True,True,True,False,False,True,True,False,True,True,False,False,9,False,0.09953703703703698,0.1524852569502948,1.0,424207195.5,0.2557924003707136,2.0,2.0,,,,,,-0.0074382355041780635,-0.11582953660735991,0.23962994966682974,-1.530205947451082,0.5120567375886524,-1.530205947451082,0.5531637044197506,-51.0,0.9078014184397163,0.6737588652482269,0.5815602836879432,0.8588652482269503,0.7723404255319148,聯陽
62.09999847412109,62.09999847412109,62.09999847412109,62.09999847412109,3247960.0,0.12499995680822895,61.04000015258789,0.215264194294855,53.55000019073486,0.20116049434638983,51.664999898274736,0.13944951328662536,52.61083319981893,0.048663472647374945,68.74999294155644,2744325.9,1.183518327761291,0.15966383292124675,3015.TW,2026-06-08,0.04179561773568885,0.29092072746572395,bull,0.09731232622798888,0.26506024096385544,2026-03-31,2026-05-15,3045119000.0,546440000.0,26614000.0,99448000.0,20288000.0,69746000.0,0.37,10514930000.0,5382690000.0,18224408000.0,5983787000.0,12240621000.0,3295094000.0,0.0,0.0,,0.2040061137478883,21184581.2887137,12841718000.0,0.0016496687817559,0.0056979135290603,0.0038270653290905,0.4888466851477551,0.1794478311028239,0.0087398883262033,0.0229041952055075,0.0044345122745677,,,23.68816214394464,23.68816214394464,False,78.37234031867865,78.37234031867865,64.70129577499515,796.0,True,True,True,True,True,True,True,True,True,False,False,True,True,False,False,False,False,11,False,0.20197423006662607,0.18036523463260457,1.0,170422634.202491,0.3531047265987025,1.0,3.0,,,,,,-0.022963501957501218,-0.16418005251571688,0.23237158818628664,-1.49770161171849,0.3882978723404255,-1.49770161171849,0.32718733738641753,-796.0,0.16312056737588654,0.3049645390070922,0.23404255319148937,0.17375886524822695,0.2198581560283688,全漢
316.0,340.0,312.0,322.5,4992451.0,0.014150943396226356,319.0,0.06788079470198682,309.05,0.39308855291576683,283.7083333333333,0.4930555555555556,248.63333333333333,0.014109926168991014,58.82352941176471,2221343.45,2.2474917149799594,0.043520465944022035,3023.TW,2026-06-08,0.04179561773568885,0.29092072746572395,bull,0.23076923076923078,0.15384615384615385,2026-03-31,2026-05-15,8292838000.0,2032426000.0,955920000.0,1115731000.0,253177000.0,865006000.0,3.6,26277086000.0,13869565000.0,32645613000.0,14861895000.0,17783718000.0,6352840000.0,3453676000.0,0.0,,0.2269158067670433,739006641.995248,18776048000.0,0.0393590089882198,0.0486403349400839,0.0264968527317897,0.8357023542546053,0.2450820816709551,0.1152705503230619,0.1043075965067688,0.0164281431445099,,,64.45244261187088,64.45244261187088,False,75.43917407250963,75.43917407250963,72.69249120734995,217.0,True,True,True,True,True,True,True,True,True,True,True,True,True,True,True,False,False,14,False,0.13673079747393158,0.29709076283684155,1.0,716383262.6250001,0.20018535681186284,2.0,3.0,,,,,,-0.019179677460466036,-0.12089518110612127,0.21271774514591363,-1.42878285459109,0.44645390070921986,-1.42878285459109,0.46758972124480147,-217.0,0.6950354609929078,0.7446808510638298,0.41134751773049644,0.6524822695035462,0.6531914893617021,信邦
65.5,71.80000305175781,64.9000015258789,71.30000305175781,1119582.0,-0.016551682044719795,71.43999938964843,0.1353503808592582,68.64499969482422,0.16503271508020245,64.10166676839192,0.3580952962239583,64.09916664759318,0.029855221264660364,69.87577360135718,1447690.75,0.7733571551797233,0.03867730160589944,3025.TW,2026-06-08,0.04179561773568885,0.29092072746572395,bull,0.15106580166821132,0.29471733086190915,2026-03-31,2026-05-15,123787000.0,82116000.0,25842000.0,39561000.0,5590000.0,33971000.0,0.6,973024000.0,262017000.0,1224082000.0,303728000.0,920354000.0,291704000.0,35000000.0,,,0.1413007760167842,22190505.346174262,962065000.0,0.0230654948950167,0.0369107973671,0.0277522257495821,0.3300121474997664,0.6633652968405406,0.2087618247473482,0.2744310791924839,0.4044042567674888,,,85.02829887045439,85.02829887045439,False,66.46123047738956,66.46123047738956,71.10299757565576,59.0,True,False,True,True,True,True,True,True,True,False,True,True,False,True,True,False,False,11,False,0.11229561798095622,0.11233900190549528,1.0,103220354.89300156,0.41334569045412417,1.0,2.0,,,,,,0.043053062424599726,-0.11335619856348117,0.3562491465281555,-1.0584126395330231,0.8386524822695036,-1.0584126395330231,0.8423372408758075,-59.0,0.8865248226950354,0.6666666666666666,0.9078014184397163,0.8897163120567375,0.824822695035461,星通
78.9000015258789,90.6999969482422,78.9000015258789,89.9000015258789,2150191.0,-0.012087895320011977,89.51999969482422,0.15701422209531657,85.56499977111817,0.41798106249544964,71.46333281199138,0.10171572557553543,72.79249982833862,0.05877622245058333,68.58007017200946,2623801.4,0.8194945699777431,0.050663259117123216,3032.TW,2026-06-08,0.04179561773568885,0.29092072746572395,bull,0.13067655236329936,0.14735866543095458,2026-03-31,2026-05-15,2715936000.0,629129000.0,275551000.0,180015000.0,72662000.0,96594000.0,0.85,9631770000.0,5887506000.0,18270181000.0,14504218000.0,3765963000.0,3226598000.0,764158000.0,6085464000.0,1877438000.0,0.4,165330600.0,12382675000.0,0.0133517676915529,0.0256492164155622,0.005286975536805,3.851396840595619,0.2316435291553261,0.1014571035547229,0.0355656392492312,0.1618898009682072,,,33.05757501436418,33.05757501436418,False,73.1953748619658,73.1953748619658,63.160924900065396,631.0,True,False,True,True,True,True,True,True,True,True,True,True,True,True,False,False,False,13,False,0.2579878098099826,0.23501736769424997,1.0,235879749.8636032,0.3160333642261353,1.0,3.0,,,,,,0.04752561858294541,-0.09462355850903983,0.30249253849257624,-0.9587667703524982,0.8521276595744681,-0.9587667703524982,0.8432318105544073,-631.0,0.2907801418439716,0.2127659574468085,0.9148936170212766,0.3843971631205674,0.39219858156028364,偉訓
47.0,48.20000076293945,46.79999923706055,47.900001525878906,10874786.0,-0.019447225750589436,49.810000610351565,0.08863639831542969,49.275000381469724,0.5966667175292968,39.698333485921225,0.591362156771509,35.22541677157084,0.039392503378621144,47.8048840397376,21071341.95,0.5160936605653633,-0.02790459350473995,3033.TW,2026-06-08,0.04179561773568885,0.29092072746572395,bull,0.19647822057460612,0.09267840593141798,2026-03-31,2026-05-15,30857485000.0,1907524000.0,1051881000.0,944487000.0,216610000.0,727877000.0,1.52,48803503000.0,35487063000.0,49530195000.0,38880637000.0,10649558000.0,3953046000.0,18510130000.0,,2295039000.0,0.2293414308508216,810641106.3752068,14043132000.0,0.0577250934033239,0.0683480948223391,0.0146956215294528,3.6509155591246136,0.0618172219803396,0.0340883581406585,0.0235883449347864,0.1955622737046416,,,45.16256538370855,45.16256538370855,False,66.78869323447637,66.78869323447637,61.38216127178441,430.0,True,False,True,True,False,True,True,False,True,True,True,True,False,True,False,False,False,10,False,0.20659980708929138,0.3598136208437217,1.0,1009317311.5573162,0.1686746987951807,1.0,3.0,,,,,,0.08804447649370313,-0.05592597429701528,0.34333548553303334,0.6344233064691938,0.9617021276595745,0.6344233064691938,0.9585675760695492,-430.0,0.425531914893617,0.15602836879432624,1.0,0.5117021276595745,0.4595744680851064,威健
840.0,925.0,840.0,911.0,25272427.0,-0.13238095238095238,958.0,0.058072009291521454,943.8,0.9549356223175967,748.0583333333333,3.6361323155216283,527.2666666666667,0.024644446857018706,58.439201451905625,24447893.9,1.0337261403118245,-0.034753125662216555,3037.TW,2026-06-08,0.04179561773568885,0.29092072746572395,bull,0.25393883225208524,0.03892493049119555,2026-03-31,2026-05-15,37446455000.0,6726042000.0,2756634000.0,6298845000.0,918107000.0,5042976000.0,3.28,114144042000.0,86190209000.0,266881071000.0,149928398000.0,116952673000.0,60179250000.0,14320916000.0,18542136000.0,5803563000.0,0.1457579921398288,2354832563.095615,180690862000.0,0.0130323832485541,0.0431198011181839,0.018895967335203,1.2819578565767369,0.1796175899694644,0.073615352908573,0.1346716531644984,0.2445010776505265,,,50.25113103325184,50.25113103325184,False,73.84443121931788,73.84443121931788,67.94610617280138,362.0,True,False,True,True,False,True,True,True,True,True,True,True,True,True,False,False,False,12,False,0.2178194659507393,0.7277784802124163,1.0,22272031342.899998,0.009267840593141797,3.0,3.0,,,,,,-0.1647701751504105,-0.35809530895084896,0.14146638046074772,-1.2681848273537697,0.13368794326241135,-1.2681848273537697,0.12134805180325983,-362.0,0.5177304964539007,0.5460992907801419,0.0425531914893617,0.4464539007092198,0.4312056737588652,欣興
191.0,217.0,191.0,210.5,22073367.0,0.03950617283950608,211.6,0.3536977491961415,182.825,1.2417465024426657,143.11166661580404,1.517942629689899,114.47333342234293,0.0795689400649542,75.10040160642569,23074557.3,0.9566106388528632,0.15137426500752094,3042.TW,2026-06-08,0.04179561773568885,0.29092072746572395,bull,0.04633920296570899,0.016682113067655237,2026-03-31,2026-05-15,3339207000.0,1079697000.0,503644000.0,553314000.0,102509000.0,450359000.0,1.32,13992302000.0,6050925000.0,22717388000.0,7476497000.0,15240891000.0,3786387000.0,763633000.0,975643000.0,,0.1852637019847681,410337048.0775834,16666463000.0,0.0246205237474552,0.029549387893398,0.0198244181945565,0.490555112558708,0.3233393437423915,0.1508274269908993,0.134870045492837,0.0545652359281587,,,61.80661362727634,61.80661362727634,False,83.19277108433735,83.19277108433735,77.8462317200721,244.0,True,True,True,True,True,True,True,False,True,True,True,True,True,False,True,False,False,12,False,0.4708793837549661,0.838856209623704,1.0,4857194311.650001,0.04819277108433735,2.0,3.0,,,,,,-0.00011738954798745952,-0.1527152902912935,0.2655284052154153,-1.3511619959124217,0.5684397163120567,-1.3511619959124217,0.5495906360692338,-244.0,0.6595744680851063,0.9078014184397163,0.5673758865248227,0.6457446808510637,0.7156028368794326,晶技
55.09999847412109,57.20000076293945,55.09999847412109,56.79999923706055,657809.0,-0.11250001192092896,60.33999938964844,0.08396941952394044,55.179999923706056,0.193277333148262,50.49583333333333,0.17476734290823703,50.90791660944621,0.047605480733365395,64.41440381029688,945335.5,0.6958471357523335,0.029358450808161685,3046.TW,2026-06-08,0.04179561773568885,0.29092072746572395,bull,0.20111214087117701,0.27340129749768305,2026-03-31,2026-05-15,1818011000.0,164863000.0,94671000.0,110981000.0,17198000.0,94001000.0,1.2,3347000000.0,2193135000.0,3800793000.0,2266693000.0,1534100000.0,1823720000.0,113083000.0,,,0.1549634622142529,80000454.06871447,1607658000.0,0.0497621098944641,0.0612743628185907,0.0247319440969292,1.4775392738413402,0.0906831696837918,0.0520739423468834,0.0517054077230555,0.0112825744495272,,,51.57995742194333,51.57995742194333,False,70.78435889232846,70.78435889232846,65.98325852473218,344.0,True,False,True,True,True,True,True,True,True,False,True,True,False,True,False,False,False,11,False,0.12484526915541982,0.11574000705660437,1.0,53695055.67876625,0.4939759036144578,1.0,3.0,,,,,,0.03325661778089312,-0.056952503273267036,0.30186092739916903,0.016006546712102398,0.8999999999999999,0.016006546712102398,0.8796389902676399,-344.0,0.5460992907801419,0.375886524822695,0.9361702127659575,0.6046099290780141,0.573049645390071,建碁
59.70000076293945,67.4000015258789,59.70000076293945,66.5999984741211,11030654.0,-0.0263158335029684,69.01999969482422,0.4799999660915799,64.59250011444092,0.7879194221240562,47.276666641235344,0.709884394597762,43.62333313624064,0.11640668567304452,61.69265589715096,20303575.25,0.5432862864878933,0.031079434239631665,3048.TW,2026-06-08,0.04179561773568885,0.29092072746572395,bull,0.023169601482854494,0.06487488415199258,2026-03-31,2026-05-15,33502237000.0,1335335000.0,677345000.0,415256000.0,85250000.0,330006000.0,1.22,31564687000.0,24960693000.0,35289648000.0,29455310000.0,5834338000.0,2818677000.0,6138128000.0,3041933000.0,,0.2052950469108213,538289426.4501898,10328955000.0,0.0521146066034937,0.056562715427183,0.0093513542555029,5.04861219901898,0.0398580847004335,0.0202179036581945,0.0098502676104882,0.1721137218657698,,,38.57486616999763,38.57486616999763,False,84.50337504151612,84.50337504151612,73.0212478236365,548.0,True,True,True,True,True,True,True,True,True,True,True,False,False,True,False,False,False,12,False,0.40872872826511153,0.526705863261794,1.0,1352218080.6692028,0.14365152919369786,1.0,3.0,,,,,,-0.012467727373690538,-0.09443427433226383,0.24509860680737058,-0.461336076571594,0.6631205673758865,-0.461336076571594,0.7435154700177944,-548.0,0.3404255319148936,0.7659574468085106,0.7730496453900709,0.40531914893617016,0.5546099290780142,益登
75.5,75.5,75.5,75.5,403627.0,0.10218978102189791,78.18000030517578,0.08477013872453831,70.17000007629395,0.26254182212780885,70.99000002543131,2.1789473684210527,51.40458342234294,0.025202717482316887,65.34653814369548,348640.4,1.15771723529459,0.07595838560511448,3054.TW,2026-06-08,0.04179561773568885,0.29092072746572395,bull,0.19925857275254866,0.21501390176088972,2026-03-31,2026-05-15,135881000.0,102770000.0,72979000.0,123216000.0,9449000.0,113767000.0,1.41,735976000.0,142266000.0,1489562000.0,148487000.0,1341075000.0,156394000.0,,,,0.0766864692897026,67382498.15770678,1347296000.0,0.050013136057486,0.0848326901925694,0.0763761427855973,0.1107223682493522,0.7563235478102163,0.5370802393270583,0.8372546566480965,6.436569614711034,,,100.0,100.0,True,66.46158420828743,66.46158420828743,74.84618815621558,3.0,True,False,True,True,True,False,True,True,True,False,False,True,True,True,True,True,True,11,False,0.06353007427740565,0.46874062531910377,1.0,26322350.200000003,0.5996292863762743,1.0,0.0,,,,,,-0.07958535621994536,-0.2066360321676615,0.20790839080214055,-1.1539726557472438,0.2918439716312057,-1.1539726557472438,0.4374209126368232,-3.0,0.9929078014184397,0.8297872340425532,0.3900709219858156,0.9024822695035462,0.823404255319149,立萬利
44.04999923706055,46.20000076293945,44.04999923706055,46.04999923706055,9766703.0,-0.008611442826886861,49.46999969482422,0.14694887887809327,44.00749988555908,0.2086614457042404,39.91749986012777,0.07342651746250972,40.104583231608075,0.05672949949555003,60.821917636418256,13647162.6,0.7156581398099559,0.046412528701084144,3059.TW,2026-06-08,0.04179561773568885,0.29092072746572395,bull,0.13994439295644115,0.26135310472659873,2026-03-31,2026-05-15,2020291000.0,483725000.0,100304000.0,164137000.0,41709000.0,79083000.0,0.26,10009497000.0,5342391000.0,16724305000.0,6281437000.0,10442868000.0,5091925000.0,2257592000.0,180000000.0,,0.2541108951668423,74815660.77118506,11381914000.0,0.0065732055936448,0.0075729196232299,0.0047286269892829,0.6015049697075554,0.2394333291590172,0.0496482932409242,0.0391443608866247,0.0901623244524882,,,33.47776456125828,33.47776456125828,False,77.93768202536354,77.93768202536354,66.82270265933724,619.0,True,True,True,True,True,True,True,True,True,False,True,True,False,True,False,False,False,12,False,0.15362934548559548,0.1482477943011422,1.0,628451827.3180412,0.2159406858202039,1.0,3.0,,,,,,-0.03637831373852507,-0.18155657325513178,0.19575520639692168,-1.614347924559119,0.26134751773049647,-1.614347924559119,0.24633610851829763,-619.0,0.2978723404255319,0.425531914893617,0.16312056737588654,0.2776595744680851,0.3092198581560283,華晶科
855.0,905.0,855.0,865.0,1406382.0,0.10050890585241734,895.2,0.18818681318681318,812.95,1.678018575851393,644.475,3.413265306122449,442.43333333333334,0.0479535932968096,57.62711864406779,2293059.8,0.6133211179228732,0.06402607786456715,3167.TW,2026-06-08,0.04179561773568885,0.29092072746572395,bull,0.1102873030583874,0.008341056533827619,2026-03-31,2026-05-15,1946206000.0,824053000.0,409380000.0,425365000.0,143361000.0,282004000.0,3.19,7943560000.0,5595217000.0,10404607000.0,6825735000.0,3578872000.0,1402836000.0,918708000.0,407412000.0,308759000.0,0.337030550233329,271406433.3454797,4809390000.0,0.0564326106523862,0.078796894664017,0.0271037627850816,1.907230825802096,0.4234150958326097,0.2103477226973917,0.144899358033014,1.3065981160430264,,,88.81703425043213,88.81703425043213,False,83.07071503258082,83.07071503258082,84.50729483704364,40.0,True,True,True,True,True,True,True,True,True,True,False,True,False,True,True,False,False,12,False,0.3421777415725977,0.9550968130791833,1.0,1983496726.9999998,0.10750695088044486,3.0,2.0,,,,,,-0.0034022537986384063,-0.19904481811204694,0.29207201616668804,-1.067704734030074,0.5677304964539007,-1.067704734030074,0.5769878080146522,-40.0,0.9219858156028369,0.9858156028368794,0.624113475177305,0.8773049645390071,0.8815602836879433,大量
156.0,163.5,156.0,163.5,70915375.0,-0.06034482758620685,179.1,0.1762589928057554,152.65,0.2293233082706767,140.675,0.12758620689655165,140.03333333333333,0.06099044309296268,65.34653465346534,75727305.25,0.9364571308312862,0.07107762856207,3231.TW,2026-06-08,0.04179561773568885,0.29092072746572395,bull,0.12140871177015755,0.2428174235403151,2026-03-31,2026-05-15,846303026000.0,44093947000.0,29137265000.0,23507511000.0,5486748000.0,9630739000.0,3.06,1303491429000.0,1086171892000.0,1469121920000.0,1193994744000.0,275127176000.0,100033488000.0,354877446000.0,39108580000.0,51333618000.0,0.2334040383943668,22336509681.23316,382950028000.0,0.0583274789086401,0.0350046808898296,0.0065554389114281,4.339792096728387,0.0521018425378996,0.0344288796150422,0.0113797761606963,1.4425382266616515,,,39.08905119727999,39.08905119727999,False,76.3809558235984,76.3809558235984,67.0579796670188,532.0,True,True,True,True,True,True,True,True,True,False,True,True,True,True,False,False,False,13,False,0.1622534210058646,0.16757914782194727,1.0,12381414408.375,0.019462465245597776,2.0,3.0,,,,,,0.04835900316907763,-0.10201614736434646,0.23993686910081863,-0.4317656322559336,0.7836879432624113,-0.4317656322559336,0.7542384797835491,-532.0,0.3546099290780142,0.475177304964539,0.7943262411347518,0.4205673758865248,0.4787234042553192,緯創
60.79999923706055,61.59999847412109,60.79999923706055,60.79999923706055,7016704.0,0.10344829257330357,65.73999862670898,0.36629211768675396,52.83749961853027,0.8041542391869465,43.46499989827474,0.6703295793499966,40.77541659673055,0.12366419428286217,66.38477959838411,6326401.25,1.1091146012909,0.15069788835612874,3312.TW,2026-06-08,0.04179561773568885,0.29092072746572395,bull,0.042632066728452274,0.061167747914735865,2026-03-31,2026-05-15,5660657000.0,301744000.0,160684000.0,226668000.0,39318000.0,187350000.0,1.03,10336444000.0,7108420000.0,12207790000.0,8087399000.0,4120391000.0,2758471000.0,2819263000.0,,972693000.0,0.1734607443485626,132811633.75509556,5099370000.0,0.0260447141029373,0.0454689858316844,0.0153467580946264,1.9627746492990592,0.0533054731986057,0.0283861042984939,0.0330968649045508,-0.0081485333691245,,,34.16306358317863,34.16306358317863,False,87.11804420171984,87.11804420171984,73.87929904708454,612.0,True,True,True,True,True,True,True,True,True,True,False,True,True,False,False,False,False,12,False,0.39882662784669387,0.4910944954498786,1.0,384645191.1733389,0.26506024096385544,1.0,3.0,,,,,,0.01557779887714304,-0.1296118389089272,0.371846753699321,-0.6048294567377365,0.7783687943262412,-0.6048294567377365,0.8776963159201868,-612.0,0.3120567375886525,0.7730496453900709,0.9290780141843972,0.4046099290780142,0.573758865248227,弘憶股
17.5,21.0,17.5,20.549999237060547,1315986.0,0.03787878933834454,20.15999984741211,0.26461533766526446,17.73999981880188,0.29245281321334415,16.693333260218303,0.15614827208482995,17.60261504650116,0.0557952631704518,76.64973773959858,914183.05,1.4395213300005945,0.15839906690869676,3321.TW,2026-06-08,0.04179561773568885,0.29092072746572395,bull,0.07136237256719184,0.19925857275254866,2026-03-31,2026-05-15,440905000.0,7429000.0,-58626000.0,-57615000.0,2163000.0,-59778000.0,-0.69,1531176000.0,1101699000.0,2017279000.0,1344759000.0,672520000.0,295948000.0,433097000.0,200657000.0,,0.0,-58626000.0,915580000.0,-0.064031542847157,-0.0888865758639148,-0.0296329858190166,1.9995821685600428,0.0168494346854764,-0.1329674192853335,-0.1355802270330343,-0.0351892618154604,,,7.607885260241264,7.607885260241264,False,81.54034225417547,81.54034225417547,63.05722800569192,1061.0,True,True,True,True,True,True,True,False,True,True,True,True,True,False,False,False,False,12,False,0.23103031112623995,0.16744013220610832,1.0,18786460.980033685,0.6450417052826691,0.0,3.0,,,,,,-0.09656162078520665,-0.19931701193072546,0.2378174846008687,-0.8860092162553196,0.3588652482269504,-0.8860092162553196,0.5258569745415584,-1061.0,0.0070921985815602835,0.19148936170212766,0.5035460992907801,0.08156028368794324,0.16170212765957445,同泰
70.9000015258789,80.0,70.9000015258789,77.30000305175781,2354837.0,-0.042131276642612514,82.38000030517578,0.0676795776603325,76.28000030517578,0.3123939057589751,69.63500010172525,0.5679514046249452,60.77333345413208,0.029975691014427496,54.698797882962126,2827441.3,0.8328508888937854,0.013371824102009544,3338.TW,2026-06-08,0.04179561773568885,0.29092072746572395,bull,0.23262279888785914,0.1881371640407785,2026-03-31,2026-05-15,859457000.0,163158000.0,26759000.0,25761000.0,2499000.0,23262000.0,0.27,2821567000.0,1427207000.0,3621529000.0,1580096000.0,2041433000.0,734108000.0,,,,0.0970071037614999,24163186.910446025,2194322000.0,0.0110116869404062,0.0113949367919495,0.0064232538245586,0.7740131564445172,0.1898384677767474,0.0311347746309588,0.0270659265094123,-0.0833211565556748,,,25.950217429886425,25.950217429886425,False,67.43086992191459,67.43086992191459,57.06070679890755,754.0,True,False,True,True,True,True,True,True,True,True,True,True,True,True,False,False,False,13,False,0.11007399926524375,0.2719394948131162,1.0,218561221.11866605,0.3262279888785913,1.0,3.0,,,,,,0.011495406429786161,-0.14341208838152883,0.23928309180944626,-1.4319762263237938,0.549290780141844,-1.4319762263237938,0.5697029413562931,-754.0,0.19148936170212766,0.04964539007092199,0.6028368794326241,0.2531914893617021,0.23120567375886525,泰碩
55.79999923706055,59.59999847412109,55.79999923706055,59.09999847412109,1084393.0,0.007300971924169897,59.09205932617188,0.049482754439470256,58.76731014251709,0.3503043318535457,51.98112920125325,0.3066552953844337,48.24947052001953,0.02469451279982514,58.58510985351482,1509629.25,0.7183174279380186,0.005661112118237055,3356.TW,2026-06-08,0.04179561773568885,0.29092072746572395,bull,0.27710843373493976,0.17238183503243745,2026-03-31,2026-05-15,281264000.0,139594000.0,10233000.0,198018000.0,20957000.0,176986000.0,2.21,2893011000.0,391712000.0,3096581000.0,420305000.0,2676276000.0,809972000.0,50000000.0,,,0.1058338130876991,9150002.590673575,2704869000.0,0.0033827895512402,0.0661314453367291,0.0571552948235489,0.157048450907156,0.4963095170373741,0.0363821889754821,0.6292522327777462,0.0806540849572754,,,63.62657398368869,63.62657398368869,False,70.16574918145487,70.16574918145487,68.53095538201332,230.0,True,False,True,True,True,True,True,True,True,True,True,True,False,True,True,False,False,12,False,0.13695103169663736,0.2248838761784855,1.0,89219086.37148856,0.4309545875810936,1.0,3.0,,,,,,0.013907930839603276,-0.10750300514650345,0.17197669427670395,-1.6051914163166718,0.4819148936170213,-1.6051914163166718,0.47843567480183563,-230.0,0.6808510638297872,0.5531914893617021,0.4326241134751773,0.6436170212765957,0.5929078014184397,奇偶
223.0,244.5,219.0,236.5,34929611.0,0.10000000000000009,225.4,0.1452784503631961,211.3,0.2097186700767264,208.74166666666667,0.1736972704714641,209.05,0.022378129914116366,65.68627450980392,8074092.7,4.326134501775042,0.11926171320397527,3376.TW,2026-06-08,0.04179561773568885,0.29092072746572395,bull,0.14272474513438368,0.2567191844300278,2026-03-31,2026-05-15,2352701000.0,335895000.0,-10275000.0,43103000.0,13472000.0,29631000.0,0.15,10777512000.0,3894401000.0,22496803000.0,5100165000.0,17396638000.0,1878583000.0,588870000.0,,746387000.0,0.3125536505579658,-7063511.240516901,18602402000.0,-0.0003797096332246,0.0017032601356652,0.001317120481519,0.2931695767883426,0.1427699482424668,-0.00436732079427,0.0125944605795636,-0.1614067629929856,,,16.962780283825516,16.962780283825516,False,79.03178245798915,79.03178245798915,63.51453191444824,918.0,True,True,True,True,True,True,True,True,True,False,False,True,False,True,False,False,False,11,False,0.132979360453511,0.13130829944989242,1.0,1909522923.55,0.10936051899907322,2.0,3.0,,,,,,-0.08789037427397703,-0.25627170153164763,0.16714290389296704,-1.7008002074560649,0.10496453900709221,-1.7008002074560649,0.08564793695692911,-918.0,0.07092198581560284,0.23404255319148937,0.02127659574468085,0.06347517730496455,0.10992907801418442,新日興
614.0,668.0,612.0,654.0,3994881.0,0.11230308903875819,626.5272827148438,0.3151348312138227,574.2557342529296,0.5875001101902213,503.2145299275717,0.49048622131485087,465.60742340087893,0.058285599896162374,77.5640060835062,3037674.05,1.315111804046257,0.13886542352217446,3406.TW,2026-06-08,0.04179561773568885,0.29092072746572395,bull,0.056533827618164965,0.09453197405004633,2026-03-31,2026-05-15,6140741000.0,2060873000.0,1200606000.0,1239328000.0,347909000.0,890873000.0,7.9,22697154000.0,9791281000.0,44791309000.0,18698861000.0,26092448000.0,12605348000.0,216960000.0,2871110000.0,,0.2807239084407033,863567191.1826409,35000028000.0,0.0246733285808411,0.0341429443492615,0.019889416493722,0.7166388144186394,0.3356065660479737,0.1955148409613758,0.1450758141403456,0.1539913322030344,,,69.07874706062229,69.07874706062229,False,83.56661752058938,83.56661752058938,79.9446499055976,173.0,True,True,True,True,True,True,True,False,True,True,False,True,True,True,True,False,False,12,False,0.2996445076697827,0.4046167804264553,1.0,1986638828.6999998,0.10658016682113068,3.0,3.0,,,,,,0.012875651991151014,-0.1531233003261066,0.31525621531786124,-1.5453856322426558,0.6202127659574468,-1.5453856322426558,0.6290767074260419,-173.0,0.7446808510638298,0.950354609929078,0.7021276595744681,0.7382978723404255,0.7978723404255319,玉晶光
165.0,174.5,164.5,174.5,507218.0,-0.05163043478260865,180.1,0.017492711370262315,176.725,0.19112627986348119,161.78333333333333,0.20761245674740492,155.10833333333332,0.01829443964275415,60.0,709329.1,0.715067237478344,-0.01259018248691468,3416.TW,2026-06-08,0.04179561773568885,0.29092072746572395,bull,0.39666357738646896,0.2752548656163114,2026-03-31,2026-05-15,946676000.0,345733000.0,142827000.0,161912000.0,16386000.0,144945000.0,1.8,2786217000.0,1757760000.0,5068550000.0,1824098000.0,3244452000.0,394852000.0,,12996000.0,,0.101203122683927,128372461.59642276,3310790000.0,0.0387739668165068,0.044674724730093,0.0285969360073393,0.5622206770203412,0.3652073148574591,0.1508721040778471,0.1531094059636031,0.1820639382069682,,,79.62654194597235,79.62654194597235,False,65.10760992688704,65.10760992688704,68.73734293165836,88.0,True,False,True,True,False,True,True,True,False,False,True,True,False,True,True,False,False,9,False,0.07860306994952104,0.12502014720894006,1.0,123777927.95,0.39295644114921224,2.0,2.0,,,,,,-0.027228275152550146,-0.1819413702720354,0.207039094066406,-1.2580291227950962,0.36312056737588655,-1.2580291227950962,0.41575128204714884,-88.0,0.8581560283687943,0.574468085106383,0.3546099290780142,0.7826241134751774,0.6723404255319149,融程電
451.0,469.0,451.0,461.0,6203256.0,-0.1447124304267161,515.6,0.07710280373831768,473.25,0.691743119266055,363.6166666666667,0.8330019880715707,313.225,0.07422540006809666,60.05873715124817,9651778.3,0.6427060182267137,-0.025884838880084526,3450.TW,2026-06-08,0.04179561773568885,0.29092072746572395,bull,0.21316033364226136,0.07414272474513438,2026-03-31,2026-05-15,2086881000.0,517637000.0,265998000.0,305196000.0,125755000.0,100381000.0,0.69,7884253000.0,4106443000.0,13684502000.0,5884300000.0,7800202000.0,2629692000.0,117848000.0,986625000.0,,0.4,159598800.0,9578059000.0,0.0166629585388855,0.0128690256995908,0.0073353783718252,0.7543778994441426,0.248043371902854,0.1274619875306737,0.048100969820512,-0.243335936667196,,,38.19504843746604,38.19504843746604,False,75.70577426237953,75.70577426237953,66.32809280615116,557.0,True,True,True,True,False,True,True,True,True,True,True,True,False,True,False,False,False,12,False,0.2678186735114818,0.4717854577380476,1.0,4449469796.3,0.05004633920296571,2.0,3.0,,,,,,0.02149664150696417,-0.17975627277498935,0.31417011936407224,-1.4054534773525418,0.6195035460992908,-1.4054534773525418,0.5182902460690807,-557.0,0.3333333333333333,0.40425531914893614,0.49645390070921985,0.3578014184397163,0.3872340425531915,聯鈞
226.5,245.5,226.5,243.5,1291305.0,-0.03944773175542404,254.9,0.047311827956989294,238.3,0.15952380952380962,227.525,-0.031809145129224614,230.65,0.014582224587546615,60.18099547511313,1205879.9,1.0708404709291532,0.02182123373898448,3515.TW,2026-06-08,0.04179561773568885,0.29092072746572395,bull,0.28637627432808155,0.30583873957367935,2026-03-31,2026-05-15,13366639000.0,1999582000.0,965368000.0,994219000.0,142487000.0,511865000.0,4.14,26619209000.0,14322582000.0,28675459000.0,14380132000.0,14295327000.0,5027744000.0,0.0,,,0.1433155069456528,827015795.690889,14352877000.0,0.0576202106163725,0.0358064561936918,0.0178502809667318,1.0059323581755073,0.1495949729771261,0.0722221943751155,0.0382942189132211,0.2776120330274545,,,59.385527806705504,59.385527806705504,False,70.2615116558218,70.2615116558218,67.54251569354273,273.0,True,False,True,True,True,True,True,True,True,False,True,True,True,True,False,False,False,12,False,0.07021206460828489,0.055712117927595894,1.0,293631755.65,0.2919369786839666,2.0,3.0,,,,,,-0.023049039942566584,-0.12836975473211013,0.17363567040175354,-0.8683768828843658,0.44893617021276594,-0.8683768828843658,0.4748701529720827,-273.0,0.624113475177305,0.5035460992907801,0.425531914893617,0.5943262411347517,0.5482269503546099,華擎
21.700000762939453,24.049999237060547,21.700000762939453,23.549999237060547,4836009.0,0.0979020232833463,22.86999969482422,0.10046727368483599,21.217499828338624,0.4582043215678855,20.13749993642171,0.861660074879645,17.929583311080933,0.009155763356918764,67.74193283753203,3567039.55,1.3557486347467047,0.10993281148076539,3550.TW,2026-06-08,0.04179561773568885,0.29092072746572395,bull,0.18535681186283595,0.13253012048192772,2026-03-31,2026-05-15,1007809000.0,175472000.0,19816000.0,28906000.0,7399000.0,23062000.0,0.21,2867552000.0,1758096000.0,4325506000.0,2633732000.0,1691774000.0,876451000.0,571372000.0,738364000.0,,0.2559676191794091,14743745.658340828,2567410000.0,0.0057426533581861,0.0136318444425792,0.0053316305653026,1.556787135870394,0.1741123566072539,0.0196624558820173,0.0228833042769016,0.2160987446951514,,,28.974359191222867,28.974359191222867,False,80.76064572553969,80.76064572553969,67.81407409196048,700.0,True,True,True,True,True,True,True,True,True,True,True,True,True,True,False,False,False,14,False,0.16945992856177816,0.3134716422832904,1.0,84003778.6810648,0.4411492122335496,0.0,3.0,,,,,,-0.019131898289478266,-0.1796586037348476,0.24519504211482854,-1.6305885829329065,0.36950354609929076,-1.6305885829329065,0.4048346758393645,-700.0,0.2198581560283688,0.524822695035461,0.3120567375886525,0.23368794326241132,0.32978723404255317,聯穎
16.0,16.950000762939453,16.0,16.799999237060547,1204488.0,0.037036941102725374,17.48999938964844,0.1546391076859528,15.47749981880188,0.19999994550432487,14.861666584014893,0.191489275357692,14.579999963442484,0.051103553059550416,68.88888857492195,1238112.65,0.9728420107814908,0.08544657946964485,3607.TW,2026-06-08,0.04179561773568885,0.29092072746572395,bull,0.13531047265987026,0.2669138090824838,2026-03-31,2026-05-15,642271000.0,84310000.0,-5461000.0,3826000.0,459000.0,3367000.0,0.03,2158556000.0,1085997000.0,2917091000.0,1223656000.0,1693435000.0,592354000.0,,,,0.1199686356508102,-4805851.280710925,1831094000.0,-0.0026245792300728,0.0019882664525062,0.001154232075722,0.7225881123279015,0.131268576660008,-0.0085026414083774,0.0052423354004773,-0.0029046390392181,,,17.69844014803594,17.69844014803594,False,72.62295713236558,72.62295713236558,58.891827886283174,898.0,True,False,True,True,True,True,True,True,True,False,True,True,True,True,False,False,False,12,False,0.13042498579065898,0.15226332504694318,1.0,20800291.57539501,0.629286376274328,0.0,3.0,,,,,,0.00876088566806326,-0.11731738085909624,0.23449527720398147,-1.3755749764025178,0.5804964539007093,-1.3755749764025178,0.7027724976408487,-898.0,0.09219858156028368,0.07092198581560284,0.7588652482269503,0.1921985815602837,0.21914893617021275,谷崧
201.5,208.5,200.0,208.0,409405.0,-0.018867924528301883,215.3,0.02716049382716057,203.925,0.13351498637602188,189.48333333333332,0.03482587064676612,192.48333333333332,0.023077887871566654,68.51851851851852,461544.45,0.8870326574179367,0.01998283682726476,3617.TW,2026-06-08,0.04179561773568885,0.29092072746572395,bull,0.35959221501390176,0.33271547729379053,2026-03-31,2026-05-15,2931932000.0,1579254000.0,476843000.0,521769000.0,118652000.0,388950000.0,4.13,10475363000.0,3752308000.0,14792411000.0,5524979000.0,9267432000.0,4373481000.0,0.0,,1434491000.0,0.2274033144935785,368407321.3069385,11040103000.0,0.033369917047598,0.0419695553201793,0.026293888129528,0.5961715176329322,0.5386393681708853,0.1626378101538507,0.1326599661929403,0.0219561852265348,,,74.61371274804436,74.61371274804436,False,59.20567355448967,59.20567355448967,63.05768335287834,123.0,True,False,True,True,True,True,True,True,False,False,True,True,True,True,True,False,False,11,False,0.0977218752748703,0.0806130400900511,1.0,96001245.60000001,0.42539388322520855,2.0,3.0,,,,,,0.017105915092772768,-0.08332739102461675,0.1847066119415082,-1.6471463577010912,0.5152482269503547,-1.6471463577010912,0.5884766727892862,-123.0,0.7943262411347518,0.19858156028368795,0.6453900709219859,0.7719858156028369,0.5858156028368795,碩天
30.649999618530277,32.29999923706055,30.649999618530277,31.850000381469727,287444.0,-0.12500002619984274,34.12000007629395,0.030744361639724493,32.20750007629395,0.1477477614944045,29.60249993006389,0.06879198647292961,29.06208332379659,0.032374390156646796,60.42553177674253,262565.25,1.094752637677682,-0.011099889590231005,3652.TW,2026-06-08,0.04179561773568885,0.29092072746572395,bull,0.3447636700648749,0.31047265987025024,2026-03-31,2026-05-15,620782000.0,216758000.0,32315000.0,36403000.0,6166000.0,30132000.0,0.4,2208650000.0,758801000.0,2721709000.0,839191000.0,1882518000.0,544591000.0,,,,0.1693816443699695,26841432.16218444,1962908000.0,0.0136743200201866,0.0160062214544562,0.0110709851787975,0.4457811293172229,0.3491692735936287,0.0520553108820809,0.0485387785083974,0.1012201049453453,,,46.42890186010385,46.42890186010385,False,67.04658068943655,67.04658068943655,61.89216098210338,410.0,True,False,True,True,False,True,True,True,False,False,True,True,True,True,False,False,False,10,False,0.07592265709705504,0.0959297042339129,1.0,8362703.312660694,0.7469879518072289,1.0,3.0,,,,,,0.03850285768474415,-0.034415288372485954,0.2098025317156236,-1.2459123437999928,0.7244680851063829,-1.2459123437999928,0.7727309883007236,-410.0,0.46099290780141844,0.1702127659574468,0.8439716312056738,0.5184397163120567,0.45035460992907805,精聯
77.4000015258789,84.5999984741211,77.4000015258789,82.80000305175781,22925552.0,-0.07486030109767805,88.48000030517578,0.38461545331330393,78.85499992370606,1.1015228387078286,62.0808333714803,0.9122402889302856,51.60375010172526,0.09825905477969857,57.25490237143986,37639081.1,0.6090890460128687,0.05002857310086406,3673.TW,2026-06-08,0.04179561773568885,0.29092072746572395,bull,0.037998146431881374,0.024096385542168676,2026-03-31,2026-05-15,17886696000.0,1677006000.0,-57646000.0,376118000.0,-202875000.0,540783000.0,1.33,73844000000.0,34079481000.0,104848761000.0,49320829000.0,55527932000.0,36188520000.0,13891875000.0,9588694000.0,,0.0,-57646000.0,70769280000.0,-0.0008145624768261,0.0097389364329289,0.0051577433518742,0.8882165645931133,0.0937571701336009,-0.0032228422733857,0.0302338117671368,0.3052602143620031,,,29.65433567030115,29.65433567030115,False,83.26547413960564,83.26547413960564,69.86268952227951,689.0,True,True,True,True,True,True,True,True,True,True,True,True,False,True,False,False,False,13,False,0.33374503135771083,0.6045346101501559,1.0,3116516029.9453597,0.07506950880444857,1.0,3.0,,,,,,-0.08815213999774756,-0.25349492969117243,0.18706673830314727,-1.8010151008544288,0.11914893617021276,-1.8010151008544288,0.10859193235665414,-689.0,0.23404255319148937,0.6170212765957447,0.03546099290780142,0.2042553191489362,0.30921985815602837,TPK-KY
36.5,37.59999847412109,36.09999847412109,37.29999923706055,715547.0,-0.1129607630483287,40.529999542236325,0.21696573250558315,34.9375,0.13719512514242593,32.296666685740156,0.16380655616145035,34.262083228429155,0.07840110992707038,64.81011413760754,535869.45,1.3353009767584252,0.06762072950441644,4545.TW,2026-06-08,0.04179561773568885,0.29092072746572395,bull,0.09453197405004633,0.3262279888785913,2026-03-31,2026-05-15,528259000.0,80441000.0,2952000.0,17649000.0,1385000.0,16264000.0,0.21,1813369000.0,1036970000.0,3191007000.0,1256921000.0,1934086000.0,579437000.0,430000000.0,100000000.0,,0.0784747011162105,2720342.6823049462,2154037000.0,0.0012629043430103,0.0084091400278994,0.0050968236672624,0.6498785472827993,0.1522756829509767,0.0055881679252033,0.030787927891432,-0.1131177430511252,,,18.947934688142176,18.947934688142176,False,78.20411650199148,78.20411650199148,63.39007104852915,877.0,True,True,True,True,True,True,True,True,True,False,True,True,True,True,False,False,False,13,False,0.1549179238837517,0.08866699635212671,1.0,19987930.076164052,0.6367006487488415,1.0,3.0,,,,,,0.011867783975712557,-0.11863507576263158,0.2586103862753577,-1.437306700845708,0.6148936170212765,-1.437306700845708,0.5371692121851686,-877.0,0.12056737588652482,0.22695035460992907,0.5319148936170213,0.18226950354609928,0.2347517730496454,銘鈺
47.54999923706055,51.0,47.54999923706055,50.70000076293945,878697.0,-0.10424024505723717,53.4,0.19924683330716597,49.25531444549561,0.44894857016269674,41.566283734639484,0.2505593582117851,40.03721911112468,0.061364500714765534,64.56829794156664,1639435.05,0.5359754874095195,0.02933056734502215,4555.TW,2026-06-08,0.04179561773568885,0.29092072746572395,bull,0.10843373493975904,0.13438368860055608,2026-03-31,2026-05-15,405963000.0,122327000.0,8347000.0,7598000.0,2102000.0,2539000.0,0.04,2312473000.0,609744000.0,4541917000.0,1553753000.0,2988164000.0,713323000.0,196290000.0,456098000.0,477337000.0,0.2766517504606475,6037787.838904974,3932173000.0,0.0015354837742146,0.0008496856263578,0.0005590150590598,0.5199691181608506,0.3013254902540379,0.0205609870850299,0.0062542645512029,0.0714902197810898,,,28.47471124333176,28.47471124333176,False,76.86683419158223,76.86683419158223,64.76880345451961,709.0,True,True,True,True,True,True,True,True,True,True,True,True,False,True,False,False,False,13,False,0.2197386007998674,0.2663217348392719,1.0,83119358.28578968,0.4439295644114921,1.0,3.0,,,,,,-0.0002773317029054163,-0.15428093139553983,0.28057883714720705,-1.4445233909423005,0.5574468085106383,-1.4445233909423005,0.5793037978584961,-709.0,0.20567375886524822,0.3120567375886525,0.6312056737588653,0.2695035460992907,0.32269503546099293,氣立
108.0,123.0,108.0,118.5,10628502.0,0.08715596330275233,115.4,0.24083769633507845,104.12999992370605,0.5490196078431373,91.69000002543132,0.7074927578468706,81.08056856791178,0.060548964562132455,73.74748757509758,6298399.15,1.6874926067523046,0.1380005770366135,4739.TW,2026-06-08,0.04179561773568885,0.29092072746572395,bull,0.08063021316033364,0.09916589434661724,2026-03-31,2026-05-15,2370728000.0,424988000.0,313521000.0,283927000.0,61391000.0,186025000.0,1.51,8110096000.0,4785013000.0,13990342000.0,6831285000.0,7159057000.0,3702630000.0,2691169000.0,1157727000.0,552482000.0,0.2162210709090717,245731153.62751693,9205329000.0,0.0266944455355715,0.0259845675205547,0.0132966728047105,0.954215757745748,0.1792647659284405,0.132246719151248,0.0784674580972595,1.2500189816712983,,,57.75931672415181,57.75931672415181,False,84.37284119025536,84.37284119025536,77.71946007372946,285.0,True,True,True,True,True,True,True,False,True,True,True,True,True,True,False,False,False,13,False,0.29239829825643593,0.46150923819369005,1.0,746360299.2750001,0.19555143651529194,2.0,3.0,,,,,,-2.3034843186792807e-06,-0.16837848260119959,0.27130971064997306,-1.1475991381338146,0.5741134751773049,-1.1475991381338146,0.5436132125494744,-285.0,0.6099290780141844,0.900709219858156,0.5602836879432624,0.6024822695035461,0.6872340425531915,康普
43.20000076293945,44.09999847412109,43.20000076293945,43.70000076293945,16907559.0,-0.1816479491716606,49.050000762939455,0.0843672851177677,43.85250034332275,0.6185185467755352,38.571666653951006,0.6367041016566788,33.00083333651225,0.06775018403220578,59.895832298530706,30920672.55,0.5468043740853237,-0.0034775572473491057,4906.TW,2026-06-08,0.04179561773568885,0.29092072746572395,bull,0.20018535681186284,0.0871177015755329,2026-03-31,2026-05-15,3112326000.0,322217000.0,-204767000.0,-143593000.0,-12449000.0,-135433000.0,-0.32,12864049000.0,8398145000.0,20148277000.0,8788876000.0,11359401000.0,5670981000.0,2420953000.0,,,0.0866964267060372,-187014432.79268488,11750132000.0,-0.0159159431394204,-0.0119225476765896,-0.0067218154683896,0.7737094587998082,0.1035293217998371,-0.0657922724033407,-0.043515043089959,-0.3962171691099656,,,11.923368983819008,11.923368983819008,False,75.58964375462324,75.58964375462324,59.673075061922184,1016.0,True,True,True,True,False,True,True,True,True,True,True,True,False,True,False,False,False,12,False,0.13295598956087984,0.324209007612835,1.0,1351233414.0256011,0.14457831325301204,1.0,3.0,,,,,,0.027049593817969838,-0.12779867811517004,0.37274887080597324,-1.4441741232727043,0.7187943262411347,-1.4441741232727043,0.7465950911114562,-1016.0,0.03546099290780142,0.09219858156028368,0.7801418439716312,0.1471631205673759,0.20141843971631207,正文
89.0,94.5,87.5999984741211,92.0999984741211,37200458.0,0.009868438113979972,96.46000061035156,0.10431650826220418,84.84499969482422,0.3138373820096696,81.74166641235351,0.26685010096617323,75.92499993642171,0.03989459410267452,77.14285169328963,24901200.0,1.4939223009332883,0.08550885503438144,4938.TW,2026-06-08,0.04179561773568885,0.29092072746572395,bull,0.17979610750695088,0.18628359592215013,2026-03-31,2026-05-15,244105400000.0,10801479000.0,2829288000.0,3464858000.0,605203000.0,1561454000.0,0.58,455223337000.0,347425362000.0,623242706000.0,374551574000.0,248691132000.0,112291906000.0,50872952000.0,7687427000.0,2697039000.0,0.174668918610806,2335099324.60147,275817344000.0,0.0084661076447805,0.0062786878946692,0.0025053706765723,1.5060913953296895,0.0442492423354829,0.0115904359346413,0.0063966385012375,-0.1039816497152077,,,13.24211612714073,13.24211612714073,False,76.19078397071357,76.19078397071357,60.453617009820356,992.0,True,True,True,True,True,True,True,False,True,True,True,True,True,True,False,False,False,13,False,0.12672034369245666,0.21303916432326697,1.0,2293400482.003784,0.09916589434661724,1.0,3.0,,,,,,-0.013368042823777486,-0.18652258789692838,0.18245016918605256,-1.5912494212345927,0.2968085106382979,-1.5912494212345927,0.30795042064673445,-992.0,0.0425531914893617,0.10638297872340426,0.2127659574468085,0.06808510638297871,0.09574468085106383,和碩
367.0,397.0,367.0,394.0,895092.0,-0.11758118701007836,414.2,0.07356948228882842,406.325,0.43012704174228666,342.56666666666666,0.31333333333333324,309.85833333333335,0.031150869179038136,57.065217391304344,1621719.4,0.5519401198505735,-0.030332861625546048,5284.TW,2026-06-08,0.04179561773568885,0.29092072746572395,bull,0.22150139017608897,0.14550509731232622,2026-03-31,2026-05-15,1166233000.0,437463000.0,245107000.0,266871000.0,52187000.0,218405000.0,4.13,4126738000.0,3009996000.0,7382964000.0,3544727000.0,3838237000.0,832900000.0,1097595000.0,227344000.0,,0.1955514087330583,197175980.8596663,4372968000.0,0.0450897378758925,0.0569024268173122,0.0295822924234765,0.9235299956724924,0.3751077186119755,0.2101698374167083,0.1872738980975499,0.4464636316843717,,,89.32059667250147,89.32059667250147,False,70.34535018558067,70.34535018558067,75.08916180731086,37.0,True,False,True,True,False,True,True,True,True,True,True,True,False,True,True,False,False,11,False,0.15014109175829526,0.2715488260764327,1.0,638957443.5999999,0.21408711770157554,2.0,2.0,,,,,,-0.03023369293882071,-0.16432782779027336,0.2068337661146757,-1.2505216368681935,0.38404255319148933,-1.2505216368681935,0.35469946470995284,-37.0,0.9290780141843972,0.8368794326241135,0.2624113475177305,0.8290780141843971,0.7680851063829787,jpp-KY
52.20000076293945,54.09999847412109,52.20000076293945,53.0,1911294.0,-0.011194001701525735,55.380000305175784,0.3874345272636508,46.937500190734866,0.31677018633540377,42.23500010172526,0.49295774647887325,40.7516666094462,0.09846712064182726,66.3291127015874,1999764.45,0.9557595645827187,0.12916111392020468,5484.TW,2026-06-08,0.04179561773568885,0.29092072746572395,bull,0.03707136237256719,0.18535681186283595,2026-03-31,2026-05-15,179881000.0,29551000.0,-17196000.0,22375000.0,58000.0,22317000.0,0.33,526630000.0,475954000.0,998731000.0,482926000.0,515805000.0,76148000.0,282762000.0,,,0.0025921787709497,-17151424.89385475,522777000.0,-0.0328083004681819,0.043266350655771,0.0223453562570902,0.936256918796832,0.1642808301043467,-0.0955965332636576,0.1240653543175766,1.0989859858341404,,,46.19547708121669,46.19547708121669,False,83.33270249715497,83.33270249715497,74.0483961431704,412.0,True,True,True,True,True,True,True,True,True,True,True,True,True,True,False,False,False,14,False,0.25488338753040507,0.30056030610818385,1.0,105987515.85,0.4087117701575533,1.0,3.0,,,,,,-0.06843606025496969,-0.24318751120797835,0.27155455886098107,-0.9047965315253472,0.4021276595744681,-0.9047965315253472,0.5766975810075237,-412.0,0.45390070921985815,0.7943262411347518,0.6170212765957447,0.47836879432624113,0.5886524822695036,慧友
40.25,40.79999923706055,39.54999923706055,40.70000076293945,458200.0,-0.02045724403679261,41.060000610351565,0.05440420652416056,40.382499885559085,0.2389650731643873,39.46583334604899,0.26791285662370523,36.70583327611288,0.009814961472725899,61.53847658657106,777205.8,0.5895478391952299,0.007862338346564579,5515.TW,2026-06-08,0.04179561773568885,0.29092072746572395,bull,0.2632066728452271,0.23354958294717332,2026-03-31,2026-05-15,2015280000.0,391103000.0,268702000.0,476647000.0,82479000.0,394168000.0,1.96,9114211000.0,5142167000.0,11530797000.0,5836747000.0,5694050000.0,2270517000.0,100000000.0,,,0.1730400065457246,222205804.1611507,6388630000.0,0.0347814483169553,0.0692245414072584,0.0341839336864572,1.02506072127923,0.1940688142590607,0.1333323409154063,0.1955896947322456,0.3881614203981094,,,76.63848749386133,76.63848749386133,False,71.32194778476527,71.32194778476527,72.65108271203928,104.0,True,False,True,True,True,True,True,True,True,False,True,True,False,True,True,False,False,11,False,0.03127179416354631,0.10881560586790617,1.0,31632276.65296097,0.5708989805375347,1.0,3.0,,,,,,0.03358951657025027,-0.06253718972810865,0.21931395376733412,-0.8649294257980769,0.7524822695035461,-0.8649294257980769,0.8239057291945733,-104.0,0.8297872340425532,0.7304964539007093,0.8794326241134752,0.8372340425531914,0.8099290780141845,建國
72.5,75.30000305175781,72.5,74.19999694824219,763874.0,0.0,75.19999847412109,0.020632738142587703,72.07499923706055,0.1310975407646351,70.88166618347168,0.24705877223936445,69.83916657765707,0.01793658768938546,62.142835344587056,1065146.4,0.7171539987366995,0.02948314580194933,5522.TW,2026-06-08,0.04179561773568885,0.29092072746572395,bull,0.3818350324374421,0.33642261353104724,2026-03-31,2026-05-15,5663127000.0,2086625000.0,1513252000.0,1524644000.0,146437000.0,1378207000.0,1.76,96091377000.0,55515565000.0,108298597000.0,60723348000.0,47575249000.0,8568252000.0,32038263000.0,3973614000.0,,0.096046683684847,1367909163.8205378,52783032000.0,0.0259156988901383,0.0289689918385923,0.0127259912702285,1.2763642708417564,0.3684580974433383,0.2672113833929558,0.2433650172422409,7.981947689218574,,,69.13730454554027,69.13730454554027,False,66.3214954558885,66.3214954558885,67.02544772830143,172.0,True,False,True,True,True,True,True,True,False,False,True,True,False,True,True,False,False,10,False,0.046815078474330196,0.06244104253071425,1.0,79033859.62943114,0.448563484708063,1.0,3.0,,,,,,0.03344067908541102,-0.11484492591053523,0.2583913527698229,-0.4259568185921276,0.7783687943262412,-0.4259568185921276,0.7627963699498158,-172.0,0.75177304964539,0.46808510638297873,0.8226950354609929,0.7624113475177304,0.6808510638297872,遠雄
41.04999923706055,42.0,40.54999923706055,40.54999923706055,32280222.0,0.023989919180433583,42.8,0.25736431742823407,35.53499994277954,0.43033505084412793,30.79416669209798,0.6123260378574198,29.01958335240682,0.09279618747299992,71.06383068521625,19665758.15,1.6414430480525362,0.1411284452611914,6005.TW,2026-06-08,0.04179561773568885,0.29092072746572395,bull,0.07506950880444857,0.14457831325301204,2026-03-31,2026-05-15,,,2221460000.0,3326543000.0,224421000.0,2908675000.0,1.34,367374710000.0,331735961000.0,393239775000.0,340347500000.0,52892275000.0,16399922000.0,11743770000.0,6000000000.0,,0.0674637303651268,2071592021.5430856,61503814000.0,0.0336823342621172,0.0549924350956732,0.0073966958199993,6.434729835311489,,,,,,,44.400508064553975,44.400508064553975,False,83.7880981707701,83.7880981707701,73.94120064421607,441.0,True,True,True,True,True,True,True,True,True,True,True,True,True,True,False,False,False,14,False,0.316807811119175,0.39733223405143825,1.0,797446477.9787172,0.18628359592215013,1.0,3.0,,,,,,0.02491381537051914,-0.08954781381355652,0.262799045813135,-0.5805822094218567,0.7840425531914894,-0.5805822094218567,0.7614245889559591,-441.0,0.41134751773049644,0.7801418439716312,0.8156028368794326,0.4719858156028368,0.6028368794326241,群益證
728.0,740.0,728.0,728.0,4570186.0,-0.06306306306306309,781.4,0.07216494845360821,759.75,0.368421052631579,673.5333333333333,0.5639097744360901,615.0,0.026134521880064862,48.756218905472636,5573752.6,0.8199477673264508,-0.04179006252056594,6139.TW,2026-06-08,0.04179561773568885,0.29092072746572395,bull,0.22613531047265986,0.16589434661723818,2026-03-31,2026-05-15,20346268000.0,3810888000.0,3500691000.0,3755759000.0,771489000.0,2227075000.0,9.45,80079673000.0,54933867000.0,86440236000.0,56432727000.0,30007509000.0,42080764000.0,1694774000.0,301468000.0,0.0,0.2054149374334189,2781596777.261268,31506369000.0,0.0882868088436743,0.0742172567539678,0.0257643327119097,1.8806201807687533,0.1873015729469404,0.1720556811696376,0.1094586486327615,0.6849960227627989,,,75.64712525562624,75.64712525562624,False,64.06858202038924,64.06858202038924,66.9632178291985,113.0,True,False,True,True,False,True,True,False,True,True,True,True,True,True,True,False,False,11,False,0.08086706918737008,0.18373983739837407,1.0,4057691892.7999997,0.05468025949953661,3.0,3.0,,,,,,0.022454278908847065,-0.081754230011195,0.409794911369168,-0.6311989238881133,0.8549645390070922,-0.6311989238881133,0.8251492634471251,-113.0,0.8085106382978723,0.46099290780141844,0.8865248226950354,0.8202127659574467,0.7198581560283688,亞翔
16.899999618530273,20.350000381469727,16.850000381469727,20.350000381469727,23109938.0,0.10000002061998514,19.18000030517578,0.12742389150281963,18.340000057220458,0.24846633950760455,17.806666707992555,0.25230771578275246,16.80750000476837,0.009217230153711925,65.14285166215043,6252490.4,3.6961173103120637,0.1095965276978248,6153.TW,2026-06-08,0.04179561773568885,0.29092072746572395,bull,0.1556997219647822,0.22706209453197404,2026-03-31,2026-05-15,1180166000.0,-102687000.0,-360714000.0,-355056000.0,864000.0,-355920000.0,-0.56,4873823000.0,3351720000.0,15425541000.0,6914052000.0,8511489000.0,2724425000.0,955889000.0,3356827000.0,,0.0,-360714000.0,12073821000.0,-0.0298757120881616,-0.0418164201351843,-0.0230734208933093,0.812319912532343,-0.0870106408759445,-0.3056468327337002,-0.3015846923229444,-0.0499135784479864,,,13.36382768753306,13.36382768753306,False,79.18233143907544,79.18233143907544,62.727705501189845,989.0,True,True,True,True,True,True,True,True,True,False,False,True,False,True,False,False,False,11,False,0.1428304193695944,0.2107690242865583,1.0,127238182.02513582,0.38832252085264135,0.0,3.0,,,,,,-0.05651573873792227,-0.23950217450598793,0.2175945097148925,-1.756249739548776,0.19716312056737587,-1.756249739548776,0.3490141209486076,-989.0,0.05673758865248227,0.1773049645390071,0.2553191489361702,0.08652482269503545,0.1326241134751773,嘉聯益
120.5,127.5,120.0,125.0,2336729.0,-0.06367041198501877,129.3,0.34843585884681394,123.075,0.9936203904144871,86.83333326975504,0.953125,75.21333335240682,0.09912926992632293,60.55045871559633,4597315.95,0.5082811417388009,0.01564086938858411,6166.TW,2026-06-08,0.04179561773568885,0.29092072746572395,bull,0.047265987025023166,0.033364226135310475,2026-03-31,2026-05-15,3443841000.0,1293055000.0,417400000.0,440128000.0,100613000.0,342530000.0,1.57,9685113000.0,6814747000.0,14840413000.0,9041778000.0,5798635000.0,2371557000.0,1276966000.0,2103192000.0,,0.2285994074451068,321982607.3324124,8025666000.0,0.0401191137697995,0.0590707985586263,0.023080894042504,1.5592942132070735,0.3754688442352594,0.1212018789485345,0.0994616185822748,0.2873272036683791,,,76.55639090357866,76.55639090357866,False,83.55183020224447,83.55183020224447,81.80297037757802,106.0,True,True,True,True,True,True,True,True,True,True,True,True,False,True,True,False,False,13,False,0.43953934846284204,0.6619393720302387,1.0,574664493.75,0.23076923076923078,2.0,3.0,,,,,,0.02514523952021823,-0.1638369573049218,0.2504388617662059,-0.8396330130935963,0.6560283687943262,-0.8396330130935963,0.669755687007408,-106.0,0.8226950354609929,0.9645390070921985,0.7163120567375887,0.8067375886524821,0.8439716312056736,凌華
50.0,54.29999923706055,50.0,53.20000076293945,4020974.0,0.06613224721744992,53.51999969482422,0.10373443819205197,50.672499656677246,0.22439585336707824,48.153333282470705,0.15276270864492214,46.84375,0.024152394248470353,62.88088847560072,1964915.75,2.0463849404230183,0.049879147928103995,6189.TW,2026-06-08,0.04179561773568885,0.29092072746572395,bull,0.18072289156626506,0.247451343836886,2026-03-31,2026-05-15,7391885000.0,677085000.0,340237000.0,371536000.0,73903000.0,263910000.0,1.0,15205193000.0,9019856000.0,16530340000.0,9498582000.0,7031758000.0,3014491000.0,3096247000.0,200000000.0,0.0,0.1989120838895827,272559749.31366,7510484000.0,0.0362905705296303,0.0375311550824132,0.0159651888587893,1.350811845345076,0.0915984217828064,0.0460284487650984,0.0357026658288109,-0.0590932251748921,,,39.51795030832494,39.51795030832494,False,76.73887473023927,76.73887473023927,67.43364362476069,521.0,True,True,True,True,True,True,True,True,True,False,True,True,True,True,False,False,False,13,False,0.10480411503113718,0.13569047659377076,1.0,104533519.39911175,0.4114921223354958,1.0,3.0,,,,,,0.028247146165066593,-0.10254113424859386,0.2761607623393057,-0.23791559565548595,0.8198581560283689,-0.23791559565548595,0.8376739831926973,-521.0,0.3617021276595745,0.49645390070921985,0.900709219858156,0.44255319148936173,0.5099290780141844,豐藝
457.0,489.0,457.0,487.5,1618031.0,-0.049707602339181256,504.5,0.1470588235294117,465.175,0.7045454545454546,376.9166666666667,1.1195652173913042,326.29583333333335,0.05980520590078031,75.22935779816514,2835593.5,0.5706145820971871,0.04799269092277103,6196.TW,2026-06-08,0.04179561773568885,0.29092072746572395,bull,0.13901760889712697,0.0732159406858202,2026-03-31,2026-05-15,14308544000.0,1941121000.0,1179768000.0,1386251000.0,277186000.0,1112712000.0,5.08,46337341000.0,36023511000.0,57381180000.0,39725563000.0,17655617000.0,12671163000.0,1883857000.0,1404012000.0,0.0,0.1999536880406218,943869037.3676916,21357669000.0,0.0441934481411661,0.0630231160995393,0.0193915844881544,2.2500240574996613,0.1356616717955369,0.0824519951156455,0.0777655644068327,0.0790146048289421,,,51.54752142541584,51.54752142541584,False,72.9984641261716,72.9984641261716,67.63572845098265,345.0,True,False,True,True,True,True,True,False,True,True,True,True,False,True,False,False,False,11,False,0.2933893433561794,0.4940429824673416,1.0,1382351831.25,0.14087117701575533,2.0,3.0,,,,,,0.030208930482218885,-0.119374253026781,0.24348123144287512,-1.2887001779187706,0.6567375886524823,-1.2887001779187706,0.6174904310305399,-345.0,0.5390070921985816,0.5177304964539007,0.6879432624113475,0.5613475177304964,0.5624113475177305,帆宣
130.0,135.5,128.0,134.5,1811796.0,-0.04946996466431097,139.9,0.03065134099616862,137.6,0.31219512195121957,116.05666656494141,0.4187763256354249,104.35749994913736,0.04242424242424238,56.944444444444436,2983857.35,0.607199268423472,-0.022529069767441845,6206.TW,2026-06-08,0.04179561773568885,0.29092072746572395,bull,0.3456904541241891,0.18906394810009267,2026-03-31,2026-05-15,1510237000.0,689057000.0,424206000.0,442845000.0,88742000.0,359024000.0,2.51,5482164000.0,1306580000.0,6928875000.0,1318597000.0,5610278000.0,2258494000.0,,,,0.2003906558728223,339199081.4348135,5622295000.0,0.0603310714636662,0.0639939767690656,0.0518156266349154,0.2350323816395551,0.4562575277919956,0.2808870395838534,0.2377269263036198,0.1096002833077651,,,90.34179168403904,90.34179168403904,False,65.39651483426583,65.39651483426583,71.63283404670914,29.0,True,False,True,True,False,True,True,True,False,True,True,True,False,True,True,False,False,10,False,0.15891662220660385,0.28883884786003633,1.0,401328813.575,0.2622798887859129,2.0,1.0,,,,,,-0.015296619764306267,-0.15598834078997145,0.1567604308221821,-1.613332418109679,0.30141843971631205,-1.613332418109679,0.26079349186483103,-29.0,0.9361702127659575,0.6950354609929078,0.1702127659574468,0.8212765957446809,0.7106382978723405,飛捷
79.19999694824219,81.19999694824219,79.19999694824219,80.0,11872943.0,-0.053254437869822535,82.47999877929688,0.21580541473641834,78.14999961853027,0.49812729801571454,65.23249975840251,0.41093472528293185,63.3729167620341,0.047938317375622125,58.33333074884993,18697864.9,0.634989238798062,0.023672429820857932,6209.TW,2026-06-08,0.04179561773568885,0.29092072746572395,bull,0.0963855421686747,0.11584800741427248,2026-03-31,2026-05-15,1158467000.0,358262000.0,185538000.0,185592000.0,41530000.0,144062000.0,0.81,2748435000.0,1264771000.0,5147431000.0,1713919000.0,3433512000.0,434911000.0,30000000.0,74426000.0,242436000.0,0.2237704211388421,144020083.6027415,3882660000.0,0.0370931484092713,0.0419576223994557,0.0279871648595192,0.4991737323183958,0.3092552485310328,0.1601582090814844,0.1243557218289342,0.4794367125302983,,,81.24950417592753,81.24950417592753,False,78.22197020004326,78.22197020004326,78.97885369401433,82.0,True,True,True,True,True,True,True,True,True,True,True,True,False,True,True,False,False,13,False,0.22638255925023487,0.26236891226579884,1.0,1495829192.0,0.13067655236329936,1.0,2.0,,,,,,0.0073482502511547105,-0.18029123076913536,0.32910018147659176,-1.287382118513649,0.6056737588652482,-1.287382118513649,0.6160305619324861,-82.0,0.8652482269503546,0.9361702127659575,0.6808510638297872,0.8375886524822695,0.849645390070922,今國光
131.0,142.0,131.0,140.5,3049640.0,-0.02430555555555558,149.2,0.10629921259842523,132.8,0.24888888888888894,122.08333333333333,0.13306451612903225,119.4625,0.04649330181245079,65.45454545454545,2260760.1,1.3489445430322307,0.05798192771084332,6214.TW,2026-06-08,0.04179561773568885,0.29092072746572395,bull,0.1788693234476367,0.22613531047265986,2026-03-31,2026-05-15,11968686000.0,2441124000.0,591731000.0,895921000.0,121622000.0,718327000.0,2.64,28637858000.0,16986250000.0,37839475000.0,17932964000.0,19906511000.0,4485498000.0,2337560000.0,448042000.0,0.0,0.1357508083860072,511403038.4029395,20853225000.0,0.0245239303946003,0.0360850276575337,0.0189835350516887,0.9008592213874144,0.203959231614899,0.0494399301644307,0.0600171982120677,0.2168964026850304,,,53.24611007538207,53.24611007538207,False,76.77074108643166,76.77074108643166,70.88958333366926,321.0,True,True,True,True,True,True,True,True,True,False,True,True,True,True,False,False,False,13,False,0.1508532423208191,0.17610128701475358,1.0,317636794.05,0.28266913809082483,2.0,3.0,,,,,,-0.029971783801287368,-0.19233217662823685,0.17360441287738104,-1.0912165760452845,0.32375886524822695,-1.0912165760452845,0.449819655604915,-321.0,0.5886524822695035,0.6595744680851063,0.40425531914893614,0.5609929078014184,0.5730496453900709,精誠
304.5,312.5,304.5,309.0,14334499.0,-0.15573770491803274,338.2,0.3702882483370289,298.725,0.4338747099767981,238.68333333333334,0.9495268138801263,226.5375,0.10159491103530933,66.59919028340082,28237374.6,0.5076427678938679,0.03439618378106957,6239.TW,2026-06-08,0.04179561773568885,0.29092072746572395,bull,0.04170528266913809,0.14272474513438368,2026-03-31,2026-05-15,21314167000.0,4143918000.0,2760690000.0,3157108000.0,770277000.0,1844043000.0,2.5,47281423000.0,24510579000.0,126980482000.0,53170570000.0,73809912000.0,16022517000.0,300000000.0,25969750000.0,,0.243981834007579,2087131790.6736164,102469903000.0,0.0203682420844451,0.0249836769890743,0.0145222554754517,0.7203716758258701,0.194420828174988,0.1295237106850106,0.0865172446101224,0.3756457364997505,,,57.54461196953751,57.54461196953751,False,76.82574900287672,76.82574900287672,72.00546474454192,289.0,True,True,True,True,True,True,True,True,True,True,True,True,False,True,False,False,False,13,False,0.2946023322393687,0.3640125806985599,1.0,8725348751.4,0.025949953660797033,2.0,3.0,,,,,,-0.014746617921198696,-0.18339148404456898,0.23042072334911454,-1.7652613799615287,0.31950354609929077,-1.7652613799615287,0.29361196098860687,-289.0,0.6028368794326241,0.7092198581560284,0.18439716312056736,0.5400709219858155,0.5510638297872341,力成
61.29999923706055,65.19999694824219,61.29999923706055,64.5,9339136.0,-0.06657016752097122,71.3,0.11206896551724133,63.104999732971194,0.20111730137095396,62.638333257039385,0.11398960794795787,60.775833193461104,0.0262644327185637,59.66587070887465,7571433.5,1.233469989533686,0.022106018111587744,6269.TW,2026-06-08,0.04179561773568885,0.29092072746572395,bull,0.17330861909175163,0.2659870250231696,2026-03-31,2026-05-15,5467013000.0,-75600000.0,-999753000.0,-981765000.0,-164328000.0,-829726000.0,-2.6,17426263000.0,6996989000.0,34912338000.0,12380381000.0,22531957000.0,3093415000.0,100000000.0,730035000.0,2916556000.0,0.1673801775373944,-832414165.3664573,27915349000.0,-0.0298192283165242,-0.036824408993857,-0.0237659821006545,0.549458753183312,-0.0138283922134445,-0.1828700608540715,-0.1517695311864083,0.0572209060440906,,,18.580859061451324,18.580859061451324,False,75.45645134471974,75.45645134471974,61.237553273902634,885.0,True,True,True,True,True,True,True,True,True,False,True,True,True,True,False,False,False,13,False,0.029720885696641552,0.06127709997301323,1.0,488357460.75,0.24374420759962928,1.0,3.0,,,,,,-0.01568255779998444,-0.1866090129197988,0.20012551129296283,-1.7577246851033173,0.275177304964539,-1.7577246851033173,0.18328388547630065,-885.0,0.10638297872340426,0.14184397163120568,0.09219858156028368,0.10425531914893615,0.11418439716312057,台郡
69.5,76.0,69.5,75.5,431909.0,-0.0679012345679012,78.18000030517578,0.05153198873229847,75.38000030517578,0.2541528080258695,70.32499993642172,0.19627983095547608,65.51515401204428,0.023558963088161786,58.33332671059397,480812.1,0.898290621221887,0.0015919301451101653,6277.TW,2026-06-08,0.04179561773568885,0.29092072746572395,bull,0.2706209453197405,0.22150139017608897,2026-03-31,2026-05-15,1293181000.0,778857000.0,186537000.0,183859000.0,52118000.0,128893000.0,1.08,3416718000.0,1638244000.0,7019344000.0,2304220000.0,4715124000.0,897714000.0,266856000.0,200000000.0,,0.2834672221648111,133659874.77904265,5381100000.0,0.0248387643379685,0.0273360785421549,0.01836254214069,0.4886870419526612,0.6022799592632431,0.1442466290488338,0.0996712757146911,0.0734456101555489,,,66.12491163281756,66.12491163281756,False,68.51352740986916,68.51352740986916,67.91637346560626,199.0,True,False,True,True,True,True,True,True,True,False,True,True,True,True,True,False,False,12,False,0.07358691885185653,0.15240513646842846,1.0,36301313.55,0.5458758109360519,1.0,3.0,,,,,,0.027427844819124886,-0.055584457526046696,0.24148509706320942,-1.1382107673539157,0.752836879432624,-1.1382107673539157,0.8049315155078907,-199.0,0.7163120567375887,0.5390070921985816,0.8723404255319149,0.7397163120567376,0.6943262411347518,宏正
57.5,59.400001525878906,57.5,58.79999923706055,45010207.0,-0.10638303176355646,64.16000061035156,0.06137179815046401,58.0100004196167,0.2510638135544798,51.49666690826416,0.565912128675278,49.450000031789145,0.058769849536720625,58.26446124662391,64236855.05,0.7006913237730183,0.013618321181337212,6282.TW,2026-06-08,0.04179561773568885,0.29092072746572395,bull,0.24374420759962928,0.22520852641334568,2026-03-31,2026-05-15,8580758000.0,2092911000.0,251481000.0,326114000.0,94803000.0,234317000.0,0.27,27978457000.0,20641141000.0,52017787000.0,29225863000.0,22791924000.0,7279707000.0,3526891000.0,6387819000.0,0.0,0.2907050908577982,178374193.04599005,31376646000.0,0.005684935000573,0.0102807029367068,0.004504555336043,1.2822902972122934,0.2439074729761636,0.0293075506849161,0.0273072612000012,0.2054292908894874,,,32.620269081591935,32.620269081591935,False,70.15283320637104,70.15283320637104,60.76969217517627,638.0,True,False,True,True,True,True,True,True,True,False,True,True,False,True,False,False,False,11,False,0.14182145694606785,0.18907986247241082,1.0,3777127027.9311686,0.061167747914735865,1.0,3.0,,,,,,-0.06141378326652496,-0.22420199835162638,0.2144230670004516,-1.635954879366197,0.20957446808510638,-1.635954879366197,0.22613564679593465,-638.0,0.2765957446808511,0.1276595744680851,0.14184397163120568,0.25638297872340426,0.20496453900709222,康舒
353.0,376.0,353.0,372.0,1962246.0,-0.009320905459387463,382.7,0.0362116991643453,357.175,0.345388788426763,316.8333333333333,0.2783505154639174,302.01666666666665,0.023350762839338256,70.0,1987732.15,0.9871782775159118,0.04150626443620076,6414.TW,2026-06-08,0.04179561773568885,0.29092072746572395,bull,0.32252085264133457,0.1742354031510658,2026-03-31,2026-05-15,37112748000.0,7463263000.0,1991965000.0,2414012000.0,571474000.0,751782000.0,5.15,113547832000.0,89321445000.0,170294132000.0,107066225000.0,63227907000.0,26537871000.0,13786805000.0,9111537000.0,0.0,0.236732046071022,1520403049.848137,80972687000.0,0.0187767394930112,0.0118900345697035,0.0044146089543472,1.693338117296845,0.2010970192775808,0.0536733361808724,0.0202567053240034,0.0767958564505,,,30.957982203301764,30.957982203301764,False,64.4273447116667,64.4273447116667,56.06000408457547,665.0,True,False,True,True,True,True,True,True,False,True,True,True,True,True,False,False,False,12,False,0.17411888479747506,0.231720103747034,1.0,739436359.8,0.1974050046339203,2.0,3.0,,,,,,0.003947615722489942,-0.1183075468101547,0.18229756228383956,-1.6957504225924713,0.4230496453900709,-1.6957504225924713,0.41395319676576803,-665.0,0.24822695035460993,0.03546099290780142,0.3333333333333333,0.26099290780141843,0.20141843971631207,樺漢
907.0,956.0,907.0,926.0,3864223.0,-0.037422037422037424,920.4,0.3116147308781869,852.55,0.3820895522388059,714.4666666666667,0.7842003853564548,656.7875,0.07645202020202015,69.93865030674846,3643596.05,1.0605519785871982,0.08615330479150796,6446.TW,2026-06-08,0.04179561773568885,0.29092072746572395,bull,0.05931417979610751,0.15940685820203893,2026-03-31,2026-05-15,5121378000.0,4500097000.0,2087077000.0,2335581000.0,185954000.0,2149627000.0,5.79,30923112000.0,4737365000.0,40089669000.0,5635458000.0,34454211000.0,24175410000.0,,43340000.0,,0.0796178766653779,1920908360.822853,35352304000.0,0.0543361575761187,0.0623908351870254,0.0536204726459577,0.1635636932739513,0.8786887044853944,0.4075225456898514,0.4197360554132111,0.572274143110902,,,96.8555062833974,96.8555062833974,False,76.98761136441982,76.98761136441982,81.95458509416422,13.0,True,True,True,True,True,True,True,True,True,True,True,True,True,True,True,False,True,15,True,0.2960716618456658,0.4098928496659877,1.0,3373969942.2999997,0.06765523632993513,3.0,0.0,,,,,,-0.04570208882937317,-0.15599197872202025,0.17697046181506781,-1.5728642264669557,0.27482269503546103,-1.5728642264669557,0.28320131216463107,-13.0,0.9645390070921985,0.9787234042553191,0.1773049645390071,0.8464539007092198,0.8113475177304964,藥華藥
74.30000305175781,79.5999984741211,74.30000305175781,78.9000015258789,10875048.0,-0.05959475457765939,84.28000030517578,0.18468473473820346,75.32499961853027,0.24841773059195837,69.38666648864746,0.8499413529447226,57.08208332061768,0.04494694009283676,57.71428789411272,17345919.5,0.6269513703208411,0.04746102788521189,6456.TW,2026-06-08,0.04179561773568885,0.29092072746572395,bull,0.11214087117701575,0.22798887859128822,2026-03-31,2026-05-15,16077548000.0,800198000.0,-321382000.0,-168765000.0,35055000.0,-204281000.0,-0.61,48460202000.0,21858214000.0,65064356000.0,34876805000.0,30187551000.0,14348545000.0,1461966000.0,12303221000.0,,0.0,-321382000.0,43206142000.0,-0.0074383405951866,-0.0067670610312178,-0.0031396760462825,1.1553373441919816,0.0497711466947571,-0.0199894909348117,-0.0127059797924409,0.0586329107922949,,,15.425580971724914,15.425580971724914,False,76.24034632824467,76.24034632824467,61.03665498911473,954.0,True,True,True,True,True,True,True,True,True,False,True,True,False,True,False,False,False,12,False,0.13710609716043853,0.38222007565341864,1.0,1368593075.0177727,0.14272474513438368,1.0,3.0,,,,,,-0.0651364603445489,-0.2448847808710409,0.1861042333099187,-1.6367417769603827,0.1524822695035461,-1.6367417769603827,0.36756739973129177,-954.0,0.06382978723404255,0.1347517730496454,0.2765957446808511,0.09574468085106383,0.1276595744680851,GIS-KY
307.0,320.0,307.0,320.0,661307.0,-0.007751937984496138,324.4,0.12084063047285465,310.775,0.13879003558718872,292.8,0.049180327868852514,289.2291666666667,0.03488178488178477,64.94845360824743,611971.45,1.0806174046191208,0.02968385487893177,6491.TW,2026-06-08,0.04179561773568885,0.29092072746572395,bull,0.16126042632066728,0.3253012048192771,2026-03-31,2026-05-15,1885667000.0,1005547000.0,542809000.0,566411000.0,88526000.0,472275000.0,6.06,6983966000.0,4705377000.0,16639674000.0,5326767000.0,11312907000.0,1204500000.0,831456000.0,457203000.0,,0.1562928686060122,457971824.2848391,11934297000.0,0.0383744282788369,0.0417465643446021,0.0283824671084301,0.4708574904752598,0.5332579930602805,0.2878604758952667,0.2504551439888379,0.1833499738625503,,,86.74813401220891,86.74813401220891,False,70.78795269247124,70.78795269247124,74.77799802240565,52.0,True,False,True,True,True,True,True,True,True,False,True,True,True,True,True,False,False,12,False,0.09289617486338786,0.10638910898220844,1.0,195830864.0,0.3382761816496756,2.0,2.0,,,,,,0.01307116591008124,-0.11678692001294483,0.24006876273515254,-1.397110001130713,0.6039007092198582,-1.397110001130713,0.5548472511694535,-52.0,0.900709219858156,0.8226950354609929,0.5886524822695035,0.8539007092198581,0.8148936170212766,晶碩
114.0,120.5,113.5,119.0,2212254.0,0.03067645847434375,116.79581604003906,0.13421474105512243,113.06181716918945,0.485604203239103,94.28891639709472,0.655953454507157,84.45197480519613,0.034398584557313594,64.37733139561419,1979262.25,1.117716462282853,0.05252155837832029,6525.TW,2026-06-08,0.04179561773568885,0.29092072746572395,bull,0.1519925857275255,0.12048192771084337,2026-03-31,2026-05-15,1357265000.0,354799000.0,259528000.0,263032000.0,54316000.0,208716000.0,1.62,4515911000.0,2461742000.0,7258717000.0,2873578000.0,4385139000.0,1712193000.0,,,,0.2064995894035706,205935574.5612701,4796975000.0,0.0429302997329087,0.0475962107472533,0.0287538417601898,0.6552991820783788,0.2614073154468729,0.1912139486393593,0.1537768969213823,0.1176875549161651,,,76.8341855135769,76.8341855135769,False,79.03335084638229,79.03335084638229,78.48355951318095,101.0,True,True,True,True,True,True,True,True,True,True,True,True,True,True,True,False,False,14,False,0.26207834968465793,0.4090848707149264,1.0,235532207.75,0.3169601482854495,2.0,3.0,,,,,,-0.018376353106905843,-0.14374100161741285,0.2704538865522929,-1.2136229883725203,0.5510638297872341,-1.2136229883725203,0.5888802437105058,-101.0,0.8368794326241135,0.9148936170212766,0.6524822695035462,0.8092198581560284,0.823404255319149,捷敏-KY
148.0,151.5,147.5,149.5,660348.0,-0.10746268656716418,162.5,0.07553956834532372,158.425,0.37155963302752304,131.925,0.365296803652968,121.5125,0.04415884000659098,50.413223140495866,1045441.1,0.6316453408996452,-0.05633580558623963,6579.TW,2026-06-08,0.04179561773568885,0.29092072746572395,bull,0.21686746987951808,0.164967562557924,2026-03-31,2026-05-15,2410208000.0,839483000.0,209639000.0,579998000.0,59278000.0,478353000.0,3.81,8204597000.0,3230317000.0,16153300000.0,3705611000.0,12447689000.0,2371477000.0,604174000.0,110376000.0,,0.102203800702761,188213097.42447388,12922983000.0,0.0145642145799057,0.0384290610088346,0.0296133297840069,0.2976946965818314,0.3483031340033723,0.0869796299738445,0.1984695926658612,0.2307120407887111,,,67.71294718591793,67.71294718591793,False,64.36978683966635,64.36978683966635,65.20557692622924,183.0,True,False,True,True,False,True,True,True,True,True,True,True,False,True,True,False,False,11,False,0.13321963236687506,0.23032609813805172,1.0,156293444.45,0.36422613531047265,2.0,3.0,,,,,,0.007548156405437481,-0.15159366667921567,0.27180508759853766,-1.0930640713652477,0.6475177304964539,-1.0930640713652477,0.5581643811229554,-183.0,0.7304964539007093,0.3262411347517731,0.5957446808510638,0.7102836879432625,0.5822695035460994,研揚
197.5,218.0,197.5,217.0,3446610.0,-0.013636363636363669,218.1,0.038277511961722466,203.575,1.3174278532877595,173.0638532002767,1.5144880469844089,132.65555585225422,0.0030795762503079576,76.38888888888889,5271096.35,0.6538696641354318,0.06594621146997426,6672.TW,2026-06-08,0.04179561773568885,0.29092072746572395,bull,0.3178869323447637,0.013901760889712697,2026-03-31,2026-05-15,1245827000.0,423777000.0,145352000.0,148482000.0,24894000.0,123588000.0,1.73,4606299000.0,1439948000.0,6456499000.0,2742865000.0,3713634000.0,1563255000.0,30000000.0,69263000.0,896840000.0,0.1676566856588677,120982765.42611226,5016551000.0,0.0241167219123481,0.0332795315855035,0.0191416431722517,0.7385932485538425,0.3401571807321562,0.1166710947828229,0.0992015745364324,0.2185628742514969,,,64.4879602565514,64.4879602565514,False,70.61136562991213,70.61136562991213,69.08051428657194,216.0,True,False,True,True,True,True,True,False,False,True,True,True,False,True,True,False,False,10,False,0.2538724637598273,0.6358153912655178,1.0,1143827907.9499998,0.1556997219647822,2.0,3.0,,,,,,0.0017219072473316005,-0.16348974499887048,0.2812240095843376,-1.3472871187466113,0.5780141843971631,-1.3472871187466113,0.5111434941612403,-216.0,0.7021276595744681,0.5886524822695035,0.475177304964539,0.6680851063829787,0.6226950354609929,騰輝電子-KY
41.20000076293945,42.5,41.20000076293945,41.20000076293945,1383321.0,0.04303799399846708,43.49000015258789,0.32051281267526055,35.98000020980835,0.3442088507574037,32.682500171661374,0.3574958894595015,32.57333340644836,0.09154342060259282,72.29437808494076,2007033.45,0.689236644262207,0.1450806148608108,6698.TW,2026-06-08,0.04179561773568885,0.29092072746572395,bull,0.05375347544022243,0.17608897126969417,2026-03-31,2026-05-15,166697000.0,34273000.0,-27457000.0,-23591000.0,741000.0,-23244000.0,-0.35,1277126000.0,942322000.0,2811306000.0,998034000.0,1813272000.0,650618000.0,647598000.0,22386000.0,,0.0,-27457000.0,1868984000.0,-0.0146908694777483,-0.0128188159305388,-0.0082680433933552,0.5504050136989928,0.2056005806943136,-0.164712022411921,-0.1394386221707649,-0.0978672049615491,,,17.347219068153283,17.347219068153283,False,78.98517145505097,78.98517145505097,63.57568335832655,904.0,True,True,True,True,True,True,True,False,True,True,True,True,False,True,False,False,False,12,False,0.260613494883831,0.2648383341320333,1.0,82689779.671245,0.4448563484708063,1.0,3.0,,,,,,-0.017111676926625265,-0.16264181174109396,0.22629066040130857,-1.3811489957098315,0.42907801418439717,-1.3811489957098315,0.3412749671439156,-904.0,0.07801418439716312,0.24113475177304963,0.24822695035460993,0.10354609929078014,0.16099290780141845,旭暉應材
274.5,287.0,274.0,285.0,1390384.0,-0.07766990291262132,299.6,0.06145251396648055,291.775,0.4690721649484537,239.9,0.5921787709497206,213.72083333333333,0.038252824481807675,53.02013422818792,2779596.1,0.5002108040085392,-0.02321994687687423,8016.TW,2026-06-08,0.04179561773568885,0.29092072746572395,bull,0.2428174235403151,0.12511584800741427,2026-03-31,2026-05-15,5328772000.0,1669417000.0,614352000.0,795608000.0,114691000.0,541690000.0,4.6,16315655000.0,7568958000.0,23295165000.0,7934322000.0,15360843000.0,6140979000.0,0.0,,,0.1441551618384933,525789988.014198,15726207000.0,0.0334339989302059,0.0352643406354716,0.0232533231681338,0.5165290733067189,0.3132836233188434,0.1152896014316244,0.1016538144247868,0.2299945941628962,,,70.50462844759238,70.50462844759238,False,65.72106356936955,65.72106356936955,66.91695478892525,160.0,True,False,True,True,False,True,True,True,True,True,True,True,False,True,True,False,False,11,False,0.1879949979157982,0.3335152944846276,1.0,792184888.5,0.1881371640407785,2.0,3.0,,,,,,0.007340419513197241,-0.11728833778234232,0.2597765259292664,-1.44935993849044,0.6024822695035461,-1.44935993849044,0.5910083516520233,-160.0,0.7588652482269503,0.4397163120567376,0.6595744680851063,0.7439716312056737,0.6432624113475177,矽創
38.79999923706055,40.59999847412109,38.79999923706055,40.25,2663072.0,-0.030120481927710885,42.24999923706055,0.15994233760905563,37.5625,0.15994233760905563,35.45166670481364,0.2942122027748304,35.06250007947286,0.05409007884915554,66.83417470740409,4224747.1,0.6303506309288904,0.07154742096505817,8104.TW,2026-06-08,0.04179561773568885,0.29092072746572395,bull,0.1278962001853568,0.3030583873957368,2026-03-31,2026-05-15,461998000.0,86702000.0,-16219000.0,-49570000.0,165000.0,-40294000.0,-0.39,2650272000.0,2408158000.0,8357348000.0,5229545000.0,3127803000.0,568648000.0,800906000.0,2706264000.0,0.0,0.0,-16219000.0,5949190000.0,-0.0027262534899709,-0.0128825248904742,-0.0048213859229028,1.671954723491217,0.187667479079996,-0.0351062125810068,-0.0872168277784752,-0.4043708026976189,,,10.604959036947289,10.604959036947289,False,73.06652304840729,73.06652304840729,57.45113204554229,1031.0,True,False,True,True,True,True,True,True,True,False,True,True,False,True,False,False,False,11,False,0.1353485954592606,0.1479500865246095,1.0,170046070.77499998,0.3540315106580167,1.0,3.0,,,,,,0.10937823673378924,-0.10103236419134047,0.4317289593923485,-0.8218542632507845,0.9109929078014184,-0.8218542632507845,0.5314608990178125,-1031.0,0.02127659574468085,0.05673758865248227,0.5177304964539007,0.09574468085106382,0.13120567375886524,錸寶
18.5,20.600000381469727,18.5,19.700000762939453,15556472.0,0.020725468481408438,20.39000015258789,0.4646840923647415,17.477500009536744,0.5271318872475999,14.8,0.8240741125023081,13.621666638056437,0.10845093015695441,69.6078518453555,16335819.45,0.9522921116760996,0.1271635389609489,8105.TW,2026-06-08,0.04179561773568885,0.29092072746572395,bull,0.025023169601482854,0.10936051899907322,2026-03-31,2026-05-15,2127313000.0,184229000.0,11272000.0,193328000.0,3672000.0,189656000.0,0.43,5147644000.0,2542344000.0,10820597000.0,2769008000.0,8051589000.0,2373786000.0,,27742000.0,,0.0189936274104113,11057903.831829844,8278253000.0,0.0013357774680031,0.023555101980491,0.0175273138811102,0.343908264567404,0.0866017365568677,0.0052987031057488,0.0891528421064507,0.0389918719517377,,,32.04706238803459,32.04706238803459,False,81.95101210880591,81.95101210880591,69.47502467861308,650.0,True,True,True,True,True,True,True,True,True,True,True,False,True,True,False,False,False,13,False,0.3310811326310441,0.4462254352856694,1.0,321815655.6282411,0.2808155699721965,0.0,3.0,,,,,,-0.054664751952950834,-0.20039735515407603,0.2051629341221952,-1.5711729993136894,0.24113475177304966,-1.5711729993136894,0.33682124912142974,-650.0,0.2695035460992908,0.5957446808510638,0.24113475177304963,0.2652482269503546,0.3617021276595745,凌巨
36.59999847412109,39.54999923706055,36.34999847412109,39.0,3501346.0,-0.06698562890350546,40.51999969482422,0.2913906958525525,36.2149995803833,0.36125656262750994,30.661666520436604,0.22834645669291342,30.705416599909466,0.08778253284047752,72.86245142289577,6252870.15,0.5599582137492491,0.07690184873356354,8163.TW,2026-06-08,0.04179561773568885,0.29092072746572395,bull,0.06487488415199258,0.1686746987951807,2026-03-31,2026-05-15,6024739000.0,1083613000.0,78937000.0,60349000.0,27879000.0,56888000.0,0.2,20417805000.0,15085268000.0,33141639000.0,20413316000.0,12728323000.0,6008622000.0,5347539000.0,4835856000.0,,0.4,47362200.0,18056371000.0,0.0026230187671708,0.0044694026070834,0.0017165113650534,1.6037710545214794,0.1798605715533901,0.0131021443418544,0.0094424007413433,0.0987348591424719,,,20.297029833794337,20.297029833794337,False,75.24537340002433,75.24537340002433,61.508287508466836,855.0,True,True,True,True,True,True,True,False,True,True,True,True,False,True,False,False,False,12,False,0.2719465190845296,0.2701342081812037,1.0,243861935.85000002,0.3132530120481928,1.0,3.0,,,,,,-0.04145536198556835,-0.17231466579197488,0.24526805470477012,-1.7048334046043914,0.3141843971631205,-1.7048334046043914,0.3891562197751139,-855.0,0.1276595744680851,0.16312056737588654,0.2907801418439716,0.15212765957446805,0.17092198581560283,達方
63.79999923706055,67.69999694824219,63.59999847412109,66.9000015258789,8608968.0,-0.0044642177974254516,69.34000091552734,0.2990291558423088,63.73000011444092,0.4638949761272577,51.46709861755371,0.6277373238347681,47.18479928970337,0.08986747024055826,65.23076800284329,13860874.75,0.621098462779198,0.04974111730339814,8926.TW,2026-06-08,0.04179561773568885,0.29092072746572395,bull,0.06209453197405004,0.12882298424467098,2026-03-31,2026-05-15,13705478000.0,1167742000.0,1158449000.0,2000219000.0,215282000.0,1543873000.0,2.11,25838478000.0,15258593000.0,79198716000.0,50673668000.0,28525048000.0,9791059000.0,,27061536000.0,6097731000.0,0.1076292146010012,1033766043.9746848,63940123000.0,0.0161677206028315,0.0541234146214232,0.019493661993207,1.776462146531708,0.0852025737446005,0.0845245236977506,0.1126464177316544,5.978828992827919,,,50.60223107136166,50.60223107136166,False,79.3608292067857,79.3608292067857,72.17117967292968,359.0,True,True,True,True,True,True,True,True,True,True,True,True,False,True,False,False,False,13,False,0.29985958647106536,0.41782952418911257,1.0,927292541.9250164,0.17979610750695088,1.0,3.0,,,,,,-0.04074519392496965,-0.1884577858566264,0.22117029815165032,-1.1197923171104558,0.3734042553191489,-1.1197923171104558,0.39569065498539835,-359.0,0.524822695035461,0.7163120567375887,0.2978723404255319,0.4907801418439716,0.5368794326241134,台汽電
41.400001525878906,42.59999847412109,40.650001525878906,41.79999923706055,8581538.0,0.05422440424821606,41.89000015258789,0.14677636110122405,39.399999618530266,0.2941176540060051,37.23249994913737,0.18581558119320696,34.490833361943565,0.03357817762572646,66.54275282720107,6546886.35,1.3107815748168594,0.06091369649154843,9933.TW,2026-06-08,0.04179561773568885,0.29092072746572395,bull,0.1417979610750695,0.1974050046339203,2026-03-31,2026-05-15,17199079000.0,2244665000.0,1663896000.0,1662544000.0,521286000.0,892046000.0,1.0,85054850000.0,82656832000.0,140062416000.0,114248656000.0,25813760000.0,42421531000.0,1206000000.0,17821605000.0,10618678000.0,0.3135471903300003,1142186084.198674,57405584000.0,0.0198967766654664,0.0345569959587444,0.0063689176973785,4.425882010214707,0.1305107674660951,0.0967433198021824,0.0518659167737993,-0.2275882612996864,,,23.64577886729635,23.64577886729635,False,77.31830963055715,77.31830963055715,63.90017693974195,797.0,True,True,True,True,True,True,True,True,True,True,True,True,True,True,False,False,False,14,False,0.12267506329585043,0.21191618649556188,1.0,273659844.4351221,0.30213160333642264,1.0,3.0,,,,,,0.07925082288877965,-0.05422871617643892,0.29663893315485185,-0.8183336994702132,0.9092198581560283,-0.8183336994702132,0.9344366863032814,-797.0,0.15602836879432624,0.2695035460992908,0.9645390070921985,0.2773049645390071,0.3517730496453901,中鼎
68.0,69.0,66.19999694824219,67.9000015258789,170162.0,-0.05694442325168181,70.12000122070313,0.21033874104651096,66.5400001525879,0.1469594704530115,60.64833323160807,0.31844663157046416,57.63083337148031,0.050106531885713006,59.24528323615215,215789.85,0.7885542345944445,0.020438854375898652,6792.TW,2026-06-08,0.04179561773568885,0.29092072746572395,bull,0.10287303058387395,0.3123262279888786,2026-03-31,2026-05-15,338152000.0,109027000.0,26461000.0,29884000.0,5216000.0,24668000.0,0.53,1506202000.0,473365000.0,1935964000.0,509836000.0,1426128000.0,735169000.0,,,,0.1745415607013786,21842455.76228081,1462599000.0,0.0149340015700002,0.0172971851054042,0.0127419724746947,0.3574966622911828,0.3224200951051598,0.0782517920934964,0.0729494428541011,0.0450885917116605,,,47.3547248751837,47.3547248751837,False,73.85920595425576,73.85920595425576,67.23308568448775,400.0,True,False,True,True,True,True,True,True,True,False,True,True,False,True,False,False,False,11,False,0.11956912758966776,0.17818878460779786,1.0,14652131.144269181,0.670064874884152,1.0,3.0,,,,,,0.026150524379078343,-0.06593199269629553,0.22610521782959805,-1.0602111839887456,0.7187943262411347,-1.0602111839887456,0.6940832346430105,-400.0,0.48226950354609927,0.48936170212765956,0.75177304964539,0.5226950354609929,0.5382978723404255,詠業
670.0,730.0,670.0,715.0,965861.0,-0.061679790026246684,717.4,0.20370370370370372,741.3,1.466813115726203,534.0536239624023,1.813708619861313,398.34749170939125,0.05801755512738169,47.593582887700535,1417354.0,0.6814536100367304,-0.03547821394846884,6831.TW,2026-06-08,0.04179561773568885,0.29092072746572395,bull,0.10658016682113068,0.009267840593141797,2026-03-31,2026-05-15,854383000.0,155509000.0,55957000.0,55735000.0,11147000.0,44588000.0,0.66,3596183000.0,2191667000.0,5114412000.0,2438729000.0,2675683000.0,1447373000.0,496322000.0,,,0.2,44765600.0,2922745000.0,0.0153162865730674,0.0166641564041779,0.0087181087483761,0.9114416767606626,0.1820132188959752,0.065494046580983,0.0521873679602707,0.5068217491754996,,,44.89172928329525,44.89172928329525,False,71.57089898053754,71.57089898053754,64.90110655622696,433.0,True,False,True,True,False,True,True,False,True,True,True,True,False,True,False,False,False,10,False,0.33881686766783625,0.7949152809568036,1.0,1013408110.0,0.16682113067655235,3.0,3.0,,,,,,-0.10960090036783575,-0.3409319470488084,0.1725014704378332,-2.014971459545632,0.06489361702127659,-2.014971459545632,0.03679949375911584,-433.0,0.41843971631205673,0.3191489361702128,0.0070921985815602835,0.35673758865248223,0.30638297872340425,邁科
168.5,192.0,168.5,188.5,1210141.0,-0.08573045767962362,195.88382873535156,0.07484944886447042,199.9013786315918,2.226376316714394,129.13561414082844,2.8018220441023614,91.75068403879801,0.044984016013774636,52.54759692236299,1448775.7,0.8352852687962671,-0.05703501751533169,6658.TW,2026-06-08,0.04179561773568885,0.29092072746572395,bull,0.21872103799814643,0.0027803521779425394,2026-03-31,2026-05-15,619418000.0,148657000.0,71812000.0,75374000.0,20361000.0,59134000.0,1.63,1900161000.0,1150038000.0,3325098000.0,1869328000.0,1455770000.0,828525000.0,220000000.0,677495000.0,,0.2701329370870592,52413213.5219041,2175060000.0,0.0240973644505917,0.040620427677449,0.017784137490083,1.284081963496981,0.2399946401299284,0.1159346354158258,0.095467035184641,0.2731918077400577,,,60.06362344472481,60.06362344472481,False,68.97730108045481,68.97730108045481,66.7488816715223,262.0,True,False,True,True,False,True,True,True,True,True,True,True,True,True,True,False,False,12,False,0.45970576168423927,1.0544805957009569,1.0,273094219.45,0.3030583873957368,2.0,3.0,,,,,,-0.04278634342294885,-0.22158781148789058,0.2983507951885594,-1.1368011836792815,0.45780141843971633,-1.1368011836792815,0.41874634690633405,-262.0,0.6453900709219859,0.41843971631205673,0.3617021276595745,0.6028368794326242,0.5205673758865248,聯策
216.0,223.5,215.5,219.5,1697703.0,-0.09856262833675566,235.1,0.15526315789473677,231.625,0.2614942528735633,191.125,0.08128078817733986,190.97083333333333,0.05284090909090909,53.2319391634981,3224054.0,0.5265739965893872,-0.052347544522396094,6719.TW,2026-06-08,0.04179561773568885,0.29092072746572395,bull,0.13438368860055608,0.21686746987951808,2026-03-31,2026-05-15,979142000.0,408002000.0,180566000.0,268352000.0,47304000.0,221048000.0,2.1,14908994000.0,1017284000.0,17038124000.0,2715804000.0,14322320000.0,1259784000.0,,,1574570000.0,0.1762759360839494,148736559.32506558,16020840000.0,0.0092839426225507,0.0154338123991085,0.0129737287978418,0.1896203966955074,0.4166933907441413,0.1844124754121465,0.2257568360871048,0.0001000976462752,,,56.08528559586582,56.08528559586582,False,66.91562388777103,66.91562388777103,64.20803931479473,299.0,True,False,True,True,False,True,True,True,True,False,True,True,False,True,False,False,False,10,False,0.1484630477436233,0.14939017738310834,1.0,707679853.0,0.20481927710843373,2.0,3.0,,,,,,-0.020594151202637186,-0.1665272821077302,0.19252653348348026,-1.5528460243707902,0.325177304964539,-1.5528460243707902,0.2958429204202491,-299.0,0.5957446808510638,0.28368794326241137,0.19148936170212766,0.5351063829787234,0.42127659574468085,力智
63.70000076293945,66.80000305175781,63.70000076293945,66.5,589668.0,-0.17698022910466604,74.14000091552734,0.209090909090909,65.37500057220458,0.725032459561487,51.0241668065389,0.9275362318840579,43.92625007629395,0.08281573762555962,62.1722825572926,889450.05,0.6629579704897425,0.01720840409864155,8162.TW,2026-06-08,0.04179561773568885,0.29092072746572395,bull,0.10379981464318813,0.07043558850787766,2026-03-31,2026-05-15,283364000.0,49507000.0,10055000.0,9662000.0,1663000.0,,0.12,680299000.0,480340000.0,2532102000.0,1144130000.0,1387972000.0,280410000.0,,630674000.0,,0.1721175740012419,8324357.793417512,2051762000.0,0.004057175146736,,,0.8243177816267186,0.1747116782654112,0.0354843946302282,,-0.0487246456603038,,,26.69824692116676,26.69824692116676,False,80.25661334812466,80.25661334812466,66.86702174138519,747.0,True,True,True,True,True,True,True,True,True,True,True,True,False,True,False,False,False,13,False,0.30330398636666867,0.5139011384877723,1.0,59148428.325,0.4819277108433735,1.0,3.0,,,,,,0.003636356143405179,-0.16181796287299538,0.2859954311958915,-1.478805108131336,0.5648936170212766,-1.478805108131336,0.5056997391361294,-747.0,0.19858156028368795,0.4326241134751773,0.45390070921985815,0.23687943262411348,0.3198581560283688,微矽電子-創
91.0,95.6999969482422,91.0,93.9000015258789,264320.0,-0.10571427118210563,100.58000030517579,0.34334763198988694,87.17500019073486,0.3132867346276771,73.76166693369548,0.06704547188498755,76.1766666730245,0.11555441942062604,73.17073340929389,339053.15,0.7795827881262863,0.07714369165965063,6906.TW,2026-06-08,0.04179561773568885,0.29092072746572395,bull,0.05097312326227989,0.1872103799814643,2026-03-31,2026-05-15,79546000.0,68595000.0,12297000.0,22124000.0,2698000.0,19426000.0,0.6,973521000.0,235665000.0,992783000.0,244741000.0,748042000.0,208512000.0,,,,0.1219490146447297,10797392.966913758,757118000.0,0.0142611758892454,0.0259691300755839,0.0195672166022182,0.3271754794516885,0.8623312297287105,0.1545897970985341,0.2442108968395645,0.0035830536701066,,,61.85711161944028,61.85711161944028,False,75.21918777423255,75.21918777423255,71.87866873553449,243.0,True,True,True,True,True,True,True,False,True,True,True,True,False,True,True,False,False,12,False,0.2730189735311408,0.23266093971962354,1.0,31837091.302354053,0.5690454124189064,1.0,3.0,,,,,,0.020774282205940544,-0.07590043404066553,0.24529119874817676,-1.3988720960136616,0.6804964539007092,-1.3988720960136616,0.6804964539007092,-243.0,0.6666666666666666,0.7021276595744681,0.7304964539007093,0.676241134751773,0.6900709219858155,現觀科
137.0,138.0,130.5,138.0,274752.0,-0.061224489795918324,142.7,0.34634146341463423,130.025,0.803921568627451,102.54166679382324,0.7058096093589752,89.87750015258788,0.08241415192507809,60.0,397353.15,0.6914554471255607,0.061334358777158204,6902.TW,2026-06-08,0.04179561773568885,0.29092072746572395,bull,0.05004633920296571,0.06209453197405004,2026-03-31,2026-05-15,303108000.0,270006000.0,54853000.0,59461000.0,1440000.0,58021000.0,1.64,1078196000.0,463883000.0,1330963000.0,573834000.0,757129000.0,350032000.0,217790000.0,71245000.0,,0.0242175543633642,53524594.49050638,867080000.0,0.061729707167166,0.0766329119608415,0.0435932478964479,0.7579078334075171,0.8907914010847618,0.1809684996766829,0.191420219855629,0.2658403354325711,,,94.24551695550784,94.24551695550784,False,85.94633197821184,85.94633197821184,88.02112822253585,20.0,True,True,True,True,True,True,True,True,True,True,True,True,False,True,True,False,False,13,False,0.34579439085451513,0.5354232123246978,1.0,54834734.7,0.4902687673772011,2.0,1.0,,,,,,-0.0017164660077979934,-0.1540912586307039,0.15101823294019795,-1.2835429593267258,0.40744680851063825,-1.2835429593267258,0.541626067048687,-20.0,0.9432624113475178,1.0,0.5531914893617021,0.8847517730496454,0.8822695035460993,GOGOLOOK
82.5999984741211,86.9000015258789,82.5999984741211,86.19999694824219,212673.0,0.008187098809850246,85.5199981689453,0.14323601066051017,83.07999992370605,0.14492440659468153,76.44500007629395,0.15805095282090798,74.33789552052816,0.03655645075846727,58.09522356305804,182988.2,1.1622224821054035,0.03755412888061249,2762.TW,2026-06-08,0.04179561773568885,0.29092072746572395,bull,0.1464318813716404,0.31417979610750696,2026-03-31,2026-05-15,2811384000.0,612346000.0,300545000.0,268722000.0,49567000.0,219155000.0,2.01,1768082000.0,6175503000.0,18389010000.0,15722554000.0,2666456000.0,945155000.0,399900000.0,210000000.0,,0.1844545664292465,245108102.3325221,12213507000.0,0.0200686094774025,0.0821896179798204,0.0119177160706313,5.896423567461829,0.21780944901159,0.1069028635006815,0.0779527094128728,0.0937717990146893,,,45.75420069554944,45.75420069554944,False,74.00638403937921,74.00638403937921,66.94333820342177,420.0,True,False,True,True,True,True,True,True,True,False,True,True,True,True,False,False,False,12,False,0.1276080431972335,0.15957004626850568,1.0,15773582.281564333,0.659870250231696,1.0,3.0,,,,,,0.07902962185036778,-0.04403808439998622,0.34875012983066794,0.48792000323223983,0.9684397163120566,0.48792000323223983,0.9046202339283853,-420.0,0.4326241134751773,0.44680851063829785,0.9432624113475178,0.5092198581560283,0.5390070921985816,世界健身-KY
205.0,212.0,205.0,211.0,2990679.0,-0.1576846307385229,231.5,0.08483290488431883,222.675,0.8268398268398269,161.075,2.3280756296807508,130.21916672388713,0.0673457159976034,59.12698412698413,4864048.5,0.6148538609349804,-0.052430672504771625,3135.TW,2026-06-08,0.04179561773568885,0.29092072746572395,bull,0.19833178869323448,0.05375347544022243,2026-03-31,2026-05-15,3957692000.0,1201316000.0,1085780000.0,1072659000.0,216689000.0,,10.76,7948978000.0,4505648000.0,8508159000.0,5249668000.0,3258491000.0,137324000.0,1281074000.0,402400000.0,339720000.0,0.2020110771456725,866440412.6567717,4002511000.0,0.2164742114779376,,,1.6110733465275795,0.3035395376901487,0.2743467657412451,,1.7796294475425265,,,81.91917630642855,81.91917630642855,False,75.62508070540198,75.62508070540198,77.19860460565863,77.0,True,True,True,True,False,True,True,True,True,True,True,True,False,True,True,False,False,12,False,0.3099487816234674,0.6203451865684118,1.0,1026314233.5,0.16404077849860982,2.0,2.0,,,,,,0.10801280052240902,-0.00907095276726869,0.4868550209263657,-0.9662446921102833,0.9539007092198581,-0.9662446921102833,0.938081612432207,-77.0,0.8794326241134752,0.8936170212765957,0.9787234042553191,0.8943262411347517,0.9035460992907802,凌航
6595.0,7270.0,6595.0,7035.0,941124.0,-0.06387225548902198,7279.0,0.10266457680250785,7381.0,0.6265895953757226,5451.833333333333,1.2840909090909092,4544.333333333333,0.05033974883489274,55.23465703971118,818641.55,1.14961670342777,-0.04687711692182628,7769.TW,2026-06-08,0.04179561773568885,0.29092072746572395,bull,0.18443002780352177,0.08526413345690455,2026-03-31,2026-05-15,10725197000.0,6031710000.0,5360051000.0,5798241000.0,1173975000.0,4624266000.0,25.7,77286071000.0,17571555000.0,80586222000.0,17867884000.0,62718338000.0,48124983000.0,,,,0.2024708872915079,4274796718.102266,63014667000.0,0.0678381227992883,0.0737306846364455,0.0573828364853733,0.2848909038374072,0.5623868727073265,0.4997624752253968,0.4311590733484895,0.8139417083414586,,,98.88047939936529,98.88047939936529,False,72.17636506882668,72.17636506882668,78.85239365146134,6.0,True,False,True,True,False,True,True,True,True,True,True,True,True,True,True,False,True,13,False,0.2903916113845497,0.5480818601921809,1.0,5759143304.25,0.04170528266913809,3.0,0.0,,,,,,-0.06438674670952625,-0.20448945359452397,0.13317830806069178,-1.5509933272641894,0.1524822695035461,-1.5509933272641894,0.14246144768465216,-6.0,0.9787234042553191,0.9219858156028369,0.06382978723404255,0.8414893617021276,0.7787234042553192,鴻勁
