Open,High,Low,Close,Volume,ret5,ma5,ret20,ma20,ret60,ma60,ret120,ma120,ma20_slope,rsi14,volume_ma20,volume_ratio,ma20_deviation,symbol,date,benchmark_ret20,benchmark_ret60,market_regime,rs20_rank_pct,rs60_rank_pct,period_date,as_of_date,revenue,gross_profit,operating_income,pretax_income,tax_expense,net_income_parent,eps,current_assets,current_liabilities,assets,liabilities,equity,cash,short_borrowings,long_borrowings,bonds_payable,tax_rate,nopat,invested_capital_proxy,roic_proxy,roe,roa,debt_to_equity,gross_margin,operating_margin,net_margin,revenue_growth,pe,pb,eva_like_score,fundamental_score,fundamental_pass,technical_score,score,final_score,fundamental_rank,pass_market,pass_score,pass_rs20,pass_rs60,pass_close_ma20,pass_ma20_ma60,pass_ma20_slope,pass_rsi,pass_ret20_benchmark,pass_ret60_benchmark,pass_ret5_cap,pass_ret20_cap,pass_volume_ratio,pass_ma20_deviation,pass_fundamental_score,pass_fundamental_filter,pass_fundamental_universe,entry_pass_count,entry_all_pass,close_ma60_ratio,close_ma120_ratio,above_ma120,turnover20,liquidity_rank,price_bucket,eva_rank_bucket,forward_60d_return,forward_60d_max_drawdown,reward_60,fwd60_rank_label,top_quantile_60,reg_forward60,reg_reward60,cls_topq60,rank_forward60,ensemble_score,ranker_score,stable_ensemble_score,fundamental_rank_score,fundamental_score_rank,final_score_rank,stable_ml_rank,fund_ml_85_15,fund_final_ml,name
16.0,16.149999618530273,15.949999809265137,16.0,241014.0,-0.009287902295562,15.95999984741211,0.032258064516129,15.594521760940552,0.0738255308477808,15.19067390759786,-0.0332325838317217,15.465753626823425,0.0062915277479496,64.95984999288223,267855.75,0.8997902789094503,0.0260013256754718,1110.TW,2026-07-22,-0.0307979748461393,0.1166666502593665,bull,0.2051756007393715,0.3459759481961147,2026-03-31,2026-05-15,582643000.0,83497000.0,44070000.0,33666000.0,8657000.0,25695000.0,0.05,2827051000.0,1931603000.0,12789768000.0,3130316000.0,9659452000.0,402347000.0,1166000000.0,483161000.0,,0.2571437058159567,32737676.884690788,10858165000.0,0.0030150284955782,0.0026600887917865,0.0020090278416309,0.3240676593247732,0.1433073082487904,0.0756380836979076,0.0441007615297875,-0.2132017328270251,,,22.850230007474945,22.850230007474945,False,67.96227708711395,67.96227708711395,56.6842653172042,814.0,True,False,True,True,True,True,True,True,True,False,True,True,True,True,False,False,False,12,False,0.0532778267327127,0.0345438305864378,1.0,4285692.0,0.7911275415896488,0.0,3.0,,,,,,0.042280150714473,0.0083392707614797,0.1441919763693703,-1.7588338729887611,0.3418439716312056,-1.7588338729887611,0.3693729609929078,-814.0,0.2624113475177305,0.1560283687943262,0.2411347517730496,0.2592198581560283,0.226241134751773,東泥
46.75,47.29999923706055,45.0,46.45000076293945,32680.0,0.0356745227035311,46.369999694824216,0.069044877959101,44.05999984741211,0.0777262739540429,43.31083335876465,0.1759493864035304,41.77750002543132,0.0184928296014723,73.42659693148862,31592.1,1.03443582414591,0.0542442334045474,1203.TW,2026-07-22,-0.0307979748461393,0.1166666502593665,bull,0.1256931608133087,0.3385753931544866,2026-03-31,2026-05-15,1323768000.0,456272000.0,208493000.0,249342000.0,68578000.0,116595000.0,0.49,5022031000.0,1735171000.0,10736920000.0,3144376000.0,7592544000.0,2426460000.0,788000000.0,42900000.0,0.0,0.2750358944742562,151149941.2533789,9001749000.0,0.0167911748320664,0.015356512915829,0.0108592594524314,0.4141399773251232,0.3446767107227248,0.1574996525070858,0.0880781224504596,-0.1421895108456875,,,48.49143294825629,48.49143294825629,False,67.57213833166678,67.57213833166678,62.80196198581415,390.0,True,False,True,True,True,True,True,False,True,False,True,True,True,True,False,False,False,11,False,0.072479958493792,0.111842516537941,1.0,1467453.0691028594,0.9140480591497228,1.0,3.0,,,,,,0.0715686649541678,0.0260314093966038,0.1971418254065386,-0.9392888687047788,0.7092198581560283,-0.9392888687047788,0.6480278694327505,-390.0,0.6170212765957447,0.4113475177304964,0.6950354609929078,0.6287234042553191,0.5709219858156028,味王
57.5,57.79999923706055,57.0,57.0,1626871.0,-0.0172413793103448,57.76000061035156,0.0401459998826354,57.14000015258789,0.0614524988859592,54.68499997456868,0.0898661726864609,53.722500038146975,0.0132103957538898,46.34147476113967,2783760.85,0.5844147854870507,-0.0024501251700039,1210.TW,2026-07-22,-0.0307979748461393,0.1166666502593665,bull,0.188539741219963,0.3681776133209991,2026-03-31,2026-05-15,26901827000.0,3784019000.0,1180916000.0,1208431000.0,239406000.0,788702000.0,0.94,32105270000.0,38581024000.0,76955549000.0,42538320000.0,34417229000.0,7061143000.0,20244237000.0,40800000.0,,0.1981130904453791,946961081.6836046,38374525000.0,0.0246768157178129,0.0229159064490636,0.0102487996024822,1.235960047800478,0.1406602979046739,0.0438972416260055,0.0293177857399796,0.0563562746423034,,,36.259563246145234,36.259563246145234,False,60.13936743037613,60.13936743037613,54.16941638431841,587.0,True,False,True,True,False,True,True,False,True,False,True,True,False,True,False,False,False,9,False,0.0423333642956553,0.0610079568062871,1.0,158674368.45000002,0.3142329020332717,1.0,3.0,,,,,,0.044057194820988,0.0043014585447494,0.1833899983635561,-1.411920519979925,0.4705673758865248,-1.411920519979925,0.5746927345906604,-587.0,0.4326241134751773,0.1134751773049645,0.5815602836879432,0.4549645390070922,0.3666666666666667,大成
79.30000305175781,79.30000305175781,75.5,76.80000305175781,28476414.0,-0.022900705563702,79.14000091552734,0.0226365461008968,77.43000030517578,0.0893617454150044,74.54166666666667,0.0281125326547291,73.35583318074545,0.013548010051027,60.21506699514098,18130477.1,1.5706378736166848,-0.0081363457437033,1216.TW,2026-07-22,-0.0307979748461393,0.1166666502593665,bull,0.2393715341959334,0.3126734505087881,2026-03-31,2026-05-15,175017371000.0,59125238000.0,10253052000.0,13286190000.0,3522350000.0,6544541000.0,1.15,241807588000.0,273723981000.0,749062049000.0,525351793000.0,223710256000.0,107370831000.0,48103130000.0,39421781000.0,54500000000.0,0.2651136255013664,7534828211.825964,475338068000.0,0.0158515143622495,0.0292545416424716,0.0087369811469383,2.348358105673975,0.3378249693854674,0.0585830534501629,0.0373936653407963,0.033984250237258,,,36.04802884719801,36.04802884719801,False,73.88518554169798,73.88518554169798,64.42589636807298,591.0,True,False,True,True,False,True,True,True,True,False,True,True,True,True,False,False,False,11,False,0.0302962958312953,0.0469515472958514,1.0,1392420696.6098251,0.099815157116451,1.0,3.0,,,,,,0.0726394444622838,0.0341241990166707,0.1966149568545346,-0.6149450837685252,0.7361702127659574,-0.6149450837685252,0.6056307465966845,-591.0,0.425531914893617,0.4893617021276595,0.6312056737588653,0.4563829787234042,0.4858156028368794,統一
92.5,93.0,90.6999969482422,90.8000030517578,434366.0,0.0294785282707135,91.21999969482422,0.0318182164972478,88.42499961853028,0.0570430900912461,87.29833323160807,-0.0360933546351653,88.90499998728434,0.010802465656703,59.602664733210815,400989.6,1.0832350764209346,0.0268589589309968,1231.TW,2026-07-22,-0.0307979748461393,0.1166666502593665,bull,0.2070240295748613,0.3811285846438483,2026-03-31,2026-05-15,3348538000.0,725357000.0,318581000.0,354651000.0,57607000.0,297767000.0,1.0,6292926000.0,4427766000.0,15442895000.0,7870046000.0,7572849000.0,537506000.0,1306551000.0,3311453000.0,,0.1624329270183927,266832955.67755345,11015129000.0,0.0242242243079997,0.0393203403369062,0.0192818121213671,1.0392450714387675,0.2166190140294062,0.0951403269128198,0.0889244798774868,0.0712253610565933,,,52.06784725613907,52.06784725613907,False,70.64034197020527,70.64034197020527,65.99721829168872,338.0,True,False,True,True,True,True,True,True,True,False,True,True,True,True,False,False,False,12,False,0.0401115312346178,0.0213149211489172,1.0,36409856.903723136,0.5092421441774492,1.0,3.0,,,,,,0.05727345077221,-0.0009429689550246,0.1631367149979251,-1.1495946328189546,0.5379432624113476,-1.1495946328189546,0.5553447152310649,-338.0,0.6737588652482269,0.5460992907801419,0.5319148936170213,0.652482269503546,0.6070921985815603,聯華食
187.0,187.0,183.5,183.5,74453.0,-0.026525198938992,185.7,0.0222841225626742,185.5923294067383,0.1650793650793651,183.3057764689128,0.1687898089171975,170.10288823445637,0.0076007508266453,56.56483655499729,121817.45,0.6111850149547541,-0.0112737924752956,1256.TW,2026-07-22,-0.0307979748461393,0.1166666502593665,bull,0.2412199630314233,0.2090656799259944,2026-03-31,2026-05-15,1141779000.0,346948000.0,151285000.0,174206000.0,58207000.0,115743000.0,3.24,2430207000.0,781250000.0,5176169000.0,991394000.0,4184775000.0,989715000.0,0.0,107227000.0,,0.3341274123738562,100736534.41902116,4394919000.0,0.022921135615701,0.0276581178199544,0.0223607459493691,0.2369049709960511,0.3038661597384433,0.1324993715946781,0.1013707556365986,0.5529168389441386,,,69.59406160604887,69.59406160604887,False,67.6087997275711,67.6087997275711,68.10511519719054,169.0,True,False,True,True,False,True,True,True,True,True,True,True,False,True,True,False,False,11,False,0.0010595603413521,0.0787588729656258,1.0,22353502.075,0.5656192236598891,2.0,3.0,,,,,,0.0767596737093016,0.0437323781334431,0.2335204220190165,-1.0734245879479578,0.7797872340425531,-1.0734245879479578,0.7819399219948717,-169.0,0.8865248226950354,0.624113475177305,0.8439716312056738,0.8801418439716311,0.799290780141844,鮮活果汁-KY
63.09999847412109,66.5,63.09999847412109,63.5,61343532.0,-0.0334854954403623,63.099999237060544,0.176192060623888,59.1382137298584,0.2624254664642982,51.74489803314209,0.4530892194824005,49.8907824198405,0.0542568176737156,56.3333328670925,76821791.2,0.7985173352740049,0.0737558001001874,1301.TW,2026-07-22,-0.0307979748461393,0.1166666502593665,bull,0.0369685767097966,0.1378353376503237,2026-03-31,2026-05-15,41985122000.0,1555468000.0,-1301844000.0,3378716000.0,110089000.0,3268627000.0,0.51,175217601000.0,95826345000.0,593528010000.0,203311522000.0,390216488000.0,10197694000.0,31910508000.0,18393084000.0,43127284000.0,0.0325830877765399,-1259425902.676638,497701665000.0,-0.0025304836034186,0.008376445128582,0.0055071149885579,0.521022376686451,0.0370480762209051,-0.0310072696704323,0.0778520305359598,-0.110526237291801,,,17.23451320303393,17.23451320303393,False,81.40619022923306,81.40619022923306,65.36327097268328,910.0,True,True,True,True,True,True,True,True,True,True,True,True,False,True,False,False,False,13,False,0.2271741256370605,0.2727801994692191,1.0,4878183741.2,0.0341959334565619,1.0,3.0,,,,,,-0.0080395903151568,-0.1015099219339444,0.1643453426276523,-1.6739128478575451,0.1709219858156028,-1.6739128478575451,0.1849684127576624,-910.0,0.1489361702127659,0.5177304964539007,0.1063829787234042,0.1425531914893616,0.251063829787234,台塑
203.0,212.0,196.5,208.0,114133169.0,-0.0857142857142857,202.0,0.3333333333333332,186.77554092407223,1.3690204187963944,129.76018040974935,1.6196473048203457,105.5075901667277,0.0814994552112494,53.83754676668392,77099753.05,1.480331187649634,0.1136361804705246,1303.TW,2026-07-22,-0.0307979748461393,0.1166666502593665,bull,0.0129390018484288,0.0074005550416281,2026-03-31,2026-05-15,68596393000.0,8188671000.0,3741833000.0,16080166000.0,1405348000.0,14254717000.0,1.8,193418745000.0,131197270000.0,647743623000.0,247168932000.0,400574691000.0,42831248000.0,24400300000.0,40333444000.0,51357530000.0,0.0873963614554725,3414810410.6259847,516546353000.0,0.0066108499088096,0.0355856655956329,0.0220067268805825,0.6170358176722652,0.1193746586646327,0.054548538725644,0.207805634911445,0.046448302712712,,,40.56631725411971,40.56631725411971,False,89.94097630111256,89.94097630111256,77.59731153936436,501.0,True,True,True,True,True,True,True,True,True,True,True,True,True,True,False,False,False,14,False,0.6029570808486038,0.9714221476512668,1.0,16036748634.4,0.011090573012939,2.0,3.0,,,,,,-0.1504363283733199,-0.2517774129641316,0.1263281094196892,-1.7147243343608958,0.0549645390070922,-1.7147243343608958,0.0870565281157835,-501.0,0.5177304964539007,0.9290780141843972,0.0354609929078014,0.4453900709219857,0.5446808510638298,南亞
68.80000305175781,73.5,68.30000305175781,70.5999984741211,93784621.0,-0.0028249232911827,67.67999877929688,0.2235701480175242,63.30999965667725,0.4007935781087246,54.07623348236084,1.0229225039365706,49.32895002365112,0.0549506054154908,60.6879557367698,70185453.25,1.336240156004122,0.1151476679351866,1326.TW,2026-07-22,-0.0307979748461393,0.1166666502593665,bull,0.0304990757855822,0.0814061054579093,2026-03-31,2026-05-15,81749811000.0,6327773000.0,3120431000.0,7294502000.0,759958000.0,6245039000.0,1.07,214839826000.0,114054227000.0,581165153000.0,170197763000.0,410967390000.0,16802058000.0,33492647000.0,26687136000.0,25800000000.0,0.1041823005874835,2795337319.595498,467110926000.0,0.0059843115714135,0.0151959477855408,0.0107457217070962,0.4141393384034679,0.0774041300230039,0.0381704980333226,0.0763920909859962,0.0359959953561419,,,29.94873186889634,29.94873186889634,False,94.10079953658447,94.10079953658447,78.06278261966244,685.0,True,True,True,True,True,True,True,True,True,True,True,True,True,True,False,False,False,14,False,0.3055642733910111,0.4312082142488622,1.0,4955092892.355497,0.033271719038817,1.0,3.0,,,,,,-0.0250538443820727,-0.1102958195120424,0.1730616327362575,-1.6555965931660743,0.1790780141843971,-1.6555965931660743,0.1612051781368478,-685.0,0.3475177304964539,0.9361702127659576,0.0780141843971631,0.3070921985815603,0.4702127659574469,台化
45.25,45.59999847412109,44.84999847412109,45.20000076293945,98564.0,0.0191657794377231,44.44000091552734,0.0203160618821407,44.41250038146973,0.0761904943557012,43.021666526794434,-0.0152505607771011,42.57208331425985,0.0035022381496601,58.49058776618335,97899.8,1.0067844878130496,0.0177315029486224,1339.TW,2026-07-22,-0.0307979748461393,0.1166666502593665,bull,0.2513863216266174,0.3422756706753006,2026-03-31,2026-05-15,394676000.0,97156000.0,-1039000.0,239290000.0,15507000.0,206388000.0,2.78,1829193000.0,837135000.0,5225726000.0,1066079000.0,4159647000.0,705809000.0,,152479000.0,,0.0648042124618663,-971668.4232521208,4388591000.0,-0.0002214078330042,0.0496167102641161,0.0394946080219284,0.2562907381323463,0.2461664757928022,-0.0026325390953592,0.5229302009749769,-0.2023637499065291,,,43.397534008094304,43.397534008094304,False,67.64744541312774,67.64744541312774,61.58496756186938,460.0,True,False,True,True,True,True,True,True,True,False,True,True,True,True,False,False,False,12,False,0.0506334229239662,0.0617286551207927,1.0,4425071.03469162,0.7837338262476895,1.0,3.0,,,,,,0.0580649100732988,0.0243222769359865,0.1622277888454831,-1.3050822539020834,0.5609929078014184,-1.3050822539020834,0.5543328277662859,-460.0,0.5460992907801419,0.3546099290780142,0.524822695035461,0.5429078014184396,0.4843971631205673,昭輝
19.14999961853028,19.850000381469727,19.049999237060547,19.200000762939453,15906224.0,0.0078740961620138,19.08000030517578,0.1327433568569236,17.992148208618165,0.222929999757633,16.632382726669313,0.1462687022650419,16.75660802523295,0.0319765545966698,61.81352734968961,9393411.7,1.6933383213683697,0.0671322034654389,1434.TW,2026-07-22,-0.0307979748461393,0.1166666502593665,bull,0.0563770794824399,0.15263644773358,2026-03-31,2026-05-15,6979321000.0,780112000.0,198663000.0,386155000.0,49552000.0,336603000.0,0.2,15272141000.0,6346633000.0,61146600000.0,15727850000.0,45418750000.0,3214804000.0,2317516000.0,8200000000.0,,0.1283215289197343,173170260.1002188,54799967000.0,0.0031600431456504,0.0074111022430163,0.0055048522730617,0.3462853997523049,0.1117747700671741,0.0284645168204758,0.0482286170818049,-0.0921530851652357,,,20.54681103606591,20.54681103606591,False,88.40538808880457,88.40538808880457,71.4407438256199,853.0,True,True,True,True,True,True,True,True,True,True,True,True,True,True,False,False,False,14,False,0.1543746364225418,0.1458166673128069,1.0,180353511.8066044,0.2957486136783734,0.0,3.0,,,,,,0.0153304087049623,-0.0350042850494067,0.224513751711052,-1.5577264381423337,0.3822695035460993,-1.5577264381423337,0.3965003276703703,-853.0,0.2198581560283688,0.7872340425531915,0.2695035460992908,0.2273049645390071,0.4,福懋
31.200000762939453,31.299999237060547,31.0,31.14999961853028,299162.0,0.0097244484068383,30.95,0.0366056708618183,30.675,0.0470588107069001,29.53999996185303,-0.0331463907623862,30.49406073888143,0.009544188054771,61.33334418403337,177090.85,1.6893137053664828,0.0154849101395362,1437.TW,2026-07-22,-0.0307979748461393,0.1166666502593665,bull,0.1987060998151571,0.4014801110083256,2026-03-31,2026-05-15,173801000.0,106736000.0,81756000.0,164121000.0,25845000.0,138012000.0,0.68,2289494000.0,1297708000.0,13727130000.0,5454839000.0,8272291000.0,555767000.0,882000000.0,3400000000.0,,0.157475277386806,68881451.22196428,12429422000.0,0.0055418064671039,0.0166836490640863,0.0100539588391746,0.6594109177252105,0.6141276517396332,0.4704000552355855,0.7940805864177997,-0.0904852113118288,,,51.0413507613127,51.0413507613127,False,74.17756010387406,74.17756010387406,68.39350776823372,354.0,True,False,True,True,True,True,True,True,True,False,True,True,True,True,False,False,False,12,False,0.0545023581163286,0.0215103814892219,1.0,5516379.909945203,0.7532347504621072,1.0,3.0,,,,,,0.0218166184122108,-0.0267446436960605,0.0725313713715903,-1.9369094755463991,0.2102836879432624,-1.9369094755463991,0.5771185343031199,-354.0,0.6524822695035462,0.6666666666666666,0.5886524822695035,0.6429078014184397,0.6439716312056738,勤益控
30.200000762939453,30.200000762939453,29.100000381469727,29.14999961853028,458047.0,0.005172400638975,29.599999618530276,0.069724756643313,28.457499980926517,0.0523465276409238,27.368333307902024,-0.0299500712605776,27.719166628519694,0.0180663598129785,63.51351072702964,395111.3,1.159286003715915,0.0243345212358045,1442.TW,2026-07-22,-0.0307979748461393,0.1166666502593665,bull,0.1247689463955637,0.391304347826087,2026-03-31,2026-05-15,302076000.0,150633000.0,104031000.0,105298000.0,19596000.0,85702000.0,0.23,13238665000.0,2535144000.0,14537328000.0,6447947000.0,8089381000.0,457751000.0,970000000.0,3173770000.0,,0.186100400767346,84670789.20777223,12002184000.0,0.0070546151606884,0.01059438293239,0.0058953062075781,0.7970878117868351,0.4986592777976403,0.3443868430461208,0.2837100597200704,-0.7804954613231485,,,47.44569679476102,47.44569679476102,False,72.036793349731,72.036793349731,65.88901921098851,399.0,True,False,True,True,True,True,True,True,True,False,True,True,True,True,False,False,False,12,False,0.0650995546781738,0.05161890359786,1.0,11517494.244277002,0.666358595194085,0.0,3.0,,,,,,0.0908193247366097,0.0644026400266459,0.2090248799200623,-1.81875444984576,0.6524822695035462,-1.81875444984576,0.2412324002139151,-399.0,0.6028368794326241,0.5390070921985816,0.1347517730496454,0.5326241134751772,0.4900709219858155,名軒
18.0,18.350000381469727,17.25,17.299999237060547,1413134.0,-0.0546448110213487,17.70999984741211,0.2313166549612479,17.074999952316283,0.0484848022460937,15.53249994913737,0.1972317969144905,16.125833280881245,0.0528749796478666,47.26367621005127,2581539.35,0.5473997520123023,0.0131771177377801,1466.TW,2026-07-22,-0.0307979748461393,0.1166666502593665,bull,0.0295748613678373,0.3987049028677151,2026-03-31,2026-05-15,547834000.0,69273000.0,8437000.0,19017000.0,-2240000.0,18530000.0,0.17,1475016000.0,424530000.0,3605605000.0,1944171000.0,1661434000.0,466926000.0,52550000.0,1095799000.0,378305000.0,0.0,8437000.0,3181075000.0,0.002652248060797,0.011153016009062,0.0051392207410406,1.1701764860957462,0.1264488878017793,0.0154006505620315,0.0338241146040588,-0.1954242779388395,,,16.147241758389278,16.147241758389278,False,65.24322473208701,65.24322473208701,52.96922898866258,933.0,True,False,True,True,True,True,True,False,True,False,True,True,False,True,False,False,False,10,False,0.1137936129863848,0.0728127307114969,1.0,44660628.78544178,0.4796672828096118,0.0,3.0,,,,,,0.0573916447664845,0.0227748710396037,0.2807172961087882,-1.271446078596729,0.7028368794326242,-1.271446078596729,0.8112195087580354,-933.0,0.1134751773049645,0.0780141843971631,0.8723404255319149,0.2273049645390071,0.2546099290780142,聚隆
10.25,10.550000190734863,9.84000015258789,10.0,3314093.0,0.1111111111111111,9.543999862670898,0.4084507231437082,8.594499945640564,0.3586956275264352,7.693833335240682,0.2674271443878049,7.501750020186106,0.0735744099024022,60.13864803701777,1165138.0,2.844378090835592,0.1635348261387046,1467.TW,2026-07-22,-0.0307979748461393,0.1166666502593665,bull,0.0083179297597042,0.091581868640148,2026-03-31,2026-05-15,1182469000.0,233654000.0,6454000.0,43184000.0,15488000.0,25429000.0,0.11,4780307000.0,3706895000.0,8859724000.0,5854515000.0,3005209000.0,1788594000.0,1910806000.0,1915954000.0,,0.3586513523527232,4139264.171915524,5152829000.0,0.0008032993471965,0.00846164110383,0.0028701797031149,1.948122410121892,0.197598414842165,0.0054580712052493,0.0215050035138341,-0.0488497818933252,,,14.540544369959688,14.540544369959688,False,91.50385765455825,91.50385765455825,72.26302933340858,972.0,True,True,True,True,True,True,True,True,True,True,False,False,True,False,False,False,False,11,False,0.2997422174712569,0.3330222912109135,1.0,11651380.0,0.6626617375231053,0.0,3.0,,,,,,0.0827529506416345,0.0258124037266645,0.3182154969966099,-1.084443775395861,0.8312056737588652,-1.084443775395861,0.8251081361900665,-972.0,0.0921985815602836,0.8085106382978723,0.8794326241134752,0.2102836879432624,0.4645390070921986,南緯
13.75,13.75,13.050000190734863,13.100000381469728,57048.0,0.0234375145519152,13.68000011444092,0.1054852286717786,12.587500047683717,0.0781893656597805,12.241666698455813,0.0781893656597805,12.376666657129924,0.0355820672917773,57.69230543509103,56202.55,1.015042911754004,0.0407150213977811,1468.TW,2026-07-22,-0.0307979748461393,0.1166666502593665,bull,0.0748613678373382,0.3367252543940796,2026-03-31,2026-05-15,127625000.0,33061000.0,6858000.0,37576000.0,10255000.0,27394000.0,0.17,2026221000.0,1309595000.0,3251907000.0,1720312000.0,1531595000.0,422483000.0,1024218000.0,318861000.0,,0.2729135618479881,4986358.792846498,1942312000.0,0.002567228536325,0.0178859293742797,0.0084239801445736,1.1232159937842576,0.2590479921645445,0.0537355533790401,0.2146444662095984,-0.4821632894854295,,,27.22145617109853,27.22145617109853,False,74.1790874695608,74.1790874695608,62.43967964494524,732.0,True,False,True,True,True,True,True,True,True,False,True,True,True,True,False,False,False,12,False,0.0701157533656906,0.0584433389359411,1.0,736253.4264395715,0.9547134935304992,0.0,3.0,,,,,,0.0979151838741242,0.0476688925568951,0.2963203758443963,-0.8497683822898567,0.8950354609929078,-0.8497683822898567,0.8684866455645885,-732.0,0.3120567375886525,0.3900709219858156,0.9148936170212766,0.4024822695035461,0.4560283687943263,昶和
42.0,42.95000076293945,38.29999923706055,38.29999923706055,8112164.0,-0.0681265046475264,42.12999954223633,0.4185184902615018,38.87500019073487,0.7213482803173279,28.35189736684164,0.3206896288641567,26.75261535644531,0.1112699176443587,48.9001664525014,4611810.1,1.7589978390480565,-0.014791021243811,1515.TW,2026-07-22,-0.0307979748461393,0.1166666502593665,bull,0.0073937153419593,0.0333024976873265,2026-03-31,2026-05-15,1050350000.0,154824000.0,-4490000.0,14779000.0,3226000.0,12904000.0,0.07,3269060000.0,3141849000.0,7565435000.0,3655094000.0,3910341000.0,1971793000.0,512612000.0,499226000.0,,0.2182826984234386,-3509910.68407876,4423586000.0,-0.0007934537011552,0.0032999679567587,0.0017056520874212,0.934725130110136,0.1474022944732708,-0.004274765554339,0.0122854286666349,0.0353447485591325,,,19.09740408546057,19.09740408546057,False,77.62064410549092,77.62064410549092,62.989834100483336,874.0,True,True,True,True,False,True,True,False,True,True,True,False,True,True,False,False,False,11,False,0.3508795810559579,0.4316357009122553,1.0,176632323.31146812,0.2975970425138632,1.0,3.0,,,,,,0.0171060195683699,-0.0417533854887274,0.2802476287937369,-1.5588506061460408,0.4223404255319148,-1.5588506061460408,0.3934149937375021,-874.0,0.1914893617021276,0.4326241134751773,0.2553191489361702,0.201063829787234,0.2765957446808511,力山
11.449999809265137,11.850000381469728,11.449999809265137,11.600000381469728,975735.0,0.0545454892245207,11.79000015258789,0.1100479036549821,10.975,0.1207729424085777,10.49083334604899,-0.1375464278089447,11.062500031789144,0.0302745871205684,62.19512081656844,1455392.45,0.6704274163302139,0.0569476429585174,1517.TW,2026-07-22,-0.0307979748461393,0.1166666502593665,bull,0.0702402957486136,0.2534690101757632,2026-03-31,2026-05-15,438193000.0,4957000.0,-85854000.0,-50616000.0,-13838000.0,-41849000.0,-0.19,2856330000.0,505082000.0,4156878000.0,660249000.0,3496629000.0,748897000.0,,,,0.2733918128654971,-62382219.298245616,3651796000.0,-0.0170826134039923,-0.0119683844068101,-0.010067411167708,0.1888244363356821,0.0113123669250763,-0.1959273653390172,-0.0955035794729719,-0.2058095362375577,,,14.285714285714285,14.285714285714285,False,79.97379076794792,79.97379076794792,63.55177164738951,976.0,True,True,True,True,True,True,True,True,True,True,True,True,False,True,False,False,False,13,False,0.1057272572000647,0.0485876020913922,1.0,16882552.975188162,0.6053604436229205,0.0,3.0,,,,,,0.0506169793011339,-0.0358735462730012,0.240843155454563,-1.7042336617415166,0.4744680851063829,-1.7042336617415166,0.4823691035943241,-976.0,0.0851063829787234,0.4539007092198581,0.4184397163120567,0.1351063829787234,0.2624113475177305,利奇
30.5,31.0,30.5,30.64999961853028,83672.0,0.0407469889474818,30.04000015258789,0.0460750995434211,29.239999961853027,0.1609848508110167,29.36166664759318,0.0182723996707701,28.531249952316287,0.0017129186569417,66.37168589713079,69752.55,1.199554711619862,0.0482216025484527,1530.TW,2026-07-22,-0.0307979748461393,0.1166666502593665,bull,0.1719038817005545,0.2146160962072155,2026-03-31,2026-05-15,444813000.0,56873000.0,-15685000.0,15937000.0,1721000.0,17365000.0,0.18,3230571000.0,2106646000.0,5723115000.0,2400295000.0,3322820000.0,1020053000.0,1415644000.0,,,0.1079877015749513,-13991212.900796888,3616469000.0,-0.0038687495733537,0.0052259827495922,0.0030341868021173,0.7223668450292222,0.1278582235681061,-0.0352620089790541,0.0390388770112384,-0.1947030825966446,,,15.566101487073531,15.566101487073531,False,64.19036406730534,64.19036406730534,52.03429842224739,951.0,True,False,True,True,True,False,True,True,True,True,True,True,True,True,False,False,False,12,False,0.0438780600025205,0.0742606675051045,1.0,2137915.630891514,0.8706099815157117,1.0,3.0,,,,,,0.0484266530850731,0.0041456499218066,0.1914135474496799,-1.594066507654767,0.4677304964539007,-1.594066507654767,0.7037754880935243,-951.0,0.1063829787234042,0.0709219858156028,0.7801418439716312,0.2074468085106383,0.2304964539007092,亞崴
51.59999847412109,53.59999847412109,51.400001525878906,52.29999923706055,2749880.0,-0.0169173216724062,50.869999694824216,0.075025644330968,51.124999809265134,0.0597771196383405,51.175,-0.1789639150602868,53.24499998092652,0.0075380575678018,53.30188246374102,4107875.45,0.6694165958707438,0.0229828739790523,1536.TW,2026-07-22,-0.0307979748461393,0.1166666502593665,bull,0.1164510166358595,0.3718778908418131,2026-03-31,2026-05-15,1193410000.0,77806000.0,-161269000.0,-169711000.0,-21391000.0,-145770000.0,-0.52,5819495000.0,7142129000.0,21327061000.0,13643021000.0,7684040000.0,592626000.0,2720441000.0,4721026000.0,1454566000.0,0.1260436860309585,-140942060.79747334,14184932000.0,-0.0099360406378735,-0.0189704894820953,-0.0068349783404286,1.7755010385161971,0.0651963700656103,-0.1351329383866399,-0.1221457839300827,-0.0330466149622912,,,8.870022806816598,8.870022806816598,False,55.5712977989566,55.5712977989566,43.8959790509216,1050.0,True,False,True,True,True,False,True,True,True,False,True,True,False,True,False,False,False,10,False,0.0219833754188676,-0.0177481593427455,0.0,214841882.90093976,0.2818853974121996,1.0,3.0,,,,,,-0.0623486728425681,-0.1192072549097742,0.1342967355832306,-1.6750213807297003,0.1102836879432624,-1.6750213807297003,0.4339297904813787,-1050.0,0.0425531914893617,0.0141843971631205,0.3333333333333333,0.0861702127659574,0.0921985815602836,和大
27.549999237060547,28.299999237060547,27.25,27.89999961853028,5219268.0,0.0201096610380009,27.09000015258789,0.3098591839377242,24.7875,0.4607329351468525,21.279166666666665,0.6220929291262549,19.47416663169861,0.0628148809439278,71.02803588382073,5682288.4,0.918515153155549,0.1255673068494311,1709.TW,2026-07-22,-0.0307979748461393,0.1166666502593665,bull,0.0147874306839186,0.0684551341350601,2026-03-31,2026-05-15,2424471000.0,492933000.0,320616000.0,344786000.0,79982000.0,264726000.0,0.55,5694389000.0,2189161000.0,12130526000.0,3134319000.0,8996207000.0,600735000.0,285000000.0,20699000.0,,0.2319757762786192,246240854.51265424,9941365000.0,0.0247693203612033,0.0294264015934715,0.021823126218929,0.34840449980753,0.2033156923716555,0.1322416312671919,0.1091891798252072,-0.0753599255550004,,,52.52750676874495,52.52750676874495,False,82.84499872610594,82.84499872610594,75.2656257367657,330.0,True,True,True,True,True,True,True,True,True,True,True,True,True,True,False,False,False,14,False,0.3111415524666667,0.4326671916792948,1.0,158535844.19237903,0.3151571164510166,0.0,3.0,,,,,,0.0655545350128714,-0.0243655910635975,0.2576016537922516,-0.9165673899461771,0.6836879432624113,-0.9165673899461771,0.7453257509774867,-330.0,0.6879432624113475,0.8794326241134752,0.8156028368794326,0.7070921985815601,0.7709219858156028,和益
17.0,18.5,16.950000762939453,17.549999237060547,23387287.0,0.1003134449485065,16.76999988555908,0.2717390575721428,16.654999876022337,0.3346007411536371,14.418333260218304,0.3499999413123498,14.022083314259849,0.0474842783563626,45.812806632085056,17926334.4,1.3046329761649431,0.0537375783668849,1710.TW,2026-07-22,-0.0307979748461393,0.1166666502593665,bull,0.0194085027726432,0.1026827012025902,2026-03-31,2026-05-15,5345825000.0,88577000.0,-176669000.0,-219291000.0,-8101000.0,-127331000.0,-0.15,7085020000.0,12457768000.0,36888664000.0,23663579000.0,13225085000.0,2362413000.0,9628981000.0,8250000000.0,,0.0369417805564295,-170142532.57087615,24430896000.0,-0.0069642362920654,-0.0096279910488287,-0.0034517650191939,1.7892950404477552,0.0165693789078392,-0.0330480328106513,-0.0238187744641846,-0.1284074295508901,,,6.405846346837272,6.405846346837272,False,78.86741705203755,78.86741705203755,60.75202437573749,1066.0,True,True,True,True,True,True,True,False,True,True,False,True,True,True,False,False,False,12,False,0.21720027691986,0.2515971303075173,1.0,314607155.0432922,0.2319778188539741,0.0,3.0,,,,,,-0.0020784146346889,-0.0672863674325572,0.2247884251638642,-1.2940908944405347,0.3627659574468085,-1.2940908944405347,0.608931014373794,-1066.0,0.0283687943262411,0.3262411347517731,0.6382978723404256,0.1198581560283688,0.2397163120567376,東聯
89.5999984741211,90.4000015258789,85.30000305175781,85.69999694824219,1815555.0,0.0011682064942013,87.93999786376953,-0.0103926275027343,84.14119186401368,0.0959079321315572,83.11539751688639,0.196927357187268,79.37686513264974,0.0013090313585139,59.57890416459972,838336.5,2.1656637877511,0.0185260637470858,1723.TW,2026-07-22,-0.0307979748461393,0.1166666502593665,bull,0.4205175600739371,0.3024976873265494,2026-03-31,2026-05-15,1277807000.0,319750000.0,181223000.0,217086000.0,38207000.0,178879000.0,0.77,3402849000.0,1696462000.0,11518279000.0,3468337000.0,8049942000.0,782501000.0,937470000.0,1000000000.0,,0.1759993735201717,149327865.5325539,9821817000.0,0.0152036904711779,0.0222211538915435,0.0155300110372391,0.4308524210484994,0.2502334077055455,0.1418234522114842,0.139989059380642,-0.2447011744956525,,,46.187073211591255,46.187073211591255,False,65.07300938961583,65.07300938961583,60.35152534510969,414.0,True,False,False,True,True,True,True,True,True,False,True,True,True,True,False,False,False,11,False,0.0310965177159947,0.0796596313677242,1.0,71845435.49160004,0.4121996303142329,1.0,3.0,,,,,,0.0517595458520416,0.0331580637516231,0.2042764680084352,-1.3973714455768802,0.5989361702127659,-1.3973714455768802,0.6582845061923978,-414.0,0.5957446808510638,0.3191489361702128,0.7092198581560284,0.6127659574468085,0.5354609929078014,中碳
27.0,28.049999237060547,27.0,27.0,1001381.0,0.0227272875052839,26.570000076293944,0.0305343211360575,26.46500015258789,0.0650887413688714,26.40249999364217,-0.0181818181818181,26.65250007311504,0.0028419892082157,57.142864927962094,234539.1,4.269569551516144,0.0202153729199883,1732.TW,2026-07-22,-0.0307979748461393,0.1166666502593665,bull,0.2134935304990758,0.3598519888991674,2026-03-31,2026-05-15,170503000.0,71320000.0,13861000.0,17348000.0,2287000.0,15061000.0,0.35,446287000.0,155539000.0,676813000.0,183070000.0,493743000.0,173412000.0,,,,0.1318307585888863,12033693.855199449,521274000.0,0.0230851603095482,0.030503723597094,0.0222528231579476,0.3707799401713036,0.4182917602622827,0.081294757276998,0.0883327566083881,0.0695006366709947,,,62.10935117561258,62.10935117561258,False,66.9978031369499,66.9978031369499,65.77569014661557,241.0,True,False,True,True,True,True,True,True,True,False,True,True,False,True,True,False,False,11,False,0.0226304329704274,0.0130381737522438,1.0,6332555.7,0.7301293900184843,0.0,3.0,,,,,,0.0595771794522553,0.0246692274459787,0.1764385965854496,-0.9890669101607904,0.6446808510638298,-0.9890669101607904,0.6703446283169374,-241.0,0.8226950354609929,0.5319148936170213,0.7375886524822695,0.8099290780141843,0.7184397163120567,毛寶
32.099998474121094,32.150001525878906,31.600000381469727,31.600000381469727,202531.0,0.0031746152847531,31.6,0.0730050785341873,30.38499984741211,0.1107205460125553,29.481195608774826,0.0711864536091433,29.53226440747579,0.0192888293506623,71.9101171754786,209847.45,0.9651344345618684,0.0399868533868397,1733.TW,2026-07-22,-0.0307979748461393,0.1166666502593665,bull,0.1210720887245841,0.2719703977798335,2026-03-31,2026-05-15,519723000.0,175664000.0,87211000.0,86914000.0,5544000.0,81275000.0,0.81,1759309000.0,560904000.0,2489266000.0,666458000.0,1822808000.0,593961000.0,,,,0.0637871919368571,81648055.20399475,1928362000.0,0.0423406265026974,0.0445878007996453,0.0326501868422257,0.3656216123694871,0.3379954321821432,0.1678028488252396,0.1563813800813125,-0.0698519739491331,,,72.99324516078546,72.99324516078546,False,67.90081517600329,67.90081517600329,69.17392267219884,137.0,True,False,True,True,True,True,True,True,True,False,True,True,True,True,True,False,False,12,False,0.0718697030070334,0.0700161675875592,1.0,6631179.50005045,0.7255083179297597,1.0,3.0,,,,,,0.0622339649589808,0.0293907031274724,0.1819459832344577,-1.1469739608756278,0.6429078014184397,-1.1469739608756278,0.6586063210526347,-137.0,0.9219858156028368,0.723404255319149,0.7163120567375887,0.8911347517730496,0.8212765957446808,五鼎
138.5,142.5,136.0,136.5,1405832.0,0.0419847328244273,133.6,0.1617021276595744,129.75,0.1188524590163935,122.675,-0.1078431372549019,127.0375,0.0330414012738854,60.24096385542169,727583.95,1.932192154596044,0.0520231213872832,1736.TW,2026-07-22,-0.0307979748461393,0.1166666502593665,bull,0.043438077634011,0.2553191489361702,2026-03-31,2026-05-15,11791948000.0,6052382000.0,-92539000.0,40175000.0,16051000.0,23921000.0,0.08,30613897000.0,23508674000.0,46411739000.0,32321282000.0,14090457000.0,3157649000.0,7600383000.0,1539220000.0,3000000000.0,0.3995270690728065,-55567164.55507156,22903065000.0,-0.0024261890081118,0.0016976738227865,0.0005154083970005,2.2938419953305984,0.5132639662250885,-0.0078476431544643,0.0020285876430255,0.111450973975419,,,26.12240913361154,26.12240913361154,False,83.03749761423943,83.03749761423943,68.80872549408245,752.0,True,True,True,True,True,True,True,True,True,True,True,True,True,True,False,False,False,14,False,0.1126961483594863,0.074485880153498,1.0,99315209.175,0.3706099815157117,2.0,3.0,,,,,,-0.0075311174549794,-0.0887508359141169,0.1835178014086396,-1.7793401889587668,0.1893617021276595,-1.7793401889587668,0.2524850464329747,-752.0,0.2907801418439716,0.7092198581560284,0.1418439716312056,0.2684397163120567,0.3865248226950354,喬山
31.799999237060547,32.20000076293945,31.700000762939453,31.950000762939453,637088.0,0.0240384609506445,32.029999542236325,0.0224000244140625,30.81999988555908,0.0793919037562203,30.16666669845581,-0.0448430483045581,30.506250015894576,0.0059567454793494,67.69232168705913,964584.65,0.660479098438898,0.0366645321731438,1808.TW,2026-07-22,-0.0307979748461393,0.1166666502593665,bull,0.2402957486136783,0.3348751156336725,2026-03-31,2026-05-15,5392216000.0,1474911000.0,1229561000.0,1153602000.0,211319000.0,942283000.0,1.06,46784978000.0,26633648000.0,51660398000.0,37973630000.0,13686768000.0,5845055000.0,11570200000.0,207356000.0,10980553000.0,0.1831818946222353,1004327686.4663897,25026750000.0,0.0401301681787043,0.068846275468394,0.0182399485191732,2.774477509957062,0.2735259492572256,0.2280251755493474,0.1747487489373571,173.44891620834682,,,72.1127428848662,72.1127428848662,False,65.0387143462219,65.0387143462219,66.80722148088297,149.0,True,False,True,True,True,True,True,True,True,False,True,True,False,True,True,False,False,11,False,0.0591160462741788,0.0473263920112319,1.0,30818480.303419687,0.5304990757855823,1.0,3.0,,,,,,0.0998793113776493,0.0258604496481932,0.1959492667508512,-0.64260910071966,0.7542553191489362,-0.64260910071966,0.8977466749506127,-149.0,0.9078014184397164,0.574468085106383,0.9574468085106383,0.9152482269503546,0.8177304964539007,潤隆
27.950000762939453,28.39999961853028,27.75,28.049999237060547,1135842.0,-0.039383612870945,28.10999984741211,0.0199999722567472,27.30750036239624,0.1687499682108562,25.80250015258789,0.0914396266287236,25.52791674931844,0.0054307783689504,62.5469126193633,1562057.6,0.7271447608590106,0.0271902907556769,1907.TW,2026-07-22,-0.0307979748461393,0.1166666502593665,bull,0.2541589648798521,0.2035152636447733,2026-03-31,2026-05-15,17964361000.0,2424583000.0,-77218000.0,452137000.0,195557000.0,208827000.0,0.13,69038373000.0,57579369000.0,178076390000.0,82625870000.0,95450520000.0,10428232000.0,15812770000.0,19190444000.0,964996000.0,0.4,-46330800.0,120497021000.0,-0.0003844974723482,0.0021878036913785,0.0011726821281585,0.8656408576925511,0.1349662812943917,-0.0042983994810614,0.0116245158956669,-0.0057560278150267,,,17.0350561108219,17.0350561108219,False,72.83441522616562,72.83441522616562,58.88457544732969,917.0,True,False,True,True,True,True,True,True,True,True,True,True,False,True,False,False,False,12,False,0.0871039267970799,0.0987970351246716,1.0,43815714.48824463,0.4833641404805915,0.0,3.0,,,,,,0.0198829075658839,-0.0400756308439267,0.1824324973587215,-1.735410177560398,0.2773049645390071,-1.735410177560398,0.3052622419067853,-917.0,0.1347517730496454,0.2695035460992908,0.1702127659574468,0.1400709219858156,0.1822695035460992,永豐餘
10.050000190734863,10.25,10.050000190734863,10.100000381469728,2520660.0,-0.0334927688214016,10.129999923706055,0.039094660905506,10.110500001907347,0.1184939845116106,9.586666695276897,-0.0146341091249045,9.63291664123535,0.005419645954481,54.385967260510505,4830288.45,0.5218446115780104,-0.0010384867648127,1909.TW,2026-07-22,-0.0307979748461393,0.1166666502593665,bull,0.1950092421441774,0.2562442183163737,2026-03-31,2026-05-15,10760215000.0,1109471000.0,15988000.0,29258000.0,59036000.0,-27240000.0,-0.02,14658431000.0,22767425000.0,70430999000.0,49630869000.0,20800130000.0,2240646000.0,8614561000.0,26455684000.0,0.0,0.4,9592800.0,47663574000.0,0.0002012606104611,-0.0013096071995703,-0.0003867615167576,2.386084558125358,0.1031086274763097,0.0014858439166875,-0.0025315479291073,0.0525224624933875,,,8.894222198109352,8.894222198109352,False,65.3946920116659,65.3946920116659,51.269574558276766,1049.0,True,False,True,True,False,True,True,True,True,True,True,True,False,True,False,False,False,11,False,0.0535466291370845,0.0484882987811754,1.0,48785915.18760882,0.4630314232902033,0.0,3.0,,,,,,0.0222718587946958,-0.0081846211058297,0.2034150113945772,-1.2141346140008755,0.4528368794326241,-1.2141346140008755,0.5123384196575687,-1049.0,0.0496453900709219,0.0567375886524822,0.475177304964539,0.1134751773049645,0.1368794326241135,榮成
71.5,72.19999694824219,71.0999984741211,71.0999984741211,2864879.0,-0.0097493669621728,71.03999938964844,0.0186245754373293,69.87999992370605,0.0517751490976716,67.97833302815755,0.0653153632035299,69.00132834116617,0.0050337983659433,61.052614671715446,3200662.2,0.8950894599248868,0.0174584795613483,2006.TW,2026-07-22,-0.0307979748461393,0.1166666502593665,bull,0.2634011090573013,0.3922294172062904,2026-03-31,2026-05-15,13602390000.0,2004381000.0,1390762000.0,1521134000.0,302993000.0,1211982000.0,1.66,28387625000.0,18568929000.0,51955456000.0,19405487000.0,32549969000.0,1294546000.0,5329132000.0,260000000.0,,0.1991888946010016,1113737654.5669217,33386527000.0,0.0333588951784928,0.0372345055075167,0.0233273287024946,0.596175283607797,0.1473550603974742,0.1022439438951537,0.089100665397772,-0.0619062729029651,,,52.210458028038886,52.210458028038886,False,68.68864384855225,68.68864384855225,64.5690973934239,336.0,True,False,True,True,True,True,True,True,True,False,True,True,True,True,False,False,False,12,False,0.0459214768427831,0.0304149236457937,1.0,227567077.53617707,0.2754158964879852,1.0,3.0,,,,,,0.043699656583946,0.0195566712837994,0.1654966527698196,-1.3019847016156552,0.4804964539007093,-1.3019847016156552,0.6095647045933817,-336.0,0.6808510638297872,0.5035460992907801,0.6595744680851063,0.677659574468085,0.6234042553191489,東和鋼鐵
41.34999847412109,44.75,41.34999847412109,43.75,50781726.0,0.0593220534672782,41.400000762939456,0.0789149401515849,40.15189971923828,0.2019230265387639,40.74479986826579,0.1904761904761904,39.01406660079956,0.0033109009341092,64.92018903466737,15692349.85,3.236081688556032,0.0896122052984143,2027.TW,2026-07-22,-0.0307979748461393,0.1166666502593665,bull,0.1090573012939001,0.1683626271970398,2026-03-31,2026-05-15,31174326000.0,8517820000.0,5633209000.0,4716863000.0,1204326000.0,2914770000.0,1.17,89517343000.0,24455518000.0,159942793000.0,66551339000.0,93391454000.0,9252095000.0,11925609000.0,29968117000.0,,0.2553235063218923,4194918326.275959,135487275000.0,0.0309617144951506,0.0312102432841446,0.0182238283159154,0.7126063054977172,0.2732318896004359,0.1807002659816927,0.0934990543179666,0.1950875950100803,,,67.77515994414823,67.77515994414823,False,70.63113346205,70.63113346205,69.91714008257456,180.0,True,False,True,True,True,False,True,True,True,True,True,True,False,True,True,False,False,11,False,0.0737566546271055,0.1213904063798205,1.0,686540305.9375,0.1700554528650646,1.0,3.0,,,,,,0.0323251681245926,-0.0483820183058662,0.2824246532211356,-1.0939432878035809,0.5209219858156028,-1.0939432878035809,0.5826890826929101,-180.0,0.8794326241134752,0.7446808510638298,0.6028368794326241,0.8379432624113474,0.7836879432624113,大成鋼
8370.0,8495.0,8060.0,8125.0,410755.0,-0.0441176470588234,8079.0,0.0826115922718186,7896.0,1.051767676767677,6268.333333333333,1.4546827794561934,4817.458333333333,0.028526768268855,53.6842105263158,553446.95,0.7421759212874875,0.0290020263424519,2059.TW,2026-07-22,-0.0307979748461393,0.1166666502593665,bull,0.099815157116451,0.0194264569842738,2026-03-31,2026-05-15,5449725000.0,4236615000.0,3654349000.0,4351760000.0,865950000.0,3485810000.0,36.58,34276607000.0,6265438000.0,39510069000.0,7981426000.0,31528643000.0,27231577000.0,,257007000.0,,0.1989884552456937,2927175737.561354,33244631000.0,0.088049578217949,0.1105601024439903,0.088225864652375,0.2531484149190943,0.7773997770529706,0.6705565877177289,0.6396304400680768,0.3782121233655666,,,100.0,100.0,True,75.80806441967707,75.80806441967707,81.8560483147578,1.0,True,True,True,True,True,True,True,True,True,True,True,True,False,True,True,True,True,14,False,0.2961978197287955,0.6865740060024736,1.0,4496756468.75,0.0360443622920517,3.0,0.0,,,,,,-0.0832087452778895,-0.156860355630709,0.1494296493099295,-1.5667950959355823,0.1312056737588652,-1.5667950959355823,0.1489694353011262,-1.0,1.0,0.9858156028368794,0.0638297872340425,0.8595744680851064,0.8085106382978723,川湖
23.350000381469727,24.200000762939453,23.350000381469727,24.14999961853028,4673680.0,-0.0566406539583107,23.77999954223633,0.1002277348119877,23.004999828338622,0.1838235328491719,21.392446740468348,0.5431310036541879,19.96289007663727,0.0288162884961579,62.44343547743423,8355095.75,0.5593807826798394,0.0497717799928512,2103.TW,2026-07-22,-0.0307979748461393,0.1166666502593665,bull,0.0804066543438077,0.1877890841813136,2026-03-31,2026-05-15,10330865000.0,1265731000.0,651038000.0,844918000.0,343164000.0,435719000.0,0.53,20606457000.0,11013075000.0,44846222000.0,22698723000.0,22147499000.0,6501177000.0,5243271000.0,6369581000.0,,0.4,390622800.0,33833147000.0,0.0115455650637524,0.0196735080561466,0.0097158462980449,1.0248887696078008,0.1225193630930227,0.0630187307645584,0.0421764295632553,-0.0044362000632366,,,30.459795491848286,30.459795491848286,False,80.43690440074138,80.43690440074138,67.9426271735181,675.0,True,True,True,True,True,True,True,True,True,True,True,True,False,True,False,False,False,13,False,0.1289031082566836,0.2097446575029342,1.0,201775559.17528397,0.2874306839186691,0.0,3.0,,,,,,0.044418093259316,-0.0177877205025865,0.2371164936624303,-1.6024957632916224,0.4843971631205674,-1.6024957632916224,0.5085664143669246,-675.0,0.3687943262411347,0.6170212765957447,0.4539007092198581,0.3815602836879432,0.4602836879432624,台橡
64.80000305175781,67.0999984741211,63.59999847412109,63.59999847412109,349960.0,-0.0363636594830137,64.37999877929687,0.1648351694417309,57.88146343231201,0.0853242343036595,56.34215437571208,0.2745490286435592,53.203160444895424,0.03913721088081,73.0828916859592,263872.15,1.3262483365523796,0.0987973472456595,2248.TW,2026-07-22,-0.0307979748461393,0.1166666502593665,bull,0.0406654343807763,0.3219241443108233,2026-03-31,2026-05-15,593726000.0,189022000.0,97021000.0,105639000.0,16593000.0,89046000.0,1.87,2515725000.0,1373717000.0,3197393000.0,1407252000.0,1790141000.0,637484000.0,196733000.0,,,0.1570726720245364,81781652.28750746,1823676000.0,0.0448443979563845,0.04974245045502,0.0278495636914198,0.7861123788573079,0.3183657107824147,0.1634103946938487,0.1499782728059744,0.3030050981106484,,,82.72406063393525,82.72406063393525,False,76.68378176921425,76.68378176921425,78.1938514853945,69.0,True,True,True,True,True,True,True,False,True,False,True,True,True,True,True,False,False,12,False,0.1288172981460877,0.1954176771132623,1.0,16782268.337363053,0.6062846580406654,1.0,2.0,,,,,,0.090269613066964,0.0388993163003697,0.379134369550088,-0.671327479455327,0.9092198581560283,-0.671327479455327,0.9052141115079244,-69.0,0.9716312056737588,0.9432624113475178,0.9645390070921984,0.9705673758865248,0.9617021276595744,華勝-KY
16.200000762939453,16.200000762939453,15.75,15.899999618530272,4264.0,0.0192307198541414,15.660000038146972,0.1438848960350887,14.46749997138977,0.2277992164258213,13.830000003178917,-0.0619469673833271,14.489166633288066,0.0322868398138894,63.88888741716943,8051.85,0.5295677390910163,0.0990150095022182,2321.TW,2026-07-22,-0.0307979748461393,0.1166666502593665,bull,0.0517560073937153,0.150786308973173,2026-03-31,2026-05-15,167589000.0,54806000.0,3123000.0,2338000.0,316000.0,-3670000.0,-0.12,594557000.0,366319000.0,1167997000.0,735200000.0,432797000.0,91273000.0,191000000.0,200000000.0,,0.1351582549187339,2700900.7698887936,801678000.0,0.0033690593603526,-0.0084797260609477,-0.0031421313582141,1.698717874661793,0.3270262368055183,0.0186348746039417,-0.0218988119745329,-0.0149414274882296,,,20.392509269700085,20.392509269700085,False,84.7190379377447,84.7190379377447,68.63740577073355,855.0,True,True,True,True,True,True,True,True,True,True,True,True,False,True,False,False,False,13,False,0.1496745925434239,0.0973715756709494,1.0,128024.41192846296,0.99815157116451,0.0,3.0,,,,,,0.0311104971531132,-0.041990533456825,0.2024798235200197,-1.5459064540462095,0.3695035460992908,-1.5459064540462095,0.6536125987689554,-855.0,0.2127659574468085,0.6879432624113475,0.7021276595744681,0.2861702127659574,0.4531914893617021,東訊
22.049999237060547,24.450000762939453,22.0,23.89999961853028,62463713.0,0.0148620124334839,21.969999694824217,0.2953928796869345,20.96999979019165,0.7010675654147607,17.330833292007448,0.4226190895180064,16.38999996185303,0.0391476644931776,66.1931782160417,32299893.15,1.9338674809207532,0.1397234076134366,2332.TW,2026-07-22,-0.0307979748461393,0.1166666502593665,bull,0.0166358595194085,0.036077705827937,2026-03-31,2026-05-15,3440889000.0,869521000.0,31548000.0,25642000.0,45353000.0,-29102000.0,-0.05,10255657000.0,3980490000.0,15469266000.0,4795742000.0,10673524000.0,3116133000.0,151000000.0,381849000.0,,0.4,18928800.0,11488776000.0,0.001647590657177,-0.0027265596629566,-0.001881278659246,0.4493119610730252,0.2527024266112623,0.0091685607992585,-0.0084576979960702,0.0312619414904058,,,25.00480773275497,25.00480773275497,False,90.04655454322227,90.04655454322227,73.78611784060544,770.0,True,True,True,True,True,True,True,True,True,True,True,True,True,True,False,False,False,14,False,0.3790450358525095,0.4582062034262615,1.0,771967433.9635687,0.1571164510166358,0.0,3.0,,,,,,0.0257350773575087,-0.0703910297683399,0.3169329428473694,-1.351600192464677,0.4712765957446808,-1.351600192464677,0.555909547418754,-770.0,0.2765957446808511,0.8581560283687943,0.5390070921985816,0.3159574468085106,0.5035460992907802,友訊
79.0999984741211,79.69999694824219,78.5,78.80000305175781,324010.0,0.034120816373282,78.62000122070313,0.1082982382965782,75.24500045776367,0.0929265564414894,72.65166714986165,0.0012707256339716,74.49416700998943,0.0164122672913584,70.11493194495964,606587.05,0.5341525177631141,0.0472456983502795,2348.TW,2026-07-22,-0.0307979748461393,0.1166666502593665,bull,0.0730129390018484,0.3080481036077706,2026-03-31,2026-05-15,1308225000.0,367809000.0,215863000.0,62792000.0,46667000.0,24394000.0,0.16,36707260000.0,15833225000.0,49675372000.0,39143789000.0,10531583000.0,4882942000.0,6246625000.0,20027265000.0,,0.4,129517800.0,33842147000.0,0.0038271153422978,0.0023162709727493,0.0004910682903391,3.7168001239699673,0.2811511781230293,0.165004490817711,0.0186466395306617,-0.2384964638086091,,,20.916507327259755,20.916507327259755,False,69.04555076894025,69.04555076894025,57.01328990852012,845.0,True,False,True,True,True,True,True,True,True,False,True,True,False,True,False,False,False,11,False,0.0846275955266619,0.0578009824741176,1.0,47799061.39115677,0.4676524953789279,1.0,3.0,,,,,,0.0588433145054295,-0.0139021077549448,0.2438505899392598,-1.14049761813454,0.6425531914893616,-1.14049761813454,0.5260677900581491,-845.0,0.2340425531914893,0.1914893617021276,0.4964539007092198,0.2734042553191489,0.2737588652482269,海悅
71.30000305175781,72.0,70.69999694824219,71.4000015258789,224062.0,0.02000002179827,69.66000061035156,0.0609212227073443,68.46999969482422,0.1138846057025262,68.41666666666667,0.0851063558419014,65.74333318074544,0.0072820901665589,59.78836320568305,197997.85,1.1316385506206257,0.0427924907859487,2364.TW,2026-07-22,-0.0307979748461393,0.1166666502593665,bull,0.1349353049907578,0.2664199814986124,2026-03-31,2026-05-15,338915000.0,130350000.0,30596000.0,44068000.0,-15000.0,43646000.0,0.83,1165011000.0,950493000.0,1755551000.0,1003694000.0,751857000.0,599063000.0,350000000.0,,,0.0,30596000.0,805058000.0,0.0380047151882224,0.0580509325576539,0.0248617100841843,1.3349533222407983,0.3846097103993626,0.0902763229718365,0.128781552896744,-0.1059821890200796,,,61.7822396932274,61.7822396932274,False,77.60820702868295,77.60820702868295,73.65171519481906,245.0,True,True,True,True,True,True,True,True,True,False,True,True,True,True,True,False,False,13,False,0.0436053816206416,0.0860417029599309,1.0,14137046.792120744,0.634011090573013,1.0,3.0,,,,,,0.0855255057064568,0.0256669250144213,0.2663678358605845,0.224203478044704,0.8421985815602837,0.224203478044704,0.8487023750778204,-245.0,0.8156028368794326,0.8439716312056738,0.8936170212765957,0.827304964539007,0.8397163120567376,倫飛
343.0,350.0,342.5,348.0,7875787.0,0.0116279069767442,336.4,0.0265486725663717,335.2,0.2210526315789474,332.76666666666665,0.4499999999999999,287.12916666666666,-0.0027519523986612,56.29139072847683,5568285.35,1.4144007544440949,0.0381861575178998,2376.TW,2026-07-22,-0.0307979748461393,0.1166666502593665,bull,0.2273567467652495,0.154486586493987,2026-03-31,2026-05-15,105057330000.0,12614630000.0,7413710000.0,7054503000.0,1410189000.0,5268403000.0,7.86,234087870000.0,170374747000.0,247826770000.0,180781022000.0,67045748000.0,63311111000.0,69227536000.0,,9540960000.0,0.199899128258929,5931715833.835495,77452023000.0,0.0765856798063944,0.0785792262322138,0.0212584096544533,2.6963831024750444,0.1200737730532462,0.0705682316502808,0.0501478859209538,0.5978925716183887,,,59.16561347732097,59.16561347732097,False,65.72086426874843,65.72086426874843,64.08205157089157,275.0,True,False,True,True,True,True,False,True,True,True,True,True,True,True,False,False,False,12,False,0.0457778222979063,0.211998084485786,1.0,1937763301.8,0.0767097966728281,2.0,3.0,,,,,,0.1317820553051339,0.0711968529985187,0.3684988567269818,0.503191148984876,0.975531914893617,0.503191148984876,0.965690600670992,-275.0,0.7730496453900709,0.475177304964539,1.0,0.8070921985815603,0.7290780141843971,技嘉
149.0,157.5,148.0,155.0,40755019.0,0.0437710437710436,145.8,0.1610486891385767,143.35,0.6595288808111337,129.39833323160806,0.553106164932827,111.15249983469646,0.0175687666370895,63.95348837209302,17408429.35,2.3411083320966,0.0812696198116498,2377.TW,2026-07-22,-0.0307979748461393,0.1166666502593665,bull,0.044362292051756,0.0407030527289546,2026-03-31,2026-05-15,56256838000.0,8440506000.0,3876357000.0,4133431000.0,716617000.0,3416814000.0,4.04,106512512000.0,56814984000.0,119099762000.0,64185562000.0,54914200000.0,25875075000.0,0.0,6305082000.0,,0.1733709840565864,3204309172.355363,62284778000.0,0.0514461040923251,0.0622209555998266,0.0286886719387398,1.1688335985956273,0.1500352010541367,0.0689046369794192,0.0607359766647389,0.0507372103469625,,,60.05362798212559,60.05362798212559,False,86.14236949109092,86.14236949109092,79.62018411384959,263.0,True,True,True,True,True,True,True,True,True,True,True,True,True,True,True,False,False,14,False,0.1978515961451212,0.3944805580667334,1.0,2698306549.25,0.0573012939001848,2.0,3.0,,,,,,0.0450897094797935,-0.024488474627885,0.2608476298385735,-0.7752369717541658,0.6106382978723404,-0.7752369717541658,0.6248171653360591,-263.0,0.7872340425531915,0.9574468085106383,0.6737588652482269,0.7702127659574468,0.8156028368794327,微星
589.0,618.0,584.0,596.0,9482256.0,0.1422475346293568,542.1682861328125,0.2587117212249208,514.5583908081055,0.6418732782369145,483.6777969360352,1.0766550522648082,405.5347318013509,0.0267218107405523,70.79833545298564,3259306.15,2.9092866897453007,0.1582747665702075,2395.TW,2026-07-22,-0.0307979748461393,0.1166666502593665,bull,0.0231053604436229,0.0425531914893617,2026-03-31,2026-05-15,20385264000.0,7979823000.0,3728486000.0,4068287000.0,750007000.0,3334165000.0,3.85,49300373000.0,29811036000.0,83769137000.0,34044129000.0,49725008000.0,10001958000.0,,43915000.0,,0.184354496130681,3041122842.1397014,53958101000.0,0.0563608204473263,0.0670520756879516,0.0398018305954375,0.6846480346468723,0.3914505595806853,0.182901040673302,0.1635576071028562,0.1748587968840969,,,87.43653384699755,87.43653384699755,False,83.24300939945726,83.24300939945726,84.29139051134234,49.0,True,True,True,True,True,True,True,True,True,True,False,True,True,False,True,False,False,12,False,0.2322252618902394,0.469664502846941,1.0,1942546465.4,0.0757855822550831,3.0,2.0,,,,,,-0.0292074775421115,-0.120334069871721,0.2939557346002853,-1.1888185355078469,0.3897163120567375,-1.1888185355078469,0.4249068983263491,-49.0,0.9858156028368794,0.9929078014184396,0.3120567375886525,0.8847517730496454,0.8531914893617021,研華
42.20000076293945,45.650001525878906,42.20000076293945,45.150001525878906,5958627.0,0.0180384008857323,42.56999969482421,0.1755162758989608,42.114892578125,0.5305085263009799,37.21616322199504,0.3619909335639719,33.05516497294108,0.0184736292899597,60.40269916893312,3893954.15,1.5302252595860688,0.0720673557963764,2425.TW,2026-07-22,-0.0307979748461393,0.1166666502593665,bull,0.0378927911275415,0.0564292321924144,2026-03-31,2026-05-15,742329000.0,57186000.0,84000.0,19626000.0,14929000.0,59718000.0,0.62,6477498000.0,3530704000.0,6656471000.0,3632354000.0,3024117000.0,955233000.0,0.0,,,0.4,50400.0,3125767000.0,1.6124042515005117e-05,0.0197472518424386,0.0089714204418527,1.2011287923053242,0.0770359234247887,0.0001131573736173,0.0804468099723976,-0.0094210083147737,,,20.556959597295062,20.556959597295062,False,92.21297468420434,92.21297468420434,74.29897091247702,850.0,True,True,True,True,True,True,True,True,True,True,True,True,True,True,False,False,False,14,False,0.2131825964046425,0.3658985384837332,1.0,175812035.8142025,0.299445471349353,1.0,3.0,,,,,,0.0155528107065317,-0.0788354656346996,0.209924998828781,-1.4343156226066311,0.3411347517730496,-1.4343156226066311,0.3513536013526637,-850.0,0.226950354609929,0.8652482269503546,0.2056737588652482,0.2237588652482269,0.4141843971631205,承啟
80.0,85.19999694824219,78.5,82.5,2327293.0,-0.0096038778205174,78.34000091552734,0.0509554140127388,78.11000061035156,0.1991278537870959,80.20333366394043,0.4126711959663496,68.40958360036214,-0.0037625160858418,63.16964536601167,1951336.6,1.192666093589389,0.0562027826826907,2465.TW,2026-07-22,-0.0307979748461393,0.1166666502593665,bull,0.1589648798521257,0.1702127659574468,2026-03-31,2026-05-15,1569188000.0,167121000.0,92107000.0,130068000.0,22277000.0,107791000.0,1.15,1574817000.0,638916000.0,1902288000.0,697716000.0,1204572000.0,319532000.0,112731000.0,0.0,,0.1712719500568933,76331654.49610972,1263372000.0,0.0604189854580517,0.0894848958800304,0.0566638700344006,0.5792231597613094,0.1065015791606869,0.0586972370423429,0.0686922153368493,0.9128577645528606,,,73.28778007996519,73.28778007996519,True,59.85413338562291,59.85413338562291,63.21254505920848,133.0,True,False,True,True,True,False,False,True,True,True,True,True,True,True,True,True,False,11,False,0.0286355470669439,0.2059713808806647,1.0,160985269.5,0.3114602587800369,1.0,3.0,,,,,,-0.005519545154557,-0.1204649716783848,0.1478064622772125,-1.6390428305818516,0.1546099290780141,-1.6390428305818516,0.1598409573911411,-133.0,0.9290780141843972,0.4468085106382978,0.0709219858156028,0.8003546099290779,0.6127659574468085,麗臺
162.0,162.5,158.5,159.0,196343.0,-0.0124223602484472,158.2,0.0564784053156146,158.2,0.1480144404332131,152.0225606282552,0.1438848920863309,146.51961364746094,0.0108626198083066,46.55172413793104,347219.1,0.5654729247325392,0.0050568900126422,2480.TW,2026-07-22,-0.0307979748461393,0.1166666502593665,bull,0.1432532347504621,0.2238667900092507,2026-03-31,2026-05-15,2420984000.0,568028000.0,300400000.0,336304000.0,56799000.0,279505000.0,2.63,7208003000.0,5342627000.0,8394801000.0,5408397000.0,2986404000.0,1289115000.0,0.0,,,0.1688918359579428,249664892.478234,3052174000.0,0.0817990365156881,0.0935924945184911,0.0332950119961152,1.811006481373585,0.2346269120324628,0.1240817783182375,0.1154509901758954,0.1706727375064554,,,72.57043193555015,72.57043193555015,True,65.5271407083084,65.5271407083084,67.28796351511883,141.0,True,False,True,True,True,True,True,False,True,True,True,True,False,True,True,True,False,11,False,0.0458973940638121,0.0851789466396488,1.0,55207836.9,0.4417744916820702,2.0,3.0,,,,,,0.0533407744171729,0.0233388800490583,0.3079618795991393,-0.2074113468288993,0.7943262411347518,-0.2074113468288993,0.7834676238440825,-141.0,0.9148936170212766,0.6028368794326241,0.851063829787234,0.9053191489361702,0.8085106382978724,敦陽科
18.700000762939453,19.25,18.5,18.5,556322.0,-0.0749999999999999,18.520000457763672,0.0451976950608723,17.710000038146973,0.0850440368224576,17.07583341598511,0.0027099856364765,17.200833368301392,0.0153361054195771,63.79311308708135,689163.25,0.807242696124612,0.0446075640966336,2482.TW,2026-07-22,-0.0307979748461393,0.1166666502593665,bull,0.1746765249537892,0.3237742830712303,2026-03-31,2026-05-15,113886000.0,43549000.0,-36423000.0,-23982000.0,-5970000.0,-18238000.0,-0.23,898041000.0,216514000.0,1299198000.0,232892000.0,1066306000.0,532346000.0,,,,0.2489367025268951,-27355978.4838629,1082684000.0,-0.025266816988025,-0.01710390825898,-0.014037891068182,0.2184100999150337,0.3823911630929175,-0.3198198198198198,-0.1601425987390899,0.0243204835315069,,,30.25190147685657,30.25190147685657,False,72.27918519701242,72.27918519701242,61.77236426697346,679.0,True,False,True,True,True,True,True,True,True,False,True,True,True,True,False,False,False,12,False,0.0834024641328308,0.0755292841853105,1.0,12749520.125,0.6506469500924215,0.0,3.0,,,,,,0.0149632095051773,-0.0326505200810125,0.1525032842214165,-1.5593950455522252,0.276241134751773,-1.5593950455522252,0.3607692761822472,-679.0,0.3617021276595745,0.3687943262411347,0.226950354609929,0.3414893617021277,0.3368794326241135,連宇
8.579999923706055,8.600000381469727,8.470000267028809,8.470000267028809,1451670.0,-0.0081966856132198,8.552000045776367,0.0405405294579321,8.406500005722046,0.0667506556661015,8.058333309491475,0.0023669181319674,8.135083349545797,0.0121606192398935,62.068976856990176,1664070.9,0.8723606668441832,0.0075537097797584,2511.TW,2026-07-22,-0.0307979748461393,0.1166666502593665,bull,0.1857670979667282,0.3570767807585568,2026-03-31,2026-05-15,2153305000.0,656416000.0,141991000.0,111197000.0,17527000.0,101951000.0,0.06,21371055000.0,5666639000.0,47461368000.0,21286102000.0,26175266000.0,7872086000.0,536900000.0,4267000000.0,4500000000.0,0.1576211588442134,119610214.0345513,41794729000.0,0.0028618492545926,0.0038949365404729,0.0021480838900387,0.8132143528168921,0.3048411627707175,0.0659409605234743,0.0473462886121566,0.2676633850236747,,,39.44861186578996,39.44861186578996,False,69.94179129369168,69.94179129369168,62.31849643671625,522.0,True,False,True,True,True,True,True,True,True,False,True,True,True,True,False,False,False,12,False,0.051085868718343,0.0411694512634233,1.0,14094680.96735487,0.6349353049907579,0.0,3.0,,,,,,0.0488565416930742,0.0174073427855674,0.178767263319814,-1.260813314386024,0.5322695035460994,-1.260813314386024,0.6122155359744013,-522.0,0.5035460992907801,0.3829787234042553,0.6666666666666666,0.5280141843971631,0.5,太子
35.599998474121094,35.900001525878906,35.400001525878906,35.70000076293945,2402715.0,-0.0178816434241225,35.75000076293945,0.0515463905942039,35.05499973297119,0.1880200222737704,32.73333330154419,0.0917431171255522,32.25124998092652,0.0055216902046391,62.79074925236228,1729062.7,1.3896054781587737,0.0183996872024392,2520.TW,2026-07-22,-0.0307979748461393,0.1166666502593665,bull,0.1561922365988909,0.1822386679000925,2026-03-31,2026-05-15,4862541000.0,1141758000.0,658447000.0,599530000.0,162065000.0,308665000.0,0.52,53619294000.0,30715620000.0,65803063000.0,37306228000.0,28496835000.0,17736193000.0,16539209000.0,220000000.0,3700000000.0,0.2703200840658515,480455551.60709226,35087443000.0,0.0136930910470475,0.0108315537497409,0.0046907390921908,1.3091358391203796,0.2348068633251627,0.1354121230031787,0.063478127999332,0.0287244960456058,,,37.26396887406752,37.26396887406752,False,78.54856439787702,78.54856439787702,68.22741551692464,571.0,True,True,True,True,True,True,True,True,True,True,True,True,True,True,False,False,False,14,False,0.0906313889290129,0.1069338640844164,1.0,61727539.70917015,0.4288354898336414,1.0,3.0,,,,,,0.0656924897587041,0.0233238605637874,0.2202869022063862,-1.4406132344722071,0.6457446808510638,-1.4406132344722071,0.6321154079051056,-571.0,0.4468085106382978,0.6312056737588653,0.6808510638297872,0.4819148936170212,0.548936170212766,冠德
49.79999923706055,50.70000076293945,48.79999923706055,49.04999923706055,2304635.0,0.0887902345780593,49.51999969482422,0.2355163298346698,43.76499977111816,0.4034334239292079,38.35583318074544,0.6214875780846463,34.69083326657613,0.0609053951054722,66.59793396028594,1765855.4,1.3051096935796669,0.1207585854811339,2527.TW,2026-07-22,-0.0307979748461393,0.1166666502593665,bull,0.0286506469500924,0.0804810360777058,2026-03-31,2026-05-15,4588717000.0,1261812000.0,1127130000.0,1064163000.0,166487000.0,902888000.0,3.45,13282023000.0,8513905000.0,33780839000.0,11901818000.0,21879021000.0,1538877000.0,2676000000.0,3358749000.0,,0.1564487771140323,950791889.8514608,25266934000.0,0.0376298877359421,0.0412672943638565,0.0267278145459915,0.5439831151494393,0.2749814381667032,0.2456307503818605,0.1967626244983074,24.973085718167,,,82.24426248497689,82.24426248497689,False,88.45110884684522,88.45110884684522,86.89939725637814,75.0,True,True,True,True,True,True,True,True,True,True,True,True,True,True,True,False,False,14,False,0.278814594012875,0.4139181627648929,1.0,86615206.02275924,0.3872458410351201,1.0,2.0,,,,,,0.0351879703074572,-0.0157351296440526,0.3817164544222758,-1.1696516072509855,0.6056737588652482,-1.1696516072509855,0.6607233137330331,-75.0,0.9645390070921984,1.0,0.723404255319149,0.9283687943262412,0.926950354609929,宏璟
44.0,44.79999923706055,43.29999923706055,44.79999923706055,15210024.0,0.0310701599635545,43.76999893188477,0.0394431745504633,43.50499954223633,0.1487179291553986,42.93083330790201,0.1666666004392862,39.83416668574015,0.000172416687178,64.91228539821091,8549597.85,1.7790338524519025,0.0297666867819865,2542.TW,2026-07-22,-0.0307979748461393,0.1166666502593665,bull,0.1931608133086876,0.2229417206290471,2026-03-31,2026-05-15,16191907000.0,4874634000.0,3912933000.0,3918335000.0,698387000.0,2421313000.0,1.15,244126134000.0,168451704000.0,269504119000.0,203260373000.0,66243746000.0,18030010000.0,104829064000.0,11468836000.0,23019028000.0,0.1782356536641201,3215508829.0010934,101052415000.0,0.0318202076516537,0.0365515712230404,0.0089843265067128,3.068370756086167,0.3010537301134449,0.2416597995529495,0.1495384700517363,13.610654325020349,,,58.947380152838136,58.947380152838136,False,75.27325727062299,75.27325727062299,71.19178799117678,278.0,True,True,True,True,True,True,True,True,True,True,True,True,True,True,False,False,False,14,False,0.0435390087994049,0.1246626442696006,1.0,383021977.15717447,0.2181146025878003,1.0,3.0,,,,,,0.0846250871513633,0.1019553110029261,0.2263723028948319,0.1510941366004694,0.8528368794326242,0.1510941366004694,0.8443888697458164,-278.0,0.7659574468085106,0.7659574468085106,0.8865248226950354,0.7840425531914893,0.7900709219858156,興富發
98.5,98.5,95.5999984741211,96.0,207806.0,0.0031348282270067,96.5,0.0367170797181934,94.29999961853028,0.1401425591382299,90.07333348592122,0.0690422799280832,87.61916669209798,0.0067257385049492,59.16665395100917,131282.8,1.5828882382155165,0.0180275756982681,2546.TW,2026-07-22,-0.0307979748461393,0.1166666502593665,bull,0.1977818853974122,0.2312673450508788,2026-03-31,2026-05-15,4271987000.0,331333000.0,227648000.0,236497000.0,50162000.0,186338000.0,1.43,15279304000.0,9683343000.0,16184746000.0,9989889000.0,6194857000.0,7854449000.0,0.0,,,0.2121041704545935,179362909.8043527,6501403000.0,0.0275883389791945,0.0300794675325031,0.0115131865523252,1.6126101054471476,0.0775594588653944,0.0532885516739634,0.0436185784273219,0.0858039345262302,,,37.32527210445105,37.32527210445105,False,77.60750860624528,77.60750860624528,67.53694948079672,570.0,True,True,True,True,True,True,True,True,True,True,True,True,True,True,False,False,False,14,False,0.0657982366668503,0.0956506849392104,1.0,12603148.8,0.6524953789279113,1.0,3.0,,,,,,0.0926054283589731,0.0741285275530021,0.3143106757238694,0.6474567160059614,0.9468085106382976,0.6474567160059614,0.9209836006599512,-570.0,0.4539007092198581,0.6099290780141844,0.9716312056737588,0.5315602836879433,0.6042553191489362,根基
63.5,64.69999694824219,63.400001525878906,64.0999984741211,4469127.0,-0.0015576087052108,62.619998931884766,0.0439738905723674,62.01499938964844,0.0612582260723435,64.00215250651041,0.0338709431309853,62.92357619603475,0.0034789576221174,64.9635014139443,3328959.2,1.3424997819138185,0.0336208837376958,2606.TW,2026-07-22,-0.0307979748461393,0.1166666502593665,bull,0.177449168207024,0.3691026827012026,2026-03-31,2026-05-15,3891765000.0,1243986000.0,987897000.0,987799000.0,68000.0,987731000.0,1.17,29154469000.0,15158773000.0,89632874000.0,49048791000.0,40584083000.0,18437340000.0,5972000000.0,33795287000.0,,6.883991581283237e-05,987828993.2536882,74474101000.0,0.0132640606598754,0.0243378912860985,0.0110197403689186,1.2085721143434485,0.3196457134487822,0.2538429221702749,0.2538002680017935,0.1329549990000165,,,55.37983321173965,55.37983321173965,False,61.70097258707759,61.70097258707759,60.1206877432431,303.0,True,False,True,True,True,False,True,True,True,False,True,True,True,True,False,False,False,11,False,0.0015287918261925,0.0186960492267838,1.0,213386279.64041135,0.2828096118299446,1.0,3.0,,,,,,0.0294680950025746,-0.0087335627363902,0.1426846534150589,-1.850048464395828,0.2730496453900709,-1.850048464395828,0.4372860675144382,-303.0,0.7375886524822695,0.3120567375886525,0.3475177304964539,0.6790780141843971,0.5319148936170213,裕民
14.550000190734863,14.550000190734863,14.300000190734863,14.300000190734863,193407.0,-0.0034843337564945,14.229999923706057,0.0400000138716263,14.1300000667572,0.0671642237183365,13.685833326975503,-0.0206157057070649,13.97958067258199,0.0065894903480924,59.99999999999999,385302.05,0.501962032125186,0.012031148136907,2611.TW,2026-07-22,-0.0307979748461393,0.1166666502593665,bull,0.1894639556377079,0.3552266419981498,2026-03-31,2026-05-15,353426000.0,93706000.0,35228000.0,64426000.0,5952000.0,53112000.0,0.28,2531460000.0,477345000.0,3873907000.0,1025452000.0,2848455000.0,534450000.0,60000000.0,9174000.0,,0.0923850619315183,31973459.038276475,3396562000.0,0.0094134772273482,0.0186458975128622,0.0137101897386798,0.3600028787535699,0.2651361246767357,0.0996757454177112,0.1502775687131111,1.1037011464149238,,,54.537917356638296,54.537917356638296,False,70.32689984787947,70.32689984787947,66.37965422506917,309.0,True,False,True,True,True,True,True,True,True,False,True,True,False,True,False,False,False,11,False,0.0448761028346591,0.022920538581054,1.0,5509819.388490533,0.7541589648798521,0.0,3.0,,,,,,0.0637108803820502,0.0194860272957982,0.1712246492456092,-1.3578854116065189,0.5709219858156028,-1.3578854116065189,0.4372725432124255,-309.0,0.723404255319149,0.5602836879432624,0.3404255319148936,0.6659574468085107,0.597872340425532,志信
85.19999694824219,87.4000015258789,84.80000305175781,85.0999984741211,15949852.0,0.0416156873057516,82.19999847412109,0.1205487623683301,79.04427528381348,0.140750673120221,79.74631640116374,0.1197368220279091,78.23565826416015,0.0114566538911071,70.53315887754788,9439899.0,1.6896210436149794,0.0766117871099982,2615.TW,2026-07-22,-0.0307979748461393,0.1166666502593665,bull,0.065619223659889,0.2303422756706753,2026-03-31,2026-05-15,33640864000.0,7656632000.0,5825197000.0,9789626000.0,2113020000.0,7671518000.0,2.73,141008376000.0,35567443000.0,420232464000.0,133190864000.0,287041600000.0,99479800000.0,1000000000.0,42718782000.0,0.0,0.2158427707044171,4567870339.620942,384665021000.0,0.0118749303686256,0.0267261539790748,0.0182554149362434,0.4640124079575922,0.2275991484642011,0.1731583647792161,0.2280416460171772,-0.0929984351119866,,,48.73816272918027,48.73816272918027,False,67.91033996081147,67.91033996081147,63.117295652903664,389.0,True,False,True,True,True,False,True,True,True,True,True,True,True,True,False,False,False,12,False,0.0671339105624098,0.0877392785113881,1.0,803335390.4958572,0.1543438077634011,1.0,3.0,,,,,,0.0567768230305579,0.0072355089164921,0.2498046238559856,-0.8981475779194715,0.6968085106382979,-0.8981475779194715,0.5603784158712594,-389.0,0.624113475177305,0.4397163120567376,0.5531914893617021,0.6134751773049645,0.5546099290780142,萬海
59.20000076293945,61.20000076293945,53.09999847412109,53.20000076293945,22471353.0,-0.1206611444142239,55.20000076293945,0.2532391002778305,53.23000011444092,0.0802030611764355,46.629166793823245,0.0028478856979889,48.11742766698202,0.0697347240674855,52.955667014875246,13375419.4,1.6800484775826916,-0.0005635797752577,2630.TW,2026-07-22,-0.0307979748461393,0.1166666502593665,bull,0.0249537892791127,0.3330249768732655,2026-03-31,2026-05-15,1096139000.0,99835000.0,28684000.0,22779000.0,4780000.0,17999000.0,0.09,4412587000.0,1553773000.0,5621038000.0,2241218000.0,3379820000.0,184907000.0,488000000.0,514600000.0,,0.2098423987005575,22664880.635673206,4067265000.0,0.005572511413855,0.0053254315318567,0.0032020776233855,0.6631175624737412,0.0910787774178274,0.0261682140677414,0.0164203627459656,-0.1292073375633449,,,17.319949572923083,17.319949572923083,False,71.32054349202282,71.32054349202282,57.82039501224789,908.0,True,False,True,True,False,True,True,True,True,False,True,True,True,True,False,False,False,11,False,0.1409168214000045,0.1056285288385245,1.0,711572322.2846352,0.1645101663585952,1.0,3.0,,,,,,-0.0061306198125309,-0.0801545019400219,0.1801935439821356,-1.6749422973707149,0.2113475177304964,-1.6749422973707149,0.3539905153519212,-908.0,0.1560283687943262,0.2198581560283688,0.2127659574468085,0.1645390070921985,0.1865248226950354,亞航
73.0,75.30000305175781,64.4000015258789,64.4000015258789,153508879.0,-0.0571010446796537,65.32000045776367,0.3062880836206414,59.58982696533203,0.3360995955708674,51.32827568054199,0.1541219069248036,51.41497131983439,0.0749528834214104,61.47354875317574,53816496.55,2.852450249290708,0.0807214050704547,2634.TW,2026-07-22,-0.0307979748461393,0.1166666502593665,bull,0.0157116451016635,0.1008325624421831,2026-03-31,2026-05-15,7587090000.0,591710000.0,272385000.0,343445000.0,82787000.0,260658000.0,0.28,37638357000.0,26369324000.0,51480606000.0,33336880000.0,18143726000.0,2181426000.0,5295860000.0,1125000000.0,3448642000.0,0.2410487851038739,206726926.6694813,25111282000.0,0.0082324322059495,0.0143662883797958,0.005063227111196,1.837377835181153,0.0779890577283253,0.0359011162382415,0.0343554643479911,0.0064028588028364,,,19.130159005497152,19.130159005497152,False,88.20845506046037,88.20845506046037,70.93888104671956,872.0,True,True,True,True,True,True,True,True,True,True,True,True,True,True,False,False,False,14,False,0.2546691014265314,0.2525534853509734,1.0,3465782459.9374566,0.0480591497227356,1.0,3.0,,,,,,-0.0099797446775833,-0.0820033099187729,0.2073365977121461,-1.7017829650616427,0.2468085106382978,-1.7017829650616427,0.2810530257570244,-872.0,0.1985815602836879,0.7588652482269503,0.1631205673758865,0.1932624113475177,0.3595744680851063,漢翔
82.4000015258789,84.69999694824219,81.9000015258789,83.5999984741211,3374911.0,-0.0035757216484111,81.13999938964844,0.1043593374419857,78.59499969482422,0.1611110899183485,76.14110412597657,0.1774647672411422,73.48471870422364,0.0137366151446689,75.53648897814227,3024703.4,1.1157824598603618,0.0636808804469843,2637.TW,2026-07-22,-0.0307979748461393,0.1166666502593665,bull,0.077634011090573,0.213691026827012,2026-03-31,2026-05-15,4338022000.0,1244039000.0,1197473000.0,1201283000.0,6082000.0,1195201000.0,1.6,8930959000.0,8128467000.0,84286573000.0,33874386000.0,50412187000.0,5975075000.0,2132536000.0,18694305000.0,992902000.0,0.0050629202277897,1191410289.726068,76158106000.0,0.0156439065032167,0.0237085726909645,0.0141802063775923,0.6719483524886551,0.2867756318432686,0.276041246448266,0.2755175054437253,0.2360516073148353,,,62.80204855376821,62.80204855376821,False,73.6002978660259,73.6002978660259,70.90073553796148,238.0,True,False,True,True,True,True,True,False,True,True,True,True,True,True,True,False,False,12,False,0.0979614681684111,0.137651472962855,1.0,252865199.62466887,0.2587800369685767,1.0,3.0,,,,,,0.0349499348714317,-0.0283993583512262,0.2013691223103748,-1.669500212676862,0.375886524822695,-1.669500212676862,0.3270996499093138,-238.0,0.8297872340425532,0.75177304964539,0.1914893617021276,0.7340425531914894,0.6787234042553192,慧洋-KY
47.70000076293945,47.70000076293945,45.650001525878906,46.20000076293945,187095.0,0.0222237096117474,45.57856597900391,0.0209944919986619,44.961562156677246,0.1000000181652249,43.54968719482421,0.0744186223939407,43.21942694981893,-0.0003414718590603,70.4622923092561,102423.95,1.826672374966988,0.0275443856231381,2704.TW,2026-07-22,-0.0307979748461393,0.1166666502593665,bull,0.2458410351201478,0.2950971322849213,2026-03-31,2026-05-15,378532000.0,113136000.0,11772000.0,102498000.0,43662000.0,58697000.0,0.16,22038050000.0,4179836000.0,34495152000.0,8091080000.0,26404072000.0,3958344000.0,340000000.0,400000000.0,,0.4,7063200.0,30315316000.0,0.0002329911388685,0.0022230283268429,0.0017016014308329,0.3064330380556453,0.2988809400526243,0.0310990880559635,0.1550648293935519,0.0078893625405718,,,28.393804821713665,28.393804821713665,False,55.653769649809135,55.653769649809135,48.83877844278527,712.0,True,False,True,True,True,True,False,True,True,False,True,True,True,True,False,False,False,11,False,0.0608572354666701,0.0689637513375915,1.0,4731986.568143272,0.7717190388170055,1.0,3.0,,,,,,0.0398789587917708,0.0121404873318344,0.1981104965352325,-1.357857696736794,0.4960992907801418,-1.357857696736794,0.5445774231678487,-712.0,0.3262411347517731,0.0283687943262411,0.5035460992907801,0.3528368794326241,0.2723404255319149,國賓
24.200000762939453,24.64999961853028,24.200000762939453,24.64999961853028,38495066.0,0.0378947207802222,24.129999923706052,0.0764192152467952,23.789999866485594,0.1738095056442989,22.079166634877524,0.2083333372290616,21.43083332379659,0.0125558580888939,75.99998474121097,30375933.15,1.2672883433706137,0.036149632487229,2801.TW,2026-07-22,-0.0307979748461393,0.1166666502593665,bull,0.1127541589648798,0.1979648473635522,2026-03-31,2026-05-15,,,,,992320000.0,5221136000.0,,,,3481563454000.0,3255586729000.0,225976725000.0,40993679000.0,,,,,,3481563454000.0,,0.0231047511640855,0.0014996526902307,14.406734715710211,,,,,,,11.293260418625334,11.293260418625334,False,71.90812628232233,71.90812628232233,56.75440981639808,1025.0,True,False,True,True,True,True,True,False,True,True,True,True,True,True,False,False,False,12,False,0.1164370479269683,0.1502119047866961,1.0,748766740.5600011,0.1589648798521257,0.0,3.0,,,,,,0.0457081481322362,-0.0674636523889661,0.2067758497466105,-1.005507730713611,0.4882978723404255,-1.005507730713611,0.4813949506594905,-1025.0,0.0709219858156028,0.1773049645390071,0.4113475177304964,0.1219858156028368,0.1709219858156028,彰銀
34.099998474121094,34.20000076293945,33.650001525878906,33.650001525878906,162629.0,-0.0316546323488085,33.960000610351564,0.0044776574889224,34.14000015258789,0.1179402358610814,32.507443300882976,0.1406780178264035,31.32538838386536,0.0024959691402806,50.0,253195.25,0.6423066783440843,-0.0143526252055929,2816.TW,2026-07-22,-0.0307979748461393,0.1166666502593665,bull,0.333641404805915,0.2571692876965772,2026-03-31,2026-05-15,,,460640000.0,461658000.0,63688000.0,,,,,25125030000.0,16643189000.0,8481841000.0,3180641000.0,,,,0.1379549363381551,397092438.1251922,25125030000.0,0.0158046552830063,,,1.962214217408697,,,,,,,38.97407433693017,38.97407433693017,False,58.56152566340812,58.56152566340812,53.66466283178863,537.0,True,False,True,True,False,True,True,True,True,True,True,True,False,True,False,False,False,11,False,0.0351475880283975,0.0742085976246309,1.0,8520020.548845291,0.7042513863216266,1.0,3.0,,,,,,0.0581272895617487,0.0111628921785218,0.1562666469520161,-1.299328367247441,0.5340425531914893,-1.299328367247441,0.5817626994282629,-537.0,0.4893617021276595,0.0921985815602836,0.5957446808510638,0.5053191489361701,0.3914893617021276,旺旺保
56.79999923706055,56.79999923706055,56.29999923706055,56.29999923706055,188008.0,-0.0157342922006047,56.65999984741211,0.0053571292332239,56.475,0.1039215536678539,54.13726463317871,0.125999984741211,51.40821574529012,0.0010635442213918,47.169818110889736,228278.1,0.8235919258132952,-0.0030987297554573,2832.TW,2026-07-22,-0.0307979748461393,0.1166666502593665,bull,0.3243992606284658,0.2839962997224792,2026-03-31,2026-05-15,,,514384000.0,513794000.0,96832000.0,,,,,25841065000.0,13610551000.0,12230514000.0,3713301000.0,,,,0.1884646375784847,417440805.8638287,25841065000.0,0.0161541641516643,,,1.112835568480605,,,,,,,55.14019466216183,55.14019466216183,False,58.168114688084046,58.168114688084046,57.41113468160349,306.0,True,False,True,True,False,True,True,False,True,False,True,True,True,True,False,False,False,10,False,0.0399490927097261,0.0951556754275915,1.0,12852056.855837632,0.6497227356746765,1.0,3.0,,,,,,0.0515804223439417,0.0105973415190454,0.129543729871888,-1.5365129281595342,0.4372340425531914,-1.5365129281595342,0.4554480744906549,-306.0,0.7304964539007093,0.2127659574468085,0.375886524822695,0.6773049645390071,0.5042553191489362,台產
18.0,18.14999961853028,17.950000762939453,18.100000381469727,35670570.0,0.0140056019415846,18.059999847412108,0.0168539975993122,17.920000076293945,0.1207430841485626,16.99666665395101,0.1383648311774497,16.266250014305115,0.0063175627975857,59.459467818911165,33417922.75,1.067408356493373,0.0100446598442764,2834.TW,2026-07-22,-0.0307979748461393,0.1166666502593665,bull,0.2726432532347504,0.2543940795559667,2026-03-31,2026-05-15,,,,,886677000.0,3437983000.0,,,,2555347612000.0,2406237987000.0,149109625000.0,29451426000.0,,,,,,2555347612000.0,,0.0230567476780925,0.0013454071703807,16.137375350518116,,,,,,,11.10187505518378,11.10187505518378,False,70.14793928176076,70.14793928176076,55.38642322511651,1026.0,True,False,True,True,True,True,True,True,True,True,True,True,True,True,False,False,False,13,False,0.0649147123952236,0.1127334428987594,1.0,604864414.5229259,0.1811460258780036,0.0,3.0,,,,,,0.0486232574471365,-0.0414778165351851,0.1915316237904361,-0.9456516391645118,0.5067375886524823,-0.9456516391645118,0.5128322338681107,-1026.0,0.0638297872340425,0.1276595744680851,0.4822695035460992,0.126595744680851,0.1666666666666666,臺企銀
12.649999618530272,12.850000381469728,12.649999618530272,12.800000190734863,6680384.0,0.0199203184223506,12.660000038146972,0.0448979747538664,12.452500009536744,0.0801687576947831,12.13416673342387,0.0578512220823672,12.1662500222524,0.007280077776007,73.07695129215617,3914345.05,1.7066415746869328,0.0279060574930325,2836.TW,2026-07-22,-0.0307979748461393,0.1166666502593665,bull,0.1756007393715342,0.333950046253469,2026-03-31,2026-05-15,,,,,96508000.0,,,,,352880627000.0,325850614000.0,27030013000.0,2536364000.0,,,,,,352880627000.0,,,,12.05514085398331,,,,,,,0.0,0.0,False,67.82005166454552,67.82005166454552,50.865038748409134,1079.0,True,False,True,True,True,True,True,False,True,False,True,True,True,True,False,False,False,11,False,0.05487261481886,0.0520908387813268,1.0,50103617.38660207,0.4593345656192236,0.0,3.0,,,,,,0.0597435382929753,0.0008276542027096,0.2019851956442311,-0.4024810973381372,0.6673758865248227,-0.4024810973381372,0.6926434392920018,-1079.0,0.0141843971631205,0.0496453900709219,0.7730496453900709,0.1280141843971631,0.176595744680851,高雄銀
13.399999618530272,13.5,13.300000190734863,13.350000381469728,9636138.0,-0.0074349018002605,13.4,0.0269231062669021,13.230000019073486,0.0897959495077329,12.650833384195964,0.051181148186348,12.58291668097178,0.0068493121355484,62.96297342852186,12064303.0,0.798731431065682,0.0090703221635102,2845.TW,2026-07-22,-0.0307979748461393,0.1166666502593665,bull,0.2264325323475046,0.3117483811285846,2026-03-31,2026-05-15,,,,,143704000.0,1221472000.0,,,,891493396000.0,820291532000.0,71201864000.0,7041472000.0,,,,,,891493396000.0,,0.0171550565024533,0.0013701413891348,11.520646875199784,,,,,,,8.670319530616531,8.670319530616531,False,68.98809309440625,68.98809309440625,53.90864970345882,1055.0,True,False,True,True,True,True,True,True,True,False,True,True,False,True,False,False,False,11,False,0.0552664773964375,0.0609623126296268,1.0,161058449.6521664,0.310536044362292,0.0,3.0,,,,,,0.045021914420616,-0.0305454757905015,0.2049635874392854,-0.615985912799542,0.5531914893617021,-0.615985912799542,0.5583754761298659,-1055.0,0.0354609929078014,0.0992907801418439,0.5460992907801419,0.1120567375886524,0.1567375886524822,遠東銀
15.100000381469728,15.149999618530272,14.550000190734863,14.550000190734863,251285.0,-0.0168918916741978,14.90999984741211,-0.0102040558147308,14.472370481491089,0.0543478253357951,14.063290135065715,0.0898876235936874,13.717478378613787,0.0057331982885653,55.31328312674259,229377.5,1.095508495820209,0.0053639940563334,2849.TW,2026-07-22,-0.0307979748461393,0.1166666502593665,bull,0.4186691312384473,0.3894542090656799,2026-03-31,2026-05-15,,,,,36199000.0,,,,,398942212000.0,362433426000.0,36508786000.0,2706824000.0,,,,,,398942212000.0,,,,9.92729328222527,,,,,,,0.0,0.0,False,57.62790016911477,57.62790016911477,43.22092512683608,1080.0,True,False,False,True,True,True,True,True,True,False,True,True,True,True,False,False,False,11,False,0.0346085482838454,0.0606905867931977,1.0,3337442.668750286,0.8253234750462107,0.0,3.0,,,,,,0.1030818028773487,0.0356158125946914,0.2275439720576569,-0.065472059230585,0.8407801418439717,-0.065472059230585,0.8816847222115799,-1080.0,0.0070921985815602,0.0070921985815602,0.9432624113475178,0.1475177304964539,0.1943262411347518,安泰銀
146.5,149.0,146.5,147.0,179142.0,-0.01010101010101,146.8,0.0425531914893617,144.5,0.185483870967742,139.53312861124675,0.2564102564102564,128.6123976389567,0.007670850767085,63.04347826086957,238984.75,0.7495959470217242,0.0173010380622837,2850.TW,2026-07-22,-0.0307979748461393,0.1166666502593665,bull,0.1811460258780036,0.1840888066604995,2026-03-31,2026-05-15,,,1507350000.0,1508204000.0,248433000.0,,,,,58099283000.0,36260125000.0,21839158000.0,14722947000.0,,,,0.1647210854765005,1259057671.8069968,58099283000.0,0.0216707953488341,,,1.6603261444420157,,,,,,,51.89726928896828,51.89726928896828,False,74.1346208280382,74.1346208280382,68.57528294327072,341.0,True,False,True,True,True,True,True,True,True,True,True,True,False,True,False,False,False,12,False,0.0535132513910492,0.1429691281602676,1.0,35130758.25,0.5166358595194085,2.0,3.0,,,,,,-0.0031115160455189,-0.0641821341603793,0.1472465909197199,-1.8113459394539384,0.1613475177304964,-1.8113459394539384,0.208144649632771,-341.0,0.6666666666666666,0.6808510638297872,0.1134751773049645,0.5836879432624114,0.5602836879432624,新產
29.700000762939453,30.799999237060547,29.700000762939453,30.450000762939453,57892009.0,0.0099502868393004,30.05,0.0574774512444391,29.498144912719727,0.4853658908750953,26.09948425292969,0.6823204486842613,22.964742024739586,0.0035617514529925,68.34532492563399,62851504.9,0.9210918512151648,0.0322683291792116,2883.TW,2026-07-22,-0.0307979748461393,0.1166666502593665,bull,0.1414048059149723,0.0638297872340425,2026-03-31,2026-05-15,23565513000.0,,,13099615000.0,1407592000.0,11689699000.0,,,,4235032868000.0,3864021319000.0,371011549000.0,75116245000.0,,,,0.1074529289601259,,4235032868000.0,,0.0315076418281523,0.0027602380818169,10.414827596108069,,,0.4960511150340754,-0.1317078255463794,,,12.146336472811727,12.146336472811727,False,73.68966643370743,73.68966643370743,58.303833943483504,1014.0,True,False,True,True,True,True,True,True,True,True,True,True,True,True,False,False,False,13,False,0.166689750182378,0.3259456923198225,1.0,1913828372.1568928,0.0794824399260628,1.0,3.0,,,,,,-0.0200566883739951,-0.1296098240472656,0.2857723496940507,-1.0183414403929425,0.4127659574468085,-1.0183414403929425,0.425258603369657,-1014.0,0.0780141843971631,0.2411347517730496,0.3191489361702128,0.1141843971631205,0.175177304964539,凱基金
36.75,37.20000076293945,36.04999923706055,36.04999923706055,35004841.0,0.04644407659469,35.76999969482422,0.073630858904369,34.460163307189944,0.1075268842407528,33.225353145599364,0.092424219304865,33.159343242645264,0.008312952728721,74.73682604337993,51225083.45,0.6833535182849956,0.0461354728849729,2884.TW,2026-07-22,-0.0307979748461393,0.1166666502593665,bull,0.1192236598890942,0.2765957446808511,2026-03-31,2026-05-15,25169421000.0,,,12706707000.0,2639201000.0,10056957000.0,,,,4679436007000.0,4394289185000.0,285146822000.0,45485669000.0,,,,0.2077014131198586,,4679436007000.0,,0.0352693988642805,0.0021491814365995,15.410619533399537,,,0.3995704549580223,0.174006725249566,,,29.938092003685178,29.938092003685178,False,68.3530193267203,68.3530193267203,58.74928749596152,686.0,True,False,True,True,True,True,True,False,True,False,True,True,False,True,False,False,False,10,False,0.0850147801013005,0.0871747058819214,1.0,1846664219.290863,0.0813308687615526,1.0,3.0,,,,,,-0.066660737769789,-0.1873093505460539,0.1451096606231332,-1.341590384247913,0.1606382978723404,-1.341590384247913,0.1788317508650968,-686.0,0.3404255319148936,0.2624113475177305,0.0992907801418439,0.3042553191489361,0.2687943262411347,玉山金
47.900001525878906,49.04999923706055,47.650001525878906,48.20000076293945,24653527.0,0.0478261035421621,47.83999938964843,0.0819304509177751,46.7625,0.2110553187663653,43.09666678110759,0.1886560214503583,41.272083314259845,0.0153069515830912,67.7419612857021,37283336.7,0.6612478705533885,0.0307404600468206,2886.TW,2026-07-22,-0.0307979748461393,0.1166666502593665,bull,0.1016635859519408,0.1618871415356151,2026-03-31,2026-05-15,20768442000.0,,,11219594000.0,1822242000.0,9397352000.0,,,,5003279677000.0,4601326283000.0,401953394000.0,108936088000.0,,,,0.1624160375143699,,5003279677000.0,,0.0233792079884763,0.0018782383969458,11.447412440557724,,,0.4524822805677961,0.1010590363542149,,,21.43739093265881,21.43739093265881,False,72.97355079172856,72.97355079172856,60.08951082696112,835.0,True,False,True,True,True,True,True,True,True,True,True,True,False,True,False,False,False,12,False,0.1184159788447729,0.1678596497280755,1.0,1797056857.3849287,0.0850277264325323,1.0,3.0,,,,,,-0.0734343634686054,-0.1771042110957251,0.1703781155381016,-1.5042064636947303,0.1698581560283688,-1.5042064636947303,0.1691068339997706,-835.0,0.2482269503546099,0.2978723404255319,0.0851063829787234,0.2237588652482269,0.2304964539007092,兆豐金
34.25,35.0,34.25,34.599998474121094,54079605.0,-0.0047069721895249,34.41044921875,0.0949366473555668,34.15610542297363,0.4537814950953089,28.86703510284424,0.5142231026910644,26.436017545064296,0.016671996667101,58.65580111819835,75722360.75,0.7141827653597026,0.0129960089316534,2887.TW,2026-07-22,-0.0307979748461393,0.1166666502593665,bull,0.0878003696857671,0.0703052728954671,2026-03-31,2026-05-15,47867456000.0,,,25588754000.0,4532177000.0,21040510000.0,,,,9064708955000.0,8465511408000.0,599197547000.0,97795796000.0,,,,0.1771159705548773,,9064708955000.0,,0.035114479532407,0.0023211456765409,14.12808088147931,,,0.439557723727787,0.933005034802805,,,37.907562917661295,37.907562917661295,False,79.08669240712071,79.08669240712071,68.79191003475586,561.0,True,True,True,True,True,True,True,True,True,True,True,True,False,True,False,False,False,13,False,0.1985989676754851,0.3088203779234155,1.0,2619993566.406847,0.0628465804066543,1.0,3.0,,,,,,-0.1106009145213417,-0.1893308401511772,0.1494247882720124,-1.5865109179589594,0.1131205673758865,-1.5865109179589594,0.1118279641067428,-561.0,0.4680851063829787,0.7021276595744681,0.0425531914893617,0.4042553191489362,0.4531914893617021,台新新光金
15.75,15.850000381469728,15.649999618530272,15.699999809265137,6951456.0,-0.0063291379912999,15.75,0.0501672247203102,15.400000095367432,0.0865051914532564,14.993333371480306,-0.0397553857516277,15.532083368301391,0.0108303254747075,76.47053543679887,7437661.05,0.9346293079596576,0.0194805007818117,2889.TW,2026-07-22,-0.0307979748461393,0.1166666502593665,bull,0.1598890942698706,0.3163737280296022,2026-03-31,2026-05-15,2670617000.0,,,1318966000.0,191865000.0,897373000.0,,,,469578158000.0,414812209000.0,54765949000.0,15724281000.0,,,,0.1454662212672654,,469578158000.0,,0.0163856012063262,0.0019110194644104,7.57427227272187,,,0.3360171076571444,0.5571184687557942,,,31.713016597318976,31.713016597318976,False,63.91735903631481,63.91735903631481,55.866273426565854,654.0,True,False,True,True,True,True,True,False,True,False,True,True,True,True,False,False,False,11,False,0.0471320433072623,0.0108109412615204,1.0,116771277.06637871,0.3521256931608133,0.0,3.0,,,,,,-0.0067778042714273,-0.0943883844105488,0.1713031300864989,-1.1622152353756527,0.275177304964539,-1.1622152353756527,0.2798001289490651,-654.0,0.375886524822695,0.1347517730496454,0.1560283687943262,0.3429078014184397,0.2595744680851063,國票金
40.04999923706055,40.59999847412109,39.70000076293945,40.400001525878906,72682376.0,0.0112640989823686,40.03000030517578,0.0214918408398314,40.12750053405762,0.2724409929410678,34.88000014623006,0.3764906644221257,33.07416672706604,0.0060799875588362,57.25807146276303,45034436.15,1.6139288556408409,0.0067908787787569,2890.TW,2026-07-22,-0.0307979748461393,0.1166666502593665,bull,0.2430683918669131,0.1304347826086956,2026-03-31,2026-05-15,26199317000.0,,,13172491000.0,2157069000.0,10973530000.0,,,,3820349236000.0,3552231164000.0,268118072000.0,41779009000.0,,,,0.163755587306911,,3820349236000.0,,0.0409279759403909,0.0028723892299148,13.24875692825361,,,0.4188479417230609,0.4040584778805451,,,40.18365017296791,40.18365017296791,False,75.73921307195687,75.73921307195687,66.85032234720963,507.0,True,True,True,True,True,True,True,True,True,True,True,True,True,True,False,False,False,14,False,0.1582569196246253,0.2214971841699586,1.0,1819391289.177096,0.0831792975970425,1.0,3.0,,,,,,-0.0997728066488236,-0.1744479978439761,0.1655859225638013,-1.412360058889242,0.1744680851063829,-1.412360058889242,0.1770578004949204,-507.0,0.5106382978723404,0.5815602836879432,0.0921985815602836,0.4478723404255318,0.4482269503546099,永豐金
34.04999923706055,34.75,34.04999923706055,34.400001525878906,31026666.0,0.0392750184799617,34.17000045776367,0.0733230060767355,33.38749980926514,0.2134039175662097,30.728333123524983,0.1563025722984505,29.826249901453654,0.0135853137396011,73.95834989016858,40614497.25,0.7639308153691352,0.030325772291964,2892.TW,2026-07-22,-0.0307979748461393,0.1166666502593665,bull,0.1201478743068391,0.1581868640148011,2026-03-31,2026-05-15,19296673000.0,,,10035758000.0,1792064000.0,8243694000.0,,,,5146398447000.0,4848752228000.0,297646219000.0,66304190000.0,,,,0.1785678769854753,,5146398447000.0,,0.0276962832845526,0.0016018374956578,16.290320247609124,,,0.427208047729264,0.0559316737098873,,,19.735682713005552,19.735682713005552,False,69.96803986142181,69.96803986142181,57.40995057431776,867.0,True,False,True,True,True,True,True,False,True,True,True,True,False,True,False,False,False,11,False,0.1194880434156373,0.1533465199123922,1.0,1397138767.3728046,0.0988909426987061,1.0,3.0,,,,,,-0.0485540183586264,-0.1562849728212234,0.209785142149647,-1.0818520155184694,0.3219858156028369,-1.0818520155184694,0.3168302200949301,-867.0,0.2056737588652482,0.2056737588652482,0.1773049645390071,0.201418439716312,0.1999999999999999,第一金
23.39999961853028,24.5,23.39999961853028,24.5,25044.0,0.0020449585071724,24.129999923706052,0.0294117977049948,23.944999980926514,0.0722100477454847,23.58416665395101,-0.01010101010101,23.75000001589457,0.0018828483880128,56.16439787839992,15468.85,1.6189955943719152,0.0231781173320348,2901.TW,2026-07-22,-0.0307979748461393,0.1166666502593665,bull,0.2199630314232902,0.3496762257169287,2026-03-31,2026-05-15,33925000.0,29540000.0,6633000.0,9596000.0,1919000.0,,0.11,504302000.0,62092000.0,1086057000.0,194064000.0,891993000.0,492937000.0,,,,0.1999791579824927,5306538.245102125,1023965000.0,0.0051823433858599,,,0.2175622454436301,0.8707442888725129,0.1955195283714075,,0.0981452108891982,,,72.0006020564352,72.0006020564352,False,71.05952532605937,71.05952532605937,71.29479450865333,150.0,True,False,True,True,True,True,True,True,True,False,True,True,True,True,True,False,False,12,False,0.0388325506466671,0.0315789466780418,1.0,378986.825,0.9796672828096118,0.0,3.0,,,,,,0.0503988912631813,0.0238337900277155,0.1760481381574345,-1.464871138420953,0.5180851063829787,-1.464871138420953,0.4599090877485746,-150.0,0.900709219858156,0.7730496453900709,0.3900709219858156,0.8241134751773049,0.7602836879432624,欣欣
16.0,16.25,15.899999618530272,15.899999618530272,1447586.0,0.0192307198541414,15.589999771118164,0.0599999745686847,15.2375,0.1521738694761265,14.39583331743876,0.0095237853035092,14.714166641235352,0.0072715247326994,74.99999006589485,840051.8,1.7232104020252084,0.0434782358346363,2905.TW,2026-07-22,-0.0307979748461393,0.1166666502593665,bull,0.1367837338262477,0.2183163737280296,2026-03-31,2026-05-15,29552820000.0,,,,-68929000.0,32878000.0,0.03,133124099000.0,1468399841000.0,1617410517000.0,62246052000.0,86764624000.0,72610211000.0,2757000000.0,7269508000.0,,,,149010676000.0,,0.0003789332389661,2.032755423217024e-05,0.717412801788895,,,0.0011125165043471,-0.4161502905041906,,,21.27042291580655,21.27042291580655,False,73.0350116113548,73.0350116113548,60.093864437467744,841.0,True,False,True,True,True,True,True,False,True,True,True,True,True,True,False,False,False,12,False,0.1044862265298252,0.0805912428619444,1.0,13356823.299545668,0.6423290203327172,0.0,3.0,,,,,,0.0500056024223076,0.0120197526748586,0.1545186264483634,-1.6775648792128313,0.424822695035461,-1.6775648792128313,0.3960247815117189,-841.0,0.2411347517730496,0.3049645390070922,0.2624113475177305,0.2443262411347517,0.2645390070921986,三商
31.0,31.100000381469727,25.75,25.75,497189.0,-0.0462962962962962,25.50999984741211,0.1343611953546735,23.595000076293942,0.1757991072388929,22.502500089009605,0.3027400217290339,21.69347372055054,0.0294502573986516,59.58084235840617,133247.05,3.731332138310004,0.0913329059859251,2910.TW,2026-07-22,-0.0307979748461393,0.1166666502593665,bull,0.05452865064695,0.1970397779833487,2026-03-31,2026-05-15,134947000.0,122139000.0,79615000.0,67368000.0,16123000.0,51245000.0,0.29,1046634000.0,924884000.0,6492314000.0,3855433000.0,2636881000.0,179700000.0,437000000.0,2663000000.0,,0.2393272770454815,60560958.83802399,5567430000.0,0.010877722546673,0.0194339448765416,0.0078931795350625,1.4621186925007237,0.9050886644386316,0.5899723595189222,0.3797416763618309,0.0604038975326104,,,53.55098246287692,53.55098246287692,False,84.47237970584175,84.47237970584175,76.74203039510054,319.0,True,True,True,True,True,True,True,True,True,True,True,True,False,True,False,False,False,13,False,0.144317293551595,0.1869929330684672,1.0,3431111.5375,0.8170055452865065,0.0,3.0,,,,,,0.0463673983837631,-0.036205858882944,0.1663676446660817,-1.2329181076105669,0.426595744680851,-1.2329181076105669,0.5703736133585654,-319.0,0.7021276595744681,0.9078014184397164,0.574468085106383,0.6829787234042554,0.7382978723404257,統領
243.0,243.0,237.0,239.5,5293701.0,-0.0204498977505112,242.9,0.0644444444444445,236.125,0.0597345132743363,228.7,0.1036866359447004,225.20416666666668,0.0192079421603538,70.37037037037038,3500469.35,1.5122832028225015,0.0142932768660666,2912.TW,2026-07-22,-0.0307979748461393,0.1166666502593665,bull,0.1312384473197781,0.3737280296022202,2026-03-31,2026-05-15,88527614000.0,30610284000.0,3773259000.0,4620847000.0,1050028000.0,3090726000.0,2.97,94109724000.0,113749838000.0,295505038000.0,238221964000.0,57283074000.0,49536616000.0,11451234000.0,19468012000.0,,0.2272371277387024,2915834462.6257915,181755200000.0,0.0160426467172647,0.0539553097307592,0.0104591313262144,4.158679822245573,0.3457710268798162,0.0426223957645577,0.0349125641181292,0.0459148681272323,,,37.38307615957289,37.38307615957289,False,67.17977893604422,67.17977893604422,59.73060324192638,569.0,True,False,True,True,True,True,True,True,True,False,True,True,True,True,False,False,False,12,False,0.0472234368167905,0.063479435327203,1.0,838362409.325,0.1497227356746765,2.0,3.0,,,,,,0.0429757272252462,0.0096350639339008,0.2045778816179536,-0.2349378619673058,0.6085106382978724,-0.2349378619673058,0.5827275413711585,-569.0,0.4609929078014184,0.2836879432624113,0.6099290780141844,0.4833333333333333,0.4375886524822695,統一超
34.0,34.04999923706055,31.950000762939453,32.29999923706055,164859.0,-0.0471977055103355,35.12999954223633,0.2716535323684197,29.482499885559083,0.3458333015441894,25.69083321889242,0.5872235199795,23.4099999109904,0.0959018651561907,66.66666307467356,187849.2,0.8776135325569658,0.0955651441512093,2923.TW,2026-07-22,-0.0307979748461393,0.1166666502593665,bull,0.0203327171903881,0.0971322849213691,2026-03-31,2026-05-15,2068437000.0,1223647000.0,1093718000.0,507741000.0,478663000.0,26623000.0,0.02,43331856000.0,14759908000.0,117789596000.0,69575606000.0,48213990000.0,4643421000.0,6895034000.0,45987458000.0,,0.4,656230800.0,103029688000.0,0.0063693369623714,0.00055218412747,0.0002260216598416,1.4430584566844602,0.5915805025727155,0.5287654397982632,0.0128710712484837,1.5370100759838343,,,53.57592567176444,53.57592567176444,False,83.62918106866205,83.62918106866205,76.11586721943765,317.0,True,True,True,True,True,True,True,True,True,True,True,True,True,True,False,False,False,14,False,0.2572577526721831,0.3797522152871313,1.0,6067529.016682435,0.7356746765249538,1.0,3.0,,,,,,0.0489753343639496,0.0183276127177688,0.2894574811870423,-1.433714871815299,0.6446808510638298,-1.433714871815299,0.7755360009011906,-317.0,0.7092198581560284,0.8936170212765957,0.8297872340425532,0.7273049645390071,0.7886524822695036,鼎固-KY
6.0,6.050000190734863,5.909999847412109,6.0,175521.0,0.0238907616545793,5.9220000267028805,0.0256410423611541,5.808999991416931,0.0619468847300623,5.772166697184245,-0.2327365897326717,6.33758335908254,0.0008614740239343,70.73172433684721,200062.0,0.8773330267617039,0.0328800152978621,2929.TW,2026-07-22,-0.0307979748461393,0.1166666502593665,bull,0.2282809611829944,0.3654024051803885,2026-03-31,2026-05-15,420493000.0,70439000.0,-34454000.0,-31001000.0,-6689000.0,-24312000.0,-0.22,3349489000.0,471304000.0,3586187000.0,788873000.0,2797314000.0,793736000.0,,,,0.2157672333150543,-27019955.74336312,3114883000.0,-0.0086744689105058,-0.0086911944815633,-0.0067793453046369,0.2820108861572208,0.1675152737382073,-0.0819371547207682,-0.057817847146088,-0.0947542232948049,,,17.228788912459304,17.228788912459304,False,61.75651230982229,61.75651230982229,50.62458146048154,911.0,True,False,True,True,True,True,True,True,True,False,True,True,True,True,False,False,False,12,False,0.039471019249478,-0.0532668905409727,0.0,1200372.0,0.9343807763401109,0.0,3.0,,,,,,0.1666516929741576,0.1038771158845962,0.342543871568801,-1.181781822221749,0.8964539007092199,-1.181781822221749,0.8964539007092199,-911.0,0.1418439716312056,0.0425531914893617,0.950354609929078,0.2631205673758865,0.273758865248227,淘帝-KY
142.0,145.5,137.5,138.0,704261.0,-0.112540192926045,141.4,0.0454545454545454,143.525,0.1845493562231759,131.79166666666666,0.2279305217508009,120.30114688873292,0.0132368513942816,50.9933774834437,1126513.6,0.6251686619673299,-0.0384950357080647,3004.TW,2026-07-22,-0.0307979748461393,0.1166666502593665,bull,0.1737523105360443,0.1868640148011101,2026-03-31,2026-05-15,1204086000.0,303961000.0,167853000.0,159650000.0,36009000.0,123641000.0,1.92,4115707000.0,2713494000.0,8426161000.0,4784576000.0,3641585000.0,220728000.0,677601000.0,1977017000.0,,0.2255496398371437,129993816.30441593,5712667000.0,0.0227553638789756,0.0339525234204336,0.0146734675494569,1.3138718442656152,0.252441270806238,0.1394028333524349,0.1026845258561265,0.2866173569808965,,,59.60481555561746,59.60481555561746,False,65.11583031389092,65.11583031389092,63.73807662432256,270.0,True,False,True,True,False,True,True,True,True,True,True,True,False,True,False,False,False,11,False,0.0471071767309516,0.1471212334129852,1.0,155458876.8,0.3188539741219963,2.0,3.0,,,,,,0.0511230189127777,-0.0134102705605375,0.293229337197173,-0.766102656395408,0.6968085106382979,-0.766102656395408,0.6678629713152047,-270.0,0.7801418439716312,0.4609929078014184,0.7304964539007093,0.7726950354609929,0.674468085106383,豐達科
115.5,118.5,114.0,114.5,5183858.0,-0.0086580086580086,112.8,0.1507537688442211,108.35999984741213,0.1804123711340206,104.15999984741212,0.0383392985126269,106.5858902613322,0.028473804141465,67.14285714285714,6746482.1,0.7683794195496346,0.0566629767555737,3005.TW,2026-07-22,-0.0307979748461393,0.1166666502593665,bull,0.0480591497227356,0.1905642923219241,2026-03-31,2026-05-15,9308269000.0,2890739000.0,1257624000.0,1391228000.0,215931000.0,1087413000.0,1.74,34157049000.0,19619666000.0,51413542000.0,24716257000.0,26697285000.0,14015961000.0,1317501000.0,1977017000.0,,0.1552089233396682,1062429532.993873,31793876000.0,0.0334161689815319,0.0407312204218518,0.0211503226134468,0.9257966493596632,0.3105560228222884,0.1351082569702272,0.1168222577151562,-0.0255358141879895,,,60.64311592085046,60.64311592085046,False,76.69063610450415,76.69063610450415,72.67875605859072,256.0,True,True,True,True,True,True,True,True,True,True,True,True,False,True,True,False,False,13,False,0.0992703549129736,0.0742510075138802,1.0,772472200.4499999,0.1561922365988909,2.0,3.0,,,,,,0.046910507851365,-0.0004937504576281,0.2573231486322659,-0.9604647678694572,0.6351063829787233,-0.9604647678694572,0.5942531579228958,-256.0,0.7943262411347518,0.8226950354609929,0.6170212765957447,0.7677304964539007,0.7673758865248228,神基
87.5,93.6999969482422,87.5,90.9000015258789,5620567.0,0.0412370944819642,83.92000122070313,0.0978260649224593,85.76000137329102,0.3231441857903132,79.00333366394042,0.3270073215456774,71.42750018437704,0.0020447552660127,55.06493805029496,2546260.2,2.2073812409273805,0.0599347023120346,3022.TW,2026-07-22,-0.0307979748461393,0.1166666502593665,bull,0.0822550831792976,0.1091581868640148,2026-03-31,2026-05-15,1592354000.0,448280000.0,36432000.0,189589000.0,22663000.0,168988000.0,0.96,10450596000.0,3234728000.0,16026933000.0,4335529000.0,11691404000.0,3432970000.0,92494000.0,,,0.1195375259113134,32077008.85599903,12792205000.0,0.0025075433716078,0.0144540381976364,0.0105440011510624,0.3708304836613293,0.281520315206292,0.0228793346203168,0.1061246431383976,-0.1038362140769989,,,30.04604328275842,30.04604328275842,False,78.20343808157354,78.20343808157354,66.16408938186976,682.0,True,True,True,True,True,True,True,True,True,True,True,True,True,True,False,False,False,14,False,0.1505843780281957,0.2726191073639308,1.0,231455056.0652848,0.2735674676524954,1.0,3.0,,,,,,0.0338790656218814,-0.0441123109733706,0.2631631494407493,-1.2233574286392863,0.4801418439716312,-1.2233574286392863,0.5536091445797257,-682.0,0.3546099290780142,0.5531914893617021,0.5177304964539007,0.3790780141843971,0.4468085106382978,威強電
108.0,108.0,104.0,104.0,1107478.0,0.0097087378640776,104.3,0.047331287047317,101.92999992370603,0.1099253296395228,101.07833340962728,-0.0260317649035883,102.57830142974854,0.0085588459883459,55.88235294117647,1165864.2,0.9499202394241112,0.0203080553109322,3029.TW,2026-07-22,-0.0307979748461393,0.1166666502593665,bull,0.166358595194085,0.274745605920444,2026-03-31,2026-05-15,6876938000.0,811379000.0,385472000.0,424218000.0,78018000.0,295873000.0,1.77,12286821000.0,7803745000.0,15126326000.0,8760650000.0,6365676000.0,2911146000.0,3716000.0,,,0.1839101593991768,314579783.0360805,7322581000.0,0.0429602326059732,0.0464794312497211,0.0195601364138258,1.3762324692617092,0.1179855045952137,0.0560528537555522,0.0430239446683974,0.0168646985516829,,,48.26050505492552,48.26050505492552,False,69.14666542894011,69.14666542894011,63.92512533543646,395.0,True,False,True,True,True,True,True,True,True,False,True,True,True,True,False,False,False,12,False,0.0289049739129794,0.0138596423457559,1.0,121249876.8,0.3475046210720887,2.0,3.0,,,,,,0.0425762421459429,-0.0016698487160985,0.1875429169779371,-0.8063859370580878,0.5372340425531915,-0.8063859370580878,0.4858805560151822,-395.0,0.6099290780141844,0.4680851063829787,0.425531914893617,0.5822695035460993,0.5304964539007092,零壹
49.70000076293945,51.0,49.70000076293945,50.20000076293945,7510233.0,-0.0971222636578857,50.08000030517578,0.0040000152587891,50.15750007629394,0.4081346034865796,48.2458335240682,0.6325203500142911,40.20208344459534,0.0005984723677568,49.43820008002292,12371455.55,0.6070613897974195,0.0008473445961394,3033.TW,2026-07-22,-0.0307979748461393,0.1166666502593665,bull,0.3410351201478743,0.0786308973172988,2026-03-31,2026-05-15,30857485000.0,1907524000.0,1051881000.0,944487000.0,216610000.0,727877000.0,1.52,48803503000.0,35487063000.0,49530195000.0,38880637000.0,10649558000.0,3953046000.0,18510130000.0,,2295039000.0,0.2293414308508216,810641106.3752068,14043132000.0,0.0577250934033239,0.0683480948223391,0.0146956215294528,3.6509155591246136,0.0618172219803396,0.0340883581406585,0.0235883449347864,0.1955622737046416,,,45.16256538370855,45.16256538370855,False,62.8737860123096,62.8737860123096,58.44598085515933,431.0,True,False,True,True,True,True,True,False,True,True,True,True,False,True,False,False,False,11,False,0.040504373043869,0.248691521973551,1.0,621047078.0486716,0.1792975970425138,1.0,3.0,,,,,,0.1074206123619308,0.0820047440671584,0.3318995063908562,0.5724258030152933,0.9666666666666668,0.5724258030152933,0.9596807060604404,-431.0,0.5673758865248227,0.2482269503546099,0.9858156028368794,0.6301418439716312,0.5553191489361702,威健
55.0,56.5,55.0,55.5,636209.0,0.0146252143675025,53.74000091552735,0.0471698113207548,53.35500030517578,0.1733615411248164,53.6243455251058,0.0277777777777776,51.33425601323446,0.000984940117108,59.33014650991731,707337.7,0.8994416669718015,0.040202411818113,3046.TW,2026-07-22,-0.0307979748461393,0.1166666502593665,bull,0.1672828096118299,0.1988899167437557,2026-03-31,2026-05-15,1818011000.0,164863000.0,94671000.0,110981000.0,17198000.0,94001000.0,1.2,3347000000.0,2193135000.0,3800793000.0,2266693000.0,1534100000.0,1823720000.0,113083000.0,,,0.1549634622142529,80000454.06871447,1607658000.0,0.0497621098944641,0.0612743628185907,0.0247319440969292,1.4775392738413402,0.0906831696837918,0.0520739423468834,0.0517054077230555,0.0112825744495272,,,51.57995742194333,51.57995742194333,False,66.50407601113542,66.50407601113542,62.7730463638374,345.0,True,False,True,True,True,False,True,True,True,True,True,True,True,True,False,False,False,12,False,0.0349776665155951,0.0811493982827289,1.0,39257242.35,0.5,1.0,3.0,,,,,,0.0769687965640105,0.0398881886873082,0.2934136274178306,0.0086856867127295,0.8875886524822696,0.0086856867127295,0.8814774303148122,-345.0,0.6595744680851063,0.4042553191489361,0.9361702127659576,0.7010638297872339,0.6382978723404256,建碁
804.0,819.0,770.0,796.0,25513197.0,-0.0579881656804733,736.8,0.0789752102326748,790.0912841796875,0.5456310679611651,674.207666015625,2.8929518130326053,498.5209409077962,-0.0002615644575823,47.24919093851133,16011115.1,1.5934678403504825,0.0074785229740221,3189.TW,2026-07-22,-0.0307979748461393,0.1166666502593665,bull,0.1072088724584103,0.0536540240518038,2026-03-31,2026-05-15,11104965000.0,2349499000.0,890638000.0,964461000.0,88658000.0,549232000.0,1.17,33407134000.0,17816161000.0,83654067000.0,32183791000.0,51470276000.0,11635037000.0,1278540000.0,7562530000.0,,0.0919249197220001,808766173.3486372,65837906000.0,0.0122842025587605,0.0106708578753298,0.0065655146210643,0.6252888754666869,0.2115719410191747,0.0802017836166075,0.0494582378242524,0.2883172632505095,,,45.18411999125517,45.18411999125517,False,66.0111588090418,66.0111588090418,60.80439910459515,430.0,True,False,True,True,True,True,False,False,True,True,True,True,True,True,False,False,False,11,False,0.1806451337228676,0.5967232962180098,1.0,12744847619.6,0.0138632162661737,3.0,3.0,,,,,,-0.1624652985399541,-0.2721173874849597,0.1179634698191768,-1.6139046979281872,0.0730496453900709,-1.6139046979281872,0.0641865471356527,-430.0,0.574468085106383,0.3333333333333333,0.0212765957446808,0.4914893617021276,0.3914893617021276,景碩
339.0,368.0,335.0,363.0,5412382.0,0.0431034482758621,362.0,0.167202572347267,337.4,0.213272741014963,320.3764251708984,0.3062762138540933,306.6165980021159,0.0340177750536315,60.57692307692307,4004189.05,1.3516799362907204,0.0758743331357441,3413.TW,2026-07-22,-0.0307979748461393,0.1166666502593665,bull,0.0397412199630314,0.1591119333950046,2026-03-31,2026-05-15,5561563000.0,1325901000.0,726995000.0,761237000.0,242471000.0,473092000.0,4.28,16490327000.0,10970724000.0,30215184000.0,12835834000.0,17379350000.0,7559388000.0,4044740000.0,864840000.0,,0.3185223524342616,495430842.392054,19244460000.0,0.0257440760817426,0.0272215013795107,0.0156574257499143,0.7385681282671677,0.2384043838036178,0.1307177496685733,0.085064576271095,0.1421522410183984,,,56.561036132141794,56.561036132141794,False,88.6134068265498,88.6134068265498,80.6003141529478,292.0,True,True,True,True,True,True,True,True,True,True,True,True,True,True,False,False,False,14,False,0.1330421700234807,0.183888942625001,1.0,1453520625.15,0.0961182994454713,2.0,3.0,,,,,,0.0447166587485001,-0.0317354046998968,0.3260799977551814,-0.8435329253453844,0.6514184397163121,-0.8435329253453844,0.6090529976992913,-292.0,0.7588652482269503,0.9716312056737588,0.6453900709219859,0.7418439716312056,0.8,京鼎
176.0,183.0,176.0,179.5,874969.0,0.0316091954022987,169.6,0.0828495952838002,175.7348434448242,0.1770491803278688,173.60469334920248,0.2128378378378379,161.61484667460124,-0.001869981671981,50.68493150684931,585732.15,1.493803951174611,0.0214252135852497,3416.TW,2026-07-22,-0.0307979748461393,0.1166666502593665,bull,0.0988909426987061,0.1951896392229417,2026-03-31,2026-05-15,946676000.0,345733000.0,142827000.0,161912000.0,16386000.0,144945000.0,1.8,2786217000.0,1757760000.0,5068550000.0,1824098000.0,3244452000.0,394852000.0,,12996000.0,,0.101203122683927,128372461.59642276,3310790000.0,0.0387739668165068,0.044674724730093,0.0285969360073393,0.5622206770203412,0.3652073148574591,0.1508721040778471,0.1531094059636031,0.1820639382069682,,,79.62654194597235,79.62654194597235,False,63.05399813035784,63.05399813035784,67.19713408426146,88.0,True,False,True,True,True,True,False,True,True,True,True,True,True,True,True,False,False,12,False,0.0339582216186933,0.1106652865959096,1.0,105138920.925,0.3650646950092421,2.0,2.0,,,,,,0.0071330489286623,-0.0694381167528675,0.2308805490307185,-1.1604961639457376,0.3939716312056737,-1.1604961639457376,0.5107695436931219,-88.0,0.950354609929078,0.5886524822695035,0.4609929078014184,0.8769503546099291,0.7439716312056738,融程電
446.5,476.5,440.5,468.0,14292451.0,-0.1051625239005735,452.5,0.2821917808219178,422.5080322265625,1.5714285714285716,328.0610107421875,2.3548387096774195,236.9971720377604,0.0445630559600424,56.96736654230185,7243916.25,1.9730281945211607,0.1076712495469038,3532.TW,2026-07-22,-0.0307979748461393,0.1166666502593665,bull,0.0184842883548983,0.0046253469010175,2026-03-31,2026-05-15,3308768000.0,27622000.0,-105154000.0,-82202000.0,-13987000.0,-68215000.0,-0.18,9109304000.0,3626589000.0,51226148000.0,26972355000.0,24253793000.0,1958029000.0,0.0,20500000000.0,,0.1701540108513174,-87261625.14294055,47599559000.0,-0.0018332444034395,-0.0028125497731426,-0.0013316441439243,1.112088117516299,0.0083481223222661,-0.03178040890144,-0.0206164348784804,0.1086960163893446,,,17.44238091593533,17.44238091593533,False,90.71316967617308,90.71316967617308,72.39547248611365,904.0,True,True,True,True,True,True,True,True,True,True,True,True,True,True,False,False,False,14,False,0.4265639154778622,0.9747071071609,1.0,3390152805.0,0.0489833641404805,2.0,3.0,,,,,,-0.2268354226003181,-0.4028326721841283,0.0931094678094156,-2.112869572521449,0.0138297872340425,-2.112869572521449,0.0166731696981246,-904.0,0.1702127659574468,0.8156028368794326,0.0070921985815602,0.1457446808510638,0.3312056737588652,台勝科
19.549999237060547,20.799999237060547,19.299999237060547,19.450000762939453,68535604.0,0.0988700522354879,18.51000061035156,0.0926967189101624,17.255000019073485,0.2754098860943903,17.55583332379659,0.7212389765167408,17.97791663805644,0.0061224612814061,77.27273515433046,22261845.4,3.0786128808530853,0.1272095474610048,3576.TW,2026-07-22,-0.0307979748461393,0.1166666502593665,bull,0.0905730129390018,0.1285846438482886,2026-03-31,2026-05-15,520029000.0,-237380000.0,-450612000.0,1756562000.0,10661000.0,1745834000.0,1.07,9492286000.0,6482798000.0,25509734000.0,12399640000.0,13110094000.0,6613378000.0,616197000.0,3678862000.0,,0.0060692420762831,-447877126.6895219,19026936000.0,-0.0235391093284552,0.1331671611202787,0.0684379539198644,0.9458086265437914,-0.4564745427658842,-0.8665132136861599,,-0.4687390816645519,,,39.4401659971228,39.4401659971228,False,69.06819351562272,69.06819351562272,61.66118663599774,523.0,True,False,True,True,True,False,True,False,True,True,True,True,False,True,False,False,False,10,False,0.1078939064986084,0.0818829097119542,1.0,432992910.0144401,0.2088724584103512,0.0,3.0,,,,,,-0.0237425885946006,-0.1182009684495605,0.0873191620259206,-0.3017165418139458,0.2588652482269503,-0.3017165418139458,0.2338124226322682,-523.0,0.4964539007092198,0.3617021276595745,0.1276595744680851,0.4411347517730496,0.3822695035460993,聯合再生
85.9000015258789,92.8000030517578,85.5999984741211,92.8000030517578,15900863.0,0.081585078683241,83.64000244140625,0.2114883146258781,84.86000022888183,0.2130719353170953,81.08500010172526,0.468354460941333,72.36285394032797,0.0148289993507486,53.221963559159214,9933396.65,1.600747816709806,0.0935659062156544,3605.TW,2026-07-22,-0.0307979748461393,0.1166666502593665,bull,0.032347504621072,0.1600370027752081,2026-03-31,2026-05-15,2821542000.0,693877000.0,147463000.0,143021000.0,35356000.0,107659000.0,0.67,7733924000.0,4283420000.0,15202980000.0,7237415000.0,7965565000.0,2596697000.0,794000000.0,2115835000.0,130740000.0,0.2472084519056642,111008900.05663504,10919560000.0,0.010166059809794,0.0135155509998349,0.007081440612301,0.9085877775148404,0.2459212019526911,0.0522632659730034,0.0381560862818983,0.0947751117457165,,,35.95481269053683,35.95481269053683,False,84.17731412533179,84.17731412533179,72.12168876663304,592.0,True,True,True,True,True,True,True,True,True,True,True,True,True,True,False,False,False,14,False,0.1444780530965712,0.2824259685540147,1.0,921819239.4343208,0.1395563770794824,1.0,3.0,,,,,,0.0251158983337832,-0.0646543547961583,0.2717513796241717,-1.4846566151164,0.4159574468085106,-1.4846566151164,0.4778879141771628,-592.0,0.4184397163120567,0.8014184397163121,0.4042553191489361,0.4163120567375886,0.5304964539007092,宏致
112.5,118.0,112.5,118.0,11861803.0,0.0128755364806867,111.8,0.107981220657277,110.125,0.2356020942408376,111.10833333333332,0.8408736787667757,95.39499991734824,0.005937428636675,61.11111111111111,13309140.5,0.8912523690015896,0.0715096481271282,3702.TW,2026-07-22,-0.0307979748461393,0.1166666502593665,bull,0.0739371534195933,0.1489361702127659,2026-03-31,2026-05-15,316500457000.0,14203178000.0,8470625000.0,7205961000.0,1455173000.0,5548632000.0,3.3,434755950000.0,351739547000.0,479508376000.0,386867313000.0,92641063000.0,25004254000.0,131686606000.0,25757252000.0,5309644000.0,0.2019401714774754,6760065534.97861,127768829000.0,0.0529085661024459,0.0598938723317542,0.011571501724925,4.17598093622911,0.0448756950768004,0.0267633894759273,0.0175311974352062,0.2719338016357759,,,44.311414548255854,44.311414548255854,False,74.89416169589694,74.89416169589694,67.24847490898667,443.0,True,False,True,True,True,False,True,True,True,True,True,True,True,True,False,False,False,12,False,0.0620265506637665,0.2369621060038482,1.0,1570478579.0,0.0905730129390018,2.0,3.0,,,,,,0.1058009622779254,0.0681781119501847,0.394736124186517,0.4454823733475309,0.9709219858156029,0.4454823733475309,0.9373386189025784,-443.0,0.5602836879432624,0.5957446808510638,0.9787234042553192,0.6230496453900709,0.6546099290780142,大聯大
25.0,25.0,24.700000762939453,25.0,396796.0,0.0,25.0,0.0822510643789602,24.090000057220458,0.1337868873020746,23.48999999364217,0.0729614085238021,23.07916660308838,0.0181741343355958,70.83334216365482,249444.1,1.5907211274991069,0.0377750079127454,4106.TW,2026-07-22,-0.0307979748461393,0.1166666502593665,bull,0.1007393715341959,0.2368177613320999,2026-03-31,2026-05-15,583212000.0,288466000.0,58188000.0,61725000.0,15302000.0,46423000.0,0.46,1721731000.0,619160000.0,3208895000.0,728668000.0,2480227000.0,807797000.0,106264000.0,91028000.0,,0.2479060348319157,43762843.64520048,2589735000.0,0.0168985798335352,0.0187172383818094,0.0144669738336717,0.2937908505955302,0.4946160229899247,0.0997716096376617,0.0795988422734786,0.0484257757867525,,,56.47003550426275,56.47003550426275,False,74.1279682092263,74.1279682092263,69.7134850329854,294.0,True,False,True,True,True,True,True,True,True,True,True,True,True,True,False,False,False,13,False,0.0642826737661357,0.0832280224821713,1.0,6236102.5,0.7319778188539742,0.0,3.0,,,,,,0.0550506912264841,0.0233789884995974,0.2053210946821315,-1.2263980749718253,0.6209219858156029,-1.2263980749718253,0.6722120609592945,-294.0,0.75177304964539,0.7304964539007093,0.7446808510638298,0.750709219858156,0.7439716312056738,雃博
15.800000190734863,15.899999618530272,15.699999809265137,15.850000381469728,265876.0,-0.0185758045911239,15.949999809265137,0.0566666920979819,15.534999990463255,0.2286822364476595,14.796666638056438,0.0673400656102225,14.300416628519692,0.0137030957341681,64.8649052689859,399035.95,0.6662958563006667,0.0202768195172091,4155.TW,2026-07-22,-0.0307979748461393,0.1166666502593665,bull,0.1423290203327172,0.1498612395929695,2026-03-31,2026-05-15,383779000.0,122643000.0,60100000.0,74753000.0,11183000.0,55352000.0,0.39,1271738000.0,511347000.0,3888106000.0,1297683000.0,2590423000.0,305794000.0,215000000.0,678514000.0,,0.1495993471833906,51109079.234278224,3376759000.0,0.0151355424637287,0.0213679387497717,0.0142362373865321,0.5009540912816169,0.3195667298106462,0.1566005435419864,0.1442288400355413,-0.0693423930703681,,,50.12101486575806,50.12101486575806,False,74.37899417219957,74.37899417219957,68.3144993455892,364.0,True,False,True,True,True,True,True,True,True,True,True,True,False,True,False,False,False,12,False,0.0711872321772904,0.1083593431718388,1.0,6324719.959720136,0.7310536044362292,0.0,3.0,,,,,,0.0783916124043076,0.0468825822218563,0.236351660141942,-1.0668532432180506,0.7925531914893618,-1.0668532432180506,0.802209354431168,-364.0,0.6453900709219859,0.6524822695035462,0.8652482269503546,0.6783687943262412,0.6914893617021277,訊映
273.0,290.0,273.0,275.0,408422.0,0.1058218306669824,265.5684478759766,0.4248704663212435,241.37643127441407,0.71875,185.367143758138,0.4550264550264551,184.57107187906905,0.1014999021581556,69.8506560250523,533155.95,0.7660460321224963,0.1392993033663681,4169.TW,2026-07-22,-0.0307979748461393,0.1166666502593665,bull,0.0064695009242144,0.03422756706753,2026-03-31,2026-05-15,172891000.0,77192000.0,-27821000.0,-26215000.0,125000.0,-26340000.0,-0.45,929474000.0,143172000.0,1270178000.0,160178000.0,1110000000.0,292567000.0,,8642000.0,,0.0,-27821000.0,1127006000.0,-0.0246857603242573,-0.0237297297297297,-0.0207372509994662,0.1443045045045045,0.4464778386382171,-0.1609164155450544,-0.1523503247710985,,,,33.16561136372463,33.16561136372463,False,84.1161635455272,84.1161635455272,71.37852550007656,628.0,True,True,True,True,True,True,True,True,True,True,False,False,False,True,False,False,False,11,False,0.4835423064985695,0.4899409598714366,1.0,146617886.25,0.3243992606284658,2.0,3.0,,,,,,-0.1072130160788328,-0.2197424880138583,0.1369610453752522,-1.553914561254697,0.1078014184397163,-1.553914561254697,0.1417438946844657,-628.0,0.3829787234042553,0.7801418439716312,0.0567375886524822,0.3340425531914893,0.4368794326241135,泰宗
61.5,61.5,60.70000076293945,60.70000076293945,37363.0,-0.0177993282799499,61.22000045776368,0.0150501929324631,60.88500003814696,0.0858676047591588,59.875000127156575,-0.1696306151849168,61.22000013987223,0.0032130543378517,50.666682942733225,49395.55,0.7564041700112661,-0.0030385033274468,4438.TW,2026-07-22,-0.0307979748461393,0.1166666502593665,bull,0.2791127541589648,0.3209990749306198,2026-03-31,2026-05-15,2776631000.0,330829000.0,-88891000.0,49098000.0,-7386000.0,-4994000.0,-0.04,13206368000.0,7119668000.0,19459596000.0,8744320000.0,10715276000.0,1819404000.0,3879746000.0,392167000.0,760063000.0,0.0,-88891000.0,12339928000.0,-0.0072035266332186,-0.0004660635899625,-0.0002566343103936,0.8160611075253684,0.119147628907118,-0.0320139766501202,-0.0017985825268103,0.0074675713430452,,,16.174895657041326,16.174895657041326,False,58.60164050196556,58.60164050196556,47.994954290734505,932.0,True,False,True,True,False,True,True,True,True,False,True,True,False,True,False,False,False,10,False,0.0137787162259845,-0.0084939460265389,0.0,2998309.922685814,0.83271719038817,1.0,3.0,,,,,,0.0184639122896995,-0.0389741657777964,0.1392973650852527,-1.7804857506051774,0.2113475177304964,-1.7804857506051774,0.4757927782260903,-932.0,0.1205673758865248,0.0212765957446808,0.3971631205673759,0.1620567375886524,0.1460992907801418,廣越
165.5,167.5,164.0,165.5,209920.0,0.0153374233128833,164.7,0.006079027355623,165.20745620727538,0.0960264900662251,160.75248540242512,-0.0148809523809523,159.23874270121257,0.0004541808541008,47.03159367039529,387245.1,0.542085619676014,0.0017707662804127,4536.TW,2026-07-22,-0.0307979748461393,0.1166666502593665,bull,0.3179297597042514,0.301572617946346,2026-03-31,2026-05-15,2316961000.0,794900000.0,396418000.0,448947000.0,83458000.0,327949000.0,3.61,9168173000.0,3277337000.0,14414904000.0,4782570000.0,9632334000.0,5697733000.0,352903000.0,784549000.0,,0.1858972217210494,322724995.159785,11137567000.0,0.0289762562290116,0.0340466806902667,0.022750689147843,0.4965120603168453,0.3430787138842647,0.1710939459058655,0.1415427363688901,-0.0352736858453488,,,64.73287402560862,64.73287402560862,False,58.07035561691487,58.07035561691487,59.73598521908831,213.0,True,False,True,True,True,True,True,False,True,False,True,True,False,True,True,False,False,10,False,0.0295330712037829,0.0393199367978918,1.0,64089064.05,0.4251386321626617,2.0,3.0,,,,,,0.0548820241725418,0.022052066724971,0.1724659848948168,-1.445578994299032,0.5276595744680851,-1.445578994299032,0.4234542871960545,-213.0,0.8439716312056738,0.2907801418439716,0.2978723404255319,0.7620567375886524,0.5687943262411347,拓凱
53.0,53.09999847412109,51.400001525878906,52.29999923706055,40376.0,0.0356435492487237,51.560000610351565,0.1033754758110376,49.54499988555908,0.0470470157803217,48.26074784596761,-0.3329081859801119,55.41579058965047,0.0194994814008004,66.01941495872535,50695.2,0.7964462118701574,0.0556060017734396,4557.TW,2026-07-22,-0.0307979748461393,0.1166666502593665,bull,0.0785582255083179,0.4024051803885291,2026-03-31,2026-05-15,730462000.0,167992000.0,13627000.0,1451000.0,7135000.0,5153000.0,0.11,2969492000.0,2502190000.0,5521408000.0,2693000000.0,2828408000.0,1164370000.0,1445527000.0,91049000.0,,0.4,8176200.0,3019218000.0,0.0027080522174947,0.0018218729405375,0.0009332764396327,0.9521257187789032,0.2299804781083752,0.018655316772125,0.0070544395190988,-0.3271965802676432,,,17.877552606452653,17.877552606452653,False,71.63982947424014,71.63982947424014,58.19926025729328,897.0,True,False,True,True,True,True,True,True,True,False,True,True,False,True,False,False,False,11,False,0.0836964110872233,-0.0562256952293996,0.0,2651358.921322632,0.8465804066543438,1.0,3.0,,,,,,0.0289125852335325,-0.0519900056316299,0.2063927503381172,-1.0974997405828906,0.4276595744680851,-1.0974997405828906,0.3480530882049163,-897.0,0.1773049645390071,0.2340425531914893,0.1985815602836879,0.1804964539007092,0.1985815602836879,永新-KY
69.5,70.69999694824219,68.4000015258789,68.4000015258789,2883682.0,0.0178572117876876,66.1,0.0788643514142357,64.55999946594238,0.0771653783602976,65.00833307902018,0.1497233742728168,62.51827672322591,0.0075692524432236,54.313106984845774,1544140.3,1.867499993362002,0.059479586302696,4566.TW,2026-07-22,-0.0307979748461393,0.1166666502593665,bull,0.11090573012939,0.3413506012950971,2026-03-31,2026-05-15,1354549000.0,296455000.0,38413000.0,65488000.0,22696000.0,40409000.0,0.37,5180146000.0,3777583000.0,10646601000.0,5592503000.0,5054098000.0,2044806000.0,832690000.0,976708000.0,0.0,0.3465673100415343,25100309.919374544,6869018000.0,0.0036541336650121,0.0079952941157848,0.0037954836477858,1.10652840526638,0.2188588231212012,0.0283585163770376,0.0298320695670662,0.0816066447931047,,,26.559226672275766,26.559226672275766,False,63.43664751633305,63.43664751633305,54.217292305318736,748.0,True,False,True,True,True,False,True,True,True,False,True,True,True,True,False,False,False,11,False,0.0521728259473446,0.0940800852315864,1.0,105619198.87617113,0.3632162661737523,1.0,3.0,,,,,,0.0205899389966766,-0.0431549070239069,0.2055470130403782,-1.4625550358226576,0.3617021276595744,-1.4625550358226576,0.3837297174796939,-748.0,0.2978723404255319,0.1205673758865248,0.2482269503546099,0.2904255319148936,0.2347517730496454,時碩工業
50.79999923706055,53.5,50.0,50.29999923706055,19812410.0,0.071352469002843,48.45999908447265,0.1177777608235677,47.874999809265134,0.1549942621871696,44.6375,-0.0194931776778189,45.39791666666667,0.0172102379277303,52.39520718716343,11612145.3,1.7061799941480236,0.0506527297641077,4763.TW,2026-07-22,-0.0307979748461393,0.1166666502593665,bull,0.066543438077634,0.2164662349676225,2026-03-31,2026-05-15,2711414000.0,1506899000.0,1344230000.0,1277102000.0,163292000.0,1114887000.0,1.13,18689835000.0,1425022000.0,23180026000.0,1425022000.0,21755004000.0,10088044000.0,,,,0.1278613611128946,1172354922.5512135,21755004000.0,0.0538889775681591,0.0512473819816351,0.0480968830664814,0.0655031826240988,0.5557613112567834,0.4957671532270616,0.4111828735855166,-0.3473205110583516,,,80.5798896395777,80.5798896395777,False,76.36738760943746,76.36738760943746,77.42051311697251,83.0,True,True,True,True,True,True,True,True,True,True,True,True,True,True,True,False,False,14,False,0.1268552055348204,0.1079803420581462,1.0,584090899.7306362,0.1829944547134935,1.0,2.0,,,,,,0.043846725918487,-0.0244454405430094,0.1981102017265023,-1.096286005317017,0.4964539007092198,-1.096286005317017,0.4880108758356239,-83.0,0.9574468085106383,0.9219858156028368,0.4326241134751773,0.8787234042553191,0.8418439716312057,材料*-KY
52.900001525878906,55.29999923706055,52.900001525878906,54.29999923706055,628730.0,-0.005494491674807,52.55999984741211,0.0925552998693561,51.48999938964844,0.1359832657687656,51.80583305358887,-0.1502347740153096,51.39624989827474,0.0105986254743398,60.57143305564514,552216.95,1.138556141748275,0.0545737013152312,5258.TW,2026-07-22,-0.0307979748461393,0.1166666502593665,bull,0.0914972273567467,0.2349676225716928,2026-03-31,2026-05-15,1603796000.0,513081000.0,-24667000.0,-35975000.0,21238000.0,-66972000.0,-0.61,7950376000.0,4784173000.0,9668607000.0,5162525000.0,4506082000.0,2164530000.0,1657000000.0,127904000.0,,0.0,-24667000.0,4884434000.0,-0.0050501245384828,-0.0148625790653609,-0.0069267475656007,1.1456793285164362,0.3199166228123776,-0.0153803850365009,-0.0417584281292633,0.0169769242427029,,,22.965156464641765,22.965156464641765,False,71.60715007878254,71.60715007878254,59.44665167524735,812.0,True,False,True,True,True,False,True,True,True,True,True,True,True,True,False,False,False,12,False,0.0481445049033699,0.056497299793915,1.0,29985379.9636919,0.5341959334565619,1.0,3.0,,,,,,0.034941051796476,-0.052875944843173,0.2114247163302908,-1.6805323963795085,0.3546099290780142,-1.6805323963795085,0.2796000040148976,-812.0,0.2695035460992908,0.2765957446808511,0.1489361702127659,0.251418439716312,0.2475177304964538,虹堡
200.0,200.0,193.0,194.0,127690.0,0.0210526315789474,189.9,0.0747922437673129,185.25,0.1513353115727003,172.06666666666666,0.2317460317460318,159.54583333333332,0.0047457627118644,61.70212765957447,168544.4,0.7576045243864525,0.0472334682860997,5288.TW,2026-07-22,-0.0307979748461393,0.1166666502593665,bull,0.1173752310536044,0.2192414431082331,2026-03-31,2026-05-15,2061135000.0,478999000.0,298138000.0,346156000.0,100630000.0,249057000.0,3.59,4729511000.0,1996750000.0,8144719000.0,2033096000.0,6111623000.0,1527526000.0,170275000.0,,0.0,0.2907070800448352,211467172.5695929,6147969000.0,0.0343962652657475,0.0407513683353832,0.0305789555170657,0.3326605715044923,0.2323957431221147,0.1446474879132128,0.120834879811366,0.0892520430725782,,,70.01559901846518,70.01559901846518,False,79.15368750388939,79.15368750388939,76.86916538253334,163.0,True,True,True,True,True,True,True,True,True,True,True,True,False,True,True,False,False,13,False,0.1274699728787292,0.2159515290799405,1.0,32697613.6,0.5240295748613678,2.0,3.0,,,,,,0.0407541740352888,-0.0115981101811138,0.2112780602114777,-1.4387727198003553,0.4804964539007092,-1.4387727198003553,0.4529728015891667,-163.0,0.8936170212765957,0.9148936170212766,0.3687943262411347,0.8148936170212765,0.7950354609929078,豐祥-KY
92.8000030517578,93.5999984741211,92.3000030517578,92.9000015258789,143689.0,0.0276548667898453,94.68000030517578,0.0960841999670003,88.56597175598145,0.1301703768234208,85.17082061767579,-0.0116758005395912,86.83046995798746,0.0274605269404779,66.96035908561555,273915.8,0.5245736098465295,0.0489356090603132,5306.TW,2026-07-22,-0.0307979748461393,0.1166666502593665,bull,0.0859519408502772,0.2414431082331175,2026-03-31,2026-05-15,1341388000.0,561120000.0,294671000.0,324498000.0,98836000.0,225673000.0,1.79,6076821000.0,3279027000.0,14278795000.0,5015002000.0,9263793000.0,2533303000.0,1157914000.0,920000000.0,0.0,0.304581230084623,204919744.34973404,10999768000.0,0.0186294605804171,0.0243607559020371,0.0158047650379461,0.5413551447015278,0.4183129713401342,0.219676186159411,0.1682384216945432,0.052471848048508,,,64.26179889626455,64.26179889626455,False,73.84071028411702,73.84071028411702,71.4459824371539,219.0,True,False,True,True,True,True,True,True,True,True,True,True,False,True,True,False,False,12,False,0.0907491656432279,0.0699009411192657,1.0,25446778.23796234,0.5517560073937153,1.0,3.0,,,,,,0.0560218072092522,-0.0082863938618807,0.1584105910665841,-1.7308086993823817,0.4131205673758865,-1.7308086993823817,0.492098661915243,-219.0,0.8368794326241135,0.7943262411347518,0.4397163120567376,0.7773049645390071,0.7446808510638298,桂盟
86.19999694824219,87.69999694824219,86.0,87.19999694824219,3665080.0,-0.0246085519025397,85.0,0.0673194639589069,82.96499977111816,0.1266149254413984,83.2733331044515,0.1160794157531013,81.15296929677328,0.0069790023254928,66.02870551404612,4319427.95,0.8485105070452674,0.0510455877636044,5388.TW,2026-07-22,-0.0307979748461393,0.1166666502593665,bull,0.1284658040665434,0.2469935245143385,2026-03-31,2026-05-15,16646403000.0,2274636000.0,490201000.0,382940000.0,80658000.0,301579000.0,1.01,42315171000.0,32167536000.0,51409565000.0,35731734000.0,15677831000.0,4910695000.0,4793230000.0,,2861036000.0,0.210628296861127,386950798.25037867,19242029000.0,0.020109667138033,0.019236015492194,0.0058662040808942,2.2791248355719613,0.1366442948665847,0.0294478633011588,0.0181167667273224,0.466090584343525,,,33.75584177938652,33.75584177938652,False,63.63753617428325,63.63753617428325,56.16711257555907,616.0,True,False,True,True,True,False,True,True,True,True,True,True,True,True,False,False,False,12,False,0.0471539170752945,0.0745139420512779,1.0,376654104.058152,0.2199630314232902,1.0,3.0,,,,,,0.0459504536422645,-0.0292354244002592,0.1625116552790776,-1.401052216784791,0.4063829787234042,-1.401052216784791,0.4448173293592213,-616.0,0.3971631205673759,0.1418439716312056,0.3546099290780142,0.3907801418439716,0.3120567375886525,中磊
556.0,571.0,545.0,565.0,1608140.0,0.0413174314164026,562.8,0.1554192229038855,531.4958129882813,0.3882063882063882,473.21527099609375,0.7331288343558282,409.7118021647136,0.0364667564093925,55.125284114533706,2197156.0,0.7319188987946236,0.0630375370660867,5434.TW,2026-07-22,-0.0307979748461393,0.1166666502593665,bull,0.0462107208872458,0.0832562442183163,2026-03-31,2026-05-15,18536692000.0,2517460000.0,1430469000.0,1720554000.0,385901000.0,1322921000.0,6.86,26594173000.0,20377745000.0,43809103000.0,24343457000.0,19465646000.0,6619207000.0,553886000.0,2499050000.0,0.0,0.2242888046524549,1109630817.8976076,23431358000.0,0.0473566584530699,0.0679618338893042,0.0301973998417634,1.25058562145844,0.1358095608428947,0.07716959422965,0.0713676960268854,0.1762262681445767,,,65.82773904429318,65.82773904429318,False,80.25793826180274,80.25793826180274,76.65038845742535,203.0,True,True,True,True,True,True,True,True,True,True,True,True,False,True,True,False,False,13,False,0.1939597782013757,0.3790181220429109,1.0,1241393140.0,0.1081330868761552,3.0,3.0,,,,,,0.0557171223186259,-0.0197007642773101,0.2607875841191681,-1.1473023403724798,0.6209219858156028,-1.1473023403724798,0.6046118293800264,-203.0,0.8581560283687943,0.900709219858156,0.624113475177305,0.823049645390071,0.8241134751773049,崇越
34.70000076293945,35.599998474121094,34.29999923706055,34.599998474121094,34015.0,-0.0142450148642783,34.869999694824216,0.1054000328322817,33.058318042755126,0.1054312880989851,33.0968581199646,0.0548780267966206,32.1584289709727,0.0236175818388677,74.05734246356793,33261.85,1.0226430580379624,0.0466351745231585,5538.TW,2026-07-22,-0.0307979748461393,0.1166666502593665,bull,0.0757855822550831,0.2821461609620722,2026-03-31,2026-05-15,3164547000.0,521693000.0,303683000.0,283264000.0,56625000.0,225974000.0,1.12,11275781000.0,4984369000.0,14701660000.0,6800925000.0,7900735000.0,2524953000.0,2256342000.0,1189653000.0,,0.1999018583370989,242976203.9546148,9717291000.0,0.0250045206997109,0.0286016427585534,0.0153706452196554,0.8607964955159235,0.1648555069651359,0.0959641300950815,0.0714080087924116,0.0280798566914675,,,45.92585745794853,45.92585745794853,False,59.7477352022086,59.7477352022086,56.29226576614358,416.0,True,False,True,True,True,False,True,False,True,False,True,True,True,True,False,False,False,10,False,0.045416406255486,0.0759231586018158,1.0,1150859.9592464447,0.9353049907578558,1.0,3.0,,,,,,0.0868018168230541,0.0600251936530259,0.2300121411044199,-0.2992522460121962,0.8414893617021276,-0.2992522460121962,0.8604222648824592,-416.0,0.5886524822695035,0.1489361702127659,0.9078014184397164,0.6365248226950354,0.5205673758865248,東明-KY
123.0,124.5,121.0,123.0,12452037.0,0.0336134453781513,121.8,0.0837004405286343,117.225,0.0603448275862068,114.85,0.1884057971014492,111.24583333333334,0.0144958892254435,71.42857142857143,8300101.9,1.500227003237153,0.0492642354446577,5871.TW,2026-07-22,-0.0307979748461393,0.1166666502593665,bull,0.0970425138632162,0.3700277520814061,2026-03-31,2026-05-15,23998243000.0,15986738000.0,7424734000.0,8474061000.0,2576665000.0,5571575000.0,,707553971000.0,629698737000.0,976037955000.0,772337009000.0,203700946000.0,37791459000.0,69341020000.0,83778021000.0,41194689000.0,0.3040649577575616,5167132569.928868,346339218000.0,0.0149192823145107,0.0273517384646804,0.0057083589541351,3.7915239185978056,0.6661628520054572,0.3093865663415442,0.2321659548159421,-0.0286672217160578,,,44.0498480883662,44.0498480883662,False,71.11194209609944,71.11194209609944,64.34641859416614,448.0,True,False,True,True,True,True,True,True,True,False,True,True,True,True,False,False,False,12,False,0.0709621245102307,0.1056593879920595,1.0,1020912533.7,0.1284658040665434,2.0,3.0,,,,,,0.0219718417113777,-0.0506678287543306,0.2704306628548141,-0.4515189578064072,0.522340425531915,-0.4515189578064072,0.6094926651709376,-448.0,0.5531914893617021,0.4822695035460992,0.6524822695035462,0.5680851063829787,0.5517730496453901,中租-KY
64.5999984741211,65.0,64.4000015258789,64.5,324808.0,-0.0046296765066228,64.4599998474121,0.0556465075415506,63.12000026702881,0.162162162162162,60.053333346048994,0.2427745299359645,57.017499987284346,0.010324130841533,67.50000357628036,386011.4,0.8414466515755752,0.0218631135477362,6024.TW,2026-07-22,-0.0307979748461393,0.1166666502593665,bull,0.1451016635859519,0.211840888066605,2026-03-31,2026-05-15,,,-200365000.0,528439000.0,90392000.0,441039000.0,1.76,83604913000.0,73607565000.0,84532833000.0,73635548000.0,10897285000.0,7933176000.0,,,,0.1710547480409281,-166091615.40877944,10925268000.0,-0.0152025209275213,0.040472374540998,0.0052173692084825,6.757237972577573,,,,,,,16.995424717797373,16.995424717797373,False,69.95062782386728,69.95062782386728,56.7118270473498,919.0,True,False,True,True,True,True,True,True,True,True,True,True,True,True,False,False,False,13,False,0.0740452928454062,0.1312316396612329,1.0,24897735.3,0.5545286506469501,1.0,3.0,,,,,,0.0406927305612694,-0.0098625114209838,0.2925700735171401,-1.0190475308981444,0.6198581560283688,-1.0190475308981444,0.6465676971280555,-919.0,0.1276595744680851,0.1631205673758865,0.6879432624113475,0.2117021276595744,0.250354609929078,群益期
39.84999847412109,42.400001525878906,37.5,42.0,1755307.0,0.0552764021384923,40.54000015258789,0.0838709677419355,38.84499969482422,0.3658536585365854,36.36083313624064,2.544303683371767,27.74208320776621,0.0307131087125171,55.49738603306552,1788426.75,0.9814810698844668,0.0812202427587136,6141.TW,2026-07-22,-0.0307979748461393,0.1166666502593665,bull,0.0961182994454713,0.0906567992599444,2026-03-31,2026-05-15,492434000.0,34293000.0,-63612000.0,-77804000.0,15064000.0,-65599000.0,-0.58,1350221000.0,3615846000.0,5252579000.0,4716598000.0,535981000.0,92109000.0,1308939000.0,1003547000.0,,0.0,-63612000.0,1636733000.0,-0.0388652272545369,-0.1223905325002192,-0.0124889125894156,8.799935072325326,0.0696397892915598,-0.129178732581422,-0.1332137910867243,0.0266912966607733,,,4.52468916645619,4.52468916645619,False,80.50436907954729,80.50436907954729,61.50944910127451,1072.0,True,True,True,True,True,True,True,True,True,True,True,True,True,True,False,False,False,14,False,0.1550890443744763,0.513945426716995,1.0,75113923.5,0.4038817005545286,1.0,3.0,,,,,,-0.0465648235505005,-0.1462798111289784,0.2853029405215439,-0.2050014145357252,0.4460992907801419,-0.2050014145357252,0.5243717367016444,-1072.0,0.0212765957446808,0.3404255319148936,0.4893617021276595,0.0914893617021276,0.2106382978723404,柏承
9.729999542236328,10.350000381469728,9.699999809265137,10.100000381469728,1769142.0,-0.0049260333930715,9.72400016784668,0.0966341302536868,9.845499944686887,0.131019041020169,8.998166688283284,-0.0098038656534654,9.34608333905538,0.0085019248005252,55.16667366027834,2026748.1,0.8728968340959589,0.0258494173188412,6142.TW,2026-07-22,-0.0307979748461393,0.1166666502593665,bull,0.0850277264325323,0.2405180388529139,2026-03-31,2026-05-15,430546000.0,27910000.0,-51151000.0,-58905000.0,0.0,-58905000.0,-0.18,1856979000.0,655439000.0,3907015000.0,1072758000.0,2834257000.0,666656000.0,0.0,381849000.0,,-0.0,-51151000.0,3251576000.0,-0.0157311408375507,-0.0207832246687579,-0.0150767273737111,0.3784970805399792,0.0648246644957797,-0.1188049592842576,-0.1368146493057652,0.0285723841695613,,,18.462256680447403,18.462256680447403,False,72.10886163480278,72.10886163480278,58.69721039621393,889.0,True,False,True,True,True,True,True,True,True,True,True,True,True,True,False,False,False,13,False,0.1224509093192469,0.0806666295456497,1.0,20470156.583143048,0.5711645101663586,0.0,3.0,,,,,,0.0391547850891382,-0.0465603962110706,0.1516778108821018,-1.598663316991369,0.2921985815602836,-1.598663316991369,0.4562753128719524,-889.0,0.1843971631205673,0.2553191489361702,0.3829787234042553,0.2141843971631205,0.2453900709219857,友勁
47.95000076293945,48.95000076293945,47.54999923706055,48.29999923706055,1517596.0,0.029850696495375,47.73999938964844,0.0477223608624295,46.2024995803833,0.0841750856166216,45.65500011444092,-0.0603113267858088,46.445416609446205,0.002332133530559,72.86822026355122,1210230.8,1.253972382788473,0.0453979692814672,6177.TW,2026-07-22,-0.0307979748461393,0.1166666502593665,bull,0.1645101663585952,0.3246993524514338,2026-03-31,2026-05-15,4844225000.0,2424809000.0,2089752000.0,2073933000.0,400120000.0,1667275000.0,3.53,41652029000.0,29793350000.0,46628913000.0,33629226000.0,12999687000.0,696289000.0,19529640000.0,800533000.0,2371735000.0,0.1929281225574789,1686580070.0292633,16835563000.0,0.1001796061129208,0.1282550110629586,0.0357562484890008,2.586925823675601,0.5005566421873467,0.4313903668801511,0.3441778612677982,7.245531466543658,,,87.89986336679576,87.89986336679576,False,67.84681182798249,67.84681182798249,72.86007471268582,43.0,True,False,True,True,True,True,True,False,True,False,True,True,True,True,True,False,False,11,False,0.0579344894532811,0.0399303690869929,1.0,58454146.716667175,0.4380776340110905,1.0,2.0,,,,,,0.0398612683808983,0.016716741273833,0.3599258868231776,-0.3531548644407747,0.7262411347517731,-0.3531548644407747,0.7435514069108693,-43.0,0.9929078014184396,0.8297872340425532,0.8085106382978723,0.9652482269503546,0.9070921985815604,達麗
373.0,387.5,363.0,367.0,28169673.0,0.0955223880597015,337.6,0.1976793067200215,358.3917205810547,0.3849056603773584,298.6142298380534,2.219298245614035,228.95711491902668,0.0361355745461132,52.219321148825074,24561169.75,1.146919030597067,0.0240191916403338,6213.TW,2026-07-22,-0.0307979748461393,0.1166666502593665,bull,0.0341959334565619,0.0860314523589269,2026-03-31,2026-05-15,9143071000.0,1044251000.0,424199000.0,483404000.0,168881000.0,314523000.0,0.87,27657471000.0,15422932000.0,39926715000.0,18831086000.0,21095629000.0,3563235000.0,3355253000.0,1984813000.0,,0.3493578869847994,276001733.69893503,24503783000.0,0.0112636376880637,0.0149093918934581,0.0078775075785723,0.8926534496790781,0.11421228162835,0.0463956804010381,0.0344001484840268,0.206199391931416,,,35.19697595463791,35.19697595463791,False,75.29295041102787,75.29295041102787,65.26895679693038,601.0,True,True,True,True,True,True,True,True,True,True,True,True,True,True,False,False,False,14,False,0.2290104198953748,0.6029202679715535,1.0,9013949298.25,0.0184842883548983,2.0,3.0,,,,,,-0.1752296220763111,-0.2643059029180645,0.1096713366827218,-2.209863918216836,0.025531914893617,-2.209863918216836,0.032701149631975,-601.0,0.4042553191489361,0.5106382978723404,0.0141843971631205,0.3457446808510638,0.3581560283687943,聯茂
142.0,143.5,141.5,141.5,1117749.0,0.00354609929078,139.5,0.0801526717557252,136.425,0.1890756302521008,133.46134770711262,0.1991525423728812,123.75984052022298,0.0113206221392608,65.57377049180329,1518451.3,0.7361111943465029,0.0371999266996516,6214.TW,2026-07-22,-0.0307979748461393,0.1166666502593665,bull,0.1035120147874306,0.1803885291396854,2026-03-31,2026-05-15,11968686000.0,2441124000.0,591731000.0,895921000.0,121622000.0,718327000.0,2.64,28637858000.0,16986250000.0,37839475000.0,17932964000.0,19906511000.0,4485498000.0,2337560000.0,448042000.0,0.0,0.1357508083860072,511403038.4029395,20853225000.0,0.0245239303946003,0.0360850276575337,0.0189835350516887,0.9008592213874144,0.203959231614899,0.0494399301644307,0.0600171982120677,0.2168964026850304,,,53.24611007538207,53.24611007538207,False,75.40295300640781,75.40295300640781,69.86374227365138,322.0,True,True,True,True,True,True,True,True,True,True,True,True,False,True,False,False,False,13,False,0.0602320629230312,0.1433434255022185,1.0,214860858.95,0.2809611829944547,2.0,3.0,,,,,,0.013813842025589,-0.0614538896930684,0.1999739204476393,-1.1133666901106822,0.3687943262411348,-1.1133666901106822,0.3687707406085367,-322.0,0.6950354609929078,0.7375886524822695,0.2340425531914893,0.625886524822695,0.6156028368794326,精誠
26.89999961853028,27.0,25.14999961853028,25.14999961853028,16943.0,-0.0437262225053509,25.659999465942384,0.2358721939598256,23.527499771118165,0.3743169763415803,24.22499987284343,0.4169013869594522,21.79416653315226,0.0353135256261103,67.72486473470809,24855.0,0.6816737075035204,0.0689618473359356,6225.TW,2026-07-22,-0.0307979748461393,0.1166666502593665,bull,0.0277264325323475,0.0869565217391304,2026-03-31,2026-05-15,6077000.0,806000.0,-9048000.0,-3081000.0,0.0,-3081000.0,-0.11,98414000.0,17953000.0,120780000.0,37244000.0,83536000.0,54546000.0,,18622000.0,,-0.0,-9048000.0,102827000.0,-0.087992453343966,-0.03688230224095,-0.0255091902632886,0.4458437081018961,0.1326312325160441,,-0.5069935823597169,-0.3481711895312668,,,17.320265078618256,17.320265078618256,False,70.26904266442585,70.26904266442585,57.03184826797396,907.0,True,False,True,True,True,False,True,True,True,True,True,True,False,True,False,False,False,11,False,0.0381836842329061,0.1539785006356302,1.0,625103.2405185701,0.9630314232902032,0.0,3.0,,,,,,0.0369524952235703,-0.1007664631538219,0.3172323788960382,-1.162372365153758,0.5042553191489362,-1.162372365153758,0.7363203088650208,-907.0,0.1631205673758865,0.1985815602836879,0.8014184397163121,0.2588652482269503,0.3014184397163121,天瀚
54.0,54.900001525878906,49.20000076293945,50.09999847412109,7577303.0,0.1490825740248154,49.41999969482422,0.097480762311026,42.66999988555908,0.4844443992332174,36.94666655858358,0.3744855260760453,34.788749885559085,0.0688208364903701,64.74926187299151,2392002.6,3.167765369485802,0.1741269887154737,6243.TW,2026-07-22,-0.0307979748461393,0.1166666502593665,bull,0.0831792975970425,0.064754856614246,2026-03-31,2026-05-15,90026000.0,53797000.0,-16222000.0,-1659000.0,-162000.0,,-0.03,918796000.0,84467000.0,1150484000.0,381040000.0,769444000.0,591361000.0,,,291585000.0,0.0976491862567811,-14637934.900542496,1066017000.0,-0.0137314272666782,,,0.4952147264778203,0.5975718125874747,-0.1801923888654388,,-0.455927768074601,,,38.55396498905318,38.55396498905318,False,86.71990313118644,86.71990313118644,74.67841859565311,549.0,True,True,True,True,True,True,True,True,True,True,False,True,False,False,False,False,False,11,False,0.3560086238005058,0.4401206895599818,1.0,119839326.61009368,0.3493530499075785,1.0,3.0,,,,,,0.0600753199446292,-0.0648951170642046,0.4038595653082109,-1.1450530231240774,0.6670212765957446,-1.1450530231240774,0.5117111982082866,-549.0,0.4822695035460992,0.8723404255319149,0.4680851063829787,0.4801418439716312,0.5964539007092199,迅杰
80.0,81.5,78.0999984741211,78.4000015258789,1115847.0,0.0890016507692126,76.71912994384766,0.1011236641326074,71.6707748413086,0.1296829942668509,72.9902582804362,0.2873563146392293,68.24429578781128,0.0176027951506483,68.95899945685545,659616.0,1.6916615121525251,0.093890804159296,6277.TW,2026-07-22,-0.0307979748461393,0.1166666502593665,bull,0.0794824399260628,0.242368177613321,2026-03-31,2026-05-15,1293181000.0,778857000.0,186537000.0,183859000.0,52118000.0,128893000.0,1.08,3416718000.0,1638244000.0,7019344000.0,2304220000.0,4715124000.0,897714000.0,266856000.0,200000000.0,,0.2834672221648111,133659874.77904265,5381100000.0,0.0248387643379685,0.0273360785421549,0.01836254214069,0.4886870419526612,0.6022799592632431,0.1442466290488338,0.0996712757146911,0.0734456101555489,,,66.12491163281756,66.12491163281756,False,69.77337737738266,69.77337737738266,68.86126094124138,199.0,True,False,True,True,True,False,True,True,True,True,True,True,True,True,True,False,False,12,False,0.0741159624981449,0.1488139868809588,1.0,51713895.40649414,0.4528650646950092,1.0,3.0,,,,,,0.0518040877047941,-0.0054384254998506,0.279793182941229,-1.1142804514763038,0.6578014184397163,-1.1142804514763038,0.7124385666319041,-199.0,0.8652482269503546,0.7163120567375887,0.7872340425531915,0.8535460992907802,0.8049645390070922,宏正
103.0,109.0,102.0,106.0,3034925.0,0.0443349753694581,96.4000015258789,0.2926829268292683,90.39500045776369,0.3249999999999999,87.553333791097,0.2155963728177261,84.69333362579346,0.0384261971023971,74.75344793676061,971621.8,3.1235661859377792,0.1726312236651588,6416.TW,2026-07-22,-0.0307979748461393,0.1166666502593665,bull,0.0175600739371534,0.1063829787234042,2026-03-31,2026-05-15,1057732000.0,271486000.0,132488000.0,135818000.0,38070000.0,99022000.0,1.35,4240170000.0,1810116000.0,6158927000.0,2539091000.0,3619836000.0,356630000.0,274239000.0,208323000.0,,0.2803015800556627,95351404.26158535,4348811000.0,0.0219258561159786,0.0273553829510508,0.016077800564936,0.7014381314512591,0.2566680406757099,0.1252566812765426,0.0936172867985463,-0.046140444062884,,,49.20522556408967,49.20522556408967,False,81.81362331380029,81.81362331380029,73.66152387637264,383.0,True,True,True,True,True,True,True,False,True,True,True,True,False,False,False,False,False,11,False,0.2106906203356791,0.2515743029828923,1.0,102991910.8,0.3669131238447319,2.0,3.0,,,,,,0.0558317398591269,-0.0239041841389101,0.2960993890467313,-1.2333552467503015,0.648936170212766,-1.2333552467503015,0.6777413779690489,-383.0,0.6312056737588653,0.851063829787234,0.7588652482269503,0.650354609929078,0.7226950354609929,瑞祺電通
41.45000076293945,43.900001525878906,39.900001525878906,40.150001525878906,11714819.0,-0.0485781800947473,40.51999969482421,0.2625786946273587,37.24666595458984,0.1985075082351912,34.86972192128499,0.1438747370738815,35.201110967000325,0.0601266585559582,62.63985591836125,6625806.75,1.7680592631229397,0.0779488713118305,6477.TW,2026-07-22,-0.0307979748461393,0.1166666502593665,bull,0.022181146025878,0.1711378353376503,2026-03-31,2026-05-15,225003000.0,55733000.0,28969000.0,2480000.0,2731000.0,-1883000.0,-0.02,1126619000.0,970864000.0,8000687000.0,4658638000.0,3342049000.0,436913000.0,100000000.0,2224579000.0,625813000.0,0.4,17381400.0,7029823000.0,0.0024725231346507,-0.0005634268079253,-0.0002353547889075,1.3939466477002582,0.2476989195699613,0.1287493944525184,-0.0083687773051914,0.5421093032500377,,,38.3258266980446,38.3258266980446,False,88.32930302089795,88.32930302089795,75.82843394018461,554.0,True,True,True,True,True,True,True,True,True,True,True,True,True,True,False,False,False,14,False,0.1514287844484001,0.1405890445764048,1.0,266026151.1226788,0.2495378927911275,1.0,3.0,,,,,,0.010375531061267,-0.0801313581268404,0.2307213985739151,-1.6373978565184113,0.3120567375886525,-1.6373978565184113,0.4115652404331157,-554.0,0.475177304964539,0.8865248226950354,0.2836879432624113,0.4464539007092198,0.5602836879432623,安集
27.0,28.299999237060547,26.25,27.850000381469727,733318.0,0.0650095903532941,26.81000022888184,0.2004310114488598,24.16000003814697,0.2716895372867935,23.98500003814697,0.136734709447744,23.877083253860476,0.0322580653047729,71.07438107721056,419112.35,1.749693131209329,0.152731802048696,6598.TW,2026-07-22,-0.0307979748461393,0.1166666502593665,bull,0.033271719038817,0.1313598519888991,2026-03-31,2026-05-15,217115000.0,140181000.0,17966000.0,20979000.0,0.0,20979000.0,0.2,947351000.0,157433000.0,1089898000.0,414395000.0,675503000.0,434793000.0,,,,0.0,17966000.0,932465000.0,0.0192672111017571,0.0310568568903468,0.0192485902350495,0.613461376189299,0.6456532252492918,0.0827487736913617,0.0966262119153444,0.8094876945002376,,,67.77168793520316,67.77168793520316,False,84.47040936903528,84.47040936903528,80.29572901057725,181.0,True,True,True,True,True,True,True,True,True,True,True,True,True,False,True,False,False,13,False,0.1611423947123478,0.166390387191321,1.0,11672279.107378673,0.6617375231053605,0.0,3.0,,,,,,0.066694572691615,0.0153059076049427,0.2832604277477215,-0.7273578027337387,0.7890070921985816,-0.7273578027337387,0.6898574152609305,-181.0,0.8723404255319149,0.9645390070921984,0.7659574468085106,0.8563829787234043,0.8787234042553191,ABC-KY
5195.0,5500.0,5145.0,5500.0,3842491.0,0.0794896957801767,4984.0,0.1943539630836048,4930.0,0.1247443762781186,4768.267413330078,0.478494623655914,4293.8420399983725,0.0088233777440273,57.21153846153846,1503995.35,2.554855638350212,0.1156186612576064,6669.TW,2026-07-22,-0.0307979748461393,0.1166666502593665,bull,0.0351201478743068,0.2479185938945421,2026-03-31,2026-05-15,276507734000.0,20881168000.0,17458392000.0,17934386000.0,3819977000.0,14114409000.0,75.95,395619318000.0,257883938000.0,432576398000.0,292412129000.0,140164269000.0,70996229000.0,72191879000.0,9594000000.0,18686968000.0,0.2129973671805658,13739800468.793749,174692460000.0,0.0786513651979813,0.1006990519102982,0.0326287080507799,2.086210209536355,0.0755174826321494,0.0631388921656708,0.0510452593705751,0.6202705683581411,,,65.40144535951697,65.40144535951697,False,83.1739174451394,83.1739174451394,78.73079942373379,208.0,True,True,True,True,True,True,True,True,True,True,True,True,True,True,True,False,False,14,False,0.1534587981840751,0.280904129394123,1.0,8271974425.000001,0.022181146025878,3.0,3.0,,,,,,0.0746104960864826,-0.0960272942519771,0.286803710270131,-0.3540502671291764,0.6822695035460993,-0.3540502671291764,0.5655761007262002,-208.0,0.851063829787234,0.950354609929078,0.5602836879432624,0.8074468085106382,0.822695035460993,緯穎
310.0,319.5,302.5,308.0,10010544.0,-0.0329670329670329,315.6,-0.0048465266558965,311.075,0.3420479302832244,296.1635187784831,0.6923076923076923,240.11925938924156,0.0020939035193685,46.66666666666666,7765461.55,1.2891112698896825,-0.0098850759463151,8028.TW,2026-07-22,-0.0307979748461393,0.1166666502593665,bull,0.3872458410351201,0.0980573543015726,2026-03-31,2026-05-15,1303393000.0,489754000.0,332381000.0,332398000.0,46053000.0,,1.61,2930820000.0,2266985000.0,12808707000.0,7375773000.0,5432934000.0,946326000.0,,3815318000.0,970842000.0,0.1385477650286704,286330355.3120055,10541722000.0,0.0271616302642021,,,1.35760401285935,0.3757531304832848,0.2550121106987685,,0.2041204902978814,,,76.71005758993898,76.71005758993898,False,63.34045149382111,63.34045149382111,66.68285301785058,103.0,True,False,True,True,False,True,True,False,True,True,True,True,True,True,True,False,False,11,False,0.0399660338664806,0.2826959436049294,1.0,2391762157.4,0.065619223659889,2.0,3.0,,,,,,0.1124551649596901,0.0351291324043581,0.3501593556676401,-1.1680109134389354,0.8592198581560283,-1.1680109134389354,0.8702949623287652,-103.0,0.9361702127659576,0.5673758865248227,0.9219858156028368,0.9340425531914894,0.822695035460993,昇陽半導體
214.5,214.5,193.0,196.5,21995523.0,-0.2708719851576994,215.4,0.4035714285714284,207.5,0.2843137254901962,161.04877344767252,0.3551724137931034,153.69105339050293,0.1057820410338395,52.54237288135593,13717116.0,1.6035092945193437,-0.053012048192771,8033.TW,2026-07-22,-0.0307979748461393,0.1166666502593665,bull,0.0092421441774491,0.1248843663274745,2026-03-31,2026-05-15,375050000.0,143311000.0,-2634000.0,51909000.0,1188000.0,51587000.0,0.34,1888108000.0,862133000.0,3872200000.0,1760802000.0,2111398000.0,325588000.0,470000000.0,714045000.0,,0.0228862047043865,-2573717.736808646,3010067000.0,-0.0008550366941362,0.0244326271029905,0.013322400702443,0.8339507757419492,0.3821117184375416,-0.0070230635915211,0.1375469937341688,0.1184905075182363,,,41.48554379538239,41.48554379538239,False,77.17401893033504,77.17401893033504,68.25190014659688,490.0,True,True,True,True,False,True,True,True,True,True,True,False,True,True,False,False,False,12,False,0.2201272682393087,0.2785389628420776,1.0,2695413294.0,0.0591497227356746,2.0,3.0,,,,,,0.0142378345195404,-0.0980915387071855,0.2760045150505321,-1.40798702046557,0.3829787234042553,-1.40798702046557,0.3212111161183552,-490.0,0.5319148936170213,0.6382978723404256,0.1843971631205673,0.4797872340425531,0.4943262411347517,雷虎
1255.0,1305.0,1215.0,1305.0,17098496.0,-0.07773851590106,1205.0,0.3693599160545646,1179.0,0.429353778751369,982.6485483805338,3.10377358490566,758.4201075236002,0.0702321450958764,57.33944954128441,17872395.2,0.9566986298512468,0.1068702290076335,8046.TW,2026-07-22,-0.0307979748461393,0.1166666502593665,bull,0.010166358595194,0.0740055504162812,2026-03-31,2026-05-15,11177241000.0,1771445000.0,1352237000.0,1598197000.0,289571000.0,1308626000.0,2.03,25923065000.0,8163676000.0,62161816000.0,15455246000.0,46706570000.0,9657576000.0,,,,0.1811860490289995,1107230520.6191726,53998140000.0,0.0205049751828335,0.0280180282988025,0.0210519267969906,0.3309008989527597,0.1584867857819295,0.1209812868846614,0.1170795189975773,0.3214942908705003,,,61.16068715346135,61.16068715346135,False,87.68344461157818,87.68344461157818,81.05275524704898,249.0,True,True,True,True,True,True,True,True,True,True,True,True,True,True,True,False,False,14,False,0.3280434822304694,0.7206822275072546,1.0,23323475736.0,0.0064695009242144,3.0,3.0,,,,,,-0.2152337021485583,-0.3063471896861078,0.1978335168237585,-1.6517028957626996,0.1468085106382978,-1.6517028957626996,0.1315797767221499,-249.0,0.8085106382978723,0.9787234042553192,0.0496453900709219,0.6946808510638297,0.7078014184397162,南電
200.0,221.0,200.0,221.0,1836880.0,0.1304347826086955,196.7,0.1216395820752103,196.625,0.1913746630727761,210.6821411132813,0.0702179176755448,194.29523722330728,-0.0017420261735307,65.81632653061223,733938.35,2.502771520250986,0.1239669421487603,8114.TW,2026-07-22,-0.0307979748461393,0.1166666502593665,bull,0.0646950092421441,0.1785383903792784,2026-03-31,2026-05-15,3538762000.0,1663146000.0,629447000.0,679338000.0,161223000.0,295445000.0,2.75,12455497000.0,5771803000.0,21980129000.0,6506472000.0,15473657000.0,5218965000.0,1013946000.0,40862000.0,,0.2373236886498326,480064316.1504288,16208326000.0,0.0296183773790352,0.0190934179295818,0.0134414588740584,0.4204870251421496,0.4699796143397041,0.177872091991493,0.0834882368466712,-0.402118188183074,,,60.8516877333533,60.8516877333533,False,63.24421604035123,63.24421604035123,62.64608396360176,253.0,True,False,True,True,True,False,False,True,True,True,False,True,True,True,True,False,False,10,False,0.0489735809224141,0.1374442480337303,1.0,162200375.35,0.3096118299445471,2.0,3.0,,,,,,0.0563773067889164,-0.0077630803971068,0.2662718452076897,-0.8794305760134064,0.6890070921985816,-0.8794305760134064,0.7910282924060035,-253.0,0.8014184397163121,0.3971631205673759,0.8581560283687943,0.8099290780141845,0.6914893617021277,振樺電
42.650001525878906,43.84999847412109,38.59999847412109,39.900001525878906,5340156.0,-0.0408653127547523,39.34000015258789,0.1223629362074225,39.74462718963623,0.1067961822551284,37.16904220581055,-0.078521888477808,37.78285427093506,0.0231033825139001,48.13664414154663,2997792.65,1.7813626969830618,0.0039093167361043,8222.TW,2026-07-22,-0.0307979748461393,0.1166666502593665,bull,0.0628465804066543,0.2793709528214616,2026-03-31,2026-05-15,234428000.0,59230000.0,30441000.0,31763000.0,6251000.0,,0.37,1130042000.0,553253000.0,2167379000.0,1240916000.0,926463000.0,201023000.0,300000000.0,681477000.0,,0.1968013096999653,24450171.33142336,1614126000.0,0.0151476225099052,,,1.3394123672505,0.2526575323766785,0.1298522360810142,,-0.074709104974818,,,42.06809671107272,42.06809671107272,False,69.94474935374703,69.94474935374703,62.97558619307845,479.0,True,False,True,True,True,True,True,False,True,False,True,True,True,True,False,False,False,11,False,0.0734740299453138,0.0560346034146099,1.0,119611931.30926856,0.3502772643253234,1.0,3.0,,,,,,0.0474401072362442,0.0081642722750735,0.1941411123974801,-1.6299961827445095,0.4652482269503546,-1.6299961827445095,0.5488636784129792,-479.0,0.5390070921985816,0.425531914893617,0.5106382978723404,0.5347517730496454,0.4992907801418439,寶一
12.600000381469728,12.949999809265137,12.5,12.949999809265137,139032.0,0.0318401743581191,12.610472297668457,0.0791666507720947,12.365255737304688,0.0614754107971724,12.212585242589316,0.0791666507720947,12.22045930226644,0.0106347870894793,77.07069701227758,114540.1,1.2138281702216078,0.047289282517331,8411.TW,2026-07-22,-0.0307979748461393,0.1166666502593665,bull,0.1062846580406654,0.3672525439407955,2026-03-31,2026-05-15,2726482000.0,240600000.0,69628000.0,61624000.0,19776000.0,41688000.0,0.19,5684691000.0,4777607000.0,13494274000.0,7266361000.0,6227913000.0,1476105000.0,1130770000.0,1174037000.0,1103389000.0,0.3209139296378034,47283404.90717903,8716667000.0,0.0054244821910919,0.0066937351244309,0.0030893103252535,1.16674092910418,0.0882455853367086,0.025537670888713,0.0152900330902606,0.2387255467647537,,,26.84034715613582,26.84034715613582,False,68.35282162188446,68.35282162188446,57.974703005447296,741.0,True,False,True,True,True,True,True,False,True,False,True,True,True,True,False,False,False,11,False,0.0603815287285949,0.059698288661163,1.0,1483294.2731532098,0.911275415896488,0.0,3.0,,,,,,0.0880338422328056,0.0410962241620503,0.2916323264928763,-1.006626448997253,0.85,-1.006626448997253,0.85,-741.0,0.3049645390070922,0.226950354609929,0.900709219858156,0.3943262411347518,0.400709219858156,福貞-KY
17.450000762939453,17.700000762939453,17.399999618530273,17.5,67300.0,0.0115607382519997,17.33000030517578,0.09375,17.11000003814697,0.0903427309573512,16.04500002861023,-0.2616033992975485,18.005833347638447,0.0239377646865352,53.33333672417879,84720.3,0.7943786790178977,0.0227936856214796,8466.TW,2026-07-22,-0.0307979748461393,0.1166666502593665,bull,0.088724584103512,0.3098982423681776,2026-03-31,2026-05-15,646708000.0,53336000.0,-48009000.0,-60006000.0,10830000.0,-70836000.0,-0.89,3078886000.0,1016402000.0,6310057000.0,3271933000.0,3038124000.0,1742461000.0,450000000.0,2038830000.0,,0.0,-48009000.0,5293655000.0,-0.0090691592104132,-0.0233157040331467,-0.0112258890846786,1.076958346663928,0.0824730790403087,-0.0742359766695324,-0.1095332050941073,-0.2869482379558921,,,10.174823562624717,10.174823562624717,False,67.97176546856772,67.97176546856772,53.52252999208197,1040.0,True,False,True,True,True,True,True,True,True,False,True,True,False,True,False,False,False,11,False,0.0906824536488204,-0.0280927484927983,0.0,1482605.25,0.9121996303142328,0.0,3.0,,,,,,0.0695293570744582,-0.0413353893225993,0.2740023613736866,-0.7550360754498058,0.6960992907801418,-0.7550360754498058,0.7745582660797261,-1040.0,0.0567375886524822,0.0851063829787234,0.8226950354609929,0.1716312056737588,0.2184397163120567,美吉吉-KY
24.100000381469727,24.200000762939453,23.200000762939453,23.25,828332.0,0.0333333333333334,23.84000015258789,-0.0024786446137206,23.6953070640564,0.2952645689020365,19.577929576237995,-0.0432098465031705,19.35396484533946,0.0186583997058943,45.38505925384053,1428874.35,0.5797094755042667,-0.0187930488873844,8476.TW,2026-07-22,-0.0307979748461393,0.1166666502593665,bull,0.3733826247689464,0.1184088806660499,2026-03-31,2026-05-15,326235000.0,40113000.0,7631000.0,5876000.0,4616000.0,225000.0,0.0,3433683000.0,2155428000.0,4156186000.0,2316566000.0,1839620000.0,171630000.0,939067000.0,115449000.0,,0.4,4578600.0,2000758000.0,0.0022884326840127,0.0001223078679292,5.413617196150509e-05,1.259263326121699,0.1229573773506828,0.0233911137676828,0.0006896868821555,0.38142099178943,,,25.567050268345977,25.567050268345977,False,60.83829924028037,60.83829924028037,52.02048699729677,760.0,True,False,True,True,False,True,True,False,True,True,True,True,False,True,False,False,False,10,False,0.1875617342202951,0.201304238474874,1.0,33221328.637500003,0.522181146025878,0.0,3.0,,,,,,0.0303569329128293,-0.0382339822463694,0.2067496907685641,-1.752949500378201,0.3453900709219858,-1.752949500378201,0.427908157725067,-760.0,0.2836879432624113,0.0638297872340425,0.3262411347517731,0.2900709219858156,0.226241134751773,台境*
5.360000133514404,5.71999979019165,5.340000152587891,5.5,4182405.0,0.0763209112124569,5.264000034332275,0.0516252351705239,5.144999980926514,0.1853448616940975,5.177499993642171,0.1802575493761824,5.179999995231628,-0.0015524922204659,63.15788978355057,1307855.2,3.197911358994482,0.0689990321456828,9103.TW,2026-07-22,-0.0307979748461393,0.1166666502593665,bull,0.155268022181146,0.1859389454209065,,,,,,,,,,,,,,,,,,,,,,,,,,,,,,,,,50.0,False,59.04574972946033,59.04574972946033,56.78431229709525,369.0,True,False,True,True,True,False,False,True,True,True,True,True,False,True,False,False,False,10,False,0.0622887507008884,0.0617760627534638,1.0,7193203.6,0.7171903881700554,0.0,3.0,,,,,,0.0231315984058179,0.0032374212453432,0.0714956770217668,-1.1357934834352283,0.3776595744680851,-1.1357934834352283,0.4512556323085109,-369.0,0.6382978723404256,0.1843971631205673,0.3617021276595745,0.596808510638298,0.4468085106382978,美德醫療-DR
79.9000015258789,82.30000305175781,79.19999694824219,79.30000305175781,2420906.0,0.0352481022378727,81.54000091552734,0.1090909517728364,76.91500053405761,0.3863636712245852,69.86000016530355,-0.1408450657657092,70.98833335240683,0.0305486741901753,59.74027003461305,4154738.25,0.5826855638860041,0.0310082883851003,9914.TW,2026-07-22,-0.0307979748461393,0.1166666502593665,bull,0.0711645101663586,0.0841813135985199,2026-03-31,2026-05-15,5323065000.0,883503000.0,277586000.0,414150000.0,86163000.0,325661000.0,1.09,16669153000.0,11726544000.0,36194817000.0,15729956000.0,20464861000.0,3921684000.0,5780249000.0,308878000.0,,0.2080478087649402,219834840.9561753,24468273000.0,0.0089844853764781,0.0159131791806453,0.0089974484468314,0.7686324378162158,0.1659763688777048,0.0521477757645266,0.0611792266297706,-0.2965963236341542,,,27.385384545181456,27.385384545181456,False,81.94485592559688,81.94485592559688,68.30498808049303,726.0,True,True,True,True,True,True,True,True,True,True,True,True,False,True,False,False,False,13,False,0.135127438650404,0.1170850097027835,1.0,329470755.9042549,0.2282809611829944,1.0,3.0,,,,,,0.0538033772806511,-0.0138737960942043,0.2271941619106053,-1.710569090086811,0.4985815602836879,-1.710569090086811,0.4241786142059556,-726.0,0.3191489361702128,0.6453900709219859,0.3049645390070922,0.3170212765957447,0.4141843971631206,美利達
84.0,86.9000015258789,83.9000015258789,84.5999984741211,1762746.0,0.0574999809265137,85.53999938964844,0.1494565248376707,78.8549991607666,0.2818181586988044,73.70333340962728,-0.1224066687238595,75.89083340962728,0.0365428898717817,65.85365334960937,2604656.3,0.6767672187689409,0.0728552326992206,9921.TW,2026-07-22,-0.0307979748461393,0.1166666502593665,bull,0.0489833641404805,0.1267345050878816,2026-03-31,2026-05-15,12523541000.0,2458803000.0,-191441000.0,-170563000.0,-23472000.0,-199773000.0,-0.51,48200680000.0,28731484000.0,72341005000.0,34909460000.0,37431545000.0,13787267000.0,9060327000.0,1863857000.0,,0.1376148402643011,-165095877.36496192,43609521000.0,-0.0037857759860504,-0.0053370225567766,-0.0027615458203822,0.9326214026164296,0.1963344871869705,-0.0152864912567459,-0.0159517982973026,-0.2568048701835493,,,14.870530982450036,14.870530982450036,False,81.04045767395762,81.04045767395762,64.49797600108072,962.0,True,True,True,True,True,True,True,True,True,True,True,True,False,True,False,False,False,13,False,0.147844942153871,0.1147591174481554,1.0,220353919.00560987,0.2791127541589648,1.0,3.0,,,,,,0.0248165072553469,-0.0722294240404028,0.2722720812503565,-1.5183721283772045,0.402127659574468,-1.5183721283772045,0.4060080392310458,-962.0,0.0992907801418439,0.4964539007092198,0.2765957446808511,0.125886524822695,0.2539007092198582,巨大
10.899999618530272,11.100000381469728,10.850000381469728,10.899999618530272,1630766.0,0.0092592061138292,10.79000015258789,0.0921843806104814,10.4510000705719,0.1670234946955693,10.065552282333377,0.0092592061138292,9.90810947418213,0.015663208069057,65.99998474121088,1134130.9,1.4378992760006806,0.0429623523994295,9934.TW,2026-07-22,-0.0307979748461393,0.1166666502593665,bull,0.0924214417744916,0.2062904717853839,2026-03-31,2026-05-15,4675859000.0,1599481000.0,215608000.0,179015000.0,65010000.0,114005000.0,0.28,10184466000.0,6401709000.0,16132102000.0,9818930000.0,6313172000.0,2756002000.0,2012873000.0,1745714000.0,,0.3631539256486886,137309108.39873755,9730393000.0,0.0141113630660896,0.0180582756180252,0.0070669649869558,1.5553084883478543,0.3420721197965978,0.0461108857217465,0.0243816162976685,0.0629297965528301,,,37.04526496126525,37.04526496126525,False,78.74391301741004,78.74391301741004,68.31925100337384,573.0,True,True,True,True,True,True,True,True,True,True,True,True,True,True,False,False,False,14,False,0.0829012966989881,0.1001089205698364,1.0,12362026.377363391,0.655268022181146,0.0,3.0,,,,,,0.0681563339157133,0.0359469798422494,0.2070617969947417,-0.8575763981660736,0.7492907801418439,-0.8575763981660736,0.7814925557663661,-573.0,0.4397163120567376,0.6595744680851063,0.8368794326241135,0.4992907801418439,0.5851063829787234,成霖
47.84999847412109,47.900001525878906,47.04999923706055,47.09999847412109,2677253.0,0.0172786015171289,46.75999908447265,0.0680272132381245,45.65500011444092,0.097902023283346,44.77666657765706,-0.1179775818677587,46.74958337148031,0.0147810572581348,64.28568597628941,1673143.8,1.600133234214537,0.0316503856326375,9938.TW,2026-07-22,-0.0307979748461393,0.1166666502593665,bull,0.1275415896487985,0.2978723404255319,2026-03-31,2026-05-15,4039116000.0,1284918000.0,520713000.0,425166000.0,129637000.0,260126000.0,0.87,14032321000.0,11813151000.0,35752846000.0,19207493000.0,16545353000.0,5015670000.0,8240072000.0,4051483000.0,952978000.0,0.3049091413706646,361942846.2694571,23939695000.0,0.0151189414179861,0.0157219975905016,0.0072756725436626,1.1608995589275128,0.3181186180342431,0.1289175651305879,0.0644017156229234,-0.0496369830476012,,,40.748148756108165,40.748148756108165,False,77.71260345495261,77.71260345495261,68.4714897802415,498.0,True,True,True,True,True,True,True,True,True,False,True,True,True,True,False,False,False,13,False,0.0518871116150334,0.0074955770162981,1.0,78805070.42698516,0.3955637707948244,1.0,3.0,,,,,,0.0540181541590183,0.0089451730381772,0.1611552639203337,-1.7062730254465082,0.4365248226950354,-1.7062730254465082,0.418490277047849,-498.0,0.524822695035461,0.6737588652482269,0.2907801418439716,0.4897163120567375,0.5226950354609928,百和
123.5,124.5,123.0,123.5,116335.0,0.0081632653061225,123.7,0.0555555555555555,120.2,0.0646551724137931,119.06666666666666,0.1026785714285714,117.14583333333331,0.0117845117845118,71.42857142857143,128718.75,0.9037921825685846,0.0274542429284525,9942.TW,2026-07-22,-0.0307979748461393,0.1166666502593665,bull,0.1460258780036968,0.3617021276595745,2026-03-31,2026-05-15,1082513000.0,432535000.0,264944000.0,276710000.0,92270000.0,184517000.0,2.22,3502057000.0,986902000.0,6010077000.0,1477893000.0,4532184000.0,664533000.0,250000000.0,42450000.0,,0.333453796393336,176597417.368364,5023175000.0,0.0351565329434797,0.0407126012536119,0.0307012705494455,0.3260884818445147,0.3995656403202548,0.2447490237992522,0.1704524564601071,0.1336271128932433,,,83.11611500419343,83.11611500419343,False,63.86452404577078,63.86452404577078,68.67742178537644,66.0,True,False,True,True,True,True,True,True,True,False,True,True,True,True,True,False,False,12,False,0.0372340425531916,0.0542415080917659,1.0,15896765.625,0.6164510166358595,2.0,2.0,,,,,,0.0696188394948943,0.0377375510155192,0.2698796411940907,-0.9765317497371544,0.7971631205673758,-0.9765317497371544,0.7244324045382804,-66.0,0.9787234042553192,0.6950354609929078,0.7943262411347518,0.951063829787234,0.8567375886524823,茂順
18.299999237060547,18.350000381469727,18.14999961853028,18.25,53987.0,0.0167130487080502,18.120000457763677,0.0398859720766351,17.870000076293945,0.1162079250275516,17.26033617655436,0.0830860288923127,16.92766807874044,0.009437986734068,68.75000745057882,54572.9,0.9892639020466202,0.0212646850634408,9944.TW,2026-07-22,-0.0307979748461393,0.1166666502593665,bull,0.1903881700554528,0.2608695652173913,2026-03-31,2026-05-15,704581000.0,244021000.0,98268000.0,114815000.0,40853000.0,68907000.0,0.65,2917115000.0,1568744000.0,5865832000.0,2336741000.0,3529091000.0,1702145000.0,1052022000.0,457500000.0,,0.3558158777163263,63302685.32857205,4297088000.0,0.0147315310574444,0.0195254245356665,0.0117471826673522,0.6621367938656159,0.3463349139417611,0.1394701247975747,0.0977985497763919,0.118185526042237,,,54.04006958175547,54.04006958175547,False,65.92755346698966,65.92755346698966,62.95568249568112,313.0,True,False,True,True,True,True,True,True,True,False,True,True,True,True,False,False,False,12,False,0.0573374593242252,0.078116602659541,1.0,995955.425,0.9426987060998152,0.0,3.0,,,,,,0.062548232505008,0.0461462701682758,0.1781222938137681,-0.9706741731938036,0.6879432624113475,-0.9706741731938036,0.6750392993013374,-313.0,0.7163120567375887,0.4184397163120567,0.75177304964539,0.7216312056737588,0.6340425531914894,新麗
26.549999237060547,26.950000762939453,26.350000381469727,26.39999961853028,6771733.0,0.0,26.50999984741211,-0.0075188255665881,25.945216941833497,0.1139239986782156,24.969238948822024,-0.1126050548393183,26.050869496663417,-0.004699300603925,60.08801952034224,8213673.3,0.8244463533751701,0.017528574831976,9945.TW,2026-07-22,-0.0307979748461393,0.1166666502593665,bull,0.400184842883549,0.2654949121184088,2026-03-31,2026-05-15,8802139000.0,2177505000.0,1558595000.0,3524918000.0,275592000.0,2706817000.0,0.99,56821154000.0,31229259000.0,206807304000.0,85163985000.0,121643319000.0,4687641000.0,7435539000.0,36077246000.0,,0.0781839464066965,1436737892.0502548,175578045000.0,0.0081829017520399,0.0222520811027854,0.0130885947819328,0.7001123094972441,0.247383618913539,0.1770700280920353,0.3075180930453381,0.2547092191019549,,,56.447152500431685,56.447152500431685,False,56.80448483580047,56.80448483580047,56.715151751958274,296.0,True,False,False,True,True,True,False,True,True,False,True,True,True,True,False,False,False,10,False,0.0573009322647277,0.0134018606139643,1.0,216840971.9867323,0.2800369685767098,0.0,3.0,,,,,,0.001185623062401,-0.0456550985453557,0.0939960241698858,-1.672080794276116,0.1854609929078014,-1.672080794276116,0.2193577153888119,-296.0,0.7446808510638298,0.1702127659574468,0.1205673758865248,0.651063829787234,0.4475177304964539,潤泰新
215.0,220.5,193.5,195.0,10797504.0,-0.1942148760330578,213.2,0.1304347826086955,212.1427101135254,0.2037037037037037,179.0975700378418,0.270358306188925,169.91545168558756,0.0516811339675276,50.5939750159889,7608727.2,1.4190946417424457,-0.0808074437455413,2645.TW,2026-07-22,-0.0307979748461393,0.1166666502593665,bull,0.0582255083179297,0.1665124884366327,2026-03-31,2026-05-15,4739309000.0,1305235000.0,1129183000.0,1207034000.0,241407000.0,,2.58,13801123000.0,5763087000.0,24644332000.0,11985704000.0,12658628000.0,5852316000.0,,4064780000.0,,0.2000001656954153,903346212.8995538,18881245000.0,0.0478435724391878,,,0.9468406844722824,0.2754061826312654,0.2382589951404308,,0.1311939511921276,,,76.79149551810622,76.79149551810622,False,72.5828778874,72.5828778874,73.63503229507656,102.0,True,False,True,True,False,True,True,True,True,True,True,True,True,True,True,False,False,12,False,0.0887919917550983,0.1476295891019319,1.0,1483701804.0,0.0924214417744916,2.0,3.0,,,,,,0.1644080134801719,0.0661014284475318,0.3912385297813945,-1.333321213371178,0.875886524822695,-1.333321213371178,0.8775345695939556,-102.0,0.9432624113475178,0.8368794326241135,0.9290780141843972,0.9411347517730496,0.9085106382978724,長榮航太
105.0,107.0,104.5,105.5,151196.0,0.0144230769230768,102.78000030517578,0.1307609490802943,96.38500099182129,0.0560560399257894,101.82500038146972,-0.128099173553719,101.2566670099894,0.0202709869331617,72.99035409215128,138271.65,1.093470715074276,0.0945686456853611,6863.TW,2026-07-22,-0.0307979748461393,0.1166666502593665,bull,0.0573012939001848,0.3839037927844588,2026-03-31,2026-05-15,1157370000.0,223613000.0,68416000.0,80896000.0,34956000.0,45907000.0,0.61,5096074000.0,2474763000.0,9764137000.0,3582789000.0,6181348000.0,2521706000.0,1475885000.0,,964996000.0,0.4,41049600.0,7289374000.0,0.0056314300789066,0.0074266972187943,0.0047015931873958,0.5796128934983114,0.1932078764785678,0.0591133345429724,0.0396649299705366,0.010705512391375,,,29.24496016715193,29.24496016715193,False,62.34300946278205,62.34300946278205,54.06849713887452,695.0,True,False,True,True,True,False,True,False,True,False,True,True,True,True,False,False,False,10,False,0.036091329288117,0.0419067021986014,1.0,14587659.075,0.6303142329020333,2.0,3.0,,,,,,0.014057406628923,-0.0462764400882513,0.1505984068379125,-1.722227795019066,0.2049645390070922,-1.722227795019066,0.3549480097731295,-695.0,0.3333333333333333,0.1063829787234042,0.2198581560283688,0.3163120567375886,0.2425531914893617,永道-KY
57.70000076293945,59.79999923706055,53.900001525878906,54.900001525878906,1296934.0,0.0261682528201665,53.44000015258789,0.1090909399167456,53.325,0.1870270600190033,49.23749987284342,-0.0108107833174971,49.39374984105428,0.0223841235104881,54.07166164253177,670804.2,1.933401728850237,0.0295358935936034,6928.TW,2026-07-22,-0.0307979748461393,0.1166666502593665,bull,0.0720887245841035,0.183163737280296,2026-03-31,2026-05-15,547857000.0,153351000.0,-8307000.0,-1987000.0,1366000.0,-3353000.0,-0.04,2199785000.0,477170000.0,2584683000.0,544642000.0,2040041000.0,932578000.0,,,,0.0,-8307000.0,2107513000.0,-0.0039416126970509,-0.0016435944179553,-0.0012972577294778,0.2669760068547642,0.279910633614246,-0.0151627158181788,-0.006120210200837,-0.1035109652208916,,,21.62900545364269,21.62900545364269,False,75.24306782566423,75.24306782566423,61.83955223265884,833.0,True,True,True,True,True,True,True,True,True,True,True,True,True,True,False,False,False,14,False,0.1150038419428074,0.1114766889038263,1.0,36827151.603565976,0.5073937153419593,1.0,3.0,,,,,,0.0320972567986823,-0.0425366735720229,0.223756175929625,-1.6262133863861945,0.3847517730496454,-1.6262133863861945,0.4922514811400275,-833.0,0.2553191489361702,0.375886524822695,0.4468085106382978,0.2840425531914893,0.3297872340425531,攸泰科技
86.80000305175781,87.30000305175781,85.19999694824219,85.19999694824219,63490.0,0.0047169089869045,85.47999877929688,0.0154945816295641,83.20499992370605,0.1687242135104329,82.34833335876465,0.1980319692355192,77.31356894175211,0.0019266598237151,59.99999046325684,126184.5,0.5031521304122138,0.0239768887250215,2762.TW,2026-07-22,-0.0307979748461393,0.1166666502593665,bull,0.27818853974122,0.2044403330249768,2026-03-31,2026-05-15,2811384000.0,612346000.0,300545000.0,268722000.0,49567000.0,219155000.0,2.01,1768082000.0,6175503000.0,18389010000.0,15722554000.0,2666456000.0,945155000.0,399900000.0,210000000.0,,0.1844545664292465,245108102.3325221,12213507000.0,0.0200686094774025,0.0821896179798204,0.0119177160706313,5.896423567461829,0.21780944901159,0.1069028635006815,0.0779527094128728,0.0937717990146893,,,45.75420069554944,45.75420069554944,False,72.43028783506504,72.43028783506504,65.76126605018615,421.0,True,False,True,True,True,True,True,True,True,True,True,True,False,True,False,False,False,12,False,0.0346292811665511,0.1020057425163194,1.0,10750919.014915466,0.6746765249537893,1.0,3.0,,,,,,0.1090145520287691,0.0448456790972145,0.3352375632321615,0.5452405689229686,0.951418439716312,0.5452405689229686,0.963461849715524,-421.0,0.5815602836879432,0.524822695035461,0.9929078014184396,0.6432624113475176,0.6468085106382979,世界健身-KY
90.6999969482422,91.8000030517578,83.0999984741211,87.5,550749.0,-0.0789473684210526,89.56000061035157,0.1378413298282435,86.86288604736328,0.2152777777777776,79.0292953491211,-0.0499456954433461,78.69964764912923,0.0328169456735446,52.08480202937404,548039.35,1.0049442617578463,0.0073347085461716,4590.TW,2026-07-22,-0.0307979748461393,0.1166666502593665,bull,0.0526802218114602,0.156336725254394,2026-03-31,2026-05-15,267545000.0,80743000.0,-23964000.0,81129000.0,16211000.0,,1.21,3151635000.0,1382797000.0,6125098000.0,2598258000.0,3526840000.0,2037662000.0,565000.0,505331000.0,,0.1998175744801489,-19175571.64515771,4742301000.0,-0.0040435163531706,,,0.7367099159587619,0.3017922218692183,-0.0895699788820572,,,,,35.37011980056409,35.37011980056409,False,70.25782758487497,70.25782758487497,61.53590063879725,597.0,True,False,True,True,True,True,True,True,True,True,True,True,True,True,False,False,False,13,False,0.1071843626272837,0.1118220044657103,1.0,47953443.125,0.466728280961183,1.0,3.0,,,,,,0.0482695836959911,-0.0030293971849955,0.2783137861641246,-1.5863580469099516,0.5606382978723404,-1.5863580469099516,0.565864690106302,-597.0,0.4113475177304964,0.3475177304964539,0.5673758865248227,0.4347517730496453,0.4234042553191489,富田-創
432.5,435.0,410.0,410.0,583588.0,-0.020310633213859,421.6,-0.0072639225181597,415.85,0.086092715231788,369.56666666666666,-0.077615298087739,396.425,0.0203030117156352,52.51046025104603,1104854.65,0.5282034157162664,-0.0140675724419863,7799.TW,2026-07-22,-0.0307979748461393,0.1166666502593665,bull,0.399260628465804,0.3191489361702128,2026-03-31,2026-05-15,2885000.0,-17000.0,-88494000.0,-57578000.0,0.0,-57578000.0,-0.37,10455995000.0,34213000.0,11666612000.0,290333000.0,11376279000.0,2207595000.0,,,,-0.0,-88494000.0,11632399000.0,-0.0076075450988226,-0.0050612331149754,-0.0049352802681703,0.0255209106598036,-0.0058925476603119,,,11.59825327510917,,,33.33333333333333,33.33333333333333,False,55.61063579848837,55.61063579848837,50.04131018219961,625.0,True,False,True,True,False,True,True,True,True,False,True,True,False,True,False,False,False,10,False,0.1094074140885721,0.0342435517437094,1.0,452990406.5,0.2033271719038817,2.0,3.0,,,,,,-0.0770909727722195,-0.1976379389463949,0.1301238414617055,-1.7733244709357143,0.0641843971631205,-1.7733244709357143,0.0670636610298484,-625.0,0.3900709219858156,0.0354609929078014,0.0283687943262411,0.3358156028368794,0.2113475177304964,禾榮科
