Open,High,Low,Close,Volume,ret5,ma5,ret20,ma20,ret60,ma60,ret120,ma120,ma20_slope,rsi14,volume_ma20,volume_ratio,ma20_deviation,symbol,date,benchmark_ret20,benchmark_ret60,market_regime,rs20_rank_pct,rs60_rank_pct,period_date,as_of_date,revenue,gross_profit,operating_income,pretax_income,tax_expense,net_income_parent,eps,current_assets,current_liabilities,assets,liabilities,equity,cash,short_borrowings,long_borrowings,bonds_payable,tax_rate,nopat,invested_capital_proxy,roic_proxy,roe,roa,debt_to_equity,gross_margin,operating_margin,net_margin,revenue_growth,pe,pb,eva_like_score,fundamental_score,fundamental_pass,technical_score,score,final_score,fundamental_rank,pass_market,pass_score,pass_rs20,pass_rs60,pass_close_ma20,pass_ma20_ma60,pass_ma20_slope,pass_rsi,pass_ret20_benchmark,pass_ret60_benchmark,pass_ret5_cap,pass_ret20_cap,pass_volume_ratio,pass_ma20_deviation,pass_fundamental_score,pass_fundamental_filter,pass_fundamental_universe,entry_pass_count,entry_all_pass,close_ma60_ratio,close_ma120_ratio,above_ma120,turnover20,liquidity_rank,price_bucket,eva_rank_bucket,forward_60d_return,forward_60d_max_drawdown,reward_60,fwd60_rank_label,top_quantile_60,reg_forward60,reg_reward60,cls_topq60,rank_forward60,ensemble_score,ranker_score,stable_ensemble_score,fundamental_rank_score,fundamental_score_rank,final_score_rank,stable_ml_rank,fund_ml_85_15,fund_final_ml,name
25.350000381469727,26.700000762939453,25.200000762939453,26.299999237060547,104714048.0,0.0890269007242789,25.409999465942384,0.0778688380424126,24.67749967575073,0.1097045734355757,24.2308331489563,0.0478087186196509,24.283472728729247,0.0109586205007498,68.51851328573912,38177972.15,2.74278706026035,0.0657481342367987,1101.TW,2026-09-30,0.054588264016544,0.0351039542887556,bull,0.1601851851851851,0.1222222222222222,2026-03-31,2026-05-15,33168148000.0,6208390000.0,2792191000.0,2132735000.0,927996000.0,718189000.0,0.1,184722314000.0,82516661000.0,597615286000.0,292869670000.0,304745616000.0,97044326000.0,5704442000.0,70674580000.0,98473452000.0,0.4,1675314600.0,515098625000.0,0.0032524152049522,0.0023566836150975,0.0012017580822054,0.961029969336786,0.1871792781435972,0.0841829034289162,0.021652972604922,-0.0511527050022949,,,23.33964555046912,23.33964555046912,False,74.26399642446755,74.26399642446755,61.53290870596794,803.0,True,False,True,True,True,True,True,True,True,True,True,True,True,True,False,False,False,13,False,0.0853939307569113,0.0830411091056837,1.0,1004080638.4175189,0.1074074074074074,0.0,3.0,,,,,,0.000309303049114,-0.0737870392203315,0.1936681739561845,-1.879809325132921,0.3846590909090909,-1.879809325132921,0.3386263045233633,-803.0,0.3295454545454545,0.2954545454545454,0.3295454545454545,0.3295454545454545,0.3193181818181818,台泥
35.400001525878906,35.79999923706055,35.20000076293945,35.79999923706055,6222073.0,0.0156028152357601,35.64000015258789,0.0361794508712802,35.29500026702881,0.0487972211344693,33.970814323425294,-0.0027855789573232,34.46527668635051,0.0055555576989832,58.33331567269036,7293961.15,0.8530444393716026,0.0143079463439892,1102.TW,2026-09-30,0.054588264016544,0.0351039542887556,bull,0.2657407407407407,0.1907407407407407,2026-03-31,2026-05-15,14829491000.0,1928135000.0,1184173000.0,2141327000.0,350025000.0,1887022000.0,0.56,94593171000.0,73132379000.0,329731256000.0,128784897000.0,200946359000.0,15235953000.0,28787827000.0,4255757000.0,36700000000.0,0.1634617225673612,990606041.60224,256598877000.0,0.0038605236826591,0.0093906752498063,0.0057229090832687,0.6408919158371016,0.1300203088561839,0.0798525721482955,0.1272479277946896,-0.1063722306154607,,,24.23843577719405,24.23843577719405,False,70.48860553535876,70.48860553535876,58.926063095817575,779.0,True,False,True,True,True,True,True,True,False,True,True,True,True,True,False,False,False,12,False,0.0538457776201701,0.0387265874246887,1.0,261123803.60514927,0.2203703703703703,1.0,3.0,,,,,,0.0296897773049091,-0.0048794510756725,0.1450197372681687,-1.90661125449141,0.4789772727272727,-1.90661125449141,0.3454817228130875,-779.0,0.3409090909090909,0.1931818181818181,0.3522727272727273,0.3426136363636363,0.2988636363636363,亞泥
65.5,68.4000015258789,65.4000015258789,68.0999984741211,52726362.0,0.0444785530922804,64.89999847412109,0.0287009307170271,65.07499923706055,0.127483389962218,61.07499936421712,0.4367087823180899,55.49953212738037,0.0113450917941738,59.036149561953,29292638.9,1.7999867536686838,0.0464848140226759,1301.TW,2026-09-30,0.054588264016544,0.0351039542887556,bull,0.2907407407407407,0.1111111111111111,2026-03-31,2026-05-15,41985122000.0,1555468000.0,-1301844000.0,3378716000.0,110089000.0,3268627000.0,0.51,175217601000.0,95826345000.0,593528010000.0,203311522000.0,390216488000.0,10197694000.0,31910508000.0,18393084000.0,43127284000.0,0.0325830877765399,-1259425902.676638,497701665000.0,-0.0025304836034186,0.008376445128582,0.0055071149885579,0.521022376686451,0.0370480762209051,-0.0310072696704323,0.0778520305359598,-0.110526237291801,,,17.23451320303393,17.23451320303393,False,78.52512217904285,78.52512217904285,63.20246993504063,909.0,True,True,True,True,True,True,True,True,False,True,True,True,True,True,False,False,False,13,False,0.1150224999268654,0.227037343626981,1.0,1994828664.39298,0.0712962962962963,1.0,3.0,,,,,,0.0014771156280284,-0.0742389631115366,0.1867301783921434,-1.8327072954948675,0.3863636363636363,-1.8327072954948675,0.3346833167114419,-909.0,0.1931818181818181,0.4090909090909091,0.3181818181818182,0.2119318181818181,0.2829545454545454,台塑
250.5,265.0,245.5,255.5,122143740.0,0.0668058455114821,239.9,0.0536082474226804,234.575,0.38774891831579,204.536666615804,1.998826398494036,156.21259015401205,0.02479248580166,61.452513966480446,75187872.6,1.624513844803211,0.0892038793562826,1303.TW,2026-09-30,0.054588264016544,0.0351039542887556,bull,0.2157407407407407,0.0305555555555555,2026-03-31,2026-05-15,68596393000.0,8188671000.0,3741833000.0,16080166000.0,1405348000.0,14254717000.0,1.8,193418745000.0,131197270000.0,647743623000.0,247168932000.0,400574691000.0,42831248000.0,24400300000.0,40333444000.0,51357530000.0,0.0873963614554725,3414810410.6259847,516546353000.0,0.0066108499088096,0.0355856655956329,0.0220067268805825,0.6170358176722652,0.1193746586646327,0.054548538725644,0.207805634911445,0.046448302712712,,,40.56631725411971,40.56631725411971,False,89.4904701657963,89.4904701657963,77.25943193787715,501.0,True,True,True,True,True,True,True,True,False,True,True,True,True,True,False,False,False,13,False,0.2491647792418758,0.6355915982706593,1.0,19210501449.3,0.0064814814814814,2.0,3.0,,,,,,-0.1408302818897496,-0.2215724978625945,0.1035861887027327,-1.8080682295508224,0.0931818181818181,-1.8080682295508224,0.0819451620275149,-501.0,0.6363636363636364,0.8977272727272727,0.0454545454545454,0.5477272727272727,0.596590909090909,南亞
10.149999618530272,10.149999618530272,10.0,10.0,92920.0,-0.0130738239746853,10.1094820022583,0.1337868873020746,9.792846822738648,0.0471203979348306,9.289615615208945,0.006036259773603,9.528224484125774,0.0295822158622609,46.73984523871258,23467.8,3.959467866608715,0.0211535196057952,1441.TW,2026-09-30,0.054588264016544,0.0351039542887556,bull,0.1,0.1944444444444444,2026-03-31,2026-05-15,289127000.0,4101000.0,-32285000.0,-44777000.0,0.0,-44777000.0,-0.62,673599000.0,687889000.0,1375598000.0,950008000.0,425590000.0,52980000.0,385441000.0,258341000.0,,-0.0,-32285000.0,687709000.0,-0.0469457284985364,-0.1052115886181536,-0.0325509342118845,2.232214102774971,0.0141840782770201,-0.1116637325465971,-0.1548696593538479,-0.265265099920714,,,4.062359244576872,4.062359244576872,False,68.90168218937183,68.90168218937183,52.691851453173086,1072.0,True,False,True,True,True,True,True,False,True,True,True,True,False,True,False,False,False,11,False,0.0764708050597935,0.0495134761633937,1.0,234678.0,0.9861111111111112,0.0,3.0,,,,,,0.0330186703339836,0.0174733196634065,0.2250180418962083,-0.5261437011637983,0.7846590909090909,-0.5261437011637983,0.7580479193096988,-1072.0,0.0227272727272727,0.0454545454545454,0.875,0.1505681818181818,0.2,大東
16.0,16.700000762939453,16.0,16.700000762939453,354496.0,0.0603175087580605,16.050000190734863,0.0774194040606099,15.647500133514404,0.3744857026554848,14.558062648773191,0.4586252011717169,13.09907443523407,0.0100048422093607,73.91303987268867,136603.35,2.5950754501994275,0.0672631807281958,1459.TW,2026-09-30,0.054588264016544,0.0351039542887556,bull,0.1675925925925926,0.0342592592592592,2026-03-31,2026-05-15,231160000.0,43640000.0,24305000.0,20991000.0,11327000.0,10929000.0,0.03,2303265000.0,1144782000.0,4781139000.0,1238615000.0,3542524000.0,1064701000.0,969808000.0,0.0,,0.4,14583000.0,3636357000.0,0.0040103323188564,0.0030850884849333,0.0022858569893073,0.3496419502027368,0.1887869873680567,0.1051436234642671,0.0472789409932514,-0.1821658664987316,,,27.476121095005883,27.476121095005883,False,74.72100580142373,74.72100580142373,62.90978462481927,724.0,True,False,True,True,True,True,True,False,True,True,True,True,True,True,False,False,False,12,False,0.1471307114031934,0.2748992950234379,1.0,2281276.049220085,0.7972222222222223,0.0,3.0,,,,,,0.0385098639815491,0.035991782519352,0.2788818357544079,-1.2364294806219025,0.8255681818181819,-1.2364294806219025,0.7781661395888587,-724.0,0.4090909090909091,0.3863636363636363,0.9090909090909092,0.484090909090909,0.5022727272727272,聯發
25.5,26.5,25.299999237060547,25.850000381469727,6849555.0,-0.0443622509958052,25.720000076293942,0.3393783110535897,22.725,0.0748441248029403,20.5849999109904,-0.0443622509958052,23.4762499332428,0.0775248952633624,68.18182409302314,10509187.45,0.6517682772896015,0.1375137681614839,1528.TW,2026-09-30,0.054588264016544,0.0351039542887556,bull,0.0259259259259259,0.149074074074074,2026-03-31,2026-05-15,712104000.0,216948000.0,-36032000.0,-16704000.0,12622000.0,-29553000.0,-0.15,3576203000.0,2573818000.0,5348882000.0,3152525000.0,2196357000.0,671813000.0,1666557000.0,460812000.0,,0.0,-36032000.0,2775064000.0,-0.0129842050489646,-0.0134554628414233,-0.0055250798204185,1.435342706126554,0.30465774662128,-0.0505993506566456,-0.0415009605338546,0.2650698085084837,,,29.67019488033945,29.67019488033945,False,82.51556582256688,82.51556582256688,69.30422308701003,687.0,True,True,True,True,True,True,True,True,True,True,True,True,False,True,False,False,False,13,False,0.2557687876242509,0.1011128461733428,1.0,271662499.59143686,0.2166666666666666,0.0,3.0,,,,,,-0.0364477445518898,-0.111817319104437,0.1986559571046047,-1.8702664835837832,0.2670454545454545,-1.8702664835837832,0.2570337966017211,-687.0,0.4318181818181818,0.6363636363636364,0.2272727272727272,0.4011363636363636,0.4522727272727272,恩德
112.5,113.5,111.0,112.5,71668.0,0.0135135135135135,112.4,0.0869565217391303,108.75,0.2122844428922574,99.03553403218588,0.2201735761786791,95.16776688893636,0.0228074300493768,72.41379310344828,141095.95,0.5079380379096635,0.0344827586206897,1558.TW,2026-09-30,0.054588264016544,0.0351039542887556,bull,0.1509259259259259,0.0694444444444444,2026-03-31,2026-05-15,1926175000.0,466203000.0,115500000.0,190949000.0,37396000.0,79533000.0,1.23,7337752000.0,2436771000.0,13553818000.0,4826378000.0,8727440000.0,2321376000.0,528924000.0,448585000.0,1225737000.0,0.1958428690383296,92880148.62607291,11117047000.0,0.0083547500182443,0.0091129815845196,0.0058679406791503,0.5530118797723044,0.2420356405830207,0.0599633989642685,0.0412906407777071,-0.0577927547617254,,,30.82891502090822,30.82891502090822,False,71.60967432950193,71.60967432950193,61.4144845023535,667.0,True,False,True,True,True,True,True,False,True,True,True,True,False,True,False,False,False,11,False,0.1359559081434171,0.1821229359231564,1.0,15873294.375000002,0.5435185185185185,2.0,3.0,,,,,,0.0346615696407304,0.0042038504963738,0.2544360431437085,-1.3557957805698715,0.7380681818181818,-1.3557957805698715,0.7178963203289855,-667.0,0.4772727272727273,0.2840909090909091,0.8295454545454546,0.5301136363636364,0.4897727272727272,伸興
44.09999847412109,48.400001525878906,44.0,48.400001525878906,46857436.0,0.1229699127469841,46.03000030517578,0.4469357375771166,38.9875,0.9476861482050544,31.72964382171631,1.6448089368146444,25.774821933110555,0.0812960875588852,71.82891207314496,28149913.2,1.6645676903898945,0.2414235723213571,1709.TW,2026-09-30,0.054588264016544,0.0351039542887556,bull,0.012037037037037,0.0064814814814814,2026-03-31,2026-05-15,2424471000.0,492933000.0,320616000.0,344786000.0,79982000.0,264726000.0,0.55,5694389000.0,2189161000.0,12130526000.0,3134319000.0,8996207000.0,600735000.0,285000000.0,20699000.0,,0.2319757762786192,246240854.51265424,9941365000.0,0.0247693203612033,0.0294264015934715,0.021823126218929,0.34840449980753,0.2033156923716555,0.1322416312671919,0.1091891798252072,-0.0753599255550004,,,52.52750676874495,52.52750676874495,False,88.9387877652694,88.9387877652694,79.83596751613828,330.0,True,True,True,True,True,True,True,True,True,True,False,False,True,False,False,False,False,11,False,0.5253874830058167,0.8778015868153817,1.0,1362455841.8333588,0.0888888888888888,1.0,3.0,,,,,,0.0320681985104539,-0.0972006030934132,0.2772650270479227,-1.092407750458216,0.65625,-1.092407750458216,0.6318694593865078,-330.0,0.7727272727272727,0.9318181818181818,0.6704545454545454,0.7573863636363636,0.8,和益
117.0,117.0,108.0,109.0,29846171.0,0.0582524271844659,113.1,0.0910910744256972,98.97499923706054,0.0738916256157635,88.17333329518637,1.1499013483186475,85.79450130462646,0.0448115667194903,67.96874988358468,10753977.05,2.775361232521879,0.1012882125811187,1727.TW,2026-09-30,0.054588264016544,0.0351039542887556,bull,0.1435185185185185,0.15,2026-03-31,2026-05-15,519337000.0,93230000.0,43151000.0,41099000.0,5200000.0,,0.28,1123188000.0,1095199000.0,3624612000.0,1513893000.0,2110719000.0,149557000.0,500000000.0,406375000.0,,0.1265237597021825,37691373.24509112,2529413000.0,0.014901233307922,,,0.7172404284985353,0.1795173461548089,0.0830886303113392,,0.1494054192828735,,,48.38391394144922,48.38391394144922,False,77.64207339999913,77.64207339999913,70.32753353536165,392.0,True,True,True,True,True,True,True,True,True,True,True,True,True,True,False,False,False,14,False,0.2362014219774384,0.2704776919557918,1.0,1172183498.45,0.0981481481481481,2.0,3.0,,,,,,-0.0064821614027106,-0.0988863991743489,0.2421243619988637,-1.6624466683345465,0.4363636363636363,-1.6624466683345465,0.4651936192462508,-392.0,0.6931818181818182,0.6818181818181818,0.5227272727272727,0.6676136363636364,0.6556818181818183,中華化
85.4000015258789,87.0,84.19999694824219,85.4000015258789,2293122.0,-0.0011695727967379,86.10000152587891,0.0569306720344364,83.3349998474121,0.2448980091172379,79.22000007629394,0.191073991084355,73.5291664759318,0.0146718654802388,59.77653964643925,1740715.05,1.3173448463032476,0.0247795245964823,2006.TW,2026-09-30,0.054588264016544,0.0351039542887556,bull,0.2064814814814815,0.0574074074074074,2026-03-31,2026-05-15,13602390000.0,2004381000.0,1390762000.0,1521134000.0,302993000.0,1211982000.0,1.66,28387625000.0,18568929000.0,51955456000.0,19405487000.0,32549969000.0,1294546000.0,5329132000.0,260000000.0,,0.1991888946010016,1113737654.5669217,33386527000.0,0.0333588951784928,0.0372345055075167,0.0233273287024946,0.596175283607797,0.1473550603974742,0.1022439438951537,0.089100665397772,-0.0619062729029651,,,52.210458028038886,52.210458028038886,False,80.72047074642568,80.72047074642568,73.59296756682897,336.0,True,True,True,True,True,True,True,True,True,True,True,True,True,True,False,False,False,14,False,0.0780106216060745,0.1614438952443826,1.0,148657067.92612037,0.2722222222222222,1.0,3.0,,,,,,0.0423711290834085,0.0122985971464013,0.2416095811547213,-1.208705399377879,0.7727272727272727,-1.208705399377879,0.7623226960403431,-336.0,0.75,0.8181818181818182,0.8977272727272727,0.7721590909090909,0.8,東和鋼鐵
45.70000076293945,46.5,45.70000076293945,46.5,1040624.0,0.0414333350705227,45.859999847412105,0.0333333333333334,44.829999923706055,0.1953727037533676,42.93083318074544,0.1341463414634145,41.10633214314779,0.000111543194781,62.04380944107161,614856.4,1.6924667288166797,0.0372518420507703,2031.TW,2026-09-30,0.054588264016544,0.0351039542887556,bull,0.2740740740740741,0.0833333333333333,2026-03-31,2026-05-15,4589073000.0,567832000.0,427931000.0,146733000.0,66925000.0,70724000.0,0.22,15811293000.0,10640609000.0,28813736000.0,17538865000.0,11274871000.0,1366991000.0,6979961000.0,6673974000.0,,0.4,256758600.0,18173127000.0,0.0141284766237533,0.0062727103485263,0.0024545237729671,1.5555712344735475,0.1237356651332415,0.0932499875247136,0.0154113913637895,-0.0896215532289155,,,22.130264986727884,22.130264986727884,False,80.8684202740123,80.8684202740123,66.18388145219119,825.0,True,True,True,True,True,True,True,True,False,True,True,True,True,True,False,False,False,13,False,0.0831376089121731,0.1312125790758811,1.0,28590822.6,0.462037037037037,1.0,3.0,,,,,,0.0520258388915177,0.0125793672226596,0.2425913079172175,-1.5553855293847396,0.7505681818181819,-1.5553855293847396,0.6688971672149242,-825.0,0.2954545454545454,0.5227272727272727,0.75,0.3636363636363636,0.4545454545454546,新光鋼
26.700000762939453,27.350000381469727,26.350000381469727,26.700000762939453,2225003.0,0.103305781867105,25.88000030517578,0.259433952927717,23.51499996185303,0.4354838825454736,20.670833396911625,0.4240000406901041,19.82022137641907,0.0501283930767651,70.28302353614143,1765866.05,1.26000666924878,0.1354454946312251,2069.TW,2026-09-30,0.054588264016544,0.0351039542887556,bull,0.0407407407407407,0.0268518518518518,2026-03-31,2026-05-15,2302863000.0,277674000.0,137979000.0,128564000.0,22373000.0,106191000.0,0.64,4252225000.0,3913450000.0,9681868000.0,5325210000.0,4356658000.0,267712000.0,2834868000.0,1356137000.0,,0.174022276842662,113967580.26352634,5768418000.0,0.019757163968271,0.0243744172712202,0.0109680280706161,1.2223153619127325,0.1205777330218949,0.0599162868134144,0.0461125998376803,-0.1384973197554728,,,30.045180578249248,30.045180578249248,False,85.27320372522132,85.27320372522132,71.4661979384783,682.0,True,True,True,True,True,True,True,True,True,True,False,True,True,True,False,False,False,13,False,0.2916750984471015,0.3471091092204217,1.0,47148624.88224888,0.3962962962962963,0.0,3.0,,,,,,0.085793342177878,0.0404636598209209,0.333918930798593,-1.1531641974273183,0.9301136363636364,-1.1531641974273183,0.9065519379313496,-682.0,0.4545454545454545,0.7727272727272727,0.9772727272727272,0.5329545454545455,0.6545454545454545,運錩
96.1999969482422,96.1999969482422,94.5,94.9000015258789,3250788.0,0.0567928541292099,93.66000061035156,0.0908046152399875,89.8800006866455,0.0621333601569249,88.71231104532878,0.1701603367620454,87.48472340901692,0.0193943543155698,77.77776992860873,3000296.15,1.083489041573446,0.0558522563516099,2347.TW,2026-09-30,0.054588264016544,0.0351039542887556,bull,0.1453703703703703,0.1666666666666666,2026-03-31,2026-05-15,126357648000.0,5428837000.0,3373256000.0,3875913000.0,784782000.0,2954386000.0,1.77,208416617000.0,157729943000.0,249263901000.0,167490035000.0,81773866000.0,15304988000.0,56810338000.0,2500000000.0,,0.2024766809781334,2690250321.030425,91533958000.0,0.0293907351961162,0.036128730907745,0.0118524422836502,2.048209815590717,0.042964055487959,0.0266960967807821,0.0233811411241209,0.3825024363831348,,,42.4453478070041,42.4453478070041,False,71.82231893130178,71.82231893130178,64.47807615022737,475.0,True,False,True,True,True,True,True,False,True,True,True,True,True,True,False,False,False,12,False,0.0697500764847445,0.0847608339823327,1.0,284728109.2130886,0.2092592592592592,1.0,3.0,,,,,,0.0503800353952043,0.0145329014062571,0.3092494225511359,-0.7277643528818356,0.8875,-0.7277643528818356,0.8032081756679279,-475.0,0.6590909090909091,0.4772727272727273,0.9431818181818182,0.7017045454545454,0.6613636363636364,聯強
29.39999961853028,30.799999237060547,29.350000381469727,30.450000762939453,25584535.0,0.0150000254313151,29.42000045776367,0.0855615540519498,28.595000171661376,0.0817051927380898,27.246666781107585,-0.0424527832235848,28.416666666666668,0.0106025833030046,68.53148513414666,10332132.1,2.476210597423546,0.0648715013163891,2371.TW,2026-09-30,0.054588264016544,0.0351039542887556,bull,0.1527777777777778,0.1416666666666666,2026-03-31,2026-05-15,11487899000.0,1888219000.0,433191000.0,12977000.0,90847000.0,-98534000.0,-0.05,70419825000.0,36312240000.0,142850022000.0,88657309000.0,54192713000.0,20529203000.0,3847451000.0,30592004000.0,,0.4,259914600.0,106537782000.0,0.0024396471854463,-0.0018182149323286,-0.0006897723823941,1.635963658065984,0.1643659123395844,0.0377084617474439,-0.0085771993643049,0.0894207195266061,,,18.886065333418628,18.886065333418628,False,73.91264162731392,73.91264162731392,60.155997553840095,880.0,True,False,True,True,True,True,True,True,True,True,True,True,True,True,False,False,False,13,False,0.1175679215210652,0.0715542790477226,1.0,314613430.3277912,0.2009259259259259,1.0,3.0,,,,,,-0.0271168730095755,-0.0693236433973553,0.1812107292598257,-1.9802974750540785,0.2982954545454545,-1.9802974750540785,0.2524897984368572,-880.0,0.2386363636363636,0.2159090909090909,0.2159090909090909,0.2352272727272727,0.2272727272727272,大同
145.0,145.0,143.0,143.5,10603513.0,-0.0069204152249134,144.6,0.0551470588235294,141.65,0.0534008253664366,138.39240163167318,0.0629629629629628,138.53262875874836,0.0155941925076179,71.42857142857143,11591489.65,0.9147670679238368,0.0130603600423577,2412.TW,2026-09-30,0.054588264016544,0.0351039542887556,bull,0.2111111111111111,0.1833333333333333,2026-03-31,2026-05-15,59988435000.0,22749747000.0,13104526000.0,13180725000.0,2573003000.0,10109931000.0,1.3,134464879000.0,81802629000.0,547813634000.0,136380954000.0,411432680000.0,35230791000.0,540000000.0,1600000000.0,21687792000.0,0.195209519961914,10546397770.211578,466011005000.0,0.0226312204155169,0.0245725035745823,0.0184550554650854,0.3314781752387778,0.3792355476518099,0.2184508730724513,0.1685313344147084,0.0748995729299504,,,67.30730742728429,67.30730742728429,False,65.17169667019647,65.17169667019647,65.70559935946842,187.0,True,False,True,True,True,True,True,True,True,True,True,True,True,True,True,False,False,13,False,0.0369066387179299,0.0358570488827019,1.0,1663378764.775,0.0805555555555555,2.0,3.0,,,,,,0.0025681012235626,-0.0731697316156375,0.1535254268327866,-1.7132117465820704,0.3874999999999999,-1.7132117465820704,0.2739598969909488,-187.0,0.875,0.5,0.25,0.78125,0.6375000000000001,中華電
29.299999237060547,29.850000381469727,29.299999237060547,29.700000762939453,1509118.0,-0.0309950690836706,29.120000076293945,0.1832669446836228,27.760000038146973,0.020618569539669,26.061666679382327,-0.1962110920244334,28.44250003496806,0.0380480478396485,67.44186355978741,2700865.4,0.5587535017479953,0.0698847522379895,2419.TW,2026-09-30,0.054588264016544,0.0351039542887556,bull,0.0703703703703703,0.2518518518518518,2026-03-31,2026-05-15,2075187000.0,397627000.0,27589000.0,60834000.0,19669000.0,22312000.0,0.07,8947701000.0,4731856000.0,11091746000.0,5114260000.0,5977486000.0,3560478000.0,1442576000.0,240000000.0,,0.3233224841371601,18668855.985139888,6359890000.0,0.0029354054842363,0.0037326728996103,0.0020115859126236,0.8555871147167889,0.1916102018757827,0.013294705489192,0.010751802126748,0.0946360808069299,,,24.70938632289472,24.70938632289472,False,75.25869576821684,75.25869576821684,62.62136840688631,773.0,True,True,True,True,True,True,True,True,True,False,True,True,False,True,False,False,False,12,False,0.1396048122446234,0.0442120322202825,1.0,80215704.44059677,0.3398148148148148,0.0,3.0,,,,,,-0.013707744225613,-0.0721146223788978,0.1726947979565357,-1.962563895770577,0.3147727272727272,-1.962563895770577,0.2948612712409172,-773.0,0.3522727272727273,0.3522727272727273,0.2840909090909091,0.3420454545454545,0.3386363636363637,仲琦
100.5,107.5,100.0,104.0,65589516.0,0.0420841364710582,99.46000213623049,0.0633946498443465,98.99000091552732,0.3131313637292789,78.5491668065389,1.4215150598953126,73.51878821055094,0.0082501550541544,57.4370714575776,45584565.05,1.4388536103845089,0.0506111631289702,2426.TW,2026-09-30,0.054588264016544,0.0351039542887556,bull,0.1888888888888888,0.0407407407407407,2026-03-31,2026-05-15,545147000.0,107038000.0,16725000.0,17730000.0,1096000.0,16634000.0,0.06,2649632000.0,798477000.0,4627612000.0,866690000.0,3760922000.0,615916000.0,52733000.0,0.0,,0.0618161308516638,15691125.211505923,3829135000.0,0.0040978250209266,0.004422851630531,0.0035945105164391,0.2304461512363191,0.1963470403395781,0.0306797982929375,0.0305128708403421,-0.0985551006369594,,,23.08242867683808,23.08242867683808,False,82.23071567051947,82.23071567051947,67.44364392209913,807.0,True,True,True,True,True,True,True,True,True,True,True,True,True,True,False,False,False,14,False,0.324011497870432,0.4146043825172107,1.0,4740794765.2,0.0388888888888888,2.0,3.0,,,,,,-0.0405168257875911,-0.1255196416873151,0.1717778772647143,-1.6778737877655074,0.2568181818181818,-1.6778737877655074,0.16552457458271,-807.0,0.3181818181818182,0.5681818181818182,0.1590909090909091,0.2943181818181818,0.3613636363636364,鼎元
66.80000305175781,69.0999984741211,64.80000305175781,65.4000015258789,834554.0,0.0774299951213353,65.9,0.0548387342883693,63.40000019073487,0.2044199345263055,60.85583368937174,1.2397260211336838,47.81458355585734,0.045169798079698,58.149783881369935,950131.05,0.8783567277377157,0.031545762289072,2434.TW,2026-09-30,0.054588264016544,0.0351039542887556,bull,0.212037037037037,0.0768518518518518,2026-03-31,2026-05-15,10860000.0,-2848000.0,-16820000.0,-1310000.0,3419000.0,-4729000.0,-0.13,108102000.0,111881000.0,690037000.0,222180000.0,467857000.0,67489000.0,60000000.0,62087000.0,,0.0,-16820000.0,578156000.0,-0.0290924940673451,-0.0101077893458898,-0.0068532556949844,0.4748886946225021,-0.2622467771639042,,-0.435451197053407,0.0598223870401093,,,22.24637294998911,22.24637294998911,False,76.17949931820408,76.17949931820408,62.69621772615034,823.0,True,True,True,True,True,True,True,True,True,True,True,True,True,True,False,False,False,14,False,0.0746710308776985,0.3677835643905203,1.0,62138572.11978493,0.3703703703703703,1.0,3.0,,,,,,-0.1169179685933944,-0.1865148935855165,0.0541894592318793,-2.010442937339188,0.059090909090909,-2.010442937339188,0.047343570474131,-823.0,0.3068181818181818,0.3636363636363636,0.034090909090909,0.2659090909090909,0.2693181818181818,統懋
5010.0,5100.0,4920.0,4920.0,8194719.0,-0.0179640718562874,5096.0,0.2535031847133757,4698.25,0.1998536763809291,4101.166666666667,2.123809523809524,3822.771240234375,0.068512622242438,55.932203389830505,8178645.75,1.0019652703505344,0.0471984249454584,2454.TW,2026-09-30,0.054588264016544,0.0351039542887556,bull,0.0425925925925925,0.0796296296296296,2026-03-31,2026-05-15,149150510000.0,69055353000.0,22890845000.0,27019390000.0,2643006000.0,24153980000.0,15.17,378185472000.0,309807293000.0,738776057000.0,340329102000.0,398446955000.0,184514674000.0,16440000000.0,120000000.0,,0.0978188626760263,20651688576.4068,428968764000.0,0.0481426395335553,0.0606203151935243,0.0326945896136425,0.8541390459364911,0.4629910618475257,0.1534748020640358,0.1619436634846237,-0.0271454326245333,,,78.23114789730103,78.23114789730103,False,80.05017569078025,80.05017569078025,79.59541874241044,95.0,True,True,True,True,True,True,True,True,True,True,True,True,True,True,True,False,False,14,False,0.1996586337221115,0.2870244361518095,1.0,40238937090.0,0.0018518518518518,3.0,2.0,,,,,,0.0057499721694664,-0.0757483948284121,0.3302783496510458,-0.8141625204291167,0.6522727272727273,-0.8141625204291167,0.6119905473669138,-95.0,0.9318181818181818,0.9204545454545454,0.6477272727272727,0.8892045454545454,0.871590909090909,聯發科
194.0,197.5,191.5,192.5,8420839.0,0.0,193.1,0.0721838736599487,193.25142974853517,0.1390532544378697,175.1013562520345,1.8434270114837608,156.0806781133016,0.0005094807440274,48.55072463768117,14931009.8,0.5639832210142947,-0.0038883528546874,2464.TW,2026-09-30,0.054588264016544,0.0351039542887556,bull,0.175,0.1064814814814814,2026-03-31,2026-05-15,1864911000.0,348125000.0,41838000.0,53528000.0,4046000.0,49169000.0,0.24,7398797000.0,5883475000.0,11317462000.0,6229196000.0,5088266000.0,1831434000.0,460111000.0,103169000.0,0.0,0.0755866088775967,38675607.45777911,5433987000.0,0.0071173536958736,0.00966321336188,0.0043445253008139,1.2242276641983734,0.1866711065568276,0.0224343145597832,0.0263653332518281,0.0786759589539871,,,25.84400824761181,25.84400824761181,False,67.08796296296296,67.08796296296296,56.77697428412517,756.0,True,False,True,True,False,True,True,False,True,True,True,True,False,True,False,False,False,10,False,0.0993632723376656,0.2333365175429402,1.0,2874219386.5,0.0583333333333333,2.0,3.0,,,,,,-0.1201603377663813,-0.2308128446091488,0.1256860236085039,-1.9590627946668928,0.0732954545454545,-1.9590627946668928,0.1087967469242005,-756.0,0.3977272727272727,0.1136363636363636,0.0681818181818181,0.3482954545454545,0.246590909090909,盟立
115.0,124.5,115.0,124.5,3010806.0,0.1318181818181818,117.3,0.2575757575757575,105.97499961853028,0.3132910969636462,102.14999974568686,1.1577122764956012,78.45583324432373,0.0339024391505635,72.75922744404428,1519698.65,1.9811862042517443,0.1748053828558875,2466.TW,2026-09-30,0.054588264016544,0.0351039542887556,bull,0.0416666666666666,0.0398148148148148,2026-03-31,2026-05-15,158640000.0,11405000.0,-51413000.0,20961000.0,15743000.0,5218000.0,0.03,1081532000.0,970641000.0,4505403000.0,2468383000.0,2037020000.0,165962000.0,307514000.0,701925000.0,,0.4,-30847800.0,3534762000.0,-0.0087269807698509,0.0025615850605295,0.001158164985463,1.211761789280419,0.0718923348461926,-0.3240859808371155,0.0328920827029752,-0.2206720377284339,,,10.470510874095902,10.470510874095902,False,84.57807792753177,84.57807792753177,66.0511861641728,1034.0,True,True,True,True,True,True,True,False,True,True,False,True,True,False,False,False,False,11,False,0.2187958914337329,0.5868800935717238,1.0,189202481.925,0.2490740740740741,2.0,3.0,,,,,,0.0267488541681081,-0.0869689325622751,0.3197590210863535,-0.9418110016519252,0.6852272727272727,-0.9418110016519252,0.638411456190868,-1034.0,0.0681818181818181,0.5113636363636364,0.6931818181818182,0.1619318181818181,0.3261363636363636,冠西電
15.350000381469728,15.399999618530272,15.149999618530272,15.350000381469728,173110.0,0.0336700328051111,15.070000076293946,0.096428598676409,14.552500152587893,0.096428598676409,14.188333368301391,0.1286764669789575,13.705416703224184,0.0149956413176355,68.65671429344124,190764.55,0.9074537171607618,0.0548015956378475,2516.TW,2026-09-30,0.054588264016544,0.0351039542887556,bull,0.1342592592592592,0.1324074074074074,2026-03-31,2026-05-15,1624343000.0,91613000.0,49137000.0,56516000.0,0.0,56516000.0,0.25,5501612000.0,4873771000.0,7116682000.0,5000833000.0,2115849000.0,1859804000.0,596780000.0,,,0.0,49137000.0,2242911000.0,0.0219076904968587,0.0267107907983981,0.0079413412036676,2.363511290266933,0.0564000337367169,0.0302503843092253,0.0347931440588594,-0.2679604746075582,,,20.556737993044667,20.556737993044667,False,73.72137634747853,73.72137634747853,60.43021675887006,850.0,True,False,True,True,True,True,True,True,True,True,True,True,True,True,False,False,False,13,False,0.0818748039684247,0.1199951605892184,1.0,2928235.915270901,0.7666666666666667,0.0,3.0,,,,,,0.1590517272656641,0.0993216566878402,0.4209433194385069,0.293631659995957,0.9954545454545456,0.293631659995957,0.9929481784200456,-850.0,0.2727272727272727,0.2386363636363636,1.0,0.3818181818181818,0.4079545454545454,新建
20.100000381469727,20.200000762939453,19.950000762939453,20.049999237060547,540961.0,-0.0074258178323493,20.16999969482422,0.0664893644003914,19.81160430908204,0.0203562150786538,19.658868090311685,-0.1486199623519334,20.038600746790568,0.0114874380462524,56.90086794463049,858043.85,0.6304584550078647,0.012033095566583,2530.TW,2026-09-30,0.054588264016544,0.0351039542887556,bull,0.1833333333333333,0.2537037037037037,2026-03-31,2026-05-15,186713000.0,36736000.0,-3896000.0,-30631000.0,2142000.0,-31083000.0,-0.04,30553317000.0,19001210000.0,30802703000.0,20530688000.0,10272015000.0,3146483000.0,7533980000.0,328411000.0,1187622000.0,0.0,-3896000.0,11801493000.0,-0.0003301277219755,-0.0030259885718624,-0.001009099753356,1.9987011311802017,0.1967511635504758,-0.0208662492702704,-0.1664747500174064,0.155588151559038,,,18.3750529664617,18.3750529664617,False,69.60557419865654,69.60557419865654,56.79794389060783,889.0,True,False,True,True,True,True,True,True,True,False,True,True,False,True,False,False,False,11,False,0.0198959138925001,0.0005688266568115,1.0,17203778.537864495,0.524074074074074,0.0,3.0,,,,,,-0.0116420524083441,-0.0501215253794811,0.1284265960863735,-1.8290461837996548,0.3249999999999999,-1.8290461837996548,0.228278191773282,-889.0,0.2272727272727272,0.125,0.1931818181818181,0.2221590909090909,0.1897727272727272,華建
239.5,241.0,238.0,239.5,4722585.0,-0.0103305785123967,241.2,0.025695931477516,237.325,0.2250639386189259,221.24166666666667,0.1798029556650247,212.9351853688558,0.0066808059384941,64.0,8436298.55,0.5597934890533242,0.0091646476350994,2603.TW,2026-09-30,0.054588264016544,0.0351039542887556,bull,0.3027777777777777,0.0629629629629629,2026-03-31,2026-05-15,86511471000.0,13386693000.0,8948352000.0,10639378000.0,1948722000.0,8303529000.0,3.84,244500947000.0,151671937000.0,935103407000.0,330097608000.0,605005799000.0,183466379000.0,21757000.0,72484631000.0,,0.1831612712698054,7309360471.910295,783431470000.0,0.0093299296132567,0.0137247097692695,0.0088797976115169,0.5456106512460056,0.1547389362966675,0.1034354392147603,0.0959818265025224,-0.2133215452088127,,,31.8537233857576,31.8537233857576,False,71.77297989551755,71.77297989551755,61.79316576807757,651.0,True,False,True,True,True,True,True,True,False,True,True,True,False,True,False,False,False,11,False,0.0825266488379976,0.1247554019084606,1.0,2020493502.725,0.0703703703703703,2.0,3.0,,,,,,0.0666473901736224,-0.0027346490935549,0.2094146315128203,-1.5724267536467929,0.6875,-1.5724267536467929,0.6714425261557615,-651.0,0.4886363636363636,0.3181818181818182,0.7613636363636364,0.5295454545454545,0.4920454545454545,長榮
19.0,19.25,18.950000762939453,19.200000762939453,1793186.0,0.0578513039381651,18.570000076293944,0.0463215457111421,18.175000000000004,0.0378378790778082,18.20250002543132,-0.0791366709036944,18.68708335558573,0.0019294398137032,73.33337854459828,720646.5,2.4883018234321543,0.0563961905331196,2614.TW,2026-09-30,0.054588264016544,0.0351039542887556,bull,0.2361111111111111,0.2111111111111111,2026-03-31,2026-05-15,1238745000.0,370077000.0,43049000.0,92119000.0,7668000.0,98315000.0,0.3,5211840000.0,5203486000.0,22234793000.0,15860553000.0,6374240000.0,3440827000.0,1423053000.0,5946506000.0,,0.0832401567537641,39465594.49190721,17031307000.0,0.0023172381598139,0.0154237995431612,0.0044216737254985,2.4882265179848893,0.2987515590375743,0.0347521079802542,0.0793666170196448,-0.0380950827921019,,,19.889190746623377,19.889190746623377,False,57.33857143331552,57.33857143331552,47.97622626164249,865.0,True,False,True,True,True,False,True,False,False,True,True,True,True,True,False,False,False,10,False,0.0548002052528222,0.0274476972994506,1.0,13836413.349809648,0.5601851851851852,0.0,3.0,,,,,,-0.0064859334112043,-0.0517717851709016,0.1896413547992558,-1.609481899555305,0.4397727272727272,-1.609481899555305,0.6487367491026234,-865.0,0.2613636363636363,0.0113636363636363,0.7159090909090909,0.3295454545454545,0.2772727272727273,東森
70.4000015258789,71.80000305175781,70.4000015258789,71.69999694824219,322894.0,0.0170212333083998,71.1,0.042151072207115,70.2299991607666,0.0786163070862735,68.055490620931,0.054411719827091,68.22336228688557,0.0029275193624146,63.1579017815315,401798.7,0.8036213158479607,0.0209311947179517,2636.TW,2026-09-30,0.054588264016544,0.0351039542887556,bull,0.2481481481481481,0.1453703703703703,2026-03-31,2026-05-15,4846226000.0,759312000.0,125834000.0,208671000.0,59894000.0,150669000.0,1.1,19482735000.0,12012131000.0,22351859000.0,12714957000.0,9636902000.0,8063564000.0,8125459000.0,270000000.0,,0.2870259882781987,89716371.79100114,10339728000.0,0.008676859951345,0.0156345887921242,0.0067407816056821,1.3194029575064683,0.1566810957640027,0.0259653594363944,0.031089965676384,-0.1300862495595437,,,20.77966859430228,20.77966859430228,False,73.26789387664616,73.26789387664616,60.14583755606019,847.0,True,False,True,True,True,True,True,True,False,True,True,True,True,True,False,False,False,12,False,0.0535519808035929,0.0509595913308558,1.0,28808965.56380768,0.4601851851851852,1.0,3.0,,,,,,0.0435721677862633,0.0224199485547431,0.2187975957738152,-1.4227649733797938,0.7318181818181818,-1.4227649733797938,0.6798587903961736,-847.0,0.2840909090909091,0.2045454545454545,0.7954545454545454,0.3607954545454545,0.3625,台驊控股
27.75,27.799999237060547,27.450000762939453,27.600000381469727,17370078.0,-0.0298769897601192,27.81000022888184,0.0974155387713926,27.54750022888184,0.1744681013391373,25.07192417780558,0.3142857324509394,23.309712092081707,0.0312587751870785,52.71318173309712,31553894.5,0.5504891955571443,0.0019058045975746,2801.TW,2026-09-30,0.054588264016544,0.0351039542887556,bull,0.1305555555555555,0.0907407407407407,2026-03-31,2026-05-15,,,,,992320000.0,5221136000.0,,,,3481563454000.0,3255586729000.0,225976725000.0,40993679000.0,,,,,,3481563454000.0,,0.0231047511640855,0.0014996526902307,14.406734715710211,,,,,,,11.293260418625334,11.293260418625334,False,69.7660560124984,69.7660560124984,55.14785711403013,1024.0,True,False,True,True,True,True,True,True,True,True,True,True,False,True,False,False,False,12,False,0.1008329550510556,0.1840558249900232,1.0,870887500.2368555,0.1166666666666666,0.0,3.0,,,,,,0.0260813679288333,-0.0950589655739621,0.2059582854990547,-1.395955433501257,0.5147727272727273,-1.395955433501257,0.4859669300420212,-1024.0,0.0795454545454545,0.0909090909090909,0.5568181818181818,0.1511363636363636,0.1784090909090909,彰銀
15.5,16.200000762939453,15.5,16.049999237060547,173582.0,-0.0092593530132457,15.849999809265135,0.1302816515946945,15.649999952316284,0.1389649154840377,14.93606538772583,0.1888888323748554,14.430395038922628,0.024382257735036,47.61902311040764,248378.3,0.6988613739606077,0.0255590598059434,2849.TW,2026-09-30,0.054588264016544,0.0351039542887556,bull,0.1037037037037037,0.1074074074074074,2026-03-31,2026-05-15,,,,,36199000.0,,,,,398942212000.0,362433426000.0,36508786000.0,2706824000.0,,,,,,398942212000.0,,,,9.92729328222527,,,,,,,0.0,0.0,False,71.333625354199,71.333625354199,53.50021901564925,1079.0,True,False,True,True,True,True,True,False,True,True,True,True,False,True,False,False,False,11,False,0.0745801401117409,0.1122356105823447,1.0,3986471.5255023954,0.7185185185185186,0.0,3.0,,,,,,0.0784738504889793,0.0152798180739807,0.2810788912218314,-0.7478524227047285,0.8943181818181818,-0.7478524227047285,0.8634587999146823,-1079.0,0.0113636363636363,0.0568181818181818,0.9545454545454546,0.152840909090909,0.2136363636363636,安泰銀
55.900001525878906,56.79999923706055,55.79999923706055,56.59999847412109,5112663.0,-0.0122164183640461,56.9,0.142280511515882,53.21999988555908,0.0842911426603945,48.48583335876465,0.8025477440044098,45.96715819040934,0.0441436139896378,66.17646852579,5537762.25,0.9232362765302898,0.0635099322779055,2855.TW,2026-09-30,0.054588264016544,0.0351039542887556,bull,0.0925925925925925,0.1407407407407407,2026-03-31,2026-05-15,,,2098581000.0,2515780000.0,218397000.0,2291390000.0,,256323628000.0,220745648000.0,267670154000.0,225790103000.0,41880051000.0,8784022000.0,11858164000.0,4700000000.0,,0.0868108499153344,1916401399.773828,46924506000.0,0.0408400974913583,0.0547131616434755,0.0085604986800284,5.391352149977085,,,,,,,49.23161191360978,49.23161191360978,False,78.24456636487362,78.24456636487362,70.99132775205766,382.0,True,True,True,True,True,True,True,True,True,True,True,True,True,True,False,False,False,14,False,0.1673512560940577,0.2313138488933213,1.0,313437334.90004534,0.2018518518518518,1.0,3.0,,,,,,0.0149401950726072,-0.034553179911252,0.2611437448825328,-0.2247178258372034,0.7056818181818182,-0.2247178258372034,0.6359714783863806,-382.0,0.7159090909090909,0.7159090909090909,0.6818181818181818,0.7107954545454546,0.7090909090909091,統一證
45.70000076293945,46.0,45.09999847412109,45.34999847412109,13510391.0,-0.0278671598978758,45.66999969482421,0.0967351909941036,45.4,0.1856208751404204,42.08036390940348,0.3106936553202568,38.318931945165,0.0318181862909932,51.28203121790516,14703844.35,0.9188339238642717,-0.0011013551955707,2880.TW,2026-09-30,0.054588264016544,0.0351039542887556,bull,0.1333333333333333,0.087037037037037,2026-03-31,2026-05-15,18727437000.0,,,9327986000.0,1664716000.0,7663213000.0,,,,4445991154000.0,4202483247000.0,243507907000.0,45717871000.0,,,,0.1784646760833474,,4445991154000.0,,0.0314700787108321,0.0017236230875325,17.25809768879497,,,0.4091971047613189,0.1221769088861191,,,25.15680897546131,25.15680897546131,False,68.82407407407408,68.82407407407408,57.90725779942088,765.0,True,False,True,True,False,True,True,True,True,True,True,True,True,True,False,False,False,12,False,0.0776997692262579,0.1834880611760698,1.0,666819318.836214,0.1416666666666666,1.0,3.0,,,,,,-0.0697798714971381,-0.1637661595580612,0.2143874322145573,-1.307859730315508,0.3426136363636363,-1.307859730315508,0.2965375229345818,-765.0,0.375,0.1704545454545454,0.2954545454545454,0.3630681818181818,0.2977272727272727,華南金
153.0,153.5,151.0,151.0,11234522.0,-0.0226537216828478,152.0,0.0486111111111111,150.15,0.2427983539094649,136.04166666666666,0.7062146892655368,121.18749809265135,0.0171041490262489,53.70370370370371,15838388.4,0.709322294432431,0.0056610056610055,2881.TW,2026-09-30,0.054588264016544,0.0351039542887556,bull,0.225,0.0583333333333333,2026-03-31,2026-05-15,66193246000.0,,,38624861000.0,5062760000.0,33551455000.0,,,,13120104726000.0,12085399702000.0,1034705024000.0,358727505000.0,,,,0.131075164257549,,13120104726000.0,,0.0324261062058977,0.0025572551211051,11.68004351160858,,,0.5068712750542556,-0.3925800152621125,,,12.264204123597382,12.264204123597382,False,69.15642125364349,69.15642125364349,54.93336697113196,1008.0,True,False,True,True,True,True,True,True,False,True,True,True,False,True,False,False,False,11,False,0.1099540581929556,0.2460031139891683,1.0,2391596648.4,0.062037037037037,2.0,3.0,,,,,,-0.0493754896060594,-0.1648855141960618,0.3676994439549781,-1.2176112794487888,0.4744318181818182,-1.2176112794487888,0.4611492801316331,-1008.0,0.1022727272727272,0.0795454545454545,0.5113636363636364,0.1636363636363636,0.1772727272727272,富邦金
39.400001525878906,39.400001525878906,38.75,38.84999847412109,33744557.0,-0.0395550620183003,39.07999954223632,0.1477104941030522,38.00000019073487,0.3396551197972788,33.1700000445048,0.8239436556657118,28.706408818562828,0.0449608093489905,59.74842193906559,45812081.2,0.7365864225351979,0.0223683757663102,2883.TW,2026-09-30,0.054588264016544,0.0351039542887556,bull,0.087037037037037,0.037037037037037,2026-03-31,2026-05-15,23565513000.0,,,13099615000.0,1407592000.0,11689699000.0,,,,4235032868000.0,3864021319000.0,371011549000.0,75116245000.0,,,,0.1074529289601259,,4235032868000.0,,0.0315076418281523,0.0027602380818169,10.414827596108069,,,0.4960511150340754,-0.1317078255463794,,,12.146336472811727,12.146336472811727,False,81.93635198689502,81.93635198689502,64.4888481083742,1013.0,True,True,True,True,True,True,True,True,True,True,True,True,False,True,False,False,False,13,False,0.1712390238768564,0.3533562738435944,1.0,1779799284.7163117,0.0777777777777777,1.0,3.0,,,,,,-0.0391870422305817,-0.1497406112077796,0.3040938117884254,-1.097703961406561,0.4704545454545454,-1.097703961406561,0.4334590337766809,-1013.0,0.0909090909090909,0.4886363636363636,0.4204545454545454,0.140340909090909,0.2761363636363636,凱基金
45.20000076293945,45.34999847412109,44.75,44.84999847412109,30691930.0,-0.0292208282797541,45.39999923706055,0.128301848405562,44.854999923706046,0.3018867193283119,39.5716667175293,0.375766888753827,36.15642660458882,0.0372896989072709,45.73169909084518,46328673.65,0.6624823803907885,-0.0001115026104886,2884.TW,2026-09-30,0.054588264016544,0.0351039542887556,bull,0.1055555555555555,0.0435185185185185,2026-03-31,2026-05-15,25169421000.0,,,12706707000.0,2639201000.0,10056957000.0,,,,4679436007000.0,4394289185000.0,285146822000.0,45485669000.0,,,,0.2077014131198586,,4679436007000.0,,0.0352693988642805,0.0021491814365995,15.410619533399537,,,0.3995704549580223,0.174006725249566,,,29.938092003685178,29.938092003685178,False,70.74537037037038,70.74537037037038,60.54355077869908,685.0,True,False,True,True,False,True,True,False,True,True,True,True,False,True,False,False,False,10,False,0.1333866423739391,0.2404433370754872,1.0,2077840942.5105536,0.0685185185185185,1.0,3.0,,,,,,-0.1128543109330176,-0.2064311180944715,0.1847441596317158,-1.7538762933406375,0.1926136363636363,-1.7538762933406375,0.1649510431872483,-685.0,0.4431818181818182,0.25,0.1477272727272727,0.3988636363636363,0.3261363636363636,玉山金
44.29999923706055,44.75,44.0,44.25,17882522.0,-0.0317286813727,44.75000076293945,0.0766423757378564,44.01250019073486,0.0792682926829269,40.87524884541829,0.3368580676701971,37.08304112752278,0.0292914019595947,55.26315129034606,26055232.45,0.6863313169174969,0.0053961899059562,2890.TW,2026-09-30,0.054588264016544,0.0351039542887556,bull,0.1685185185185185,0.1435185185185185,2026-03-31,2026-05-15,26199317000.0,,,13172491000.0,2157069000.0,10973530000.0,,,,3820349236000.0,3552231164000.0,268118072000.0,41779009000.0,,,,0.163755587306911,,3820349236000.0,,0.0409279759403909,0.0028723892299148,13.24875692825361,,,0.4188479417230609,0.4040584778805451,,,40.18365017296791,40.18365017296791,False,70.43188762958457,70.43188762958457,62.8698282654304,507.0,True,False,True,True,True,True,True,True,True,True,True,True,False,True,False,False,False,12,False,0.082562216742565,0.193267829567461,1.0,1152944035.9125,0.1,1.0,3.0,,,,,,-0.0984268484369082,-0.1828489006929144,0.1709349845180642,-1.432060952190351,0.2329545454545454,-1.432060952190351,0.188625715166319,-507.0,0.625,0.375,0.1818181818181818,0.5585227272727272,0.4613636363636363,永豐金
39.25,39.25,38.45000076293945,38.650001525878906,28939872.0,-0.027672917587952,39.3,0.0949009167484988,38.61749973297119,0.1694403152221197,35.5142453511556,0.3281787291827811,32.60045591990153,0.0351829515988436,56.557395502413954,29593301.65,0.9779196773064354,0.0008416337963994,2892.TW,2026-09-30,0.054588264016544,0.0351039542887556,bull,0.1361111111111111,0.0925925925925925,2026-03-31,2026-05-15,19296673000.0,,,10035758000.0,1792064000.0,8243694000.0,,,,5146398447000.0,4848752228000.0,297646219000.0,66304190000.0,,,,0.1785678769854753,,5146398447000.0,,0.0276962832845526,0.0016018374956578,16.290320247609124,,,0.427208047729264,0.0559316737098873,,,19.735682713005552,19.735682713005552,False,73.73576078201175,73.73576078201175,60.2357412647602,866.0,True,False,True,True,True,True,True,True,True,True,True,True,True,True,False,False,False,13,False,0.0882957287622971,0.185566288423725,1.0,1143781153.928295,0.1009259259259259,1.0,3.0,,,,,,-0.0620039898150189,-0.1783376685986975,0.2392837745833414,-1.2316346131623492,0.375,-1.2316346131623492,0.2860696594427244,-866.0,0.25,0.2272727272727272,0.2613636363636363,0.2517045454545454,0.2454545454545454,第一金
11.0,11.0,10.899999618530272,10.899999618530272,3864091.0,-0.0311111450195313,11.020000076293943,0.0531400209458197,10.985000038146971,0.0331753006130541,10.45424757003784,0.0738916283928492,10.35012378692627,0.0164237761369413,48.275855265104994,6363317.05,0.6072447702413319,-0.0077378624780632,2897.TW,2026-09-30,0.054588264016544,0.0351039542887556,bull,0.2166666666666666,0.2185185185185185,2026-03-31,2026-05-15,,,,,308566000.0,766449000.0,,,,714942709000.0,649644985000.0,65297724000.0,6137312000.0,,,,,,714942709000.0,,0.0117377598030828,0.0010720425432018,9.948968282569847,,,,,,,6.081891632619952,6.081891632619952,False,63.03703703703704,63.03703703703704,48.79825068593277,1068.0,True,False,True,True,False,True,True,False,False,False,True,True,False,True,False,False,False,8,False,0.0426383673723174,0.0531274642626571,1.0,69360153.41758718,0.3583333333333333,0.0,3.0,,,,,,0.0686048346418628,-0.0206536913823746,0.2150000340342033,-0.4560690765652261,0.7801136363636363,-0.4560690765652261,0.7353292074834761,-1068.0,0.034090909090909,0.0227272727272727,0.8409090909090909,0.1551136363636363,0.1920454545454545,王道銀行
58.5,59.20000076293945,58.5,58.79999923706055,1293047.0,-0.0084317033125275,59.33999938964844,0.0499999863760811,57.85499992370605,0.16402466537457,55.19170430501302,0.2405062730843501,51.06638882954916,0.0056492264980183,60.29409042281947,1615198.45,0.8005499262335226,0.016333926447164,2915.TW,2026-09-30,0.054588264016544,0.0351039542887556,bull,0.2222222222222222,0.0953703703703703,2026-03-31,2026-05-15,418613000.0,187104000.0,-8207000.0,2736586000.0,18591000.0,2708283000.0,2.59,4840429000.0,1001903000.0,130249863000.0,12898049000.0,117351814000.0,3969846000.0,450000000.0,9445000000.0,,0.0067935010995452,-8151245.736476032,129247960000.0,-6.306672644176382e-05,0.0230783224194557,0.0207929815634431,0.1099092426470714,0.4469617522628298,-0.019605220095888,,-0.3549697834454577,,,42.46996725529738,42.46996725529738,False,76.52589063669272,76.52589063669272,68.01190979134388,473.0,True,True,True,True,True,True,True,True,False,True,True,True,True,True,False,False,False,13,False,0.0653774870242553,0.1514422810143254,1.0,94973667.62770136,0.324074074074074,1.0,3.0,,,,,,0.0744912113547321,0.0256273675328016,0.2143514596925535,-1.3456606497793973,0.7767045454545455,-1.3456606497793973,0.7417718572876425,-473.0,0.6704545454545454,0.5909090909090909,0.8636363636363636,0.6994318181818181,0.6852272727272727,潤泰全
20.049999237060547,22.0,20.049999237060547,21.89999961853028,91002.0,0.1005025144893803,20.26000022888184,0.1060606294135135,19.970000076293942,0.1230769035143732,19.50833339691162,-0.1544401567148358,21.125000111262004,0.0075681178361141,64.39393567207021,63801.8,1.4263233952647103,0.0966449441593844,2939.TW,2026-09-30,0.054588264016544,0.0351039542887556,bull,0.1231481481481481,0.1157407407407407,2026-03-31,2026-05-15,76237000.0,11797000.0,-22673000.0,-13600000.0,82000.0,-13682000.0,-0.3,619898000.0,46551000.0,806879000.0,256162000.0,550717000.0,452533000.0,2886000.0,111643000.0,,0.0,-22673000.0,760328000.0,-0.029820025041824,-0.0248439761256689,-0.0169566936306435,0.4651427139529014,0.1547411361937117,-0.2974015241942888,-0.1794666631688025,-0.1718590453844315,,,15.646275401957762,15.646275401957762,False,86.24743770855808,86.24743770855808,68.597147131908,947.0,True,True,True,True,True,True,True,True,True,True,False,True,True,True,False,False,False,13,False,0.1225971574792381,0.0366863670147443,1.0,1397259.395661545,0.8518518518518519,0.0,3.0,,,,,,-0.0207820575418828,-0.0732701298105025,0.1897000744879468,-1.89335675333322,0.3301136363636363,-1.89335675333322,0.4031661790522441,-947.0,0.1590909090909091,0.6022727272727273,0.3863636363636363,0.1931818181818181,0.3375,永邑-KY
93.5999984741211,93.9000015258789,91.9000015258789,92.3000030517578,1112275.0,-0.0053879308572989,92.11999969482422,0.0221483934928954,89.39499969482422,0.0633640530717538,90.74912808736164,0.4768000488281247,83.08873074849447,0.0016807621536449,64.67661068365021,1744632.7,0.6375410709658257,0.0324962622836919,3022.TW,2026-09-30,0.054588264016544,0.0351039542887556,bull,0.3203703703703703,0.1629629629629629,2026-03-31,2026-05-15,1592354000.0,448280000.0,36432000.0,189589000.0,22663000.0,168988000.0,0.96,10450596000.0,3234728000.0,16026933000.0,4335529000.0,11691404000.0,3432970000.0,92494000.0,,,0.1195375259113134,32077008.85599903,12792205000.0,0.0025075433716078,0.0144540381976364,0.0105440011510624,0.3708304836613293,0.281520315206292,0.0228793346203168,0.1061246431383976,-0.1038362140769989,,,30.04604328275842,30.04604328275842,False,59.93771368995557,59.93771368995557,52.46479608815629,681.0,True,False,True,True,True,False,True,True,False,True,True,True,False,True,False,False,False,10,False,0.0170896954833896,0.1108606693144151,1.0,161029603.53419644,0.262037037037037,1.0,3.0,,,,,,0.0224785828444298,-0.0266576759437841,0.2192196523980365,-1.502211311677207,0.6073863636363637,-1.502211311677207,0.5807514775149428,-681.0,0.4659090909090909,0.034090909090909,0.6022727272727273,0.4863636363636363,0.3636363636363636,威強電
525.0,537.0,522.0,525.0,2373717.0,0.0019083969465649,533.2,0.0574018126888218,509.625,0.066238465616208,457.54176330566406,0.3888888888888888,471.3357676188151,0.025608774401288,64.64285714285714,2664889.2,0.8907375961447102,0.0301692420897718,3044.TW,2026-09-30,0.054588264016544,0.0351039542887556,bull,0.2027777777777777,0.1583333333333333,2026-03-31,2026-05-15,20964231000.0,5558653000.0,3845829000.0,4106800000.0,1160501000.0,2946230000.0,5.61,70597125000.0,38074338000.0,103583725000.0,45274053000.0,58309672000.0,21846246000.0,4498565000.0,1000000000.0,,0.2825803545339437,2759073277.703078,65509387000.0,0.042117220203924,0.050527295025772,0.0284429817522009,0.7764415653032657,0.2651493870679063,0.1834471772420366,0.1405360396954221,0.2239921180540351,,,79.90151858407886,79.90151858407886,False,73.42481779319529,73.42481779319529,75.04399299091618,86.0,True,False,True,True,True,True,True,True,True,True,True,True,True,True,True,False,False,13,False,0.1474362388407153,0.1138556334315474,1.0,1399066830.0,0.0861111111111111,3.0,2.0,,,,,,0.0316189413031805,-0.0256053792772332,0.2803156986366207,-1.236516662509369,0.740909090909091,-1.236516662509369,0.6731299876593994,-86.0,0.9431818181818182,0.8636363636363636,0.7727272727272727,0.9176136363636364,0.8852272727272728,健鼎
121.0,121.0,118.0,119.5,9563296.0,-0.0401606425702811,121.8,0.0301724137931034,120.725,0.0615919883717037,114.83107477823891,0.0863636363636364,114.3063767115275,0.0130060834906649,55.99999999999999,7894062.7,1.2114542743624268,-0.0101470283702629,3045.TW,2026-09-30,0.054588264016544,0.0351039542887556,bull,0.2833333333333333,0.1685185185185185,2026-03-31,2026-05-15,49778303000.0,10732395000.0,5932746000.0,5668910000.0,1142669000.0,4146321000.0,1.37,41814599000.0,76460035000.0,236418708000.0,136571793000.0,99846915000.0,10062152000.0,11400000000.0,12970613000.0,28970690000.0,0.2015676735033719,4736896191.293565,159958673000.0,0.0296132501130061,0.0415267812731119,0.0175380410250782,1.367811844762555,0.2156038746439387,0.1191833719200913,0.0832957483504409,0.0334448521595114,,,52.335130939946126,52.335130939946126,False,68.4936004345017,68.4936004345017,64.45398306086281,334.0,True,False,True,True,False,True,True,True,False,True,True,True,True,True,False,False,False,11,False,0.0406590744776853,0.0454359891187832,1.0,943340492.65,0.1111111111111111,2.0,3.0,,,,,,0.0384317694039212,-0.0294959733821032,0.2044940488305069,-0.7482118574416824,0.696590909090909,-0.7482118574416824,0.7026990097048921,-334.0,0.7613636363636364,0.4659090909090909,0.8181818181818182,0.7698863636363635,0.6840909090909092,台灣大
57.59999847412109,60.400001525878906,57.59999847412109,58.59999847412109,2103478.0,-0.0265781107731042,57.35999984741211,0.0973782172220001,57.71000003814697,0.4052757170738801,50.267500178019205,2.1253332519531245,45.6087500890096,0.0064527360407128,54.3589709982289,4057995.0,0.5183540147289487,0.0154219101609047,3229.TW,2026-09-30,0.054588264016544,0.0351039542887556,bull,0.1314814814814814,0.0296296296296296,2026-03-31,2026-05-15,342922000.0,37599000.0,21175000.0,35503000.0,188000.0,35315000.0,0.55,692865000.0,303681000.0,941103000.0,306548000.0,634555000.0,107034000.0,151140000.0,,,0.0052953271554516,21062871.447483312,637422000.0,0.0330438413601716,0.0556531742717337,0.0375251168044305,0.4830913002025041,0.1096430091974268,0.0617487358641323,0.1029826024577017,0.4578839294444752,,,67.33482851500801,67.33482851500801,False,74.2210528818112,74.2210528818112,72.49949679011041,186.0,True,False,True,True,True,True,True,True,True,True,True,True,False,True,True,False,False,12,False,0.1657631325725939,0.2848411403460495,1.0,237798500.807991,0.2296296296296296,1.0,3.0,,,,,,-0.0805889172007221,-0.1459547336496476,0.1667315242484794,-1.84077310283956,0.1909090909090909,-1.84077310283956,0.1334253065309956,-186.0,0.8863636363636364,0.7840909090909091,0.1022727272727272,0.76875,0.6988636363636364,晟鈦
22.200000762939453,23.0,22.200000762939453,22.450000762939453,2198014.0,0.0067265260542976,22.01000022888184,0.2234332586505014,19.66750011444092,0.032183943123653,18.616666666666667,-0.0175054534727558,21.26541666984558,0.0497731558257405,71.634612210404,2403924.55,0.9143440046818442,0.1414770882068268,3437.TW,2026-09-30,0.054588264016544,0.0351039542887556,bull,0.0527777777777777,0.2222222222222222,2026-03-31,2026-05-15,346453000.0,13587000.0,-88652000.0,-77344000.0,-5253000.0,-81021000.0,-0.56,1551700000.0,539489000.0,2791226000.0,555361000.0,2235865000.0,978991000.0,,,,0.0679173562267273,-82630990.53578816,2251737000.0,-0.0366965549421571,-0.0362369821075959,-0.029027029699494,0.2483875368146109,0.0392174407495388,-0.2558846365885127,-0.2338585609014787,-0.2297158788989112,,,14.285714285714285,14.285714285714285,False,77.86111111111111,77.86111111111111,61.96726190476191,977.0,True,True,True,True,True,True,True,True,True,False,True,True,True,True,False,False,False,13,False,0.2059087249564613,0.0557047205556811,1.0,53968107.98154888,0.3824074074074074,0.0,3.0,,,,,,-0.0556849003870839,-0.1048371594447927,0.1311478217636796,-2.10476716011787,0.1534090909090909,-2.10476716011787,0.1596092727252186,-977.0,0.1477272727272727,0.3295454545454545,0.1363636363636363,0.1460227272727272,0.2,榮創
459.5,488.5,453.0,471.0,14057506.0,0.0704545454545455,451.4,0.2427440633245383,423.75,0.1625959898695532,390.2996337890625,2.129568106312292,332.41383870442706,0.0398773006134969,72.95597484276729,7492764.05,1.876144224773767,0.1115044247787611,3532.TW,2026-09-30,0.054588264016544,0.0351039542887556,bull,0.0472222222222222,0.0972222222222222,2026-03-31,2026-05-15,3308768000.0,27622000.0,-105154000.0,-82202000.0,-13987000.0,-68215000.0,-0.18,9109304000.0,3626589000.0,51226148000.0,26972355000.0,24253793000.0,1958029000.0,0.0,20500000000.0,,0.1701540108513174,-87261625.14294055,47599559000.0,-0.0018332444034395,-0.0028125497731426,-0.0013316441439243,1.112088117516299,0.0083481223222661,-0.03178040890144,-0.0206164348784804,0.1086960163893446,,,17.44238091593533,17.44238091593533,False,83.14361130289315,83.14361130289315,66.7183037061537,903.0,True,True,True,True,True,True,True,False,True,True,True,True,True,True,False,False,False,13,False,0.2067651599554203,0.4169085193194974,1.0,3529091867.55,0.0481481481481481,2.0,3.0,,,,,,-0.1891061852748998,-0.373078739675553,0.0930651156770752,-2.127294804639645,0.0244318181818181,-2.127294804639645,0.025510865060865,-903.0,0.2045454545454545,0.5454545454545454,0.0113636363636363,0.1755681818181818,0.2681818181818181,台勝科
26.450000762939453,27.799999237060547,26.450000762939453,27.450000762939453,2356006.0,0.0618955651009067,25.49000015258789,0.1488909965803191,25.65627813339233,0.0166666949236835,23.04780289332072,0.222717141651684,23.85723476409912,0.0304384766134304,68.52577935797586,1868918.8,1.2606251272125897,0.0699135946461595,3591.TW,2026-09-30,0.054588264016544,0.0351039542887556,bull,0.0861111111111111,0.262037037037037,2026-03-31,2026-05-15,581640000.0,129432000.0,21965000.0,26378000.0,7095000.0,16630000.0,0.12,2403392000.0,678296000.0,4222147000.0,1178716000.0,3043431000.0,1017515000.0,85000000.0,148925000.0,286171000.0,0.2689741451209341,16056982.902418682,3543851000.0,0.0045309418771891,0.0054642277087931,0.0039387543825451,0.3872984141910889,0.2225293996286362,0.037763908947115,0.0285915686679045,0.0154630985905657,,,28.82807983570504,28.82807983570504,False,75.50177262360798,75.50177262360798,63.833349426632246,703.0,True,True,True,True,True,True,True,True,True,False,True,True,True,True,False,False,False,13,False,0.1910029294330044,0.1505944018393448,1.0,51301822.48587189,0.3907407407407407,0.0,3.0,,,,,,0.0117051822262895,-0.0522089063965831,0.1986781944426551,-1.6834250454645556,0.4829545454545454,-1.6834250454645556,0.453731078614502,-703.0,0.4204545454545454,0.4431818181818182,0.4886363636363636,0.4306818181818181,0.4409090909090908,艾笛森
183.0,183.5,168.5,170.5,17787723.0,0.0088757396449703,177.6,0.2266187050359711,142.725,0.9441277757469456,115.07484715779624,1.643410852713178,96.34182866414388,0.1044689495066744,76.878612716763,20166469.9,0.8820444573693089,0.1946050096339113,3605.TW,2026-09-30,0.054588264016544,0.0351039542887556,bull,0.0509259259259259,0.0074074074074074,2026-03-31,2026-05-15,2821542000.0,693877000.0,147463000.0,143021000.0,35356000.0,107659000.0,0.67,7733924000.0,4283420000.0,15202980000.0,7237415000.0,7965565000.0,2596697000.0,794000000.0,2115835000.0,130740000.0,0.2472084519056642,111008900.05663504,10919560000.0,0.010166059809794,0.0135155509998349,0.007081440612301,0.9085877775148404,0.2459212019526911,0.0522632659730034,0.0381560862818983,0.0947751117457165,,,35.95481269053683,35.95481269053683,False,83.28703703703704,83.28703703703704,71.45398095041199,591.0,True,True,True,True,True,True,True,False,True,True,True,True,True,False,False,False,False,12,False,0.4816443750405517,0.7697401260087979,1.0,3438383117.95,0.0509259259259259,2.0,3.0,,,,,,-0.0209598328086902,-0.1090453518479258,0.2092969179884847,-1.805814874632264,0.3267045454545454,-1.805814874632264,0.4225439140468682,-591.0,0.5568181818181818,0.7613636363636364,0.4090909090909091,0.5346590909090908,0.5886363636363636,宏致
42.25,45.900001525878906,42.25,45.900001525878906,4549636.0,0.074941468519055,42.35,0.1222493841922309,41.33499984741211,0.0245536229364127,40.59833335876465,-0.1593406079006712,48.47916657129924,0.0069427490234375,67.7852342120274,1247749.15,3.64627457369937,0.1104391362118899,3701.TW,2026-09-30,0.054588264016544,0.0351039542887556,bull,0.1111111111111111,0.2435185185185185,2026-03-31,2026-05-15,1960240000.0,279968000.0,-105444000.0,-147316000.0,6221000.0,-138695000.0,-0.59,9315754000.0,3214381000.0,13290949000.0,6437697000.0,6853252000.0,3109496000.0,66383000.0,0.0,,0.0,-105444000.0,10076568000.0,-0.0104642771229251,-0.0202378374529347,-0.0104352969829317,0.9393638231893412,0.142823327755785,-0.0537913724850018,-0.0707540913357548,-0.2902567073391505,,,12.650727843149658,12.650727843149658,False,77.24281593021963,77.24281593021963,61.09479390845214,1001.0,True,True,True,True,True,True,True,True,True,False,True,True,False,True,False,False,False,12,False,0.1305883204678326,-0.0532015137188282,0.0,57271687.8889141,0.3796296296296296,1.0,3.0,,,,,,0.0093073171555557,-0.0326258781355021,0.1683329384077161,-1.7215467913270106,0.4517045454545454,-1.7215467913270106,0.4353823916461531,-1001.0,0.1136363636363636,0.2613636363636363,0.4431818181818182,0.1630681818181818,0.2238636363636363,大眾控
115.0,115.5,113.5,114.0,5567554.0,0.0,114.7,0.1445783307880315,108.525,0.0363636363636363,111.10503845214843,0.2486308454488617,109.71335252126056,0.0292846719879196,69.38775510204081,8384142.55,0.664057650117125,0.050449205252246,3702.TW,2026-09-30,0.054588264016544,0.0351039542887556,bull,0.0898148148148148,0.2129629629629629,2026-03-31,2026-05-15,316500457000.0,14203178000.0,8470625000.0,7205961000.0,1455173000.0,5548632000.0,3.3,434755950000.0,351739547000.0,479508376000.0,386867313000.0,92641063000.0,25004254000.0,131686606000.0,25757252000.0,5309644000.0,0.2019401714774754,6760065534.97861,127768829000.0,0.0529085661024459,0.0598938723317542,0.011571501724925,4.17598093622911,0.0448756950768004,0.0267633894759273,0.0175311974352062,0.2719338016357759,,,44.311414548255854,44.311414548255854,False,61.865854028012194,61.865854028012194,57.47724415807311,443.0,True,False,True,True,True,False,True,True,True,True,True,True,False,True,False,False,False,11,False,0.0260560779977443,0.0390713379933289,1.0,955792250.7,0.1101851851851851,2.0,3.0,,,,,,0.0875718162019415,0.0461480594856251,0.3042588192373783,0.3719035953378485,0.9596590909090909,0.3719035953378485,0.93385692053045,-443.0,0.6818181818181818,0.1590909090909091,0.9886363636363636,0.727840909090909,0.5863636363636364,大聯大
716.0,723.0,703.0,703.0,14539319.0,0.0603318250377074,695.0,0.2037671232876712,636.1,0.0353460972017674,619.4166666666666,0.7933673469387754,587.5721989949544,0.0393790849673203,68.88888888888889,16112399.55,0.9023683253932218,0.1051721427448513,3711.TW,2026-09-30,0.054588264016544,0.0351039542887556,bull,0.0629629629629629,0.2157407407407407,2026-03-31,2026-05-15,173662152000.0,34849839000.0,17531793000.0,18200253000.0,3635258000.0,14147537000.0,3.24,337698528000.0,294501914000.0,957527444000.0,576383490000.0,381143954000.0,87811246000.0,40365151000.0,199142046000.0,1999351000.0,0.1997366739901912,14030050977.095484,663025530000.0,0.0211606496918685,0.0371186184419968,0.0147750720761586,1.5122461840231631,0.2006760747730455,0.1009534478186127,0.0814658625213857,0.1721790641369744,,,49.34794674627236,49.34794674627236,False,77.71650572256478,77.71650572256478,70.62436597849168,379.0,True,True,True,True,True,True,True,True,True,True,True,True,True,True,False,False,False,14,False,0.1349387864926678,0.196448710817982,1.0,11327016883.65,0.0148148148148148,3.0,3.0,,,,,,-0.0048486006256732,-0.0740813042993869,0.2411677829085693,-1.0732082524143085,0.55,-1.0732082524143085,0.4454463781560054,-379.0,0.7272727272727273,0.7045454545454546,0.4545454545454545,0.6863636363636363,0.6659090909090909,日月光投控
18.14999961853028,18.299999237060547,18.049999237060547,18.25,1459883.0,0.0310734018843741,17.99000015258789,0.028169014084507,17.660000133514405,0.0167130487080502,17.423333231608073,0.0027472107123402,17.542916663487752,0.0019858177564589,67.50005245218745,665804.6,2.1926598284241354,0.0334088257092319,4142.TW,2026-09-30,0.054588264016544,0.0351039542887556,bull,0.2935185185185185,0.2611111111111111,2026-03-31,2026-05-15,82316000.0,-74558000.0,-199219000.0,-200467000.0,0.0,-185545000.0,-0.44,2912947000.0,1385145000.0,7821186000.0,2973185000.0,4848001000.0,1792715000.0,222500000.0,1545416000.0,,-0.0,-199219000.0,6436041000.0,-0.0309536561373676,-0.0382724756038622,-0.023723384151713,0.6132806078216568,-0.9057534379707468,,,0.1416287584600022,,,24.80070069002073,24.80070069002073,False,65.28962306980436,65.28962306980436,55.16739247485846,772.0,True,False,True,True,True,True,True,True,False,False,True,True,True,True,False,False,False,11,False,0.047445959817393,0.0403059166315205,1.0,12150933.95,0.5824074074074074,0.0,3.0,,,,,,-0.0223568420694474,-0.0607921686711265,0.0796183680326933,-1.951577127900079,0.2397727272727272,-1.951577127900079,0.1451944025473437,-772.0,0.3636363636363636,0.1022727272727272,0.125,0.327840909090909,0.2375,國光生
105.0,105.0,103.0,103.5,6147669.0,-0.0235849056603774,104.9,0.0247524752475247,104.625,0.0434443908935271,102.38151194254556,0.0860440365756205,100.85881385803222,0.0086767895878525,47.368421052631575,4702129.05,1.3074224323979369,-0.010752688172043,4904.TW,2026-09-30,0.054588264016544,0.0351039542887556,bull,0.3083333333333333,0.199074074074074,2026-03-31,2026-05-15,27804510000.0,9180075000.0,4900562000.0,4717879000.0,943576000.0,3708354000.0,1.03,36726189000.0,39569231000.0,185313352000.0,85176808000.0,100136544000.0,7149542000.0,1907000000.0,7161318000.0,18487164000.0,0.2000000423919307,3920449392.255715,145744121000.0,0.026899537115845,0.0370329736963959,0.0200112617897063,0.850606627686292,0.3301649624467397,0.1762506154577081,0.1333723917450802,0.0676669313513584,,,64.90506799565857,64.90506799565857,False,63.33500175146429,63.33500175146429,63.727518312512856,211.0,True,False,True,True,False,True,True,False,False,True,True,True,True,True,True,False,False,10,False,0.0109247073639828,0.0261869641426231,1.0,486670356.675,0.1675925925925926,2.0,3.0,,,,,,0.021579008113976,-0.0280626878238284,0.2082166289949882,-1.4000569221454089,0.5926136363636364,-1.4000569221454089,0.5890246949129303,-211.0,0.8181818181818182,0.4318181818181818,0.6136363636363636,0.7875,0.6613636363636364,遠傳
97.0999984741211,102.0,97.0999984741211,100.0,998977.0,0.023541485400212,97.88000183105468,0.0246726816049629,96.2405158996582,0.1123470334003684,90.8467077891032,0.1503864930695251,91.7058058420817,0.0082278824291947,50.54049035306152,618711.05,1.6146099217073946,0.039063424226253,4912.TW,2026-09-30,0.054588264016544,0.0351039542887556,bull,0.3092592592592592,0.1212962962962962,2026-03-31,2026-05-15,1740520000.0,347686000.0,96486000.0,119505000.0,29737000.0,88059000.0,1.35,5718665000.0,3540355000.0,8497344000.0,4357124000.0,4140220000.0,1833571000.0,1475118000.0,85900000.0,,0.2488347767875821,72476927.72687335,4956989000.0,0.0146211596852188,0.0212691596098758,0.010363120523307,1.052389486549024,0.1997598418863328,0.0554351573093098,0.0505935007928665,0.1385875004742698,,,39.66467030210741,39.66467030210741,False,70.82335081944096,70.82335081944096,63.03368069010757,517.0,True,False,True,True,True,True,True,True,False,True,True,True,True,True,False,False,False,12,False,0.1007553540866421,0.0904435011693913,1.0,61871105.00000001,0.3712962962962963,1.0,3.0,,,,,,0.0493918215862731,0.0120192410831356,0.2369674949977114,-1.4848146468913153,0.7352272727272727,-1.4848146468913153,0.651127415567997,-517.0,0.6136363636363636,0.3977272727272727,0.7272727272727273,0.6306818181818182,0.5715909090909091,聯德控股-KY
46.25,49.79999923706055,45.5,46.5,29959058.0,-0.0074706186877341,44.55,0.2809917624605829,38.277499771118165,0.1984536318130814,33.93916660944621,0.273972602739726,38.88249999682109,0.0568785822692122,71.75438864189283,10621183.65,2.820689198797537,0.2148128868930467,4956.TW,2026-09-30,0.054588264016544,0.0351039542887556,bull,0.0388888888888888,0.0805555555555555,2026-03-31,2026-05-15,360756000.0,72617000.0,18055000.0,29752000.0,5975000.0,23777000.0,0.24,1610894000.0,759943000.0,2802739000.0,1151829000.0,1650910000.0,224560000.0,170000000.0,382114000.0,,0.2008268351707448,14429071.4909922,2042796000.0,0.0070633932565915,0.0144023599105947,0.0084834870460645,0.6976933933406424,0.2012911774163146,0.0500476776547029,0.065908813713424,0.1527039764829934,,,36.85997471753586,36.85997471753586,False,81.81944444444444,81.81944444444444,70.5795770127173,577.0,True,True,True,True,True,True,True,True,True,True,True,True,True,False,False,False,False,13,False,0.3700984627907087,0.1959107568649571,1.0,493885039.725,0.1666666666666666,1.0,3.0,,,,,,-0.0150081378200629,-0.0890019459421295,0.1987771246954148,-1.6795619091909555,0.3693181818181818,-1.6795619091909555,0.3139868450674077,-577.0,0.5795454545454546,0.6931818181818182,0.3068181818181818,0.5386363636363636,0.5590909090909092,光鋐
183.5,186.0,177.0,181.0,1361055.0,-0.0027548209366391,181.0,0.1138461538461539,175.975,0.0225988700564971,167.80833333333334,0.1868852459016392,166.5743729909261,0.025196621031168,54.929577464788736,1067728.85,1.274719700605636,0.0285551924989344,4961.TW,2026-09-30,0.054588264016544,0.0351039542887556,bull,0.1175925925925926,0.2462962962962963,2026-03-31,2026-05-15,4501219000.0,1251280000.0,294573000.0,378167000.0,58735000.0,224263000.0,1.86,18756288000.0,2898638000.0,26661399000.0,3800040000.0,22861359000.0,2014179000.0,,,,0.155314979889837,248821400.42891103,23762761000.0,0.0104710643863695,0.0098096967901164,0.0084115240914402,0.1662210894811634,0.2779869186547022,0.0654429389016619,0.049822725799389,-0.0343346930509377,,,36.99914354663914,36.99914354663914,False,73.23883110009379,73.23883110009379,64.17890921173013,575.0,True,False,True,True,True,True,True,True,True,False,True,True,True,True,False,False,False,12,False,0.0786115111486318,0.0866017188001646,1.0,193258921.85,0.2472222222222222,2.0,3.0,,,,,,0.0008824424927555,-0.0687191898747661,0.1772344418058704,-1.7787964775656415,0.4028409090909091,-1.7787964775656415,0.3432206019470725,-575.0,0.5909090909090909,0.4545454545454545,0.3409090909090909,0.553409090909091,0.5,天鈺
550.0,565.0,547.0,555.0,1041937.0,0.0335195530726257,542.6,0.0776699029126213,536.75,0.0895118702567006,529.1585637410482,0.518467852257182,489.0409688313802,0.0074136636636637,65.75342465753425,557349.8,1.869448952883808,0.0340009315323708,5434.TW,2026-09-30,0.054588264016544,0.0351039542887556,bull,0.1638888888888889,0.137037037037037,2026-03-31,2026-05-15,18536692000.0,2517460000.0,1430469000.0,1720554000.0,385901000.0,1322921000.0,6.86,26594173000.0,20377745000.0,43809103000.0,24343457000.0,19465646000.0,6619207000.0,553886000.0,2499050000.0,0.0,0.2242888046524549,1109630817.8976076,23431358000.0,0.0473566584530699,0.0679618338893042,0.0301973998417634,1.25058562145844,0.1358095608428947,0.07716959422965,0.0713676960268854,0.1762262681445767,,,65.82773904429318,65.82773904429318,False,76.96382747492407,76.96382747492407,74.17980536726635,203.0,True,True,True,True,True,True,True,True,True,True,True,True,True,True,True,False,False,14,False,0.048834958044065,0.1348742444344417,1.0,309329139.0,0.2027777777777777,3.0,3.0,,,,,,0.0464006767642493,0.0070141109462142,0.2746577408113988,-0.5031004402235837,0.8454545454545455,-0.5031004402235837,0.7603540334814364,-203.0,0.8295454545454546,0.8409090909090909,0.8863636363636364,0.8380681818181818,0.8443181818181817,崇越
49.29999923706055,49.400001525878906,48.75,49.150001525878906,6913695.0,-0.002030425870479,49.18000030517578,0.1456876405057878,48.29250030517578,0.1786570893677437,45.121795018514,0.2364780258082743,42.81839742660522,0.0317807924431421,53.1746099024529,8310571.7,0.831915691191257,0.0177564055554031,5876.TW,2026-09-30,0.054588264016544,0.0351039542887556,bull,0.0888888888888888,0.0888888888888888,2026-03-31,2026-05-15,,,,,1276742000.0,5109024000.0,,,,2488960189000.0,2207968500000.0,280991689000.0,30954201000.0,,,,,,2488960189000.0,,0.0181821178348089,0.0020526740534378,7.857771551385635,,,,,,,9.85663137943466,9.85663137943466,False,72.89593368789794,72.89593368789794,57.13610811078212,1042.0,True,False,True,True,True,True,True,True,True,True,True,True,True,True,False,False,False,13,False,0.089274074883592,0.1478711133485706,1.0,408464611.7359261,0.1824074074074074,1.0,3.0,,,,,,-0.0014018448859642,-0.0961941997660921,0.2358081651173118,-1.5613016316536363,0.4460227272727273,-1.5613016316536363,0.409629410301089,-1042.0,0.0454545454545454,0.1363636363636363,0.3977272727272727,0.0982954545454545,0.1431818181818182,上海商銀
40.84999847412109,41.0,40.84999847412109,41.0,3000.0,-0.0238095238095238,40.78000106811523,0.138649749352856,38.66083965301514,0.0789473684210526,38.572072664896645,-0.1458333333333333,42.23436981836955,0.0130260421536663,68.86033124737719,2637.75,1.1373329542223487,0.0605046441820471,5906.TW,2026-09-30,0.054588264016544,0.0351039542887556,bull,0.0953703703703703,0.1444444444444444,2026-03-31,2026-05-15,430263000.0,240455000.0,12546000.0,5632000.0,2949000.0,3832000.0,0.11,923515000.0,999766000.0,1918033000.0,1259254000.0,658779000.0,174914000.0,553851000.0,52500000.0,,0.4,7527600.0,918267000.0,0.008197615726145,0.0058168217262541,0.0019978801198936,1.9114968752798736,0.558855862577075,0.0291589097830861,0.0089061806383537,-0.1011807026559542,,,25.689697232977327,25.689697232977327,False,75.98057135882662,75.98057135882662,63.407852827364295,757.0,True,True,True,True,True,True,True,True,True,True,True,True,True,True,False,False,False,14,False,0.0629452131389596,-0.0292266659518776,0.0,108147.75,0.9953703703703703,1.0,3.0,,,,,,-0.0008219934575524,-0.0318793559709902,0.1208659116999418,-1.8403100519014908,0.3528409090909091,-1.8403100519014908,0.5634235459317907,-757.0,0.3863636363636363,0.4204545454545454,0.5795454545454546,0.415340909090909,0.4352272727272727,台南-KY
24.5,25.39999961853028,24.5,25.049999237060547,1903122.0,0.0525210100869895,24.289999771118165,0.0503144166204359,23.449999809265137,0.3184210124768709,20.862500031789143,0.522796235578068,19.98166669209798,0.0053590527392774,71.21212033638707,1941287.7,0.9803400083357042,0.0682302533394156,6108.TW,2026-09-30,0.054588264016544,0.0351039542887556,bull,0.2203703703703703,0.0379629629629629,2026-03-31,2026-05-15,1005533000.0,-58176000.0,-188023000.0,-163927000.0,2837000.0,-166764000.0,-1.08,5952056000.0,4035658000.0,7430512000.0,4257488000.0,3173024000.0,3009763000.0,2815370000.0,,,0.0,-188023000.0,3394854000.0,-0.055384708738579,-0.0525568038565103,-0.0224431371620152,1.3417761731395663,-0.0578558833971634,-0.186988393220312,-0.1658463720235934,0.0519018870845751,,,14.198738437467275,14.198738437467275,False,73.12566925976611,73.12566925976611,58.393936554191406,982.0,True,False,True,True,True,True,True,True,False,True,True,True,True,True,False,False,False,12,False,0.2007189550097408,0.2536491386360131,1.0,48629255.40391503,0.3944444444444444,0.0,3.0,,,,,,-0.036371922751179,-0.1563029696297895,0.1546296805939113,-1.9724959299012392,0.1818181818181818,-1.9724959299012392,0.1258951191519998,-982.0,0.1363636363636363,0.1818181818181818,0.0909090909090909,0.1295454545454545,0.1409090909090909,競國
29.39999961853028,30.450000762939453,28.200000762939453,29.600000381469727,20062799.0,0.057142870766776,27.460000228881835,0.3330269392311491,24.732143020629884,0.0763636502352627,22.92515312830607,0.2786177481306124,22.994659900665287,0.0531953206954625,71.47888208377105,5070736.55,3.956584768735422,0.1968231122058208,6133.TW,2026-09-30,0.054588264016544,0.0351039542887556,bull,0.0277777777777777,0.1462962962962962,2026-03-31,2026-05-15,324191000.0,77708000.0,27678000.0,22995000.0,8071000.0,14924000.0,0.13,1167334000.0,805832000.0,2434869000.0,834956000.0,1599913000.0,389506000.0,523000000.0,0.0,,0.3509893455098934,17963316.894977167,1629037000.0,0.0110269545105342,0.009328007210392,0.006129282519922,0.521875877000812,0.2396982026027866,0.0853755964847882,0.0460345907196683,0.0760312529042366,,,38.81172473878017,38.81172473878017,False,80.50925925925927,80.50925925925927,70.08487562913949,541.0,True,True,True,True,True,True,True,True,True,True,True,True,False,False,False,False,False,12,False,0.2911582407239019,0.2872554110101595,1.0,150093803.8143325,0.2694444444444444,0.0,3.0,,,,,,0.0122488521339159,-0.0748441814690343,0.2342770617233868,-1.6470702138652045,0.4920454545454545,-1.6470702138652045,0.4571986514800359,-541.0,0.6022727272727273,0.6590909090909091,0.5,0.5869318181818182,0.5988636363636364,金橋
15.300000190734863,15.300000190734863,15.050000190734863,15.300000190734863,945020.0,-0.0316455692382333,15.160000228881836,0.0812721274351553,14.69000005722046,0.1167883506383458,13.641666682561238,-0.1616438251652129,14.305416679382324,0.0204932321420509,68.68687686038784,1324693.35,0.7133877436615802,0.0415248557616292,6152.TW,2026-09-30,0.054588264016544,0.0351039542887556,bull,0.1564814814814814,0.1185185185185185,2026-03-31,2026-05-15,331599000.0,67905000.0,-74688000.0,-37067000.0,0.0,-37057000.0,-0.22,2369207000.0,1662086000.0,2991955000.0,1740955000.0,1251000000.0,751624000.0,571363000.0,46921000.0,,-0.0,-74688000.0,1329869000.0,-0.056161922715696,-0.0296219024780175,-0.012385547242522,1.391650679456435,0.2047804727999783,-0.2252359024001881,-0.1117524479868757,-0.1247891807146872,,,12.786538756616617,12.786538756616617,False,72.26202295007522,72.26202295007522,57.39315190171057,998.0,True,False,True,True,True,True,True,True,True,True,True,True,False,True,False,False,False,12,False,0.1215638489608859,0.0695249592265272,1.0,20267808.50766521,0.5046296296296297,0.0,3.0,,,,,,-0.0328567305513678,-0.0943663017492526,0.1459501608310574,-1.666756722044919,0.2789772727272727,-1.666756722044919,0.2385629133403469,-998.0,0.125,0.1477272727272727,0.2045454545454545,0.1369318181818181,0.1477272727272727,百一
139.0,140.0,132.5,133.0,2564945.0,0.0597609561752987,130.7,0.1515151515151516,118.775,0.02825568839833,126.87773272196452,1.187500027449508,119.51428594589234,0.0296922410056351,75.34246575342465,2160251.35,1.187336371760629,0.1197642601557567,6166.TW,2026-09-30,0.054588264016544,0.0351039542887556,bull,0.0842592592592592,0.2324074074074074,2026-03-31,2026-05-15,3443841000.0,1293055000.0,417400000.0,440128000.0,100613000.0,342530000.0,1.57,9685113000.0,6814747000.0,14840413000.0,9041778000.0,5798635000.0,2371557000.0,1276966000.0,2103192000.0,,0.2285994074451068,321982607.3324124,8025666000.0,0.0401191137697995,0.0590707985586263,0.023080894042504,1.5592942132070735,0.3754688442352594,0.1212018789485345,0.0994616185822748,0.2873272036683791,,,76.55639090357866,76.55639090357866,False,68.20352848135533,68.20352848135533,70.29174408691117,106.0,True,False,True,True,True,False,True,False,True,False,True,True,True,True,True,False,False,10,False,0.0482532840608966,0.112837674152302,1.0,287313429.55,0.2064814814814815,2.0,3.0,,,,,,0.0307116925164063,-0.0582121379157948,0.2470766171868663,-0.8358863989761701,0.6948863636363636,-0.8358863989761701,0.6163004244859083,-106.0,0.9204545454545454,0.6704545454545454,0.6590909090909091,0.88125,0.7931818181818182,凌華
552.0,588.0,551.0,585.0,2982218.0,0.0934579439252336,555.6,0.2061855670103092,527.0,0.0263157894736842,517.375,0.8367346938775511,488.39054718017576,0.0319169766986489,70.91836734693878,1659972.1,1.7965470624476156,0.1100569259962049,6196.TW,2026-09-30,0.054588264016544,0.0351039542887556,bull,0.0611111111111111,0.2361111111111111,2026-03-31,2026-05-15,14308544000.0,1941121000.0,1179768000.0,1386251000.0,277186000.0,1112712000.0,5.08,46337341000.0,36023511000.0,57381180000.0,39725563000.0,17655617000.0,12671163000.0,1883857000.0,1404012000.0,0.0,0.1999536880406218,943869037.3676916,21357669000.0,0.0441934481411661,0.0630231160995393,0.0193915844881544,2.2500240574996613,0.1356616717955369,0.0824519951156455,0.0777655644068327,0.0790146048289421,,,51.54752142541584,51.54752142541584,False,79.79740720150917,79.79740720150917,72.73493575748584,346.0,True,True,True,True,True,True,True,True,True,False,True,True,True,True,False,False,False,13,False,0.1307079004590481,0.1978118810399156,1.0,971083678.5,0.1092592592592592,3.0,3.0,,,,,,0.0285556447670485,-0.0141783264715824,0.2821060384117711,-1.0971020815973116,0.7613636363636364,-1.0971020815973116,0.6735470107776329,-346.0,0.7386363636363636,0.8068181818181818,0.7840909090909091,0.7454545454545454,0.7681818181818182,帆宣
624.0,649.0,622.0,623.0,23544318.0,0.1494464944649447,584.4,0.1368613138686132,536.85,0.5732323232323233,445.9916666666667,1.8775981524249423,362.3112815856933,0.010921758779776,72.15686274509804,16707317.15,1.409221946804308,0.1604731302971034,6213.TW,2026-09-30,0.054588264016544,0.0351039542887556,bull,0.0962962962962963,0.0185185185185185,2026-03-31,2026-05-15,9143071000.0,1044251000.0,424199000.0,483404000.0,168881000.0,314523000.0,0.87,27657471000.0,15422932000.0,39926715000.0,18831086000.0,21095629000.0,3563235000.0,3355253000.0,1984813000.0,,0.3493578869847994,276001733.69893503,24503783000.0,0.0112636376880637,0.0149093918934581,0.0078775075785723,0.8926534496790781,0.11421228162835,0.0463956804010381,0.0344001484840268,0.206199391931416,,,35.19697595463791,35.19697595463791,False,85.05833103818405,85.05833103818405,72.59299226729752,600.0,True,True,True,True,True,True,True,False,True,True,False,True,True,False,False,False,False,11,False,0.3968870868289766,0.7195158739561605,1.0,10408658584.45,0.0166666666666666,3.0,3.0,,,,,,-0.1315555325462906,-0.2274772915360258,0.1383611511511187,-2.2417824732228278,0.0670454545454545,-2.2417824732228278,0.0337212232192498,-600.0,0.5454545454545454,0.7954545454545454,0.0227272727272727,0.4670454545454545,0.5159090909090909,聯茂
188.0,189.5,183.0,188.0,1782332.0,-0.0182767624020887,189.6,0.0245231607629428,188.15,0.3772893772893773,165.48333333333332,0.6347826086956523,147.66400718688965,0.0103369579809371,57.89473684210526,1772425.4,1.0055892902460095,-0.0007972362476748,6214.TW,2026-09-30,0.054588264016544,0.0351039542887556,bull,0.312037037037037,0.0333333333333333,2026-03-31,2026-05-15,11968686000.0,2441124000.0,591731000.0,895921000.0,121622000.0,718327000.0,2.64,28637858000.0,16986250000.0,37839475000.0,17932964000.0,19906511000.0,4485498000.0,2337560000.0,448042000.0,0.0,0.1357508083860072,511403038.4029395,20853225000.0,0.0245239303946003,0.0360850276575337,0.0189835350516887,0.9008592213874144,0.203959231614899,0.0494399301644307,0.0600171982120677,0.2168964026850304,,,53.24611007538207,53.24611007538207,False,71.40184057661149,71.40184057661149,66.86290795130414,322.0,True,False,True,True,False,True,True,True,False,True,True,True,True,True,False,False,False,11,False,0.1360660690905428,0.2731606271666422,1.0,333215975.2,0.1953703703703703,2.0,3.0,,,,,,0.0232097039162077,-0.051903592295997,0.2436551509457331,-1.2286662682770808,0.6551136363636364,-1.2286662682770808,0.6019698782698784,-322.0,0.7840909090909091,0.5568181818181818,0.6363636363636364,0.7619318181818181,0.6863636363636364,精誠
220.0,223.0,214.0,218.0,8868869.0,0.1208226221079691,213.7,0.0927318295739347,196.9,0.1073550565941419,180.15015360514323,1.299577985044778,186.2029457092285,0.0208684381075826,71.85185185185185,4997701.75,1.7745894900591055,0.1071609954291519,6278.TW,2026-09-30,0.054588264016544,0.0351039542887556,bull,0.1388888888888889,0.1231481481481481,2026-03-31,2026-05-15,12555084000.0,1419454000.0,723987000.0,799040000.0,170919000.0,627376000.0,2.17,37797116000.0,26839243000.0,53112334000.0,30850052000.0,22262282000.0,9566156000.0,4162457000.0,1773538000.0,,0.2139054365238286,569122244.7274228,26273091000.0,0.0216617924677162,0.0281811181800679,0.0118122468502325,1.3857542546626622,0.113058104589344,0.0576648471647023,0.0499698767447513,0.0113360711318526,,,34.433104916963885,34.433104916963885,False,80.22980016489976,80.22980016489976,68.78062635291579,609.0,True,True,True,True,True,True,True,True,True,True,False,True,True,True,False,False,False,13,False,0.2101016604061123,0.170765581444803,1.0,1089498981.5,0.1027777777777777,2.0,3.0,,,,,,0.0287876386787988,-0.0194660440449705,0.268526169478634,-0.7539559083796236,0.7522727272727273,-0.7539559083796236,0.6652113685810979,-609.0,0.5340909090909091,0.625,0.7386363636363636,0.5647727272727272,0.6022727272727273,台表科
117.0,117.0,113.5,114.5,596096.0,-0.0537190082644628,115.7,0.1225490196078431,111.3650001525879,0.382850190578214,102.0518170674642,0.4241293262058594,93.18340867360432,0.0348464432902741,67.30769230769232,1078014.45,0.5529573374457086,0.0281506742972805,6416.TW,2026-09-30,0.054588264016544,0.0351039542887556,bull,0.1101851851851851,0.0314814814814814,2026-03-31,2026-05-15,1057732000.0,271486000.0,132488000.0,135818000.0,38070000.0,99022000.0,1.35,4240170000.0,1810116000.0,6158927000.0,2539091000.0,3619836000.0,356630000.0,274239000.0,208323000.0,,0.2803015800556627,95351404.26158535,4348811000.0,0.0219258561159786,0.0273553829510508,0.016077800564936,0.7014381314512591,0.2566680406757099,0.1252566812765426,0.0936172867985463,-0.046140444062884,,,49.20522556408967,49.20522556408967,False,76.24474992363378,76.24474992363378,69.48486883374775,383.0,True,True,True,True,True,True,True,True,True,True,True,True,False,True,False,False,False,13,False,0.1219790425123599,0.2287595144867664,1.0,123432654.525,0.2935185185185185,2.0,3.0,,,,,,0.061257997398357,-0.0026255706267292,0.335107317464379,-1.4063818792145055,0.8232954545454546,-1.4063818792145055,0.7826674242424243,-383.0,0.7045454545454546,0.6477272727272727,0.9318181818181818,0.7386363636363636,0.7329545454545455,瑞祺電通
351.5,360.5,342.0,345.0,2461734.0,-0.0775401069518716,367.1,0.3242914927588352,324.875,0.8351063829787233,240.3106320699056,0.9220055710306408,235.16364936828612,0.0889823729260189,58.22510822510823,3833942.15,0.6420895004897245,0.0619469026548673,6426.TW,2026-09-30,0.054588264016544,0.0351039542887556,bull,0.0296296296296296,0.0092592592592592,2026-03-31,2026-05-15,154269000.0,60877000.0,19307000.0,27476000.0,-977000.0,28453000.0,0.74,831225000.0,83262000.0,1018747000.0,85873000.0,932874000.0,275168000.0,7500000.0,,,0.0,19307000.0,935485000.0,0.020638492332854,0.0305003676809515,0.0279294073994819,0.0920520884921222,0.3946158982037869,0.1251515210444094,0.1844375733297033,0.5607004835805192,,,75.05902824356723,75.05902824356723,False,85.95865843432216,85.95865843432216,83.23375088663343,120.0,True,True,True,True,True,True,True,True,True,True,True,True,False,True,True,False,False,13,False,0.4356418483375324,0.4670634722958431,1.0,1322710041.75,0.0907407407407407,2.0,3.0,,,,,,0.0005030910806548,-0.138346804567107,0.3253908283384552,-1.3242429103885545,0.5443181818181818,-1.3242429103885545,0.4827171819824259,-120.0,0.9090909090909092,0.9659090909090908,0.5340909090909091,0.852840909090909,0.8511363636363637,統新
412.0,418.0,407.5,413.0,444356.0,0.0147420147420147,406.5,0.0337922403003754,390.975,0.1042780748663101,369.4989903767904,0.4095563139931741,338.8994951883952,0.0168400520156047,72.28915662650603,332396.35,1.3368257503429266,0.0563335251614551,6491.TW,2026-09-30,0.054588264016544,0.0351039542887556,bull,0.2722222222222222,0.1277777777777777,2026-03-31,2026-05-15,1885667000.0,1005547000.0,542809000.0,566411000.0,88526000.0,472275000.0,6.06,6983966000.0,4705377000.0,16639674000.0,5326767000.0,11312907000.0,1204500000.0,831456000.0,457203000.0,,0.1562928686060122,457971824.2848391,11934297000.0,0.0383744282788369,0.0417465643446021,0.0283824671084301,0.4708574904752598,0.5332579930602805,0.2878604758952667,0.2504551439888379,0.1833499738625503,,,86.74813401220891,86.74813401220891,False,71.14023057186787,71.14023057186787,75.04220643195313,52.0,True,False,True,True,True,True,True,False,False,True,True,True,True,True,True,False,False,11,False,0.1177297117343953,0.2186503841512426,1.0,137279692.54999998,0.2777777777777778,2.0,2.0,,,,,,0.0453866088392865,0.004210861311516,0.3118566779856749,-1.3235285264055414,0.8159090909090909,-1.3235285264055414,0.7376100176675658,-52.0,0.9659090909090908,0.8522727272727273,0.8522727272727273,0.9488636363636364,0.9090909090909092,晶碩
94.0,98.5999984741211,93.0,97.3000030517578,37886063.0,0.0994350627317266,90.66000061035156,0.3238095653300381,84.36499938964843,0.6352941689371059,76.10333302815755,0.8462998414258598,64.69844430287678,0.0591964871029658,75.50431478292185,27448914.15,1.3802390430806897,0.1533219197023605,6505.TW,2026-09-30,0.054588264016544,0.0351039542887556,bull,0.0305555555555555,0.0148148148148148,2026-03-31,2026-05-15,161989437000.0,27190906000.0,24513957000.0,25616191000.0,5209581000.0,20407731000.0,2.14,296450387000.0,65693610000.0,463713281000.0,83114597000.0,380598684000.0,63985692000.0,123643000.0,1500200000.0,8100000000.0,0.2033706338307674,19528538027.20982,398019671000.0,0.0490642534780895,0.0536200776774099,0.0440093735421824,0.2183785716925915,0.1678560436011639,0.1513305895371437,0.1259818626321912,-0.0650893152444253,,,66.8716639923295,66.8716639923295,False,86.88162165530204,86.88162165530204,81.8791322395589,193.0,True,True,True,True,True,True,True,False,True,True,True,True,True,False,True,False,False,12,False,0.2785248579816821,0.5039001957490872,1.0,2670779430.562437,0.0592592592592592,1.0,3.0,,,,,,0.0187745828092116,-0.0365334580109708,0.189804913637924,-1.5147640753229878,0.5357954545454546,-1.5147640753229878,0.4838240298916769,-193.0,0.8522727272727273,0.9545454545454546,0.5454545454545454,0.80625,0.8215909090909091,台塑化
51.400001525878906,54.0,51.400001525878906,53.400001525878906,951363.0,0.0328820258772235,52.44000091552734,0.1090342644574644,49.61250057220459,0.0389105046814646,48.75333334604899,-0.0183823524255654,47.373333263397214,0.0141039429029514,65.86666547309052,673422.7,1.4127278453785417,0.0763416661121947,6589.TW,2026-09-30,0.054588264016544,0.0351039542887556,bull,0.1194444444444444,0.2074074074074074,2026-03-31,2026-05-15,308435000.0,64956000.0,-207240000.0,-141836000.0,406000.0,-142242000.0,-0.47,4188368000.0,910711000.0,10619357000.0,2413133000.0,8206224000.0,3257763000.0,0.0,1001914000.0,,0.0,-207240000.0,9708646000.0,-0.0213459219751137,-0.0173334288705743,-0.0133945963018288,0.2940613124867174,0.2105986674664029,-0.6719081816265988,-0.461173342843711,0.6954150931987708,,,33.08565989658788,33.08565989658788,False,80.6252796211072,80.6252796211072,68.74037468997736,629.0,True,True,True,True,True,True,True,True,True,True,True,True,True,True,False,False,False,14,False,0.0953097534244082,0.1272164706877017,1.0,35960773.20756149,0.4379629629629629,1.0,3.0,,,,,,-0.0353576457807329,-0.1053520729241556,0.1248026629486692,-2.055609419214358,0.1590909090909091,-2.055609419214358,0.1387183326477444,-629.0,0.5,0.6136363636363636,0.1136363636363636,0.4420454545454545,0.4568181818181818,台康生技
45.09999847412109,45.75,44.20000076293945,45.54999923706055,20511.0,0.0133481304546669,45.24000015258789,0.0259008484608127,44.7,0.0483313794533297,43.91711705525716,0.0975903430617,42.76564181645711,0.0055111928177802,58.10806073802805,23585.55,0.869642641363038,0.0190156428872605,6666.TW,2026-09-30,0.054588264016544,0.0351039542887556,bull,0.3009259259259259,0.1916666666666666,2026-03-31,2026-05-15,227573000.0,146827000.0,8613000.0,16135000.0,5516000.0,14938000.0,0.32,887322000.0,386264000.0,2243046000.0,445810000.0,1797236000.0,431040000.0,0.0,43267000.0,,0.3418655097613883,5668512.364425163,1856782000.0,0.0030528690844833,0.0083116518921276,0.0066596940053837,0.2480531215711236,0.6451863797550677,0.0378471962842692,0.0656404758033685,-0.0829105328696296,,,36.34402763196038,36.34402763196038,False,69.55192661619176,69.55192661619176,61.24995187013392,585.0,True,False,True,True,True,True,True,True,False,True,True,True,True,True,False,False,False,12,False,0.0371809966430372,0.065107345577869,1.0,1074321.7845056534,0.8907407407407407,1.0,3.0,,,,,,0.0160039514596578,0.0005283429728052,0.1473124019927001,-1.268928815841178,0.5636363636363636,-1.268928815841178,0.594383911486512,-585.0,0.5681818181818182,0.2727272727272727,0.625,0.5767045454545454,0.4909090909090909,羅麗芬-KY
18.299999237060547,18.39999961853028,18.25,18.25,148899.0,0.051873175720013,18.29000015258789,0.1550632771955167,16.57000002861023,0.0672514381798763,16.088333257039388,-0.0108401493045569,17.022499974568685,0.0348165513573915,74.41862425075527,264822.05,0.5622605821531855,0.1013880487923375,6674.TW,2026-09-30,0.054588264016544,0.0351039542887556,bull,0.0796296296296296,0.1574074074074074,2026-03-31,2026-05-15,112132000.0,17144000.0,-62844000.0,-70039000.0,0.0,-70039000.0,-1.04,1071283000.0,354517000.0,1203792000.0,359370000.0,844422000.0,278839000.0,,,,-0.0,-62844000.0,849275000.0,-0.073997232933973,-0.0829431255936013,-0.0581819782819623,0.42558104833839,0.1528912353297899,-0.5604466164877109,-0.6246120643527271,-0.3394052219813366,,,15.780090226334028,15.780090226334028,False,77.12492999195405,77.12492999195405,61.788720050549045,943.0,True,True,True,True,True,True,True,False,True,True,True,True,False,True,False,False,False,12,False,0.1343623797707436,0.0721104436636907,1.0,4833002.4125,0.6944444444444444,0.0,3.0,,,,,,-0.018892307300735,-0.0596983463405788,0.1371314615675396,-1.846378572333011,0.3,-1.846378572333011,0.497786271686344,-943.0,0.1704545454545454,0.3068181818181818,0.5681818181818182,0.2301136363636363,0.2909090909090909,鋐寶科技
154.0,158.0,149.5,150.0,4347363.0,-0.0853658536585365,147.4,0.2195121951219512,138.525,0.0204081632653061,124.19000002543132,0.1764705882352941,144.34083334604898,0.0452744765138653,65.0,6807989.0,0.6385678649010743,0.0828370330265295,6706.TW,2026-09-30,0.054588264016544,0.0351039542887556,bull,0.0546296296296296,0.2527777777777777,2026-03-31,2026-05-15,159976000.0,-3214000.0,-123330000.0,-80238000.0,-4889000.0,-75349000.0,-0.96,3540957000.0,1611622000.0,7728619000.0,3966106000.0,3762513000.0,918596000.0,169260000.0,1768588000.0,483649000.0,0.0609312295919639,-115815351.45442308,6116997000.0,-0.0189333673785393,-0.0200262430986949,-0.0097493484929196,1.0541109093842334,-0.0200905135770365,-0.7709281392208831,-0.4710019002850427,-0.6193748245292625,,,10.295709474157496,10.295709474157496,False,79.50030830776636,79.50030830776636,62.19915859936414,1037.0,True,True,True,True,True,True,True,True,True,False,True,True,False,True,False,False,False,12,False,0.207826716879647,0.0392069695231944,1.0,1021198350.0,0.1064814814814814,2.0,3.0,,,,,,0.044657822225956,0.0242320813021515,0.1899274309023686,-1.1949370053942328,0.7420454545454547,-1.1949370053942328,0.6462217201794761,-1037.0,0.0568181818181818,0.3409090909090909,0.7045454545454546,0.1539772727272727,0.2715909090909091,惠特
1600.0,1665.0,1565.0,1605.0,4875120.0,0.0664451827242524,1583.0,0.3659574468085107,1363.5,0.1263157894736841,1195.7833333333333,0.5891089108910892,1202.8416666666667,0.0687830687830687,70.2127659574468,4114891.5,1.1847505578215125,0.177117711771177,8996.TW,2026-09-30,0.054588264016544,0.0351039542887556,bull,0.0212962962962962,0.1129629629629629,2026-03-31,2026-05-15,3422971000.0,993397000.0,708890000.0,760217000.0,154549000.0,605668000.0,6.54,6117858000.0,3808253000.0,8901358000.0,4255580000.0,4645778000.0,1874428000.0,690000000.0,245167000.0,0.0,0.2032959010387823,564775568.7126175,5093105000.0,0.1108902268287454,0.1303695527422963,0.0680422020999492,0.91601019248014,0.2902148455245458,0.2070978690733868,0.1769421943685763,2.3761538742261066,,,90.21884377245992,90.21884377245992,True,83.07662501888298,83.07662501888298,84.86217970727722,30.0,True,True,True,True,True,True,True,True,True,True,True,True,True,False,True,True,False,13,False,0.3422163992919564,0.3343402082568363,1.0,6604400857.5,0.0314814814814814,3.0,1.0,,,,,,0.030783644910077,-0.0354558853950127,0.2742608571053068,-1.325945655132544,0.6920454545454545,-1.325945655132544,0.572270806461637,-30.0,0.9886363636363636,0.9772727272727272,0.5909090909090909,0.9289772727272728,0.905681818181818,高力
29.450000762939453,29.850000381469727,29.299999237060547,29.450000762939453,4079464.0,0.0068376329210069,29.379999923706052,0.0593525745022061,28.54750003814697,0.1594488663477986,27.66916669209798,0.1459143925554924,26.18795282046,0.0085673915884146,63.72549899583747,5347246.85,0.7629092343099889,0.0316140020522464,9945.TW,2026-09-30,0.054588264016544,0.0351039542887556,bull,0.199074074074074,0.099074074074074,2026-03-31,2026-05-15,8802139000.0,2177505000.0,1558595000.0,3524918000.0,275592000.0,2706817000.0,0.99,56821154000.0,31229259000.0,206807304000.0,85163985000.0,121643319000.0,4687641000.0,7435539000.0,36077246000.0,,0.0781839464066965,1436737892.0502548,175578045000.0,0.0081829017520399,0.0222520811027854,0.0130885947819328,0.7001123094972441,0.247383618913539,0.1770700280920353,0.3075180930453381,0.2547092191019549,,,56.447152500431685,56.447152500431685,False,76.15709387934928,76.15709387934928,71.22960853461987,296.0,True,True,True,True,True,True,True,True,True,True,True,True,False,True,False,False,False,13,False,0.0643616806627596,0.1245629226859952,1.0,157476423.81212556,0.2648148148148148,0.0,3.0,,,,,,-0.0110956255144002,-0.0559263581903325,0.1291245860496274,-1.5190124316747795,0.3681818181818181,-1.5190124316747795,0.2925563332552,-296.0,0.7954545454545454,0.7386363636363636,0.2727272727272727,0.7170454545454544,0.6738636363636363,潤泰新
216.5,234.0,216.5,230.0,335376.0,0.0550458715596329,220.5,0.0478359908883827,220.175,0.138026635202459,196.11343154907223,0.0290827740492169,210.2496359507243,0.0031894293199681,63.15789473684211,172060.45,1.9491754206152545,0.0446235948677187,5292.TW,2026-09-30,0.054588264016544,0.0351039542887556,bull,0.2277777777777777,0.1083333333333333,2026-03-31,2026-05-15,623564000.0,173960000.0,125946000.0,143885000.0,35083000.0,108802000.0,2.58,3846525000.0,2436152000.0,4308984000.0,2501925000.0,1807059000.0,1386930000.0,35446000.0,,,0.2438266671299996,95237006.58164506,1872832000.0,0.0508518684973585,0.0602094342243391,0.0252500357392833,1.3845286733858717,0.2789769775035121,0.2019776638805319,0.1744840946558813,-0.1342587321906073,,,67.1995898886902,67.1995898886902,False,78.8695102484693,78.8695102484693,75.95203015852452,189.0,True,True,True,True,True,True,True,True,False,True,True,True,True,True,True,False,False,13,False,0.172790655812111,0.0939376848857163,1.0,39573903.5,0.4212962962962963,2.0,3.0,,,,,,0.0853553024797532,0.0219376921919887,0.2885848549134577,0.4656128586743326,0.9323863636363636,0.4656128586743326,0.7785729234238408,-189.0,0.8636363636363636,0.8863636363636364,0.9204545454545454,0.8721590909090909,0.8818181818181818,華懋
288.0,288.5,277.5,282.0,1402888.0,0.0951456310679612,275.0,0.3270588235294118,243.2,0.2818181818181817,225.46666666666667,0.205128205128205,227.0583333333333,0.0701870187018701,68.3206106870229,1224384.2,1.1457906758352483,0.1595394736842106,4770.TW,2026-09-30,0.054588264016544,0.0351039542887556,bull,0.0287037037037037,0.0481481481481481,2026-03-31,2026-05-15,1058605000.0,369927000.0,210485000.0,236117000.0,34491000.0,201626000.0,2.52,8447386000.0,2125986000.0,10526887000.0,2447197000.0,8079690000.0,2937319000.0,150000000.0,208913000.0,,0.1460758861073112,179738217.11270258,8400901000.0,0.0213951119186742,0.024954670290568,0.0191534306390863,0.3028825363349336,0.3494476221064514,0.1988324256923026,0.1904638651810637,0.0960345809390692,,,66.86426683810382,66.86426683810382,False,86.01609560934237,86.01609560934237,81.22813841653274,194.0,True,True,True,True,True,True,True,True,True,True,True,True,True,False,True,False,False,13,False,0.2507392075694854,0.2419715932029214,1.0,345276344.4,0.1944444444444444,2.0,3.0,,,,,,0.0093973885378371,-0.0744083931521012,0.2623575630780864,-1.5158873697916544,0.5409090909090909,-1.5158873697916544,0.4477677164671177,-194.0,0.8409090909090909,0.9431818181818182,0.4659090909090909,0.7846590909090909,0.796590909090909,上品
2580.0,2720.0,2440.0,2455.0,2355746.0,0.0165631469979297,2520.0,0.0650759219088936,2269.0,0.5636942675159236,1840.798614501953,0.3342391304347827,1844.8576405843096,0.0426191843767949,62.93103448275863,1321380.15,1.7827920299847098,0.0819744380784486,6805.TW,2026-09-30,0.054588264016544,0.0351039542887556,bull,0.1861111111111111,0.0194444444444444,2026-03-31,2026-05-15,4183854000.0,1351837000.0,1120299000.0,1165338000.0,248078000.0,917260000.0,13.38,14924697000.0,8114461000.0,16208746000.0,8785852000.0,7422894000.0,8031178000.0,410000000.0,,,0.2128807264501801,881808935.0385897,8094285000.0,0.1089421653720606,0.1235717497784556,0.0565904358054595,1.1836154470210676,0.3231080721267998,0.2677672308832956,0.219238051805823,0.858077701800986,,,90.14552363242608,90.14552363242608,True,87.09289794248856,87.09289794248856,87.85605436497295,31.0,True,True,True,True,True,True,True,True,True,True,True,True,True,True,True,True,False,14,False,0.3336602823683814,0.3307259844843333,1.0,3243988268.25,0.0537037037037037,3.0,2.0,,,,,,0.1009481489962878,0.0201985621258254,0.3130468298800918,-0.9269533204563076,0.9221590909090908,-0.9269533204563076,0.8822428921905281,-31.0,0.9772727272727272,1.0,0.9659090909090908,0.9755681818181818,0.9818181818181818,富世達
73.5,75.4000015258789,73.30000305175781,75.30000305175781,136492479.0,0.0357634967353115,72.9000015258789,0.03150689111997,71.46500053405762,0.0371901464791237,68.50377279917399,0.394444500958478,67.5102196375529,0.0092900741854657,56.38767156482989,122426577.05,1.1148925526542768,0.0536626668864652,6770.TW,2026-09-30,0.054588264016544,0.0351039542887556,bull,0.2777777777777778,0.212037037037037,2026-03-31,2026-05-15,13572462000.0,1388213000.0,14226108000.0,14331913000.0,100704000.0,14231209000.0,3.36,73060915000.0,23437313000.0,172678080000.0,76101188000.0,96576892000.0,25559039000.0,1800000000.0,30244117000.0,,0.0070265567478675,14126147444.836708,149240767000.0,0.0946534095796807,0.1473562537092206,0.0824146817013485,0.7879854737922194,0.1022815904734159,1.048159722237572,1.0485355567766557,0.2209320651616573,,,80.40162331663433,80.40162331663433,True,71.6702582143206,71.6702582143206,73.85309948989902,85.0,True,False,True,True,True,True,True,True,False,True,True,True,True,True,True,True,False,12,False,0.0992095759821534,0.1153867289430623,1.0,9218721625.481262,0.0203703703703703,1.0,2.0,,,,,,-0.0825222439466281,-0.1367436149312455,0.1475961659776021,-1.7230828043262614,0.1994318181818181,-1.7230828043262614,0.172146434486566,-85.0,0.9545454545454546,0.8295454545454546,0.1704545454545454,0.8369318181818182,0.7602272727272728,力積電
68.5999984741211,70.9000015258789,68.0999984741211,69.9000015258789,21349531.0,0.0159883492053565,68.4,0.1347403126194029,65.09500045776367,0.0904836691080333,59.47500012715658,0.2198953308304569,64.25790475209554,0.0251988374518631,64.36780853211403,16896749.8,1.2635288592602585,0.0738152090686736,3714.TW,2026-09-30,0.054588264016544,0.0351039542887556,bull,0.0981481481481481,0.1361111111111111,2026-03-31,2026-05-15,5245484000.0,584329000.0,-306588000.0,-119121000.0,18834000.0,-149358000.0,-0.2,29431729000.0,8058738000.0,52475692000.0,9694529000.0,42781163000.0,12182867000.0,0.0,129498000.0,,0.0,-306588000.0,44416954000.0,-0.0069024994374895,-0.0034912094372001,-0.002846232118292,0.226607420653805,0.1113965841855584,-0.0584479906906588,-0.0284736356073147,-0.0685880333927878,,,15.872736937423232,15.872736937423232,False,83.25810954720937,83.25810954720937,66.41176639476284,940.0,True,True,True,True,True,True,True,True,True,True,True,True,True,True,False,False,False,14,False,0.1752837558038478,0.0878039331588906,1.0,1181082836.8023942,0.0972222222222222,1.0,3.0,,,,,,-0.031618959418807,-0.1178730798142245,0.2347798645701931,-1.8868469841544964,0.3159090909090909,-1.8868469841544964,0.2693521238021238,-940.0,0.1818181818181818,0.5340909090909091,0.2386363636363636,0.1903409090909091,0.2988636363636363,富采
26.0,26.0,25.600000381469727,25.799999237060547,135088.0,0.079497893257586,25.41999969482422,0.1217390972635019,24.23000001907349,0.0424242115984059,23.747500038146978,-0.1704180411382591,25.06125000317892,0.0250660992624247,66.37166349112901,194954.95,0.6929190564281645,0.0647956754746668,6838.TW,2026-09-30,0.054588264016544,0.0351039542887556,bull,0.1129629629629629,0.2027777777777777,2026-03-31,2026-05-15,45422000.0,39489000.0,-10650000.0,-14997000.0,255000.0,-15263000.0,-0.1,1487176000.0,129271000.0,2030443000.0,588640000.0,1441803000.0,273173000.0,,,,0.0,-10650000.0,1901172000.0,-0.0056018077270231,-0.0105860509376107,-0.00751707878527,0.4082665939798988,0.8693804764211175,-0.2344678790013649,-0.3360265950420501,75.46801346801347,,,42.28430373555609,42.28430373555609,False,75.97279129941222,75.97279129941222,67.55066940844819,476.0,True,True,True,True,True,True,True,True,True,True,True,True,False,True,False,False,False,13,False,0.0864301166698187,0.0294777488667932,1.0,5029837.561261177,0.6888888888888889,0.0,3.0,,,,,,0.0134120229284381,-0.0433049921316771,0.1420035215856243,-1.6236055567786043,0.4471590909090909,-1.6236055567786043,0.4487308672248857,-476.0,0.6477272727272727,0.5795454545454546,0.4772727272727273,0.6221590909090908,0.5931818181818181,台新藥
30.799999237060547,32.0,30.39999961853028,32.0,1020657.0,0.0158730158730158,30.820000076293944,0.385281362405069,27.695000171661377,0.4712643678160919,23.323333422342937,0.3333333333333332,23.033333444595332,0.0817303000332949,74.53874881564883,1198453.5,0.8516450575679407,0.1554432136362169,6885.TW,2026-09-30,0.054588264016544,0.0351039542887556,bull,0.0194444444444444,0.0231481481481481,2026-03-31,2026-05-15,2823000.0,-320000.0,-83470000.0,-75995000.0,,-65328000.0,-0.5,1123451000.0,41113000.0,1728169000.0,47111000.0,1681058000.0,283632000.0,,5968000.0,,,-66776000.0,1687056000.0,-0.0395813772631139,-0.038861240956588,-0.0378018584987926,0.028024613071054,-0.1133545873184555,,,27.23,,,33.33333333333333,33.33333333333333,False,83.83796296296296,83.83796296296296,71.21180555555556,622.0,True,True,True,True,True,True,True,False,True,True,True,True,True,False,False,False,False,12,False,0.3720165732975853,0.3892908760676432,1.0,38350512.0,0.424074074074074,1.0,3.0,,,,,,-0.0848612027049998,-0.1048129619143815,0.0854743112354087,-2.0260571965310987,0.1181818181818182,-2.0260571965310987,0.1104949190243307,-622.0,0.5227272727272727,0.7272727272727273,0.0795454545454545,0.4562499999999999,0.4954545454545454,全福生技
312.0,314.0,306.0,308.0,747860.0,0.0249584026622295,303.6,0.0921985815602837,292.85,0.1259711005171802,276.38500010172527,0.1159420289855073,286.390394337972,0.0220748625774366,65.41353383458647,596568.95,1.2536019516268824,0.0517329690968071,6937.TW,2026-09-30,0.054588264016544,0.0351039542887556,bull,0.1407407407407407,0.1138888888888888,2026-03-31,2026-05-15,582447000.0,243295000.0,75551000.0,79509000.0,17753000.0,64817000.0,0.96,2979355000.0,819804000.0,4523134000.0,1044661000.0,3478473000.0,472664000.0,71200000.0,178118000.0,,0.2232828987913317,58681753.71341609,3703330000.0,0.0158456723309605,0.0186337510741063,0.0143301082833274,0.3003217216290021,0.4177118261404042,0.1297130897746919,0.1112839451486573,0.2629110526156022,,,64.73082411847425,64.73082411847425,False,79.45105942763965,79.45105942763965,75.7710006003483,214.0,True,True,True,True,True,True,True,True,True,True,True,True,True,True,True,False,False,14,False,0.114387538710996,0.0754550644478888,1.0,183743236.6,0.2518518518518518,2.0,3.0,,,,,,-0.0007790462409945,-0.062433220836978,0.1853201180871274,-1.793582079029065,0.4017045454545455,-1.793582079029065,0.3640333843716196,-214.0,0.8068181818181818,0.875,0.3636363636363636,0.740340909090909,0.7386363636363636,天虹
162.5,163.5,156.0,159.0,556159.0,0.0258064516129032,167.2,0.2470588235294117,138.15,0.1999999999999999,130.34166666666667,1.033248161189015,125.621666653951,0.0784543325526933,69.27710843373494,435481.2,1.2771136848157854,0.1509229098805644,6902.TW,2026-09-30,0.054588264016544,0.0351039542887556,bull,0.0462962962962962,0.0777777777777777,2026-03-31,2026-05-15,303108000.0,270006000.0,54853000.0,59461000.0,1440000.0,58021000.0,1.64,1078196000.0,463883000.0,1330963000.0,573834000.0,757129000.0,350032000.0,217790000.0,71245000.0,,0.0242175543633642,53524594.49050638,867080000.0,0.061729707167166,0.0766329119608415,0.0435932478964479,0.7579078334075171,0.8907914010847618,0.1809684996766829,0.191420219855629,0.2658403354325711,,,94.24551695550784,94.24551695550784,False,84.7791602248705,84.7791602248705,87.14574940752982,20.0,True,True,True,True,True,True,True,True,True,True,True,True,True,False,True,False,False,13,False,0.2198708522472987,0.2657052261374306,1.0,69241510.8,0.3592592592592593,2.0,1.0,,,,,,-0.0077133035322979,-0.0757854033896576,0.1513049124099472,-1.3575106165943611,0.3744318181818182,-1.3575106165943611,0.4347562272077214,-20.0,1.0,0.9886363636363636,0.4318181818181818,0.9147727272727272,0.8829545454545455,GOGOLOOK
135.5,135.5,131.5,135.0,25372.0,0.0112359550561798,135.0,0.2053571428571428,128.4550003051758,0.0864572056185493,117.73166681925456,0.6875,120.01884950002037,0.0440949360850467,63.50557581363904,46606.8,0.5443840812928585,0.0509516926493713,6924.TW,2026-09-30,0.054588264016544,0.0351039542887556,bull,0.062037037037037,0.1388888888888889,2026-03-31,2026-05-15,472287000.0,125017000.0,59395000.0,58845000.0,12219000.0,46626000.0,2.26,1163404000.0,693313000.0,1234297000.0,714916000.0,519381000.0,449993000.0,42370000.0,,,0.2076472087687993,47061794.03517717,540984000.0,0.0869929499489396,0.0897722481184332,0.0377753490448409,1.3764769985810033,0.2647055709769695,0.1257603956916027,0.0987238691727699,0.0634867021096932,,,72.40238100150462,72.40238100150462,True,81.12866792784868,81.12866792784868,78.94709619626266,143.0,True,True,True,True,True,True,True,True,True,True,True,True,False,True,True,True,False,13,False,0.1466753478251212,0.1248233136910474,1.0,6291918.0,0.6601851851851852,2.0,3.0,,,,,,0.0129582424487877,-0.0060756285584022,0.2772978283157542,-0.2127174813638193,0.7494318181818181,-0.2127174813638193,0.6827675679457134,-143.0,0.8977272727272727,0.9090909090909092,0.8068181818181818,0.884090909090909,0.8829545454545454,榮惠-KY創
39.29999923706055,39.29999923706055,37.650001525878906,38.09999847412109,39219.0,-0.0205656303438858,38.48999938964844,0.0424076407500684,37.95249996185303,0.120588190415326,36.85650571187337,-0.1231300850374583,36.80366956392924,0.0035034292408435,52.20124699742708,18316.95,2.1411315748528,0.0038863977976764,6887.TW,2026-09-30,0.054588264016544,0.0351039542887556,bull,0.2472222222222222,0.1175925925925926,2026-03-31,2026-05-15,858086000.0,204338000.0,-18684000.0,-26672000.0,19399000.0,-46071000.0,-0.62,3944924000.0,2061922000.0,5123155000.0,2160403000.0,2962752000.0,2103534000.0,392899000.0,,,0.0,-18684000.0,3061233000.0,-0.0061034230324839,-0.0155500696649601,-0.0089927007869174,0.7291879306806645,0.2381323084166389,-0.02177404129656,-0.0536904226382903,-0.397344649195627,,,17.65293207840805,17.65293207840805,False,65.6815629861372,65.6815629861372,53.67440525920491,900.0,True,False,True,True,True,True,True,True,False,True,True,True,True,True,False,False,False,12,False,0.0337387589580182,0.0352228167884205,1.0,697875.7670505523,0.925,1.0,3.0,,,,,,0.0230925869409944,-0.0172525499232472,0.1287990319688322,-1.933047713745396,0.4306818181818181,-1.933047713745396,0.3704386060673951,-900.0,0.2159090909090909,0.0681818181818181,0.375,0.2397727272727272,0.2034090909090909,寶綠特-KY
509.0,539.0,503.0,539.0,2151647.0,0.0325670498084291,513.3,0.4666666666666665,442.025,0.2534883720930232,401.875,0.4489247311827957,382.3,0.0878607026395126,76.84391080617496,1015037.85,2.1197702134949945,0.2193880436626887,7799.TW,2026-09-30,0.054588264016544,0.0351039542887556,bull,0.0111111111111111,0.0527777777777777,2026-03-31,2026-05-15,2885000.0,-17000.0,-88494000.0,-57578000.0,0.0,-57578000.0,-0.37,10455995000.0,34213000.0,11666612000.0,290333000.0,11376279000.0,2207595000.0,,,,-0.0,-88494000.0,11632399000.0,-0.0076075450988226,-0.0050612331149754,-0.0049352802681703,0.0255209106598036,-0.0058925476603119,,,11.59825327510917,,,33.33333333333333,33.33333333333333,False,84.0158037764306,84.0158037764306,71.34518616565629,624.0,True,True,True,True,True,True,True,False,True,True,True,False,True,False,False,False,False,11,False,0.3412130637636081,0.4098875228877845,1.0,547105401.15,0.1564814814814814,3.0,3.0,,,,,,-0.158498123713387,-0.2457595103213679,0.1563568718825825,-2.172682784744673,0.0823863636363636,-2.172682784744673,0.0962131287821111,-624.0,0.5113636363636364,0.75,0.0568181818181818,0.4431818181818182,0.4920454545454545,禾榮科
