Open,High,Low,Close,Volume,ret5,ma5,ret20,ma20,ret60,ma60,ret120,ma120,ma20_slope,rsi14,volume_ma20,volume_ratio,ma20_deviation,symbol,date,benchmark_ret20,benchmark_ret60,market_regime,rs20_rank_pct,rs60_rank_pct,period_date,as_of_date,revenue,gross_profit,operating_income,pretax_income,tax_expense,net_income_parent,eps,current_assets,current_liabilities,assets,liabilities,equity,cash,short_borrowings,long_borrowings,bonds_payable,tax_rate,nopat,invested_capital_proxy,roic_proxy,roe,roa,debt_to_equity,gross_margin,operating_margin,net_margin,revenue_growth,pe,pb,eva_like_score,fundamental_score,fundamental_pass,technical_score,score,final_score,fundamental_rank,pass_market,pass_score,pass_rs20,pass_rs60,pass_close_ma20,pass_ma20_ma60,pass_ma20_slope,pass_rsi,pass_ret20_benchmark,pass_ret60_benchmark,pass_ret5_cap,pass_ret20_cap,pass_volume_ratio,pass_ma20_deviation,pass_fundamental_score,pass_fundamental_filter,pass_fundamental_universe,entry_pass_count,entry_all_pass,close_ma60_ratio,close_ma120_ratio,above_ma120,turnover20,liquidity_rank,price_bucket,eva_rank_bucket,forward_60d_return,forward_60d_max_drawdown,reward_60,fwd60_rank_label,top_quantile_60,reg_forward60,reg_reward60,cls_topq60,rank_forward60,ensemble_score,ranker_score,stable_ensemble_score,fundamental_rank_score,fundamental_score_rank,final_score_rank,stable_ml_rank,fund_ml_85_15,fund_final_ml,name
63.20000076293945,63.29999923706055,60.0,60.400001525878906,75789031.0,0.14611006928778592,58.2,0.2351738167924997,51.31719436645508,0.2742615945466249,49.92406489054362,0.5487179878430488,47.89203252792358,0.03886860186567124,68.73891329769354,63178822.4,1.199595499266539,0.17699344774314207,1301.TW,2026-07-06,0.039366283380248834,0.36765632233887646,bull,0.07314814814814814,0.26135310472659873,2026-03-31,2026-05-15,41985122000.0,1555468000.0,-1301844000.0,3378716000.0,110089000.0,3268627000.0,0.51,175217601000.0,95826345000.0,593528010000.0,203311522000.0,390216488000.0,10197694000.0,31910508000.0,18393084000.0,43127284000.0,0.0325830877765399,-1259425902.676638,497701665000.0,-0.0025304836034186,0.008376445128582,0.0055071149885579,0.521022376686451,0.0370480762209051,-0.0310072696704323,0.0778520305359598,-0.110526237291801,,,17.23451320303393,17.23451320303393,False,79.33623121161892,79.33623121161892,63.81080170947268,908.0,True,True,True,True,True,True,True,True,True,False,False,True,True,False,False,False,False,11,False,0.2098374132455627,0.2611701432939293,1.0,3816000969.363232,0.05555555555555555,1.0,3.0,,,,,,-0.07980653552424663,-0.26462034578001065,0.17497411401885415,-1.685150580586066,0.21115702479338844,-1.685150580586066,0.2479765649074126,-908.0,0.10743801652892562,0.30578512396694213,0.14049586776859505,0.11239669421487604,0.17355371900826447,台塑
18.75,19.399999618530277,18.299999237060547,18.950000762939453,15453971.0,0.11470592723173256,17.83000030517578,0.14156628478713706,17.000000190734863,0.15548787827579869,16.264166673024494,0.19182397594869327,16.53708333969116,0.02317183770086451,73.91305970334915,5330113.25,2.8993701025020435,0.11470591472506908,1434.TW,2026-07-06,0.039366283380248834,0.36765632233887646,bull,0.13333333333333333,0.36793327154772937,2026-03-31,2026-05-15,6979321000.0,780112000.0,198663000.0,386155000.0,49552000.0,336603000.0,0.2,15272141000.0,6346633000.0,61146600000.0,15727850000.0,45418750000.0,3214804000.0,2317516000.0,8200000000.0,,0.1283215289197343,173170260.1002188,54799967000.0,0.0031600431456504,0.0074111022430163,0.0055048522730617,0.3462853997523049,0.1117747700671741,0.0284645168204758,0.0482286170818049,-0.0921530851652357,,,20.54681103606591,20.54681103606591,False,71.36049443839585,71.36049443839585,58.657073587813365,851.0,True,False,True,True,True,True,True,False,True,False,False,True,True,True,False,False,False,10,False,0.1651381312003919,0.14590949163671296,1.0,101005650.15405369,0.40925925925925927,0.0,3.0,,,,,,-0.06351518932601322,-0.1467419402245333,0.22524698113390745,-1.6156014461929271,0.4549586776859504,-1.6156014461929271,0.47870318565546677,-851.0,0.1322314049586777,0.12396694214876033,0.49586776859504134,0.18677685950413225,0.2024793388429752,福懋
10.0,10.0,9.149999618530272,9.149999618530272,15905127.0,0.12269939224614745,9.481999969482422,0.33576638626553,7.71049997806549,0.47106108153877324,6.739999977747599,0.5199334962658975,6.499749998251597,0.08728759897569204,72.83371897208657,7676265.6,2.07198758208679,0.186693423845381,1444.TW,2026-07-06,0.039366283380248834,0.36765632233887646,bull,0.04537037037037037,0.1464318813716404,2026-03-31,2026-05-15,2121686000.0,116113000.0,-14004000.0,72822000.0,9996000.0,71838000.0,0.07,6820119000.0,7923737000.0,20165805000.0,9203887000.0,10961918000.0,670143000.0,4936000000.0,843136000.0,,0.1372662107604844,-12081723.984510174,12242068000.0,-0.0009869022116614,0.0065534151961362,0.0035623670862631,0.8396237775177665,0.0547267597561561,-0.0066004111824275,0.0338589216311933,0.0980839687584587,,,21.371607472143435,21.371607472143435,False,81.04486200387463,81.04486200387463,66.12654837094182,834.0,True,True,True,True,True,True,True,False,True,True,False,True,True,False,False,False,False,11,False,0.35756671346281754,0.40774639347537667,1.0,70237827.31173705,0.4564814814814815,0.0,3.0,,,,,,-0.06152047885448651,-0.16413199662702652,0.21844238758863363,-1.414677963655533,0.48801652892561975,-1.414677963655533,0.5928533324111616,-834.0,0.14049586776859505,0.38016528925619836,0.6363636363636364,0.21487603305785125,0.3115702479338843,力麗
8.800000190734863,8.800000190734863,7.960000038146973,8.079999923706055,6043697.0,0.13802817355448993,7.777999973297119,0.08894876558299969,7.269000005722046,0.1542857033865792,7.10700003306071,0.26645764557546703,6.934083346525828,0.016216969719133955,68.19923245650094,1721082.65,3.5115669779135827,0.11156966808991631,1460.TW,2026-07-06,0.039366283380248834,0.36765632233887646,bull,0.20925925925925926,0.3697868396663577,2026-03-31,2026-05-15,1697865000.0,300172000.0,11835000.0,24263000.0,10993000.0,13270000.0,0.02,5454632000.0,3834200000.0,10871477000.0,5138162000.0,5733315000.0,702620000.0,2011000000.0,893750000.0,,0.4,7101000.0,7037277000.0,0.0010090550649064,0.0023145422848735,0.0012206253115377,0.8961939122479752,0.176793796915538,0.0069705188575063,0.0078156979500725,-0.2185341794209605,,,15.620627911520549,15.620627911520549,False,70.77587639749972,70.77587639749972,56.98706427600493,948.0,True,False,True,True,True,True,True,True,True,False,False,True,False,True,False,False,False,10,False,0.1369072584943145,0.16525855256042798,1.0,13906347.680691814,0.6703703703703704,0.0,3.0,,,,,,0.017296122906266687,-0.0638655532525593,0.2666921696513051,-1.5071396501213037,0.7855371900826447,-1.5071396501213037,0.8297842713567884,-948.0,0.09090909090909091,0.0743801652892562,0.9008264462809917,0.21239669421487603,0.24793388429752067,宏遠
178.0,182.0,177.5,178.5,7117407.0,0.017094017094017033,177.1,0.04692082111436946,174.55,0.18999999999999995,163.00833333333333,0.19397993311036799,161.4625,0.002009184845005871,63.492063492063494,9986838.5,0.7126786920605555,0.022629619020337888,1513.TW,2026-07-06,0.039366283380248834,0.36765632233887646,bull,0.31203703703703706,0.3262279888785913,2026-03-31,2026-05-15,6490639000.0,1685977000.0,1203389000.0,1218211000.0,257948000.0,956493000.0,1.94,23811521000.0,21444785000.0,48754126000.0,26877788000.0,21876338000.0,2658244000.0,1188636000.0,1600850000.0,0.0,0.2117432858511374,948579458.9828856,27309341000.0,0.034734615492292,0.0437227199543177,0.0196187087837447,1.2286237303519447,0.2597551643220336,0.1854037791964705,0.1473649974987054,0.0066661414113464,,,62.38485994052645,62.38485994052645,False,66.60003131632615,66.60003131632615,65.54623847237623,239.0,True,False,True,True,True,True,True,True,True,False,True,True,False,True,True,False,False,11,False,0.0950360411021931,0.10551985755206306,1.0,1782650672.25,0.1037037037037037,2.0,3.0,,,,,,-0.05670361848796684,-0.13887720850802918,0.2386932935633019,-0.9689502504391774,0.628512396694215,-0.9689502504391774,0.5340814151873157,-239.0,0.6528925619834711,0.34710743801652894,0.5702479338842975,0.640495867768595,0.5446280991735537,中興電
1435.0,1470.0,1385.0,1385.0,836637.0,0.022140221402213944,1385.0,0.04924242424242431,1345.75,0.28837209302325584,1366.5,0.489247311827957,1211.5166666666667,0.011081893313298272,60.273972602739725,754832.05,1.1083750352147872,0.0291658926249303,1590.TW,2026-07-06,0.039366283380248834,0.36765632233887646,bull,0.3037037037037037,0.24837812789620017,2026-03-31,2026-05-15,10013502000.0,4803572000.0,3324875000.0,3424107000.0,753181000.0,2670974000.0,13.35,29736697000.0,10608563000.0,61857103000.0,11001347000.0,50855756000.0,6148132000.0,266664000.0,,,0.2199642125669554,2593521488.741444,51248540000.0,0.050606739016203,0.0525205839040127,0.043179746067319,0.2163245198832556,0.4797094962381792,0.3320391806982212,0.2667372513632094,0.2368329227850061,,,92.8369943680382,92.8369943680382,False,62.20635492895101,62.20635492895101,69.86401478872281,23.0,True,False,True,True,True,False,True,True,True,False,True,True,True,True,True,False,False,11,False,0.01353823637028917,0.14319516859033454,1.0,1045442389.2500001,0.15462962962962962,3.0,1.0,,,,,,-0.04655319256178864,-0.13102985922751956,0.19640994099525003,-1.3740751712697103,0.5247933884297521,-1.3740751712697103,0.4000615227324353,-23.0,0.9586776859504132,0.5206611570247934,0.35537190082644626,0.8681818181818182,0.7066115702479339,亞德客-KY
64.19999694824219,64.19999694824219,60.400001525878906,61.70000076293945,15382559.0,0.14471241217526765,56.92000045776367,0.2566191991932423,50.85,0.6298474486041288,42.94890162150065,1.0024562898942055,39.1047873655955,0.06990690116000749,77.39463215140576,13553435.45,1.134956451207358,0.213372679703824,1708.TW,2026-07-06,0.039366283380248834,0.36765632233887646,bull,0.06666666666666667,0.10009267840593142,2026-03-31,2026-05-15,1553624000.0,474907000.0,259013000.0,341041000.0,63456000.0,277585000.0,1.11,3498403000.0,3484718000.0,12753792000.0,5350520000.0,7403272000.0,1675166000.0,1151880000.0,1099410000.0,,0.1860656050152327,210819589.4481896,9269074000.0,0.0227444067711822,0.0374949076570467,0.0217648994118768,0.7227236821772859,0.3056769205419072,0.1667153699994336,0.1786693562921273,0.0231199407842921,,,61.66803457963997,61.66803457963997,False,81.62232013324638,81.62232013324638,76.63374874484478,246.0,True,True,True,True,True,True,True,False,True,True,False,True,True,False,True,False,False,11,False,0.4365908890217536,0.5778119488567603,1.0,836246977.6054506,0.16944444444444445,1.0,3.0,,,,,,-0.06187437658159746,-0.1478234390612091,0.28097159019669027,-1.116306504749612,0.656198347107438,-1.116306504749612,0.7273787809695148,-246.0,0.628099173553719,0.7933884297520661,0.8512396694214877,0.6615702479338843,0.7223140495867768,東鹼
35.650001525878906,36.59999847412109,35.099998474121094,36.0,359933.0,0.055218837072446014,34.35599975585937,0.07302535972141233,34.05925779342651,0.1900826446280992,32.41141923268636,0.35338343923778903,30.79570959409078,0.009155486079240384,57.08730282176901,382305.0,0.9414812780371693,0.056981341705809374,1725.TW,2026-07-06,0.039366283380248834,0.36765632233887646,bull,0.24444444444444444,0.3253012048192771,2026-03-31,2026-05-15,2199773000.0,105909000.0,47412000.0,57337000.0,15741000.0,41596000.0,0.23,8253269000.0,2493582000.0,9302017000.0,2580906000.0,6721111000.0,696516000.0,1490591000.0,,,0.2745347681252943,34395757.57364354,6808435000.0,0.0050519330174472,0.0061888577647356,0.0044717183380765,0.3839999071582064,0.0481454222776622,0.0215531329823577,0.0189092238153664,0.0314086980169121,,,23.69650729024193,23.69650729024193,False,69.93514037918996,69.93514037918996,58.37548210695295,795.0,True,False,True,True,True,True,True,True,True,False,True,True,True,True,False,False,False,12,False,0.1107196430230557,0.16899400840264578,1.0,13762980.0,0.6722222222222223,1.0,3.0,,,,,,-0.036587225556001406,-0.11143088753793273,0.15607229945034698,-1.5523581238709874,0.49710743801652896,-1.5523581238709874,0.5220300311725443,-795.0,0.1652892561983471,0.09917355371900827,0.5454545454545454,0.22231404958677686,0.22148760330578512,元禎
20.299999237060547,20.350000381469727,19.899999618530277,20.149999618530277,271225.0,0.030690557794617268,20.310000228881837,0.12707402942400248,19.00340337753296,0.271293320729991,17.839397811889647,0.31699342270155006,16.643032224973044,0.03345680264046542,71.87496398892632,333444.0,0.8134049495567471,0.06033636281977239,1776.TW,2026-07-06,0.039366283380248834,0.36765632233887646,bull,0.15,0.2632066728452271,2026-03-31,2026-05-15,275332000.0,63545000.0,27030000.0,30085000.0,7189000.0,21331000.0,0.35,1060002000.0,332954000.0,1475161000.0,551103000.0,924058000.0,434102000.0,28822000.0,180000000.0,,0.238956290510221,20571011.46750873,1142207000.0,0.0180098804047854,0.0230840488367613,0.014460116556769,0.5963943821708161,0.2307940958551857,0.0981723882440108,0.0774737407929336,-0.0693086710204302,,,42.79632276689389,42.79632276689389,False,68.94786341385036,68.94786341385036,62.40997825211124,465.0,True,False,True,True,True,True,True,True,True,False,True,True,True,True,False,False,False,12,False,0.12952241050988023,0.2107168541255957,1.0,6718896.472801209,0.7564814814814815,0.0,3.0,,,,,,-0.011425843750747301,-0.05943825146769282,0.27240674456765274,-0.9474585639342581,0.8661157024793388,-0.9474585639342581,0.8462944710247614,-465.0,0.4132231404958678,0.2727272727272727,0.9338842975206612,0.49132231404958676,0.47520661157024796,展宇
23.850000381469727,24.700000762939453,23.600000381469727,23.899999618530277,6442646.0,0.11943790124115261,22.270000076293947,0.09132420250399154,22.15777587890625,0.2780747937666628,19.93509187698364,0.3815029290481715,19.01129590670268,0.01639888304451888,62.17366421454005,4383598.1,1.4697163957617374,0.0786280964815873,1904.TW,2026-07-06,0.039366283380248834,0.36765632233887646,bull,0.2064814814814815,0.25764596848934196,2026-03-31,2026-05-15,10422205000.0,2150150000.0,696170000.0,676222000.0,51875000.0,623134000.0,0.56,23384595000.0,24639229000.0,73010397000.0,42553667000.0,30456730000.0,6316415000.0,12166669000.0,15580624000.0,,0.0767129729585846,642764729.6154221,48371168000.0,0.0132881788096459,0.0204596488198174,0.0085348666163258,1.3971843661483028,0.2063047119107713,0.0667968054744653,0.0597890753444208,0.0134174531712039,,,33.04763840274124,33.04763840274124,False,81.52697966531316,81.52697966531316,69.40714434967019,632.0,True,True,True,True,True,True,True,True,True,False,False,True,True,True,False,False,False,12,False,0.1988908687260369,0.2571473157757762,1.0,104767992.91779004,0.40185185185185185,0.0,3.0,,,,,,-0.03390319161110677,-0.12183231467176973,0.21658006675273728,-1.60993050561657,0.5541322314049587,-1.60993050561657,0.5737083623194801,-632.0,0.2975206611570248,0.48760330578512395,0.628099173553719,0.34710743801652894,0.42066115702479334,正隆
17.200000762939453,17.700000762939453,16.75,16.850000381469727,8875507.0,-0.0058997272547841595,16.65,0.29118774982338747,15.492500066757202,0.16609000718918643,13.761666695276896,0.4525861920131091,13.169583336512249,0.06550894125091415,67.71299942146638,15758221.0,0.5632302656499106,0.08762306334439596,1905.TW,2026-07-06,0.039366283380248834,0.36765632233887646,bull,0.05555555555555555,0.35495829471733087,2026-03-31,2026-05-15,4394312000.0,230376000.0,-214982000.0,-176778000.0,107000.0,-176549000.0,-0.16,20547530000.0,17495767000.0,40929435000.0,22082543000.0,18846892000.0,1795072000.0,5407827000.0,2123138000.0,,0.0,-214982000.0,23433668000.0,-0.0091740652807746,-0.0093675392207903,-0.0043134971201043,1.1716808797970508,0.0524259542790771,-0.0489227892785036,-0.0401767102563495,-0.0901678225104326,,,10.02479533469592,10.02479533469592,False,74.30240966469263,74.30240966469263,58.233006082193455,1040.0,True,False,True,True,True,True,True,True,True,False,True,True,False,True,False,False,False,11,False,0.22441567250373606,0.27946343866124,1.0,265526029.86128426,0.3,0.0,3.0,,,,,,-0.08773790274855212,-0.2019152449375124,0.2107096574848364,-1.2042882346683104,0.4066115702479339,-1.2042882346683104,0.46554720547919254,-1040.0,0.024793388429752067,0.09090909090909091,0.45454545454545453,0.08925619834710743,0.1305785123966942,華紙
19.350000381469727,19.700000762939453,19.049999237060547,19.200000762939453,1202877.0,0.04347832396711082,18.670000076293945,0.06642838610900204,18.72156162261963,0.19254660298254822,17.531666723887124,0.29729733212835296,16.790000009536744,0.008840713762693823,55.44555876468698,1887664.65,0.6372302410812217,0.025555514543282865,2030.TW,2026-07-06,0.039366283380248834,0.36765632233887646,bull,0.2564814814814815,0.32344763670064874,2026-03-31,2026-05-15,2637279000.0,397354000.0,208556000.0,212139000.0,43592000.0,168547000.0,0.61,6688220000.0,4584464000.0,12076498000.0,7059382000.0,5017116000.0,1408221000.0,3147626000.0,2063078000.0,,0.2054879112280156,165700263.18592998,7492034000.0,0.0221168594784713,0.0335943996511143,0.0139566122563014,1.4070597530533475,0.1506681697309992,0.0790799911575529,0.0639094308944939,-0.0137930957114074,,,38.807934191914576,38.807934191914576,False,65.17738947740955,65.17738947740955,58.5850256560358,543.0,True,False,True,True,True,True,True,True,True,False,True,True,False,True,False,False,False,11,False,0.09516117693357717,0.1435378649216097,1.0,36243162.720173836,0.5462962962962963,0.0,3.0,,,,,,0.00018273609591621515,-0.06509555819802505,0.28751024208732273,0.09994404407680701,0.9202479338842975,0.09994404407680701,0.9312985942186229,-543.0,0.36363636363636365,0.11570247933884298,0.9752066115702479,0.4553719008264463,0.4115702479338843,彰源
8000.0,8000.0,7495.0,7785.0,466783.0,0.09493670886075956,7736.0,0.38523131672597866,7118.75,1.3770992366412216,5363.5,1.076,4333.333333333333,0.09262883235485975,63.24237560192617,636471.75,0.7333915448721801,0.09359086918349435,2059.TW,2026-07-06,0.039366283380248834,0.36765632233887646,bull,0.037037037037037035,0.026876737720111215,2026-03-31,2026-05-15,5449725000.0,4236615000.0,3654349000.0,4351760000.0,865950000.0,3485810000.0,36.58,34276607000.0,6265438000.0,39510069000.0,7981426000.0,31528643000.0,27231577000.0,,257007000.0,,0.1989884552456937,2927175737.561354,33244631000.0,0.088049578217949,0.1105601024439903,0.088225864652375,0.2531484149190943,0.7773997770529706,0.6705565877177289,0.6396304400680768,0.3782121233655666,,,100.0,100.0,True,88.524681097926,88.524681097926,91.3935108234445,1.0,True,True,True,True,True,True,True,True,True,True,True,True,False,True,True,True,True,14,False,0.45147757993847293,0.7965384615384616,1.0,4954932573.75,0.040740740740740744,3.0,0.0,,,,,,-0.11923046918470653,-0.22694356558229073,0.14592359266002347,-1.817644033302489,0.12851239669421488,-1.817644033302489,0.15162689949794822,-1.0,1.0,1.0,0.0743801652892562,0.8611570247933884,0.8148760330578513,川湖
49.95000076293945,50.400001525878906,46.04999923706055,46.34999847412109,2705553.0,0.020925042209539724,45.99000015258789,0.309321934357468,45.08499984741211,0.7103320229402657,36.53999980290731,0.2646656628757007,33.99041662216187,0.07569340769455947,54.10958772872726,4460447.85,0.6065653250491428,0.0280580820891716,2241.TW,2026-07-06,0.039366283380248834,0.36765632233887646,bull,0.05277777777777778,0.08433734939759036,2026-03-31,2026-05-15,218145000.0,24433000.0,-12795000.0,-10165000.0,484000.0,-15198000.0,-0.15,952113000.0,375178000.0,2376112000.0,856522000.0,1519590000.0,284149000.0,37000000.0,456985000.0,,0.0,-12795000.0,2000934000.0,-0.0063945137620731,-0.0100013819517106,-0.0063961631438248,0.5636533538651873,0.112003483921245,-0.0586536478030667,-0.0696692566870659,0.2386508815262753,,,25.4753354548809,25.4753354548809,False,75.99039280441039,75.99039280441039,63.36162846702802,760.0,True,True,True,True,True,True,True,True,True,True,True,True,False,True,False,False,False,13,False,0.2684728714868039,0.36361960458880427,1.0,206741751.04139668,0.3287037037037037,1.0,3.0,,,,,,-0.09012182727313196,-0.2435808481015048,0.2134864214157356,-1.5890170619871151,0.2611570247933884,-1.5890170619871151,0.2763011673906137,-760.0,0.19008264462809918,0.2975206611570248,0.1652892561983471,0.18636363636363637,0.21735537190082643,艾姆勒
57.900001525878906,60.0,57.29999923706055,58.900001525878906,146328.0,0.07090911865234384,56.64000015258789,0.02434785262398087,55.96000003814697,0.1995927363811032,55.5533332824707,0.20820515950520835,52.22208318710327,0.0006258388582382745,68.25398363192916,57518.7,2.5440074271497792,0.052537553354678135,2248.TW,2026-07-06,0.039366283380248834,0.36765632233887646,bull,0.39166666666666666,0.3169601482854495,2026-03-31,2026-05-15,593726000.0,189022000.0,97021000.0,105639000.0,16593000.0,89046000.0,1.87,2515725000.0,1373717000.0,3197393000.0,1407252000.0,1790141000.0,637484000.0,196733000.0,,,0.1570726720245364,81781652.28750746,1823676000.0,0.0448443979563845,0.04974245045502,0.0278495636914198,0.7861123788573079,0.3183657107824147,0.1634103946938487,0.1499782728059744,0.3030050981106484,,,82.72406063393525,82.72406063393525,False,61.64414392583232,61.64414392583232,66.91412310285806,69.0,True,False,True,True,True,True,True,True,False,False,True,True,True,True,True,False,False,11,False,0.06024243813402652,0.1278753724712538,1.0,3387851.5177665707,0.8435185185185186,1.0,2.0,,,,,,0.02411878068904954,-0.0192918289786341,0.33701074452538937,-0.6740479131181496,0.959504132231405,-0.6740479131181496,0.9248993746933232,-69.0,0.8925619834710744,0.39669421487603307,0.9669421487603306,0.9037190082644628,0.7586776859504133,華勝-KY
54.79999923706055,56.900001525878906,51.59999847412109,52.20000076293945,11282655.0,0.11408117096144954,51.50000076293945,0.5443787556570099,43.83547601699829,1.8760331603338303,30.92015857696533,1.9659090699735757,24.808829291661585,0.09793246421488154,72.81095265460907,10192162.9,1.1069931976852527,0.19081633202061288,2302.TW,2026-07-06,0.039366283380248834,0.36765632233887646,bull,0.022222222222222223,0.012048192771084338,2026-03-31,2026-05-15,216325000.0,70774000.0,16066000.0,58305000.0,16844000.0,41461000.0,0.25,1204494000.0,819815000.0,2680414000.0,894283000.0,1786131000.0,540705000.0,,,,0.2888946059514621,11424619.26078381,1860599000.0,0.0061402909819815,0.0232127430742761,0.0154681329078269,0.5006816409322721,0.3271651450364035,0.0742678839708771,0.1916606957124696,0.1180973350699827,,,48.29599018643512,48.29599018643512,False,84.92373849476667,84.92373849476667,75.76680141768378,394.0,True,True,True,True,True,True,True,False,True,True,False,False,True,False,False,False,False,10,False,0.6882190507854322,1.1040896428145532,1.0,532030911.15600324,0.23148148148148148,1.0,3.0,,,,,,-0.09767573476227384,-0.19298825005466588,0.24728592617614834,-1.4929968343179307,0.40537190082644625,-1.4929968343179307,0.43455882710498467,-394.0,0.48760330578512395,0.743801652892562,0.3884297520661157,0.4727272727272727,0.5446280991735537,麗正
1045.0,1055.0,985.0,1005.0,42190083.0,-0.033653846153846145,1077.0,0.316269339145006,986.1966033935547,2.5701598579040854,642.3027252197265,3.35064935064935,454.77636260986327,0.07906861208124388,54.81481481481482,58787469.95,0.7176713513250964,0.019066580174522896,2327.TW,2026-07-06,0.039366283380248834,0.36765632233887646,bull,0.05,0.005560704355885079,2026-03-31,2026-05-15,38165648000.0,14541815000.0,9612910000.0,10324689000.0,2287159000.0,8000823000.0,3.9,175966941000.0,150655819000.0,401694878000.0,232595483000.0,169099395000.0,86640739000.0,13141550000.0,57817960000.0,4994099000.0,0.2215232826867715,7483426620.627508,251039059000.0,0.0298098098775438,0.0473143206692135,0.0199176624801275,1.375495654493619,0.381018422640171,0.2518733600435658,0.2096341453445255,0.2270454683920995,,,74.6112580577189,74.6112580577189,False,78.07743608877402,78.07743608877402,77.21089158101024,124.0,True,True,True,True,True,True,True,True,True,True,True,True,False,True,True,False,False,13,False,0.5646827586730192,1.2098773872778308,1.0,59081407299.75,0.001851851851851852,3.0,3.0,,,,,,-0.13542491962858905,-0.2660176856728838,0.22537096142997481,-1.1495080122940682,0.33884297520661155,-1.1495080122940682,0.35350683728753507,-124.0,0.8181818181818182,0.8099173553719008,0.24793388429752067,0.7326446280991735,0.7016528925619836,國巨*
2465.0,2500.0,2455.0,2460.0,20752315.0,0.03797468354430378,2457.0,0.042944169319442116,2387.088024902344,0.25831202046035795,2271.834513346354,0.5922749029396963,2041.931620279948,0.008591720480936016,57.39130434782609,34431714.05,0.6027093211178663,0.030544317736518778,2330.TW,2026-07-06,0.039366283380248834,0.36765632233887646,bull,0.32222222222222224,0.2706209453197405,2026-03-31,2026-05-15,1134103440000.0,751295421000.0,658966142000.0,687799687000.0,114998383000.0,572479752000.0,22.08,4265512176000.0,1714253448000.0,8660949685000.0,2728560764000.0,5932388921000.0,3035637228000.0,,40991672000.0,860026070000.0,0.167197492487373,548788655423.5218,6946696237000.0,0.0789999500050863,0.096500711538565,0.0660989582922395,0.4599430010971123,0.6624575805889452,0.5810458894296273,0.5047861877572649,0.351323787607557,,,99.15374073493592,99.15374073493592,True,67.1035076759676,67.1035076759676,75.11606594070969,5.0,True,False,True,True,True,True,True,True,True,False,True,True,False,True,True,True,True,12,False,0.08282534909485251,0.20474161601098806,1.0,84702016563.0,0.000925925925925926,3.0,0.0,,,,,,-0.08555413339160949,-0.23126357462499927,0.14857163865618342,-1.6317997432914457,0.19008264462809918,-1.6317997432914457,0.23837853006693743,-5.0,0.9834710743801653,0.7024793388429752,0.12396694214876033,0.8545454545454546,0.7272727272727273,台積電
20.549999237060547,21.100000381469727,19.399999618530277,19.5,38075830.0,0.127167679766514,18.7,0.1963190743999399,17.510000038146973,0.2871287452805711,15.77000002861023,0.29568104670222284,15.67708330154419,0.028789662618659163,64.60905588822527,15105419.75,2.520673415910869,0.11364934080626199,2332.TW,2026-07-06,0.039366283380248834,0.36765632233887646,bull,0.09166666666666666,0.24930491195551435,2026-03-31,2026-05-15,3440889000.0,869521000.0,31548000.0,25642000.0,45353000.0,-29102000.0,-0.05,10255657000.0,3980490000.0,15469266000.0,4795742000.0,10673524000.0,3116133000.0,151000000.0,381849000.0,,0.4,18928800.0,11488776000.0,0.001647590657177,-0.0027265596629566,-0.001881278659246,0.4493119610730252,0.2527024266112623,0.0091685607992585,-0.0084576979960702,0.0312619414904058,,,25.00480773275497,25.00480773275497,False,81.4780935036059,81.4780935036059,67.35977206089316,769.0,True,True,True,True,True,True,True,True,True,False,False,True,True,True,False,False,False,12,False,0.2365250453153287,0.2438538231202263,1.0,294555685.125,0.28888888888888886,0.0,3.0,,,,,,-0.07079436627400738,-0.18675988578919034,0.2841214833687672,-1.4598099672506744,0.5413223140495868,-1.4598099672506744,0.535190778599391,-769.0,0.18181818181818182,0.4049586776859504,0.5785123966942148,0.24132231404958676,0.328099173553719,友訊
38.45000076293945,41.5,38.400001525878906,38.95000076293945,11878705.0,0.09103641262030049,37.68000030517578,0.09256659455301919,37.517499923706055,0.30704703893077867,36.81083319981893,0.4923371721708045,31.849999856948852,0.008941784862141292,54.67197316637043,12381794.2,0.9593686349592211,0.03818220409532813,2340.TW,2026-07-06,0.039366283380248834,0.36765632233887646,bull,0.20277777777777778,0.23354958294717332,2026-03-31,2026-05-15,954029000.0,-37817000.0,-255186000.0,-223331000.0,14681000.0,-215090000.0,-0.49,5468504000.0,4374534000.0,14636848000.0,7853545000.0,6783303000.0,2380873000.0,1369339000.0,3251596000.0,,0.0,-255186000.0,10262314000.0,-0.0248663215723081,-0.0317087413019881,-0.0146951037545788,1.1577759389489162,-0.0396392562490238,-0.2674824350203191,-0.2254543624984146,-0.0130492849997362,,,12.85259993281939,12.85259993281939,False,69.22863650800961,69.22863650800961,55.13462736421206,996.0,True,False,True,True,True,True,True,True,True,False,True,True,True,True,False,False,False,12,False,0.058112446178779864,0.2229199666524193,1.0,482270893.5365593,0.24166666666666667,1.0,3.0,,,,,,-0.12538826328451824,-0.26331572302141115,0.1671487701285183,-1.8587040915377644,0.1103305785123967,-1.8587040915377644,0.17451257299373105,-996.0,0.05785123966942149,0.06611570247933884,0.08264462809917356,0.0615702479338843,0.0652892561983471,台亞
191.0,200.0,183.0,183.0,163235927.0,-0.09852216748768472,189.7,0.12962962962962954,190.375,1.010989010989011,142.00833333333333,1.2270958116774322,124.3188336054484,0.020640664790242565,47.32142857142857,228931809.65,0.7130329649233172,-0.03873933026920551,2344.TW,2026-07-06,0.039366283380248834,0.36765632233887646,bull,0.14444444444444443,0.05282669138090825,2026-03-31,2026-05-15,38253064000.0,20415002000.0,12550494000.0,12688424000.0,2570746000.0,10114310000.0,2.25,110641935000.0,75046248000.0,229813688000.0,106920169000.0,122893519000.0,25520648000.0,5251103000.0,22148521000.0,4892959000.0,0.202605619106045,10007693393.043297,154767440000.0,0.0646627830313875,0.082301410866101,0.0440109120045103,0.870022844736019,0.5336827920503309,0.3280912085891995,0.2644052251605257,0.913359516665577,,,96.98400611250784,96.98400611250784,True,69.34599938214396,69.34599938214396,76.25550106473493,11.0,True,False,True,True,False,True,True,False,True,True,True,True,False,True,True,True,True,11,False,0.2886567689689572,0.4720215328016062,1.0,41894521165.950005,0.005555555555555556,2.0,0.0,,,,,,-0.1074405318422733,-0.22411085369402794,0.2025280159059006,-1.7798882054307823,0.19628099173553717,-1.7798882054307823,0.20835048294992267,-11.0,0.9752066115702479,0.7603305785123967,0.10743801652892562,0.8450413223140495,0.737190082644628,華邦電
2825.0,2825.0,2600.0,2645.0,2277443.0,0.13034188034188032,2657.0,0.06224899598393585,2477.0,0.5650887573964498,2387.3333333333335,1.2320675105485233,1876.625,0.015684264479753973,59.64125560538117,3340475.45,0.6817721112124921,0.06782398062171979,2345.TW,2026-07-06,0.039366283380248834,0.36765632233887646,bull,0.2712962962962963,0.11677479147358666,2026-03-31,2026-05-15,70120741000.0,13708805000.0,10048687000.0,10361703000.0,2028594000.0,8341044000.0,14.92,143785613000.0,93448561000.0,164483519000.0,99078985000.0,65404534000.0,25097469000.0,580523000.0,2402068000.0,,0.195778049226078,8081374661.85655,71034958000.0,0.1137661637226075,0.1275300577785632,0.0507105152583706,1.5148641682853363,0.195502854141259,0.1433054878869577,0.118952593498691,0.640229727043816,,,78.68494419785428,78.68494419785428,True,78.08402371539384,78.08402371539384,78.23425383600895,93.0,True,True,True,True,True,True,True,True,True,True,False,True,False,True,True,True,False,12,False,0.10793074560178706,0.4094451475387997,1.0,8835557565.25,0.026851851851851852,3.0,2.0,,,,,,-0.048139572252111275,-0.16250098863170545,0.3186718049958943,-0.8037071208839508,0.7128099173553719,-0.8037071208839508,0.7075472654542931,-93.0,0.859504132231405,0.8677685950413223,0.8347107438016529,0.8557851239669422,0.8570247933884299,智邦
95.0,96.1999969482422,92.9000015258789,93.8000030517578,9135208.0,0.02513664537440219,93.26000061035157,0.062287653566400314,91.97500038146973,0.15659685347206587,86.69833348592122,0.6200345523278281,78.34500001271566,0.0104366931724111,57.0776365469444,9135232.3,0.9999973399691214,0.01984237741471917,2347.TW,2026-07-06,0.039366283380248834,0.36765632233887646,bull,0.27037037037037037,0.366079703429101,2026-03-31,2026-05-15,126357648000.0,5428837000.0,3373256000.0,3875913000.0,784782000.0,2954386000.0,1.77,208416617000.0,157729943000.0,249263901000.0,167490035000.0,81773866000.0,15304988000.0,56810338000.0,2500000000.0,,0.2024766809781334,2690250321.030425,91533958000.0,0.0293907351961162,0.036128730907745,0.0118524422836502,2.048209815590717,0.042964055487959,0.0266960967807821,0.0233811411241209,0.3825024363831348,,,42.4453478070041,42.4453478070041,False,65.03224613988174,65.03224613988174,59.385521556662326,475.0,True,False,True,True,True,True,True,True,True,False,True,True,True,True,False,False,False,12,False,0.08191241146509243,0.1972685306852222,1.0,856884817.6185164,0.16666666666666666,1.0,3.0,,,,,,-0.024893170902803255,-0.13828545978904486,0.303560999777557,-0.5641249191541973,0.8210743801652892,-0.5641249191541973,0.8308437634511231,-475.0,0.4049586776859504,0.14049586776859505,0.9090909090909091,0.4805785123966942,0.42644628099173554,聯強
33.0,35.400001525878906,32.95000076293945,35.400001525878906,51631291.0,0.141935533092868,33.18999977111817,0.13826370069664828,31.24749994277954,0.4537988078562083,28.088333384195966,0.5063830436544214,26.35333334604899,0.0061176806252549116,63.6666742960612,17583616.45,2.9363294602573067,0.13289068215708233,2352.TW,2026-07-06,0.039366283380248834,0.36765632233887646,bull,0.13703703703703704,0.1566265060240964,2026-03-31,2026-05-15,51541496000.0,8592872000.0,692353000.0,694389000.0,319139000.0,317514000.0,0.2,124175179000.0,108440981000.0,212242628000.0,151802424000.0,60440204000.0,22472608000.0,44759544000.0,32099394000.0,3962934000.0,0.4,415411800.0,103801647000.0,0.004001976962851,0.0052533575167946,0.0014959954227479,2.511613362522734,0.1667175512328939,0.013432924026885,0.0061603566958941,0.0360722174845842,,,13.246699508454135,13.246699508454135,False,84.01025479821848,84.01025479821848,66.3193659757774,991.0,True,True,True,True,True,True,True,True,True,True,False,True,True,True,False,False,False,13,False,0.26030978918090186,0.3432836393422023,1.0,622460049.1604694,0.21203703703703702,1.0,3.0,,,,,,-0.08198468054954765,-0.18612680666553175,0.31668768683998605,-1.487178106944002,0.5289256198347108,-1.487178106944002,0.49913189625759263,-991.0,0.06611570247933884,0.3884297520661157,0.5206611570247934,0.13429752066115702,0.2537190082644628,佳世達
71.5,72.19999694824219,68.0,68.30000305175781,20101965.0,-0.005822327718380094,70.5,0.09280004882812509,64.88499946594239,0.4485684165730184,60.84833316802978,0.4656653495318812,55.8487499554952,0.021730571351130226,58.0645223668321,24066025.15,0.8352839687778686,0.05263163464473686,2363.TW,2026-07-06,0.039366283380248834,0.36765632233887646,bull,0.20185185185185187,0.15940685820203893,2026-03-31,2026-05-15,1050018000.0,302351000.0,75564000.0,111759000.0,24013000.0,87795000.0,0.17,4049792000.0,1358822000.0,22546270000.0,2069457000.0,20476813000.0,2058963000.0,0.0,578625000.0,,0.214864127273866,59328007.08667759,21187448000.0,0.0028001487997364,0.0042875324397405,0.0038939922213297,0.101063432087796,0.2879483970750978,0.0719644806089038,0.0836128523511025,1.2355886842828037,,,43.98692279077254,43.98692279077254,False,76.08360072849054,76.08360072849054,68.05943124406105,450.0,True,True,True,True,True,True,True,True,True,True,True,True,True,True,False,False,False,14,False,0.12246300754287875,0.22294595861473665,1.0,1643709591.1886802,0.11481481481481481,1.0,3.0,,,,,,-0.07746867496693909,-0.22796915502176027,0.2358861018438194,-1.6539353481764645,0.337603305785124,-1.6539353481764645,0.37506837704067275,-450.0,0.4297520661157025,0.4462809917355372,0.30578512396694213,0.41115702479338845,0.4099173553719008,矽統
41.5,43.20000076293945,41.5,43.20000076293945,30478040.0,0.12941178465201175,40.0,0.23782231731153258,37.6375,0.41871920133144824,34.17583344777425,0.9030836700881868,31.115416685740158,0.024498123296154976,64.4660144697699,25981528.5,1.173065703197562,0.14779145168885943,2369.TW,2026-07-06,0.039366283380248834,0.36765632233887646,bull,0.07222222222222222,0.1705282669138091,2026-03-31,2026-05-15,1689388000.0,122483000.0,26360000.0,41085000.0,6924000.0,35715000.0,0.1,3843835000.0,1552915000.0,7605865000.0,2586551000.0,5019314000.0,1316036000.0,94202000.0,856519000.0,,0.1685286600949251,21917584.519897774,6052950000.0,0.0036209756432644,0.0071155141917799,0.0046957183699684,0.5153196233588893,0.0725014028748872,0.0156032835559386,0.0211407918133667,0.3962553576948315,,,32.23206079275766,32.23206079275766,False,86.1612136651679,86.1612136651679,72.67892544706534,645.0,True,True,True,True,True,True,True,True,True,True,False,True,True,True,False,False,False,13,False,0.2640511263304073,0.38837931046372653,1.0,1122402051.0223331,0.15092592592592594,1.0,3.0,,,,,,-0.1248576453910118,-0.27397069861413376,0.16951202089554332,-1.6137436511805434,0.14958677685950414,-1.6137436511805434,0.17810285854766922,-645.0,0.2727272727272727,0.6446280991735537,0.09090909090909091,0.24545454545454543,0.34793388429752065,菱生
220.0,227.5,203.0,208.5,14555190.0,0.08311688311688314,217.1,0.33653846153846145,195.75,1.6765082916042675,137.04833335876464,1.291208791208791,112.49750010172527,0.0837370242214533,55.9748427672956,17924900.7,0.812009519249387,0.06513409961685834,2375.TW,2026-07-06,0.039366283380248834,0.36765632233887646,bull,0.044444444444444446,0.016682113067655237,2026-03-31,2026-05-15,1440450000.0,244336000.0,86500000.0,130166000.0,44907000.0,85259000.0,0.78,7658800000.0,4373826000.0,15017588000.0,5006059000.0,10011529000.0,2393740000.0,2342800000.0,0.0,,0.3449979257256119,56657679.42473457,10643762000.0,0.0053230877789952,0.008516081809282,0.0056772765373507,0.5000294160861942,0.1696247700371411,0.0600506786073796,0.0591891422819257,0.11276428586327,,,32.971831407230354,32.971831407230354,False,83.09394743837524,83.09394743837524,70.56341843058902,634.0,True,True,True,True,True,True,True,True,True,True,True,True,True,True,False,False,False,14,False,0.5213610767099914,0.8533745177578611,1.0,3737341795.95,0.05648148148148148,2.0,3.0,,,,,,-0.07977265035763723,-0.232328129719842,0.2216277762053616,-1.738900541005092,0.2859504132231405,-1.738900541005092,0.26955685057984113,-634.0,0.2892561983471074,0.5619834710743802,0.1487603305785124,0.2681818181818182,0.3429752066115702,凱美
793.0,807.0,769.0,769.0,3158471.0,-0.017879948914431676,799.6,0.19595645412130636,747.1,0.501953125,625.5833333333334,0.572597137014315,558.6041666666666,0.05829024718464477,61.30653266331658,6021379.6,0.5245427476454068,0.029313344933743712,2379.TW,2026-07-06,0.039366283380248834,0.36765632233887646,bull,0.09351851851851851,0.13623725671918444,2026-03-31,2026-05-15,36422566000.0,18086981000.0,4331688000.0,4977325000.0,647630000.0,4329661000.0,8.44,108499843000.0,94606737000.0,143076312000.0,97865250000.0,45211062000.0,10988581000.0,9771140000.0,,,0.1301160764065035,3768065753.2228656,48469575000.0,0.0777408457413308,0.0957655230483194,0.0302612007499885,2.16463063840438,0.4965872256227087,0.1189286883301961,0.1188730360183848,0.0399792749759324,,,74.41354387638152,74.41354387638152,False,80.89069992281394,80.89069992281394,79.27141091120583,127.0,True,True,True,True,True,True,True,True,True,True,True,True,False,True,True,False,False,13,False,0.22925269748234967,0.3766456569574461,1.0,4630440912.4,0.04722222222222222,3.0,3.0,,,,,,-0.02430281095377471,-0.11888107475210992,0.3240180379850933,-0.8678614177333669,0.8446280991735537,-0.8678614177333669,0.8516876477159139,-127.0,0.8099173553719008,0.9090909090909091,0.9421487603305785,0.8297520661157024,0.8661157024793388,瑞昱
6225.0,6250.0,5475.0,5475.0,3508814.0,0.004587155963302836,5627.0,0.12077789150460583,5360.75,0.7003105590062111,4830.333333333333,2.3282674772036476,3517.5416666666665,0.03534353725073632,57.235772357723576,1970127.8,1.781008318343612,0.021312316373641726,2383.TW,2026-07-06,0.039366283380248834,0.36765632233887646,bull,0.15648148148148147,0.08619091751621873,2026-03-31,2026-05-15,33067261000.0,9729153000.0,7128470000.0,7194158000.0,1855381000.0,5339793000.0,14.9,90741002000.0,68350963000.0,130976723000.0,83055788000.0,47920935000.0,22134504000.0,12291308000.0,10978888000.0,0.0,0.2579010636130038,5290030005.06661,62625760000.0,0.0844705118958494,0.1114292323386428,0.0407690227522336,1.733183795349569,0.2942231290338803,0.2155748551414645,0.1614827729457241,0.5252381635035763,,,86.0587773245522,86.0587773245522,True,79.23593117117188,79.23593117117188,80.94164270951696,55.0,True,True,True,True,True,True,True,True,True,True,True,True,True,True,True,True,False,14,False,0.1334621489200194,0.5564847609007237,1.0,10786449705.0,0.022222222222222223,3.0,2.0,,,,,,-0.095882615948504,-0.21180929556110045,0.2844360098564248,-0.9543690749899588,0.5247933884297521,-0.9543690749899588,0.5617539732809297,-55.0,0.9090909090909091,0.9504132231404959,0.6115702479338843,0.8644628099173554,0.8619834710743801,台光電
14.100000381469728,14.25,13.350000381469728,13.449999809265137,5126372.0,0.135021044412571,12.619999885559082,0.11157019712683924,12.205000019073486,0.3186274569385652,10.935166692733764,0.3682604184796663,10.61375002861023,0.008677679576734466,63.85541836432199,1484669.65,3.452870475260271,0.10200735667726457,2390.TW,2026-07-06,0.039366283380248834,0.36765632233887646,bull,0.1675925925925926,0.22242817423540315,2026-03-31,2026-05-15,148356000.0,34460000.0,-10060000.0,106739000.0,2535000.0,104204000.0,0.54,1736331000.0,343966000.0,2788406000.0,357128000.0,2431278000.0,330191000.0,179250000.0,,,0.023749519856847,-9821079.83024012,2444440000.0,-0.004017721780956,0.0428597634659631,0.0373704546611935,0.1468890024094324,0.2322791124052953,-0.0678098627625441,0.702391544662838,-0.2235881494041731,,,41.62410520689323,41.62410520689323,False,79.73944385130697,79.73944385130697,70.21060919020354,488.0,True,True,True,True,True,True,True,True,True,False,False,True,False,True,False,False,False,11,False,0.22997666036517184,0.2672240982696561,1.0,19968806.509321734,0.6259259259259259,0.0,3.0,,,,,,-0.011055160391314503,-0.09113987460642217,0.13248461803125,-1.2250419171872882,0.6384297520661157,-1.2250419171872882,0.6525534466151088,-488.0,0.38016528925619836,0.5371900826446281,0.71900826446281,0.4309917355371901,0.4950413223140496,云辰
523.0,528.0,506.0,515.0,1518865.0,0.08994708994709,508.2,0.03830645161290325,486.0,0.4798850574712643,449.0416666666667,0.7881944444444444,381.48333333333335,-0.0022582631903100446,59.803921568627445,2578210.7,0.5891159322238481,0.05967078189300401,2395.TW,2026-07-06,0.039366283380248834,0.36765632233887646,bull,0.3435185185185185,0.14365152919369786,2026-03-31,2026-05-15,20385264000.0,7979823000.0,3728486000.0,4068287000.0,750007000.0,3334165000.0,3.85,49300373000.0,29811036000.0,83769137000.0,34044129000.0,49725008000.0,10001958000.0,,43915000.0,,0.184354496130681,3041122842.1397014,53958101000.0,0.0563608204473263,0.0670520756879516,0.0398018305954375,0.6846480346468723,0.3914505595806853,0.182901040673302,0.1635576071028562,0.1748587968840969,,,87.43653384699755,87.43653384699755,False,64.74674533749393,64.74674533749393,70.41919246486984,49.0,True,False,True,True,True,True,False,True,False,True,True,True,False,True,True,False,False,10,False,0.14688688874454847,0.3499934466337542,1.0,1327778510.5,0.13425925925925927,3.0,2.0,,,,,,-0.08323751439818153,-0.21406118377460864,0.2709981504800662,-1.5612717696827454,0.41363636363636364,-1.5612717696827454,0.36757802751365454,-49.0,0.9338842975206612,0.5454545454545454,0.2727272727272727,0.8347107438016529,0.6851239669421487,研華
50.20000076293945,55.0,49.95000076293945,55.0,22966112.0,0.1482254331512951,50.95999984741211,0.1282051282051282,49.562500190734866,0.5514809257070237,45.54083353678386,1.1032505086931694,36.16541673342387,0.005375525343529969,60.38575996830518,12639136.35,1.8170633945253705,0.10970995789840332,2399.TW,2026-07-06,0.039366283380248834,0.36765632233887646,bull,0.14814814814814814,0.12326227988878591,2026-03-31,2026-05-15,434635000.0,71576000.0,-38003000.0,293376000.0,30236000.0,263140000.0,1.48,2477133000.0,591690000.0,3098844000.0,636030000.0,2462814000.0,675875000.0,60000000.0,,,0.1030622818499127,-34086324.10285777,2507154000.0,-0.0135956244023533,0.1068452591222885,0.0849155362451288,0.2582533638350277,0.1646807091007397,-0.0874365847205126,0.60542754265073,-0.1279866459882791,,,45.4971718000302,45.4971718000302,False,89.1251445047194,89.1251445047194,78.2181513285471,427.0,True,True,True,True,True,True,True,True,True,True,False,True,True,True,False,False,False,13,False,0.2077073634494604,0.5207898862442617,1.0,695152499.25,0.19166666666666668,1.0,3.0,,,,,,-0.19283116939176223,-0.31479477998511046,0.07997955545630869,-1.6654028866381185,0.060743801652892566,-1.6654028866381185,0.09182666069019829,-427.0,0.4462809917355372,0.859504132231405,0.04132231404958678,0.3855371900826446,0.48925619834710743,映泰
33.79999923706055,34.400001525878906,32.599998474121094,32.70000076293945,9281537.0,0.04140131083447529,32.68000030517578,0.1912568252853415,31.107500076293945,0.6309227933782942,27.609166685740156,0.6432161502400331,24.46208337148031,0.033128529952946566,53.822629434293304,16766502.45,0.5535762170839632,0.0511934640437115,2401.TW,2026-07-06,0.039366283380248834,0.36765632233887646,bull,0.09722222222222222,0.09916589434661724,2026-03-31,2026-05-15,1739082000.0,864981000.0,136169000.0,147902000.0,55276000.0,-13071000.0,-0.02,8420093000.0,2112087000.0,13991066000.0,3521723000.0,10469343000.0,4482097000.0,135979000.0,837500000.0,,0.3737339589728333,85278020.54062825,11878979000.0,0.0071789015319101,-0.0012485024131886,-0.0009342390351099,0.3363843366293377,0.4973779269752663,0.0782993556370545,-0.0075160343215558,0.1277895912328384,,,43.7050877891644,43.7050877891644,False,75.89545179419197,75.89545179419197,67.84786079293508,454.0,True,True,True,True,True,True,True,True,True,True,True,True,False,True,False,False,False,13,False,0.18438926951854206,0.33676270603604874,1.0,548264642.9068261,0.225,1.0,3.0,,,,,,-0.09294560279135398,-0.22708051703220358,0.21878955378373988,-1.5715256092223935,0.3,-1.5715256092223935,0.31904252664450067,-454.0,0.4214876033057851,0.4297520661157025,0.21487603305785125,0.390495867768595,0.38264462809917354,凌陽
41.04999923706055,41.900001525878906,39.0,41.45000076293945,30096794.0,0.09078949376156453,41.27000045776367,0.19624816558757896,37.19249992370605,0.3117088690684249,34.339166736602785,0.6415841886312654,32.80041675567627,0.03262303054040222,57.30593857849037,36612527.6,0.8220354062635107,0.11447202656360611,2406.TW,2026-07-06,0.039366283380248834,0.36765632233887646,bull,0.09259259259259259,0.22984244670991658,2026-03-31,2026-05-15,2717146000.0,521332000.0,279611000.0,334067000.0,42064000.0,94705000.0,0.27,6714512000.0,3389608000.0,16923961000.0,8268290000.0,8655671000.0,1330157000.0,1538676000.0,2398993000.0,1947689000.0,0.1259148613900804,244403819.6918582,13534353000.0,0.0180580349642024,0.0109413816675795,0.0055959122099135,0.9552454107832888,0.1918674962626226,0.1029061375428482,0.0348545863932228,1.6828458162393796,,,46.5019040033972,46.5019040033972,False,81.91098391087523,81.91098391087523,73.05871393400572,409.0,True,True,True,True,True,True,True,True,True,False,True,True,True,True,False,False,False,13,False,0.2070764873498545,0.2637034788823631,1.0,1517589296.953142,0.12777777777777777,1.0,3.0,,,,,,-0.10132387307548286,-0.2148372536218211,0.2535518650642639,-1.532045876096283,0.3648760330578512,-1.532045876096283,0.30042118107837545,-409.0,0.4793388429752066,0.6694214876033058,0.19834710743801653,0.4371900826446281,0.4801652892561984,國碩
428.0,443.0,420.5,420.5,61838937.0,-0.07174392935982343,422.1,0.16805555555555562,417.95,1.051219512195122,325.98333333333335,1.178756476683938,288.51666666666665,0.01864489398001457,54.22297297297297,107762201.7,0.5738462654294488,0.006101208278502135,2408.TW,2026-07-06,0.039366283380248834,0.36765632233887646,bull,0.10925925925925926,0.047265987025023166,2026-03-31,2026-05-15,49086932000.0,33325482000.0,30111283000.0,31718134000.0,5659880000.0,26059487000.0,8.41,141606845000.0,25207062000.0,240968098000.0,47930660000.0,193037438000.0,86281008000.0,0.0,13800000000.0,3996400000.0,0.1784430319892084,24738134364.394894,215761036000.0,0.1146552446308929,0.1349970620724877,0.1081449669740099,0.2482972240856201,0.6789074126694249,0.6134276837672398,0.5308844113541258,5.829068133568171,,,100.0,100.0,True,73.51897653977512,73.51897653977512,80.13923240483135,2.0,True,False,True,True,True,True,True,True,True,True,True,True,False,True,True,True,True,13,False,0.289943248632343,0.4574547975275838,1.0,45314005814.85,0.004629629629629629,2.0,0.0,,,,,,-0.15301819280004403,-0.27831417599909325,0.1739335549522286,-1.7419933267901402,0.10578512396694216,-1.7419933267901402,0.1472773237447899,-2.0,0.9917355371900827,0.9256198347107438,0.06611570247933884,0.8528925619834711,0.7867768595041322,南亞科
30.399999618530277,32.0,30.149999618530277,31.700000762939453,409751989.0,0.03594772443649541,31.110000228881837,0.1697417091040001,27.77000007629395,0.6906667073567709,22.784166717529295,1.587755164321588,19.121250041325887,0.03832492413903253,67.0403558102488,484126044.2,0.8463746041118273,0.14151964983249576,2409.TW,2026-07-06,0.039366283380248834,0.36765632233887646,bull,0.10555555555555556,0.09082483781278962,2026-03-31,2026-05-15,69031355000.0,8183487000.0,-635608000.0,-501422000.0,538028000.0,-1143537000.0,-0.15,139726713000.0,124948160000.0,376390658000.0,214627241000.0,161763417000.0,53064131000.0,12198589000.0,72270609000.0,,0.0,-635608000.0,251442498000.0,-0.0025278463468017,-0.0070691941429501,-0.0030381652033457,1.3267971521645094,0.118547390529999,-0.0092075260582672,-0.0165654723132698,-0.0425858019689946,,,11.660468541521832,11.660468541521832,False,82.8512059321816,82.8512059321816,65.05352158451666,1019.0,True,True,True,True,True,True,True,True,True,True,True,True,True,True,False,False,False,14,False,0.39131709998200837,0.6578414431288586,1.0,15346795970.49886,0.013888888888888888,1.0,3.0,,,,,,-0.17749521654514971,-0.350184743045731,0.20365920611613683,-1.725014880546677,0.1115702479338843,-1.725014880546677,0.13062939820316316,-1019.0,0.049586776859504134,0.33884297520661155,0.05785123966942149,0.050826446280991734,0.13801652892561986,友達
79.0,84.19999694824219,78.19999694824219,79.19999694824219,18558230.0,0.025906736775402672,76.23999938964843,0.1511626952786691,76.2400001525879,0.8440767822483772,68.48840961456298,3.610192057990999,46.42912510236104,0.011610158725267541,53.583057275137854,20709707.1,0.8961126253688059,0.03882472179604024,2426.TW,2026-07-06,0.039366283380248834,0.36765632233887646,bull,0.12777777777777777,0.07043558850787766,2026-03-31,2026-05-15,545147000.0,107038000.0,16725000.0,17730000.0,1096000.0,16634000.0,0.06,2649632000.0,798477000.0,4627612000.0,866690000.0,3760922000.0,615916000.0,52733000.0,0.0,,0.0618161308516638,15691125.211505923,3829135000.0,0.0040978250209266,0.004422851630531,0.0035945105164391,0.2304461512363191,0.1963470403395781,0.0306797982929375,0.0305128708403421,-0.0985551006369594,,,23.08242867683808,23.08242867683808,False,74.40012296490403,74.40012296490403,61.57069939288754,807.0,True,False,True,True,True,True,True,True,True,True,True,True,True,True,False,False,False,13,False,0.15640000102150942,0.7058257456635697,1.0,1640208739.1189897,0.11666666666666667,1.0,3.0,,,,,,-0.15612699279829167,-0.26958555601238454,0.1668239686555048,-1.50188524535878,0.15495867768595042,-1.50188524535878,0.18704112588212557,-807.0,0.15702479338842976,0.2231404958677686,0.09917355371900827,0.14834710743801652,0.1652892561983471,鼎元
76.4000015258789,79.30000305175781,76.19999694824219,77.69999694824219,8570191.0,0.11728964590707935,74.3,0.08823522811942586,71.03856735229492,0.26341458452426325,71.99785601298014,0.6306399676827503,63.953928025563556,0.0036025245706826784,63.99920109539647,5184979.9,1.6528879890161192,0.09377201489596287,2436.TW,2026-07-06,0.039366283380248834,0.36765632233887646,bull,0.21296296296296297,0.26876737720111216,2026-03-31,2026-05-15,1047731000.0,351386000.0,143273000.0,175219000.0,37758000.0,137922000.0,0.7,4987637000.0,1886160000.0,6389164000.0,2035867000.0,4353297000.0,1412266000.0,0.0,,,0.2154903292451161,112399054.05806448,4503004000.0,0.0249609047778026,0.0316821939784949,0.0215868617553094,0.4676609475530844,0.3353780693708595,0.1367459777366518,0.1316387507862228,0.3174001825721551,,,71.40875700399049,71.40875700399049,False,70.93308235239425,70.93308235239425,71.05200101529331,157.0,True,False,True,True,True,False,True,True,True,False,False,True,True,True,True,False,False,10,False,0.07919876022744399,0.21493705464321256,1.0,402872922.4066971,0.25925925925925924,1.0,3.0,,,,,,-0.04679196651314064,-0.1885019094573007,0.26141317716467,-1.1938916068572307,0.5983471074380166,-1.1938916068572307,0.49055081401605233,-157.0,0.7520661157024794,0.5785123966942148,0.5041322314049587,0.7148760330578512,0.650413223140496,偉詮電
156.0,156.0,144.0,145.0,34889236.0,0.12403100775193798,140.7,0.102661596958175,132.75,0.5425531914893618,114.28833363850912,0.6292134831460674,102.7900001525879,0.010273972602739682,66.07142857142857,10749592.1,3.2456334785019427,0.09227871939736354,2441.TW,2026-07-06,0.039366283380248834,0.36765632233887646,bull,0.1787037037037037,0.12696941612604262,2026-03-31,2026-05-15,4722344000.0,1115834000.0,923616000.0,1008584000.0,210655000.0,797945000.0,1.4,12295231000.0,3780793000.0,29303556000.0,4066699000.0,25236857000.0,6332374000.0,,,,0.2088621274975609,730707597.2492127,25522763000.0,0.0286296431639949,0.0316182399416852,0.0272303129353993,0.1611412625589628,0.2362881653687236,0.1955842268161743,0.1689722307396496,0.2119643633492949,,,73.76313956490999,73.76313956490999,False,78.51962613393081,78.51962613393081,77.33050449167561,132.0,True,True,True,True,True,True,True,True,True,True,False,True,False,True,True,False,False,12,False,0.2687209217576927,0.4106430565692474,1.0,1558690854.5,0.12222222222222222,2.0,3.0,,,,,,-0.0780330656940054,-0.20603581191671233,0.20819584708663577,-1.373351586561715,0.3888429752066116,-1.373351586561715,0.44367617950194066,-132.0,0.7933884297520661,0.8181818181818182,0.4132231404958678,0.7363636363636363,0.7247933884297522,超豐
360.0,367.5,349.5,351.0,52835295.0,0.13776337115072934,340.4,0.1340872374798061,310.425,0.27636363636363637,304.9166666666667,0.4181818181818182,296.21666666666664,0.020295809367296667,68.81720430107526,34689975.85,1.5230709651820065,0.13070790045904812,2449.TW,2026-07-06,0.039366283380248834,0.36765632233887646,bull,0.1398148148148148,0.26042632066728455,2026-03-31,2026-05-15,10191943000.0,4050583000.0,2771958000.0,2808280000.0,521735000.0,2286437000.0,1.87,28146159000.0,18477256000.0,113177925000.0,58739756000.0,54438169000.0,14441729000.0,,30616797000.0,,0.1857845371544148,2256971065.958523,94700669000.0,0.0238326834413231,0.0420006227615774,0.0202021463107757,1.0790178486715818,0.397429911058176,0.2719754221545391,0.2243376949812219,0.393200318775639,,,76.50720520459335,76.50720520459335,False,79.9680396919732,79.9680396919732,79.10283107012823,108.0,True,True,True,True,True,True,True,True,True,False,False,True,True,True,True,False,False,12,False,0.15113418966930858,0.18494345355314246,1.0,12176181523.35,0.019444444444444445,2.0,3.0,,,,,,-0.12938661582472819,-0.26643680610975246,0.2271027847246227,-1.1679848680387004,0.3384297520661157,-1.1679848680387004,0.3690278003611467,-108.0,0.8429752066115702,0.9008264462809917,0.2809917355371901,0.7586776859504131,0.7479338842975206,京元電子
183.0,184.0,178.0,179.0,6663277.0,-0.005555555555555536,183.8,0.12933753943217674,167.425,0.34586466165413543,153.975,0.5617332912644495,137.4169178644816,0.03046622557316521,63.86138613861385,7634752.25,0.8727561526308859,0.0691354337763177,2458.TW,2026-07-06,0.039366283380248834,0.36765632233887646,bull,0.14629629629629629,0.20481927710843373,2026-03-31,2026-05-15,3224766000.0,1535871000.0,778771000.0,839901000.0,164027000.0,705046000.0,2.46,8628282000.0,4973856000.0,16710597000.0,6912540000.0,9798057000.0,3790288000.0,247000000.0,927254000.0,,0.1952932548002681,626682276.6659404,11736741000.0,0.0533949140281736,0.0719577361103328,0.0421915506669211,0.705501100881532,0.4762736272957479,0.2414969024109036,0.2186347784614449,0.0339486816438188,,,86.91654017956604,86.91654017956604,False,78.07259739963358,78.07259739963358,80.28358309461669,50.0,True,True,True,True,True,True,True,True,True,False,True,True,True,True,True,False,False,13,False,0.16252638415327159,0.3026052598307216,1.0,1366620652.75,0.13240740740740742,2.0,2.0,,,,,,-0.03782903056671664,-0.13873685382690296,0.26011885908126325,-1.4530156628662607,0.6421487603305787,-1.4530156628662607,0.6490807267856198,-50.0,0.9256198347107438,0.9338842975206612,0.7024793388429752,0.8921487603305785,0.8834710743801653,義隆
39.150001525878906,40.84999847412109,38.650001525878906,39.5,2748098.0,0.11898019415620786,37.57999954223633,0.22861580482989297,35.22999982833862,0.3620689655172413,34.60499986012777,0.9651740920569938,29.49833329518636,0.027937847754254785,62.90322216773633,2170856.0,1.2659052465939704,0.12120352519067112,2460.TW,2026-07-06,0.039366283380248834,0.36765632233887646,bull,0.07592592592592592,0.1974050046339203,2026-03-31,2026-05-15,1130635000.0,129255000.0,36172000.0,40710000.0,21769000.0,18941000.0,0.11,3036493000.0,3048223000.0,5150304000.0,3565610000.0,1584694000.0,366608000.0,2049411000.0,474796000.0,,0.4,21703200.0,2102081000.0,0.0103246259302091,0.0119524652708977,0.0036776469893815,2.2500306052777383,0.114320713581306,0.0319926413033383,0.0167525328686976,0.6226803679836963,,,27.363117844958968,27.363117844958968,False,87.88828286383917,87.88828286383917,72.75699160911913,727.0,True,True,True,True,True,True,True,True,True,False,False,True,True,True,False,False,False,12,False,0.14145355178898011,0.3390587056132337,1.0,85748812.0,0.43425925925925923,1.0,3.0,,,,,,-0.07699629607565875,-0.21939029127588675,0.2713620600966044,-1.7213271740471536,0.3991735537190082,-1.7213271740471536,0.4655073754035353,-727.0,0.21487603305785125,0.6528925619834711,0.4462809917355372,0.24958677685950414,0.3925619834710744,建通
425.5,435.0,397.0,405.0,8645182.0,-0.018181818181818188,427.3,0.11416781292984868,385.45,1.7835051546391751,286.85,2.7850467289719627,202.21666666666667,0.039369017122825846,52.94117647058823,12160779.65,0.7109068866320589,0.05071993773511485,2472.TW,2026-07-06,0.039366283380248834,0.36765632233887646,bull,0.1638888888888889,0.012974976830398516,2026-03-31,2026-05-15,2943086000.0,883334000.0,549622000.0,520427000.0,122244000.0,262833000.0,1.6,11680366000.0,3302511000.0,18688580000.0,4096143000.0,14592437000.0,4465054000.0,1452324000.0,282000000.0,,0.2348917331345222,420520335.8511376,15386069000.0,0.0273312394381656,0.0180115905245984,0.0140638293546112,0.2807031478018373,0.3001386979517418,0.1867502342778974,0.0893052394663288,0.0925167204371126,,,62.238957459260455,62.238957459260455,False,75.03137202448653,75.03137202448653,71.83326838318001,240.0,True,True,True,True,True,True,True,True,True,True,True,True,False,True,True,False,False,13,False,0.41188774620881974,1.002802274787769,1.0,4925115758.25,0.041666666666666664,2.0,3.0,,,,,,-0.10640214417884493,-0.24282907784677385,0.24255823048639508,-1.416508610650275,0.3516528925619835,-1.416508610650275,0.3844631397441893,-240.0,0.6446280991735537,0.6115702479338843,0.3305785123966942,0.5975206611570247,0.5719008264462809,立隆電
134.0,138.0,133.0,136.0,4123310.0,0.07509881422924902,132.3,0.1333333333333333,126.25,0.33990147783251223,120.36500002543131,0.5704388267471072,103.06750005086263,0.022888393761393584,59.75609756097561,4794758.75,0.8599619323912804,0.0772277227722773,2476.TW,2026-07-06,0.039366283380248834,0.36765632233887646,bull,0.14074074074074075,0.20852641334569044,2026-03-31,2026-05-15,2167648000.0,648571000.0,386545000.0,381039000.0,105379000.0,249094000.0,1.14,8508714000.0,2022591000.0,12826616000.0,2840613000.0,9986003000.0,3388343000.0,0.0,,0.0,0.2765569928537499,279643277.1973472,10804025000.0,0.0258832497330714,0.0249443145570855,0.0194200871063731,0.2844594579032271,0.2992049447142709,0.1783246172810345,0.1149144141484226,0.3165738497392238,,,72.21370863120339,72.21370863120339,False,80.61814718735376,80.61814718735376,78.51703754831615,147.0,True,True,True,True,True,True,True,True,True,False,True,True,True,True,True,False,False,13,False,0.12989656437722963,0.3195236125149592,1.0,652087190.0,0.20185185185185187,2.0,3.0,,,,,,-0.06925155699546601,-0.19471571419922923,0.20856339559120107,-1.2859759451935868,0.4433884297520661,-1.2859759451935868,0.5167567436306073,-147.0,0.768595041322314,0.8760330578512396,0.5371900826446281,0.7338842975206611,0.7545454545454545,鉅祥
240.5,256.5,214.5,215.0,12653567.0,0.04878048780487809,226.4,0.43333333333333335,209.55,2.467741935483871,131.64666690826417,2.758741208606784,98.79833332697551,0.11152367060071611,57.771260997067444,11284534.6,1.1213193497585625,0.02600811262228575,2478.TW,2026-07-06,0.039366283380248834,0.36765632233887646,bull,0.03148148148148148,0.006487488415199258,2026-03-31,2026-05-15,1419768000.0,355098000.0,186036000.0,200142000.0,37625000.0,162973000.0,1.14,5916948000.0,2142984000.0,10417509000.0,3027325000.0,7390184000.0,1968411000.0,300000000.0,851111000.0,,0.1879915260165282,151062808.46598914,8274525000.0,0.0182563722347795,0.0220526308952524,0.0156441429520243,0.4096413566969374,0.2501098771066822,0.1310326757611102,0.1147884724828281,0.096131798189234,,,53.55705387449146,53.55705387449146,False,83.48421786398457,83.48421786398457,76.0024268666113,318.0,True,True,True,True,True,True,True,True,True,True,True,False,True,True,False,False,False,13,False,0.6331594642636813,1.1761500701479672,1.0,2426174939.0,0.08148148148148149,2.0,3.0,,,,,,-0.10697878007089681,-0.24109979877499552,0.2273420464972052,-1.8177910584796377,0.2309917355371901,-1.8177910584796377,0.4399851777692686,-318.0,0.5619834710743802,0.7520661157024794,0.39669421487603307,0.5371900826446281,0.5859504132231406,大毅
159.5,167.0,159.5,162.0,738061.0,0.08000000000000007,158.9,0.055713037203311444,152.51755447387694,0.15302491103202853,148.0225606282552,0.07284768211920523,145.2487803141276,0.007762995702731638,69.164271212467,568628.15,1.2979677492224049,0.06217281386941731,2480.TW,2026-07-06,0.039366283380248834,0.36765632233887646,bull,0.28703703703703703,0.37349397590361444,2026-03-31,2026-05-15,2420984000.0,568028000.0,300400000.0,336304000.0,56799000.0,279505000.0,2.63,7208003000.0,5342627000.0,8394801000.0,5408397000.0,2986404000.0,1289115000.0,0.0,,,0.1688918359579428,249664892.478234,3052174000.0,0.0817990365156881,0.0935924945184911,0.0332950119961152,1.811006481373585,0.2346269120324628,0.1240817783182375,0.1154509901758954,0.1706727375064554,,,72.57043193555015,72.57043193555015,True,65.64425943230668,65.64425943230668,67.37580255811756,141.0,True,False,True,True,True,True,True,True,True,False,True,True,True,True,True,True,False,12,False,0.0944277636626476,0.1153277820966534,1.0,92117760.3,0.4222222222222222,2.0,3.0,,,,,,-0.03238290702547429,-0.11321662133053711,0.2714904300451741,-0.29181305787896095,0.8090909090909091,-0.29181305787896095,0.7022185295875599,-141.0,0.7768595041322314,0.4132231404958678,0.8016528925619835,0.7805785123966942,0.6727272727272727,敦陽科
39.0,41.29999923706055,39.0,39.45000076293945,940066.0,-0.03780485944050116,39.14999999999999,0.13688760505945385,37.18749990463257,1.6387960713210608,25.77666664123535,0.9824121366416911,21.537499952316285,0.06037923937432845,61.77155957445407,826846.85,1.1369288036835359,0.0608403593710003,2491.TW,2026-07-06,0.039366283380248834,0.36765632233887646,bull,0.1388888888888889,0.019462465245597776,2026-03-31,2026-05-15,35944000.0,5341000.0,-45575000.0,117289000.0,-67000.0,70043000.0,0.85,1624764000.0,245075000.0,1724545000.0,273979000.0,1450566000.0,105525000.0,,0.0,,0.0,-45575000.0,1479470000.0,-0.0308049504214347,0.0482866687899757,0.040615350715696,0.1888773072028435,0.1485922546182951,,1.9486701535722235,-0.1873756556339302,,,45.70697288449711,45.70697288449711,False,85.70058659774612,85.70058659774612,75.70218316943388,424.0,True,True,True,True,True,True,True,True,True,True,True,True,True,True,False,False,False,14,False,0.5304539299829656,0.8316889541627945,1.0,32619108.863334082,0.5555555555555556,1.0,3.0,,,,,,-0.08022366395552263,-0.22587182270784967,0.21679394662178517,-1.2470122291832113,0.40454545454545454,-1.2470122291832113,0.5417341849766658,-424.0,0.4628099173553719,0.7355371900826446,0.5867768595041323,0.48140495867768596,0.5694214876033058,吉祥全
309.5,310.0,283.0,283.0,5390593.0,0.06390977443609014,306.2,0.5898876404494382,253.225,1.429184549356223,177.325,1.3388429752066116,144.91083335876465,0.16411906677393398,63.7037037037037,4552551.45,1.184081730696311,0.11758317701648724,2493.TW,2026-07-06,0.039366283380248834,0.36765632233887646,bull,0.019444444444444445,0.024096385542168676,2026-03-31,2026-05-15,937502000.0,273627000.0,168457000.0,191698000.0,32214000.0,159484000.0,1.26,4686325000.0,2916731000.0,5991089000.0,3087310000.0,2903779000.0,1134124000.0,,,,0.1680455716804557,140148547.13142547,3074358000.0,0.0455862808207194,0.054922912521924,0.0266202021034907,1.0632041901260392,0.2918681773478883,0.1796870833342222,0.1701159037527386,0.0124310063488737,,,71.53758613339757,71.53758613339757,False,92.14275430895152,92.14275430895152,86.99146226506303,153.0,True,True,True,True,True,True,True,True,True,True,True,False,True,True,True,False,False,13,False,0.5959396588185537,0.9529250742721183,1.0,1288372060.3500001,0.1361111111111111,2.0,3.0,,,,,,-0.058799892268844724,-0.20483152500295873,0.24273918952451073,-1.4923790690489755,0.46859504132231405,-1.4923790690489755,0.4513810494473559,-153.0,0.7603305785123967,0.9917355371900827,0.4297520661157025,0.7107438016528926,0.7636363636363637,揚博
52.59999847412109,53.70000076293945,52.0,52.59999847412109,6404834.0,0.05622488513969315,50.91999893188476,0.06262623180042604,50.842499542236325,0.45504830577852196,45.25666650136312,0.5915279784677934,39.10166656176249,-0.0011787285330117333,56.603768152798985,10569001.6,0.6060018005863487,0.03456751630444055,2495.TW,2026-07-06,0.039366283380248834,0.36765632233887646,bull,0.26666666666666666,0.1556997219647822,2026-03-31,2026-05-15,370134000.0,147360000.0,46525000.0,102513000.0,12200000.0,90313000.0,0.33,6699309000.0,2713603000.0,7458195000.0,2779672000.0,4678523000.0,278672000.0,2380000000.0,,,0.1190092963819222,40988092.48583107,4744592000.0,0.008638907726066,0.0193037418005639,0.0121092301823698,0.594134516384765,0.3981260840668514,0.1256977202850859,0.2440008213241691,0.3507110561290958,,,59.87100186749289,59.87100186749289,False,61.103431257138254,61.103431257138254,60.79532390972692,265.0,True,False,True,True,True,True,False,True,True,True,True,True,False,True,False,False,False,11,False,0.16225967444015765,0.3452111661541968,1.0,555929468.0329833,0.22314814814814815,1.0,3.0,,,,,,-0.09709629096108714,-0.22741081230007945,0.21224977503183287,-1.4795862400671622,0.30041322314049584,-1.4795862400671622,0.37636581432776517,-265.0,0.6033057851239669,0.18181818181818182,0.3140495867768595,0.5599173553719008,0.4190082644628099,普安
41.59999847412109,43.400001525878906,41.54999923706055,42.59999847412109,1200155.0,0.07984784918282783,41.24000015258788,0.1719394845215636,38.89500007629395,0.3741934991651963,36.41833337148031,0.46643716326760254,33.11916667620341,0.029444853943083684,70.41420893010473,1329267.2,0.9028696412579804,0.09525641832008369,2527.TW,2026-07-06,0.039366283380248834,0.36765632233887646,bull,0.10462962962962963,0.1927710843373494,2026-03-31,2026-05-15,4588717000.0,1261812000.0,1127130000.0,1064163000.0,166487000.0,902888000.0,3.45,13282023000.0,8513905000.0,33780839000.0,11901818000.0,21879021000.0,1538877000.0,2676000000.0,3358749000.0,,0.1564487771140323,950791889.8514608,25266934000.0,0.0376298877359421,0.0412672943638565,0.0267278145459915,0.5439831151494393,0.2749814381667032,0.2456307503818605,0.1967626244983074,24.973085718167,,,82.24426248497689,82.24426248497689,False,74.97986886268436,74.97986886268436,76.79596726825748,75.0,True,False,True,True,True,True,True,True,True,True,True,True,True,True,True,False,False,13,False,0.16974047218431254,0.28626420134929864,1.0,56626780.69169921,0.49074074074074076,1.0,2.0,,,,,,-0.03317358446600911,-0.12290540250854763,0.4037132073876116,-1.2683209039416456,0.790495867768595,-1.2683209039416456,0.835457477127153,-75.0,0.8842975206611571,0.8016528925619835,0.9173553719008265,0.8892561983471075,0.8661157024793389,宏璟
43.79999923706055,45.0,43.70000076293945,45.0,13132810.0,0.04408356364605792,43.42999954223633,0.04651162790697683,43.824999999999996,0.24481322546516626,41.410833485921216,0.1194029638299332,39.39250014623006,0.003434459072696018,47.23925834775352,16853519.25,0.7792325036208684,0.02681118083285816,2542.TW,2026-07-06,0.039366283380248834,0.36765632233887646,bull,0.3138888888888889,0.27710843373493976,2026-03-31,2026-05-15,16191907000.0,4874634000.0,3912933000.0,3918335000.0,698387000.0,2421313000.0,1.15,244126134000.0,168451704000.0,269504119000.0,203260373000.0,66243746000.0,18030010000.0,104829064000.0,11468836000.0,23019028000.0,0.1782356536641201,3215508829.0010934,101052415000.0,0.0318202076516537,0.0365515712230404,0.0089843265067128,3.068370756086167,0.3010537301134449,0.2416597995529495,0.1495384700517363,13.610654325020349,,,58.947380152838136,58.947380152838136,False,60.88988755936469,60.88988755936469,60.404260707733044,278.0,True,False,True,True,True,True,True,False,True,False,True,True,False,True,False,False,False,10,False,0.08667216310193382,0.1423494277579278,1.0,758408366.25,0.18425925925925926,1.0,3.0,,,,,,0.018325077981799394,0.000974535513862984,0.22647847746540714,0.07482044235236779,0.8549586776859505,0.07482044235236779,0.8438091185982172,-278.0,0.5867768595041323,0.1652892561983471,0.9256198347107438,0.637603305785124,0.528099173553719,興富發
44.0,44.04999923706055,43.45000076293945,43.54999923706055,40812041.0,-0.007972717008040031,44.02000045776367,0.15517237017861985,41.63750038146973,0.2514367871215817,37.284166717529295,0.19151847184998627,36.821666685740155,0.03976775890877319,68.1818076730119,62378406.05,0.6542655316855439,0.04593212460087903,2618.TW,2026-07-06,0.039366283380248834,0.36765632233887646,bull,0.12222222222222222,0.27247451343836887,2026-03-31,2026-05-15,60515845000.0,15865568000.0,11279920000.0,11043489000.0,2178622000.0,8268012000.0,1.53,119872996000.0,106923312000.0,391276107000.0,247236537000.0,144039570000.0,95057424000.0,110000000.0,46720454000.0,,0.1972766034357439,9054655695.373083,284352795000.0,0.0318430339162767,0.057400976689947,0.0211308890373927,1.7164487300260616,0.2621721302908354,0.1863961413742136,0.1366255730214128,0.1014063587979636,,,65.4946890287355,65.4946890287355,False,70.3693612441008,70.3693612441008,69.15069319025947,205.0,True,False,True,True,True,True,True,True,True,False,True,True,False,True,True,False,False,11,False,0.16805612331374298,0.18272753943335385,1.0,2716579535.886553,0.07222222222222222,1.0,3.0,,,,,,-0.04230182347777345,-0.11129652717790933,0.2759345079232348,-0.9230530523142869,0.7615702479338843,-0.9230530523142869,0.7503013255494192,-205.0,0.7024793388429752,0.4793388429752066,0.8760330578512396,0.7285123966942149,0.6702479338842975,長榮航
17.950000762939453,18.100000381469727,17.950000762939453,18.0,22124284.0,0.011235998399541591,17.810000228881837,0.06508878143781804,17.5125,0.1726384073403222,16.615833298365274,0.125,16.06874996026357,0.016543319621422116,67.50005245218745,40829167.15,0.5418744869009654,0.027837259100642386,2834.TW,2026-07-06,0.039366283380248834,0.36765632233887646,bull,0.2601851851851852,0.34754402224281744,2026-03-31,2026-05-15,,,,,886677000.0,3437983000.0,,,,2555347612000.0,2406237987000.0,149109625000.0,29451426000.0,,,,,,2555347612000.0,,0.0230567476780925,0.0013454071703807,16.137375350518116,,,,,,,11.10187505518378,11.10187505518378,False,63.60333497766371,63.60333497766371,50.47796999704372,1024.0,True,False,True,True,True,True,True,True,True,False,True,True,False,True,False,False,False,11,False,0.0833040797159963,0.12018670055307479,1.0,734925008.6999999,0.18796296296296297,0.0,3.0,,,,,,-0.028285658399534952,-0.15631854156140124,0.1906672610581265,-0.972491581849461,0.5975206611570248,-0.972491581849461,0.6560676317079029,-1024.0,0.04132231404958678,0.024793388429752067,0.7272727272727273,0.14421487603305785,0.1735537190082645,臺企銀
143.5,147.5,143.5,147.5,333868.0,0.0535714285714286,143.3,0.06246389414753262,141.74031600952148,0.23949579831932777,135.23312861124674,0.25531914893617014,125.64573097229004,0.00919142627871239,63.41657831727522,643238.0,0.5190427182473673,0.04063546740005575,2850.TW,2026-07-06,0.039366283380248834,0.36765632233887646,bull,0.26851851851851855,0.28174235403151066,2026-03-31,2026-05-15,,,1507350000.0,1508204000.0,248433000.0,,,,,58099283000.0,36260125000.0,21839158000.0,14722947000.0,,,,0.1647210854765005,1259057671.8069968,58099283000.0,0.0216707953488341,,,1.6603261444420157,,,,,,,51.89726928896828,51.89726928896828,False,70.60208752446664,70.60208752446664,65.92588296559205,341.0,True,False,True,True,True,True,True,True,True,False,True,True,False,True,False,False,False,11,False,0.09070907043803378,0.17393562724808942,1.0,94877605.0,0.4166666666666667,2.0,3.0,,,,,,-0.07501081883878306,-0.20326267082412286,0.1730757796157783,-1.8532274039105814,0.2595041322314049,-1.8532274039105814,0.23383480343049837,-341.0,0.5537190082644629,0.36363636363636365,0.11570247933884298,0.4880165289256198,0.4090909090909091,新產
38.5,39.29999923706055,38.5,39.09999847412109,2154536.0,0.12842703469778005,37.42000045776367,0.059620511037086654,36.68160552978516,0.2612902733587448,34.02803503672282,0.48952375139508897,31.07818420728048,0.008731140524824935,64.9406911024405,3508680.05,0.6140588395912588,0.06592931005629543,2851.TW,2026-07-06,0.039366283380248834,0.36765632233887646,bull,0.27685185185185185,0.26969416126042633,2026-03-31,2026-05-15,,,2142185000.0,2164691000.0,325242000.0,,,,,59204658000.0,35668047000.0,23536611000.0,16387176000.0,,,,0.1502486960032633,1820324497.152249,59204658000.0,0.0307463054199595,,,1.5154283256837613,,,,,,,65.92494981784269,65.92494981784269,False,71.06765391491342,71.06765391491342,69.78197789064573,201.0,True,False,True,True,True,True,True,True,True,False,False,True,False,True,True,False,False,10,False,0.14905249250873998,0.2581172121684443,1.0,137189384.6011791,0.375,1.0,3.0,,,,,,-0.039113729312400175,-0.15914237407388335,0.22395935219959362,-1.755937169184673,0.4735537190082645,-1.755937169184673,0.5463668835992125,-201.0,0.7272727272727273,0.512396694214876,0.5950413223140496,0.7074380165289256,0.6363636363636365,中再保
71.0,72.0,70.69999694824219,71.4000015258789,31671835.0,0.015647203789041608,70.7,0.07207211954551251,69.96000022888184,0.30291975401328086,60.84666659037272,0.4223107657518308,56.31999998092651,0.016122007681653516,55.46220049802662,49180666.5,0.6439895441433271,0.020583208866294278,2891.TW,2026-07-06,0.039366283380248834,0.36765632233887646,bull,0.24722222222222223,0.23725671918443003,2026-03-31,2026-05-15,59859484000.0,,,28299359000.0,4691107000.0,23103564000.0,,,,9627795130000.0,9033405624000.0,594389506000.0,137297531000.0,,,,0.165767252890781,,9627795130000.0,,0.0388694009008967,0.0023996734130756,15.197787869424465,,,0.3859633003184591,-0.0259120213272754,,,18.776914292805223,18.776914292805223,False,67.21407220149891,67.21407220149891,55.10478272432549,882.0,True,False,True,True,True,True,True,True,True,False,True,True,False,True,False,False,False,11,False,0.17344146404194238,0.2677557093405438,1.0,3511499663.1437416,0.05925925925925926,1.0,3.0,,,,,,-0.15969357945877774,-0.31283242289778956,0.22095126747257296,-1.3188051589937402,0.2694214876033058,-1.3188051589937402,0.2745246692735018,-882.0,0.11570247933884298,0.05785123966942149,0.15702479338842976,0.12190082644628099,0.10661157024793388,中信金
160.0,161.0,156.5,158.0,1898305.0,0.0031746031746031633,160.5,0.03947368421052633,154.6,0.33333333333333326,141.66666666666666,0.37391304347826093,129.84583333333333,0.014935171508288238,57.89473684210526,3568777.2,0.531920289111912,0.02199223803363526,3014.TW,2026-07-06,0.039366283380248834,0.36765632233887646,bull,0.3388888888888889,0.21316033364226136,2026-03-31,2026-05-15,1734052000.0,992099000.0,498325000.0,506561000.0,47858000.0,458703000.0,2.85,7276847000.0,3534436000.0,9867430000.0,3664549000.0,6202881000.0,2464625000.0,,,,0.0944762822246481,451245106.6604022,6332994000.0,0.0712530450305814,0.0739499919472903,0.04648657249152,0.5907817673755147,0.572127594789545,0.2873760417796006,0.264526669327102,0.0068170034331778,,,86.91029224348934,86.91029224348934,False,67.8867190974189,67.8867190974189,72.64261238393651,51.0,True,False,True,True,True,True,True,True,True,False,True,True,False,True,True,False,False,11,False,0.11529411764705899,0.2168276481725122,1.0,563866797.6,0.22037037037037038,2.0,2.0,,,,,,-0.03680598420860278,-0.1187852699836868,0.27164479276216374,-1.5157646700078211,0.6698347107438016,-1.5157646700078211,0.660578483722656,-51.0,0.9173553719008265,0.6363636363636364,0.743801652892562,0.8913223140495867,0.7983471074380166,聯陽
139.5,143.0,127.0,128.5,19864667.0,0.057613168724279795,130.7,0.18981481481481488,124.38943443298339,1.370848675114133,107.74314460754394,1.5146771788080797,83.6757388750712,0.031084363231851594,51.77352792174632,13685286.45,1.4515346151194373,0.033045938232247885,3016.TW,2026-07-06,0.039366283380248834,0.36765632233887646,bull,0.09907407407407408,0.027803521779425393,2026-03-31,2026-05-15,1058983000.0,188227000.0,112229000.0,125822000.0,25166000.0,100656000.0,0.35,4149251000.0,1259785000.0,7114003000.0,2217982000.0,4896021000.0,2593190000.0,337440000.0,,483682000.0,0.2000127163771041,89781772.85371397,5854218000.0,0.0153362537667223,0.0205587353485616,0.0141489960012667,0.4530172562576835,0.1777431743474635,0.1059780940770531,0.0950496844614125,0.1805514679651827,,,49.37869687987665,49.37869687987665,False,77.84930637864144,77.84930637864144,70.73165400395024,378.0,True,True,True,True,True,True,True,True,True,True,True,True,True,True,False,False,False,14,False,0.1926512862425096,0.5356900545790448,1.0,1758559308.8249998,0.10555555555555556,2.0,3.0,,,,,,-0.06564571312578181,-0.24636756034574325,0.2186818733113108,-1.504108123429438,0.3603305785123967,-1.504108123429438,0.2860274769575545,-378.0,0.512396694214876,0.5702479338842975,0.19008264462809918,0.4640495867768595,0.4652892561983471,嘉晶
87.80000305175781,91.5999984741211,86.80000305175781,86.80000305175781,3526316.0,0.05467800526289146,85.52000122070312,0.12144704574373932,84.10000038146973,0.3888000488281249,75.42833340962729,0.3457364814226018,69.35000006357829,0.02654867722270039,54.285714285714285,2950871.8,1.1950082006273537,0.03210466894222508,3022.TW,2026-07-06,0.039366283380248834,0.36765632233887646,bull,0.15555555555555556,0.18535681186283595,2026-03-31,2026-05-15,1592354000.0,448280000.0,36432000.0,189589000.0,22663000.0,168988000.0,0.96,10450596000.0,3234728000.0,16026933000.0,4335529000.0,11691404000.0,3432970000.0,92494000.0,,,0.1195375259113134,32077008.85599903,12792205000.0,0.0025075433716078,0.0144540381976364,0.0105440011510624,0.3708304836613293,0.281520315206292,0.0228793346203168,0.1061246431383976,-0.1038362140769989,,,30.04604328275842,30.04604328275842,False,72.53955299352502,72.53955299352502,61.91617556583337,682.0,True,False,True,True,True,True,True,True,True,True,True,True,True,True,False,False,False,13,False,0.1507612475059552,0.251622249058137,1.0,256135681.24534604,0.30648148148148147,1.0,3.0,,,,,,-0.023343069805778032,-0.14293223863275747,0.257367867988208,-1.3170412830609382,0.7078512396694214,-1.3170412830609382,0.7027566475592719,-682.0,0.2396694214876033,0.2396694214876033,0.8099173553719008,0.32520661157024794,0.3537190082644628,威強電
82.0,83.30000305175781,79.80000305175781,80.0999984741211,2987860.0,-0.015970553162023116,81.73999938964843,0.017789092505297477,77.28137741088867,0.33056474184353424,74.81212603251139,1.1445783600130652,61.39022954305013,-0.0014213450039140367,62.661979815952165,3497981.75,0.8541668349184498,0.036472189777964514,3028.TW,2026-07-06,0.039366283380248834,0.36765632233887646,bull,0.41759259259259257,0.21408711770157554,2026-03-31,2026-05-15,17721795000.0,1611940000.0,956219000.0,892133000.0,169489000.0,722644000.0,3.05,30113817000.0,24755869000.0,31365964000.0,24995374000.0,6370590000.0,3312572000.0,15838992000.0,0.0,,0.1899817628089085,774554828.7486283,6610095000.0,0.1171775638245181,0.1134343914770845,0.0230391133522948,3.923557158756097,0.0909580547568685,0.0539572317589725,0.0407771334675748,0.9582381707930072,,,56.52316760894776,56.52316760894776,False,58.3127491878997,58.3127491878997,57.86535379316172,293.0,True,False,False,True,True,True,False,True,False,False,True,True,True,True,False,False,False,9,False,0.07068202338363894,0.30476786078720663,1.0,280188332.83750343,0.2953703703703704,1.0,3.0,,,,,,0.030568425457527738,-0.07601799162622797,0.37383766362349546,1.3777806983386027,0.9665289256198348,1.3777806983386027,0.9690022406729343,-293.0,0.5702479338842975,0.08264462809917356,1.0,0.6347107438016528,0.5099173553719007,增你強
35.0,36.20000076293945,33.75,33.75,3446377.0,0.1011419386640231,33.79000015258789,0.08870967741935476,30.307499885559082,0.3081395735671042,30.965833218892417,0.7175572852517098,25.913333225250245,0.015156588946889458,66.66667090522026,3842166.0,0.8969880530929689,0.1135857503073423,3031.TW,2026-07-06,0.039366283380248834,0.36765632233887646,bull,0.2111111111111111,0.23169601482854496,2026-03-31,2026-05-15,285293000.0,74783000.0,17802000.0,25956000.0,3921000.0,22556000.0,0.13,2027628000.0,574545000.0,3603501000.0,671104000.0,2932397000.0,864873000.0,0.0,,,0.1510633379565418,15112770.457697645,3028956000.0,0.004989432153421,0.0076920007761568,0.0062594682227089,0.2288585072212255,0.2621270062707462,0.0623990073363174,0.0790625777709232,0.1454054184265043,,,39.168833700492144,39.168833700492144,False,66.04344448243128,66.04344448243128,59.3247917869465,529.0,True,False,True,True,True,False,True,True,True,False,False,True,True,True,False,False,False,10,False,0.08991092735747697,0.30241832290079995,1.0,129673102.5,0.37962962962962965,1.0,3.0,,,,,,-0.09631804035044891,-0.20676759286534221,0.1652795089749363,-1.5546806980161252,0.2359504132231405,-1.5546806980161252,0.34884383240364103,-529.0,0.371900826446281,0.1322314049586777,0.2396694214876033,0.35206611570247937,0.2735537190082645,佰鴻
542.0,543.0,531.0,538.0,3501617.0,0.028680688336520044,538.0,0.0934959349593496,518.575,0.346683354192741,474.56666666666666,0.4385026737967914,428.19166666666666,0.019913462484020174,60.69651741293532,6025562.15,0.5811270239740204,0.03745841970785313,3034.TW,2026-07-06,0.039366283380248834,0.36765632233887646,bull,0.2,0.20389249304911955,2026-03-31,2026-05-15,23145303000.0,9039901000.0,4027546000.0,4389348000.0,622236000.0,3767112000.0,6.19,79261926000.0,21790635000.0,103666583000.0,31738768000.0,71927815000.0,48919537000.0,,,,0.1417604619182621,3456599218.642951,81875948000.0,0.0422175169030464,0.0523735080788982,0.036338730292673,0.4412586146263444,0.390571728527382,0.1740113750077067,0.1627592432036858,-0.1465659805926223,,,75.54535048945058,75.54535048945058,False,76.68701977491013,76.68701977491013,76.40160245354524,116.0,True,True,True,True,True,True,True,True,True,False,True,True,False,True,True,False,False,12,False,0.13366580037929343,0.2564466847011657,1.0,3241752436.7000003,0.062037037037037036,3.0,3.0,,,,,,0.0025147985244357287,-0.08001325725238957,0.3104585469263288,-0.8892872681025328,0.9111570247933884,-0.8892872681025328,0.9100757660044767,-116.0,0.8264462809917356,0.7768595041322314,0.9504132231404959,0.8450413223140496,0.8363636363636364,聯詠
223.5,224.0,209.0,211.0,8244884.0,0.002375296912114022,216.1,0.10883908128652986,206.10967864990235,0.38815789473684204,192.2100082397461,0.2375366568914956,176.75083745320637,0.01994088201573958,56.01336452379241,10164032.5,0.8111823727442824,0.023726791396363023,3035.TW,2026-07-06,0.039366283380248834,0.36765632233887646,bull,0.17037037037037037,0.18628359592215013,2026-03-31,2026-05-15,2588502000.0,1224435000.0,95883000.0,179218000.0,44045000.0,104263000.0,0.4,13023994000.0,5732857000.0,20895528000.0,6486089000.0,14409439000.0,8381209000.0,25000000.0,,,0.245762144427457,72318588.30586214,15162671000.0,0.0047695151009912,0.0072357431819517,0.0049897279456159,0.4501277947045683,0.4730284156628042,0.037041887547315,0.0402792812213396,-0.6519697207840671,,,34.50118854665805,34.50118854665805,False,71.66832552252362,71.66832552252362,62.37654127855723,609.0,True,False,True,True,True,True,True,True,True,True,True,True,True,True,False,False,False,13,False,0.09775761383255821,0.19377086434377366,1.0,2144610857.5,0.08796296296296297,2.0,3.0,,,,,,-0.05685441626426028,-0.17870219783302752,0.30606617230801636,-1.4699884491955977,0.5958677685950413,-1.4699884491955977,0.6064412699543372,-609.0,0.3305785123966942,0.2644628099173554,0.6611570247933884,0.38016528925619836,0.3768595041322314,智原
23.399999618530277,23.799999237060547,23.049999237060547,23.049999237060547,184000.0,0.05491985513229092,22.570000076293944,0.03131985877598398,22.897500228881835,0.1700506773798336,21.41916666030884,0.07710278728703956,21.52416661580404,0.0026272594480946055,52.67174438846319,361772.7,0.5086066472124624,0.006660072350882951,3043.TW,2026-07-06,0.039366283380248834,0.36765632233887646,bull,0.3648148148148148,0.35125115848007415,2026-03-31,2026-05-15,187425000.0,43087000.0,-6568000.0,707000.0,13000.0,1810000.0,0.05,793833000.0,1021387000.0,1800737000.0,1100053000.0,700684000.0,210533000.0,322130000.0,65000000.0,,0.0183875530410183,-6447230.551626591,779350000.0,-0.0082725740060647,0.0025831901399204,0.0010051440049268,1.569970200546894,0.2298892890489529,-0.0350433506736027,0.009657196211818,-0.2669605212725182,,,13.807822825756103,13.807822825756103,False,56.57566527664194,56.57566527664194,45.88370466392048,985.0,True,False,True,True,True,True,True,True,False,False,True,True,False,True,False,False,False,10,False,0.07613893680437855,0.07088927754982932,1.0,8338860.458989334,0.7277777777777777,0.0,3.0,,,,,,-0.004534493948153979,-0.0846214030520868,0.23037321336357416,-1.4094251633683852,0.7363636363636363,-1.4094251633683852,0.6601010730160527,-985.0,0.08264462809917356,0.008264462809917356,0.7355371900826446,0.1805785123966942,0.19090909090909092,科風
523.0,525.0,502.0,506.0,2730563.0,0.013013013013013053,511.2,0.016064257028112428,518.325,0.3386243386243386,486.5,0.5937007874015747,422.4,0.0009655771737556123,46.44670050761421,4144264.4,0.658877604430837,-0.0237785173395072,3044.TW,2026-07-06,0.039366283380248834,0.36765632233887646,bull,0.4287037037037037,0.211306765523633,2026-03-31,2026-05-15,20964231000.0,5558653000.0,3845829000.0,4106800000.0,1160501000.0,2946230000.0,5.61,70597125000.0,38074338000.0,103583725000.0,45274053000.0,58309672000.0,21846246000.0,4498565000.0,1000000000.0,,0.2825803545339437,2759073277.703078,65509387000.0,0.042117220203924,0.050527295025772,0.0284429817522009,0.7764415653032657,0.2651493870679063,0.1834471772420366,0.1405360396954221,0.2239921180540351,,,79.90151858407886,79.90151858407886,False,56.85621975079806,56.85621975079806,62.617544459118264,86.0,True,False,False,True,False,True,True,False,False,False,True,True,False,True,True,False,False,7,False,0.04008221993833505,0.19791666666666674,1.0,2096997786.3999999,0.09351851851851851,3.0,2.0,,,,,,-0.04223161177770458,-0.1445268500136835,0.23994619362240355,-1.2292161566610866,0.6338842975206611,-1.2292161566610866,0.6421790738187496,-86.0,0.8677685950413223,0.2809917355371901,0.6859504132231405,0.840495867768595,0.6553719008264463,健鼎
50.70000076293945,52.79999923706055,50.09999847412109,50.09999847412109,12347947.0,0.035123902781970306,49.529999542236325,0.024539814126736115,48.15749988555908,0.37826686594743975,43.477499898274736,0.24163569687005726,41.185416571299235,-0.00010381758506966974,58.96550254505805,10599492.35,1.1649564519002649,0.04033636698703491,3059.TW,2026-07-06,0.039366283380248834,0.36765632233887646,bull,0.3902777777777778,0.18999073215940684,2026-03-31,2026-05-15,2020291000.0,483725000.0,100304000.0,164137000.0,41709000.0,79083000.0,0.26,10009497000.0,5342391000.0,16724305000.0,6281437000.0,10442868000.0,5091925000.0,2257592000.0,180000000.0,,0.2541108951668423,74815660.77118506,11381914000.0,0.0065732055936448,0.0075729196232299,0.0047286269892829,0.6015049697075554,0.2394333291590172,0.0496482932409242,0.0391443608866247,0.0901623244524882,,,33.47776456125828,33.47776456125828,False,61.017346649723336,61.017346649723336,54.13245112760708,619.0,True,False,True,True,True,True,False,True,False,True,True,True,True,True,False,False,False,11,False,0.1523201332031776,0.21644996323854415,1.0,531034550.5614581,0.2324074074074074,1.0,3.0,,,,,,-0.08306164990880271,-0.19532200573838732,0.20579610288813818,-1.487428598312115,0.3553719008264463,-1.487428598312115,0.386855980068123,-619.0,0.32231404958677684,0.049586776859504134,0.33884297520661155,0.3247933884297521,0.24380165289256195,華晶科
35.75,38.09999847412109,35.75,37.79999923706055,5690770.0,0.03137783528793636,36.29999923706055,0.22727273290244598,35.15999984741211,0.28353135001031715,31.071666526794438,0.19055115707277315,31.533333237965902,0.03343375432568637,59.9033757667632,8151824.15,0.6980977380381789,0.07508530719867879,3060.TW,2026-07-06,0.039366283380248834,0.36765632233887646,bull,0.07685185185185185,0.2520852641334569,2026-03-31,2026-05-15,1081252000.0,166540000.0,47262000.0,66259000.0,16879000.0,45734000.0,0.33,2994981000.0,1413440000.0,4510523000.0,1760816000.0,2749707000.0,514060000.0,220000000.0,88940000.0,,0.2547427519280399,35222348.058376975,3097083000.0,0.0113727491508548,0.0166323175523792,0.0101394006859071,0.6403649552479591,0.1540251486240025,0.043710439379534,0.0422972628027508,0.0742991359918607,,,34.65673853142626,34.65673853142626,False,81.43095040406814,81.43095040406814,69.73739743590767,606.0,True,True,True,True,True,True,True,True,True,False,True,True,False,True,False,False,False,12,False,0.21654238289613392,0.19873148048775335,1.0,308138946.65065175,0.28425925925925927,1.0,3.0,,,,,,-0.06504669119093891,-0.18092195089210258,0.19496381355548587,-1.5862787993685785,0.3752066115702479,-1.5862787993685785,0.3720991474682868,-606.0,0.33884297520661155,0.5041322314049587,0.2892561983471074,0.33140495867768593,0.3785123966942149,銘異
41.900001525878906,42.900001525878906,41.5,42.900001525878906,4966528.0,0.057953201801064,39.94000091552734,0.3469388072861077,37.42727146148682,0.8611714943965323,32.530757109324135,0.7875000635782878,28.45787855784098,0.048609967059021715,64.05981155659568,5382045.6,0.9227956002453789,0.14622305743082564,3094.TW,2026-07-06,0.039366283380248834,0.36765632233887646,bull,0.041666666666666664,0.06765523632993513,2026-03-31,2026-05-15,47206000.0,35395000.0,2347000.0,7478000.0,1717000.0,5761000.0,0.07,792305000.0,52199000.0,1133462000.0,121752000.0,1011710000.0,710423000.0,,,,0.229606846750468,1808112.730676652,1081263000.0,0.0016722228825703,0.005694319518439,0.0050826582629148,0.1203427859762184,0.7497987543956277,0.0497182561538787,0.1220395712409439,-0.0850131803380369,,,35.49964257677029,35.49964257677029,False,88.65882847331198,88.65882847331198,75.36903199917656,596.0,True,True,True,True,True,True,True,True,True,True,True,True,True,True,False,False,False,14,False,0.318752016182946,0.5074912010283597,1.0,230889764.45234984,0.31851851851851853,1.0,3.0,,,,,,-0.09395573684858281,-0.1994988497639729,0.24546103626499624,-1.44708183553256,0.421900826446281,-1.44708183553256,0.46726405194815807,-596.0,0.34710743801652894,0.71900826446281,0.4628099173553719,0.3644628099173554,0.4818181818181818,聯傑
29.350000381469727,31.350000381469727,29.350000381469727,30.0,575472.0,0.04895103496003261,29.36999969482422,0.3761468371521428,27.05000009536743,0.37299768769990616,22.87499996821086,0.25,23.057916641235355,0.07288051534157941,65.48386850664694,419455.45,1.3719502273721798,0.10905729738380976,3296.TW,2026-07-06,0.039366283380248834,0.36765632233887646,bull,0.03888888888888889,0.19462465245597776,2026-03-31,2026-05-15,333302000.0,47985000.0,-28246000.0,-32519000.0,3415000.0,-35934000.0,-0.37,1498700000.0,959362000.0,2232887000.0,971754000.0,1261133000.0,733229000.0,480000000.0,,,0.0,-28246000.0,1273525000.0,-0.022179383993247,-0.0284934261493434,-0.0160930669577099,0.770540458460765,0.1439685330421059,-0.0847459661208153,-0.107812134340628,-0.1210969740918979,,,13.590716232084937,13.590716232084937,False,86.17333424685627,86.17333424685627,68.02767974316345,987.0,True,True,True,True,True,True,True,True,True,True,True,True,True,True,False,False,False,14,False,0.3114754116586087,0.30107157844216736,1.0,12583663.5,0.6805555555555556,0.0,3.0,,,,,,-0.05843323832179239,-0.16021278949786927,0.27805693591837627,-1.3923019025117436,0.6033057851239669,-1.3923019025117436,0.6776218110374671,-987.0,0.0743801652892562,0.4380165289256198,0.7768595041322314,0.1797520661157025,0.3239669421487603,勝德
25.200000762939453,25.25,23.899999618530277,24.149999618530277,638738.0,0.03426120873622862,23.979999923706053,0.26439786053407177,23.405000114440917,0.47256098660168977,19.069999980926514,0.4247786744253932,18.38291666507721,0.04428332470051528,56.34327768668848,1217963.85,0.5244310001483212,0.03183078403959061,3321.TW,2026-07-06,0.039366283380248834,0.36765632233887646,bull,0.06296296296296296,0.14550509731232622,2026-03-31,2026-05-15,440905000.0,7429000.0,-58626000.0,-57615000.0,2163000.0,-59778000.0,-0.69,1531176000.0,1101699000.0,2017279000.0,1344759000.0,672520000.0,295948000.0,433097000.0,200657000.0,,0.0,-58626000.0,915580000.0,-0.064031542847157,-0.0888865758639148,-0.0296329858190166,1.9995821685600428,0.0168494346854764,-0.1329674192853335,-0.1355802270330343,-0.0351892618154604,,,7.607885260241264,7.607885260241264,False,76.95191311125603,76.95191311125603,59.61590614850234,1061.0,True,True,True,True,True,True,True,True,True,True,True,True,False,True,False,False,False,13,False,0.2663869765435076,0.31371969195775296,1.0,29413826.51288367,0.5657407407407408,0.0,3.0,,,,,,-0.1548946684567483,-0.2588935654187419,0.2105306510695418,-0.9491961368764203,0.3078512396694215,-0.9491961368764203,0.3309472439825309,-1061.0,0.01652892561983471,0.15702479338842976,0.23140495867768596,0.048760330578512395,0.10165289256198348,同泰
29.200000762939453,29.75,27.850000381469727,28.25,2823103.0,0.1437246610286369,28.099999618530273,0.058052404223598364,25.34999990463257,0.5607734477686288,20.590833234786988,0.47519585184034185,20.388749941190085,0.03776481196275325,62.962965870064465,2053727.3,1.3746240798376688,0.1143984262831288,3346.TW,2026-07-06,0.039366283380248834,0.36765632233887646,bull,0.2824074074074074,0.11770157553290084,2026-03-31,2026-05-15,1694217000.0,150618000.0,-85958000.0,-73986000.0,6956000.0,-80942000.0,-0.67,8045104000.0,4455060000.0,10175277000.0,6596575000.0,3578702000.0,2217836000.0,1818987000.0,1589910000.0,285973000.0,0.0,-85958000.0,5720217000.0,-0.0150270522953936,-0.0226176977015688,-0.0079547711575812,1.8432870353552768,0.0889012446457567,-0.0507361217600815,-0.0477754620571036,-0.1732498100523655,,,6.120174416109647,6.120174416109647,False,84.05923472273604,84.05923472273604,64.57446964607944,1066.0,True,True,True,True,True,True,True,True,True,True,False,True,True,True,False,False,False,13,False,0.37196973419576373,0.3855680255771019,1.0,58017796.225,0.48518518518518516,0.0,3.0,,,,,,0.06537924764632738,-0.10280301947672521,0.5392365017310624,-0.890949948388221,0.9380165289256199,-0.890949948388221,0.938889579171913,-1066.0,0.008264462809917356,0.32231404958677684,0.9834710743801653,0.15454545454545457,0.2975206611570248,麗清
62.0,63.0,61.5,62.0,688815.0,0.05442178238877515,61.7,0.026490040293054573,59.59500007629394,0.3386664984231702,56.12561893463135,0.39847919338894067,50.759158515930174,0.011428800355997661,56.28140655353438,996499.8,0.6912344588528768,0.040355733209617606,3356.TW,2026-07-06,0.039366283380248834,0.36765632233887646,bull,0.3814814814814815,0.21037998146431883,2026-03-31,2026-05-15,281264000.0,139594000.0,10233000.0,198018000.0,20957000.0,176986000.0,2.21,2893011000.0,391712000.0,3096581000.0,420305000.0,2676276000.0,809972000.0,50000000.0,,,0.1058338130876991,9150002.590673575,2704869000.0,0.0033827895512402,0.0661314453367291,0.0571552948235489,0.157048450907156,0.4963095170373741,0.0363821889754821,0.6292522327777462,0.0806540849572754,,,63.62657398368869,63.62657398368869,False,66.41615217923169,66.41615217923169,65.71875763034593,230.0,True,False,True,True,True,True,True,True,False,False,True,True,False,True,True,False,False,10,False,0.10466487812295577,0.22145444906345357,1.0,61782987.6,0.47129629629629627,1.0,3.0,,,,,,-0.018795349350285345,-0.11441123797657893,0.174426249532002,-1.5872571218994398,0.5508264462809918,-1.5872571218994398,0.5287564496942118,-230.0,0.6694214876033058,0.35537190082644626,0.5619834710743802,0.653305785123967,0.5537190082644629,奇偶
5105.0,5105.0,4555.0,4605.0,2503019.0,0.041855203619909576,4973.0,0.048974943052391806,4683.0,0.7423651300842515,4495.630407714843,1.1769315482462628,3478.790462239583,0.02587712731633658,46.32867132867133,2264828.1,1.1051695269941237,-0.01665598975016014,3443.TW,2026-07-06,0.039366283380248834,0.36765632233887646,bull,0.30462962962962964,0.08155699721964782,2026-03-31,2026-05-15,11447812000.0,3113307000.0,1824178000.0,1924721000.0,278481000.0,1646240000.0,12.28,31638843000.0,19973296000.0,35132291000.0,20548418000.0,14583873000.0,7671980000.0,,,,0.144686424681811,1560244207.1967833,15158995000.0,0.1029253065389086,0.1128808513348957,0.0468583161855285,1.4089822367487703,0.2719565101173918,0.1593473058432476,0.1438038989459295,0.6298963899650951,,,83.63888359987813,83.63888359987813,True,64.69859890557095,64.69859890557095,69.43367007914775,63.0,True,False,True,True,False,True,True,False,True,True,True,True,True,True,True,True,False,11,False,0.024327976805537777,0.32373595075208494,1.0,10429533400.5,0.024074074074074074,3.0,2.0,,,,,,-0.02218611930377955,-0.1699240688180823,0.3919276122629573,-0.567678607238315,0.8041322314049587,-0.567678607238315,0.7823267577846528,-63.0,0.9008264462809917,0.49586776859504134,0.8842975206611571,0.8983471074380165,0.7760330578512397,創意
66.5999984741211,70.0999984741211,66.0,69.19999694824219,518776077.0,0.03283577534689841,67.77999877929688,0.31840124889484356,60.24751091003418,1.5677178103610006,43.645876534779866,3.0586510290174305,34.14877154032389,0.056137678126213196,75.14124622544179,452758363.35,1.1458122455464521,0.14859511875231646,3481.TW,2026-07-06,0.039366283380248834,0.36765632233887646,bull,0.049074074074074076,0.021316033364226137,2026-03-31,2026-05-15,66644538000.0,9618800000.0,1498477000.0,2407624000.0,615513000.0,1629503000.0,0.2,182233903000.0,124944734000.0,387253843000.0,158168711000.0,229085132000.0,58551743000.0,32901792000.0,18391019000.0,,0.2556516299887358,1115388912.4493692,262309109000.0,0.0042521928296793,0.0071130892946819,0.0042078420381227,0.6904363876395087,0.1443299074261719,0.0224846183193587,0.0244506609078751,0.1915219048549084,,,29.43055491864947,29.43055491864947,False,84.20997898989256,84.20997898989256,70.51512297208178,693.0,True,True,True,True,True,True,True,False,True,True,True,True,True,True,False,False,False,13,False,0.5854876208775219,1.0264271253953825,1.0,31330877362.11113,0.006481481481481481,1.0,3.0,,,,,,-0.20294888372787812,-0.34386327443353343,0.1676426494687622,-1.6425794157707507,0.0859504132231405,-1.6425794157707507,0.09987942658143653,-693.0,0.23140495867768596,0.5537190082644629,0.049586776859504134,0.20413223140495868,0.29173553719008266,群創
71.5,76.9000015258789,70.5,74.0999984741211,2768396.0,0.0897058599135454,70.0000015258789,0.25806445763102004,64.34500045776367,0.4168259953168938,61.958333587646486,0.5309916557440748,56.52958351771037,0.03274215781391188,67.45842931238856,1741091.3,1.59003493958071,0.15160459937770354,3588.TW,2026-07-06,0.039366283380248834,0.36765632233887646,bull,0.06574074074074074,0.17145505097312327,2026-03-31,2026-05-15,397055000.0,133436000.0,19255000.0,27933000.0,5206000.0,22727000.0,0.37,1568974000.0,222818000.0,2039650000.0,244854000.0,1794796000.0,526253000.0,,0.0,,0.1863745390756453,15666358.25009845,1816832000.0,0.0086228986775323,0.0126627204428804,0.011142597994754,0.1364244181511436,0.3360642732115198,0.0484945410585435,0.0572389215599853,0.1515850227674817,,,45.81444743521709,45.81444743521709,False,86.48232676396832,86.48232676396832,76.31535693178051,419.0,True,True,True,True,True,True,True,True,True,True,True,True,True,False,False,False,False,13,False,0.195965000725834,0.31081805070978485,1.0,129014862.67330551,0.38055555555555554,1.0,3.0,,,,,,-0.07360498929567587,-0.184763722589731,0.2022100067197908,-1.586888790733213,0.3611570247933884,-1.586888790733213,0.38004914379341115,-419.0,0.47107438016528924,0.768595041322314,0.32231404958677684,0.44876033057851233,0.5305785123966942,通嘉
28.25,28.700000762939453,26.850000381469727,27.0,4393404.0,0.030534321136057585,26.690000152587892,0.11340206185567014,25.017500019073488,0.2026725649190937,24.666666634877526,0.4673913347698566,22.11333335240682,0.018420519353679842,66.96832696342139,3563510.5,1.2328865033511196,0.07924452800699688,3591.TW,2026-07-06,0.039366283380248834,0.36765632233887646,bull,0.1648148148148148,0.31417979610750696,2026-03-31,2026-05-15,581640000.0,129432000.0,21965000.0,26378000.0,7095000.0,16630000.0,0.12,2403392000.0,678296000.0,4222147000.0,1178716000.0,3043431000.0,1017515000.0,85000000.0,148925000.0,286171000.0,0.2689741451209341,16056982.902418682,3543851000.0,0.0045309418771891,0.0054642277087931,0.0039387543825451,0.3872984141910889,0.2225293996286362,0.037763908947115,0.0285915686679045,0.0154630985905657,,,28.82807983570504,28.82807983570504,False,74.1140177775754,74.1140177775754,62.79253329210781,704.0,True,False,True,True,True,True,True,True,True,False,True,True,True,True,False,False,False,12,False,0.09459459600525233,0.22098281474426895,1.0,96214783.5,0.4148148148148148,0.0,3.0,,,,,,-0.0672110141778805,-0.16783541004584263,0.20165388702839815,-1.5148990840437981,0.406198347107438,-1.5148990840437981,0.46968611286078266,-704.0,0.2231404958677686,0.2892561983471074,0.47107438016528924,0.26033057851239666,0.29256198347107437,艾笛森
90.3000030517578,91.5,85.80000305175781,87.69999694824219,11743330.0,0.12435893523387409,85.89999847412109,0.16933329264322916,77.9199993133545,0.3596898751665456,77.60881017049154,0.40996777930099904,69.94118719100952,0.02919032453304027,68.19407457066652,5444557.25,2.156893473753077,0.12551331777554986,3605.TW,2026-07-06,0.039366283380248834,0.36765632233887646,bull,0.10648148148148148,0.19925857275254866,2026-03-31,2026-05-15,2821542000.0,693877000.0,147463000.0,143021000.0,35356000.0,107659000.0,0.67,7733924000.0,4283420000.0,15202980000.0,7237415000.0,7965565000.0,2596697000.0,794000000.0,2115835000.0,130740000.0,0.2472084519056642,111008900.05663504,10919560000.0,0.010166059809794,0.0135155509998349,0.007081440612301,0.9085877775148404,0.2459212019526911,0.0522632659730034,0.0381560862818983,0.0947751117457165,,,35.95481269053683,35.95481269053683,False,79.18989609917007,79.18989609917007,68.38112524701175,592.0,True,True,True,True,True,True,True,True,True,False,False,True,True,True,False,False,False,12,False,0.13002630443093088,0.25391061362360534,1.0,477487654.2095299,0.24259259259259258,1.0,3.0,,,,,,-0.04233307237443733,-0.15954581735358578,0.26259901884140274,-1.6212062759325663,0.5450413223140497,-1.6212062759325663,0.49339795238342565,-592.0,0.35537190082644626,0.4628099173553719,0.512396694214876,0.37892561983471074,0.4190082644628099,宏致
698.0,712.0,676.0,679.0,23233577.0,0.0928329869911968,690.3777221679687,0.17677642980935881,623.8831939697266,0.7321428571428572,555.7277313232422,1.7105788423153694,440.75553232828776,0.03939170873764941,66.79379114730823,25739865.0,0.9026301031493367,0.0883447519712286,3711.TW,2026-07-06,0.039366283380248834,0.36765632233887646,bull,0.10185185185185185,0.082483781278962,2026-03-31,2026-05-15,173662152000.0,34849839000.0,17531793000.0,18200253000.0,3635258000.0,14147537000.0,3.24,337698528000.0,294501914000.0,957527444000.0,576383490000.0,381143954000.0,87811246000.0,40365151000.0,199142046000.0,1999351000.0,0.1997366739901912,14030050977.095484,663025530000.0,0.0211606496918685,0.0371186184419968,0.0147750720761586,1.5122461840231631,0.2006760747730455,0.1009534478186127,0.0814658625213857,0.1721790641369744,,,49.34794674627236,49.34794674627236,False,80.80686685750807,80.80686685750807,72.94213682969915,379.0,True,True,True,True,True,True,True,True,True,True,True,True,True,True,False,False,False,14,False,0.22182133755181588,0.5405365337405696,1.0,17477368335.0,0.012037037037037037,3.0,3.0,,,,,,-0.12658512687306067,-0.2852423563045871,0.1659247371281321,-1.3429584364136176,0.2078512396694215,-1.3429584364136176,0.244499598383998,-379.0,0.5041322314049587,0.6611570247933884,0.1322314049586777,0.44834710743801653,0.4768595041322314,日月光投控
15.550000190734863,15.850000381469728,15.449999809265137,15.699999809265137,505167.0,0.06081078425213082,15.370000076293945,0.01618122997322491,15.130000019073487,0.20306510190028182,14.27916661898295,0.08275860753552666,14.177499969800312,0.009507924542017413,63.99999084473006,416153.95,1.2138945214865797,0.03767348245030311,4155.TW,2026-07-06,0.039366283380248834,0.36765632233887646,bull,0.42777777777777776,0.3113994439295644,2026-03-31,2026-05-15,383779000.0,122643000.0,60100000.0,74753000.0,11183000.0,55352000.0,0.39,1271738000.0,511347000.0,3888106000.0,1297683000.0,2590423000.0,305794000.0,215000000.0,678514000.0,,0.1495993471833906,51109079.234278224,3376759000.0,0.0151355424637287,0.0213679387497717,0.0142362373865321,0.5009540912816169,0.3195667298106462,0.1566005435419864,0.1442288400355413,-0.0693423930703681,,,50.12101486575806,50.12101486575806,False,65.97026862419646,65.97026862419646,62.00795518458686,364.0,True,False,False,True,True,True,True,True,False,False,True,True,True,True,False,False,False,10,False,0.09950392961962562,0.10738845654790485,1.0,6533616.935624934,0.7611111111111111,0.0,3.0,,,,,,0.03015772273941603,-0.023584901287558656,0.21436783345071278,-1.1065652454533723,0.7975206611570249,-1.1065652454533723,0.7408181746567476,-364.0,0.5289256198347108,0.24793388429752067,0.8677685950413223,0.5797520661157025,0.512396694214876,訊映
16.700000762939453,16.850000381469727,16.450000762939453,16.450000762939453,2421386.0,0.03459126777388066,16.229999923706053,0.10033451323154563,15.915000009536744,0.218518575032552,14.418333355585734,0.1584507735138312,14.045833349227905,0.02429605853816536,58.82356901072492,2723331.25,0.8891265063697265,0.03361613277298914,4306.TW,2026-07-06,0.039366283380248834,0.36765632233887646,bull,0.1824074074074074,0.29471733086190915,2026-03-31,2026-05-15,3266440000.0,556508000.0,165625000.0,302191000.0,119003000.0,155400000.0,0.24,24550171000.0,15849766000.0,37327313000.0,24023660000.0,13303653000.0,2738401000.0,5787002000.0,7511840000.0,,0.3938006095482658,100401774.04356848,21477547000.0,0.0046747318976216,0.0116810022029287,0.0041631713485511,1.8057942431300635,0.1703714135266528,0.0507050489217619,0.0475747296751203,0.0909570639640227,,,24.18555826097449,24.18555826097449,False,72.54293224922905,72.54293224922905,60.45358875216541,782.0,True,False,True,True,True,True,True,True,True,False,True,True,True,True,False,False,False,12,False,0.14090861663748688,0.17116587915687487,1.0,44798801.140236855,0.5185185185185185,0.0,3.0,,,,,,-0.038197649202119294,-0.10255082888272256,0.2560866930197304,-1.5216419495148237,0.6520661157024794,-1.5216419495148237,0.6615175013624115,-782.0,0.17355371900826447,0.17355371900826447,0.7520661157024794,0.2603305785123967,0.2892561983471075,炎洲
29.600000381469727,30.399999618530277,28.350000381469727,28.850000381469727,5949841.0,0.10325050869316987,28.589999771118165,0.17515280154949742,25.344999980926513,0.1799590789870098,24.238333320617677,0.23467495328045707,24.22050363222758,0.040541927569466354,76.87500074505793,3408988.5,1.745339123320598,0.1382915921554908,4532.TW,2026-07-06,0.039366283380248834,0.36765632233887646,bull,0.10277777777777777,0.3345690454124189,2026-03-31,2026-05-15,6030902000.0,849590000.0,354579000.0,384463000.0,131699000.0,231451000.0,0.48,23674375000.0,18186252000.0,30668217000.0,19377741000.0,11290476000.0,3406826000.0,3963057000.0,44574000.0,,0.3425531195459641,233116857.4245116,12481965000.0,0.0186762947520291,0.0204996671530943,0.0075469336870806,1.7162908809159154,0.1408727914995136,0.058793692883751,0.0383775096992124,-0.0892861403437241,,,25.8464293682754,25.8464293682754,False,77.34128117035121,77.34128117035121,64.46756821983226,756.0,True,True,True,True,True,True,True,False,True,False,False,True,True,True,False,False,False,11,False,0.1902633733041892,0.19113957412025817,1.0,98349319.52542591,0.412962962962963,0.0,3.0,,,,,,-0.02799872969692174,-0.09635247037961729,0.28362433259319714,-1.4887474818760058,0.7450413223140496,-1.4887474818760058,0.6033776100135068,-756.0,0.19834710743801653,0.3140495867768595,0.6528925619834711,0.2665289256198347,0.3239669421487603,瑞智
176.5,177.0,174.5,175.0,521607.0,0.05740181268882183,169.8,0.07692307692307687,165.7,0.17449664429530198,158.89166666666668,0.08359133126934992,159.32916666666668,0.011753930697603315,71.42857142857143,245043.6,2.128629354123103,0.05612552806276416,4536.TW,2026-07-06,0.039366283380248834,0.36765632233887646,bull,0.23425925925925925,0.34198331788693237,2026-03-31,2026-05-15,2316961000.0,794900000.0,396418000.0,448947000.0,83458000.0,327949000.0,3.61,9168173000.0,3277337000.0,14414904000.0,4782570000.0,9632334000.0,5697733000.0,352903000.0,784549000.0,,0.1858972217210494,322724995.159785,11137567000.0,0.0289762562290116,0.0340466806902667,0.022750689147843,0.4965120603168453,0.3430787138842647,0.1710939459058655,0.1415427363688901,-0.0352736858453488,,,64.73287402560862,64.73287402560862,False,64.69452199592007,64.69452199592007,64.70411000334221,213.0,True,False,True,True,True,True,True,True,True,False,True,True,True,True,True,False,False,12,False,0.10137934651492087,0.09835508250738756,1.0,42882630.0,0.5231481481481481,2.0,3.0,,,,,,0.01441972202912419,-0.04072412650147982,0.23930247857819276,-1.2633360365752317,0.8095041322314049,-1.2633360365752317,0.45004929653756937,-213.0,0.6942148760330579,0.3305785123966942,0.4214876033057851,0.653305785123967,0.5305785123966942,拓凱
51.400001525878906,52.20000076293945,49.79999923706055,50.0,13610490.0,0.04493211273646547,49.220000457763675,0.14810564583088626,45.88999977111816,0.18623957746007247,43.898333358764646,-0.036608891522508125,45.80500005086263,0.03210571076379524,66.25000625848921,10882541.75,1.250671976516883,0.08956200151189697,4763.TW,2026-07-06,0.039366283380248834,0.36765632233887646,bull,0.12962962962962962,0.329935125115848,2026-03-31,2026-05-15,2711414000.0,1506899000.0,1344230000.0,1277102000.0,163292000.0,1114887000.0,1.13,18689835000.0,1425022000.0,23180026000.0,1425022000.0,21755004000.0,10088044000.0,,,,0.1278613611128946,1172354922.5512135,21755004000.0,0.0538889775681591,0.0512473819816351,0.0480968830664814,0.0655031826240988,0.5557613112567834,0.4957671532270616,0.4111828735855166,-0.3473205110583516,,,80.5798896395777,80.5798896395777,False,76.58182595963679,76.58182595963679,77.58134187962202,83.0,True,True,True,True,True,True,True,True,True,False,True,True,True,True,True,False,False,13,False,0.13899540539201616,0.091583887009697,1.0,544127087.5,0.22685185185185186,1.0,2.0,,,,,,-0.041236521454469224,-0.11168655216526258,0.17468504498092835,-1.3237370349535773,0.5648760330578513,-1.3237370349535773,0.2807228147147024,-83.0,0.8760330578512396,0.8264462809917356,0.18181818181818182,0.7719008264462809,0.7223140495867768,材料*-KY
59.70000076293945,60.70000076293945,58.70000076293945,59.20000076293945,1463988.0,0.044091710165091724,58.37999954223633,0.1983805452298757,55.38474178314209,0.45633452744770775,51.19324722290039,0.6770538822218137,45.904123592376706,0.03436378068092994,53.39872717987709,2140101.1,0.6840742243438873,0.06888646325617875,4952.TW,2026-07-06,0.039366283380248834,0.36765632233887646,bull,0.08888888888888889,0.15291936978683968,2026-03-31,2026-05-15,586800000.0,217186000.0,50714000.0,57361000.0,2716000.0,54645000.0,0.5,1968997000.0,498939000.0,2855009000.0,669784000.0,2185225000.0,875328000.0,135979000.0,,,0.0473492442600373,48312730.42659647,2356070000.0,0.0205056430524545,0.0250065782699722,0.0191400447424158,0.3065057373954627,0.3701192910702113,0.0864246762099522,0.0931237218813905,0.1151907683185478,,,59.13696523613547,59.13696523613547,False,75.80502900431844,75.80502900431844,71.6380130622727,276.0,True,True,True,True,True,True,True,True,True,True,True,True,False,True,False,False,False,13,False,0.1564025330367671,0.28964450533090647,1.0,126693986.75276756,0.38333333333333336,1.0,3.0,,,,,,-0.03920375184760178,-0.14307579451891342,0.2718194900815675,-1.3027020982361286,0.6801652892561982,-1.3027020982361286,0.7039672079594466,-276.0,0.5950413223140496,0.6033057851239669,0.8181818181818182,0.6285123966942149,0.6421487603305785,凌通
616.0,621.0,567.0,579.0,33823421.0,0.010471204188481575,604.6,0.15666218576536517,585.45,1.212363258299654,465.4523495992025,3.1053362720833606,325.1320353190104,0.041446019158656346,48.09688581314879,34105834.45,0.9917194974245821,-0.011017166282346946,4958.TW,2026-07-06,0.039366283380248834,0.36765632233887646,bull,0.12129629629629629,0.03243744207599629,2026-03-31,2026-05-15,40728186000.0,8811686000.0,2503378000.0,2400190000.0,352753000.0,1425634000.0,1.33,132303699000.0,83301038000.0,298402969000.0,123677759000.0,174725210000.0,82443029000.0,32052909000.0,19106770000.0,11406206000.0,0.1469687816381203,2135459585.3603256,215101931000.0,0.0099276634822972,0.0081592919533477,0.0047775462984753,0.7078415244142502,0.2163535100728522,0.061465492226931,0.035003621325045,0.0161248203146593,,,31.59280514295768,31.59280514295768,False,70.5501750592112,70.5501750592112,60.81083258014782,655.0,True,False,True,True,False,True,True,False,True,True,True,True,True,True,False,False,False,11,False,0.2439511810361954,0.7808149831556939,1.0,19747278146.550003,0.009259259259259259,3.0,3.0,,,,,,-0.206741763126,-0.3403648949822614,0.12552887894327386,-1.7757534326672533,0.03595041322314049,-1.7757534326672533,0.057821274136511024,-655.0,0.2644628099173554,0.19008264462809918,0.01652892561983471,0.2272727272727273,0.1925619834710744,臻鼎-KY
99.0,106.5,99.0,106.5,7373422.0,0.07793518937654742,98.4000015258789,0.1601306803873872,94.55168266296387,1.0679611650485437,77.42556095123291,1.1172962547787049,63.93611380259196,0.016283901271081182,65.8755972612309,5065730.4,1.4555496281444429,0.12636810895927408,5285.TW,2026-07-06,0.039366283380248834,0.36765632233887646,bull,0.11481481481481481,0.04541241890639481,2026-03-31,2026-05-15,1357374000.0,253577000.0,134024000.0,129371000.0,27307000.0,102064000.0,1.0,3890434000.0,1502170000.0,5486212000.0,2514807000.0,2971405000.0,1258334000.0,380000000.0,805975000.0,,0.2110751250280202,105734867.44324462,3984042000.0,0.0265395965813725,0.0343487340163996,0.0186037287658588,0.8463359925691718,0.1868143930854724,0.0987377097248068,0.0751922462048042,0.0164466220511887,,,49.817373099182696,49.817373099182696,False,88.79916169384283,88.79916169384283,79.0537145451778,375.0,True,True,True,True,True,True,True,True,True,True,True,True,True,True,False,False,False,14,False,0.3755147355933248,0.6657252633281334,1.0,539500287.6,0.22962962962962963,2.0,3.0,,,,,,-0.02160210763340355,-0.1146180422493984,0.28859419935862596,-1.282398911032901,0.8,-1.282398911032901,0.8155102489901731,-375.0,0.5206611570247934,0.8925619834710744,0.8925619834710744,0.5764462809917356,0.706611570247934,界霖
527.0,535.0,521.0,522.0,1907518.0,-0.03153988868274582,535.2,0.13849509269356597,492.525,0.4281805745554035,449.1333333333333,0.7938144329896908,387.35,0.03804204647241678,63.989637305699475,1584284.75,1.2040247184099955,0.059844677935130264,5434.TW,2026-07-06,0.039366283380248834,0.36765632233887646,bull,0.1361111111111111,0.164967562557924,2026-03-31,2026-05-15,18536692000.0,2517460000.0,1430469000.0,1720554000.0,385901000.0,1322921000.0,6.86,26594173000.0,20377745000.0,43809103000.0,24343457000.0,19465646000.0,6619207000.0,553886000.0,2499050000.0,0.0,0.2242888046524549,1109630817.8976076,23431358000.0,0.0473566584530699,0.0679618338893042,0.0301973998417634,1.25058562145844,0.1358095608428947,0.07716959422965,0.0713676960268854,0.1762262681445767,,,65.82773904429318,65.82773904429318,False,80.15792085550774,80.15792085550774,76.5753754027041,203.0,True,True,True,True,True,True,True,True,True,True,True,True,True,True,True,False,False,14,False,0.1622383850378506,0.34761843294178374,1.0,826996639.5,0.17222222222222222,3.0,3.0,,,,,,-0.03777330769287989,-0.13993505838005532,0.21551355324283097,-1.3569263665897955,0.5871900826446281,-1.3569263665897955,0.6118110535250777,-203.0,0.7107438016528925,0.7851239669421488,0.6694214876033058,0.7045454545454545,0.7247933884297519,崇越
62.5,65.9000015258789,62.20000076293945,63.79999923706055,6739111.0,0.08873721669525092,62.23999938964844,0.24609371653059542,58.472500038146975,0.6050314273474351,51.11249987284342,0.9421614064098529,44.74958324432373,0.04457147744643855,62.50000186264611,6305729.65,1.068728184374349,0.09111119236287069,5471.TW,2026-07-06,0.039366283380248834,0.36765632233887646,bull,0.07037037037037037,0.10658016682113068,2026-03-31,2026-05-15,762695000.0,324634000.0,69170000.0,100354000.0,20035000.0,80319000.0,0.48,2907264000.0,471709000.0,4129482000.0,577986000.0,3551496000.0,1448788000.0,,,,0.1996432628495127,55360675.5086992,3657773000.0,0.0151350768647204,0.0226155400428439,0.019450139266862,0.1627443758911737,0.4256406558322789,0.0906915608467342,0.1053094618425451,0.2391711942393677,,,64.00671286733612,64.00671286733612,False,86.72305021544598,86.72305021544598,81.0439658784185,224.0,True,True,True,True,True,True,True,True,True,True,True,True,True,True,True,False,False,14,False,0.2482269385332514,0.42571158459119895,1.0,402305546.8591101,0.2601851851851852,1.0,3.0,,,,,,-0.055907854318683024,-0.20884534265444382,0.23734095270590028,-1.5359422238685094,0.44214876033057854,-1.5359422238685094,0.4583889866037573,-224.0,0.6776859504132231,0.9586776859504132,0.4380165289256198,0.6417355371900826,0.7140495867768595,松翰
960.0,960.0,928.0,932.0,3756375.0,-0.02408376963350789,930.8,0.15346534653465338,842.9,0.5404958677685952,762.4,0.6884057971014492,662.7833333333333,0.04319306930693066,56.07235142118863,5625507.85,0.667739713490934,0.10570648950053396,6139.TW,2026-07-06,0.039366283380248834,0.36765632233887646,bull,0.12407407407407407,0.12882298424467098,2026-03-31,2026-05-15,20346268000.0,3810888000.0,3500691000.0,3755759000.0,771489000.0,2227075000.0,9.45,80079673000.0,54933867000.0,86440236000.0,56432727000.0,30007509000.0,42080764000.0,1694774000.0,301468000.0,0.0,0.2054149374334189,2781596777.261268,31506369000.0,0.0882868088436743,0.0742172567539678,0.0257643327119097,1.8806201807687533,0.1873015729469404,0.1720556811696376,0.1094586486327615,0.6849960227627989,,,75.64712525562624,75.64712525562624,False,81.39091220913731,81.39091220913731,79.95496547075955,113.0,True,True,True,True,True,True,True,True,True,True,True,True,False,True,True,False,False,13,False,0.22245540398740826,0.406191062941635,1.0,5242973316.2,0.03611111111111111,3.0,3.0,,,,,,-0.016888518518751013,-0.08872425936803895,0.3847428377675328,-0.8434173500837068,0.8987603305785123,-0.8434173500837068,0.9206562535620059,-113.0,0.8347107438016529,0.9173553719008265,0.9586776859504132,0.8533057851239669,0.884297520661157,亞翔
49.59999847412109,52.5,49.59999847412109,52.0,1938951.0,0.1052072442764338,48.92999954223633,0.05369810755452331,48.44249973297119,0.15044245845756765,48.81749992370605,0.10052910052910047,46.801250044504805,0.0014471047969562849,67.20430658847494,541335.55,3.5817913676646578,0.07343758655393007,6165.TW,2026-07-06,0.039366283380248834,0.36765632233887646,bull,0.29444444444444445,0.37812789620018533,2026-03-31,2026-05-15,846893000.0,253272000.0,99050000.0,102509000.0,21506000.0,80227000.0,1.09,1574926000.0,1494405000.0,3353487000.0,2068820000.0,1284667000.0,826678000.0,320000000.0,500000000.0,0.0,0.2097962130154425,78269685.10082042,1859082000.0,0.0421012548670905,0.062449646484264,0.0239234563903184,1.6103939775832958,0.2990602118567517,0.1169569237199976,0.0947309754597097,0.0646836157552854,,,65.88343003781296,65.88343003781296,False,55.939594153961835,55.939594153961835,58.42555312492462,202.0,True,False,True,True,True,False,True,True,True,False,False,True,False,True,True,False,False,9,False,0.0651917873972998,0.11108143373417456,1.0,28149448.6,0.5805555555555556,1.0,3.0,,,,,,-0.005215229538235434,-0.045262377545096585,0.25507896601616115,-0.5547151401222901,0.8607438016528925,-0.5547151401222901,0.7047760615448363,-202.0,0.71900826446281,0.10743801652892562,0.8264462809917356,0.7351239669421488,0.5570247933884298,浪凡
595.0,596.0,568.0,570.0,1692689.0,0.0714285714285714,574.2,0.13095238095238093,543.8932830810547,0.7896389324960753,459.4060943603516,1.0727272727272728,372.25304718017577,0.030602000096929052,50.91001266250847,2149673.35,0.7874168417262092,0.047999704594724024,6196.TW,2026-07-06,0.039366283380248834,0.36765632233887646,bull,0.1425925925925926,0.08063021316033364,2026-03-31,2026-05-15,14308544000.0,1941121000.0,1179768000.0,1386251000.0,277186000.0,1112712000.0,5.08,46337341000.0,36023511000.0,57381180000.0,39725563000.0,17655617000.0,12671163000.0,1883857000.0,1404012000.0,0.0,0.1999536880406218,943869037.3676916,21357669000.0,0.0441934481411661,0.0630231160995393,0.0193915844881544,2.2500240574996613,0.1356616717955369,0.0824519951156455,0.0777655644068327,0.0790146048289421,,,51.54752142541584,51.54752142541584,False,72.70644227610755,72.70644227610755,67.41671206343462,346.0,True,False,True,True,True,True,True,True,True,True,True,True,False,True,False,False,False,12,False,0.24073234333913773,0.5312164784620605,1.0,1225313809.5,0.14444444444444443,3.0,3.0,,,,,,-0.027196043166307183,-0.16147843548087096,0.24187868432443765,-1.349604132273633,0.6462809917355371,-1.349604132273633,0.648233585213224,-346.0,0.5454545454545454,0.4214876033057851,0.6942148760330579,0.5677685950413223,0.5380165289256198,帆宣
375.0,375.0,363.0,372.5,2467565.0,0.10322527231571677,358.5227416992187,0.14615384615384608,343.3725051879883,1.0810055865921786,268.39916839599607,1.6798561151079139,212.88708419799804,0.030323106968721595,65.44923819108791,4430434.85,0.556957744226845,0.08482768530364737,6197.TW,2026-07-06,0.039366283380248834,0.36765632233887646,bull,0.13148148148148148,0.04170528266913809,2026-03-31,2026-05-15,2025886000.0,724668000.0,458448000.0,506606000.0,96522000.0,391675000.0,3.21,6657237000.0,3109326000.0,9069219000.0,4243979000.0,4825240000.0,2462563000.0,,,965928000.0,0.1905267604410528,371101387.7293202,5959893000.0,0.0622664513824862,0.0811721282257462,0.0431872909894446,0.8795373908862565,0.3577042340980687,0.2262950629995962,0.1933351629854789,0.2107817033776495,,,89.98012274352672,89.98012274352672,True,82.13829927403336,82.13829927403336,84.0987551414067,33.0,True,True,True,True,True,True,True,True,True,True,False,True,False,True,True,True,False,12,False,0.38785824943545877,0.7497538725907493,1.0,1650336981.6249998,0.11388888888888889,2.0,2.0,,,,,,-0.07914070043647328,-0.23226785913285028,0.1617987069157524,-1.7559938318979222,0.1971074380165289,-1.7559938318979222,0.2779292899579641,-33.0,0.9421487603305785,0.9834710743801653,0.17355371900826447,0.8268595041322313,0.8008264462809916,佳必琪
68.30000305175781,71.9000015258789,67.80000305175781,69.0999984741211,10100507.0,0.09682537260509672,67.1,0.25636360862038354,63.84500026702881,0.42327496519039576,58.66583353678386,0.8600268004292175,53.865416844685875,0.03982084479427749,54.887221639341384,9217208.6,1.0958314429381582,0.082308687996139,6202.TW,2026-07-06,0.039366283380248834,0.36765632233887646,bull,0.06759259259259259,0.1686746987951807,2026-03-31,2026-05-15,825585000.0,330355000.0,55209000.0,86457000.0,15086000.0,68431000.0,0.3,4419323000.0,1032349000.0,5479665000.0,1377619000.0,4102046000.0,932254000.0,400000000.0,,,0.1744913656499762,45575506.19383046,4447316000.0,0.0102478677462609,0.0166821629986596,0.0124881721784087,0.335837043270602,0.4001465627403598,0.0668725812605607,0.0828878916162478,0.0849555614839034,,,49.258241412318746,49.258241412318746,False,79.62103148688493,79.62103148688493,72.03033396824338,381.0,True,True,True,True,True,True,True,True,True,True,True,True,True,True,False,False,False,14,False,0.17785760992886845,0.2828267657031638,1.0,636909100.1956558,0.2074074074074074,1.0,3.0,,,,,,-0.08342841177183641,-0.20000595199522997,0.22784093747440237,-1.5897257410403516,0.3603305785123967,-1.5897257410403516,0.358865356071443,-381.0,0.49586776859504134,0.628099173553719,0.256198347107438,0.4599173553719008,0.487603305785124,盛群
294.0,302.0,272.0,272.0,28925215.0,0.11934156378600824,273.9,0.16466402356848575,248.5384376525879,0.5722543352601157,215.11552098592122,1.0374531835205993,181.77859382629396,0.03279446254218616,56.11353711790393,15893801.45,1.8199053946279165,0.09439812436661055,6271.TW,2026-07-06,0.039366283380248834,0.36765632233887646,bull,0.11203703703703703,0.11399443929564411,2026-03-31,2026-05-15,2819237000.0,788543000.0,393499000.0,465740000.0,71043000.0,394293000.0,1.89,11855565000.0,4582832000.0,34771625000.0,8286661000.0,26484964000.0,4593272000.0,0.0,3342284000.0,0.0,0.1525378966805513,333475490.1940997,30188793000.0,0.0110463339887122,0.0148874282026586,0.0113395045529221,0.3128817165845496,0.2797008552313977,0.1395764173072359,0.1398580537925687,-0.0307443766240285,,,45.5192454868206,45.5192454868206,False,84.39359011282039,84.39359011282039,74.67500395632044,426.0,True,True,True,True,True,True,True,True,True,True,False,True,True,True,False,False,False,13,False,0.26443688839078106,0.49632580093517964,1.0,4323113994.4,0.05,2.0,3.0,,,,,,-0.07943172863416353,-0.2165738262192663,0.2197920292640113,-1.6718082705484305,0.31859504132231403,-1.6718082705484305,0.32400895282012854,-426.0,0.45454545454545453,0.6942148760330579,0.2231404958677686,0.41983471074380163,0.48016528925619834,同欣電
378.5,391.5,378.5,384.0,1236294.0,0.06666666666666665,374.6,0.03748605221634649,372.37137908935546,0.38129496402877705,347.60384470621744,0.34031413612565453,314.13525568644206,0.0015730665772753733,61.84895804419724,1688460.85,0.7322017564102833,0.031228557197609197,6414.TW,2026-07-06,0.039366283380248834,0.36765632233887646,bull,0.34629629629629627,0.1872103799814643,2026-03-31,2026-05-15,37112748000.0,7463263000.0,1991965000.0,2414012000.0,571474000.0,751782000.0,5.15,113547832000.0,89321445000.0,170294132000.0,107066225000.0,63227907000.0,26537871000.0,13786805000.0,9111537000.0,0.0,0.236732046071022,1520403049.848137,80972687000.0,0.0187767394930112,0.0118900345697035,0.0044146089543472,1.693338117296845,0.2010970192775808,0.0536733361808724,0.0202567053240034,0.0767958564505,,,30.957982203301764,30.957982203301764,False,71.58994466226723,71.58994466226723,61.43195404752586,665.0,True,False,True,True,True,True,True,True,False,True,True,True,False,True,False,False,False,11,False,0.10470584790149062,0.22240338532168535,1.0,648368966.4000001,0.2037037037037037,2.0,3.0,,,,,,-0.039748885931953075,-0.12244156756172232,0.18790074259982342,-1.7080706030286092,0.45826446280991734,-1.7080706030286092,0.47271924204978355,-665.0,0.256198347107438,0.21487603305785125,0.4793388429752066,0.2896694214876033,0.2884297520661157,樺漢
710.0,715.0,684.0,686.0,609473.0,0.07861635220125796,694.0,0.025411061285500747,667.55,0.4351464435146444,643.0916666666667,0.5502824858757063,558.075,0.001124775044991002,56.2753036437247,770768.65,0.7907340289462992,0.027638379147629566,6526.TW,2026-07-06,0.039366283380248834,0.36765632233887646,bull,0.3861111111111111,0.16311399443929564,2026-03-31,2026-05-15,5455465000.0,2876501000.0,815987000.0,894988000.0,149188000.0,748032000.0,4.47,18282679000.0,7320050000.0,28462670000.0,8205391000.0,20257279000.0,12433021000.0,,,,0.1666927377797244,679967892.9773359,21142620000.0,0.0321610043115439,0.0369265783425306,0.026281160551698,0.4050588926577947,0.5272696277952476,0.1495724012526888,0.1371160845134191,0.0446037459686614,,,74.05844799557384,74.05844799557384,False,66.39235244990307,66.39235244990307,68.30887633632076,128.0,True,False,True,True,True,True,True,True,False,True,True,True,False,True,True,False,False,11,False,0.06672195513858825,0.22922546252743792,1.0,528747293.90000004,0.23425925925925925,3.0,3.0,,,,,,-0.018419808863551896,-0.10291415147478948,0.2373637839107709,-1.253076501891841,0.7462809917355372,-1.253076501891841,0.6947619000443095,-128.0,0.8016528925619835,0.45454545454545453,0.7933884297520661,0.8004132231404958,0.6958677685950413,達發
317.5,317.5,304.5,308.0,4396366.0,0.09413854351687378,302.2,0.40639269406392686,258.575,1.0440355333547475,217.99110438028973,2.3993679072607303,159.91769574483234,0.08782078249894826,71.77177177177177,6389377.3,0.6880742509915638,0.19114376873247618,6672.TW,2026-07-06,0.039366283380248834,0.36765632233887646,bull,0.03333333333333333,0.04911955514365153,2026-03-31,2026-05-15,1245827000.0,423777000.0,145352000.0,148482000.0,24894000.0,123588000.0,1.73,4606299000.0,1439948000.0,6456499000.0,2742865000.0,3713634000.0,1563255000.0,30000000.0,69263000.0,896840000.0,0.1676566856588677,120982765.42611226,5016551000.0,0.0241167219123481,0.0332795315855035,0.0191416431722517,0.7385932485538425,0.3401571807321562,0.1166710947828229,0.0992015745364324,0.2185628742514969,,,64.4879602565514,64.4879602565514,False,82.77201112140871,82.77201112140871,78.20099840519438,216.0,True,True,True,True,True,True,True,True,True,True,True,False,False,False,True,False,False,11,False,0.41290169099142693,0.925990732704469,1.0,1967928208.3999999,0.1,2.0,3.0,,,,,,-0.10205725479801271,-0.26670234060573883,0.28510033934098566,-1.3661204550202155,0.4165289256198347,-1.3661204550202155,0.47394063799656,-216.0,0.6859504132231405,0.8512396694214877,0.48760330578512395,0.6561983471074381,0.6958677685950414,騰輝電子-KY
774.0,774.0,748.0,748.0,1237200.0,-0.0591194968553459,757.4,0.16510903426791268,723.6,0.2466666666666666,671.1,0.34050179211469533,636.7833333333333,0.04122598748111372,48.30188679245283,1270277.9,0.9739601074693971,0.03372028745163069,6691.TW,2026-07-06,0.039366283380248834,0.36765632233887646,bull,0.1111111111111111,0.2747914735866543,2026-03-31,2026-05-15,6977227000.0,1283352000.0,1098330000.0,1100675000.0,233735000.0,866940000.0,7.19,21151608000.0,15975842000.0,22175970000.0,16220137000.0,5955833000.0,7596288000.0,0.0,,,0.2123560542394439,865092974.9471915,6200128000.0,0.1395282444083721,0.1455615024800057,0.0390936676050698,2.723403594425834,0.1839343911270193,0.1574164062599654,0.1242528012919746,0.7680019541905503,,,72.9382876924978,72.9382876924978,False,67.60690378130286,67.60690378130286,68.9397497591016,138.0,True,False,True,True,True,True,True,False,True,False,True,True,True,True,True,False,False,11,False,0.11458798986738183,0.1746538592404534,1.0,950167869.1999999,0.15833333333333333,3.0,3.0,,,,,,0.01111101494989748,-0.03364967508991709,0.4101426333015975,-0.5273766102471332,0.9661157024793388,-0.5273766102471332,0.9673990982983014,-138.0,0.7851239669421488,0.47107438016528924,0.9917355371900827,0.8161157024793388,0.7322314049586777,洋基工程
59.79999923706055,63.29999923706055,58.59999847412109,58.70000076293945,2113926.0,-0.0033955986037043084,58.81999969482422,0.11174245475628086,57.36249961853027,0.5266579869490726,52.036666552225746,0.29295151519938356,46.98291660944621,0.016569935671436727,54.88506030620623,2706514.8,0.7810509663571764,0.02331664682159551,6695.TW,2026-07-06,0.039366283380248834,0.36765632233887646,bull,0.16666666666666666,0.13253012048192772,2026-03-31,2026-05-15,252749000.0,95730000.0,-84498000.0,-65017000.0,,-65017000.0,-0.68,1361829000.0,278687000.0,1858288000.0,363232000.0,1495056000.0,680929000.0,,,,,-67598400.0,1579601000.0,-0.0427946044602402,-0.0434880031249665,-0.0349875799660763,0.2429554478226902,0.3787552077357378,-0.3343158627729486,-0.2572393956059173,0.0445425278235822,,,30.82571100332132,30.82571100332132,False,71.8354234522028,71.8354234522028,61.58299533998243,669.0,True,False,True,True,True,True,True,True,True,True,True,True,False,True,False,False,False,12,False,0.12805075059960203,0.24939031033116943,1.0,158872420.82490692,0.3527777777777778,1.0,3.0,,,,,,-0.07717370512899073,-0.20348903400994708,0.16776095350314366,-1.63213681616991,0.2809917355371901,-1.63213681616991,0.30164323079431843,-669.0,0.24793388429752067,0.23140495867768596,0.2066115702479339,0.24173553719008264,0.23471074380165288,芯鼎
30.950000762939453,32.0,30.950000762939453,31.450000762939453,408474.0,0.022764252453315592,31.309999847412108,0.03966944670874217,30.01749982833862,0.31589963451528535,28.544999885559083,0.12522361017753014,27.169166628519694,0.009500591177052787,68.0851017779452,609234.4,0.670471004263712,0.047722193480232766,6743.TW,2026-07-06,0.039366283380248834,0.36765632233887646,bull,0.33611111111111114,0.22706209453197404,2026-03-31,2026-05-15,1083929000.0,202549000.0,20890000.0,-14147000.0,13554000.0,-27701000.0,-0.19,4574864000.0,5204708000.0,8700114000.0,6010605000.0,2689509000.0,218291000.0,3463871000.0,578766000.0,,0.0,20890000.0,3495406000.0,0.0059764159013287,-0.0102996494899254,-0.0031839812673718,2.2348335699936306,0.1868655603826449,0.0192724800240606,-0.0255561019218048,-0.0671851414546325,,,10.90042619074367,10.90042619074367,False,65.34462845122538,65.34462845122538,51.733577886104946,1026.0,True,False,True,True,True,True,True,True,True,False,True,True,False,True,False,False,False,11,False,0.10176916759596866,0.15756221723511143,1.0,19160422.344808962,0.6333333333333333,1.0,3.0,,,,,,0.00958883921287145,-0.12487482306111823,0.21252839471183124,-1.1570321871141718,0.709504132231405,-1.1570321871141718,0.7351116891978196,-1026.0,0.03305785123966942,0.03305785123966942,0.859504132231405,0.15702479338842976,0.19834710743801656,安普新
101.5,106.5,100.5,102.5,250512.0,0.09042553191489366,99.26000061035157,0.0755508574782715,98.60999984741211,0.4531037535081386,94.09002634684245,0.257595250469157,85.69226557413737,0.0015234613064439107,51.918158268350155,286738.6,0.8736598421000871,0.03944833342061882,6756.TW,2026-07-06,0.039366283380248834,0.36765632233887646,bull,0.23981481481481481,0.15755329008341057,2026-03-31,2026-05-15,414892000.0,185087000.0,-50699000.0,46990000.0,8682000.0,44595000.0,0.64,1744541000.0,848091000.0,3944534000.0,980235000.0,2964299000.0,833541000.0,,113508000.0,,0.1847627154713768,-41331715.08831666,3096443000.0,-0.0133481272183329,0.0150440289592918,0.0113055179648597,0.3306802046622152,0.4461088668858401,-0.1221980660027187,0.1074858035344137,0.0636156451162206,,,42.16370730947515,42.16370730947515,False,67.1540844218552,67.1540844218552,60.90649014376019,478.0,True,False,True,True,True,True,True,True,True,True,True,True,True,True,False,False,False,13,False,0.0893822010651375,0.19614062381535802,1.0,29390706.499999996,0.5666666666666667,2.0,3.0,,,,,,-0.03246202189120232,-0.14464456086713823,0.29392060663662173,-1.3890206431470562,0.7123966942148761,-1.3890206431470562,0.6142924185734954,-478.0,0.39669421487603307,0.19834710743801653,0.6776859504132231,0.43884297520661153,0.3933884297520661,威鋒電子
338.0,347.5,330.5,332.0,1621401.0,0.04731861198738163,332.9,0.13915585422584398,305.3839385986328,0.6354679802955665,273.20365651448566,0.8495821727019499,233.13516159057616,0.034372400730399724,71.48148148148148,2714075.4,0.5974045525780161,0.08715606172186008,8016.TW,2026-07-06,0.039366283380248834,0.36765632233887646,bull,0.13425925925925927,0.09823911028730306,2026-03-31,2026-05-15,5328772000.0,1669417000.0,614352000.0,795608000.0,114691000.0,541690000.0,4.6,16315655000.0,7568958000.0,23295165000.0,7934322000.0,15360843000.0,6140979000.0,0.0,,,0.1441551618384933,525789988.014198,15726207000.0,0.0334339989302059,0.0352643406354716,0.0232533231681338,0.5165290733067189,0.3132836233188434,0.1152896014316244,0.1016538144247868,0.2299945941628962,,,70.50462844759238,70.50462844759238,False,75.77924960852799,75.77924960852799,74.46059431829408,160.0,True,True,True,True,True,True,True,True,True,True,True,True,False,True,True,False,False,13,False,0.21521067556574547,0.42406661326808703,1.0,901073032.8,0.16203703703703703,2.0,3.0,,,,,,-0.027371437188516225,-0.12777650502896415,0.24912093280272737,-1.4217229777424236,0.6735537190082644,-1.4217229777424236,0.6809144814607669,-160.0,0.743801652892562,0.6859504132231405,0.7851239669421488,0.75,0.7347107438016529,矽創
1160.0,1170.0,1070.0,1075.0,14018735.0,-0.00462962962962965,1153.0,0.2721893491124261,973.4456451416015,0.6068759342301944,890.5485483805338,3.4605809128630707,662.8534408569336,0.07575459155765192,65.8795617647966,18062843.35,0.7761089839712306,0.10432462805216614,8046.TW,2026-07-06,0.039366283380248834,0.36765632233887646,bull,0.06018518518518518,0.1056533827618165,2026-03-31,2026-05-15,11177241000.0,1771445000.0,1352237000.0,1598197000.0,289571000.0,1308626000.0,2.03,25923065000.0,8163676000.0,62161816000.0,15455246000.0,46706570000.0,9657576000.0,,,,0.1811860490289995,1107230520.6191726,53998140000.0,0.0205049751828335,0.0280180282988025,0.0210519267969906,0.3309008989527597,0.1584867857819295,0.1209812868846614,0.1170795189975773,0.3214942908705003,,,61.16068715346135,61.16068715346135,False,83.82509358552775,83.82509358552775,78.15899197751115,249.0,True,True,True,True,True,True,True,True,True,True,True,True,False,True,True,False,False,13,False,0.20712116364109723,0.6217762988606432,1.0,19417556601.25,0.010185185185185186,3.0,3.0,,,,,,-0.24272743269329589,-0.3799317134929554,0.15620773362284113,-1.8081952998706101,0.03429752066115703,-1.8081952998706101,0.042742653852296426,-249.0,0.6198347107438017,0.8429752066115702,0.008264462809917356,0.528099173553719,0.5644628099173553,南電
328.0,336.5,321.0,324.0,3798455.0,0.10045999893652646,309.85857543945315,0.15508021390374327,294.7584167480469,0.4086956521739131,272.61113891601565,0.5428571428571429,252.33890279134116,0.022246514275690042,64.3145023015123,1905472.4,1.9934452999686587,0.099205252811994,8081.TW,2026-07-06,0.039366283380248834,0.36765632233887646,bull,0.12314814814814815,0.17794253938832252,2026-03-31,2026-05-15,2111258000.0,836287000.0,370522000.0,438111000.0,35852000.0,395524000.0,4.62,8526362000.0,3289967000.0,12402096000.0,3675700000.0,8726396000.0,5153501000.0,,,,0.0818331427423643,340201020.28481364,9112129000.0,0.0373349653286091,0.0453250116084578,0.0318917060471068,0.4212162730180936,0.3961083865638401,0.1754982100719097,0.1873404387336839,-0.0216104520571243,,,76.58455198143469,76.58455198143469,False,83.16260530376117,83.16260530376117,81.51809197317955,105.0,True,True,True,True,True,True,True,True,True,True,False,True,True,True,True,False,False,13,False,0.18850609438896004,0.2839875120956492,1.0,617373057.6,0.21481481481481482,2.0,3.0,,,,,,-0.03550758160191671,-0.11433801940499552,0.2513202009234907,-1.5324895351258148,0.640909090909091,-1.5324895351258148,0.6650286793246326,-105.0,0.8512396694214877,0.9669421487603306,0.7603305785123967,0.837603305785124,0.8677685950413223,致新
40.650001525878906,43.25,40.650001525878906,42.70000076293945,3034954.0,0.08375632257001375,41.74000015258789,0.05824045545690826,42.388899421691896,0.5555555401145633,35.31546634038289,0.42570950501533966,32.59231651624044,0.003907743137039622,45.040179162325366,4656623.25,0.6517499563659138,0.007339217235924567,8163.TW,2026-07-06,0.039366283380248834,0.36765632233887646,bull,0.28055555555555556,0.12233549582947173,2026-03-31,2026-05-15,6024739000.0,1083613000.0,78937000.0,60349000.0,27879000.0,56888000.0,0.2,20417805000.0,15085268000.0,33141639000.0,20413316000.0,12728323000.0,6008622000.0,5347539000.0,4835856000.0,,0.4,47362200.0,18056371000.0,0.0026230187671708,0.0044694026070834,0.0017165113650534,1.6037710545214794,0.1798605715533901,0.0131021443418544,0.0094424007413433,0.0987348591424719,,,20.297029833794337,20.297029833794337,False,64.13654737392359,64.13654737392359,53.17666798889128,855.0,True,False,True,True,True,True,True,False,True,True,True,True,False,True,False,False,False,11,False,0.20910199376618221,0.3101247572157828,1.0,198837816.3277216,0.3333333333333333,1.0,3.0,,,,,,-0.08524205693145219,-0.18635514516424326,0.2545503191447252,-1.6754914216956966,0.3876033057851239,-1.6754914216956966,0.40259646699299356,-855.0,0.12396694214876033,0.04132231404958678,0.36363636363636365,0.15991735537190083,0.14710743801652892,達方
100.0,110.5,100.0,106.5,1136706.0,0.1116909875510268,101.21999969482422,0.2724014800843626,91.40999946594238,0.31157640397307307,90.27999992370606,1.5417660172213092,76.38833332061768,0.043254966700396115,76.43171273150756,886804.15,1.28180049676132,0.16508041376457805,8438.TW,2026-07-06,0.039366283380248834,0.36765632233887646,bull,0.05925925925925926,0.23076923076923078,2026-03-31,2026-05-15,1166592000.0,167039000.0,95709000.0,99755000.0,28398000.0,71357000.0,1.02,1379779000.0,924990000.0,3150423000.0,1146086000.0,2004337000.0,544675000.0,311983000.0,98327000.0,,0.2846774597764523,68462805.00225553,2225433000.0,0.0307638131555771,0.0356012985840205,0.0226499743050377,0.5718030450967078,0.143185449583059,0.0820415363726135,0.0611670575488259,0.3472252697125144,,,61.95007301556426,61.95007301556426,False,79.80132892600245,79.80132892600245,75.33851494839291,242.0,True,True,True,True,True,True,True,False,True,False,False,True,True,False,True,False,False,10,False,0.1796632708241157,0.394191957991771,1.0,94444641.97500001,0.41759259259259257,2.0,3.0,,,,,,-0.03689503912512079,-0.15033809945964802,0.308933402936203,-1.3835534148148223,0.696694214876033,-1.3835534148148223,0.600518985435477,-242.0,0.6363636363636364,0.7107438016528925,0.6446280991735537,0.6376033057851239,0.6603305785123966,昶昕
334.0,334.0,317.5,325.5,183970.0,0.05339805825242716,310.2,0.11282051282051286,299.975,0.21003717472118955,290.1666666666667,-0.04123711340206182,288.39166666666665,0.01095290251916758,66.07929515418502,88497.9,2.0788063897561413,0.08509042420201673,8499.TW,2026-07-06,0.039366283380248834,0.36765632233887646,bull,0.16574074074074074,0.30583873957367935,2026-03-31,2026-05-15,909590000.0,404936000.0,166690000.0,207522000.0,47436000.0,107577000.0,2.61,9689284000.0,2713320000.0,16686881000.0,4122668000.0,12564213000.0,2564103000.0,774059000.0,1168274000.0,,0.228582993610316,128587500.79509644,13973561000.0,0.0092021998397614,0.0085621757606306,0.0064468009330203,0.3281278341906493,0.4451851933288624,0.1832583911432623,0.1182697698963269,0.7544952684430419,,,63.35417589267246,63.35417589267246,False,74.83896344154154,74.83896344154154,71.96776655432427,233.0,True,False,True,True,True,True,True,True,True,False,True,True,True,True,True,False,False,12,False,0.12176909821941395,0.12867338977663478,1.0,28806066.45,0.5740740740740741,2.0,3.0,,,,,,-0.0032740429665805756,-0.08720914937752296,0.26407691039205505,-1.646363210663717,0.7132231404958678,-1.646363210663717,0.672062543376541,-233.0,0.6611570247933884,0.6198347107438017,0.768595041322314,0.6772727272727272,0.6702479338842976,鼎炫-KY
76.69999694824219,81.5,75.4000015258789,81.0,12883464.0,0.0842489136658886,75.06069488525391,0.1637931289627499,75.43859901428223,0.8728323699421965,61.32619972229004,0.9828642111532604,52.70789912541707,0.01911791727703125,64.04450508033216,11462411.15,1.1239750373114124,0.07372089432181617,8926.TW,2026-07-06,0.039366283380248834,0.36765632233887646,bull,0.11296296296296296,0.06672845227062095,2026-03-31,2026-05-15,13705478000.0,1167742000.0,1158449000.0,2000219000.0,215282000.0,1543873000.0,2.11,25838478000.0,15258593000.0,79198716000.0,50673668000.0,28525048000.0,9791059000.0,,27061536000.0,6097731000.0,0.1076292146010012,1033766043.9746848,63940123000.0,0.0161677206028315,0.0541234146214232,0.019493661993207,1.776462146531708,0.0852025737446005,0.0845245236977506,0.1126464177316544,5.978828992827919,,,50.60223107136166,50.60223107136166,False,83.73664955283408,83.73664955283408,75.45304493246597,360.0,True,True,True,True,True,True,True,True,True,True,True,True,True,True,False,False,False,14,False,0.32080579535012643,0.5367715531074879,1.0,928455303.15,0.16111111111111112,1.0,3.0,,,,,,-0.08013668745748316,-0.21815454271968338,0.21422484130034225,-1.2493348397115576,0.403305785123967,-1.2493348397115576,0.5089953857621073,-360.0,0.5371900826446281,0.7272727272727273,0.5289256198347108,0.5359504132231405,0.5925619834710744,台汽電
19.950000762939453,20.200000762939453,19.700000762939453,20.0,782562.0,0.03896103896103886,19.769999694824218,0.16618078395700664,19.20249996185303,0.17647058823529416,17.42333329518636,0.04166662527455389,17.51583334604899,0.03994042791896058,58.33334090217574,1419439.35,0.5513176734180294,0.041531052713514205,9946.TW,2026-07-06,0.039366283380248834,0.36765632233887646,bull,0.11018518518518519,0.340129749768304,2026-03-31,2026-05-15,2286025000.0,1230331000.0,1070680000.0,1048582000.0,218010000.0,830572000.0,2.56,15819259000.0,7136334000.0,17439333000.0,10338316000.0,7101017000.0,2000753000.0,3265440000.0,,3189863000.0,0.2079093480528943,848075619.2267271,10302999000.0,0.0823134719538191,0.1169652177990842,0.0476263627743102,1.4558923038770362,0.5381966513927013,0.4683588324712109,0.3633258603908531,74.70621936680355,,,93.8841677043543,93.8841677043543,True,73.68916720655831,73.68916720655831,78.73791733100731,22.0,True,False,True,True,True,True,True,True,True,False,True,True,False,True,True,True,False,11,False,0.14788597917285484,0.14182406311323792,1.0,28388787.0,0.5768518518518518,0.0,1.0,,,,,,-0.010059619151130522,-0.08272704031520983,0.4009707218154791,0.5772003084532753,0.9347107438016529,0.5772003084532753,0.6513308994966873,-22.0,0.9669421487603306,0.8842975206611571,0.7107438016528925,0.9285123966942148,0.890909090909091,三發地產
1290.0,1335.0,1235.0,1250.0,2709899.0,0.10619469026548667,1208.0,0.1013215859030836,1163.5,0.27681307456588367,1147.9166666666667,-0.06015037593984962,1135.9083333333333,0.009106678230702514,61.11111111111111,1232301.95,2.1990543794887283,0.07434464976364419,6781.TW,2026-07-06,0.039366283380248834,0.36765632233887646,bull,0.1814814814814815,0.25857275254865614,2026-03-31,2026-05-15,4529845000.0,1635463000.0,1094609000.0,1155662000.0,246955000.0,908696000.0,10.64,23244335000.0,7964587000.0,26690648000.0,8597389000.0,18093259000.0,9022896000.0,800748000.0,,,0.2136913734292552,860700499.4219763,18726061000.0,0.0459627093718201,0.0502229034581332,0.0340454828972305,0.4751708357239566,0.3610417133478077,0.2416438090045023,0.2006020073534525,0.3174496210966675,,,90.12488103756452,90.12488103756452,False,79.17104760294664,79.17104760294664,81.90950596160111,32.0,True,True,True,True,True,True,True,True,True,False,False,True,True,True,True,False,False,12,False,0.08892921960072586,0.10044090999126976,1.0,1540377437.5,0.12314814814814815,3.0,2.0,,,,,,-0.043929487668636864,-0.17422181554794863,0.18805089455755092,-1.515284570770824,0.43719008264462805,-1.515284570770824,0.4423708639756817,-32.0,0.9504132231404959,0.9752066115702479,0.4049586776859504,0.868595041322314,0.8487603305785124,AES-KY
943.0,943.0,831.0,859.0,2364075.0,0.08186397984886651,902.8,0.16238159675236807,805.9,1.05748502994012,676.8,1.9334870751413087,486.429903793335,0.05775036093975588,59.9290780141844,1380731.35,1.7121904271964274,0.06588906812259587,6831.TW,2026-07-06,0.039366283380248834,0.36765632233887646,bull,0.11388888888888889,0.04633920296570899,2026-03-31,2026-05-15,854383000.0,155509000.0,55957000.0,55735000.0,11147000.0,44588000.0,0.66,3596183000.0,2191667000.0,5114412000.0,2438729000.0,2675683000.0,1447373000.0,496322000.0,,,0.2,44765600.0,2922745000.0,0.0153162865730674,0.0166641564041779,0.0087181087483761,0.9114416767606626,0.1820132188959752,0.065494046580983,0.0521873679602707,0.5068217491754996,,,44.89172928329525,44.89172928329525,False,88.79077539186382,88.79077539186382,77.81601386472168,434.0,True,True,True,True,True,True,True,True,True,True,True,True,True,True,False,False,False,14,False,0.2692080378250592,0.7659276152663417,1.0,1186048229.65,0.14629629629629629,3.0,3.0,,,,,,-0.151074476727653,-0.3403660437648657,0.18198027717114704,-2.0993031406925,0.08801652892561983,-2.0993031406925,0.0728814905080998,-434.0,0.4380165289256198,0.8347107438016529,0.024793388429752067,0.37603305785123964,0.4743801652892562,邁科
211.0,211.0,200.0,205.5,1508651.0,-0.035211267605633756,227.3,0.1001070484086708,198.9,1.753929891962478,170.44927775065105,2.5293538182543616,115.24429244995117,0.03631676345632209,57.93357933579336,1675590.8,0.9003695890428618,0.03318250377073895,6658.TW,2026-07-06,0.039366283380248834,0.36765632233887646,bull,0.18333333333333332,0.014828544949026877,2026-03-31,2026-05-15,619418000.0,148657000.0,71812000.0,75374000.0,20361000.0,59134000.0,1.63,1900161000.0,1150038000.0,3325098000.0,1869328000.0,1455770000.0,828525000.0,220000000.0,677495000.0,,0.2701329370870592,52413213.5219041,2175060000.0,0.0240973644505917,0.040620427677449,0.017784137490083,1.284081963496981,0.2399946401299284,0.1159346354158258,0.095467035184641,0.2731918077400577,,,60.06362344472481,60.06362344472481,False,78.4873609524952,78.4873609524952,73.88142657555261,262.0,True,True,True,True,True,True,True,True,True,True,True,True,True,True,True,False,False,14,False,0.20563725884849093,0.783168568536663,1.0,344333909.40000004,0.2712962962962963,2.0,3.0,,,,,,-0.12928736314164713,-0.24665936452459483,0.26863777388703824,-1.1611368649115477,0.41487603305785126,-1.1611368649115477,0.4331078316028057,-262.0,0.6115702479338843,0.6776859504132231,0.371900826446281,0.5756198347107437,0.5834710743801652,聯策
19.600000381469727,20.549999237060547,18.799999237060547,18.899999618530277,7334376.0,0.04709143586690545,18.6,0.32167827737343724,17.207499980926514,0.37454542680220193,14.883333333333333,0.1454545223351682,15.418749984105428,0.07328863255249465,67.90123558538662,5518293.0,1.3291023147919112,0.09835825305708545,6901.TW,2026-07-06,0.039366283380248834,0.36765632233887646,bull,0.046296296296296294,0.19091751621872105,2026-03-31,2026-05-15,-336282000.0,-336282000.0,-368333000.0,-355932000.0,,,-0.42,3753329000.0,61616000.0,8991685000.0,124302000.0,8867383000.0,2733439000.0,,,,,-294666400.0,8930069000.0,-0.0329971022620317,,,0.0140178900584309,,,,-0.3844968362944836,,,33.33333333333333,33.33333333333333,False,82.10917404434767,82.10917404434767,69.91521386659409,624.0,True,True,True,True,True,True,True,True,True,True,True,True,True,True,False,False,False,14,False,0.2698767940781821,0.22578027648243393,1.0,104295735.5949383,0.4027777777777778,0.0,3.0,,,,,,-0.04822205654413992,-0.1658686109806255,0.1814395107083749,-1.5793158275385455,0.40371900826446283,-1.5793158275385455,0.4341265141219429,-624.0,0.3140495867768595,0.5289256198347108,0.38016528925619836,0.3239669421487603,0.3917355371900827,鑽石投資
81.9000015258789,87.0999984741211,81.80000305175781,85.80000305175781,2045365.0,0.1070968135710686,80.07999877929687,0.213578596256093,75.67435684204102,1.0093677170663211,62.86645240783692,1.3800278742739245,50.52947626113892,0.01027976660849955,65.60510445541652,821882.55,2.4886341728510963,0.1338055139451344,8162.TW,2026-07-06,0.039366283380248834,0.36765632233887646,bull,0.08333333333333333,0.05375347544022243,2026-03-31,2026-05-15,283364000.0,49507000.0,10055000.0,9662000.0,1663000.0,,0.12,680299000.0,480340000.0,2532102000.0,1144130000.0,1387972000.0,280410000.0,,630674000.0,,0.1721175740012419,8324357.793417512,2051762000.0,0.004057175146736,,,0.8243177816267186,0.1747116782654112,0.0354843946302282,,-0.0487246456603038,,,26.69824692116676,26.69824692116676,False,86.03938038575386,86.03938038575386,71.20409701960708,747.0,True,True,True,True,True,True,True,True,True,True,False,True,True,True,False,False,False,13,False,0.3647979131245205,0.6980188476195361,1.0,70517525.2981865,0.4546296296296296,1.0,3.0,,,,,,-0.04518705727013498,-0.18401298429516122,0.2572361152620525,-1.429804433919701,0.5603305785123966,-1.429804433919701,0.5652223454566244,-747.0,0.2066115702479339,0.5867768595041323,0.6198347107438017,0.26859504132231404,0.403305785123967,微矽電子-創
59.29999923706055,61.5,57.5,57.59999847412109,1507562.0,0.03783781034452405,58.39999923706055,0.19875128800615482,52.70500011444092,0.173946075973183,54.100503285725914,0.4822552395551982,49.017188962300615,0.040161828235400515,64.78453824830962,1724642.4,0.8741301964975464,0.09287540743860001,6909.TW,2026-07-06,0.039366283380248834,0.36765632233887646,bull,0.08703703703703704,0.3438368860055607,2026-03-31,2026-05-15,101504000.0,58358000.0,2788000.0,6753000.0,1981000.0,,0.07,1107946000.0,204063000.0,1236320000.0,224217000.0,1012103000.0,203860000.0,,,,0.2933511032133866,1970137.124241078,1032257000.0,0.0019085723073237,,,0.2215357527840545,0.5749330075662042,0.0274668978562421,,-0.2216368753211101,,,41.7839414710221,41.7839414710221,False,67.32754152717807,67.32754152717807,60.941641513139075,483.0,True,False,True,True,True,False,True,True,True,False,True,True,True,True,False,False,False,11,False,0.06468507640147014,0.17509795427929498,1.0,99339399.60840452,0.41203703703703703,1.0,3.0,,,,,,-0.04620971706890242,-0.17321455301222405,0.23035837874625517,-1.5380755697451487,0.4942148760330578,-1.5380755697451487,0.5595204652902457,-483.0,0.3884297520661157,0.2066115702479339,0.6033057851239669,0.42066115702479334,0.3768595041322314,創控
57.59999847412109,60.0,56.5,57.09999847412109,1219929.0,0.1044486969341123,54.97999954223633,0.2253218957899985,49.035000038146975,0.24945289980009133,48.037499872843426,0.10658915043880102,49.29791650772095,0.03948274945135104,72.47475122094446,397950.45,3.0655298919752445,0.16447432302844733,6928.TW,2026-07-06,0.039366283380248834,0.36765632233887646,bull,0.0787037037037037,0.27340129749768305,2026-03-31,2026-05-15,547857000.0,153351000.0,-8307000.0,-1987000.0,1366000.0,-3353000.0,-0.04,2199785000.0,477170000.0,2584683000.0,544642000.0,2040041000.0,932578000.0,,,,0.0,-8307000.0,2107513000.0,-0.0039416126970509,-0.0016435944179553,-0.0012972577294778,0.2669760068547642,0.279910633614246,-0.0151627158181788,-0.006120210200837,-0.1035109652208916,,,21.62900545364269,21.62900545364269,False,75.80385645144682,75.80385645144682,62.26014370199579,831.0,True,True,True,True,True,True,True,False,True,False,False,True,False,False,False,False,False,9,False,0.1886546682334913,0.15826392916987042,1.0,22722970.0877758,0.6046296296296296,1.0,3.0,,,,,,-0.020904418117170594,-0.13536269604155324,0.26809140534973214,-1.3950384390379416,0.7202479338842976,-1.3950384390379416,0.3745996157974768,-831.0,0.1487603305785124,0.256198347107438,0.2975206611570248,0.17107438016528925,0.21074380165289255,攸泰科技
162.5,162.5,153.5,154.5,184798.0,-0.1271186440677966,158.2,0.22134387351778662,143.0506103515625,0.40454545454545454,132.15853678385417,0.214852199336645,126.17973295847575,0.059433169597275154,61.180029684441486,234455.0,0.7882024269049498,0.08003733518018108,7631.TW,2026-07-06,0.039366283380248834,0.36765632233887646,bull,0.08055555555555556,0.18072289156626506,2026-03-31,2026-05-15,408502000.0,93897000.0,47524000.0,48469000.0,12978000.0,35491000.0,1.76,1335645000.0,556998000.0,1567579000.0,716274000.0,851305000.0,481233000.0,,138157000.0,,0.2677587736491366,34799032.04109843,1010581000.0,0.0344346787057132,0.041690111064777,0.0226406452242598,0.8413835229441857,0.2298568917655238,0.1163372517148018,0.0868808475845895,0.9934122561314817,,,69.1770822702721,69.1770822702721,False,84.53500599314569,84.53500599314569,80.6955250624273,171.0,True,True,True,True,True,True,True,True,True,True,True,True,False,True,True,False,False,13,False,0.16905047346797875,0.22444386572639297,1.0,36223297.5,0.5472222222222223,2.0,3.0,,,,,,-0.057165217435546825,-0.18318731863676987,0.21042480795998705,-1.2937736828778217,0.4826446280991735,-1.2937736828778217,0.5226929353437735,-171.0,0.7355371900826446,0.9421487603305785,0.5537190082644629,0.7082644628099174,0.7611570247933883,聚賢研發-創
32.900001525878906,33.099998474121094,32.20000076293945,32.25,534461.0,0.014150967727540431,32.77000045776367,0.030351462814561803,32.22000007629394,0.19444444444444442,30.026666673024497,-0.25174011272032515,32.868333196640016,0.003894693602759661,51.51514567693255,815885.85,0.6550683530055093,0.0009310963263506888,2258.TW,2026-07-06,0.039366283380248834,0.36765632233887646,bull,0.36666666666666664,0.32252085264133457,2026-03-31,2026-05-15,819155000.0,111928000.0,-874554000.0,-899272000.0,39000.0,-899311000.0,-0.51,5432601000.0,5665843000.0,19284014000.0,6776615000.0,12507399000.0,2678963000.0,3000000000.0,,,0.0,-874554000.0,13618171000.0,-0.0642196371304193,-0.0719023195789948,-0.0466350522251228,0.5418084927169909,0.1366383651445697,,,-0.5328790362819873,,,16.918705704398437,16.918705704398437,False,56.01457004449586,56.01457004449586,46.24060395947151,919.0,True,False,True,True,True,True,True,True,False,False,True,True,False,True,False,False,False,10,False,0.07404529284540629,-0.018812429366002248,0.0,26312318.662499998,0.587037037037037,1.0,3.0,,,,,,-0.028161600312524987,-0.2036010067389005,0.17116578981552394,-1.8781114251292896,0.35909090909090907,-1.8781114251292896,0.39081270767853604,-919.0,0.09917355371900827,0.01652892561983471,0.34710743801652894,0.13636363636363635,0.12396694214876033,鴻華先進-創
195.0,212.0,195.0,212.0,433491.0,0.11578947368421044,194.6,0.10704960835509136,191.125,0.38110749185667747,172.95833333333334,0.07614213197969533,174.97916666666666,0.0124486822937359,68.57142857142857,137147.1,3.1607740885516353,0.10922171353826027,6957.TW,2026-07-06,0.039366283380248834,0.36765632233887646,bull,0.17222222222222222,0.1881371640407785,2026-03-31,2026-05-15,1008397000.0,304729000.0,100942000.0,102458000.0,25691000.0,82568000.0,1.51,2765058000.0,1395803000.0,5405505000.0,3045045000.0,2360460000.0,1274466000.0,40000000.0,27000000.0,945042000.0,0.2507466474067423,75631131.9174686,4009702000.0,0.0188620331180393,0.0349796226159307,0.0152747985618364,1.2900218601459037,0.3021914979913665,0.1001014481399686,0.0818804498625045,0.2868739487648066,,,57.7309173012778,57.7309173012778,False,75.81901528113715,75.81901528113715,71.29699078617232,286.0,True,True,True,True,True,True,True,True,True,True,False,True,False,True,False,False,False,12,False,0.22572874006263555,0.2115728062864628,1.0,29075185.200000003,0.5703703703703704,2.0,3.0,,,,,,-0.034777374240255454,-0.12742460286817567,0.28231804912705566,-0.6365364140960836,0.784710743801653,-0.6365364140960836,0.7077828168613579,-286.0,0.5785123966942148,0.5950413223140496,0.8429752066115702,0.6181818181818182,0.6363636363636364,裕慶-KY
39.400001525878906,40.29999923706055,38.75,39.25,3933005.0,0.04946519782468428,38.640000915527345,0.08876562637065888,37.52250022888184,0.17514964691209411,36.920833333333334,0.003836356310299882,36.215000009536745,0.007721235140065149,55.89353082723779,4273374.55,0.9203511075339745,0.046039036860034965,6962.TW,2026-07-06,0.039366283380248834,0.36765632233887646,bull,0.2101851851851852,0.3410565338276182,2026-03-31,2026-05-15,3917703000.0,1070692000.0,147132000.0,281092000.0,1797000.0,279295000.0,0.58,12445934000.0,4725736000.0,25721147000.0,5358866000.0,20362281000.0,3075022000.0,0.0,,,0.0063929247363852,146191396.19768617,20995411000.0,0.006963016641955,0.0137162923937647,0.0108585748528244,0.263176114699527,0.2732958572918876,0.0375556799481737,0.0712904985395779,-0.1437178924508573,,,32.85920203095255,32.85920203095255,False,68.33076286735444,68.33076286735444,59.462872658253964,636.0,True,False,True,True,True,True,True,True,True,False,True,True,True,True,False,False,False,12,False,0.06308543053831395,0.08380505286936435,1.0,167729951.0875,0.34629629629629627,1.0,3.0,,,,,,-0.04394580039396629,-0.1422869808350046,0.13789572004998302,-1.7018095679147092,0.37685950413223135,-1.7018095679147092,0.36376337536285264,-636.0,0.2809917355371901,0.1487603305785124,0.2644628099173554,0.2785123966942149,0.23801652892561986,奕力-KY
405.0,430.0,405.0,430.0,1136870.0,0.032412965186074505,404.9,0.10256410256410264,381.275,0.15591397849462374,362.725,-0.04761904761904767,395.0125,0.04088179088179079,67.33333333333333,806169.6,1.4102119454764854,0.12779489869516758,7799.TW,2026-07-06,0.039366283380248834,0.36765632233887646,bull,0.17962962962962964,0.3670064874884152,2026-03-31,2026-05-15,2885000.0,-17000.0,-88494000.0,-57578000.0,0.0,-57578000.0,-0.37,10455995000.0,34213000.0,11666612000.0,290333000.0,11376279000.0,2207595000.0,,,,-0.0,-88494000.0,11632399000.0,-0.0076075450988226,-0.0050612331149754,-0.0049352802681703,0.0255209106598036,-0.0058925476603119,,,11.59825327510917,,,33.33333333333333,33.33333333333333,False,76.8173447658344,76.8173447658344,65.94634190770914,625.0,True,True,True,True,True,True,True,True,True,False,True,True,True,True,False,False,False,13,False,0.1854710869115721,0.08857314641941705,1.0,346652928.0,0.27037037037037037,2.0,3.0,,,,,,-0.14515636653260125,-0.30991579832116967,0.15813818604440447,-2.106851488549009,0.0640495867768595,-2.106851488549009,0.08270678022247999,-625.0,0.30578512396694213,0.371900826446281,0.03305785123966942,0.26487603305785123,0.2710743801652893,禾榮科
