Open,High,Low,Close,Volume,ret5,ma5,ret20,ma20,ret60,ma60,ret120,ma120,ma20_slope,rsi14,volume_ma20,volume_ratio,ma20_deviation,symbol,date,benchmark_ret20,benchmark_ret60,market_regime,rs20_rank_pct,rs60_rank_pct,period_date,as_of_date,revenue,gross_profit,operating_income,pretax_income,tax_expense,net_income_parent,eps,current_assets,current_liabilities,assets,liabilities,equity,cash,short_borrowings,long_borrowings,bonds_payable,tax_rate,nopat,invested_capital_proxy,roic_proxy,roe,roa,debt_to_equity,gross_margin,operating_margin,net_margin,revenue_growth,pe,pb,eva_like_score,fundamental_score,fundamental_pass,technical_score,score,final_score,fundamental_rank,pass_market,pass_score,pass_rs20,pass_rs60,pass_close_ma20,pass_ma20_ma60,pass_ma20_slope,pass_rsi,pass_ret20_benchmark,pass_ret60_benchmark,pass_ret5_cap,pass_ret20_cap,pass_volume_ratio,pass_ma20_deviation,pass_fundamental_score,pass_fundamental_filter,pass_fundamental_universe,entry_pass_count,entry_all_pass,close_ma60_ratio,close_ma120_ratio,above_ma120,turnover20,liquidity_rank,price_bucket,eva_rank_bucket,forward_60d_return,forward_60d_max_drawdown,reward_60,fwd60_rank_label,top_quantile_60,reg_forward60,reg_reward60,cls_topq60,rank_forward60,ensemble_score,ranker_score,stable_ensemble_score,fundamental_rank_score,fundamental_score_rank,final_score_rank,stable_ml_rank,fund_ml_85_15,fund_final_ml,name
67.0,68.9000015258789,66.19999694824219,66.5999984741211,29445949.0,0.006042319400583196,66.58000030517579,0.19784173204824707,61.05499973297119,0.47182317069880875,58.2898977915446,0.43379972831471925,53.278698984781904,0.0472555803124466,67.74191847170306,34915412.5,0.8433510272863023,0.09081973246091857,1301.TW,2026-09-07,0.05419665732257939,0.07797944890251207,bull,0.04625346901017576,0.022201665124884366,2026-03-31,2026-05-15,41985122000.0,1555468000.0,-1301844000.0,3378716000.0,110089000.0,3268627000.0,0.51,175217601000.0,95826345000.0,593528010000.0,203311522000.0,390216488000.0,10197694000.0,31910508000.0,18393084000.0,43127284000.0,0.0325830877765399,-1259425902.676638,497701665000.0,-0.0025304836034186,0.008376445128582,0.0055071149885579,0.521022376686451,0.0370480762209051,-0.0310072696704323,0.0778520305359598,-0.110526237291801,,,17.23451320303393,17.23451320303393,False,83.134644815868,83.134644815868,66.65961191265949,910.0,True,True,True,True,True,True,True,True,True,True,True,True,True,True,False,False,False,14,False,0.14256502408521876,0.2500304951730179,1.0,2325366419.2233086,0.06845513413506013,1.0,3.0,,,,,,-0.010833826071169918,-0.07972029545012972,0.18973450015769894,-1.7822982121230322,0.3691304347826087,-1.7822982121230322,0.3272928152615645,-910.0,0.12173913043478261,0.5043478260869565,0.26956521739130435,0.14391304347826087,0.26608695652173914,台塑
232.0,240.0,229.5,230.5,75790049.0,-0.04948453608247427,229.8,0.24594594594594588,207.825,1.164319248826291,184.46684697469075,1.6959064327485378,136.54009011586507,0.06399590426212723,60.48109965635739,103354421.95,0.7333024322526338,0.10910621917478647,1303.TW,2026-09-07,0.05419665732257939,0.07797944890251207,bull,0.028677150786308975,0.0037002775208140612,2026-03-31,2026-05-15,68596393000.0,8188671000.0,3741833000.0,16080166000.0,1405348000.0,14254717000.0,1.8,193418745000.0,131197270000.0,647743623000.0,247168932000.0,400574691000.0,42831248000.0,24400300000.0,40333444000.0,51357530000.0,0.0873963614554725,3414810410.6259847,516546353000.0,0.0066108499088096,0.0355856655956329,0.0220067268805825,0.6170358176722652,0.1193746586646327,0.054548538725644,0.207805634911445,0.046448302712712,,,40.56631725411971,40.56631725411971,False,92.56280753224192,92.56280753224192,79.56368496271138,501.0,True,True,True,True,True,True,True,True,True,True,True,True,False,True,False,False,False,13,False,0.24954702582207133,0.6881488785044929,1.0,23823194259.475002,0.005550416281221091,2.0,3.0,,,,,,-0.1456292986570335,-0.25352747458468466,0.11689026005035695,-1.875748477369326,0.06130434782608696,-1.875748477369326,0.06968585454086323,-501.0,0.5130434782608696,0.8869565217391304,0.02608695652173913,0.44,0.5278260869565218,南亞
14.199999809265137,14.449999809265137,14.050000190734863,14.100000381469728,21621293.0,-0.09324757501476344,14.9,0.1848740196187646,13.072500038146973,0.08880313429671394,13.09083333015442,0.010752729337312639,12.85691667397817,0.05957446708186637,68.54838920557545,33290268.35,0.6494778826257194,0.07860014077830546,1312.TW,2026-09-07,0.05419665732257939,0.07797944890251207,bull,0.05365402405180388,0.16096207215541167,2026-03-31,2026-05-15,7516970000.0,-129821000.0,-893985000.0,-1361698000.0,-33529000.0,-1295839000.0,-1.17,18480939000.0,17728005000.0,68874697000.0,36965041000.0,31909656000.0,7061166000.0,10545359000.0,14468621000.0,,0.0246229340132687,-871972466.3361479,51146692000.0,-0.0170484626129124,-0.0406096198592676,-0.0188144421165293,1.1584280632796542,-0.0172703895319523,-0.1189289035342698,-0.1723884756757044,0.3190665807523956,,,24.02948114666849,24.02948114666849,False,67.52924008878,67.52924008878,56.654300353252125,786.0,True,False,True,True,True,False,True,True,True,True,True,True,False,True,False,False,False,11,False,0.07708959589231923,0.09668598926269034,1.0,469392796.4342297,0.1702127659574468,0.0,3.0,,,,,,0.0013624006602999074,-0.05741345872044692,0.11611758903278827,-2.0200961669925452,0.3091304347826087,-2.0200961669925452,0.27352795991998724,-786.0,0.25217391304347825,0.10434782608695652,0.21739130434782608,0.24695652173913044,0.2008695652173913,國喬
70.19999694824219,75.0999984741211,69.9000015258789,71.9000015258789,57868936.0,0.05270861366423385,71.7000015258789,0.22278915746246586,62.9600004196167,0.4733607100402444,61.44456685384114,0.6266968390227989,54.75978339513143,0.05522501399263115,67.7053732522644,38313375.2,1.5104108081816816,0.14199493403238184,1326.TW,2026-09-07,0.05419665732257939,0.07797944890251207,bull,0.03885291396854764,0.02127659574468085,2026-03-31,2026-05-15,81749811000.0,6327773000.0,3120431000.0,7294502000.0,759958000.0,6245039000.0,1.07,214839826000.0,114054227000.0,581165153000.0,170197763000.0,410967390000.0,16802058000.0,33492647000.0,26687136000.0,25800000000.0,0.1041823005874835,2795337319.595498,467110926000.0,0.0059843115714135,0.0151959477855408,0.0107457217070962,0.4141393384034679,0.0774041300230039,0.0381704980333226,0.0763920909859962,0.0359959953561419,,,29.94873186889634,29.94873186889634,False,90.10550636410235,90.10550636410235,75.06631274030086,685.0,True,True,True,True,True,True,True,True,True,True,True,True,True,True,False,False,False,14,False,0.1701604422878955,0.31300741288672396,1.0,2754731735.3415713,0.06290471785383904,1.0,3.0,,,,,,-0.01906539675152858,-0.06131306239191568,0.1830325191263359,-1.7358529144710326,0.3626086956521739,-1.7358529144710326,0.40084108559554393,-685.0,0.3217391304347826,0.808695652173913,0.391304347826087,0.3321739130434782,0.48173913043478256,台化
29.200000762939453,29.200000762939453,28.5,28.700000762939453,10062713.0,0.01234569230194782,29.09000015258789,0.05321103717208997,28.455000019073488,0.06296299121997984,27.86363754272461,0.06099820970117742,27.12015207608541,0.017612875067447086,56.521752350877065,16101895.45,0.6249396557844376,0.008610112236926426,1402.TW,2026-09-07,0.05419665732257939,0.07797944890251207,bull,0.20351526364477335,0.211840888066605,2026-03-31,2026-05-15,61298588000.0,13425322000.0,4896381000.0,7132853000.0,1579509000.0,3092903000.0,0.61,166621578000.0,157755773000.0,679737079000.0,356159064000.0,323578015000.0,47148878000.0,35989865000.0,71488233000.0,85137297000.0,0.2214414064049827,3812119505.065365,521981306000.0,0.0073031724723593,0.0095584460520285,0.0045501460719932,1.1006899340797305,0.2190151916712991,0.0798775495448606,0.0504563498265245,-0.0379277396462631,,,28.35795292059996,28.35795292059996,False,69.34019852082118,69.34019852082118,59.094637120765874,713.0,True,False,True,True,True,True,True,True,False,False,True,True,False,True,False,False,False,10,False,0.030016297008328863,0.058253680968373134,1.0,462124411.6997713,0.17206290471785385,0.0,3.0,,,,,,0.004048019866654332,-0.04085803084285333,0.1703560769222682,-1.6760407781515192,0.4552173913043478,-1.6760407781515192,0.40154192543097605,-713.0,0.30434782608695654,0.1826086956521739,0.40869565217391307,0.32,0.288695652173913,遠東新
67.5999984741211,68.30000305175781,66.80000305175781,68.30000305175781,86409.0,0.039573915133723325,67.16000061035156,0.050769277719350914,65.79000053405761,0.050769277719350914,66.00802326202393,0.09455130419238889,64.75651172002156,0.010851168880782847,68.75002980235081,96493.95,0.8954861936940088,0.03815173274547767,1419.TW,2026-09-07,0.05419665732257939,0.07797944890251207,bull,0.211840888066605,0.23681776133209992,2026-03-31,2026-05-15,1453047000.0,375765000.0,152661000.0,2932327000.0,127257000.0,2805070000.0,9.37,6923708000.0,4287205000.0,25723813000.0,5280888000.0,20442925000.0,2263855000.0,3450000000.0,0.0,,0.0433979566398972,146035824.54139665,21436608000.0,0.0068124502039406,0.1372147087562078,0.1090456535351116,0.2583235031190497,0.2586048489828615,0.1050626717511546,1.930474375570784,0.3659537865683988,,,72.80054807279497,72.80054807279497,True,57.29249616198826,57.29249616198826,61.169509139689936,140.0,True,False,True,True,True,False,True,True,False,False,True,True,True,True,True,True,False,10,False,0.03472274545528653,0.054720231797795726,1.0,6590537.079476166,0.6614246068455134,1.0,3.0,,,,,,0.017399768549063725,-0.008866834326607304,0.17348746126434003,-0.5090702456314792,0.6486956521739131,-0.5090702456314792,0.4922002824290663,-140.0,0.8347826086956521,0.25217391304347825,0.5565217391304348,0.7930434782608695,0.6043478260869565,新紡
18.350000381469727,18.399999618530277,18.100000381469727,18.100000381469727,1720880.0,-0.0027547789593066474,18.200000381469728,0.022598847530436172,17.870000171661378,0.08708713490453812,17.76904951731364,0.09036144370661714,16.93660806020101,0.01232120193702993,60.7843474579504,2017967.0,0.8527790593205935,0.012870744689364333,1434.TW,2026-09-07,0.05419665732257939,0.07797944890251207,bull,0.31637372802960223,0.16558741905642924,2026-03-31,2026-05-15,6979321000.0,780112000.0,198663000.0,386155000.0,49552000.0,336603000.0,0.2,15272141000.0,6346633000.0,61146600000.0,15727850000.0,45418750000.0,3214804000.0,2317516000.0,8200000000.0,,0.1283215289197343,173170260.1002188,54799967000.0,0.0031600431456504,0.0074111022430163,0.0055048522730617,0.3462853997523049,0.1117747700671741,0.0284645168204758,0.0482286170818049,-0.0921530851652357,,,20.54681103606591,20.54681103606591,False,72.20205080453756,72.20205080453756,59.28824086241965,853.0,True,False,True,True,True,True,True,True,False,True,True,True,True,True,False,False,False,12,False,0.018625130389423372,0.06869098683357677,1.0,36525203.46979332,0.44588344125809437,0.0,3.0,,,,,,0.015212055702155189,-0.021508896328035033,0.19987904848658256,-1.820729365977226,0.5182608695652174,-1.820729365977226,0.4849430059968635,-853.0,0.16521739130434782,0.19130434782608696,0.5478260869565217,0.2226086956521739,0.24956521739130433,福懋
32.04999923706055,32.20000076293945,32.0,32.20000076293945,83911.0,0.00625002384185791,32.03000030517578,0.06270632256501751,31.775000190734865,0.0860034123850546,30.884122308095296,0.04038772113688571,30.232061179478965,0.016932109830075513,64.81482135578436,138470.25,0.6059857622846785,0.0133753129709977,1437.TW,2026-09-07,0.05419665732257939,0.07797944890251207,bull,0.18038852913968548,0.1702127659574468,2026-03-31,2026-05-15,173801000.0,106736000.0,81756000.0,164121000.0,25845000.0,138012000.0,0.68,2289494000.0,1297708000.0,13727130000.0,5454839000.0,8272291000.0,555767000.0,882000000.0,3400000000.0,,0.157475277386806,68881451.22196428,12429422000.0,0.0055418064671039,0.0166836490640863,0.0100539588391746,0.6594109177252105,0.6141276517396332,0.4704000552355855,0.7940805864177997,-0.0904852113118288,,,51.0413507613127,51.0413507613127,False,72.20894399580712,72.20894399580712,66.91704568718352,354.0,True,False,True,True,True,True,True,True,True,True,True,True,False,True,False,False,False,12,False,0.04260695647158608,0.06509445623893795,1.0,4458742.155644417,0.7280296022201665,1.0,3.0,,,,,,0.014725442843386468,-0.019924197696644514,0.08988649887998867,-1.8962332067569714,0.39521739130434785,-1.8962332067569714,0.23342984384589757,-354.0,0.591304347826087,0.5130434782608696,0.1826086956521739,0.53,0.48608695652173917,勤益控
15.899999618530272,16.0,15.350000381469728,15.350000381469728,259949.0,-0.009677394743888512,15.470000076293946,0.09642859867640907,14.817500019073487,0.30084746892820036,13.575562604268391,0.3180842379054116,12.570159180959065,0.04092027247175425,77.58621710234247,198354.55,1.3105270335366646,0.0359372607869608,1459.TW,2026-09-07,0.05419665732257939,0.07797944890251207,bull,0.11840888066604996,0.04810360777058279,2026-03-31,2026-05-15,231160000.0,43640000.0,24305000.0,20991000.0,11327000.0,10929000.0,0.03,2303265000.0,1144782000.0,4781139000.0,1238615000.0,3542524000.0,1064701000.0,969808000.0,0.0,,0.4,14583000.0,3636357000.0,0.0040103323188564,0.0030850884849333,0.0022858569893073,0.3496419502027368,0.1887869873680567,0.1051436234642671,0.0472789409932514,-0.1821658664987316,,,27.476121095005883,27.476121095005883,False,75.82764039747288,75.82764039747288,63.73976057185613,725.0,True,True,True,True,True,True,True,False,True,True,True,True,True,True,False,False,False,13,False,0.13070823132172982,0.22114606191475206,1.0,3044742.418166256,0.7779833487511564,0.0,3.0,,,,,,0.04428267541471059,0.033967840676948635,0.2994673243290573,-1.3562051458400726,0.8217391304347826,-1.3562051458400726,0.7668288828628114,-725.0,0.28695652173913044,0.3565217391304348,0.8434782608695652,0.37043478260869567,0.4191304347826087,聯發
24.25,24.5,24.0,24.5,17000.0,0.018711051027644476,24.36999969482422,0.04700856407701126,23.917499923706057,0.07929511791027188,22.832355213165282,0.0913139940932517,22.571594349543254,0.013668147617725768,59.37499379118433,13856.5,1.226861039945152,0.024354555373766074,1470.TW,2026-09-07,0.05419665732257939,0.07797944890251207,bull,0.22109158186864014,0.17946345975948197,2026-03-31,2026-05-15,191305000.0,51630000.0,23476000.0,33194000.0,6523000.0,26671000.0,0.31,639175000.0,186883000.0,1180792000.0,196077000.0,984715000.0,246931000.0,25000000.0,,,0.196511417726095,18862697.95746219,993909000.0,0.0189782947507892,0.0270849941353589,0.0225873820283335,0.1991205577248239,0.2698831708528266,0.1227150361987402,0.1394161156268785,-0.1058090510512195,,,51.74217296976339,51.74217296976339,False,75.99515854307089,75.99515854307089,69.93191214974401,342.0,True,True,True,True,True,True,True,True,False,True,True,True,True,True,False,False,False,13,False,0.07303866689465055,0.08543506588827943,1.0,339484.25,0.9750231267345051,0.0,3.0,,,,,,0.0984042914190549,0.04526218046718441,0.2800084667333663,-0.8000137712215902,0.9126086956521738,-0.8000137712215902,0.8858167568176543,-342.0,0.6086956521739131,0.6347826086956522,0.9739130434782609,0.6634782608695653,0.6895652173913044,大統新創
108.0,108.0,106.0,106.5,143708.0,0.02898550724637672,105.5,0.12579282999813457,101.53499984741211,0.17809732524741317,94.32386728922526,0.12223391240892467,93.03943347930908,0.03375076525033395,71.59090662790703,139687.55,1.028781734664256,0.04889939587383019,1558.TW,2026-09-07,0.05419665732257939,0.07797944890251207,bull,0.09065679925994449,0.08973172987974098,2026-03-31,2026-05-15,1926175000.0,466203000.0,115500000.0,190949000.0,37396000.0,79533000.0,1.23,7337752000.0,2436771000.0,13553818000.0,4826378000.0,8727440000.0,2321376000.0,528924000.0,448585000.0,1225737000.0,0.1958428690383296,92880148.62607291,11117047000.0,0.0083547500182443,0.0091129815845196,0.0058679406791503,0.5530118797723044,0.2420356405830207,0.0599633989642685,0.0412906407777071,-0.0577927547617254,,,30.82891502090822,30.82891502090822,False,74.35180022022945,74.35180022022945,63.471078920399144,668.0,True,False,True,True,True,True,True,True,True,True,True,True,True,True,False,False,False,13,False,0.12908856539394287,0.14467592952061992,1.0,14876724.075,0.5679925994449584,2.0,3.0,,,,,,0.014623082442432205,-0.023076163739974936,0.26005163102075934,-1.3257762022434245,0.6678260869565218,-1.3257762022434245,0.6521018392332396,-668.0,0.3565217391304348,0.3217391304347826,0.7391304347826086,0.41391304347826086,0.42260869565217396,伸興
702.0,736.0,702.0,730.0,1762655.0,0.06881405563689613,716.8,0.061046511627907085,703.6,0.11963190184049077,697.7863637288411,0.6168327796234774,637.0598485310873,0.013394786115512126,54.95495495495495,1257994.4,1.4011628350650847,0.03752131893121091,1560.TW,2026-09-07,0.05419665732257939,0.07797944890251207,bull,0.1868640148011101,0.1341350601295097,2026-03-31,2026-05-15,2293229000.0,802560000.0,444439000.0,531951000.0,89799000.0,436359000.0,2.94,5759371000.0,3216860000.0,13961884000.0,5383626000.0,8578258000.0,1772650000.0,642250000.0,940383000.0,555943000.0,0.1688106611323223,369412958.57701176,10745024000.0,0.0343799100473867,0.050868020057219,0.0312535901315323,0.6275896574805747,0.3499694099455396,0.193804892577235,0.1902814764683335,0.2944197621734146,,,86.28355650333096,86.28355650333096,False,75.79378653915552,75.79378653915552,78.41622903019937,54.0,True,True,True,True,True,True,True,True,True,True,True,True,True,True,True,False,False,14,False,0.046165471189512974,0.14588919970896175,1.0,918335911.9999999,0.11933395004625347,3.0,2.0,,,,,,-0.01145058500089314,-0.1058322534111594,0.31157149306279985,-1.3841295548952388,0.5330434782608696,-1.3841295548952388,0.5129279404625223,-54.0,0.9304347826086956,0.8695652173913043,0.6086956521739131,0.8821739130434783,0.8478260869565217,中砂
88.80000305175781,88.80000305175781,79.0,79.5,1524156.0,-0.09659090909090906,86.3,0.4070796460176991,80.25147819519043,0.32279537468262176,68.22016932169596,0.9461445035393112,57.683001359303795,0.09938835824949467,47.96148683095515,981185.25,1.553382503456916,-0.009364041785780652,1563.TW,2026-09-07,0.05419665732257939,0.07797944890251207,bull,0.012025901942645698,0.045328399629972246,2026-03-31,2026-05-15,1871936000.0,411927000.0,163156000.0,163478000.0,32736000.0,130706000.0,0.6,10888013000.0,5754269000.0,19938639000.0,11683940000.0,8254699000.0,2764628000.0,2859266000.0,5833677000.0,,0.2002471280539277,130484479.57523336,14184370000.0,0.009199173426471,0.0158341327769795,0.0065554123328076,1.415428957494392,0.2200539975725665,0.0871589626995794,0.0698239683407979,-0.0241387938944032,,,30.55810984175432,30.55810984175432,False,78.11753381311229,78.11753381311229,66.2276778202728,673.0,True,True,True,True,False,True,True,False,True,True,True,False,True,True,False,False,False,11,False,0.16534451307374187,0.3782223207284152,1.0,78004227.375,0.35430157261794637,1.0,3.0,,,,,,0.025169846180408968,-0.039065431980021284,0.2790697601097783,-1.5726566064834575,0.6639130434782609,-1.5726566064834575,0.5695480419333783,-673.0,0.3391304347826087,0.46956521739130436,0.6695652173913044,0.388695652173913,0.4443478260869565,巧新
16.0,16.049999237060547,15.550000190734863,15.649999618530272,3973439.0,-0.04281350132155348,16.05000019073486,0.07931031851932913,15.575000047683716,0.15498150540479938,15.394166580835979,0.16791045254125025,14.522916626930236,0.03436825949943384,58.024684380985455,5136014.95,0.7736424131709352,0.004815381741055669,1710.TW,2026-09-07,0.05419665732257939,0.07797944890251207,bull,0.1396854764107308,0.10453283996299723,2026-03-31,2026-05-15,5345825000.0,88577000.0,-176669000.0,-219291000.0,-8101000.0,-127331000.0,-0.15,7085020000.0,12457768000.0,36888664000.0,23663579000.0,13225085000.0,2362413000.0,9628981000.0,8250000000.0,,0.0369417805564295,-170142532.57087615,24430896000.0,-0.0069642362920654,-0.0096279910488287,-0.0034517650191939,1.7892950404477552,0.0165693789078392,-0.0330480328106513,-0.0238187744641846,-0.1284074295508901,,,6.405846346837272,6.405846346837272,False,75.2914902770083,75.2914902770083,58.07007929446554,1066.0,True,True,True,True,True,True,True,True,True,True,True,True,False,True,False,False,False,13,False,0.016618830019208497,0.07760720663437914,1.0,80378632.00826578,0.34875115633672527,0.0,3.0,,,,,,0.03318318175470465,0.007034375425394209,0.21707712345379213,-1.506716987150465,0.6769565217391305,-1.506716987150465,0.6550124848477465,-1066.0,0.02608695652173913,0.14782608695652175,0.7478260869565218,0.13434782608695653,0.20695652173913043,東聯
77.69999694824219,77.9000015258789,73.0999984741211,73.5,17168563.0,-0.10909090909090913,78.38000030517578,0.050000000000000044,74.84499969482422,0.044034068280261796,70.85363686879477,0.16867707969023682,72.48501214981079,0.04132174593794316,55.395685822493,21464148.85,0.7998715961196848,-0.017970468305275933,1717.TW,2026-09-07,0.05419665732257939,0.07797944890251207,bull,0.21646623496762257,0.2543940795559667,2026-03-31,2026-05-15,10243036000.0,2269956000.0,534996000.0,622227000.0,192450000.0,428283000.0,0.37,32875604000.0,19435870000.0,62816878000.0,32795852000.0,30021026000.0,7384161000.0,3858120000.0,10885733000.0,0.0,0.3092922679343712,369525873.8241831,43381008000.0,0.0085181486291001,0.0142661013650899,0.0068179606124328,1.092429419300993,0.2216096868155105,0.0522302176815545,0.0418121150799431,0.0181282449431219,,,30.66980834742356,30.66980834742356,False,65.9191452092866,65.9191452092866,57.10681099382084,672.0,True,False,True,True,False,True,True,True,False,False,True,True,False,True,False,False,False,9,False,0.03734971482276506,0.014002727185745023,1.0,1577614940.4750001,0.08603145235892692,1.0,3.0,,,,,,-0.009538366602610863,-0.08363750090683467,0.19528786594619582,-1.6765822614872479,0.3904347826086957,-1.6765822614872479,0.4183489871420033,-672.0,0.34782608695652173,0.12173913043478261,0.45217391304347826,0.36347826086956514,0.3008695652173913,長興
94.6999969482422,95.4000015258789,90.8000030517578,91.0,4247825.0,-0.08908910300239958,92.87999877929687,0.1895424836601307,89.42999954223633,0.06557375145273414,86.06900285085042,0.6396396396396395,79.50283470153809,0.05571951013252682,52.63158117200608,6192656.55,0.6859455171948782,0.01755563531029858,1727.TW,2026-09-07,0.05419665732257939,0.07797944890251207,bull,0.05180388529139685,0.20351526364477335,2026-03-31,2026-05-15,519337000.0,93230000.0,43151000.0,41099000.0,5200000.0,,0.28,1123188000.0,1095199000.0,3624612000.0,1513893000.0,2110719000.0,149557000.0,500000000.0,406375000.0,,0.1265237597021825,37691373.24509112,2529413000.0,0.014901233307922,,,0.7172404284985353,0.1795173461548089,0.0830886303113392,,0.1494054192828735,,,48.38391394144922,48.38391394144922,False,70.52272831711484,70.52272831711484,64.98802472319844,392.0,True,False,True,True,True,True,True,True,True,False,True,True,False,True,False,False,False,11,False,0.05729120805192234,0.14461327500614862,1.0,563531746.05,0.16003700277520813,1.0,3.0,,,,,,-0.0043016782797045934,-0.06762201481221226,0.260629758160859,-1.5393725231950957,0.5313043478260869,-1.5393725231950957,0.5339647630092756,-392.0,0.5565217391304348,0.391304347826087,0.6347826086956522,0.5682608695652174,0.5226086956521739,中華化
32.29999923706055,32.5,31.700000762939453,31.700000762939453,260715.0,-0.00782472594773731,32.15,0.02755268625475571,31.75999994277954,0.08376070984408379,31.030833307902018,0.07457629704879509,30.119764471054076,0.0030793507391879632,57.62713946547634,151560.25,1.7202069803922861,-0.0018891429454718223,1733.TW,2026-09-07,0.05419665732257939,0.07797944890251207,bull,0.2923219241443108,0.17206290471785385,2026-03-31,2026-05-15,519723000.0,175664000.0,87211000.0,86914000.0,5544000.0,81275000.0,0.81,1759309000.0,560904000.0,2489266000.0,666458000.0,1822808000.0,593961000.0,,,,0.0637871919368571,81648055.20399475,1928362000.0,0.0423406265026974,0.0445878007996453,0.0326501868422257,0.3656216123694871,0.3379954321821432,0.1678028488252396,0.1563813800813125,-0.0698519739491331,,,72.99324516078546,72.99324516078546,False,72.17942200498456,72.17942200498456,72.38287779393478,137.0,True,False,True,True,False,True,True,True,False,True,True,True,True,True,True,False,False,11,False,0.021564598294788073,0.05246509458611559,1.0,4804460.040631294,0.7123034227567068,1.0,3.0,,,,,,0.05104884795752592,0.041075680713526144,0.14852049096222814,-1.195237688054896,0.6921739130434783,-1.195237688054896,0.670346204830498,-137.0,0.8434782608695652,0.7304347826086957,0.7739130434782608,0.8330434782608696,0.7956521739130434,五鼎
35.04999923706055,35.04999923706055,34.0,34.25,1127521.0,0.00439887192349131,35.00999984741211,0.026986553734846153,34.45749969482422,0.07366772443798508,32.46083319981893,0.0703125,31.194583304723107,0.01764618863422944,55.691061701317345,2205561.15,0.5112172927057588,-0.006021902246592492,1808.TW,2026-09-07,0.05419665732257939,0.07797944890251207,bull,0.2978723404255319,0.1877890841813136,2026-03-31,2026-05-15,5392216000.0,1474911000.0,1229561000.0,1153602000.0,211319000.0,942283000.0,1.06,46784978000.0,26633648000.0,51660398000.0,37973630000.0,13686768000.0,5845055000.0,11570200000.0,207356000.0,10980553000.0,0.1831818946222353,1004327686.4663897,25026750000.0,0.0401301681787043,0.068846275468394,0.0182399485191732,2.774477509957062,0.2735259492572256,0.2280251755493474,0.1747487489373571,173.44891620834682,,,72.1127428848662,72.1127428848662,False,65.47028235083158,65.47028235083158,67.13089748434024,149.0,True,False,True,True,False,True,True,True,False,False,True,True,False,True,True,False,False,9,False,0.055117710293124844,0.09794702706653169,1.0,75540469.3875,0.35707678075855687,1.0,3.0,,,,,,0.07746129467224522,0.023079990740588568,0.23440626112175691,-0.4955394816075095,0.8591304347826088,-0.4955394816075095,0.8674367232563291,-149.0,0.8260869565217391,0.5217391304347826,0.9478260869565217,0.8443478260869565,0.7591304347826088,潤隆
50.59999847412109,50.59999847412109,48.29999923706055,49.09999847412109,20630302.0,0.006147525445711732,49.76999969482422,0.0380549527715468,49.40499992370606,0.12743970916852643,44.31229985555013,0.312834130237839,41.81406653722127,0.020922667692758672,46.10388162747846,18457701.9,1.1177069665427852,-0.006173493574657796,2027.TW,2026-09-07,0.05419665732257939,0.07797944890251207,bull,0.2553191489361702,0.12858464384828863,2026-03-31,2026-05-15,31174326000.0,8517820000.0,5633209000.0,4716863000.0,1204326000.0,2914770000.0,1.17,89517343000.0,24455518000.0,159942793000.0,66551339000.0,93391454000.0,9252095000.0,11925609000.0,29968117000.0,,0.2553235063218923,4194918326.275959,135487275000.0,0.0309617144951506,0.0312102432841446,0.0182238283159154,0.7126063054977172,0.2732318896004359,0.1807002659816927,0.0934990543179666,0.1950875950100803,,,67.77515994414823,67.77515994414823,False,65.10670082356422,65.10670082356422,65.77381560371023,180.0,True,False,True,True,False,True,True,False,False,True,True,True,True,True,True,False,False,10,False,0.10804446246703425,0.1742459545381494,1.0,906273135.1257818,0.1211840888066605,1.0,3.0,,,,,,0.01723224566790062,-0.04080427276651894,0.30560969667062987,-1.1752808793767395,0.718695652173913,-1.1752808793767395,0.7215011795571544,-180.0,0.7913043478260869,0.4260869565217391,0.808695652173913,0.7939130434782609,0.6852173913043478,大成鋼
23.350000381469727,23.5,22.549999237060547,22.850000381469727,2362501.0,0.008830055907631307,23.010000228881836,0.11735939017076591,22.28499984741211,0.23848235428632392,19.484166558583578,0.47896444424335316,18.161666639645894,0.055785856602497276,68.18181818181819,3536816.95,0.6679737836022303,0.025353400849281504,2030.TW,2026-09-07,0.05419665732257939,0.07797944890251207,bull,0.09898242368177614,0.0666049953746531,2026-03-31,2026-05-15,2637279000.0,397354000.0,208556000.0,212139000.0,43592000.0,168547000.0,0.61,6688220000.0,4584464000.0,12076498000.0,7059382000.0,5017116000.0,1408221000.0,3147626000.0,2063078000.0,,0.2054879112280156,165700263.18592998,7492034000.0,0.0221168594784713,0.0335943996511143,0.0139566122563014,1.4070597530533475,0.1506681697309992,0.0790799911575529,0.0639094308944939,-0.0137930957114074,,,38.807934191914576,38.807934191914576,False,74.4983878294892,74.4983878294892,65.57577442009554,543.0,True,False,True,True,True,True,True,True,True,True,True,True,False,True,False,False,False,12,False,0.17274712843200168,0.25814446630076704,1.0,80816268.6566886,0.34782608695652173,0.0,3.0,,,,,,0.07949723867732102,0.03040602674264201,0.3146831767226266,-0.2327880086094299,0.9408695652173914,-0.2327880086094299,0.9323629885596724,-543.0,0.4608695652173913,0.41739130434782606,0.991304347826087,0.5404347826086956,0.5539130434782609,彰源
26.100000381469727,27.350000381469727,25.700000762939453,25.700000762939453,1215741.0,-0.011538432194636461,25.16999969482422,0.3743315355298238,23.32749996185303,0.6369427436408601,18.309166622161865,0.5718654534140899,17.00249995390574,0.09905770822326118,65.9482812484585,1669411.35,0.7282453183273253,0.10170403193510347,2033.TW,2026-09-07,0.05419665732257939,0.07797944890251207,bull,0.013876040703052728,0.014801110083256245,2026-03-31,2026-05-15,175517000.0,27282000.0,8642000.0,9338000.0,1877000.0,,0.09,382129000.0,130958000.0,1213456000.0,149464000.0,1063992000.0,47710000.0,72000000.0,,,0.2010066395373741,6904900.621118012,1082498000.0,0.0063786728669411,,,0.140474740411582,0.1554379347869437,0.0492373958078134,,-0.0245478897818088,,,33.37842346640696,33.37842346640696,False,87.19093674535398,87.19093674535398,73.73780842561723,621.0,True,True,True,True,True,True,True,True,True,True,True,True,False,True,False,False,False,13,False,0.40366851715858765,0.5115424692023458,1.0,42903872.96865979,0.4246068455134135,0.0,3.0,,,,,,-0.015739954739495514,-0.08446681661347351,0.18825527391846367,-1.7250135239343538,0.34782608695652173,-1.7250135239343538,0.3226120389600601,-621.0,0.391304347826087,0.7739130434782608,0.2608695652173913,0.3717391304347826,0.48,佳大
21.399999618530277,21.399999618530277,20.549999237060547,20.899999618530277,1585844.0,0.01703164936563728,20.750000000000004,0.02702698902951206,20.36500015258789,0.032098746594087846,19.92799202601115,0.02702698902951206,20.191912666956583,0.017105752018522064,76.19048051552912,1233469.55,1.285677461596032,0.02627053581801242,2034.TW,2026-09-07,0.05419665732257939,0.07797944890251207,bull,0.2969472710453284,0.27752081406105455,2026-03-31,2026-05-15,2833548000.0,238436000.0,35902000.0,-13678000.0,-15456000.0,1778000.0,0.0,10115642000.0,9094633000.0,22657796000.0,13057364000.0,9600432000.0,611722000.0,7049733000.0,1733334000.0,1869816000.0,0.4,21541200.0,13563163000.0,0.0015882136047469,0.0001851999993333,7.847188667423786e-05,1.3600808796937471,0.084147506941827,0.0126703341535064,0.0006274818707853,-0.2200071185015801,,,9.314478880448952,9.314478880448952,False,63.723418348581745,63.723418348581745,50.12118348154855,1045.0,True,False,True,True,True,True,True,False,False,False,True,True,True,True,False,False,False,10,False,0.04877599264644461,0.03506784935398688,1.0,25779513.124468714,0.4939870490286771,0.0,3.0,,,,,,0.06405294855400172,-0.007043245348085483,0.2773892509042138,-1.0847096486529377,0.828695652173913,-1.0847096486529377,0.775584946374402,-1045.0,0.043478260869565216,0.02608695652173913,0.8695652173913043,0.16739130434782606,0.20347826086956522,允強
21.200000762939453,21.200000762939453,20.399999618530277,20.399999618530277,527856.0,-0.03773590168013996,20.85999984741211,0.022556332750962804,20.592500019073487,0.08137394616220317,19.239166736602783,0.07936508096695083,19.10188803672791,0.020567461810241494,56.96201431428663,555912.05,0.9495314951348868,-0.009348083057662215,2069.TW,2026-09-07,0.05419665732257939,0.07797944890251207,bull,0.3172987974098057,0.1757631822386679,2026-03-31,2026-05-15,2302863000.0,277674000.0,137979000.0,128564000.0,22373000.0,106191000.0,0.64,4252225000.0,3913450000.0,9681868000.0,5325210000.0,4356658000.0,267712000.0,2834868000.0,1356137000.0,,0.174022276842662,113967580.26352634,5768418000.0,0.019757163968271,0.0243744172712202,0.0109680280706161,1.2223153619127325,0.1205777330218949,0.0599162868134144,0.0461125998376803,-0.1384973197554728,,,30.045180578249248,30.045180578249248,False,66.60030575983538,66.60030575983538,57.461524464438845,683.0,True,False,True,True,False,True,True,True,False,True,True,True,True,True,False,False,False,11,False,0.06033696250051168,0.06795723958314692,1.0,11340605.607936386,0.6022201665124884,0.0,3.0,,,,,,0.051685386222857586,0.029281970019937823,0.2236877360632023,-1.2340410804161899,0.7873913043478261,-1.2340410804161899,0.8110471740513828,-683.0,0.33043478260869563,0.1391304347826087,0.9043478260869565,0.4165217391304347,0.38782608695652177,運錩
26.850000381469727,26.850000381469727,26.350000381469727,26.5,192163.0,-0.014869874505676006,26.789999771118165,0.04125733617224747,26.387500095367432,0.057884183207490114,25.90249996185303,0.05577687638458495,25.639707787831625,0.012955854079248968,62.7906935481869,293481.85,0.6547696220396594,0.004263378653755812,2107.TW,2026-09-07,0.05419665732257939,0.07797944890251207,bull,0.2414431082331175,0.22571692876965774,2026-03-31,2026-05-15,327504000.0,108944000.0,61789000.0,88780000.0,18672000.0,70108000.0,0.23,11124237000.0,2061631000.0,15861263000.0,2536045000.0,13325218000.0,807947000.0,1085000000.0,220797000.0,,0.2103176391079071,48793683.39716153,13799632000.0,0.0035358684490399,0.0052613022916398,0.0044200767618568,0.1903192127888639,0.332649372221408,0.1886663979676584,0.2140676144413503,-0.1658159366690099,,,41.47495597513323,41.47495597513323,False,70.47940559025923,70.47940559025923,63.22829318647773,491.0,True,False,True,True,True,True,True,True,False,False,True,True,False,True,False,False,False,10,False,0.023067273005575428,0.033553120779974854,1.0,7777269.024999999,0.6429232192414431,0.0,3.0,,,,,,0.03819374058033026,0.012521761979643572,0.1594248778184596,-1.4092994385313773,0.6308695652173912,-1.4092994385313773,0.605626451156271,-491.0,0.5217391304347826,0.30434782608695654,0.7130434782608696,0.5504347826086956,0.49478260869565216,厚生
31.149999618530277,31.25,30.700000762939453,30.799999237060547,4244330.0,0.03529409200203526,31.35,0.11796733539026993,29.2005877494812,0.10791367202631652,28.310195859273275,0.09999997275216232,27.85343132019043,0.03509320576039871,73.48669869163331,4414997.9,0.9613436056221,0.05477326351445666,2201.TW,2026-09-07,0.05419665732257939,0.07797944890251207,bull,0.0971322849213691,0.1396854764107308,2026-03-31,2026-05-15,16975232000.0,5600166000.0,1529772000.0,1410701000.0,356383000.0,363664000.0,0.35,258394518000.0,257093889000.0,369722615000.0,273701167000.0,96021448000.0,11770568000.0,38309974000.0,7312596000.0,1700000000.0,0.2526283032336406,1143308295.3056672,112628726000.0,0.0101511251694853,0.0037873205161413,0.0009836130797679,2.850416992253648,0.3299021774783402,0.0901178846922386,0.0214232123602198,-0.0348376488341026,,,22.837441404461494,22.837441404461494,False,73.15833316829537,73.15833316829537,60.5781102273369,817.0,True,False,True,True,True,True,True,False,True,True,True,True,True,True,False,False,False,12,False,0.08794723251523218,0.10578832758512613,1.0,135981931.95162392,0.2913968547641073,1.0,3.0,,,,,,0.038226401027416944,-0.0011671241717717208,0.3105878408453142,-1.360199555340013,0.7882608695652173,-1.360199555340013,0.7389103602598629,-817.0,0.19130434782608696,0.21739130434782608,0.8173913043478261,0.28521739130434787,0.32434782608695656,裕隆
548.0,548.0,533.0,539.0,281894.0,0.050682261208577106,526.8,0.048638132295719894,518.5,0.16919739696312375,499.51666666666665,0.02083333333333326,490.9921132405599,0.0060147458284827765,68.0,255799.05,1.1020134750304975,0.03953712632594031,2207.TW,2026-09-07,0.05419665732257939,0.07797944890251207,bull,0.21739130434782608,0.0971322849213691,2026-03-31,2026-05-15,71331231000.0,,,,1278339000.0,4429572000.0,7.95,371776395000.0,39724833000.0,525151865000.0,369092964000.0,116334068000.0,33821612000.0,111314642000.0,1403494000.0,,,,485427032000.0,,0.0380763096842792,0.0084348400819256,3.1726988520679944,,,0.0620986339069348,-0.0236719001813244,,,23.69838641660918,23.69838641660918,False,72.41704878783572,72.41704878783572,60.23738319502909,795.0,True,False,True,True,True,True,True,True,False,True,True,True,True,True,False,False,False,12,False,0.07904307497247332,0.0977773073432624,1.0,137875687.95,0.2895467160037003,3.0,3.0,,,,,,0.01791673606344043,-0.05326179333634923,0.2822806224178212,-0.7107160388502901,0.721304347826087,-0.7107160388502901,0.5923863183222451,-795.0,0.24347826086956523,0.20869565217391303,0.6869565217391305,0.31,0.32173913043478264,和泰車
314.0,314.0,297.0,299.0,24980727.0,-0.01967213114754096,304.3,0.11144863452192921,286.1680511474609,0.37788018433179715,240.39798838297526,0.8117336814182055,214.14482752482095,0.04605451496179927,59.39597315436242,35560081.5,0.7024935249375062,0.04484060607424989,2301.TW,2026-09-07,0.05419665732257939,0.07797944890251207,bull,0.1036077705827937,0.032377428307123035,2026-03-31,2026-05-15,43407292000.0,9402933000.0,4099305000.0,4969901000.0,1195242000.0,3775414000.0,1.66,165353065000.0,116511425000.0,210691221000.0,122427807000.0,88263414000.0,71133162000.0,13521025000.0,3000000000.0,,0.2404961386554782,3113437976.3289046,94179796000.0,0.0330584489302663,0.0427743934763275,0.0179191804104642,1.3870730969006029,0.2166210460675593,0.0944381649055647,0.0869764923368175,0.1919657430575541,,,57.60700281241379,57.60700281241379,False,83.03679629698385,83.03679629698385,76.67934792584134,288.0,True,True,True,True,True,True,True,True,True,True,True,True,False,True,False,False,False,13,False,0.24377080694896058,0.396251328859875,1.0,10632464368.5,0.01942645698427382,2.0,3.0,,,,,,0.004518234810283473,-0.07744180550986116,0.2929733393680423,-1.1533943772673896,0.6404347826086957,-1.1533943772673896,0.6417395626343049,-288.0,0.6521739130434783,0.8173913043478261,0.7304347826086957,0.6639130434782609,0.7173913043478262,光寶科
134.5,143.0,134.0,143.0,337280402.0,0.10852713178294571,131.3,0.16260162601626016,124.275,0.07116104868913853,137.5095667521159,1.3558484053151614,114.09228331247965,0.022839506172839554,69.67213114754098,149568517.0,2.2550227064162174,0.15067390867028752,2303.TW,2026-09-07,0.05419665732257939,0.07797944890251207,bull,0.06567992599444958,0.19241443108233117,2026-03-31,2026-05-15,61037902000.0,17818490000.0,11276411000.0,16643830000.0,526846000.0,16171474000.0,1.29,216440269000.0,79611375000.0,599931908000.0,193195750000.0,406736158000.0,109018591000.0,3589671000.0,13091599000.0,34073429000.0,0.031654132492341,10919465992.16791,520320533000.0,0.0209860370668245,0.0397591256197094,0.0269555157582983,0.4749903498867194,0.2919250075141835,0.1847444068441277,0.264941511259676,0.0549430056265964,,,67.2329618749115,67.2329618749115,False,68.5835401680627,68.5835401680627,68.2458955947749,188.0,True,False,True,True,True,False,True,True,True,False,False,True,True,False,True,False,False,9,False,0.03992764559997153,0.25337135736294236,1.0,21388297931.0,0.0074005550416281225,2.0,3.0,,,,,,-0.051683034696051004,-0.15225139504823945,0.23802005441728116,-1.317822201545804,0.39956521739130435,-1.317822201545804,0.3815854311508179,-188.0,0.782608695652174,0.5739130434782609,0.3739130434782609,0.721304347826087,0.6382608695652174,聯電
31.100000381469727,33.70000076293945,30.549999237060547,33.400001525878906,12462545.0,0.11148094422201571,30.79000015258789,0.1497419071622157,28.937499904632567,0.33067733140501154,32.170833333333334,1.25675683077275,25.18833331267039,0.017582421053925632,70.71428697936372,5956321.1,2.092322557962834,0.15421171960097158,2305.TW,2026-09-07,0.05419665732257939,0.07797944890251207,bull,0.07215541165587419,0.043478260869565216,2026-03-31,2026-05-15,246934000.0,104237000.0,18562000.0,63999000.0,14151000.0,32176000.0,0.16,1660268000.0,336947000.0,3155900000.0,667749000.0,2488151000.0,393143000.0,0.0,,,0.221112829887967,14457703.651619555,2818953000.0,0.0051287494511684,0.0129316910428667,0.0101955068284799,0.2683715739117119,0.4221249402674399,0.0751698834506386,0.1303020240226133,0.4915977046209605,,,55.093877523246825,55.093877523246825,False,72.64569314556103,72.64569314556103,68.25773923998247,307.0,True,False,True,True,True,False,True,True,True,True,False,True,True,False,False,False,False,10,False,0.038207533507438995,0.326010780914902,1.0,198941133.82862473,0.25161887141535616,1.0,3.0,,,,,,-0.0555260415096121,-0.13863956943153918,0.1778630442318848,-1.8728028201006452,0.2182608695652174,-1.8728028201006452,0.2790438763626407,-307.0,0.6434782608695652,0.5826086956521739,0.22608695652173913,0.5808695652173912,0.5417391304347826,全友
41.59999847412109,41.59999847412109,39.20000076293945,40.04999923706055,125370556.0,-0.007434925611036869,40.0,0.10330578729520834,40.042499923706046,0.1017881958254725,37.43416659037272,0.2887943016377863,34.6163597424825,0.020256069288101825,48.04270617229248,116117152.75,1.0796902355151832,0.00018728384513422291,2324.TW,2026-09-07,0.05419665732257939,0.07797944890251207,bull,0.11193339500462535,0.1461609620721554,2026-03-31,2026-05-15,201303536000.0,10597495000.0,2644084000.0,3090596000.0,699988000.0,1967195000.0,0.45,372539532000.0,285043722000.0,452433934000.0,306525209000.0,145908725000.0,84569615000.0,55846516000.0,11898445000.0,,0.2264896479513983,2045226345.6860747,167390212000.0,0.0122183150451238,0.013482367144254,0.0043480270867569,2.100801093286231,0.0526443559342146,0.0131348115017711,0.009772282390509,0.0110778585236814,,,17.5664711440274,17.5664711440274,False,68.66766638111174,68.66766638111174,55.89236757184065,902.0,True,False,True,True,True,True,True,False,True,True,True,True,True,True,False,False,False,12,False,0.06987821247129267,0.1569673857967704,1.0,4650491879.047143,0.045328399629972246,1.0,3.0,,,,,,-0.015499904625209221,-0.06278282217261812,0.24291876870664103,-1.6276079049077035,0.4682608695652174,-1.6276079049077035,0.4258358984247496,-902.0,0.1391304347826087,0.06086956521739131,0.46956521739130436,0.18869565217391304,0.18173913043478263,仁寶
2435.0,2460.0,2430.0,2460.0,26592285.0,0.022869022869022926,2417.0,0.03361344537815136,2403.25,0.06493506493506485,2396.0,0.31550802139037426,2261.7922566731772,0.005123379339188624,61.11111111111111,17113203.85,1.5539045308573238,0.023613856236346598,2330.TW,2026-09-07,0.05419665732257939,0.07797944890251207,bull,0.272895467160037,0.20814061054579094,2026-03-31,2026-05-15,1134103440000.0,751295421000.0,658966142000.0,687799687000.0,114998383000.0,572479752000.0,22.08,4265512176000.0,1714253448000.0,8660949685000.0,2728560764000.0,5932388921000.0,3035637228000.0,,40991672000.0,860026070000.0,0.167197492487373,548788655423.5218,6946696237000.0,0.0789999500050863,0.096500711538565,0.0660989582922395,0.4599430010971123,0.6624575805889452,0.5810458894296273,0.5047861877572649,0.351323787607557,,,99.15374073493592,99.15374073493592,True,78.06985637493725,78.06985637493725,83.34082746493692,5.0,True,True,True,True,True,True,True,True,False,False,True,True,True,True,True,True,True,13,False,0.026711185308847973,0.08763304531706306,1.0,42098481471.0,0.0018501387604070306,3.0,0.0,,,,,,-0.03899967851573923,-0.14389527783540215,0.14627012762757127,-1.6923231972508268,0.21913043478260869,-1.6923231972508268,0.19206954676468743,-5.0,0.991304347826087,0.9304347826086956,0.16521739130434782,0.8673913043478261,0.8078260869565217,台積電
236.0,244.5,229.0,233.5,7235932.0,0.004301075268817289,230.2,0.3857566765578635,203.25,0.27595628415300544,190.1202596028646,1.4893389381997921,172.36179644266764,0.08154849008913123,74.89177489177489,5467726.6,1.3233895052470255,0.14883148831488313,2351.TW,2026-09-07,0.05419665732257939,0.07797944890251207,bull,0.012950971322849213,0.05272895467160037,2026-03-31,2026-05-15,2805040000.0,536428000.0,271819000.0,291916000.0,59272000.0,221741000.0,1.22,7664285000.0,3511531000.0,13387353000.0,5808485000.0,7578868000.0,1087862000.0,1177901000.0,596426000.0,1147119000.0,0.2030447114923471,216627589.5668617,9875822000.0,0.0219351452027853,0.0292577994497331,0.0165634685213723,0.7664053523560511,0.1912372016085332,0.0969037874682714,0.0790509226249893,0.1104464802119675,,,50.10730286570861,50.10730286570861,False,85.98815953724973,85.98815953724973,77.01794536936445,365.0,True,True,True,True,True,True,True,False,True,True,True,True,True,True,False,False,False,13,False,0.22817000401614118,0.3547085538625645,1.0,1276714161.1,0.1026827012025902,2.0,3.0,,,,,,0.0032214816041679075,-0.08865433830687687,0.32555883500305416,-1.2021471032577586,0.6243478260869566,-1.2021471032577586,0.46191737881870665,-365.0,0.5826086956521739,0.8260869565217391,0.48695652173913045,0.5682608695652174,0.6365217391304347,順德
66.69999694824219,66.80000305175781,64.69999694824219,65.69999694824219,11504412.0,0.015455951269981671,65.44000015258788,0.041204414215436636,62.82500019073486,0.1526315254077577,58.45212148030599,0.18806506066299988,57.147727457682294,0.02429282060261175,71.96968470941826,12428145.0,0.9256741050253275,0.0457619856550564,2354.TW,2026-09-07,0.05419665732257939,0.07797944890251207,bull,0.242368177613321,0.10823311748381129,2026-03-31,2026-05-15,25274831000.0,1224398000.0,373042000.0,939869000.0,285306000.0,663384000.0,0.47,119608118000.0,42954189000.0,150753789000.0,44332160000.0,106421629000.0,18348663000.0,13096824000.0,,,0.3035593258209388,259801621.9771053,107799600000.0,0.0024100425416894,0.0062335448746043,0.0044004466116602,0.4165709585219749,0.0484433704027536,0.0147594260867659,0.0262468223823138,-0.1575198993297046,,,17.738249987351253,17.738249987351253,False,68.83662553909312,68.83662553909312,56.06203165115765,899.0,True,False,True,True,True,True,True,True,False,True,True,True,True,True,False,False,False,12,False,0.12399679061055457,0.1496519611719087,1.0,816529088.5723114,0.13135985198889916,1.0,3.0,,,,,,-0.005783052698485299,-0.055994575867139594,0.15650865119097843,-1.7853134355344278,0.3552173913043478,-1.7853134355344278,0.3062967661343702,-899.0,0.14782608695652175,0.0782608695652174,0.24347826086956523,0.16217391304347828,0.14608695652173914,鴻準
1025.0,1025.0,981.0,999.0,4998224.0,0.0,1003.0,0.22127139364303172,949.85,0.2726114649681528,806.7873331705729,0.684654300168634,729.7019999186198,0.05077714475358148,67.45098039215686,3954579.0,1.26390799121727,0.05174501237037421,2357.TW,2026-09-07,0.05419665732257939,0.07797944890251207,bull,0.039777983348751156,0.0545790934320074,2026-03-31,2026-05-15,208369726000.0,30970538000.0,11895859000.0,13859608000.0,2702804000.0,9797017000.0,13.19,485857648000.0,327627459000.0,671441698000.0,354711686000.0,316730012000.0,57955263000.0,41417377000.0,275376000.0,,0.1950130191272365,9576011621.29809,343814239000.0,0.0278522833991703,0.0309317608967223,0.0145910166574134,1.1199181402487366,0.1486326185407567,0.0570901504184921,0.0470174683629425,0.4108280576281871,,,51.58078089609261,51.58078089609261,False,81.78574479679364,81.78574479679364,74.23450382161838,344.0,True,True,True,True,True,True,True,True,True,True,True,True,True,True,False,False,False,14,False,0.23824452730815127,0.36905202412959515,1.0,3950624421.0,0.04995374653098982,3.0,3.0,,,,,,0.06653278857161389,0.017032912516856683,0.34243034306174985,-1.247625551777988,0.8865217391304347,-1.247625551777988,0.89953537468694,-344.0,0.6,0.7913043478260869,0.9826086956521739,0.6573913043478261,0.7339130434782608,華碩
369.5,371.0,361.0,364.5,5296828.0,0.018156424581005526,359.3,0.0429184549356223,357.175,0.06578947368421062,342.244960530599,0.469758064516129,318.8724802652995,0.01204221860168591,61.8705035971223,7983279.05,0.6634902734610035,0.020508154266116074,2376.TW,2026-09-07,0.05419665732257939,0.07797944890251207,bull,0.23219241443108232,0.20166512488436633,2026-03-31,2026-05-15,105057330000.0,12614630000.0,7413710000.0,7054503000.0,1410189000.0,5268403000.0,7.86,234087870000.0,170374747000.0,247826770000.0,180781022000.0,67045748000.0,63311111000.0,69227536000.0,,9540960000.0,0.199899128258929,5931715833.835495,77452023000.0,0.0765856798063944,0.0785792262322138,0.0212584096544533,2.6963831024750444,0.1200737730532462,0.0705682316502808,0.0501478859209538,0.5978925716183887,,,59.16561347732097,59.16561347732097,False,73.73438608144326,73.73438608144326,70.0921929304127,275.0,True,False,True,True,True,True,True,True,False,False,True,True,False,True,False,False,False,10,False,0.0650266389164591,0.14309017729199702,1.0,2909905213.725,0.05920444033302498,2.0,3.0,,,,,,0.09419019283476987,0.04943120411294308,0.4006686310536169,0.46561576063191856,0.9882608695652173,0.46561576063191856,0.9786807877541573,-275.0,0.6782608695652174,0.6521739130434783,1.0,0.7265217391304347,0.7347826086956522,技嘉
164.0,164.0,156.0,158.5,14256453.0,0.022580645161290214,155.9,0.05276218095343199,150.13180923461914,0.16117216117216127,145.43654174804686,0.6933760959816972,126.14910405476888,0.007192987294328836,67.86726478362641,15611982.75,0.9131737607127448,0.05573895903900983,2377.TW,2026-09-07,0.05419665732257939,0.07797944890251207,bull,0.20814061054579094,0.10083256244218317,2026-03-31,2026-05-15,56256838000.0,8440506000.0,3876357000.0,4133431000.0,716617000.0,3416814000.0,4.04,106512512000.0,56814984000.0,119099762000.0,64185562000.0,54914200000.0,25875075000.0,0.0,6305082000.0,,0.1733709840565864,3204309172.355363,62284778000.0,0.0514461040923251,0.0622209555998266,0.0286886719387398,1.1688335985956273,0.1500352010541367,0.0689046369794192,0.0607359766647389,0.0507372103469625,,,60.05362798212559,60.05362798212559,False,73.24958667179317,73.24958667179317,69.95059699937627,263.0,True,False,True,True,True,True,True,True,False,True,True,True,True,True,True,False,False,12,False,0.08982239329221797,0.25644966872840924,1.0,2474499265.875,0.06753006475485661,2.0,3.0,,,,,,0.015358685872098734,-0.02592691619692911,0.263411935339178,-0.6892079449944899,0.7247826086956521,-0.6892079449944899,0.6595814189685665,-263.0,0.6956521739130435,0.6434782608695652,0.7565217391304347,0.7047826086956521,0.6921739130434782,微星
46.20000076293945,46.29999923706055,44.29999923706055,44.34999847412109,3262376.0,-0.014444478352864776,45.33999938964844,0.16864288754986356,43.2899995803833,0.12706480797676023,38.9816499710083,0.18266662597656236,38.134991614023846,0.0516853879374764,65.75873973186701,6495440.5,0.5022563134863601,0.02448599916868832,2392.TW,2026-09-07,0.05419665732257939,0.07797944890251207,bull,0.06105457909343201,0.12950971322849214,2026-03-31,2026-05-15,20284345000.0,3918165000.0,2024943000.0,2036754000.0,252111000.0,-210762000.0,-0.46,65961303000.0,65464823000.0,123191294000.0,95674753000.0,27516541000.0,21416412000.0,16445470000.0,26655579000.0,0.0,0.1237807805950055,1774293974.7996078,57726471000.0,0.0307362280088039,-0.0076594656283287,-0.0017108514177958,3.476990549066469,0.1931620173094078,0.0998278721841893,-0.0103903774068129,-0.0513983335778374,,,22.851074819845003,22.851074819845003,False,76.68363113624541,76.68363113624541,63.2254920571453,813.0,True,True,True,True,True,True,True,True,True,True,True,True,False,True,False,False,False,13,False,0.13771475827999513,0.16297386198484753,1.0,288072776.2637443,0.21739130434782608,1.0,3.0,,,,,,0.037774274601908006,0.011039346074342088,0.31081626294644116,-1.0401750240439627,0.8382608695652174,-1.0401750240439627,0.8369750995430113,-813.0,0.2,0.2956521739130435,0.9304347826086956,0.3095652173913044,0.37478260869565216,正崴
519.0,525.0,508.0,517.0,56960926.0,-0.047882136279926324,505.3,0.029880478087649376,512.05,0.38235294117647056,455.36414845784503,0.9042357274401474,363.4737408955892,0.02271932890597682,50.38910505836576,84085661.0,0.6774154513692887,0.009667024704618887,2408.TW,2026-09-07,0.05419665732257939,0.07797944890251207,bull,0.28307123034227566,0.03145235892691952,2026-03-31,2026-05-15,49086932000.0,33325482000.0,30111283000.0,31718134000.0,5659880000.0,26059487000.0,8.41,141606845000.0,25207062000.0,240968098000.0,47930660000.0,193037438000.0,86281008000.0,0.0,13800000000.0,3996400000.0,0.1784430319892084,24738134364.394894,215761036000.0,0.1146552446308929,0.1349970620724877,0.1081449669740099,0.2482972240856201,0.6789074126694249,0.6134276837672398,0.5308844113541258,5.829068133568171,,,100.0,100.0,True,66.52713950861032,66.52713950861032,74.89535463145774,2.0,True,False,True,True,True,True,True,True,False,True,True,True,False,True,True,True,True,12,False,0.13535508175356692,0.4223861089005396,1.0,43472286737.0,0.0009250693802035153,3.0,0.0,,,,,,-0.12538631455399177,-0.22137093446775455,0.16670536626980073,-1.782848432505808,0.13391304347826088,-1.782848432505808,0.14636536253113133,-2.0,1.0,0.8,0.08695652173913043,0.8630434782608696,0.7573913043478261,南亞科
26.950000762939453,29.450000762939453,26.700000762939453,28.700000762939453,522633576.0,0.07692312096634213,26.969999694824217,0.06296299121997984,26.202499866485596,0.22127662821018945,26.89528894424439,0.8050315378304618,23.152227822939555,0.019155967514670143,70.08547203615157,177520525.25,2.9440740740485163,0.09531536720464961,2409.TW,2026-09-07,0.05419665732257939,0.07797944890251207,bull,0.17946345975948197,0.07215541165587419,2026-03-31,2026-05-15,69031355000.0,8183487000.0,-635608000.0,-501422000.0,538028000.0,-1143537000.0,-0.15,139726713000.0,124948160000.0,376390658000.0,214627241000.0,161763417000.0,53064131000.0,12198589000.0,72270609000.0,,0.0,-635608000.0,251442498000.0,-0.0025278463468017,-0.0070691941429501,-0.0030381652033457,1.3267971521645094,0.118547390529999,-0.0092075260582672,-0.0165654723132698,-0.0425858019689946,,,11.660468541521832,11.660468541521832,False,65.75515818287282,65.75515818287282,52.231485772535066,1021.0,True,False,True,True,True,False,True,True,True,True,True,True,True,True,False,False,False,12,False,0.06710141030409988,0.2396215596368263,1.0,5094839210.112412,0.04070305272895467,0.0,3.0,,,,,,-0.06262773330774753,-0.18255030843109427,0.22597374443118895,-1.8367637664861012,0.27,-1.8367637664861012,0.19455084358660985,-1021.0,0.06956521739130435,0.043478260869565216,0.17391304347826086,0.08521739130434783,0.08260869565217391,友達
178.0,178.5,169.0,171.5,6509119.0,-0.04456824512534818,171.8,0.1471571906354514,156.15,0.19097222222222232,144.91666666666666,0.10289389067524124,145.21275825500487,0.04256384576865298,67.33333333333333,4993768.2,1.3034483659053298,0.09830291386487344,2421.TW,2026-09-07,0.05419665732257939,0.07797944890251207,bull,0.07493061979648474,0.08325624421831637,2026-03-31,2026-05-15,5019470000.0,1589335000.0,788361000.0,804772000.0,155735000.0,649037000.0,2.36,14963066000.0,7265103000.0,19420226000.0,8096459000.0,11323767000.0,6013084000.0,462398000.0,0.0,,0.1935144363869518,635801765.4155462,12155123000.0,0.0523073082366625,0.0573163506455051,0.0334206718294627,0.7149969617001127,0.3166340270984785,0.157060606000235,0.1293038906498096,0.2059937007805909,,,81.54483186948244,81.54483186948244,False,84.35428413489437,84.35428413489437,83.65192106854138,79.0,True,True,True,True,True,True,True,True,True,True,True,True,True,True,True,False,False,14,False,0.18343875790684305,0.1810257036701466,1.0,856431246.3000001,0.12580943570767808,2.0,2.0,,,,,,-0.013475749870237579,-0.08587092252106739,0.27510534580849266,-1.3818395629171845,0.5104347826086957,-1.3818395629171845,0.46993036316004544,-79.0,0.8869565217391304,0.9391304347826087,0.5043478260869565,0.8295652173913043,0.8260869565217391,建準
106.0,109.5,99.0999984741211,99.0999984741211,60894657.0,0.013292386316954508,102.11999969482422,0.46597634187904546,85.41999969482421,0.45735291873707484,74.04416650136312,1.696175439820062,65.7517347017924,0.12365166829013333,71.2765922909039,47372958.2,1.2854307460157723,0.1601498340923757,2426.TW,2026-09-07,0.05419665732257939,0.07797944890251207,bull,0.009250693802035153,0.02312673450508788,2026-03-31,2026-05-15,545147000.0,107038000.0,16725000.0,17730000.0,1096000.0,16634000.0,0.06,2649632000.0,798477000.0,4627612000.0,866690000.0,3760922000.0,615916000.0,52733000.0,0.0,,0.0618161308516638,15691125.211505923,3829135000.0,0.0040978250209266,0.004422851630531,0.0035945105164391,0.2304461512363191,0.1963470403395781,0.0306797982929375,0.0305128708403421,-0.0985551006369594,,,23.08242867683808,23.08242867683808,False,86.52290037344318,86.52290037344318,70.66278244929191,808.0,True,True,True,True,True,True,True,True,True,True,True,False,True,False,False,False,False,12,False,0.3383903574942222,0.5071845468956062,1.0,4694660085.334602,0.043478260869565216,1.0,3.0,,,,,,-0.11903127904852871,-0.2137776290715314,0.16875384759916603,-1.678384986623591,0.16826086956521738,-1.678384986623591,0.17784172711049615,-808.0,0.20869565217391303,0.6869565217391305,0.12173913043478261,0.19565217391304346,0.3347826086956522,鼎元
65.0,66.5,64.0,64.80000305175781,730448.0,0.04516133954448076,65.88000030517578,0.22495276337671521,55.85000019073486,0.9938462477463943,56.218333625793456,1.204081765052662,43.637083546320596,0.04843251193491982,69.80875127117508,1131892.6,0.6453333116587209,0.16025072212099478,2434.TW,2026-09-07,0.05419665732257939,0.07797944890251207,bull,0.036077705827937095,0.008325624421831638,2026-03-31,2026-05-15,10860000.0,-2848000.0,-16820000.0,-1310000.0,3419000.0,-4729000.0,-0.13,108102000.0,111881000.0,690037000.0,222180000.0,467857000.0,67489000.0,60000000.0,62087000.0,,0.0,-16820000.0,578156000.0,-0.0290924940673451,-0.0101077893458898,-0.0068532556949844,0.4748886946225021,-0.2622467771639042,,-0.435451197053407,0.0598223870401093,,,22.24637294998911,22.24637294998911,False,73.92202680219934,73.92202680219934,61.00311333914678,824.0,True,False,True,True,True,False,True,True,True,True,True,True,False,False,False,False,False,10,False,0.15264894692693298,0.48497557090342336,1.0,73346643.9342621,0.3617021276595745,1.0,3.0,,,,,,-0.14815033783628406,-0.21194515873701816,0.056093710884799745,-1.9355149319153095,0.044347826086956525,-1.9355149319153095,0.14692328154928486,-824.0,0.1826086956521739,0.22608695652173913,0.09565217391304348,0.16956521739130437,0.1782608695652174,統懋
69.0999984741211,71.69999694824219,69.0999984741211,71.69999694824219,15531881.0,0.09132420515524142,67.11999816894532,0.06379815022277491,66.2299991607666,0.05752203128231659,65.53952217102051,0.13809518965463785,67.50892794926962,0.01939355813238134,68.81719812628694,5394104.25,2.87941802385447,0.08259093849899846,2436.TW,2026-09-07,0.05419665732257939,0.07797944890251207,bull,0.1757631822386679,0.22756706753006475,2026-03-31,2026-05-15,1047731000.0,351386000.0,143273000.0,175219000.0,37758000.0,137922000.0,0.7,4987637000.0,1886160000.0,6389164000.0,2035867000.0,4353297000.0,1412266000.0,0.0,,,0.2154903292451161,112399054.05806448,4503004000.0,0.0249609047778026,0.0316821939784949,0.0215868617553094,0.4676609475530844,0.3353780693708595,0.1367459777366518,0.1316387507862228,0.3174001825721551,,,71.40875700399049,71.40875700399049,False,72.23473035696384,72.23473035696384,72.0282370187205,157.0,True,False,True,True,True,True,True,True,True,False,True,True,True,True,True,False,False,12,False,0.09399633340545854,0.062081699803054224,1.0,386757258.2635002,0.1877890841813136,1.0,3.0,,,,,,-0.001858885806273117,-0.08564042735260445,0.20016963585252104,-1.3428786004102915,0.47695652173913045,-1.3428786004102915,0.5302372958737689,-157.0,0.8173913043478261,0.7043478260869566,0.6260869565217392,0.7886956521739131,0.7452173913043478,偉詮電
213.0,213.0,202.5,203.0,16813945.0,0.1306666304050368,204.4057189941406,0.12777777777777777,192.47906875610352,0.36241610738255026,170.60968958536785,1.5663717309225347,141.29484481811522,0.042949425113395966,59.48144197547325,18615701.25,0.9032130873930951,0.054660131680229096,2464.TW,2026-09-07,0.05419665732257939,0.07797944890251207,bull,0.08695652173913043,0.036077705827937095,2026-03-31,2026-05-15,1864911000.0,348125000.0,41838000.0,53528000.0,4046000.0,49169000.0,0.24,7398797000.0,5883475000.0,11317462000.0,6229196000.0,5088266000.0,1831434000.0,460111000.0,103169000.0,0.0,0.0755866088775967,38675607.45777911,5433987000.0,0.0071173536958736,0.00966321336188,0.0043445253008139,1.2242276641983734,0.1866711065568276,0.0224343145597832,0.0263653332518281,0.0786759589539871,,,25.84400824761181,25.84400824761181,False,84.35708598156148,84.35708598156148,69.72881654807406,757.0,True,True,True,True,True,True,True,True,True,True,False,True,True,True,False,False,False,13,False,0.18985035664357763,0.43671200645229513,1.0,3778987353.75,0.05272895467160037,2.0,3.0,,,,,,-0.07813961563286267,-0.18712380617505156,0.19588001082921594,-1.8125797584334504,0.22217391304347828,-1.8125797584334504,0.11439913741599869,-757.0,0.26956521739130435,0.6173913043478261,0.06086956521739131,0.2382608695652174,0.3321739130434782,盟立
99.1999969482422,103.5,98.5999984741211,102.5,6154239.0,0.09042553191489366,99.73999938964843,0.09508548793769056,93.78499984741211,0.33986928104575154,83.8583334604899,0.7672413793103448,77.85750017166137,0.039168973378527525,69.3586776679781,5654115.1,1.088453080836646,0.09292530966324208,2465.TW,2026-09-07,0.05419665732257939,0.07797944890251207,bull,0.12025901942645699,0.041628122109158186,2026-03-31,2026-05-15,1569188000.0,167121000.0,92107000.0,130068000.0,22277000.0,107791000.0,1.15,1574817000.0,638916000.0,1902288000.0,697716000.0,1204572000.0,319532000.0,112731000.0,0.0,,0.1712719500568933,76331654.49610972,1263372000.0,0.0604189854580517,0.0894848958800304,0.0566638700344006,0.5792231597613094,0.1065015791606869,0.0586972370423429,0.0686922153368493,0.9128577645528606,,,73.28778007996519,73.28778007996519,True,79.54499154563278,79.54499154563278,77.98068867921589,133.0,True,True,True,True,True,True,True,True,True,True,True,True,True,True,True,True,False,14,False,0.22229951121426916,0.3165077195389845,1.0,579546797.75,0.15911193339500462,2.0,3.0,,,,,,-0.04133694175296746,-0.16958248618003235,0.15749524770677273,-1.823477399892149,0.19478260869565217,-1.823477399892149,0.1863594851771081,-133.0,0.8521739130434782,0.8521739130434782,0.14782608695652175,0.7465217391304347,0.711304347826087,麗臺
616.0,635.0,607.0,619.0,1067292.0,0.00978792822185981,610.0,0.12545454545454549,574.1,0.13201976260804993,563.8463673909505,0.6440903054448872,549.1765228271485,0.041829235096633825,63.681592039801,1330945.35,0.8019052021933132,0.07820937118968807,2467.TW,2026-09-07,0.05419665732257939,0.07797944890251207,bull,0.09158186864014801,0.12303422756706753,2026-03-31,2026-05-15,2261506000.0,1118836000.0,551124000.0,613560000.0,131154000.0,466168000.0,3.06,8668744000.0,7397306000.0,20907953000.0,12303757000.0,8604196000.0,2586058000.0,930000000.0,2672580000.0,1609684000.0,0.2137590455701153,433316259.7692157,13510647000.0,0.0320722064434971,0.0541791470115278,0.0222962047025837,1.4299717254232702,0.4947305025942889,0.243697783689276,0.2061316662436447,0.7275418248873835,,,82.91061822425604,82.91061822425604,False,82.71458913986956,82.71458913986956,82.76359641096619,67.0,True,True,True,True,True,True,True,True,True,True,True,True,True,True,True,False,False,14,False,0.09781677385678367,0.1271421378565163,1.0,823855171.6500001,0.13043478260869565,3.0,2.0,,,,,,-0.00898354294699031,-0.09318126518688921,0.2761782172732531,-0.6926639088170031,0.578695652173913,-0.6926639088170031,0.5459694660417315,-67.0,0.9130434782608695,0.9130434782608695,0.6521739130434783,0.8739130434782608,0.8608695652173913,志聖
158.0,168.0,155.0,158.0,60658862.0,0.04635761589403975,155.0,0.14909090909090916,145.075,0.08965517241379306,157.54166666666666,0.5470782013699114,136.74889647165935,0.03624999999999992,63.70370370370371,33049760.1,1.835379797507214,0.08909184904359813,2481.TW,2026-09-07,0.05419665732257939,0.07797944890251207,bull,0.0730804810360777,0.15818686401480112,2026-03-31,2026-05-15,3421155000.0,1119956000.0,222307000.0,401292000.0,91991000.0,287830000.0,0.75,16640056000.0,9238488000.0,30592464000.0,14747647000.0,15844817000.0,2062678000.0,3840875000.0,4482923000.0,455744000.0,0.2292370642823679,171345995.9505796,21353976000.0,0.0080240792604889,0.0181655616470673,0.0094085262305121,0.930755274737474,0.3273619581690978,0.064980101749263,0.0841324055764792,0.1137638172403219,,,42.02257957760406,42.02257957760406,False,76.31162118328325,76.31162118328325,67.73936078186345,480.0,True,True,True,True,True,False,True,True,True,True,True,True,True,True,False,False,False,13,False,0.002909283258397233,0.1554023767405308,1.0,5221862095.8,0.03885291396854764,2.0,3.0,,,,,,-0.04283695651327591,-0.13592829401547826,0.22044995967449743,-1.774032872894485,0.3108695652173913,-1.774032872894485,0.33801722067850687,-480.0,0.5304347826086957,0.5652173913043478,0.28695652173913044,0.4939130434782609,0.4921739130434783,強茂
42.0,44.45000076293945,40.79999923706055,43.0,2599634.0,-0.15354329437410996,45.15,0.23209163667556898,42.04500026702881,0.37380195041941566,36.765833377838135,1.5825826417523778,28.305416679382326,0.09314266753403913,54.05117143320763,2443245.3,1.0640085954529412,0.022713752572385726,2491.TW,2026-09-07,0.05419665732257939,0.07797944890251207,bull,0.032377428307123035,0.03330249768732655,2026-03-31,2026-05-15,35944000.0,5341000.0,-45575000.0,117289000.0,-67000.0,70043000.0,0.85,1624764000.0,245075000.0,1724545000.0,273979000.0,1450566000.0,105525000.0,,0.0,,0.0,-45575000.0,1479470000.0,-0.0308049504214347,0.0482866687899757,0.040615350715696,0.1888773072028435,0.1485922546182951,,1.9486701535722235,-0.1873756556339302,,,45.70697288449711,45.70697288449711,False,77.90141175530717,77.90141175530717,69.85280203760466,424.0,True,True,True,True,True,True,True,True,True,True,True,True,True,True,False,False,False,14,False,0.16956413195082698,0.5191438616525017,1.0,105059547.89999999,0.31822386679000925,1.0,3.0,,,,,,-0.02068720926510073,-0.1290878168698583,0.2047841634741417,-1.529060651869675,0.3765217391304348,-1.529060651869675,0.3635860303775019,-424.0,0.5478260869565217,0.6260869565217392,0.3217391304347826,0.5139130434782608,0.5260869565217391,吉祥全
14.949999809265137,15.0,14.649999618530272,14.899999618530272,136769.0,-0.03246753327177798,14.979999923706055,0.09157509413429499,14.629999923706055,0.07971010236173282,13.756666644414265,0.04195800138409478,13.652916669845581,0.03155296968585544,64.70588675282403,154653.55,0.8843573264241268,0.018455208218197905,2509.TW,2026-09-07,0.05419665732257939,0.07797944890251207,bull,0.12488436632747456,0.17853839037927843,2026-03-31,2026-05-15,64339000.0,17741000.0,-24855000.0,-103715000.0,440000.0,-100923000.0,-0.45,11515918000.0,9505024000.0,14164161000.0,9994241000.0,4169920000.0,916570000.0,4613123000.0,0.0,486938000.0,0.0,-24855000.0,4659137000.0,-0.0053346789330298,-0.0242026225922799,-0.0071252367153974,2.396746460363748,0.2757425511742489,-0.3863131226783133,,-0.0720024231584717,,,11.364896482710066,11.364896482710066,False,74.2102913212947,74.2102913212947,58.498942611648545,1024.0,True,False,True,True,True,True,True,True,True,True,True,True,True,True,False,False,False,13,False,0.08311119282520685,0.09134187066702393,1.0,2304337.836004352,0.8103607770582794,0.0,3.0,,,,,,0.04386534033502675,0.004950773365016078,0.3447748495781661,-1.0239469730661808,0.8656521739130434,-1.0239469730661808,0.815914444902764,-1024.0,0.06086956521739131,0.16521739130434782,0.9130434782608695,0.18869565217391304,0.26260869565217393,全坤建
37.45000076293945,37.45000076293945,36.45000076293945,36.59999847412109,1707740.0,0.0041151634579428276,36.50999908447265,0.0502152102330653,35.964999961853025,0.04571424211774544,35.02668056488037,0.11926598226877405,33.08042362531026,0.024044655386436565,54.99997820172986,1633375.85,1.0455278863098165,0.017656013150050942,2520.TW,2026-09-07,0.05419665732257939,0.07797944890251207,bull,0.21554116558741906,0.2488436632747456,2026-03-31,2026-05-15,4862541000.0,1141758000.0,658447000.0,599530000.0,162065000.0,308665000.0,0.52,53619294000.0,30715620000.0,65803063000.0,37306228000.0,28496835000.0,17736193000.0,16539209000.0,220000000.0,3700000000.0,0.2703200840658515,480455551.60709226,35087443000.0,0.0136930910470475,0.0108315537497409,0.0046907390921908,1.3091358391203796,0.2348068633251627,0.1354121230031787,0.063478127999332,0.0287244960456058,,,37.26396887406752,37.26396887406752,False,67.49671604529468,67.49671604529468,59.93852925248789,571.0,True,False,True,True,True,True,True,True,False,False,True,True,True,True,False,False,False,11,False,0.044917699418488555,0.10639449145741753,1.0,59781553.61766624,0.3876040703052729,1.0,3.0,,,,,,0.04970819277861596,0.01228155234806478,0.22617658238242022,-1.5323485435126984,0.731304347826087,-1.5323485435126984,0.7083939882331354,-571.0,0.4260869565217391,0.2,0.8,0.48217391304347823,0.4330434782608696,冠德
48.54999923706055,48.54999923706055,47.59999847412109,48.0,7651209.0,0.028938873096760576,48.210000610351564,0.08229992449737611,47.400000190734865,0.06785315206435372,44.9883331934611,0.30612244897959173,42.206666723887125,0.021661823637348487,51.824817924737395,8554596.0,0.8943974677471619,0.01265822377322312,2542.TW,2026-09-07,0.05419665732257939,0.07797944890251207,bull,0.13506012950971322,0.19796484736355227,2026-03-31,2026-05-15,16191907000.0,4874634000.0,3912933000.0,3918335000.0,698387000.0,2421313000.0,1.15,244126134000.0,168451704000.0,269504119000.0,203260373000.0,66243746000.0,18030010000.0,104829064000.0,11468836000.0,23019028000.0,0.1782356536641201,3215508829.0010934,101052415000.0,0.0318202076516537,0.0365515712230404,0.0089843265067128,3.068370756086167,0.3010537301134449,0.2416597995529495,0.1495384700517363,13.610654325020349,,,58.947380152838136,58.947380152838136,False,67.05392691172173,67.05392691172173,65.02729022200083,278.0,True,False,True,True,True,True,True,True,True,False,True,True,True,True,False,False,False,12,False,0.06694328490873347,0.1372610946515258,1.0,410620608.0,0.18038852913968548,1.0,3.0,,,,,,0.04865062061469025,0.10593032253857602,0.24800687926122872,0.2970431276933911,0.8599999999999999,0.2970431276933911,0.8744315824914943,-278.0,0.6695652173913044,0.4,0.9652173913043478,0.7139130434782609,0.6478260869565218,興富發
54.0,54.0,52.79999923706055,53.09999847412109,349955.0,0.007590089286354074,53.37999954223633,0.09484532936332135,51.71500015258789,0.06733665274615253,48.62773367563884,-0.014842356755290886,48.99511686960856,0.02915422407953655,70.96771414894773,614470.3,0.5695230509920496,0.026781365511876265,2607.TW,2026-09-07,0.05419665732257939,0.07797944890251207,bull,0.1211840888066605,0.19888991674375578,2026-03-31,2026-05-15,3991930000.0,868803000.0,467559000.0,709936000.0,149297000.0,553268000.0,1.04,14530568000.0,4295956000.0,44350782000.0,12631508000.0,31719274000.0,4170571000.0,346407000.0,4274711000.0,,0.2102964210858443,369233015.6535237,40054826000.0,0.0092181904785586,0.0174426438637908,0.012474819496982,0.3982281561677609,0.2176398383739193,0.1171260518095257,0.1385966186781832,-0.1369527758740344,,,38.62339041274056,38.62339041274056,False,68.62400987652931,68.62400987652931,61.12385501058212,547.0,True,False,True,True,True,True,True,True,True,False,True,True,False,True,False,False,False,11,False,0.09196942691825938,0.08378144326988557,1.0,32628371.99239273,0.4616096207215541,1.0,3.0,,,,,,0.023440759925870323,-0.004029162350803052,0.15940763655171059,-1.7294240831379384,0.5143478260869565,-1.7294240831379384,0.458023047760917,-547.0,0.45217391304347826,0.23478260869565218,0.4782608695652174,0.45608695652173914,0.39217391304347826,榮運
32.75,33.150001525878906,32.20000076293945,32.900001525878906,3608362.0,0.06300486962425045,32.02000045776367,0.12286697551393932,30.78000020980835,0.09666671752929679,29.726791763305663,0.001522162985706288,29.777562506993615,0.02582903483560099,72.26279323411589,2377443.1,1.5177490472852957,0.06887593572514006,2617.TW,2026-09-07,0.05419665732257939,0.07797944890251207,bull,0.09435707678075855,0.15309898242368178,2026-03-31,2026-05-15,1083585000.0,454984000.0,420156000.0,372514000.0,74470000.0,298044000.0,0.71,3272834000.0,1957091000.0,26562212000.0,8269177000.0,18293035000.0,921024000.0,1017237000.0,5281631000.0,,0.1999119496180009,336161794.8962992,24605121000.0,0.013662269529026,0.0162927584187096,0.0112206016577233,0.452039642410349,0.4198876876294891,0.3877462312601226,0.2750536413848475,0.0574449605745959,,,59.57860740402141,59.57860740402141,False,78.39604984045766,78.39604984045766,73.6916892313486,271.0,True,True,True,True,True,True,True,False,True,True,True,True,True,True,False,False,False,13,False,0.10674578635459109,0.10485878480322053,1.0,78217881.61769028,0.35337650323774283,1.0,3.0,,,,,,0.013028800249430638,-0.029803319237697315,0.160733385374194,-2.150363758672422,0.4043478260869565,-2.150363758672422,0.39549111647755886,-271.0,0.6869565217391305,0.7652173913043478,0.3826086956521739,0.641304347826087,0.6495652173913044,台航
40.29999923706055,40.29999923706055,38.75,38.79999923706055,689304.0,-0.006402048780649872,39.18000030517578,0.14792899742191912,36.96000003814697,0.22294748853094482,34.867500114440915,0.2700491065803967,33.01455504099528,0.03805645604112896,74.60316050670474,819766.0,0.8408545853328877,0.049783528057751214,2816.TW,2026-09-07,0.05419665732257939,0.07797944890251207,bull,0.07400555041628122,0.07030527289546716,2026-03-31,2026-05-15,,,460640000.0,461658000.0,63688000.0,,,,,25125030000.0,16643189000.0,8481841000.0,3180641000.0,,,,0.1379549363381551,397092438.1251922,25125030000.0,0.0158046552830063,,,1.962214217408697,,,,,,,38.97407433693017,38.97407433693017,False,75.17082900327082,75.17082900327082,66.12164033668566,537.0,True,True,True,True,True,True,True,False,True,True,True,True,True,True,False,False,False,13,False,0.11278408574496357,0.17523919946463873,1.0,31806920.174568176,0.4662349676225717,1.0,3.0,,,,,,0.04996748374983958,-0.004119536283496344,0.22016256666891787,-1.6733743491337478,0.6630434782608696,-1.6733743491337478,0.5961844532279315,-537.0,0.4782608695652174,0.4608695652173913,0.6956521739130435,0.5108695652173912,0.5165217391304348,旺旺保
13.699999809265137,13.800000190734863,13.550000190734863,13.75,14844726.0,0.07152080622094936,13.404961395263673,0.045627406758570466,13.216156148910523,0.06177607741449531,13.214552068710328,0.10441768760248649,12.782276050249736,0.0035110609838726737,57.05666499320071,15876012.05,0.9350412404102452,0.040393276613448936,2845.TW,2026-09-07,0.05419665732257939,0.07797944890251207,bull,0.22664199814986125,0.21554116558741906,2026-03-31,2026-05-15,,,,,143704000.0,1221472000.0,,,,891493396000.0,820291532000.0,71201864000.0,7041472000.0,,,,,,891493396000.0,,0.0171550565024533,0.0013701413891348,11.520646875199784,,,,,,,8.670319530616531,8.670319530616531,False,71.79683395938467,71.79683395938467,56.01520535219263,1055.0,True,False,True,True,True,True,True,True,False,False,True,True,True,True,False,False,False,11,False,0.04051956725476269,0.07570826556600285,1.0,218295165.6875,0.23866790009250693,0.0,3.0,,,,,,0.026235235735119447,-0.06845915928571981,0.19537203414742726,-0.9680943213165458,0.6060869565217392,-0.9680943213165458,0.5056965745796984,-1055.0,0.034782608695652174,0.06956521739130435,0.5826086956521739,0.11695652173913043,0.1547826086956522,遠東銀
15.100000381469728,16.149999618530273,15.100000381469728,15.699999809265137,709302.0,0.10563380423577806,14.819999885559081,0.06802721176701776,14.482499933242796,0.10175437258000963,14.571623436609904,0.1939163699397788,14.074561707178752,0.00416016908187829,74.60318805890265,174088.7,4.074371283144742,0.08406696921349321,2849.TW,2026-09-07,0.05419665732257939,0.07797944890251207,bull,0.16651248843663274,0.14708603145235893,2026-03-31,2026-05-15,,,,,36199000.0,,,,,398942212000.0,362433426000.0,36508786000.0,2706824000.0,,,,,,398942212000.0,,,,9.92729328222527,,,,,,,0.0,0.0,False,63.333055328383146,63.333055328383146,47.49979149628736,1080.0,True,False,True,True,True,False,True,False,True,True,False,True,False,True,False,False,False,9,False,0.07743655863493482,0.11548765325014188,1.0,2733192.5567952157,0.7918593894542091,0.0,3.0,,,,,,0.0628635730970269,-0.003428813770359899,0.2642947237314735,-0.6961813761095252,0.837391304347826,-0.6961813761095252,0.7989225844350272,-1080.0,0.008695652173913044,0.008695652173913044,0.8869565217391304,0.14043478260869566,0.18434782608695655,安泰銀
46.900001525878906,46.900001525878906,44.45000076293945,44.95000076293945,4273963.0,-0.02705627660947396,46.18000030517578,0.24861113230387377,42.972500038146975,0.20995959398889985,38.52970186869303,0.5109243953929228,35.53110087712606,0.06803777798942635,63.231849907875514,4634511.3,0.9222035988994136,0.0460178189083027,2851.TW,2026-09-07,0.05419665732257939,0.07797944890251207,bull,0.027752081406105456,0.07678075855689177,2026-03-31,2026-05-15,,,2142185000.0,2164691000.0,325242000.0,,,,,59204658000.0,35668047000.0,23536611000.0,16387176000.0,,,,0.1502486960032633,1820324497.152249,59204658000.0,0.0307463054199595,,,1.5154283256837613,,,,,,,65.92494981784269,65.92494981784269,False,83.60290360528032,83.60290360528032,79.18341515842091,201.0,True,True,True,True,True,True,True,True,True,True,True,True,True,True,True,False,False,14,False,0.16663245711390196,0.26508888419714083,1.0,208321286.4708515,0.24421831637372804,1.0,3.0,,,,,,0.024287522990127163,-0.05359631684281492,0.18877777874850227,-1.8271862112591688,0.4817391304347826,-1.8271862112591688,0.4212265459897327,-201.0,0.7478260869565218,0.8782608695652174,0.4608695652173913,0.7047826086956522,0.7295652173913043,中再保
28.450000762939453,28.450000762939453,27.950000762939453,27.950000762939453,430389.0,-0.007104755179434208,28.220000076293946,0.03903350034569786,28.132500171661377,0.07298024448442675,27.14554967880249,0.06679389118474455,26.73256244659424,0.01332732925293215,55.55556340473298,700741.8,0.6141905620586641,-0.006487137922628006,2852.TW,2026-09-07,0.05419665732257939,0.07797944890251207,bull,0.25161887141535616,0.19148936170212766,2026-03-31,2026-05-15,,,394962000.0,395700000.0,93803000.0,,,,,19910531000.0,10498172000.0,9412359000.0,2155671000.0,,,,0.2370558503917109,301333947.2175891,19910531000.0,0.0151344003440987,,,1.1153603469650912,,,,,,,53.81873474558473,53.81873474558473,False,66.61482582024499,66.61482582024499,63.41580305157992,315.0,True,False,True,True,False,True,True,True,False,False,True,True,False,True,False,False,False,9,False,0.0296347317941823,0.04554139988552852,1.0,19585733.844623566,0.5309898242368177,0.0,3.0,,,,,,0.02229558529589388,-0.009837682448814614,0.12955499128548234,-1.8519973029382983,0.4452173913043478,-1.8519973029382983,0.40157145991224574,-315.0,0.6347826086956522,0.3130434782608696,0.41739130434782606,0.6021739130434782,0.49478260869565216,第一保
51.20000076293945,52.29999923706055,50.400001525878906,52.0,5696915.0,0.049445021204097106,50.57999954223632,0.1341330802737133,48.00499973297119,0.07325221492556877,47.52513529459635,0.6149067940349036,43.238408199946086,0.028770428618611604,76.41026423527646,3745250.55,1.5211038417710132,0.08322050389024227,2855.TW,2026-09-07,0.05419665732257939,0.07797944890251207,bull,0.0841813135985199,0.18963922294172064,2026-03-31,2026-05-15,,,2098581000.0,2515780000.0,218397000.0,2291390000.0,,256323628000.0,220745648000.0,267670154000.0,225790103000.0,41880051000.0,8784022000.0,11858164000.0,4700000000.0,,0.0868108499153344,1916401399.773828,46924506000.0,0.0408400974913583,0.0547131616434755,0.0085604986800284,5.391352149977085,,,,,,,49.23161191360978,49.23161191360978,False,79.01115402411335,79.01115402411335,71.56626849648745,382.0,True,True,True,True,True,True,True,False,True,False,True,True,True,True,False,False,False,12,False,0.09415785305323365,0.20263446701224397,1.0,194753028.6,0.25254394079555964,1.0,3.0,,,,,,0.03126915926504344,-0.012250594378033355,0.25434161811361533,-0.40660735714466384,0.7691304347826087,-0.40660735714466384,0.6620226620471801,-382.0,0.5739130434782609,0.6956521739130435,0.7652173913043478,0.6026086956521739,0.6486956521739131,統一證
155.0,155.5,148.0,149.5,21454499.0,0.03819444444444442,147.1,0.16342412451361876,136.775,0.22540983606557385,130.3366631825765,0.664810633846338,113.28083140055338,0.03637052472059111,76.31578947368422,20247149.25,1.059630604540538,0.0930360080424053,2881.TW,2026-09-07,0.05419665732257939,0.07797944890251207,bull,0.06475485661424607,0.06938020351526364,2026-03-31,2026-05-15,66193246000.0,,,38624861000.0,5062760000.0,33551455000.0,,,,13120104726000.0,12085399702000.0,1034705024000.0,358727505000.0,,,,0.131075164257549,,13120104726000.0,,0.0324261062058977,0.0025572551211051,11.68004351160858,,,0.5068712750542556,-0.3925800152621125,,,12.264204123597382,12.264204123597382,False,79.57277158839595,79.57277158839595,62.74562972219631,1009.0,True,True,True,True,True,True,True,False,True,True,True,True,True,True,False,False,False,13,False,0.14702951839866696,0.31972901462364867,1.0,3026948812.875,0.056429232192414434,2.0,3.0,,,,,,-0.05173988482388781,-0.151550586436828,0.3947959851677511,-1.2469968008921364,0.49521739130434783,-1.2469968008921364,0.4807397655458038,-1009.0,0.0782608695652174,0.26956521739130435,0.5304347826086957,0.14608695652173914,0.22608695652173916,富邦金
117.0,117.0,113.5,114.5,25197198.0,0.03619909502262453,112.4,0.13366336633663356,103.94999961853027,0.1393034825870647,101.00827573140462,0.564207715486108,90.07997124989828,0.03196664440511378,77.81818736683238,22414701.65,1.1241371129291833,0.1014911055332901,2882.TW,2026-09-07,0.05419665732257939,0.07797944890251207,bull,0.0851063829787234,0.11655874190564293,2026-03-31,2026-05-15,72538053000.0,,,38391738000.0,6735806000.0,31593811000.0,,,,14450034484000.0,13633007653000.0,817026831000.0,293505959000.0,,,,0.1754493636104726,,14450034484000.0,,0.0386692453677815,0.0021864176888285,16.686119887046893,,,0.4355480977687669,-0.3173702053156907,,,13.906153918122188,13.906153918122188,False,79.02490803184793,79.02490803184793,62.74521950341649,986.0,True,True,True,True,True,True,True,False,True,True,True,True,True,True,False,False,False,13,False,0.13357048391234594,0.2710927680289341,1.0,2566483338.9249997,0.06567992599444958,2.0,3.0,,,,,,-0.05136846134745973,-0.14047844902643802,0.41051799501987424,-1.179234822186002,0.5195652173913043,-1.179234822186002,0.48303251337786746,-986.0,0.09565217391304348,0.2608695652173913,0.5391304347826087,0.16217391304347828,0.23391304347826086,國泰金
70.9000015258789,70.9000015258789,69.0999984741211,70.19999694824219,20512420.0,0.07339442370599825,68.37999877929687,0.07049854466942285,65.30711555480957,0.09859147530398471,65.73352349599203,0.5722283213709329,59.41301170984904,0.004403916721931709,73.4848423547091,23430039.75,0.8754752539418974,0.07492110701668064,2885.TW,2026-09-07,0.05419665732257939,0.07797944890251207,bull,0.16003700277520813,0.150786308973173,2026-03-31,2026-05-15,39984934000.0,,,18723853000.0,3129395000.0,14409154000.0,,,,4640879682000.0,4254342700000.0,386536982000.0,77947312000.0,,,,0.167134136334012,,4640879682000.0,,0.0372775560192064,0.0031048324859373,11.00630184979299,,,0.360364581319554,0.2805185364050884,,,38.0190051862678,38.0190051862678,False,62.67265777713782,62.67265777713782,56.509244629420316,560.0,True,False,True,True,True,False,True,False,True,True,True,True,True,True,False,False,False,11,False,0.06794818252093981,0.1815593070937518,1.0,1644788718.9471931,0.0841813135985199,1.0,3.0,,,,,,-0.10446857219502063,-0.2057609803614447,0.1517818534123532,-1.4413560282633704,0.20739130434782607,-1.4413560282633704,0.17956520966046136,-560.0,0.4434782608695652,0.08695652173913043,0.13043478260869565,0.39652173913043476,0.27391304347826084,元大金
41.84999847412109,41.84999847412109,40.70000076293945,41.09999847412109,57486245.0,0.06614784144039776,41.10999984741211,0.14484670549369483,37.942500305175784,0.36092706741113023,35.3012020111084,0.6407185519317367,29.968517669041955,0.03937816161449367,73.86361074842594,62691477.95,0.9169706454495862,0.08321797835011369,2887.TW,2026-09-07,0.05419665732257939,0.07797944890251207,bull,0.07770582793709528,0.03700277520814061,2026-03-31,2026-05-15,47867456000.0,,,25588754000.0,4532177000.0,21040510000.0,,,,9064708955000.0,8465511408000.0,599197547000.0,97795796000.0,,,,0.1771159705548773,,9064708955000.0,,0.035114479532407,0.0023211456765409,14.12808088147931,,,0.439557723727787,0.933005034802805,,,37.907562917661295,37.907562917661295,False,78.67858731085977,78.67858731085977,68.48583121256016,561.0,True,True,True,True,True,True,True,False,True,True,True,True,True,True,False,False,False,13,False,0.16426626099553077,0.3714391525136447,1.0,2576619648.085396,0.06475485661424607,1.0,3.0,,,,,,-0.14583938888562242,-0.21614109476543852,0.16917336209027253,-1.7075744978255218,0.15260869565217391,-1.7075744978255218,0.14234031419880178,-561.0,0.43478260869565216,0.591304347826087,0.0782608695652174,0.3813043478260869,0.41043478260869565,台新新光金
16.649999618530273,16.700000762939453,16.350000381469727,16.450000762939453,15596583.0,0.07451055291294861,16.230000305175782,0.071661260855578,15.582461166381837,0.09666671752929679,15.447487099965413,0.012307739257812589,15.258743556340535,0.014485716226063327,63.36821637525136,14718762.65,1.059639547893654,0.05567410611805523,2889.TW,2026-09-07,0.05419665732257939,0.07797944890251207,bull,0.1572617946345976,0.15309898242368178,2026-03-31,2026-05-15,2670617000.0,,,1318966000.0,191865000.0,897373000.0,,,,469578158000.0,414812209000.0,54765949000.0,15724281000.0,,,,0.1454662212672654,,469578158000.0,,0.0163856012063262,0.0019110194644104,7.57427227272187,,,0.3360171076571444,0.5571184687557942,,,31.713016597318976,31.713016597318976,False,78.95982514793135,78.95982514793135,67.14812301027825,654.0,True,True,True,True,True,True,True,True,True,True,True,True,True,True,False,False,False,14,False,0.06489817123564934,0.07807046512056415,1.0,242123656.82202473,0.22756706753006475,0.0,3.0,,,,,,-0.06791258534165058,-0.16076752330689928,0.1247333909263119,-1.6361989987377117,0.19782608695652174,-1.6361989987377117,0.18760978844124004,-654.0,0.3652173913043478,0.5304347826086957,0.1565217391304348,0.3339130434782609,0.3730434782608696,國票金
43.25,43.25,42.150001525878906,42.59999847412109,19187096.0,0.03649635171992727,42.33999938964843,0.0951155990516015,40.314999389648435,0.2474376741048976,39.474415397644044,0.3438484999635978,35.48304107983907,0.020245471789458916,76.78575807695353,24514158.7,0.7826944515946207,0.05667863373599258,2890.TW,2026-09-07,0.05419665732257939,0.07797944890251207,bull,0.11933395004625347,0.06382978723404255,2026-03-31,2026-05-15,26199317000.0,,,13172491000.0,2157069000.0,10973530000.0,,,,3820349236000.0,3552231164000.0,268118072000.0,41779009000.0,,,,0.163755587306911,,3820349236000.0,,0.0409279759403909,0.0028723892299148,13.24875692825361,,,0.4188479417230609,0.4040584778805451,,,40.18365017296791,40.18365017296791,False,74.54745629576071,74.54745629576071,65.95650476506252,507.0,True,False,True,True,True,True,True,False,True,True,True,True,False,True,False,False,False,11,False,0.07917997125458598,0.20057349025604698,1.0,1044303123.2143621,0.11285846438482887,1.0,3.0,,,,,,-0.0978665239875139,-0.18525347408828566,0.17257166601835444,-1.6625755491375467,0.21391304347826084,-1.6625755491375467,0.17748646566994553,-507.0,0.5043478260869565,0.4434782608695652,0.11304347826086956,0.44565217391304346,0.4078260869565218,永豐金
18.25,18.299999237060547,17.899999618530273,17.899999618530273,1487090.0,0.02285712105887283,17.889999771118163,0.08484846172910743,17.276640033721925,0.20134228703395896,16.16638003985087,0.213559296171544,15.092773334185283,0.02264097978379089,57.777989275335486,1619349.3,0.9183256509265789,0.03608106573914971,2905.TW,2026-09-07,0.05419665732257939,0.07797944890251207,bull,0.1332099907493062,0.07955596669750231,2026-03-31,2026-05-15,29552820000.0,,,,-68929000.0,32878000.0,0.03,133124099000.0,1468399841000.0,1617410517000.0,62246052000.0,86764624000.0,72610211000.0,2757000000.0,7269508000.0,,,,149010676000.0,,0.0003789332389661,2.032755423217024e-05,0.717412801788895,,,0.0011125165043471,-0.4161502905041906,,,21.27042291580655,21.27042291580655,False,78.44154467205183,78.44154467205183,64.14876423299052,841.0,True,True,True,True,True,True,True,True,True,True,True,True,True,True,False,False,False,14,False,0.10723610198485689,0.1859980417241538,1.0,28986351.852267265,0.47733580018501387,0.0,3.0,,,,,,0.01454263450545998,-0.016366131101799797,0.20315450278684152,-1.7639761496612205,0.5334782608695652,-1.7639761496612205,0.5016741001085383,-841.0,0.17391304347826086,0.3826086956521739,0.5739130434782609,0.23391304347826086,0.3165217391304348,三商
288.0,304.0,288.0,297.0,25692058.0,0.01538461538461533,282.5,0.07803992740471877,272.0,0.36866359447004604,237.71162007649738,0.5269922879177378,216.86414337158203,0.031475161167993974,69.75806451612904,13837275.35,1.8567281021837874,0.09191176470588225,3006.TW,2026-09-07,0.05419665732257939,0.07797944890251207,bull,0.14338575393154487,0.034227567067530065,2026-03-31,2026-05-15,7266900000.0,3453448000.0,2254754000.0,2352467000.0,288641000.0,2063883000.0,7.22,17585827000.0,5859607000.0,20073767000.0,7169155000.0,12904612000.0,7031281000.0,1000000000.0,693679000.0,0.0,0.1226971515434647,1978102106.7687664,14214160000.0,0.1391641930841334,0.1599337508171497,0.1028149325435529,0.5555498297817866,0.4752298779396992,0.3102772846743453,0.2840114766957024,1.503294079957009,,,98.64788449850906,98.64788449850906,True,80.63146828362511,80.63146828362511,85.1355723373461,7.0,True,True,True,True,True,True,True,True,True,True,True,True,True,True,True,True,True,15,True,0.24941304890532145,0.36952100694263046,1.0,4109670778.95,0.04902867715078631,2.0,0.0,,,,,,0.052567280809899496,-0.053001654776770435,0.2585934249699303,-1.3460489129760447,0.7182608695652174,-1.3460489129760447,0.5749501941192474,-7.0,0.9826086956521739,0.9652173913043478,0.6782608695652174,0.9369565217391304,0.9165217391304348,晶豪科
7185.0,7185.0,6660.0,6660.0,2461676.0,-0.12941176470588234,7320.0,0.5274618665909936,6039.454077148437,0.6567164179104477,4887.850541178385,1.8354270390504008,3891.9502705891928,0.1360164679745661,64.18219461697723,2502500.3,0.9836865953622463,0.10274867809650723,3008.TW,2026-09-07,0.05419665732257939,0.07797944890251207,bull,0.0064754856614246065,0.012950971322849213,2026-03-31,2026-05-15,15544079000.0,7679569000.0,5812218000.0,7287959000.0,1112047000.0,6123204000.0,46.63,159095122000.0,39536493000.0,226385533000.0,39762818000.0,186622715000.0,119023098000.0,146000.0,,,0.1525868902390916,4925349729.988327,186849040000.0,0.026360048357692,0.0328106040039123,0.0270476824152893,0.213065263786351,0.4940510788706104,0.3739184547376528,0.3939251724080918,0.0661796222311039,,,76.94531754874203,76.94531754874203,False,89.50857919182026,89.50857919182026,86.3677637810507,100.0,True,True,True,True,True,True,True,True,True,True,True,False,True,True,True,False,False,13,False,0.36256212089381457,0.7112243314948006,1.0,16666651997.999998,0.010175763182238668,3.0,2.0,,,,,,-0.09286945222178479,-0.13541818909999692,0.2689118959558025,-1.5435712499782932,0.37260869565217397,-1.5435712499782932,0.37289120299989864,-100.0,0.8695652173913043,0.9826086956521739,0.34782608695652173,0.7913043478260869,0.7991304347826087,大立光
3595.0,3595.0,3410.0,3420.0,3290919.0,-0.0014598540145985828,3402.0,0.24422732743268516,3161.1068725585938,0.4220374220374221,2666.4305216471353,0.795275590551181,2555.465260823568,0.05342433959431562,64.05886233650108,3987477.1,0.8253135798572987,0.08189951744081925,3017.TW,2026-09-07,0.05419665732257939,0.07797944890251207,bull,0.02960222016651249,0.02682701202590194,2026-03-31,2026-05-15,49037946000.0,14597401000.0,12019030000.0,11979060000.0,3304089000.0,7915619000.0,20.17,135871669000.0,112699102000.0,175993383000.0,124678400000.0,51314983000.0,67880246000.0,16445795000.0,7190026000.0,,0.2758220594938167,8703916392.282032,63294281000.0,0.1375150527783392,0.1542555124689411,0.0449767989288551,2.4296685433959904,0.2976756204266794,0.2450965217833552,0.161418241294201,1.1016606943545204,,,82.5145908535667,82.5145908535667,False,86.86748195164637,86.86748195164637,85.77925917712645,70.0,True,True,True,True,True,True,True,True,True,True,True,True,True,True,True,False,False,14,False,0.28261358105343093,0.33830815563417693,1.0,13637171682.0,0.013876040703052728,3.0,2.0,,,,,,0.11658934139048506,-0.025019411687871154,0.3693428995928652,-1.2152297810395796,0.8665217391304347,-1.2152297810395796,0.8706802289941467,-70.0,0.9043478260869565,0.9739130434782609,0.9565217391304348,0.9121739130434783,0.9356521739130435,奇鋐
343.0,348.0,338.5,339.5,1464651.0,0.08640000000000003,330.9,0.07949125596184414,319.6,0.08121019108280247,314.025314839681,0.3857142857142857,301.24182408650717,0.01930743535357743,70.70063694267516,938155.95,1.5612020581439578,0.0622653316645807,3023.TW,2026-09-07,0.05419665732257939,0.07797944890251207,bull,0.13876040703052728,0.17668825161887142,2026-03-31,2026-05-15,8292838000.0,2032426000.0,955920000.0,1115731000.0,253177000.0,865006000.0,3.6,26277086000.0,13869565000.0,32645613000.0,14861895000.0,17783718000.0,6352840000.0,3453676000.0,0.0,,0.2269158067670433,739006641.995248,18776048000.0,0.0393590089882198,0.0486403349400839,0.0264968527317897,0.8357023542546053,0.2450820816709551,0.1152705503230619,0.1043075965067688,0.0164281431445099,,,64.45244261187088,64.45244261187088,False,76.28544295519379,76.28544295519379,73.32719286936306,217.0,True,True,True,True,True,True,True,True,True,True,True,True,True,True,True,False,False,14,False,0.0811230303942998,0.12700154113562356,1.0,318503945.025,0.2053654024051804,2.0,3.0,,,,,,0.0025863020002824364,-0.04091314455429027,0.2530861003155569,-1.273194043819989,0.6113043478260869,-1.273194043819989,0.5672721032165213,-217.0,0.7130434782608696,0.7565217391304347,0.6608695652173913,0.7052173913043478,0.7156521739130435,信邦
14.050000190734863,14.399999618530272,14.050000190734863,14.300000190734863,872099.0,-0.0434782359078989,14.530000114440918,0.09160303620773669,14.114999961853027,0.15322585731093685,13.096049547195435,0.3750000687745929,13.053191423416138,0.034255359665403384,65.454563109355,1454504.6,0.5995849033409726,0.013106640409622061,3024.TW,2026-09-07,0.05419665732257939,0.07797944890251207,bull,0.12395929694727105,0.10638297872340426,2026-03-31,2026-05-15,257621000.0,66335000.0,3797000.0,8577000.0,2582000.0,5995000.0,0.02,2489569000.0,1763960000.0,4904392000.0,1870820000.0,3033572000.0,719789000.0,360000000.0,0.0,,0.3010376588550775,2653960.0093272706,3140432000.0,0.0008450939263538,0.0019762181349247,0.00122237374174,0.6167053229657974,0.2574906548767375,0.0147387053074089,0.0232706184666622,-0.5896336791534654,,,20.275012830277888,20.275012830277888,False,74.76435209168193,74.76435209168193,61.14201727633092,859.0,True,False,True,True,True,True,True,True,True,True,True,True,False,True,False,False,False,12,False,0.09193235251597365,0.09551754255913791,1.0,20799416.05742474,0.5208140610545791,0.0,3.0,,,,,,0.023329766091324415,-0.0006286435987747981,0.2905466186341253,-1.4659970961672122,0.7308695652173913,-1.4659970961672122,0.7637636586073017,-859.0,0.1565217391304348,0.24347826086956523,0.8347826086956521,0.2582608695652174,0.31826086956521743,憶聲
133.5,144.0,133.0,134.5,3486050.0,0.11618257261410792,133.9,0.18502202643171817,120.775,0.6833541605933091,125.30817998250326,1.252931294491622,104.26992333730063,0.05595628415300551,61.184210526315795,2882895.8,1.2092181756968117,0.11364106810184227,3055.TW,2026-09-07,0.05419665732257939,0.07797944890251207,bull,0.05272895467160037,0.011100832562442183,2026-03-31,2026-05-15,84070000.0,26798000.0,-54195000.0,-15984000.0,508000.0,-17388000.0,-0.15,1123572000.0,157618000.0,1932560000.0,284996000.0,1647564000.0,837950000.0,0.0,5887000.0,,0.0,-54195000.0,1774942000.0,-0.0305333920770368,-0.0105537630101167,-0.0089973920602723,0.1729802302065352,0.3187581777090519,-0.6446413702866659,-0.2068276436303081,0.2642485488285362,,,36.22349624220495,36.22349624220495,False,84.14950598917811,84.14950598917811,72.16800355243481,589.0,True,True,True,True,True,False,True,True,True,True,False,True,True,True,False,False,False,12,False,0.07335371097705035,0.2899213473564062,1.0,387749485.09999996,0.1868640148011101,2.0,3.0,,,,,,-0.10660424104401035,-0.20787323870578087,0.12295354318388914,-1.781313536601054,0.11739130434782609,-1.781313536601054,0.10099781195383499,-589.0,0.41739130434782606,0.7217391304347827,0.043478260869565216,0.36130434782608695,0.4339130434782609,蔚華科
6000.0,6030.0,5705.0,5935.0,2128228.0,-0.02704918032786885,5887.0,0.3101545253863134,5676.5,0.35502283105022836,4822.166666666667,1.6035103720015025,4361.124448649089,0.06917172858690022,58.264462809917354,2228902.2,0.9548323834038119,0.04553862415220644,3443.TW,2026-09-07,0.05419665732257939,0.07797944890251207,bull,0.020351526364477335,0.03885291396854764,2026-03-31,2026-05-15,11447812000.0,3113307000.0,1824178000.0,1924721000.0,278481000.0,1646240000.0,12.28,31638843000.0,19973296000.0,35132291000.0,20548418000.0,14583873000.0,7671980000.0,,,,0.144686424681811,1560244207.1967833,15158995000.0,0.1029253065389086,0.1128808513348957,0.0468583161855285,1.4089822367487703,0.2719565101173918,0.1593473058432476,0.1438038989459295,0.6298963899650951,,,83.63888359987813,83.63888359987813,True,84.1735309391107,84.1735309391107,84.03986910430255,63.0,True,True,True,True,True,True,True,True,True,True,True,True,True,True,True,True,False,14,False,0.23077454809387188,0.3608875577578252,1.0,13228534557.000002,0.014801110083256245,3.0,2.0,,,,,,0.054399807233131946,-0.09860337729711242,0.46195824585515916,-0.7054288646627307,0.7830434782608695,-0.7054288646627307,0.8050670420539378,-63.0,0.9217391304347826,0.9478260869565217,0.8956521739130435,0.9178260869565217,0.9243478260869565,創意
89.69999694824219,89.80000305175781,83.4000015258789,84.5,3252541.0,-0.06423037492516337,88.7,0.14343705352169844,82.72999954223633,0.13119147860940328,77.81333300272624,0.4225588860159495,72.59166660308838,0.040367206446174544,56.68016019256962,4275180.5,0.7607961815881225,0.0213949047208688,3504.TW,2026-09-07,0.05419665732257939,0.07797944890251207,bull,0.0786308973172988,0.12395929694727105,2026-03-31,2026-05-15,684957000.0,124843000.0,-9502000.0,7393000.0,1414000.0,5979000.0,0.05,2230493000.0,1016643000.0,4251347000.0,1422483000.0,2828864000.0,1174939000.0,85127000.0,112000000.0,,0.1912620045989449,-7684628.432300826,3234704000.0,-0.002375682112583,0.0021135692631388,0.0014063777903803,0.5028460187552318,0.1822639961340638,-0.0138724036691354,0.0087290151060577,0.0537005671880119,,,23.10660181855068,23.10660181855068,False,76.52517737528235,76.52517737528235,63.17053348609944,807.0,True,True,True,True,True,True,True,True,True,True,True,True,False,True,False,False,False,13,False,0.08593214991882547,0.1640454607830284,1.0,361252752.25,0.19703977798334876,1.0,3.0,,,,,,0.006216666712044599,-0.0826536003759168,0.2820469238105577,-1.6282840513815082,0.556086956521739,-1.6282840513815082,0.4942255416493408,-807.0,0.21739130434782608,0.28695652173913044,0.5652173913043478,0.26956521739130435,0.30782608695652175,揚明光
30.549999237060547,30.649999618530277,29.75,29.75,754362.0,0.04203155148886095,31.139999771118163,0.053097345132743445,28.810000038146978,0.07789853582660644,28.634166526794434,0.4268584870837737,28.946249882380172,0.04016607991579695,58.03108285995518,820642.0,0.9192339656025404,0.03262755850775356,3518.TW,2026-09-07,0.05419665732257939,0.07797944890251207,bull,0.2053654024051804,0.1822386679000925,2026-03-31,2026-05-15,62020000.0,-8136000.0,-65733000.0,299263000.0,11897000.0,283367000.0,2.81,1286836000.0,314326000.0,2442515000.0,739644000.0,1702871000.0,660760000.0,144500000.0,19646000.0,291744000.0,0.0397543298035507,-63119828.6390232,2128189000.0,-0.0296589394264434,0.1664054411637757,0.1160144359400044,0.434351163417546,-0.1311834891970332,,,-0.1616426505177215,,,49.17067183075589,49.17067183075589,False,73.70323761704971,73.70323761704971,67.57009617047626,384.0,True,False,True,True,True,True,True,True,False,False,True,True,True,True,False,False,False,11,False,0.038968603195117524,0.027766986082334633,1.0,24414099.5,0.4976873265494912,0.0,3.0,,,,,,0.04014544848799044,-0.034574546165583656,0.07012695235354365,-1.5131460850283969,0.5256521739130435,-1.5131460850283969,0.36157306855020827,-384.0,0.5652173913043478,0.5565217391304348,0.30434782608695654,0.5260869565217391,0.5104347826086956,柏騰
401.0,418.5,393.5,403.0,8001754.0,0.0633245382585752,394.2,0.42402826855123665,367.7,0.23430321592649306,377.0610107421875,1.9416058394160585,295.65550537109374,0.06541108294096339,59.770114942528735,9328666.8,0.8577596532872199,0.09600217568670111,3532.TW,2026-09-07,0.05419665732257939,0.07797944890251207,bull,0.011100832562442183,0.06753006475485661,2026-03-31,2026-05-15,3308768000.0,27622000.0,-105154000.0,-82202000.0,-13987000.0,-68215000.0,-0.18,9109304000.0,3626589000.0,51226148000.0,26972355000.0,24253793000.0,1958029000.0,0.0,20500000000.0,,0.1701540108513174,-87261625.14294055,47599559000.0,-0.0018332444034395,-0.0028125497731426,-0.0013316441439243,1.112088117516299,0.0083481223222661,-0.03178040890144,-0.0206164348784804,0.1086960163893446,,,17.44238091593533,17.44238091593533,False,79.61236575873457,79.61236575873457,64.06986954803476,904.0,True,True,True,True,True,False,True,True,True,True,True,False,True,True,False,False,False,12,False,0.0687925521834134,0.36307287596140725,1.0,3759452720.4,0.05365402405180388,2.0,3.0,,,,,,-0.17857612206006998,-0.33545552186915983,0.10583850032949885,-2.1450468729930234,0.023043478260869565,-2.1450468729930234,0.01886062861151675,-904.0,0.13043478260869565,0.3652173913043478,0.008695652173913044,0.11217391304347826,0.17652173913043476,台勝科
24.0,24.299999237060547,23.200000762939453,23.600000381469727,3595983.0,0.058296017438812076,23.300000381469726,0.08755758302899252,21.775000190734865,0.03736265413053741,22.863333447774252,0.16831680644132385,23.161250019073485,0.0213414595688213,75.4098376033447,1020907.4,3.5223400280965738,0.08381171870259685,3591.TW,2026-09-07,0.05419665732257939,0.07797944890251207,bull,0.12858464384828863,0.26364477335800185,2026-03-31,2026-05-15,581640000.0,129432000.0,21965000.0,26378000.0,7095000.0,16630000.0,0.12,2403392000.0,678296000.0,4222147000.0,1178716000.0,3043431000.0,1017515000.0,85000000.0,148925000.0,286171000.0,0.2689741451209341,16056982.902418682,3543851000.0,0.0045309418771891,0.0054642277087931,0.0039387543825451,0.3872984141910889,0.2225293996286362,0.037763908947115,0.0285915686679045,0.0154630985905657,,,28.82807983570504,28.82807983570504,False,61.53565124248436,61.53565124248436,53.35875839078953,704.0,True,False,True,True,True,False,True,False,True,False,True,True,False,True,False,False,False,9,False,0.03222045181548916,0.0189432937356544,1.0,24093415.02944527,0.49861239592969475,0.0,3.0,,,,,,0.009058745033853167,-0.05531556061191944,0.177224567299441,-1.6614393201494946,0.47391304347826085,-1.6614393201494946,0.4684182796456221,-704.0,0.3130434782608696,0.05217391304347826,0.4956521739130435,0.34043478260869564,0.271304347826087,艾笛森
121.5,128.0,117.0,120.5,10410668.0,-0.13309352517985606,121.1,0.12138618089048303,121.0963981628418,0.6439289902200118,97.57318026224772,0.972176808662897,85.10599527359008,0.040488612521700454,49.707602339181285,13319584.85,0.7816060423234588,-0.004924986802991471,3605.TW,2026-09-07,0.05419665732257939,0.07797944890251207,bull,0.09528214616096208,0.013876040703052728,2026-03-31,2026-05-15,2821542000.0,693877000.0,147463000.0,143021000.0,35356000.0,107659000.0,0.67,7733924000.0,4283420000.0,15202980000.0,7237415000.0,7965565000.0,2596697000.0,794000000.0,2115835000.0,130740000.0,0.2472084519056642,111008900.05663504,10919560000.0,0.010166059809794,0.0135155509998349,0.007081440612301,0.9085877775148404,0.2459212019526911,0.0522632659730034,0.0381560862818983,0.0947751117457165,,,35.95481269053683,35.95481269053683,False,71.79463459759482,71.79463459759482,62.83467912083032,592.0,True,False,True,True,False,True,True,False,True,True,True,True,False,True,False,False,False,10,False,0.23497050804464714,0.41588145009794997,1.0,1605009974.425,0.0851063829787234,2.0,3.0,,,,,,0.00610575708333923,-0.05973082610608729,0.30902962531530515,-1.6167886972983303,0.5956521739130435,-1.6167886972983303,0.5986642621213469,-592.0,0.40869565217391307,0.2782608695652174,0.7043478260869566,0.4530434782608696,0.42869565217391303,宏致
6000.0,6000.0,5600.0,5655.0,800879.0,-0.055926544240400666,5760.0,0.36759371221281745,5363.75,0.532520325203252,4158.4812947591145,0.5181208053691275,4112.44898071289,0.07355516637478109,59.19854280510018,1377635.3,0.581343262618198,0.0542996970403169,3653.TW,2026-09-07,0.05419665732257939,0.07797944890251207,bull,0.01572617946345976,0.018501387604070305,2026-03-31,2026-05-15,5305216000.0,2216652000.0,1696566000.0,1775586000.0,371056000.0,1398199000.0,9.53,20477674000.0,8468040000.0,30307238000.0,8909881000.0,21397357000.0,10253854000.0,,,,0.2089766420776014,1342023334.256972,21839198000.0,0.0614502114160498,0.0653444722168256,0.0461341610871963,0.4164010069094047,0.4178250235240186,0.3197920687866432,0.2635517573648274,0.116346562150301,,,88.8947474261209,88.8947474261209,False,86.58903557390995,86.58903557390995,87.16546353696269,39.0,True,True,True,True,True,True,True,True,True,True,True,True,False,True,True,False,False,13,False,0.35987145286115174,0.3750930471165892,1.0,7790527621.5,0.02682701202590194,3.0,2.0,,,,,,-0.002286436234792805,-0.10692693409745002,0.2255032481301838,-1.644643165147475,0.44130434782608696,-1.644643165147475,0.40565200098952453,-39.0,0.9478260869565217,1.0,0.4260869565217391,0.8695652173913043,0.8591304347826086,健策
55.59999847412109,55.79999923706055,54.59999847412109,54.59999847412109,130392.0,-0.014440487901144161,55.79999923706053,0.039999970935639784,53.825,0.3125000114624321,48.86393661499024,-0.0036496490095606626,47.69446824391682,0.02832306218307817,64.5569614140845,203584.9,0.640479721236693,0.014398485352923096,4119.TW,2026-09-07,0.05419665732257939,0.07797944890251207,bull,0.2479185938945421,0.04625346901017576,2026-03-31,2026-05-15,375798000.0,82325000.0,33151000.0,28590000.0,8480000.0,20110000.0,0.17,1104577000.0,1053320000.0,6954821000.0,1544198000.0,5410623000.0,51949000.0,390000000.0,300399000.0,,0.2966072053165442,23318174.53655124,5901501000.0,0.0039512277531684,0.0037167623765322,0.0028915194222827,0.2854011451176694,0.2190671584202151,0.0882149452631466,0.0535127914464685,0.0430373141784996,,,33.11973270077256,33.11973270077256,False,73.65379988833683,73.65379988833683,63.52028309144576,629.0,True,False,True,True,True,True,True,True,False,True,True,True,False,True,False,False,False,11,False,0.11738845161671163,0.1447868166783688,1.0,11115735.229354093,0.6049953746530989,1.0,3.0,,,,,,0.006877171922284317,-0.03631392184568746,0.16532827290921007,-1.856501332522995,0.4208695652173913,-1.856501332522995,0.4171373094658556,-629.0,0.3739130434782609,0.33043478260869563,0.4434782608695652,0.38434782608695656,0.37478260869565216,旭富
25.899999618530277,26.100000381469727,25.899999618530277,26.0,8938.0,0.0019267528165916037,25.939999771118163,0.02362206261735511,25.410000133514405,0.044176722824168735,25.33260374069214,-0.09090910303463828,25.5825518767039,0.005938242248897771,77.77773068282976,9567.45,0.9342092198025597,0.02321919966097985,4190.TW,2026-09-07,0.05419665732257939,0.07797944890251207,bull,0.31267345050878814,0.2534690101757632,2026-03-31,2026-05-15,547291000.0,358277000.0,-2980000.0,-1118000.0,14477000.0,-15595000.0,-0.26,1622513000.0,3364541000.0,6747057000.0,5134925000.0,1612132000.0,755987000.0,400000000.0,918267000.0,0.0,0.0,-2980000.0,3382516000.0,-0.0008810010063514,-0.0096735254929497,-0.0023113781312355,3.185176524006719,0.6546371126146785,-0.0054450009227266,-0.0284948957684303,-0.0893812082993626,,,14.664956846451332,14.664956846451332,False,61.21800453542393,61.21800453542393,49.579742613180784,967.0,True,False,True,True,True,True,True,False,False,False,True,True,True,True,False,False,False,10,False,0.026345347921572282,0.016317688919698314,1.0,248753.7,0.9842738205365402,0.0,3.0,,,,,,-0.022940380998733856,-0.06448542398156307,0.16586443422073394,-1.0971986738278636,0.42739130434782613,-1.0971986738278636,0.3725404421554429,-967.0,0.10434782608695652,0.017391304347826087,0.3391304347826087,0.13956521739130434,0.12521739130434784,佐登-KY
250.0,258.0,245.0,247.0,6087232.0,0.14087759815242484,237.7,0.09050772626931569,218.975,0.22277227722772275,211.50741424560547,1.0583333333333331,206.74954045613606,0.0249239410250409,71.34502923976608,2971964.1,2.0482185501500507,0.12798264642082424,4576.TW,2026-09-07,0.05419665732257939,0.07797944890251207,bull,0.12580943570767808,0.07123034227567067,2026-03-31,2026-05-15,855045000.0,333579000.0,142385000.0,156336000.0,25448000.0,115509000.0,0.96,2993873000.0,1467204000.0,7172640000.0,2677573000.0,4495067000.0,739838000.0,80000000.0,1087969000.0,,0.1627776072049943,119207910.39811689,5705436000.0,0.0208937424586161,0.0256968361094506,0.0161041122933815,0.5956692080451749,0.3901303440169815,0.1665233993532504,0.135091135554269,0.454690065244945,,,70.19733381714003,70.19733381714003,False,80.70980378729413,80.70980378729413,78.08168629475561,161.0,True,True,True,True,True,True,True,True,True,True,False,True,True,True,True,False,False,13,False,0.1678077616379916,0.1946822201155194,1.0,734075132.7,0.13691026827012026,2.0,3.0,,,,,,-0.02783833389288085,-0.11368366135519538,0.22019055209209853,-1.5208692411434523,0.39217391304347826,-1.5208692411434523,0.3626019155995087,-161.0,0.808695652173913,0.8608695652173913,0.3130434782608696,0.7343478260869565,0.7252173913043478,大銀微系統
58.59999847412109,59.09999847412109,58.29999923706055,59.0,158484.0,0.024305582690387073,58.04000015258789,0.05924594599388655,57.34499988555908,0.07468120874620432,56.91833337148031,-0.048387096774193505,59.14250008265177,0.014327408513896933,66.66666666666666,65359.1,2.4248191912067334,0.028860408365920742,4737.TW,2026-09-07,0.05419665732257939,0.07797944890251207,bull,0.18963922294172064,0.18593894542090658,2026-03-31,2026-05-15,405264000.0,122255000.0,-88509000.0,-100891000.0,-21625000.0,-79924000.0,-1.09,1492041000.0,1758421000.0,5654786000.0,3442043000.0,2212743000.0,387476000.0,517663000.0,1666248000.0,,0.2143402285634992,-69537960.71007325,3896365000.0,-0.0178468805438076,-0.0361198747437004,-0.0141338681958963,1.555554802342613,0.3016675549765091,-0.2183983773540211,-0.1972146551383789,-0.1582270724761705,,,15.873895957923814,15.873895957923814,False,70.77108741042282,70.77108741042282,57.046789547298076,940.0,True,False,True,True,True,True,True,True,True,False,True,True,True,True,False,False,False,12,False,0.036572866864066356,-0.002409436233717366,0.0,3856186.9,0.7437557816836263,1.0,3.0,,,,,,-0.038420444238583526,-0.06259472688057313,0.15018824520287447,-1.8430641498254179,0.26956521739130435,-1.8430641498254179,0.23467782616137117,-940.0,0.11304347826086956,0.11304347826086956,0.19130434782608696,0.12478260869565216,0.12869565217391304,華廣
101.5,102.0,98.8000030517578,102.0,577563.0,0.03658534977943373,101.43999938964843,0.13585742242358845,94.82000007629395,0.12334797986579349,89.1650001525879,0.13834809497848055,91.02108999888102,0.03211058674029852,76.96081254632797,725633.9,0.7959426923135757,0.07572242056453149,4912.TW,2026-09-07,0.05419665732257939,0.07797944890251207,bull,0.08325624421831637,0.1332099907493062,2026-03-31,2026-05-15,1740520000.0,347686000.0,96486000.0,119505000.0,29737000.0,88059000.0,1.35,5718665000.0,3540355000.0,8497344000.0,4357124000.0,4140220000.0,1833571000.0,1475118000.0,85900000.0,,0.2488347767875821,72476927.72687335,4956989000.0,0.0146211596852188,0.0212691596098758,0.010363120523307,1.052389486549024,0.1997598418863328,0.0554351573093098,0.0505935007928665,0.1385875004742698,,,39.66467030210741,39.66467030210741,False,75.48226461842881,75.48226461842881,66.52786603934847,517.0,True,True,True,True,True,True,True,False,True,True,True,True,False,True,False,False,False,12,False,0.14394661386696117,0.12061940810919691,1.0,74014657.8,0.3598519888991674,2.0,3.0,,,,,,0.03771725373804012,-0.001707428544964112,0.25430192449106803,-1.4932765065567852,0.7165217391304347,-1.4932765065567852,0.6927551966304348,-517.0,0.4956521739130435,0.4956521739130435,0.782608695652174,0.538695652173913,0.5530434782608695,聯德控股-KY
95.5999984741211,95.5999984741211,91.5999984741211,93.5999984741211,12697270.0,0.027442371480502104,92.41999969482421,0.045810038816995524,90.87500076293945,0.05061633370379637,86.28166669209799,0.19693097348931632,84.25587959289551,0.01090160648041664,57.55813979277308,13948755.5,0.910279773704543,0.029986219403620007,4938.TW,2026-09-07,0.05419665732257939,0.07797944890251207,bull,0.2247918593894542,0.23774283071230343,2026-03-31,2026-05-15,244105400000.0,10801479000.0,2829288000.0,3464858000.0,605203000.0,1561454000.0,0.58,455223337000.0,347425362000.0,623242706000.0,374551574000.0,248691132000.0,112291906000.0,50872952000.0,7687427000.0,2697039000.0,0.174668918610806,2335099324.60147,275817344000.0,0.0084661076447805,0.0062786878946692,0.0025053706765723,1.5060913953296895,0.0442492423354829,0.0115904359346413,0.0063966385012375,-0.1039816497152077,,,13.24211612714073,13.24211612714073,False,70.98723594833609,70.98723594833609,56.55095599303725,994.0,True,False,True,True,True,True,True,True,False,False,True,True,True,True,False,False,False,11,False,0.08481908222912615,0.11090168337656858,1.0,1305603493.5158882,0.10175763182238667,1.0,3.0,,,,,,-0.01073199772272758,-0.0610963941395203,0.1618976959966788,-1.6902830217790248,0.3691304347826087,-1.6902830217790248,0.29576567416480054,-994.0,0.08695652173913043,0.09565217391304348,0.23478260869565218,0.10913043478260868,0.1191304347826087,和碩
1450.0,1455.0,1420.0,1440.0,326470.0,0.010526315789473717,1448.0,0.02857142857142847,1429.0,0.047272727272727355,1429.7903971354167,0.19502074688796678,1375.2701985677083,0.009002647837599295,61.11111111111111,477065.8,0.6843290799717775,0.007697690692792136,5269.TW,2026-09-07,0.05419665732257939,0.07797944890251207,bull,0.28769657724329323,0.24606845513413506,2026-03-31,2026-05-15,3497963000.0,1778068000.0,807599000.0,1936464000.0,82474000.0,1853990000.0,24.85,10669746000.0,3568387000.0,41500017000.0,4404988000.0,37095029000.0,5726443000.0,,,,0.0425899990911269,773203359.324005,37931630000.0,0.020384132169485,0.0499794729908419,0.0446744395309524,0.1187487412396954,0.508315268057438,0.2308769418087041,0.5300199001533178,0.3940900795771613,,,87.63352452318074,87.63352452318074,False,60.73540873862372,60.73540873862372,67.45993768476296,47.0,True,False,True,True,True,False,True,True,False,False,True,True,False,True,True,False,False,9,False,0.007140629063559389,0.047066970184989954,1.0,686974752.0,0.14153561517113783,3.0,2.0,,,,,,0.025071456513728396,-0.037211394728243995,0.32744367765402843,-1.1601378648340197,0.7647826086956522,-1.1601378648340197,0.704617021978893,-47.0,0.9391304347826087,0.5391304347826087,0.7913043478260869,0.9169565217391304,0.7895652173913044,祥碩
548.0,549.0,539.0,541.0,438056.0,0.05048543689320395,536.2,0.05252918287937747,528.8,0.16094420600858372,521.1902709960938,0.6418816388467374,463.20346883138023,0.01322092354857248,45.58823529411765,748023.6,0.5856178869222843,0.023071104387291985,5434.TW,2026-09-07,0.05419665732257939,0.07797944890251207,bull,0.20999074930619796,0.10175763182238667,2026-03-31,2026-05-15,18536692000.0,2517460000.0,1430469000.0,1720554000.0,385901000.0,1322921000.0,6.86,26594173000.0,20377745000.0,43809103000.0,24343457000.0,19465646000.0,6619207000.0,553886000.0,2499050000.0,0.0,0.2242888046524549,1109630817.8976076,23431358000.0,0.0473566584530699,0.0679618338893042,0.0301973998417634,1.25058562145844,0.1358095608428947,0.07716959422965,0.0713676960268854,0.1762262681445767,,,65.82773904429318,65.82773904429318,False,68.07892875752873,68.07892875752873,67.51613132921985,203.0,True,False,True,True,True,True,True,False,False,True,True,True,False,True,True,False,False,10,False,0.03800863160021395,0.16795325683741802,1.0,404680767.59999996,0.1822386679000925,3.0,3.0,,,,,,0.035550273276051744,-0.02249380938899413,0.2604357244970445,-0.4487882719029271,0.7730434782608695,-0.4487882719029271,0.7737113491407064,-203.0,0.7391304347826086,0.5478260869565217,0.8521739130434782,0.7560869565217391,0.7043478260869565,崇越
61.70000076293945,62.09999847412109,60.400001525878906,61.0,2701634.0,-0.0032679862818002503,60.880000305175784,0.07583772802823541,58.81000003814696,0.12546123877013327,58.562589645385735,0.4369846620416422,52.18171141942342,0.024653714783031598,69.67213909269567,3175317.5,0.8508232641302799,0.037238564197117796,5471.TW,2026-09-07,0.05419665732257939,0.07797944890251207,bull,0.14708603145235893,0.1322849213691027,2026-03-31,2026-05-15,762695000.0,324634000.0,69170000.0,100354000.0,20035000.0,80319000.0,0.48,2907264000.0,471709000.0,4129482000.0,577986000.0,3551496000.0,1448788000.0,,,,0.1996432628495127,55360675.5086992,3657773000.0,0.0151350768647204,0.0226155400428439,0.019450139266862,0.1627443758911737,0.4256406558322789,0.0906915608467342,0.1053094618425451,0.2391711942393677,,,64.00671286733612,64.00671286733612,False,70.74779960229962,70.74779960229962,69.06252791855874,224.0,True,False,True,True,True,True,True,True,True,True,True,True,True,True,True,False,False,13,False,0.04162060403020984,0.16899193875987328,1.0,193694367.5,0.2553191489361702,1.0,3.0,,,,,,0.006114082510046172,-0.04815053987672548,0.20651436766837483,-1.594492378249304,0.5278260869565218,-1.594492378249304,0.4750560437327257,-224.0,0.7043478260869566,0.6086956521739131,0.5130434782608696,0.6756521739130436,0.6373913043478261,松翰
56.79999923706055,57.0,55.0,55.20000076293945,994691.0,0.06976748828052526,55.3,0.11854108347918357,53.61499996185303,0.051428585960751505,51.1066307703654,0.1276813054665351,49.87498200734456,0.032099718356782284,56.96202806699864,1443458.45,0.6891026201689422,0.02956263736294229,5607.TW,2026-09-07,0.05419665732257939,0.07797944890251207,bull,0.09620721554116558,0.23589269195189638,2026-03-31,2026-05-15,1214027000.0,623213000.0,537027000.0,447750000.0,84390000.0,363360000.0,0.98,1402675000.0,2902177000.0,27156231000.0,15739732000.0,11416499000.0,684986000.0,1050000000.0,8303128000.0,,0.1884757118927973,435810453.86934674,24254054000.0,0.017968561209163,0.031827620709291,0.0133803545860248,1.378682904452582,0.5133436076792361,0.4423517763608223,0.2993014158663687,0.3566927382792288,,,69.90798459707267,69.90798459707267,False,74.19338386743354,74.19338386743354,73.12203404984332,165.0,True,False,True,True,True,True,True,True,True,False,True,True,False,True,True,False,False,11,False,0.08009469477584163,0.1067673318621094,1.0,79678907.5412714,0.3506012950971323,1.0,3.0,,,,,,0.050799354594734177,0.013409235688157268,0.3234474802975616,-0.7888387918570383,0.8886956521739131,-0.7888387918570383,0.8608972403406767,-165.0,0.8,0.7478260869565218,0.9391304347826087,0.8208695652173914,0.8121739130434784,遠雄港
46.5,46.95000076293945,46.04999923706055,46.95000076293945,9670841.0,0.09440557326361487,45.80999984741211,0.08304503842064692,43.795000076293945,0.1047059003044577,43.39929491678874,0.1916243386970815,41.59881401062012,0.012133113150571964,76.22377062737084,7898413.65,1.2244029533702632,0.07204020278911472,5876.TW,2026-09-07,0.05419665732257939,0.07797944890251207,bull,0.1341350601295097,0.14153561517113783,2026-03-31,2026-05-15,,,,,1276742000.0,5109024000.0,,,,2488960189000.0,2207968500000.0,280991689000.0,30954201000.0,,,,,,2488960189000.0,,0.0181821178348089,0.0020526740534378,7.857771551385635,,,,,,,9.85663137943466,9.85663137943466,False,75.31093266068135,75.31093266068135,58.94735734036968,1043.0,True,True,True,True,True,True,True,False,True,True,True,True,True,True,False,False,False,13,False,0.08181482793576778,0.12863796431679964,1.0,370830526.8935114,0.19241443108233117,1.0,3.0,,,,,,-0.005253071553212943,-0.12926460654859537,0.22722732237374763,-1.5373533834819915,0.44782608695652176,-1.5373533834819915,0.36495867585609654,-1043.0,0.05217391304347826,0.17391304347826086,0.33043478260869563,0.09391304347826086,0.1443478260869565,上海商銀
51.5,52.900001525878906,51.29999923706055,51.900001525878906,2287535.0,-0.11884549777005371,53.78000030517578,0.49567724451780193,46.9975004196167,0.6193448599482367,40.14583339691162,1.1446280946139473,35.45500001907349,0.1148736773037357,69.18919193852054,4270712.0,0.535633168427185,0.1043140818658499,6141.TW,2026-09-07,0.05419665732257939,0.07797944890251207,bull,0.008325624421831638,0.01572617946345976,2026-03-31,2026-05-15,492434000.0,34293000.0,-63612000.0,-77804000.0,15064000.0,-65599000.0,-0.58,1350221000.0,3615846000.0,5252579000.0,4716598000.0,535981000.0,92109000.0,1308939000.0,1003547000.0,,0.0,-63612000.0,1636733000.0,-0.0388652272545369,-0.1223905325002192,-0.0124889125894156,8.799935072325326,0.0696397892915598,-0.129178732581422,-0.1332137910867243,0.0266912966607733,,,4.52468916645619,4.52468916645619,False,83.95081478233435,83.95081478233435,64.0942833783648,1072.0,True,True,True,True,True,True,True,True,True,True,True,False,False,True,False,False,False,12,False,0.29278675106222907,0.46382742907794694,1.0,221649959.31658936,0.23404255319148937,1.0,3.0,,,,,,-0.12099764277467631,-0.19915289575045209,0.22559531386392315,-0.6125156437769818,0.3760869565217391,-0.6125156437769818,0.4012153846315115,-1072.0,0.017391304347826087,0.3739130434782609,0.4,0.07478260869565218,0.20086956521739133,柏承
28.899999618530277,30.25,28.399999618530277,29.399999618530277,9393883.0,0.03339187452073267,28.329999923706055,0.17365271512799363,26.755000114440918,0.1307692160973184,26.94416666030884,0.28665204060006455,26.64083333015442,0.034809510629636164,77.54011502438448,4321632.9,2.1736883297051905,0.09886000720522259,6168.TW,2026-09-07,0.05419665732257939,0.07797944890251207,bull,0.05920444033302498,0.12580943570767808,2026-03-31,2026-05-15,502953000.0,119301000.0,-11310000.0,9301000.0,2206000.0,4900000.0,0.02,2152808000.0,496712000.0,3778323000.0,554367000.0,3223956000.0,336677000.0,16668000.0,,,0.2371787979787119,-8627507.794860767,3281611000.0,-0.0026290464637218,0.0015198718592933,0.001296871654435,0.1719524087797724,0.2372010903603318,-0.0224871906520092,0.0097424610251852,0.0779543101840838,,,27.13023348806351,27.13023348806351,False,68.53622875020925,68.53622875020925,58.18472993467281,736.0,True,False,True,True,True,False,True,False,True,True,True,True,True,True,False,False,False,11,False,0.09114525563854592,0.10356906836141633,1.0,127056005.6114279,0.2978723404255319,0.0,3.0,,,,,,-0.00263039591204897,-0.07894803483669065,0.18882514598031805,-1.6472617264270097,0.42391304347826086,-1.6472617264270097,0.3796911472223271,-736.0,0.2782608695652174,0.1565217391304348,0.3652173913043478,0.29130434782608694,0.25913043478260867,宏齊
535.0,535.0,505.0,513.0,12231708.0,-0.06386861313868608,525.6,0.19999999999999996,512.875,1.0316831683168317,391.7392298380534,2.331168831168831,314.69044825236,0.0829286317567567,54.370629370629366,14917791.7,0.8199409299970317,0.00024372410431383607,6213.TW,2026-09-07,0.05419665732257939,0.07797944890251207,bull,0.045328399629972246,0.0064754856614246065,2026-03-31,2026-05-15,9143071000.0,1044251000.0,424199000.0,483404000.0,168881000.0,314523000.0,0.87,27657471000.0,15422932000.0,39926715000.0,18831086000.0,21095629000.0,3563235000.0,3355253000.0,1984813000.0,,0.3493578869847994,276001733.69893503,24503783000.0,0.0112636376880637,0.0149093918934581,0.0078775075785723,0.8926534496790781,0.11421228162835,0.0463956804010381,0.0344001484840268,0.206199391931416,,,35.19697595463791,35.19697595463791,False,76.132603845624,76.132603845624,65.89869687287748,601.0,True,True,True,True,True,True,True,True,True,True,True,True,True,True,False,False,False,14,False,0.3095446177603307,0.6301734064346607,1.0,7652827142.099999,0.027752081406105456,3.0,3.0,,,,,,-0.20254431105955994,-0.30174311603841875,0.11562272567740804,-2.1968718190998664,0.023478260869565216,-2.1968718190998664,0.027413546473365424,-601.0,0.4,0.43478260869565216,0.017391304347826087,0.34260869565217394,0.33391304347826084,聯茂
85.5999984741211,92.8000030517578,82.5,88.80000305175781,5436028.0,0.13265307810543847,83.10000152587891,0.5857143402099609,73.6350004196167,0.16382699213682428,69.36833343505859,1.1897791377674354,67.06352128982545,0.1019904270509054,74.8414360293859,1949981.45,2.7877331858721015,0.20594829287325012,6224.TW,2026-09-07,0.05419665732257939,0.07797944890251207,bull,0.004625346901017576,0.09990749306197964,2026-03-31,2026-05-15,713234000.0,230515000.0,42553000.0,67484000.0,17642000.0,53918000.0,0.64,2519578000.0,1589974000.0,4008179000.0,1826099000.0,2182080000.0,635781000.0,633794000.0,35000000.0,,0.2614249303538616,31428584.938652128,2418205000.0,0.0129966586532788,0.0247094515324827,0.0134519940351965,0.836861618272474,0.3231968750788661,0.0596620463971151,0.0755965082988191,-0.005489625207935,,,42.538182454550814,42.538182454550814,False,82.36355226641999,82.36355226641999,72.4072098134527,471.0,True,True,True,True,True,True,True,False,True,True,False,False,True,False,False,False,False,10,False,0.2801230569405391,0.32411781164897047,1.0,173158358.71087113,0.2664199814986124,1.0,3.0,,,,,,0.028865454457188675,-0.057122402312960514,0.2745974809952308,-1.6119498413668851,0.6330434782608696,-1.6119498413668851,0.6395772420287391,-471.0,0.5391304347826087,0.7391304347826086,0.7217391304347827,0.5665217391304348,0.6356521739130434,聚鼎
285.0,296.0,285.0,296.0,3488692.0,0.13620371552642085,271.5,0.36091954022988504,249.0318962097168,0.5297157622739017,204.95229873657226,0.7259475218658893,212.12198270161946,0.08827440725958659,67.46812204278909,2293938.3,1.5208307913076826,0.18860276336140513,6426.TW,2026-09-07,0.05419665732257939,0.07797944890251207,bull,0.016651248843663275,0.01942645698427382,2026-03-31,2026-05-15,154269000.0,60877000.0,19307000.0,27476000.0,-977000.0,28453000.0,0.74,831225000.0,83262000.0,1018747000.0,85873000.0,932874000.0,275168000.0,7500000.0,,,0.0,19307000.0,935485000.0,0.020638492332854,0.0305003676809515,0.0279294073994819,0.0920520884921222,0.3946158982037869,0.1251515210444094,0.1844375733297033,0.5607004835805192,,,75.05902824356723,75.05902824356723,False,91.16825543454829,91.16825543454829,87.14094863680302,120.0,True,True,True,True,True,True,True,True,True,True,False,True,True,False,True,False,False,12,False,0.444238497565975,0.3954235022230921,1.0,679005736.8,0.14338575393154487,2.0,3.0,,,,,,-0.007478058145002185,-0.13570866488532465,0.3189895182842837,-1.3110144315046492,0.5465217391304348,-1.3110144315046492,0.5203969959911875,-120.0,0.8608695652173913,0.991304347826087,0.6173913043478261,0.8243478260869564,0.851304347826087,統新
158.0,158.0,154.0,155.5,390790.0,0.047138047138047146,156.3,0.05782312925170063,148.525,0.05428527682255124,149.12432886759441,-0.018927444794952675,159.49628067016602,0.01764302843439546,68.65671641791045,431111.35,0.9064711471873799,0.04696179094428543,6438.TW,2026-09-07,0.05419665732257939,0.07797944890251207,bull,0.1942645698427382,0.23126734505087881,2026-03-31,2026-05-15,1744783000.0,460838000.0,193997000.0,184067000.0,41884000.0,144835000.0,1.76,6414724000.0,3600710000.0,10415508000.0,4638877000.0,5776631000.0,1850590000.0,412580000.0,851792000.0,,0.2275475777841764,149853452.55260313,6814798000.0,0.0219894195767215,0.0250725725773378,0.0139057067595742,0.8030419460754893,0.2641233895561797,0.1111868925820574,0.0830103227736629,0.1220382865212614,,,52.44239867927419,52.44239867927419,False,58.79639917056918,58.79639917056918,57.207899047745435,333.0,True,False,True,True,True,False,True,True,True,False,True,True,True,True,False,False,False,11,False,0.04275406421487715,-0.02505563548801626,0.0,67037814.925,0.37187789084181316,2.0,3.0,,,,,,0.001121193035036559,-0.08022111302259637,0.15946825176254398,-1.9777888528785232,0.32217391304347825,-1.9777888528785232,0.3730739206963632,-333.0,0.6173913043478261,0.13043478260869565,0.3565217391304348,0.5782608695652174,0.4191304347826087,迅得
79.5,83.0999984741211,78.80000305175781,79.69999694824219,21174120.0,0.0843536999760841,77.93999786376953,0.15507241953974193,73.13499946594239,0.5437757566877335,68.09144407908121,0.4056436662402325,60.82344433466593,0.03305317863133275,62.300319410942265,21551797.1,0.9824758418869858,0.08976546838367039,6505.TW,2026-09-07,0.05419665732257939,0.07797944890251207,bull,0.06938020351526364,0.01757631822386679,2026-03-31,2026-05-15,161989437000.0,27190906000.0,24513957000.0,25616191000.0,5209581000.0,20407731000.0,2.14,296450387000.0,65693610000.0,463713281000.0,83114597000.0,380598684000.0,63985692000.0,123643000.0,1500200000.0,8100000000.0,0.2033706338307674,19528538027.20982,398019671000.0,0.0490642534780895,0.0536200776774099,0.0440093735421824,0.2183785716925915,0.1678560436011639,0.1513305895371437,0.1259818626321912,-0.0650893152444253,,,66.8716639923295,66.8716639923295,False,88.5148422920932,88.5148422920932,83.10404771715228,193.0,True,True,True,True,True,True,True,True,True,True,True,True,True,True,True,False,False,14,False,0.17048475070786906,0.31034994515786885,1.0,1717678163.099135,0.0786308973172988,1.0,3.0,,,,,,0.012932788182864984,-0.04602520315135031,0.1835833418667917,-1.5409111084615763,0.5130434782608696,-1.5409111084615763,0.5107342565675763,-193.0,0.7652173913043478,0.9217391304347826,0.6,0.7404347826086957,0.7791304347826087,台塑化
939.0,968.0,936.0,960.0,2881287.0,0.03559870550161803,939.6,0.04008667388949072,895.9,0.037111082684615715,896.7335561116537,0.6551724137931034,849.8562082926433,0.014896629849900853,63.36088154269972,3217329.2,0.8955524352310605,0.07154816385757345,6531.TW,2026-09-07,0.05419665732257939,0.07797944890251207,bull,0.24699352451433856,0.2645698427382054,2026-03-31,2026-05-15,2099951000.0,969865000.0,588249000.0,825691000.0,165725000.0,676217000.0,4.15,13696423000.0,3453169000.0,15567366000.0,3557927000.0,12009439000.0,8765915000.0,50000000.0,,,0.2007106774810431,470181144.6824538,12114197000.0,0.0388124070198341,0.0563071264194772,0.0434381127802866,0.2962608827939423,0.4618512527197063,0.280125107681084,0.3220156089356371,1.1538842619184375,,,95.34498936770456,95.34498936770456,False,64.31509347013504,64.31509347013504,72.07256744452742,16.0,True,False,True,True,True,False,True,True,False,False,True,True,True,True,True,False,False,10,False,0.07055210932740974,0.12960285590974863,1.0,3088636032.0,0.05550416281221091,3.0,1.0,,,,,,-0.0902568454593428,-0.17048635900379536,0.1402353985490977,-1.7445213310657395,0.15869565217391304,-1.7445213310657395,0.11041404012704867,-16.0,0.9739130434782609,0.7130434782608696,0.05217391304347826,0.8356521739130435,0.711304347826087,愛普*
255.5,262.0,255.0,257.0,1506767.0,-0.01532567049808431,262.2,0.028000000000000025,255.3,0.2786069651741294,226.3,0.381720430107527,220.56666666666666,0.0236567762630313,60.909090909090914,1546502.7,0.9743060907685451,0.006658832745789267,6533.TW,2026-09-07,0.05419665732257939,0.07797944890251207,bull,0.2904717853839038,0.05087881591119334,2026-03-31,2026-05-15,326356000.0,325982000.0,-202956000.0,-191919000.0,-25688000.0,-166231000.0,-3.28,1735463000.0,291379000.0,6111740000.0,1760341000.0,4351399000.0,1046856000.0,,,1419903000.0,0.1338481338481338,-175790718.14671814,5820361000.0,-0.0302027173480679,-0.0382017369586195,-0.0271986373765899,0.4045459862448835,0.9988540121830148,-0.621885303165868,-0.5093548149873145,0.2031025355560307,,,38.84336576062605,38.84336576062605,False,75.46776866850871,75.46776866850871,66.31166794153805,540.0,True,True,True,True,True,True,True,True,False,True,True,True,True,True,False,False,False,13,False,0.13566062748563845,0.16518059543599817,1.0,397451193.9,0.18408880666049954,2.0,3.0,,,,,,-0.0819852139510015,-0.11739953092352115,0.11446358231338857,-1.8568781179827596,0.15,-1.8568781179827596,0.13587469570319186,-540.0,0.46956521739130436,0.48695652173913045,0.06956521739130435,0.4095652173913043,0.39478260869565224,晶心科
42.75,42.75,40.45000076293945,40.900001525878906,1381583.0,-0.07045451077547937,42.58999938964843,0.16028373123060735,38.99249992370605,0.07490150712125287,38.1525000890096,0.16857147216796875,37.31041666666667,0.049878830466000425,65.97633443289902,2071702.75,0.666882833456682,0.048919705222930876,6668.TW,2026-09-07,0.05419665732257939,0.07797944890251207,bull,0.0666049953746531,0.18501387604070305,2026-03-31,2026-05-15,266191000.0,30013000.0,-64011000.0,-65550000.0,476000.0,-66026000.0,-0.62,1253334000.0,833718000.0,3689403000.0,1550388000.0,2139015000.0,347154000.0,202579000.0,608736000.0,,0.0,-64011000.0,2855685000.0,-0.022415287400396,-0.0308674787226831,-0.0178961203208215,0.7248139914867358,0.1127498675762892,-0.240470188699092,-0.2480399412451961,0.2035801162927393,,,23.40057097773575,23.40057097773575,False,76.92388485865482,76.92388485865482,63.54305638842505,802.0,True,True,True,True,True,True,True,True,True,False,True,True,False,True,False,False,False,12,False,0.07201366700634027,0.09620865109285126,1.0,84732645.63616753,0.34320074005550416,1.0,3.0,,,,,,-0.027505486720769447,-0.1072835122737896,0.20427019880327185,-1.825346171877615,0.3121739130434783,-1.825346171877615,0.3189069432996532,-802.0,0.22608695652173913,0.3391304347826087,0.25217391304347825,0.22999999999999998,0.2652173913043478,中揚光
293.0,309.5,287.0,299.5,14501875.0,0.08909090909090911,280.4,0.1908548707753479,276.175,0.35520361990950233,260.01666666666665,1.9862859741475507,220.6688710530599,0.04720826618636833,54.21245421245422,5033925.75,2.880828148885589,0.0844573187290667,6672.TW,2026-09-07,0.05419665732257939,0.07797944890251207,bull,0.04995374653098982,0.037927844588344126,2026-03-31,2026-05-15,1245827000.0,423777000.0,145352000.0,148482000.0,24894000.0,123588000.0,1.73,4606299000.0,1439948000.0,6456499000.0,2742865000.0,3713634000.0,1563255000.0,30000000.0,69263000.0,896840000.0,0.1676566856588677,120982765.42611226,5016551000.0,0.0241167219123481,0.0332795315855035,0.0191416431722517,0.7385932485538425,0.3401571807321562,0.1166710947828229,0.0992015745364324,0.2185628742514969,,,64.4879602565514,64.4879602565514,False,82.04958384173307,82.04958384173307,77.65917794543765,216.0,True,True,True,True,True,True,True,True,True,True,True,True,True,True,True,False,False,14,False,0.1518492404333056,0.3572371969401391,1.0,1507660762.125,0.09065679925994449,2.0,3.0,,,,,,-0.015200690598672031,-0.12883592247586062,0.31135888893898134,-1.3338486771132647,0.5247826086956522,-1.3338486771132647,0.48050388102502184,-216.0,0.7217391304347827,0.8434782608695652,0.5217391304347826,0.6917391304347826,0.7182608695652175,騰輝電子-KY
324.0,327.0,306.0,327.0,22292423.0,0.0,310.0,0.44690265486725655,289.4,1.1872909698996654,213.70766677856446,1.7829787234042551,174.4830000559489,0.08440281030444956,61.431870669745955,38663200.1,0.576579872911244,0.12992398064961996,8039.TW,2026-09-07,0.05419665732257939,0.07797944890251207,bull,0.010175763182238668,0.0027752081406105457,2026-03-31,2026-05-15,2415476000.0,532169000.0,146484000.0,219817000.0,44902000.0,171370000.0,0.65,10090538000.0,4116000000.0,15838059000.0,5212295000.0,10625764000.0,3401205000.0,544660000.0,425464000.0,0.0,0.2042699154296528,116561725.70820272,11722059000.0,0.0099437927848855,0.0161277814941118,0.0108201390081953,0.4905336689201831,0.2203164096848819,0.060643947611154,0.0709466788326607,0.0846351629146733,,,39.59205928302138,39.59205928302138,False,94.14549060129985,94.14549060129985,80.50713277173024,518.0,True,True,True,True,True,True,True,True,True,True,True,False,False,True,False,False,False,12,False,0.5301276034182931,0.8741080786961808,1.0,12642866432.7,0.01572617946345976,2.0,3.0,,,,,,-0.06407269849316273,-0.20119342381645397,0.17047412384964525,-1.9816905689027886,0.16347826086956518,-1.9816905689027886,0.23972046258558125,-518.0,0.48695652173913045,0.9043478260869565,0.2,0.4439130434782609,0.5547826086956522,台虹
10.600000381469728,11.399999618530272,10.399999618530272,10.75,364476.0,0.08366934650429347,10.157999992370605,0.07499999999999996,9.993499946594238,0.05911334029750526,10.109666665395102,0.08366934650429347,10.050333340962728,0.0031620162526610467,73.48070519305347,145173.8,2.5106183071601076,0.07569921023150417,8488.TW,2026-09-07,0.05419665732257939,0.07797944890251207,bull,0.1498612395929695,0.2183163737280296,2026-03-31,2026-05-15,1012821000.0,38539000.0,-19360000.0,-10332000.0,3634000.0,-13966000.0,-0.19,2803515000.0,3006398000.0,5442574000.0,3030168000.0,2412406000.0,443856000.0,57467000.0,0.0,0.0,0.0,-19360000.0,2436176000.0,-0.0079468806851393,-0.0057892411144724,-0.0025660652478037,1.256077127979287,0.038051146253879,-0.0191149275143386,-0.0137892085570895,0.555773508159654,,,23.51281942868102,23.51281942868102,False,61.35452098830219,61.35452098830219,51.894095598396895,799.0,True,False,True,True,True,False,True,False,True,False,True,True,True,True,False,False,False,10,False,0.06333871885180242,0.06961626398853848,1.0,1560618.3499999999,0.8519888991674376,0.0,3.0,,,,,,0.07029346511383584,0.03668994962437283,0.19891887173642867,-1.0794285574481726,0.7921739130434783,-1.0794285574481726,0.78185618729097,-799.0,0.23478260869565218,0.034782608695652174,0.8782608695652174,0.331304347826087,0.3034782608695652,吉源-KY
1390.0,1410.0,1205.0,1240.0,8746084.0,0.05531914893617018,1233.0,0.15348837209302335,1201.0,0.08296943231441056,1207.7833333333333,0.35808364916528923,1137.410605875651,0.03646170442286947,53.93939393939394,3754980.05,2.3291958635039887,0.032472939217318864,8996.TW,2026-09-07,0.05419665732257939,0.07797944890251207,bull,0.07030527289546716,0.17391304347826086,2026-03-31,2026-05-15,3422971000.0,993397000.0,708890000.0,760217000.0,154549000.0,605668000.0,6.54,6117858000.0,3808253000.0,8901358000.0,4255580000.0,4645778000.0,1874428000.0,690000000.0,245167000.0,0.0,0.2032959010387823,564775568.7126175,5093105000.0,0.1108902268287454,0.1303695527422963,0.0680422020999492,0.91601019248014,0.2902148455245458,0.2070978690733868,0.1769421943685763,2.3761538742261066,,,90.21884377245992,90.21884377245992,True,63.40397614917152,63.40397614917152,70.10769305499362,30.0,True,False,True,True,True,False,True,True,True,True,True,True,True,True,True,True,False,12,False,0.026674210330219328,0.09019556666202266,1.0,4656175262.0,0.04440333024976873,3.0,1.0,,,,,,-0.0005985417810847083,-0.08367050502837044,0.2517120225409735,-1.372940097432061,0.5313043478260869,-1.372940097432061,0.5070535923668688,-30.0,0.9565217391304348,0.6695652173913044,0.591304347826087,0.9017391304347826,0.7973913043478261,高力
228.5,230.0,224.5,229.0,312812.0,-0.10019646365422397,236.4,0.07009345794392519,222.225,0.17737789203084842,203.62083079020184,0.09307875894988071,203.69791539510092,0.03613474763958503,66.13756613756614,624161.85,0.5011712907477444,0.030487118911013633,6782.TW,2026-09-07,0.05419665732257939,0.07797944890251207,bull,0.16096207215541167,0.09158186864014801,2026-03-31,2026-05-15,1228595000.0,562960000.0,345415000.0,320529000.0,79940000.0,240471000.0,3.82,2257209000.0,1785112000.0,6287420000.0,2055065000.0,4232355000.0,548061000.0,34008000.0,243227000.0,,0.2494002102773852,259268426.36703697,4502308000.0,0.0575856708086245,0.0568173038414783,0.0382463713255993,0.4855606394076111,0.4582144644899255,0.2811463500990969,0.1957284540471026,0.2971931691721623,,,94.77818654579036,94.77818654579036,False,74.71377754240049,74.71377754240049,79.72987979324796,18.0,True,False,True,True,True,True,True,True,True,True,True,True,False,True,True,False,False,12,False,0.12463935596033027,0.1242137630904181,1.0,142933063.65,0.28769657724329323,2.0,1.0,,,,,,-0.01664590852370108,-0.08099430297921986,0.1735082413910663,-1.7520548731434373,0.33391304347826084,-1.7520548731434373,0.3405484979265226,-18.0,0.9652173913043478,0.8956521739130435,0.2956521739130435,0.8647826086956522,0.8104347826086957,視陽
232.0,246.5,231.5,239.0,1366862.0,0.12470588235294122,224.0,0.08144796380090491,216.625,0.11943793911007017,216.68333333333334,0.009496343750074354,223.38800977071125,0.010024478377433295,70.49180327868852,448728.4,3.0460786524766426,0.1032890940565494,4770.TW,2026-09-07,0.05419665732257939,0.07797944890251207,bull,0.13691026827012026,0.13506012950971322,2026-03-31,2026-05-15,1058605000.0,369927000.0,210485000.0,236117000.0,34491000.0,201626000.0,2.52,8447386000.0,2125986000.0,10526887000.0,2447197000.0,8079690000.0,2937319000.0,150000000.0,208913000.0,,0.1460758861073112,179738217.11270258,8400901000.0,0.0213951119186742,0.024954670290568,0.0191534306390863,0.3028825363349336,0.3494476221064514,0.1988324256923026,0.1904638651810637,0.0960345809390692,,,66.86426683810382,66.86426683810382,False,66.12361321886601,66.12361321886601,66.30877662367547,194.0,True,False,True,True,True,False,True,True,True,True,False,True,False,True,True,False,False,10,False,0.1029920775324975,0.06988732405697662,1.0,107246087.60000001,0.3145235892691952,2.0,3.0,,,,,,-0.008048818326100665,-0.09501788611311812,0.20260920840773103,-1.9912496960849047,0.33043478260869563,-1.9912496960849047,0.4083383511558278,-194.0,0.7565217391304347,0.4782608695652174,0.43478260869565216,0.7082608695652173,0.6086956521739131,上品
70.0,73.5,69.30000305175781,72.9000015258789,242159121.0,-0.0013698421112479098,70.08000183105469,0.07840241377796442,70.58881912231445,0.08482150054302662,69.68377259572347,0.01673646623029801,66.23938627243042,0.017660515120328252,57.04374661616822,200192855.95,1.2096291840727897,0.03274147991567489,6770.TW,2026-09-07,0.05419665732257939,0.07797944890251207,bull,0.14153561517113783,0.1711378353376503,2026-03-31,2026-05-15,13572462000.0,1388213000.0,14226108000.0,14331913000.0,100704000.0,14231209000.0,3.36,73060915000.0,23437313000.0,172678080000.0,76101188000.0,96576892000.0,25559039000.0,1800000000.0,30244117000.0,,0.0070265567478675,14126147444.836708,149240767000.0,0.0946534095796807,0.1473562537092206,0.0824146817013485,0.7879854737922194,0.1022815904734159,1.048159722237572,1.0485355567766557,0.2209320651616573,,,80.40162331663433,80.40162331663433,True,76.55501509519101,76.55501509519101,77.51666715055184,85.0,True,True,True,True,True,True,True,True,True,True,True,True,True,True,True,True,False,14,False,0.04615463271219067,0.10055369815859394,1.0,14594059504.225056,0.012025901942645698,1.0,2.0,,,,,,-0.08441068494951737,-0.13374048366601576,0.14062575867668456,-1.8897091798598122,0.1508695652173913,-1.8897091798598122,0.15843768091904956,-85.0,0.8782608695652174,0.8347826086956521,0.10434782608695652,0.7621739130434784,0.7104347826086956,力積電
609.0,613.0,580.0,582.0,1555661.0,0.11923076923076925,587.8,0.3710247349823321,490.275,0.1710261569416498,450.14166666666665,0.5689919220385025,563.5153834025065,0.09908647648937957,75.8147512864494,2644347.75,0.5882966792094573,0.18708887869053092,6830.TW,2026-09-07,0.05419665732257939,0.07797944890251207,bull,0.014801110083256245,0.09528214616096208,2026-03-31,2026-05-15,578726000.0,124911000.0,-8825000.0,-21082000.0,10771000.0,-31853000.0,-0.61,1597883000.0,1337928000.0,6462425000.0,3231054000.0,3231371000.0,678445000.0,205000000.0,1336980000.0,0.0,0.0,-8825000.0,5124497000.0,-0.0017221202393132,-0.0098574258418485,-0.0049289546880621,0.9999018992248182,0.2158378921976894,-0.0152490124860469,-0.0550398634241419,0.2453942710563748,,,27.646116546874687,27.646116546874687,False,82.17391304347827,82.17391304347827,68.54196391932737,722.0,True,True,True,True,True,True,True,False,True,True,False,True,False,False,False,False,False,10,False,0.29292630097932126,0.03280232828052254,1.0,1539010390.5,0.08973172987974098,3.0,3.0,,,,,,-0.07392380551267895,-0.21076314329500254,0.218892993247533,-1.836206791095753,0.22695652173913045,-1.836206791095753,0.18621946786231136,-722.0,0.2956521739130435,0.6,0.1391304347826087,0.27217391304347827,0.35565217391304343,汎銓
77.69999694824219,78.0,77.0,78.0,18240.0,0.010362734240704219,77.33999938964844,0.07142852651455533,75.39000015258789,0.06412001026689551,73.59666659037272,-0.029566767488316437,74.53245086669922,0.02016237839549157,66.9999946594279,33813.7,0.5394263271987391,0.03461997403010386,6918.TW,2026-09-07,0.05419665732257939,0.07797944890251207,bull,0.15911193339500462,0.20999074930619796,2026-03-31,2026-05-15,219385000.0,145307000.0,52877000.0,58755000.0,11065000.0,47501000.0,1.39,1203027000.0,380831000.0,1686462000.0,542764000.0,1143698000.0,607226000.0,,157857000.0,,0.1883243979235809,42918970.81099481,1305631000.0,0.0328722057081938,0.0415328172297232,0.0281660660008941,0.474569335611324,0.6623378991271053,0.2410237709961939,0.2165189051211341,0.1171055110572492,,,82.25632418471866,82.25632418471866,False,71.19521036863924,71.19521036863924,73.9604888226591,74.0,True,False,True,True,True,True,True,True,True,False,True,True,False,True,True,False,False,11,False,0.059830609368974885,0.04652401863857225,1.0,2637468.5999999996,0.7955596669750231,1.0,2.0,,,,,,0.07084590167195999,0.04521502989192988,0.21892767065622457,-1.4456313271644545,0.7743478260869566,-1.4456313271644545,0.7754147023256373,-74.0,0.8956521739130435,0.782608695652174,0.8608695652173913,0.8904347826086957,0.8547826086956523,愛派司
285.5,288.5,279.0,286.5,268581.0,0.015957446808510634,286.0,0.05914972273567476,278.85,0.03616636528028927,270.76412200927734,0.023214285714285632,281.777894337972,0.02518382352941185,58.91891891891892,447608.95,0.6000349188728241,0.0274341043571813,6937.TW,2026-09-07,0.05419665732257939,0.07797944890251207,bull,0.19056429232192415,0.26549491211840887,2026-03-31,2026-05-15,582447000.0,243295000.0,75551000.0,79509000.0,17753000.0,64817000.0,0.96,2979355000.0,819804000.0,4523134000.0,1044661000.0,3478473000.0,472664000.0,71200000.0,178118000.0,,0.2232828987913317,58681753.71341609,3703330000.0,0.0158456723309605,0.0186337510741063,0.0143301082833274,0.3003217216290021,0.4177118261404042,0.1297130897746919,0.1112839451486573,0.2629110526156022,,,64.73082411847425,64.73082411847425,False,72.61956147816818,72.61956147816818,70.64737713824469,214.0,True,False,True,True,True,True,True,True,True,False,True,True,False,True,True,False,False,11,False,0.05811655500717894,0.016758254486649582,1.0,128239964.175,0.29509713228492135,2.0,3.0,,,,,,-0.016651941166711114,-0.08454690775347472,0.15182793263165856,-1.9857882909195805,0.24,-1.9857882909195805,0.3320316274096396,-214.0,0.7304347826086957,0.6782608695652174,0.2782608695652174,0.662608695652174,0.6243478260869565,天虹
182.5,182.5,174.0,177.5,164693.0,0.0471976401179941,175.5,0.061717902324406326,166.2875,0.05970149253731338,166.7498873392741,0.2724014336917562,167.93327700297039,0.019359616870016094,68.36734693877551,110351.05,1.49244615252868,0.06742839960911073,4569.TW,2026-09-07,0.05419665732257939,0.07797944890251207,bull,0.18408880666049954,0.21739130434782608,2026-03-31,2026-05-15,499360000.0,140363000.0,83034000.0,97767000.0,0.0,97775000.0,3.22,1983309000.0,282050000.0,3633624000.0,903370000.0,2730254000.0,909890000.0,,,478335000.0,0.0,83034000.0,3351574000.0,0.0247746282791309,0.0358116863852227,0.0269083977868926,0.3308739772929551,0.281085789810958,0.1662808394745274,0.1958006247997436,0.0656468870972559,,,67.09571560472591,67.09571560472591,False,65.5793633869037,65.5793633869037,65.95845144135924,190.0,True,False,True,True,True,False,True,True,True,False,True,True,True,True,True,False,False,11,False,0.0644684853001034,0.056967404958460977,1.0,19587311.375,0.5300647548566142,2.0,3.0,,,,,,0.04850941360082585,0.003728933939542175,0.223546855701384,-1.2426899887726754,0.7460869565217392,-1.2426899887726754,0.7469603099866958,-190.0,0.7739130434782608,0.45217391304347826,0.8260869565217391,0.7817391304347825,0.6878260869565217,六方科-KY
75.80000305175781,78.80000305175781,72.80000305175781,77.5999984741211,91308.0,0.04441447223177741,75.01999969482422,0.07777775658501529,73.46499977111816,0.10857140677315846,73.31333325703939,-0.06053268876955875,75.85750001271566,0.0060942165757226375,64.02116209891659,26515.4,3.4435837287010567,0.05628528844872549,6934.TW,2026-09-07,0.05419665732257939,0.07797944890251207,bull,0.1452358926919519,0.13876040703052728,2026-03-31,2026-05-15,3685000.0,-16447000.0,-50409000.0,-50082000.0,0.0,-50082000.0,-1.43,534649000.0,48275000.0,709636000.0,137947000.0,571689000.0,78973000.0,,41591000.0,,-0.0,-50409000.0,661361000.0,-0.0762200976471246,-0.0876035746708437,-0.0705742098766128,0.2412972787652027,,,,,,,25.0,25.0,False,78.50750697096474,78.50750697096474,65.13063022822355,771.0,True,True,True,True,True,True,True,True,True,True,True,True,False,True,False,False,False,13,False,0.05847047224073809,0.02297068135798508,1.0,2057594.9995407106,0.8251618871415356,1.0,3.0,,,,,,0.09158475567015058,0.009003594598373365,0.2171829277504786,-2.0922609199824223,0.6421739130434783,-2.0922609199824223,0.24247421094531826,-771.0,0.2608695652173913,0.40869565217391307,0.20869565217391303,0.25304347826086954,0.2947826086956522,心誠鎂
219.5,222.5,218.5,221.0,55038.0,0.006833712984054774,219.3,0.032710280373831724,218.4,0.1662269129287599,213.18733978271484,0.3641975308641976,188.96450322469076,0.009358752166377842,60.0,70745.45,0.777972293624537,0.011904761904761862,6957.TW,2026-09-07,0.05419665732257939,0.07797944890251207,bull,0.2738205365402405,0.09805735430157261,2026-03-31,2026-05-15,1008397000.0,304729000.0,100942000.0,102458000.0,25691000.0,82568000.0,1.51,2765058000.0,1395803000.0,5405505000.0,3045045000.0,2360460000.0,1274466000.0,40000000.0,27000000.0,945042000.0,0.2507466474067423,75631131.9174686,4009702000.0,0.0188620331180393,0.0349796226159307,0.0152747985618364,1.2900218601459037,0.3021914979913665,0.1001014481399686,0.0818804498625045,0.2868739487648066,,,57.7309173012778,57.7309173012778,False,74.21490242720584,74.21490242720584,70.09390614572382,286.0,True,False,True,True,True,True,True,True,False,True,True,True,False,True,False,False,False,11,False,0.03664692389917712,0.16953182332460082,1.0,15634744.45,0.5605920444033302,2.0,3.0,,,,,,0.032504007253565524,-0.008520409628221474,0.3322207873238634,-0.18433880332787525,0.8469565217391304,-0.18433880332787525,0.836192956821362,-286.0,0.6608695652173913,0.6608695652173913,0.9217391304347826,0.7,0.7130434782608696,裕慶-KY
335.0,335.0,310.0,316.5,3770745.0,0.0015822784810126667,320.6,0.3496801705756929,285.2,0.18984962406015038,254.6936233520508,1.0891089108910892,215.55097834269205,0.09650134563629359,61.424332344213646,2513368.35,1.5002755167184307,0.1097475455820478,7788.TW,2026-09-07,0.05419665732257939,0.07797944890251207,bull,0.01757631822386679,0.0851063829787234,2026-03-31,2026-05-15,1857129000.0,500235000.0,178905000.0,229341000.0,52857000.0,177273000.0,2.22,6568822000.0,3373457000.0,11007682000.0,5034895000.0,5972787000.0,2088365000.0,643000000.0,1079805000.0,,0.2304733998718066,137672156.39593443,7634225000.0,0.0180335471375201,0.0296801141577625,0.0161044804891711,0.842972468296626,0.2693593175272153,0.0963341803396533,0.0954554045518647,0.1444346257089825,,,52.52291879760674,52.52291879760674,False,95.18816193418054,95.18816193418054,84.5218511500371,331.0,True,True,True,True,True,True,True,True,True,True,True,True,True,True,False,False,False,14,False,0.24266950948558774,0.4683301483179303,1.0,795481082.775,0.1332099907493062,2.0,3.0,,,,,,-0.015391071576143434,-0.10981741610199197,0.3560807937607907,-1.5401844621315188,0.5156521739130435,-1.5401844621315188,0.5450937805807002,-331.0,0.6260869565217392,0.9565217391304348,0.6434782608695652,0.6286956521739131,0.7286956521739132,松川精密
380.0,403.0,370.5,395.0,670326.0,0.0748299319727892,369.4,0.1033519553072626,364.575,0.14161849710982666,383.03333333333336,-0.059523809523809534,370.8666666666667,0.008366754252523792,62.71676300578035,274833.0,2.439030247459366,0.08345333607625327,7799.TW,2026-09-07,0.05419665732257939,0.07797944890251207,bull,0.11100832562442182,0.1147086031452359,2026-03-31,2026-05-15,2885000.0,-17000.0,-88494000.0,-57578000.0,0.0,-57578000.0,-0.37,10455995000.0,34213000.0,11666612000.0,290333000.0,11376279000.0,2207595000.0,,,,-0.0,-88494000.0,11632399000.0,-0.0076075450988226,-0.0050612331149754,-0.0049352802681703,0.0255209106598036,-0.0058925476603119,,,11.59825327510917,,,33.33333333333333,33.33333333333333,False,73.8489653747905,73.8489653747905,63.7200573644262,625.0,True,False,True,True,True,False,True,True,True,True,True,True,True,True,False,False,False,12,False,0.031241841441127738,0.06507280244472402,1.0,108559035.0,0.31267345050878814,2.0,3.0,,,,,,-0.10982939944662294,-0.20359826711740836,0.1746730758863231,-2.3267506356456775,0.12739130434782608,-2.3267506356456775,0.09147653089654337,-625.0,0.3826086956521739,0.34782608695652173,0.034782608695652174,0.3304347826086957,0.3026086956521739,禾榮科
