Open,High,Low,Close,Volume,ret5,ma5,ret20,ma20,ret60,ma60,ret120,ma120,ma20_slope,rsi14,volume_ma20,volume_ratio,ma20_deviation,symbol,date,benchmark_ret20,benchmark_ret60,market_regime,rs20_rank_pct,rs60_rank_pct,period_date,as_of_date,revenue,gross_profit,operating_income,pretax_income,tax_expense,net_income_parent,eps,current_assets,current_liabilities,assets,liabilities,equity,cash,short_borrowings,long_borrowings,bonds_payable,tax_rate,nopat,invested_capital_proxy,roic_proxy,roe,roa,debt_to_equity,gross_margin,operating_margin,net_margin,revenue_growth,pe,pb,eva_like_score,fundamental_score,fundamental_pass,technical_score,score,final_score,fundamental_rank,pass_market,pass_score,pass_rs20,pass_rs60,pass_close_ma20,pass_ma20_ma60,pass_ma20_slope,pass_rsi,pass_ret20_benchmark,pass_ret60_benchmark,pass_ret5_cap,pass_ret20_cap,pass_volume_ratio,pass_ma20_deviation,pass_fundamental_score,pass_fundamental_filter,pass_fundamental_universe,entry_pass_count,entry_all_pass,close_ma60_ratio,close_ma120_ratio,above_ma120,turnover20,liquidity_rank,price_bucket,eva_rank_bucket,forward_60d_return,forward_60d_max_drawdown,reward_60,fwd60_rank_label,top_quantile_60,reg_forward60,reg_reward60,cls_topq60,rank_forward60,ensemble_score,ranker_score,stable_ensemble_score,fundamental_rank_score,fundamental_score_rank,final_score_rank,stable_ml_rank,fund_ml_85_15,fund_final_ml,name
21.700000762939453,21.700000762939453,21.350000381469727,21.39999961853028,52524.0,0.0726816441172495,21.570000076293947,0.0594058816964224,20.307500076293948,0.1236481761212509,20.02423429489136,0.1925653142598218,19.590099223454796,0.018430286905407,72.72722543773553,79613.1,0.6597406708192496,0.0537978351905394,1323.TW,2026-08-14,0.0688713094842561,0.1100678478842778,neutral,0.2215013901760889,0.2001853568118628,2026-03-31,2026-05-15,530894000.0,98916000.0,23645000.0,38156000.0,5647000.0,32509000.0,0.36,2570405000.0,691151000.0,4744350000.0,2167294000.0,2577056000.0,950712000.0,,1220000000.0,,0.1479976936785826,20145594.532969914,4053199000.0,0.004970294952942,0.0126147821389989,0.0068521504526436,0.8409960823513343,0.1863196796347293,0.0445380810481941,0.0612344460476102,0.0092658073837497,,,28.08704419011924,28.08704419011924,False,67.83347730696572,67.83347730696572,57.89686902775409,717.0,True,False,True,True,True,True,True,False,False,True,True,True,False,True,False,False,False,10,False,0.0687050153018788,0.0923885261851318,1.0,1703720.3096300128,0.871177015755329,0.0,3.0,,,,,,0.0467047139848072,0.0056377913200249,0.2587162177174973,-1.0661351177966814,0.7262931034482758,-1.0661351177966814,0.730109012792955,-717.0,0.2672413793103448,0.1724137931034483,0.8362068965517241,0.3525862068965517,0.3525862068965517,永裕
46.45000076293945,47.09999847412109,46.09999847412109,46.34999847412109,284658.0,0.0299999660915797,45.779999542236325,0.0679722775236109,44.80250015258789,0.1360293956088905,44.18416659037272,0.0766550359011311,42.786666584014895,0.0092357908338924,72.50001192094027,111198.45,2.55990978291514,0.0345404456506388,1339.TW,2026-08-14,0.0688713094842561,0.1100678478842778,neutral,0.1992585727525486,0.1779425393883225,2026-03-31,2026-05-15,394676000.0,97156000.0,-1039000.0,239290000.0,15507000.0,206388000.0,2.78,1829193000.0,837135000.0,5225726000.0,1066079000.0,4159647000.0,705809000.0,,152479000.0,,0.0648042124618663,-971668.4232521208,4388591000.0,-0.0002214078330042,0.0496167102641161,0.0394946080219284,0.2562907381323463,0.2461664757928022,-0.0026325390953592,0.5229302009749769,-0.2023637499065291,,,43.397534008094304,43.397534008094304,False,67.45204980360205,67.45204980360205,61.43842085472512,459.0,True,False,True,True,True,True,True,False,False,True,True,True,True,True,False,False,False,11,False,0.0490182807752739,0.0832813625036508,1.0,5154047.98782463,0.7349397590361446,1.0,3.0,,,,,,0.0524082523638627,0.0411144220347355,0.1586119664093609,-0.9914233477406732,0.6392241379310344,-0.9914233477406732,0.6296219558365418,-459.0,0.5344827586206896,0.3362068965517241,0.6810344827586207,0.5564655172413793,0.5043103448275862,昭輝
19.350000381469727,19.5,19.049999237060547,19.5,200225.0,-0.002557505831804,19.389999771118163,0.0655738149163007,18.86999988555908,0.2341772002911,17.860833231608073,-0.0087393034794033,17.726134117444357,0.0101713093665139,62.7659634909182,321597.85,0.6225943363738284,0.0333863337711541,1414.TW,2026-08-14,0.0688713094842561,0.1100678478842778,neutral,0.2075996292863762,0.098239110287303,2026-03-31,2026-05-15,113452000.0,12596000.0,-7033000.0,11377000.0,382000.0,10995000.0,0.06,876335000.0,611698000.0,4159720000.0,1289474000.0,2870246000.0,113194000.0,505000000.0,,,0.033576514019513,-6796856.376900765,3548022000.0,-0.0019156748117403,0.0038306821087809,0.0026432067543007,0.4492555690348492,0.1110249268413073,-0.0619909741564714,0.0969132320276416,-0.1489036091252128,,,15.88871955373819,15.88871955373819,False,77.13604618857988,77.13604618857988,61.82421452986946,937.0,True,True,True,True,True,True,True,True,False,True,True,True,False,True,False,False,False,12,False,0.091774372849029,0.1000706567378375,1.0,6271158.074999999,0.7126969416126042,0.0,3.0,,,,,,0.0091566328242685,-0.0243502124136854,0.2028924165179903,-1.846095063200491,0.346551724137931,-1.846095063200491,0.3907096923237602,-937.0,0.0948275862068965,0.3534482758620689,0.3103448275862069,0.1271551724137931,0.2155172413793103,東和
11.75,11.949999809265137,11.550000190734863,11.899999618530272,1384161.0,0.0818181471391155,11.399999809265136,0.0720720008619151,11.00499997138977,0.0720720008619151,11.021693086624143,0.0127659249812996,11.255846540133158,0.0059414912092629,75.67565199057454,578406.65,2.3930585860311253,0.0813266378434598,1416.TW,2026-08-14,0.0688713094842561,0.1100678478842778,neutral,0.1918443002780352,0.2743280815569972,2026-03-31,2026-05-15,106290000.0,37155000.0,-1172000.0,46263000.0,10052000.0,32464000.0,0.18,1356031000.0,642549000.0,6390787000.0,1821021000.0,4569766000.0,186939000.0,269000000.0,825653000.0,,0.217279467392949,-917348.4642154636,5748238000.0,-0.0001595877665843,0.0071040836664284,0.0050798125489082,0.3984932707714136,0.3495625176404177,-0.0110264371060306,0.3054285445479349,0.2931758178920345,,,41.68034930051946,41.68034930051946,False,59.16368877302233,59.16368877302233,54.79285390489661,486.0,True,False,True,True,True,False,True,False,True,False,True,True,True,True,False,False,False,10,False,0.0796888939841768,0.0572283102919324,1.0,6883038.914355373,0.7034291010194624,0.0,3.0,,,,,,0.0549757969118606,0.0034640697345118,0.2469456207509772,-1.4006001298650208,0.6831896551724138,-1.4006001298650208,0.6040948275862069,-486.0,0.5172413793103449,0.0775862068965517,0.6206896551724138,0.5327586206896552,0.4060344827586207,廣豐
22.14999961853028,22.299999237060547,21.850000381469727,22.200000762939453,30067.0,-0.0067113922134264,22.380000305175784,0.0596658689488569,22.325,0.0829268664848514,21.870000012715657,-0.3105589988528661,24.56000006993612,0.0109815473466746,52.63160712612601,54061.95,0.55615825918229,-0.0055990699691174,1438.TW,2026-08-14,0.0688713094842561,0.1100678478842778,neutral,0.2196478220574606,0.2548656163113994,2026-03-31,2026-05-15,377477000.0,149341000.0,122347000.0,87324000.0,15498000.0,,0.65,13719838000.0,9737355000.0,14176631000.0,10964578000.0,3212053000.0,127523000.0,3403550000.0,71700000.0,910937000.0,0.1774769822729146,100633223.64985572,4439276000.0,0.0226688369116621,,,3.413573188238177,0.3956294025861178,0.3241177608172153,,1565.2946058091286,,,68.22752717503778,68.22752717503778,False,62.74071062618677,62.74071062618677,64.11241476339953,178.0,True,False,True,True,False,True,True,True,False,False,True,True,False,True,True,False,False,9,False,0.0150891975323239,-0.0960911767213527,0.0,1200175.3312459944,0.9165894346617238,0.0,3.0,,,,,,0.1698226601310116,0.1069298020013693,0.3231375654390118,0.1778330356348557,0.9599137931034484,0.1778330356348557,0.9599163537841864,-178.0,0.7931034482758621,0.4224137931034483,0.9827586206896552,0.821551724137931,0.7198275862068966,三地開發
13.5,13.649999618530272,13.300000190734863,13.550000190734863,1837872.0,0.0711462924383199,13.6,0.0463320764715728,12.794999980926514,0.1885965477323214,13.11010840733846,0.0111940728712531,12.928387514750163,0.0098391601860111,68.08512624221237,2075263.0,0.8856091974848489,0.0590074412609478,1440.TW,2026-08-14,0.0688713094842561,0.1100678478842778,neutral,0.2650602409638554,0.1316033364226135,2026-03-31,2026-05-15,3372657000.0,294268000.0,-129416000.0,-64775000.0,8778000.0,-78150000.0,-0.05,12562200000.0,9846736000.0,45799105000.0,17769583000.0,28029522000.0,4400648000.0,5866840000.0,3989879000.0,,0.0,-129416000.0,35952369000.0,-0.0035996515278311,-0.002788131741954,-0.0017063652226391,0.6339595445116759,0.0872510901642236,-0.0383721202600798,-0.0231716418242353,-0.1955247737019332,,,12.51873256872129,12.51873256872129,False,60.803033640917576,60.803033640917576,48.731958372868505,1001.0,True,False,True,True,True,False,True,True,False,True,True,True,True,True,False,False,False,11,False,0.033553634320077,0.0480812224475399,1.0,28119814.045825005,0.5106580166821131,0.0,3.0,,,,,,0.0187139090987759,-0.0133590840770833,0.1687625912553249,-1.8371278127122368,0.3793103448275862,-1.8371278127122368,0.4063697984464595,-1001.0,0.0603448275862069,0.0086206896551724,0.3534482758620689,0.1043103448275862,0.1034482758620689,南紡
9.9399995803833,9.9399995803833,9.710000038146973,9.770000457763672,779647.0,0.0855556064181857,9.826000213623049,0.0642701669906529,9.123500061035156,0.1943765395194228,9.347319602966309,0.1480611274962788,8.965576469898224,0.016489337574771,65.39925801911923,1109126.95,0.7029375672460217,0.0708610064562398,1455.TW,2026-08-14,0.0688713094842561,0.1100678478842778,neutral,0.211306765523633,0.1269694161260426,2026-03-31,2026-05-15,1265739000.0,26904000.0,-45175000.0,-32149000.0,-5368000.0,-26781000.0,-0.05,3072494000.0,1880065000.0,9399593000.0,3651618000.0,5747975000.0,484215000.0,608371000.0,1509426000.0,,0.1669725341379203,-37632015.77031945,7519528000.0,-0.0050045715329897,-0.004659206068224,-0.0028491659160135,0.6352877317664047,0.0212555669059735,-0.0356906123616322,-0.0211583904738654,-0.319428201806952,,,12.511705122929076,12.511705122929076,False,66.50358103680523,66.50358103680523,53.00561205833619,1002.0,True,False,True,True,True,False,True,True,False,True,True,True,False,True,False,False,False,10,False,0.0452194717577891,0.0897236212937659,1.0,10836170.809218025,0.6431881371640408,0.0,3.0,,,,,,0.070515878431829,0.0149915710070965,0.1800950087777126,-1.4476642961960398,0.6168103448275862,-1.4476642961960398,0.6388269838037977,-1002.0,0.0517241379310344,0.0603448275862069,0.6982758620689655,0.1487068965517241,0.1836206896551724,集盛
172.5,174.0,168.5,170.0,4147893.0,0.0793650793650793,165.3,0.0725552050473186,159.075,0.1003236245954692,166.60430043538412,0.039755351681957,160.7563168843587,-0.0006282393591959,63.2183908045977,3799648.75,1.0916516954363216,0.0686782964010688,1513.TW,2026-08-14,0.0688713094842561,0.1100678478842778,neutral,0.1899907321594068,0.2363299351251158,2026-03-31,2026-05-15,6490639000.0,1685977000.0,1203389000.0,1218211000.0,257948000.0,956493000.0,1.94,23811521000.0,21444785000.0,48754126000.0,26877788000.0,21876338000.0,2658244000.0,1188636000.0,1600850000.0,0.0,0.2117432858511374,948579458.9828856,27309341000.0,0.034734615492292,0.0437227199543177,0.0196187087837447,1.2286237303519447,0.2597551643220336,0.1854037791964705,0.1473649974987054,0.0066661414113464,,,62.38485994052645,62.38485994052645,False,57.41410648070642,57.41410648070642,58.65679484566142,239.0,True,False,True,True,True,False,False,True,True,False,True,True,True,True,True,False,False,10,False,0.0203818242130722,0.0575012123616318,1.0,645940287.5,0.1482854494902687,2.0,3.0,,,,,,-0.0018317626865933,-0.0676601413565953,0.2245743383649923,-1.0405692134929938,0.4224137931034483,-1.0405692134929938,0.4928616944691623,-239.0,0.7241379310344828,0.2068965517241379,0.4741379310344827,0.6866379310344827,0.5189655172413793,中興電
720.0,732.0,714.0,725.0,1880076.0,0.095166163141994,707.0,0.1051829268292683,673.05,0.0837070254110612,695.2030303955078,0.7058823529411764,607.1973485310872,0.0035861163890379,54.90196078431373,1511797.0,1.2436034732176344,0.0771859445806404,1560.TW,2026-08-14,0.0688713094842561,0.1100678478842778,neutral,0.1316033364226135,0.2520852641334569,2026-03-31,2026-05-15,2293229000.0,802560000.0,444439000.0,531951000.0,89799000.0,436359000.0,2.94,5759371000.0,3216860000.0,13961884000.0,5383626000.0,8578258000.0,1772650000.0,642250000.0,940383000.0,555943000.0,0.1688106611323223,369412958.57701176,10745024000.0,0.0343799100473867,0.050868020057219,0.0312535901315323,0.6275896574805747,0.3499694099455396,0.193804892577235,0.1902814764683335,0.2944197621734146,,,86.28355650333096,86.28355650333096,False,66.43636016731186,66.43636016731186,71.39815925131663,54.0,True,False,True,True,True,False,True,True,True,False,True,True,True,True,True,False,False,11,False,0.0428608166272526,0.1940104839948615,1.0,1096052825.0,0.1102873030583874,3.0,2.0,,,,,,-0.0120584083886617,-0.1233284639085653,0.3152645583186293,-1.4165615996643224,0.4249999999999999,-1.4165615996643224,0.4765546628148415,-54.0,0.9396551724137931,0.7327586206896551,0.4310344827586206,0.8633620689655173,0.7758620689655173,中砂
40.0,40.5,38.54999923706055,39.04999923706055,41794525.0,0.1302460231366087,38.92999954223633,0.1978527933999649,34.11249990463257,0.0999999785087477,35.93800293604533,0.1253601838178346,34.29233482678731,0.0382742317707825,68.18181325581405,32908552.55,1.2700201546846823,0.144741644447977,1605.TW,2026-08-14,0.0688713094842561,0.1100678478842778,neutral,0.0537534754402224,0.2381835032437442,2026-03-31,2026-05-15,41070352000.0,3192789000.0,547321000.0,4060027000.0,562012000.0,3584927000.0,0.81,90410765000.0,60341422000.0,306209880000.0,131730308000.0,174479572000.0,13913788000.0,12903118000.0,50244505000.0,5300000000.0,0.1384256804203519,471557718.1666526,245868458000.0,0.0019179268540686,0.0205463995521492,0.0117074178011499,0.7549898620796709,0.0777395090258783,0.0133264258363307,0.0872874671247034,-0.0841324099926965,,,22.373994815385178,22.373994815385178,False,71.70318360494535,71.70318360494535,59.3708864075553,819.0,True,False,True,True,True,False,True,True,True,False,False,True,True,True,False,False,False,10,False,0.0865934678271709,0.1387384216999072,1.0,1285078951.970267,0.1010194624652456,1.0,3.0,,,,,,0.0056359668215219,-0.0567464710585191,0.1712090543945525,-1.6528863951351276,0.3043103448275862,-1.6528863951351276,0.3207718478779021,-819.0,0.1810344827586207,0.2241379310344827,0.2327586206896551,0.1887931034482758,0.2043103448275862,華新
36.79999923706055,37.34999847412109,36.59999847412109,37.0,4743204.0,0.0586551986354844,36.79000015258789,0.2242859882815091,32.1861008644104,0.1280488067266141,33.44454409281413,0.0709117457898935,33.340188614527385,0.047174732738389,72.59036352229874,6341506.4,0.74796171458567,0.1495645327114643,1608.TW,2026-08-14,0.0688713094842561,0.1100678478842778,neutral,0.0454124189063948,0.190917516218721,2026-03-31,2026-05-15,3453119000.0,483830000.0,419422000.0,270760000.0,67589000.0,157429000.0,0.37,9405391000.0,5028451000.0,16894935000.0,5965058000.0,10929877000.0,686209000.0,3168114000.0,,,0.2496269759196336,314722954.5058354,11866484000.0,0.026522005549903,0.0144035472677322,0.009318118122384,0.5457571022985894,0.1401139086142122,0.1214617857073561,0.0455903778583941,0.2223962317651353,,,50.67079431646654,50.67079431646654,False,68.86468952734013,68.86468952734013,64.31621572462173,359.0,True,False,True,True,True,False,True,False,True,True,True,True,False,True,False,False,False,10,False,0.1063089960897327,0.1097717660744701,1.0,234635736.8,0.2483781278962001,1.0,3.0,,,,,,0.0044949282178333,-0.0727247584966626,0.1964118949396925,-1.564083297365226,0.3168103448275862,-1.564083297365226,0.3300004572647028,-359.0,0.6206896551724138,0.4396551724137931,0.2413793103448276,0.5637931034482759,0.4905172413793103,華榮
41.900001525878906,42.20000076293945,41.150001525878906,41.70000076293945,2650048.0,0.084525355930098,41.05999984741211,0.1164659294921357,38.90499973297119,0.0692307887933192,40.43749993642171,-0.0681564075320793,40.37874994277954,0.0192559562382966,65.59142651816954,846224.3,3.1316141595083,0.0718416925627056,1618.TW,2026-08-14,0.0688713094842561,0.1100678478842778,neutral,0.1177015755329008,0.2817423540315106,2026-03-31,2026-05-15,1166170000.0,393476000.0,351688000.0,377918000.0,75657000.0,302261000.0,1.57,4189192000.0,1792843000.0,8312081000.0,1873571000.0,6438510000.0,456109000.0,831869000.0,,,0.2001942220270005,281282094.4437682,6519238000.0,0.0431464681062063,0.04694579957164,0.0363640585311909,0.2909945002803443,0.3374087825960195,0.3015752420316077,0.2591911985388065,0.0721134840447537,,,81.36310017392262,81.36310017392262,False,65.31061657659563,65.31061657659563,69.32373747592737,80.0,True,False,True,True,True,False,True,True,True,False,True,True,False,True,True,False,False,10,False,0.0312210405812112,0.0327214394212858,1.0,35287553.955617905,0.4791473586654309,1.0,2.0,,,,,,0.0125426457107632,-0.0469023237000351,0.1792338696060255,-1.735011341024956,0.3219827586206897,-1.735011341024956,0.3432567516780834,-80.0,0.9224137931034484,0.6637931034482759,0.2758620689655172,0.8254310344827586,0.7155172413793104,合機
29.89999961853028,32.20000076293945,29.5,30.350000381469727,13474698.0,0.091726662388168,28.739999771118164,0.1650672272685405,26.465000057220458,0.6494565766677969,23.49750000635783,0.8228228874967853,20.798333326975506,0.0158334132652913,66.79389118474447,6011263.55,2.2415749846802178,0.1467976692178136,1709.TW,2026-08-14,0.0688713094842561,0.1100678478842778,neutral,0.0732159406858202,0.0139017608897126,2026-03-31,2026-05-15,2424471000.0,492933000.0,320616000.0,344786000.0,79982000.0,264726000.0,0.55,5694389000.0,2189161000.0,12130526000.0,3134319000.0,8996207000.0,600735000.0,285000000.0,20699000.0,,0.2319757762786192,246240854.51265424,9941365000.0,0.0247693203612033,0.0294264015934715,0.021823126218929,0.34840449980753,0.2033156923716555,0.1322416312671919,0.1091891798252072,-0.0753599255550004,,,52.52750676874495,52.52750676874495,False,86.01832088524428,86.01832088524428,77.64561735611944,330.0,True,True,True,True,True,True,True,True,True,True,True,True,True,True,False,False,False,14,False,0.2916267846901919,0.4592515613789918,1.0,182441851.03561503,0.2780352177942539,1.0,3.0,,,,,,0.0488166904545322,-0.0462246220651413,0.2552688470092754,-1.0342921498530844,0.6487068965517241,-1.0342921498530844,0.658135713470808,-330.0,0.6637931034482759,0.8706896551724138,0.7413793103448276,0.6754310344827587,0.7413793103448276,和益
16.700000762939453,17.100000381469727,16.25,16.399999618530273,17123466.0,0.0412698170495411,16.75999984741211,0.0718953865413367,15.12999997138977,0.6734693162593197,15.418499994277957,0.7729729317330025,12.549250014623006,0.0063185855006161,61.40350740212988,20495092.35,0.8354910389071752,0.0839391704918719,1714.TW,2026-08-14,0.0688713094842561,0.1100678478842778,neutral,0.1927710843373494,0.0120481927710843,2026-03-31,2026-05-15,7139550000.0,802314000.0,490214000.0,535557000.0,131252000.0,223134000.0,0.23,17219321000.0,4978429000.0,25588223000.0,7499378000.0,18088845000.0,5982998000.0,888587000.0,1280870000.0,,0.2450756875551995,370074466.90081537,20609794000.0,0.01795624288631,0.0123354476197899,0.0087201835000421,0.414585784775092,0.1123759900834086,0.0686617503904307,0.0312532302456037,0.3342708703208805,,,45.10051143692903,45.10051143692903,False,75.462251967003,75.462251967003,67.8718168344845,432.0,True,True,True,True,True,False,True,True,True,True,True,True,True,True,False,False,False,13,False,0.0636572704618847,0.3068509751116748,1.0,336119506.72174275,0.2103799814643188,0.0,3.0,,,,,,0.0200513271770257,-0.0609942508019149,0.2731802755255718,-1.7092569924066408,0.4806034482758621,-1.7092569924066408,0.4256436477636772,-432.0,0.5517241379310345,0.6120689655172413,0.396551724137931,0.528448275862069,0.5387931034482759,和桐
142.5,142.5,134.0,136.0,970165.0,-0.0072992700729926,140.0,0.0793650793650793,133.2404800415039,0.1147540983606556,125.1218266805013,-0.0144927536231883,125.23591334025063,0.02205338406367,54.86967881689923,1130901.6,0.857868624467416,0.0207108226992016,1736.TW,2026-08-14,0.0688713094842561,0.1100678478842778,neutral,0.1742354031510658,0.2122335495829471,2026-03-31,2026-05-15,11791948000.0,6052382000.0,-92539000.0,40175000.0,16051000.0,23921000.0,0.08,30613897000.0,23508674000.0,46411739000.0,32321282000.0,14090457000.0,3157649000.0,7600383000.0,1539220000.0,3000000000.0,0.3995270690728065,-55567164.55507156,22903065000.0,-0.0024261890081118,0.0016976738227865,0.0005154083970005,2.2938419953305984,0.5132639662250885,-0.0078476431544643,0.0020285876430255,0.111450973975419,,,26.12240913361154,26.12240913361154,False,69.38153307627141,69.38153307627141,58.56675209060644,751.0,True,False,True,True,True,True,True,True,True,True,True,True,True,True,False,False,False,13,False,0.0869406530267187,0.0859504783624218,1.0,153802617.60000002,0.2919369786839666,2.0,3.0,,,,,,-0.0392019408706379,-0.0927879665964529,0.1848134261394161,-1.921787954192688,0.1655172413793103,-1.921787954192688,0.2059571470754811,-751.0,0.2327586206896551,0.1982758620689655,0.146551724137931,0.2198275862068965,0.2051724137931034,喬山
24.89999961853028,24.950000762939453,23.89999961853028,24.450000762939453,2799064.0,0.072368490398758,24.59000015258789,0.1164384104487168,22.270000076293947,0.2970822423417425,21.85675849914551,0.3145161430909322,20.133795849482222,0.0280438626352382,73.7705102565353,2574976.65,1.0870250027315782,0.0978895679917883,1904.TW,2026-08-14,0.0688713094842561,0.1100678478842778,neutral,0.118628359592215,0.0713623725671918,2026-03-31,2026-05-15,10422205000.0,2150150000.0,696170000.0,676222000.0,51875000.0,623134000.0,0.56,23384595000.0,24639229000.0,73010397000.0,42553667000.0,30456730000.0,6316415000.0,12166669000.0,15580624000.0,,0.0767129729585846,642764729.6154221,48371168000.0,0.0132881788096459,0.0204596488198174,0.0085348666163258,1.3971843661483028,0.2063047119107713,0.0667968054744653,0.0597890753444208,0.0134174531712039,,,33.04763840274124,33.04763840274124,False,78.53976225346594,78.53976225346594,67.16673129078477,631.0,True,True,True,True,True,True,True,False,True,True,True,True,True,True,False,False,False,13,False,0.1186471573035556,0.2143761139590689,1.0,62958181.05705127,0.3929564411492122,0.0,3.0,,,,,,0.0628635942825385,0.0133103773195415,0.2371125092016895,-1.63874092727675,0.6620689655172414,-1.63874092727675,0.6143981906064443,-631.0,0.3620689655172414,0.5689655172413793,0.6379310344827587,0.4034482758620689,0.4793103448275863,正隆
11.5,11.600000381469728,11.199999809265137,11.300000190734863,116559.0,0.0319635057138156,11.400000190734865,0.0319635057138156,11.10499997138977,0.0813397509075648,11.08166667620341,-0.0543932743853529,11.27708331743876,0.007713256507568,55.55555555555555,110114.05,1.0585297698159315,0.0175596776089581,1906.TW,2026-08-14,0.0688713094842561,0.1100678478842778,neutral,0.3151065801668211,0.2576459684893419,2026-03-31,2026-05-15,824072000.0,66019000.0,17339000.0,-4285000.0,-126000.0,,-0.03,476045000.0,2439937000.0,5842498000.0,2763272000.0,3079226000.0,170426000.0,1450000000.0,,,0.0294049008168028,16829148.424737457,3402561000.0,0.0049460240168324,,,0.897391747146848,0.0801131454533099,0.0210406372258734,,0.0185447947514918,,,24.0907540514816,24.0907540514816,False,65.00732521592504,65.00732521592504,54.778182424814176,783.0,True,False,True,True,True,True,True,True,False,False,True,True,True,True,False,False,False,11,False,0.0197022271929816,0.002032163162319,1.0,1244288.7860025882,0.9128822984244672,0.0,3.0,,,,,,0.028892833647306,0.0042381921357076,0.1515207707599143,-1.739345753898674,0.4271551724137931,-1.739345753898674,0.6746622274964064,-783.0,0.2068965517241379,0.0689655172413793,0.75,0.2883620689655172,0.2741379310344828,寶隆
29.799999237060547,29.799999237060547,28.25,28.950000762939453,3185435.0,-0.061588317505225,30.020000076293947,0.0284192239875753,29.127499961853037,0.1696970005228062,27.2758334795634,0.1177606636807451,26.09625007311503,0.0168441291053101,59.57448276365844,1960126.55,1.625117010939931,-0.0060938700247546,1907.TW,2026-08-14,0.0688713094842561,0.1100678478842778,neutral,0.3262279888785913,0.1473586654309545,2026-03-31,2026-05-15,17964361000.0,2424583000.0,-77218000.0,452137000.0,195557000.0,208827000.0,0.13,69038373000.0,57579369000.0,178076390000.0,82625870000.0,95450520000.0,10428232000.0,15812770000.0,19190444000.0,964996000.0,0.4,-46330800.0,120497021000.0,-0.0003844974723482,0.0021878036913785,0.0011726821281585,0.8656408576925511,0.1349662812943917,-0.0042983994810614,0.0116245158956669,-0.0057560278150267,,,17.0350561108219,17.0350561108219,False,74.73597723298946,74.73597723298946,60.310746952447566,915.0,True,False,True,True,False,True,True,True,False,True,True,True,True,True,False,False,False,11,False,0.0613791429922914,0.1093548184826915,1.0,56745665.11795788,0.4031510658016682,0.0,3.0,,,,,,-0.0006050225114565,-0.0631548557294103,0.2030208708185487,-1.8734099937112465,0.2655172413793104,-1.8734099937112465,0.2797081619542816,-915.0,0.1120689655172413,0.2758620689655172,0.1724137931034483,0.1211206896551724,0.1732758620689655,永豐餘
10.149999618530272,10.600000381469728,10.149999618530272,10.600000381469728,6375368.0,0.0600000381469727,10.220000076293946,0.0495049486252832,10.073500108718871,0.175166279769545,9.871666717529298,0.0663984737372571,9.661166667938232,-0.0014868376615056,66.08187656331486,3245297.05,1.9644944366494896,0.0522658725436611,1909.TW,2026-08-14,0.0688713094842561,0.1100678478842778,neutral,0.253012048192771,0.1436515291936978,2026-03-31,2026-05-15,10760215000.0,1109471000.0,15988000.0,29258000.0,59036000.0,-27240000.0,-0.02,14658431000.0,22767425000.0,70430999000.0,49630869000.0,20800130000.0,2240646000.0,8614561000.0,26455684000.0,0.0,0.4,9592800.0,47663574000.0,0.0002012606104611,-0.0013096071995703,-0.0003867615167576,2.386084558125358,0.1031086274763097,0.0014858439166875,-0.0025315479291073,0.0525224624933875,,,8.894222198109352,8.894222198109352,False,64.4898565494728,64.4898565494728,50.59094796163195,1046.0,True,False,True,True,True,True,False,True,False,True,True,True,True,True,False,False,False,11,False,0.0737802120737236,0.0971760187770209,1.0,34400149.96798258,0.4856348470806302,0.0,3.0,,,,,,0.012943449284752,-0.0262946190386226,0.2486198244348523,-1.2232177397003037,0.5418103448275862,-1.2232177397003037,0.490640650033572,-1046.0,0.0258620689655172,0.0172413793103448,0.4568965517241379,0.0905172413793103,0.1094827586206896,榮成
85.30000305175781,85.30000305175781,80.19999694824219,80.9000015258789,3447159.0,-0.0858756889731197,84.30000152587891,0.1524217242562806,77.95000038146972,0.2351145271126551,71.62333335876465,0.1919495456389466,70.79387626647949,0.0446961149980792,61.064431217782094,4200349.95,0.8206837623136615,0.0378447867860494,2006.TW,2026-08-14,0.0688713094842561,0.1100678478842778,neutral,0.082483781278962,0.0973123262279888,2026-03-31,2026-05-15,13602390000.0,2004381000.0,1390762000.0,1521134000.0,302993000.0,1211982000.0,1.66,28387625000.0,18568929000.0,51955456000.0,19405487000.0,32549969000.0,1294546000.0,5329132000.0,260000000.0,,0.1991888946010016,1113737654.5669217,33386527000.0,0.0333588951784928,0.0372345055075167,0.0233273287024946,0.596175283607797,0.1473550603974742,0.1022439438951537,0.089100665397772,-0.0619062729029651,,,52.210458028038886,52.210458028038886,False,83.17482039612209,83.17482039612209,75.43372980410129,336.0,True,True,True,True,True,True,True,True,True,True,True,True,True,True,False,False,False,14,False,0.1295201958926846,0.1427542294951944,1.0,339808317.3642254,0.2075996292863762,1.0,3.0,,,,,,0.0323474573084131,-0.0086616473424821,0.2426449104240712,-1.2553696824326916,0.6301724137931035,-1.2553696824326916,0.6799181065916947,-336.0,0.646551724137931,0.8275862068965517,0.7758620689655172,0.665948275862069,0.7267241379310345,東和鋼鐵
50.0,50.0,46.84999847412109,47.59999847412109,36643668.0,0.0214592281704759,47.71999969482422,0.1709716282253426,44.72749996185303,0.1239669466153141,42.44646650950114,0.2744310687750624,40.09239991505941,0.0450350458376876,59.27051396840037,22882860.55,1.6013587077512474,0.0642222014357596,2027.TW,2026-08-14,0.0688713094842561,0.1100678478842778,neutral,0.0658016682113067,0.1992585727525486,2026-03-31,2026-05-15,31174326000.0,8517820000.0,5633209000.0,4716863000.0,1204326000.0,2914770000.0,1.17,89517343000.0,24455518000.0,159942793000.0,66551339000.0,93391454000.0,9252095000.0,11925609000.0,29968117000.0,,0.2553235063218923,4194918326.275959,135487275000.0,0.0309617144951506,0.0312102432841446,0.0182238283159154,0.7126063054977172,0.2732318896004359,0.1807002659816927,0.0934990543179666,0.1950875950100803,,,67.77515994414823,67.77515994414823,False,86.46336204367819,86.46336204367819,81.7913115187957,180.0,True,True,True,True,True,True,True,True,True,True,True,True,True,True,True,False,False,14,False,0.1214125082347288,0.1872573997806923,1.0,1089224127.2635255,0.1112140871177015,1.0,3.0,,,,,,0.0218287867999876,-0.0494927660321593,0.291144330455607,-1.1915145398100508,0.5857758620689655,-1.1915145398100508,0.5971702530714055,-180.0,0.7844827586206896,0.9396551724137931,0.6120689655172413,0.7586206896551724,0.796551724137931,大成鋼
21.14999961853028,21.350000381469727,20.450000762939453,20.549999237060547,4108219.0,0.1048386459998951,21.089999771118165,0.1913043035977129,18.27499990463257,0.1844379703304506,18.289999993642173,0.2454544992157907,17.262499976158143,0.0510424158083556,74.80916319509763,2116232.5,1.9412890596850767,0.124486968224349,2030.TW,2026-08-14,0.0688713094842561,0.1100678478842778,neutral,0.0574606116774791,0.1362372567191844,2026-03-31,2026-05-15,2637279000.0,397354000.0,208556000.0,212139000.0,43592000.0,168547000.0,0.61,6688220000.0,4584464000.0,12076498000.0,7059382000.0,5017116000.0,1408221000.0,3147626000.0,2063078000.0,,0.2054879112280156,165700263.18592998,7492034000.0,0.0221168594784713,0.0335943996511143,0.0139566122563014,1.4070597530533475,0.1506681697309992,0.0790799911575529,0.0639094308944939,-0.0137930957114074,,,38.807934191914576,38.807934191914576,False,72.02617473432038,72.02617473432038,63.72161459871893,542.0,True,False,True,True,True,False,True,False,True,True,False,True,True,True,False,False,False,10,False,0.1235647481795503,0.1904416663544033,1.0,43488576.260442734,0.448563484708063,0.0,3.0,,,,,,0.0722295337194397,0.0194237273925866,0.2916379906655707,-0.441633771218081,0.8551724137931035,-0.441633771218081,0.9126462098186624,-542.0,0.4396551724137931,0.396551724137931,0.956896551724138,0.5172413793103448,0.5301724137931034,彰源
46.0,46.0,43.25,43.54999923706055,3269161.0,-0.0322222391764323,45.48999938964844,0.1067344580890297,41.24499988555908,0.1355932456281181,39.71183096567789,0.0887499809265137,39.65633217493693,0.0356559921044338,57.97545394888961,1965491.0,1.6632795571182977,0.0558855463182703,2031.TW,2026-08-14,0.0688713094842561,0.1100678478842778,neutral,0.1288229842446709,0.1788693234476367,2026-03-31,2026-05-15,4589073000.0,567832000.0,427931000.0,146733000.0,66925000.0,70724000.0,0.22,15811293000.0,10640609000.0,28813736000.0,17538865000.0,11274871000.0,1366991000.0,6979961000.0,6673974000.0,,0.4,256758600.0,18173127000.0,0.0141284766237533,0.0062727103485263,0.0024545237729671,1.5555712344735475,0.1237356651332415,0.0932499875247136,0.0154113913637895,-0.0896215532289155,,,22.130264986727884,22.130264986727884,False,82.43276988021636,82.43276988021636,67.35714365684423,824.0,True,True,True,True,True,True,True,True,True,True,True,True,True,True,False,False,False,14,False,0.0966504988072674,0.0981852543736871,1.0,85597131.55044937,0.3577386468952734,1.0,3.0,,,,,,0.048342276528936,-9.97839395976866e-05,0.2512426930436808,-1.6081503704229474,0.6379310344827587,-1.6081503704229474,0.5767016080743292,-824.0,0.1724137931034483,0.5948275862068966,0.5517241379310345,0.2293103448275862,0.375,新光鋼
28.14999961853028,28.200000762939453,26.799999237060547,26.850000381469727,9140799.0,0.0740000152587889,27.69000015258789,0.1425532077221161,23.769999980926517,0.3129584048783354,22.377446746826173,0.6523077157827524,21.155390071868897,0.0359555502062418,67.54717089774233,8564015.4,1.067349668707975,0.1295751116118915,2103.TW,2026-08-14,0.0688713094842561,0.1100678478842778,neutral,0.0908248378127896,0.0685820203892493,2026-03-31,2026-05-15,10330865000.0,1265731000.0,651038000.0,844918000.0,343164000.0,435719000.0,0.53,20606457000.0,11013075000.0,44846222000.0,22698723000.0,22147499000.0,6501177000.0,5243271000.0,6369581000.0,,0.4,390622800.0,33833147000.0,0.0115455650637524,0.0196735080561466,0.0097158462980449,1.0248887696078008,0.1225193630930227,0.0630187307645584,0.0421764295632553,-0.0044362000632366,,,30.459795491848286,30.459795491848286,False,83.8473172642934,83.8473172642934,70.50043682118212,674.0,True,True,True,True,True,True,True,True,True,True,True,True,True,True,False,False,False,14,False,0.1998688092187239,0.2691801139215657,1.0,229943816.75691265,0.2502316960148285,0.0,3.0,,,,,,0.025924499766725,-0.0322206784935174,0.2513462911545214,-1.8423472902252056,0.4806034482758621,-1.8423472902252056,0.5042217406509601,-674.0,0.3275862068965517,0.6982758620689655,0.4913793103448275,0.352155172413793,0.471551724137931,台橡
23.299999237060547,23.299999237060547,23.049999237060547,23.14999961853028,52402.0,0.0266075566194983,23.00999984741211,0.066820221410647,22.22749996185303,0.110311711989447,21.462284310658774,-0.0531697792983171,21.63572552998861,0.0143753547907828,73.3333163791233,78674.45,0.6660612180955825,0.04150262774763,2115.TW,2026-08-14,0.0688713094842561,0.1100678478842778,neutral,0.2038924930491195,0.2159406858202039,2026-03-31,2026-05-15,795763000.0,146418000.0,55001000.0,50773000.0,23159000.0,28129000.0,0.27,2550411000.0,942761000.0,4966182000.0,1610225000.0,3355957000.0,883919000.0,179756000.0,658841000.0,,0.4,33000600.0,4023421000.0,0.0082021245104601,0.0083818118050976,0.0056641097728597,0.4798109749320388,0.1839969940798956,0.0691173125666812,0.0353484643040704,-0.0114512019538349,,,30.9467161073479,30.9467161073479,False,66.94326037532382,66.94326037532382,57.94412430832984,665.0,True,False,True,True,True,True,True,False,False,True,True,True,False,True,False,False,False,10,False,0.0786363316896952,0.0699895220265562,1.0,1821313.4874880796,0.860982391102873,0.0,3.0,,,,,,0.0323196354757027,0.012532973667308,0.1853859890271449,-1.8024940431359096,0.4896551724137931,-1.8024940431359096,0.4882679814535713,-665.0,0.3362068965517241,0.1810344827586207,0.4482758620689655,0.3530172413793103,0.3120689655172414,六暉-KY
274.5,278.0,261.0,267.0,21480262.0,0.0809716599190284,267.2,0.3587786259541985,230.35,0.3056234718826405,223.7333333333333,0.5141861232453773,197.23994992574052,0.0624999999999999,67.74193548387098,30169094.4,0.7119955844614282,0.1591057087041458,2301.TW,2026-08-14,0.0688713094842561,0.1100678478842778,neutral,0.0166821130676552,0.0704355885078776,2026-03-31,2026-05-15,43407292000.0,9402933000.0,4099305000.0,4969901000.0,1195242000.0,3775414000.0,1.66,165353065000.0,116511425000.0,210691221000.0,122427807000.0,88263414000.0,71133162000.0,13521025000.0,3000000000.0,,0.2404961386554782,3113437976.3289046,94179796000.0,0.0330584489302663,0.0427743934763275,0.0179191804104642,1.3870730969006029,0.2166210460675593,0.0944381649055647,0.0869764923368175,0.1919657430575541,,,57.60700281241379,57.60700281241379,False,85.2476074687501,85.2476074687501,78.33745630466602,288.0,True,True,True,True,True,True,True,True,True,True,True,True,False,False,False,False,False,12,False,0.1933849821215734,0.3536811386360807,1.0,8055148204.799999,0.025949953660797,2.0,3.0,,,,,,0.0079966709274914,-0.0926440888923048,0.2874587306763672,-1.32014818607661,0.4681034482758621,-1.32014818607661,0.4286328986129237,-288.0,0.6810344827586207,0.8879310344827587,0.4051724137931034,0.6396551724137931,0.6879310344827586,光寶科
45.54999923706055,46.0,42.20000076293945,42.20000076293945,4336404.0,-0.016317033520784,44.3,0.0471464407406647,41.16250038146973,0.5984849004815544,41.41349210739136,1.3379502795930174,30.42216265996297,0.0054961831548915,51.36718927533403,4501264.35,0.963374657167158,0.0252049892949841,2302.TW,2026-08-14,0.0688713094842561,0.1100678478842778,neutral,0.2604263206672845,0.0176088971269694,2026-03-31,2026-05-15,216325000.0,70774000.0,16066000.0,58305000.0,16844000.0,41461000.0,0.25,1204494000.0,819815000.0,2680414000.0,894283000.0,1786131000.0,540705000.0,,,,0.2888946059514621,11424619.26078381,1860599000.0,0.0061402909819815,0.0232127430742761,0.0154681329078269,0.5006816409322721,0.3271651450364035,0.0742678839708771,0.1916606957124696,0.1180973350699827,,,48.29599018643512,48.29599018643512,False,58.84740372638924,58.84740372638924,56.20955034140071,394.0,True,False,True,True,True,False,True,True,False,True,True,True,True,True,False,False,False,11,False,0.0189916043184323,0.3871466415659093,1.0,189953359.0041921,0.273401297497683,1.0,3.0,,,,,,-0.0186231849078487,-0.0877103321090111,0.1996452687488075,-1.5991619010465183,0.2711206896551724,-1.5991619010465183,0.4059424046272384,-394.0,0.5948275862068966,0.1034482758620689,0.3448275862068966,0.5573275862068966,0.3974137931034483,麗正
262.0,264.5,257.5,259.5,50840975.0,-0.0019230769230769,263.8,0.108974358974359,252.75,0.0484848484848485,256.0606063842773,0.1431718061674007,238.151136525472,0.0267086422260586,53.51351351351351,56839094.5,0.8944719377962645,0.0267062314540058,2317.TW,2026-08-14,0.0688713094842561,0.1100678478842778,neutral,0.1260426320667284,0.3317886932344763,2026-03-31,2026-05-15,2119533391000.0,130980560000.0,75648689000.0,74031230000.0,17074953000.0,49919449000.0,3.56,4052387707000.0,2792211149000.0,5230479067000.0,3241680598000.0,1988798469000.0,986317310000.0,778365706000.0,25597034000.0,289268494000.0,0.2306452695706933,58200676732.92546,2438267918000.0,0.0238696807283855,0.0251003054246619,0.0095439535003496,1.6299693752429172,0.0617968844256816,0.0356911994504171,0.0235520936881527,0.289006464874042,,,39.93908373911616,39.93908373911616,False,56.83120467665173,56.83120467665173,52.60817444226784,511.0,True,False,True,True,True,False,True,True,True,False,True,True,True,True,False,False,False,11,False,0.0134319513817018,0.0896441805233401,1.0,14749745022.75,0.0148285449490268,2.0,3.0,,,,,,0.0114824682929284,-0.0459469266115471,0.2315829405444955,-1.6598981434854505,0.414655172413793,-1.6598981434854505,0.4188051196006768,-511.0,0.4913793103448275,0.0517241379310344,0.3879310344827586,0.4758620689655172,0.3387931034482758,鴻海
183.0,191.0,180.5,183.5,237449628.0,0.1223241590214068,179.0,0.1838709677419354,158.7,0.6096491228070176,170.65,0.7484429243079875,137.74397614796956,0.0179602309172545,59.28853754940712,143686572.35,1.6525526645705388,0.1562696912413359,2344.TW,2026-08-14,0.0688713094842561,0.1100678478842778,neutral,0.0602409638554216,0.015755329008341,2026-03-31,2026-05-15,38253064000.0,20415002000.0,12550494000.0,12688424000.0,2570746000.0,10114310000.0,2.25,110641935000.0,75046248000.0,229813688000.0,106920169000.0,122893519000.0,25520648000.0,5251103000.0,22148521000.0,4892959000.0,0.202605619106045,10007693393.043297,154767440000.0,0.0646627830313875,0.082301410866101,0.0440109120045103,0.870022844736019,0.5336827920503309,0.3280912085891995,0.2644052251605257,0.913359516665577,,,96.98400611250784,96.98400611250784,True,85.45932404260446,85.45932404260446,88.34049456008032,11.0,True,True,True,True,True,False,True,True,True,True,False,True,True,False,True,True,True,12,False,0.0753003222970993,0.3321816687132486,1.0,26366486026.225,0.0046339202965708,2.0,0.0,,,,,,-0.0320072749724078,-0.1374422063997968,0.2102694459745112,-1.7275398696976838,0.2202586206896551,-1.7275398696976838,0.1953255630923665,-11.0,0.9913793103448276,0.9913793103448276,0.1293103448275862,0.8620689655172413,0.8189655172413793,華邦電
91.8000030517578,92.0,89.80000305175781,90.9000015258789,2957905.0,-0.0267665948517924,91.38000030517578,0.0656506245459704,90.06499977111817,0.0770142166171283,88.9611131032308,0.3231441857903132,83.78972333272299,0.0177986213591793,54.37263140550338,4921932.8,0.600964117185834,0.0092711015031667,2347.TW,2026-08-14,0.0688713094842561,0.1100678478842778,neutral,0.206672845227062,0.2632066728452271,2026-03-31,2026-05-15,126357648000.0,5428837000.0,3373256000.0,3875913000.0,784782000.0,2954386000.0,1.77,208416617000.0,157729943000.0,249263901000.0,167490035000.0,81773866000.0,15304988000.0,56810338000.0,2500000000.0,,0.2024766809781334,2690250321.030425,91533958000.0,0.0293907351961162,0.036128730907745,0.0118524422836502,2.048209815590717,0.042964055487959,0.0266960967807821,0.0233811411241209,0.3825024363831348,,,42.4453478070041,42.4453478070041,False,65.62849673121401,65.62849673121401,59.83270950016154,474.0,True,False,True,True,True,True,True,True,False,False,True,True,False,True,False,False,False,10,False,0.0217947860027134,0.0848585949487088,1.0,447403699.03027344,0.1788693234476367,1.0,3.0,,,,,,0.0431037268022902,-0.0123543935116639,0.3155341400900773,-0.6280470656989363,0.7719827586206897,-0.6280470656989363,0.7671272245622343,-474.0,0.5258620689655172,0.25,0.8620689655172413,0.5762931034482759,0.5103448275862069,聯強
62.79999923706055,63.400001525878906,62.0,62.5,9890675.0,0.0113268733265561,62.81999969482422,0.1574074074074074,57.849999809265135,0.0611205158040506,57.69712136586507,0.0647359316468645,56.22772747675578,0.0311942925002697,69.09091119267117,13715838.5,0.7211134047692381,0.0803802974255174,2354.TW,2026-08-14,0.0688713094842561,0.1100678478842778,neutral,0.0769230769230769,0.3030583873957368,2026-03-31,2026-05-15,25274831000.0,1224398000.0,373042000.0,939869000.0,285306000.0,663384000.0,0.47,119608118000.0,42954189000.0,150753789000.0,44332160000.0,106421629000.0,18348663000.0,13096824000.0,,,0.3035593258209388,259801621.9771053,107799600000.0,0.0024100425416894,0.0062335448746043,0.0044004466116602,0.4165709585219749,0.0484433704027536,0.0147594260867659,0.0262468223823138,-0.1575198993297046,,,17.738249987351253,17.738249987351253,False,72.8243048010172,72.8243048010172,59.05279109760072,897.0,True,False,True,True,True,True,True,True,True,False,True,True,False,True,False,False,False,11,False,0.0832429507822276,0.1115512364577981,1.0,857239906.25,0.1288229842446709,1.0,3.0,,,,,,-0.0050944683983433,-0.0676590924256224,0.1465804185253527,-1.8416625887342333,0.1952586206896551,-1.8416625887342333,0.1980033149850903,-897.0,0.1206896551724138,0.2155172413793103,0.1379310344827586,0.1232758620689655,0.1525862068965517,鴻準
71.0,73.5,69.4000015258789,69.9000015258789,59102115.0,0.0921875238418579,67.76000061035157,0.1948718209551949,63.62999992370605,0.2920518206542242,65.93072986602783,0.5413451792234842,55.66078157424927,0.0275593593033624,60.93190464021728,36664031.25,1.611991725541637,0.0985384505687685,2356.TW,2026-08-14,0.0688713094842561,0.1100678478842778,neutral,0.0565338276181649,0.0732159406858202,2026-03-31,2026-05-15,200310505000.0,10176552000.0,3614980000.0,3306616000.0,872750000.0,2428376000.0,0.68,316622404000.0,289769524000.0,382244260000.0,308509302000.0,73734958000.0,45302973000.0,76492329000.0,8230668000.0,,0.2639405361856351,2660840240.499653,92474736000.0,0.0287736992349959,0.032933849368979,0.0063529430108381,4.184030348264388,0.0508038856973577,0.0180468817648879,0.0121230586483719,0.2755841181128693,,,32.596295147103554,32.596295147103554,False,84.50953164465692,84.50953164465692,71.53122252026857,639.0,True,True,True,True,True,False,True,True,True,True,True,True,True,True,False,False,False,13,False,0.060203666301233,0.255821415885709,1.0,2562815840.319872,0.0593141797961075,1.0,3.0,,,,,,0.0881697391899743,0.0208862746702874,0.3387557111454843,0.0439422938033226,0.926293103448276,0.0439422938033226,0.8923322254003567,-639.0,0.3534482758620689,0.7413793103448276,0.9396551724137931,0.4413793103448276,0.5870689655172414,英業達
157.5,169.0,154.5,159.5,26248135.0,0.1114982578397212,150.7,0.1312056737588651,140.5,0.1902985074626866,139.2522186279297,0.276,129.05944264729817,0.0111550917596258,57.6530612244898,8507634.75,3.085244697417223,0.1352313167259786,2359.TW,2026-08-14,0.0688713094842561,0.1100678478842778,neutral,0.1075069508804448,0.1297497683039851,2026-03-31,2026-05-15,890066000.0,190817000.0,-35808000.0,156778000.0,13846000.0,134073000.0,0.78,8393550000.0,3998667000.0,10520171000.0,4283921000.0,6236250000.0,2450934000.0,650000000.0,,,0.088315962698848,-32645582.00767965,6521504000.0,-0.005005836384932,0.0214989777510523,0.0127443745923901,0.6869386249749448,0.21438522536531,-0.0402307244631297,0.1506326497136167,-0.2680432463904461,,,26.81505765819656,26.81505765819656,False,84.81222640430903,84.81222640430903,70.3129342177809,741.0,True,True,True,True,True,True,True,True,True,True,False,True,False,True,False,False,False,12,False,0.145403653683757,0.2358646274018998,1.0,1356967742.625,0.0973123262279888,2.0,3.0,,,,,,-0.0368699200610161,-0.0993197343093411,0.2258118904517808,-1.644357678680255,0.2741379310344827,-1.644357678680255,0.2511739781661917,-741.0,0.25,0.6896551724137931,0.1551724137931034,0.2357758620689655,0.3629310344827586,所羅門
47.900001525878906,50.5,47.900001525878906,49.900001525878906,4113159.0,-0.0118811579033879,48.16000061035156,0.2351485059700955,45.38750019073486,0.2506265568314341,44.62208073933919,0.2794872186122796,41.6406236966451,0.0367768838452461,63.44828348239303,2469898.2,1.665315193962245,0.0994216759279726,2362.TW,2026-08-14,0.0688713094842561,0.1100678478842778,neutral,0.041705282669138,0.0898980537534754,2026-03-31,2026-05-15,4941226000.0,1031961000.0,338299000.0,460047000.0,109186000.0,350861000.0,0.61,21268600000.0,19086193000.0,104921126000.0,60685209000.0,44235917000.0,8972993000.0,7767445000.0,28201977000.0,,0.2373366199540481,258008258.80616543,85834933000.0,0.0030058654418261,0.0079315864527008,0.0033440453164789,1.3718537585645618,0.2088471565558831,0.0684645875335392,0.0710068715739778,0.1924432336345798,,,31.430349126543067,31.430349126543067,False,91.52192157329796,91.52192157329796,76.49902846160926,656.0,True,True,True,True,True,True,True,True,True,True,True,True,True,True,False,False,False,14,False,0.1182804723376931,0.1983490422574829,1.0,123247923.94876558,0.3160333642261353,1.0,3.0,,,,,,0.0124657806269263,-0.0340309309005198,0.2223059266147755,-1.6268419235532812,0.4237068965517241,-1.6268419235532812,0.4429234797095597,-656.0,0.3448275862068966,0.8620689655172413,0.4137931034482758,0.3551724137931035,0.5137931034482759,藍天
170.5,171.0,158.5,159.0,24794430.0,0.0392156862745098,161.0,0.1236749116607773,149.875,0.4070796460176991,142.13333333333333,0.7530320325229236,119.12749989827472,0.0251367989056088,60.869565217391305,19085427.05,1.2991289078857682,0.0608840700583819,2377.TW,2026-08-14,0.0688713094842561,0.1100678478842778,neutral,0.1130676552363299,0.0500463392029657,2026-03-31,2026-05-15,56256838000.0,8440506000.0,3876357000.0,4133431000.0,716617000.0,3416814000.0,4.04,106512512000.0,56814984000.0,119099762000.0,64185562000.0,54914200000.0,25875075000.0,0.0,6305082000.0,,0.1733709840565864,3204309172.355363,62284778000.0,0.0514461040923251,0.0622209555998266,0.0286886719387398,1.1688335985956273,0.1500352010541367,0.0689046369794192,0.0607359766647389,0.0507372103469625,,,60.05362798212559,60.05362798212559,False,87.77829773051732,87.77829773051732,80.84713029341938,263.0,True,True,True,True,True,True,True,True,True,True,True,True,True,True,True,False,False,14,False,0.1186679174484053,0.3347044144783795,1.0,3034582900.9500003,0.0509731232622798,2.0,3.0,,,,,,0.0179508476883758,-0.0328843698365736,0.2581403804534652,-0.7665357150528478,0.5982758620689655,-0.7665357150528478,0.5637477223369881,-263.0,0.7068965517241379,0.9310344827586208,0.5258620689655172,0.6797413793103447,0.7379310344827587,微星
20.049999237060547,20.049999237060547,19.549999237060547,19.64999961853028,79020.0,0.0342105062384356,19.589999771118165,0.04521278808321,19.22249984741211,2.291457338208628,17.844154636065166,3.026639171663524,11.7335773229599,0.003131112489401,48.99999656677381,49307.3,1.6026024544033033,0.0222395512816571,2380.TW,2026-08-14,0.0688713094842561,0.1100678478842778,neutral,0.2696941612604263,0.0009267840593141,2026-03-31,2026-05-15,686097000.0,264879000.0,57692000.0,24146000.0,-522000.0,24160000.0,0.4,1568491000.0,1494975000.0,2326173000.0,1751805000.0,574368000.0,421666000.0,819823000.0,0.0,,0.0,57692000.0,831198000.0,0.0694082517041667,0.0420636247144687,0.0103861578653006,3.049969705833194,0.386066401689557,0.0840872354783653,0.0352136796983516,0.1223168804656138,,,51.44522208042128,51.44522208042128,False,73.71761438081492,73.71761438081492,68.14951630571652,349.0,True,False,True,True,True,True,True,False,False,True,True,True,True,True,False,False,False,11,False,0.1012009265384465,0.6746810523061684,1.0,968888.426190758,0.9323447636700648,0.0,3.0,,,,,,0.198424072085492,0.1864302441372838,0.5110114981314534,1.4575844786197087,1.0,1.4575844786197087,1.0,-349.0,0.6293103448275862,0.6293103448275862,1.0,0.6849137931034482,0.703448275862069,虹光
690.0,699.0,676.0,683.0,3170184.0,0.0772870662460567,679.0,0.331384015594542,604.45,0.4735706580366774,533.4527969360352,1.239344262295082,451.0513984680176,0.0707518730518625,73.04347826086956,5146396.25,0.6160007597549451,0.1299528496980726,2395.TW,2026-08-14,0.0688713094842561,0.1100678478842778,neutral,0.0222428174235403,0.0389249304911955,2026-03-31,2026-05-15,20385264000.0,7979823000.0,3728486000.0,4068287000.0,750007000.0,3334165000.0,3.85,49300373000.0,29811036000.0,83769137000.0,34044129000.0,49725008000.0,10001958000.0,,43915000.0,,0.184354496130681,3041122842.1397014,53958101000.0,0.0563608204473263,0.0670520756879516,0.0398018305954375,0.6846480346468723,0.3914505595806853,0.182901040673302,0.1635576071028562,0.1748587968840969,,,87.43653384699755,87.43653384699755,False,83.3595922150139,83.3595922150139,84.37882762300981,49.0,True,True,True,True,True,True,True,False,True,True,True,True,False,True,True,False,False,12,False,0.2803382115960611,0.5142398456579202,1.0,3514988638.75,0.0444856348470806,3.0,2.0,,,,,,-0.0313022697548789,-0.1366598210366755,0.3105184870383405,-1.4632976359664829,0.3801724137931034,-1.4632976359664829,0.3614620689569303,-49.0,0.956896551724138,0.956896551724138,0.293103448275862,0.8573275862068965,0.8241379310344827,研華
66.0999984741211,66.5999984741211,64.69999694824219,65.80000305175781,552307.0,-0.0060422041529262,66.81999969482422,0.200729999413177,60.07999973297119,0.0840198060085062,60.35333620707194,0.0876033562274019,59.03083477020263,0.0397161874469029,68.12228223569971,877740.4,0.6292373006870824,0.0952064471406373,2397.TW,2026-08-14,0.0688713094842561,0.1100678478842778,neutral,0.0509731232622798,0.2502316960148285,2026-03-31,2026-05-15,3030612000.0,754408000.0,168760000.0,160589000.0,40224000.0,86809000.0,0.76,8090820000.0,5564770000.0,13261955000.0,7705318000.0,5556637000.0,2502436000.0,1648614000.0,692000000.0,964352000.0,0.2504779281270822,126489344.84927362,7697185000.0,0.0164331953628857,0.0156225789087896,0.0065457166760104,1.386687307448732,0.2489292591727347,0.0556851223449257,0.0286440494527178,0.1661133556504674,,,38.72674476639454,38.72674476639454,False,67.23523756825875,67.23523756825875,60.1081143677927,543.0,True,False,True,True,True,False,True,True,True,False,True,True,False,True,False,False,False,10,False,0.0902463258368748,0.1146717356768958,1.0,57755320.998651125,0.4012974976830398,1.0,3.0,,,,,,0.0345242472229598,-0.0038214588334847,0.2409661780349872,-1.4984117627400209,0.602155172413793,-1.4984117627400209,0.5473286810642153,-543.0,0.4310344827586206,0.2672413793103448,0.5172413793103449,0.4439655172413793,0.3991379310344827,友通
45.400001525878906,47.150001525878906,45.04999923706055,45.95000076293945,11421681.0,0.0799060302430638,44.310000610351565,0.2319035309063608,39.05000009536743,0.0636574062831771,45.176666800181074,1.1175114814472995,39.947083393732704,0.0217163818643412,65.22522659989092,5174835.3,2.207158361155958,0.176696559557514,2399.TW,2026-08-14,0.0688713094842561,0.1100678478842778,neutral,0.0426320667284522,0.29935125115848,2026-03-31,2026-05-15,434635000.0,71576000.0,-38003000.0,293376000.0,30236000.0,263140000.0,1.48,2477133000.0,591690000.0,3098844000.0,636030000.0,2462814000.0,675875000.0,60000000.0,,,0.1030622818499127,-34086324.10285777,2507154000.0,-0.0135956244023533,0.1068452591222885,0.0849155362451288,0.2582533638350277,0.1646807091007397,-0.0874365847205126,0.60542754265073,-0.1279866459882791,,,45.4971718000302,45.4971718000302,False,71.54256049708341,71.54256049708341,65.03121332282012,426.0,True,False,True,True,True,False,True,True,True,False,True,True,True,False,False,False,False,10,False,0.0171179951406967,0.150271730980704,1.0,237783685.983086,0.2446709916589434,1.0,3.0,,,,,,-0.098740669234053,-0.1960689021928499,0.0876954666473318,-1.829191787895161,0.059051724137931,-1.829191787895161,0.0856306067104729,-426.0,0.5603448275862069,0.4568965517241379,0.0517241379310344,0.4840517241379309,0.4275862068965517,映泰
532.0,542.0,501.0,512.0,104243766.0,0.1203501094091903,499.9,0.2945638432364097,431.1,0.7474402730375427,411.3058151245117,0.8417266187050361,329.21540756225585,0.0376699963894573,61.2094395280236,85546495.45,1.2185626711140742,0.1876594757596845,2408.TW,2026-08-14,0.0688713094842561,0.1100678478842778,neutral,0.0268767377201112,0.0101946246524559,2026-03-31,2026-05-15,49086932000.0,33325482000.0,30111283000.0,31718134000.0,5659880000.0,26059487000.0,8.41,141606845000.0,25207062000.0,240968098000.0,47930660000.0,193037438000.0,86281008000.0,0.0,13800000000.0,3996400000.0,0.1784430319892084,24738134364.394894,215761036000.0,0.1146552446308929,0.1349970620724877,0.1081449669740099,0.2482972240856201,0.6789074126694249,0.6134276837672398,0.5308844113541258,5.829068133568171,,,100.0,100.0,True,95.52747725800964,95.52747725800964,96.64560794350724,2.0,True,True,True,True,True,True,True,True,True,True,False,True,True,False,True,True,True,13,False,0.2448158551928225,0.555212752013069,1.0,43799805670.4,0.0018535681186283,3.0,0.0,,,,,,-0.1031407596714138,-0.1648586980352634,0.1806810386455833,-1.6937585475440229,0.1400862068965517,-1.6937585475440229,0.1218482675413626,-2.0,1.0,1.0,0.0603448275862069,0.859051724137931,0.8120689655172414,南亞科
4400.0,4400.0,4205.0,4210.0,10639421.0,0.0794871794871794,4086.0,0.2492581602373886,3772.25,0.1859154929577464,4050.04248046875,1.269541778975741,3120.6045735677085,0.0291229027417814,63.80208333333333,9051344.5,1.1754520005287612,0.1160448008483001,2454.TW,2026-08-14,0.0688713094842561,0.1100678478842778,neutral,0.036144578313253,0.1334569045412419,2026-03-31,2026-05-15,149150510000.0,69055353000.0,22890845000.0,27019390000.0,2643006000.0,24153980000.0,15.17,378185472000.0,309807293000.0,738776057000.0,340329102000.0,398446955000.0,184514674000.0,16440000000.0,120000000.0,,0.0978188626760263,20651688576.4068,428968764000.0,0.0481426395335553,0.0606203151935243,0.0326945896136425,0.8541390459364911,0.4629910618475257,0.1534748020640358,0.1619436634846237,-0.0271454326245333,,,78.23114789730103,78.23114789730103,False,78.59831418624346,78.59831418624346,78.50652261400785,95.0,True,True,True,True,True,False,True,True,True,True,True,True,True,True,True,False,False,13,False,0.0394952695688111,0.3490975548968107,1.0,38106160345.0,0.0027803521779425,3.0,2.0,,,,,,0.0172486638278917,-0.0600291560138092,0.3302352767966491,-0.9858279786880776,0.6107758620689656,-0.9858279786880776,0.6398688362972438,-95.0,0.896551724137931,0.896551724137931,0.7068965517241379,0.868103448275862,0.8586206896551725,聯發科
18.0,18.0,17.350000381469727,17.600000381469727,790000.0,0.0144092215852056,17.64000015258789,0.0965732846161213,16.544999980926512,0.0830769465519831,17.241666571299234,0.069908788157696,17.025416612625122,0.0147194148018067,67.41574767442708,850400.0,0.9289746001881468,0.0637655123456901,2461.TW,2026-08-14,0.0688713094842561,0.1100678478842778,neutral,0.144578313253012,0.2539388322520852,2026-03-31,2026-05-15,1366993000.0,363766000.0,98193000.0,54528000.0,12381000.0,50019000.0,0.3,4713779000.0,2915219000.0,8380552000.0,4207146000.0,4173406000.0,1186217000.0,874467000.0,975276000.0,,0.2270576584507042,75897527.34375,5465333000.0,0.0138870819662315,0.0119851746990347,0.0059684612660359,1.0080845237678768,0.2661067028141329,0.0718313846522988,0.0365905311877968,0.0206116832638239,,,35.682269128941115,35.682269128941115,False,62.49936396444048,62.49936396444048,55.79509025556564,593.0,True,False,True,True,True,False,True,True,True,False,True,True,True,True,False,False,False,11,False,0.020783014721267,0.0337485878858625,1.0,14967040.324401855,0.5903614457831325,0.0,3.0,,,,,,0.0596263567776887,0.0295928621803116,0.2194338951372202,-1.2268823808032487,0.6956896551724137,-1.2268823808032487,0.7139988827316337,-593.0,0.396551724137931,0.0948275862068965,0.8103448275862069,0.4586206896551724,0.3887931034482759,光群雷
197.0,198.0,189.5,192.0,9994902.0,0.106628242074928,190.4,0.3426573426573427,157.85,0.411764705882353,163.23333333333332,1.7004219988820952,125.1241667429606,0.0558528428093645,73.02325581395348,11777729.6,0.8486272260826909,0.2163446309787773,2464.TW,2026-08-14,0.0688713094842561,0.1100678478842778,neutral,0.0185356811862835,0.0491195551436515,2026-03-31,2026-05-15,1864911000.0,348125000.0,41838000.0,53528000.0,4046000.0,49169000.0,0.24,7398797000.0,5883475000.0,11317462000.0,6229196000.0,5088266000.0,1831434000.0,460111000.0,103169000.0,0.0,0.0755866088775967,38675607.45777911,5433987000.0,0.0071173536958736,0.00966321336188,0.0043445253008139,1.2242276641983734,0.1866711065568276,0.0224343145597832,0.0263653332518281,0.0786759589539871,,,25.84400824761181,25.84400824761181,False,73.21594068582021,73.21594068582021,61.372957576268114,756.0,True,False,True,True,True,False,True,False,True,True,False,True,True,False,False,False,False,9,False,0.1762303451092506,0.5344757531486359,1.0,2261324083.2,0.0667284522706209,2.0,3.0,,,,,,-0.1280357155610835,-0.2504455285133221,0.1567327899090973,-1.7917287378433293,0.0659482758620689,-1.7917287378433293,0.0847391340237067,-756.0,0.2241379310344827,0.3275862068965517,0.043103448275862,0.1969827586206896,0.2189655172413792,盟立
106.0,106.5,95.8000030517578,95.9000015258789,8874245.0,0.1269095563502518,95.38000030517578,0.2552355969966149,82.5849998474121,0.1540313271575326,81.12500025431315,0.8549323038815835,72.49291687011718,0.0413593030655629,61.6231089833229,3285956.9,2.700657759692466,0.161227846498374,2465.TW,2026-08-14,0.0688713094842561,0.1100678478842778,neutral,0.0342910101946246,0.1566265060240964,2026-03-31,2026-05-15,1569188000.0,167121000.0,92107000.0,130068000.0,22277000.0,107791000.0,1.15,1574817000.0,638916000.0,1902288000.0,697716000.0,1204572000.0,319532000.0,112731000.0,0.0,,0.1712719500568933,76331654.49610972,1263372000.0,0.0604189854580517,0.0894848958800304,0.0566638700344006,0.5792231597613094,0.1065015791606869,0.0586972370423429,0.0686922153368493,0.9128577645528606,,,73.28778007996519,73.28778007996519,True,89.36326372875563,89.36326372875563,85.34439281655801,133.0,True,True,True,True,True,True,True,True,True,True,False,True,True,False,True,True,False,12,False,0.1821263633312619,0.3228878856909469,1.0,315123271.7239723,0.2159406858202039,1.0,3.0,,,,,,-0.0436060207342243,-0.1598010320218678,0.1595871951827041,-1.7522640499420414,0.1262931034482758,-1.7522640499420414,0.1306226557773745,-133.0,0.853448275862069,0.9655172413793104,0.0689655172413793,0.7357758620689655,0.7301724137931035,麗臺
203.0,205.0,202.5,204.5,2365716.0,0.0906666666666666,203.9,0.096514745308311,190.5,0.1054054054054054,199.59869995117188,0.0623376623376623,197.8576833089193,0.0189890345012035,67.3913043478261,3462058.0,0.6833265069504901,0.0734908136482939,2474.TW,2026-08-14,0.0688713094842561,0.1100678478842778,neutral,0.1464318813716404,0.2233549582947173,2026-03-31,2026-05-15,3773945000.0,1086984000.0,243428000.0,1851491000.0,315957000.0,1484484000.0,2.63,111490974000.0,75734641000.0,225538335000.0,82981411000.0,142556924000.0,16182860000.0,66414098000.0,,,0.1706500328654041,201887003.7996404,149803694000.0,0.0013476770726337,0.0104132718239627,0.0065819586723472,0.5820931644119931,0.2880232753789469,0.0645022648713746,0.3933507245071139,-0.1324838723321306,,,29.474595147303784,29.474595147303784,False,64.04595479681169,64.04595479681169,55.40311488443471,691.0,True,False,True,True,True,False,True,True,True,False,True,True,False,True,False,False,False,10,False,0.0245557714054607,0.033571183994457,1.0,707990861.0,0.1427247451343836,2.0,3.0,,,,,,0.008687014808571,-0.0548023368305411,0.1807831573926322,-1.5376991853690134,0.3482758620689655,-1.5376991853690134,0.3397203069539721,-691.0,0.293103448275862,0.0862068965517241,0.2672413793103448,0.2892241379310344,0.2258620689655172,可成
13.699999809265137,13.800000190734863,13.699999809265137,13.699999809265137,89213.0,0.0538461391742413,13.619999885559082,0.0378787884261215,13.25,0.0745097889619714,13.22000002861023,-0.0551724269472319,13.570416673024496,0.0062654247812424,60.52630786420079,107581.2,0.829261990013125,0.0339622497558593,2509.TW,2026-08-14,0.0688713094842561,0.1100678478842778,neutral,0.2956441149212233,0.267840593141798,2026-03-31,2026-05-15,64339000.0,17741000.0,-24855000.0,-103715000.0,440000.0,-100923000.0,-0.45,11515918000.0,9505024000.0,14164161000.0,9994241000.0,4169920000.0,916570000.0,4613123000.0,0.0,486938000.0,0.0,-24855000.0,4659137000.0,-0.0053346789330298,-0.0242026225922799,-0.0071252367153974,2.396746460363748,0.2757425511742489,-0.3863131226783133,,-0.0720024231584717,,,11.364896482710066,11.364896482710066,False,71.73852460814084,71.73852460814084,56.64511757678314,1021.0,True,False,True,True,True,True,True,True,False,False,True,True,True,True,False,False,False,11,False,0.0363086066275424,0.0095489430695396,1.0,1473862.4194805145,0.8943466172381835,0.0,3.0,,,,,,0.0166701889847532,-0.0362082066197695,0.2325545064479009,-1.610110089656621,0.4577586206896551,-1.610110089656621,0.6461059097949218,-1021.0,0.0344827586206896,0.1206896551724138,0.7155172413793104,0.1366379310344827,0.196551724137931,全坤建
46.20000076293945,46.650001525878906,45.75,46.20000076293945,9241494.0,0.0428894257020529,45.25999984741211,0.0669746322627367,44.307499694824216,0.0584192244655186,43.72166652679444,0.1891892555340608,40.75208333333333,0.0108943637864963,74.99998233938197,8451721.8,1.0934451249921642,0.0427128833978485,2542.TW,2026-08-14,0.0688713094842561,0.1100678478842778,neutral,0.2029657089898053,0.309545875810936,2026-03-31,2026-05-15,16191907000.0,4874634000.0,3912933000.0,3918335000.0,698387000.0,2421313000.0,1.15,244126134000.0,168451704000.0,269504119000.0,203260373000.0,66243746000.0,18030010000.0,104829064000.0,11468836000.0,23019028000.0,0.1782356536641201,3215508829.0010934,101052415000.0,0.0318202076516537,0.0365515712230404,0.0089843265067128,3.068370756086167,0.3010537301134449,0.2416597995529495,0.1495384700517363,13.610654325020349,,,58.947380152838136,58.947380152838136,False,65.51049815978786,65.51049815978786,63.86971865805043,278.0,True,False,True,True,True,True,True,False,False,False,True,True,True,True,False,False,False,10,False,0.0566843497291256,0.1336843906861069,1.0,390469553.608152,0.1936978683966636,1.0,3.0,,,,,,0.0809154478001502,0.123636376203445,0.2285621684823787,0.0784025956924963,0.8426724137931035,0.0784025956924963,0.8070654438007681,-278.0,0.6896551724137931,0.4051724137931034,0.8793103448275862,0.7181034482758621,0.6422413793103449,興富發
32.20000076293945,33.900001525878906,32.04999923706055,32.349998474121094,9680133.0,-0.0061444168241865,32.609999084472655,0.043548337874874,31.70499982833862,0.0571894794390623,31.174155330657964,0.1097769776146622,33.55499424934387,0.0134249573175492,56.637156191714,5985648.3,1.6172238185126917,0.0203437517512918,2605.TW,2026-08-14,0.0688713094842561,0.1100678478842778,neutral,0.2761816496756256,0.3104726598702502,2026-03-31,2026-05-15,1366845000.0,582927000.0,482738000.0,537338000.0,149979000.0,387359000.0,0.66,9807913000.0,5258125000.0,22934806000.0,5269539000.0,17665267000.0,4877423000.0,4114000000.0,,,0.2791148215834353,347998669.2584556,17676681000.0,0.0196868783941089,0.0219277183865944,0.0168895695040978,0.2982994256469489,0.4264763012631278,0.3531768415584795,0.2833964348554518,0.4444113329930603,,,75.1720503143159,75.1720503143159,False,70.65691060654798,70.65691060654798,71.78569553348996,118.0,True,False,True,True,True,True,True,True,False,False,True,True,True,True,True,False,False,11,False,0.0377185245595654,-0.0359110708310236,0.0,193635713.3716255,0.2715477293790547,1.0,3.0,,,,,,-0.0040685969541987,-0.0694307203515262,0.1226437316815756,-1.8441931599693624,0.1857758620689655,-1.8441931599693624,0.1852562146340848,-118.0,0.8620689655172413,0.75,0.1120689655172413,0.7495689655172414,0.6784482758620689,新興
88.19999694824219,91.4000015258789,87.0,90.5999984741211,27786195.0,0.067137772035313,87.95999908447266,0.1396226223159886,85.52999954223633,0.1157635699404098,82.26464970906575,0.2079999796549478,79.81232484181722,0.0235146313281886,75.38462441348995,11995622.0,2.3163613358273545,0.0592774343390603,2615.TW,2026-08-14,0.0688713094842561,0.1100678478842778,neutral,0.0945319740500463,0.211306765523633,2026-03-31,2026-05-15,33640864000.0,7656632000.0,5825197000.0,9789626000.0,2113020000.0,7671518000.0,2.73,141008376000.0,35567443000.0,420232464000.0,133190864000.0,287041600000.0,99479800000.0,1000000000.0,42718782000.0,0.0,0.2158427707044171,4567870339.620942,384665021000.0,0.0118749303686256,0.0267261539790748,0.0182554149362434,0.4640124079575922,0.2275991484642011,0.1731583647792161,0.2280416460171772,-0.0929984351119866,,,48.73816272918027,48.73816272918027,False,71.82115783532947,71.82115783532947,66.05040905879217,389.0,True,False,True,True,True,True,True,False,True,True,True,True,True,True,False,False,False,12,False,0.1013235793811053,0.1351630046322336,1.0,1086803334.8961334,0.1121408711770157,1.0,3.0,,,,,,0.0571775702597129,0.0110335328159502,0.270429874845509,-0.953429032905075,0.7685344827586207,-0.953429032905075,0.7450913017743162,-389.0,0.603448275862069,0.4913793103448275,0.853448275862069,0.6409482758620689,0.6198275862068965,萬海
64.19999694824219,70.5999984741211,63.20000076293945,70.5999984741211,79339344.0,0.1442463144429568,64.05999908447265,0.1535947319280746,63.05000019073486,0.5248380051291612,55.55494244893392,0.2977940531956713,52.534137948354086,-0.0036346444907288,67.4603154179311,49685555.6,1.5968291597407436,0.1197462055598168,2634.TW,2026-08-14,0.0688713094842561,0.1100678478842778,neutral,0.0806302131603336,0.0278035217794253,2026-03-31,2026-05-15,7587090000.0,591710000.0,272385000.0,343445000.0,82787000.0,260658000.0,0.28,37638357000.0,26369324000.0,51480606000.0,33336880000.0,18143726000.0,2181426000.0,5295860000.0,1125000000.0,3448642000.0,0.2410487851038739,206726926.6694813,25111282000.0,0.0082324322059495,0.0143662883797958,0.005063227111196,1.837377835181153,0.0779890577283253,0.0359011162382415,0.0343554643479911,0.0064028588028364,,,19.130159005497152,19.130159005497152,False,79.66030411304963,79.66030411304963,64.52776783616152,870.0,True,True,True,True,True,True,False,True,True,True,False,True,True,True,False,False,False,12,False,0.2708139971347567,0.3438880170362255,1.0,3507800149.545859,0.0454124189063948,1.0,3.0,,,,,,-0.0191726109429,-0.0952479388883007,0.2046493660010036,-1.711976947503418,0.2405172413793103,-1.711976947503418,0.1950316827772097,-870.0,0.1551724137931034,0.4482758620689655,0.1206896551724138,0.15,0.2362068965517241,漢翔
85.0999984741211,86.19999694824219,83.9000015258789,85.69999694824219,1793313.0,-0.0250284930539962,86.85999908447266,0.0793450289835311,83.49500045776367,0.1919331728719957,79.14777081807455,0.2207977303963133,75.35305220286051,0.0121219420371795,58.94735235916941,2389467.1,0.7505075085570334,0.0264087248145346,2637.TW,2026-08-14,0.0688713094842561,0.1100678478842778,neutral,0.17516218721038,0.1288229842446709,2026-03-31,2026-05-15,4338022000.0,1244039000.0,1197473000.0,1201283000.0,6082000.0,1195201000.0,1.6,8930959000.0,8128467000.0,84286573000.0,33874386000.0,50412187000.0,5975075000.0,2132536000.0,18694305000.0,992902000.0,0.0050629202277897,1191410289.726068,76158106000.0,0.0156439065032167,0.0237085726909645,0.0141802063775923,0.6719483524886551,0.2867756318432686,0.276041246448266,0.2755175054437253,0.2360516073148353,,,62.80204855376821,62.80204855376821,False,76.44456724452684,76.44456724452684,73.03393757183719,238.0,True,True,True,True,True,True,True,True,True,True,True,True,False,True,True,False,False,13,False,0.0827847210659702,0.1373128817333944,1.0,204777323.1779251,0.2659870250231696,1.0,3.0,,,,,,0.016034996140907,-0.0405137290867724,0.1992094102092431,-1.8700592052871092,0.3331896551724138,-1.8700592052871092,0.3523120113854446,-238.0,0.7327586206896551,0.7844827586206896,0.2844827586206896,0.6655172413793103,0.6586206896551723,慧洋-KY
36.34999847412109,36.400001525878906,35.70000076293945,36.20000076293945,136690.0,0.0584795308591712,35.04000015258789,0.0647059047923368,34.7875,0.0492753844330275,35.233110427856445,0.0694239998449328,34.80405518213908,0.0042580842468073,63.73625452313801,109763.2,1.245317191918603,0.0406036870410191,2739.TW,2026-08-14,0.0688713094842561,0.1100678478842778,neutral,0.2094531974050046,0.329935125115848,2026-03-31,2026-05-15,1423271000.0,578036000.0,170254000.0,150826000.0,31760000.0,119066000.0,1.3,1661188000.0,2505476000.0,11529842000.0,10032415000.0,1497427000.0,761384000.0,,,,0.210573773752536,134402972.72353572,9024366000.0,0.0148933423936413,0.079513725877789,0.0103267677041888,6.699769003764457,0.4061320718260963,0.1196216321417354,0.0836565910497719,0.0170115129792549,,,49.01608685942811,49.01608685942811,False,62.8556936658736,62.8556936658736,59.39579196426222,386.0,True,False,True,True,True,False,True,True,False,False,True,True,True,True,False,False,False,10,False,0.0274426618411343,0.0401087049625399,1.0,3973427.923742676,0.7757182576459685,1.0,3.0,,,,,,0.0608351041420892,0.0298296897154009,0.1968247492724396,-0.1188882668839212,0.7288793103448276,-0.1188882668839212,0.7064984787018256,-386.0,0.6120689655172413,0.2327586206896551,0.8017241379310345,0.6405172413793103,0.5362068965517242,寒舍
9.619999885559082,9.800000190734863,9.5,9.75,11801447.0,-0.0061162504638346,9.595999908447263,0.085746157796787,9.545000028610229,0.2728459783578176,8.737166619300842,0.2157106538019735,8.274666647116343,0.0191116800732017,64.86486486486487,19474233.4,0.6060031610795011,0.0214772101388478,2867.TW,2026-08-14,0.0688713094842561,0.1100678478842778,neutral,0.1612604263206672,0.0815569972196478,2026-03-31,2026-05-15,,,-260328000.0,-260476000.0,-99972000.0,,,,,1583200325000.0,1505084533000.0,78115792000.0,70736282000.0,,,,0.3838050338610851,-160412803.14501145,1583200325000.0,-0.0001013218609243,,,19.267352918856663,,,,,,,0.0,0.0,False,75.61873549716515,75.61873549716515,56.71405162287386,1078.0,True,True,True,True,True,True,True,True,True,True,True,True,False,True,False,False,False,13,False,0.1159224065227002,0.17829520097922,1.0,189873775.65,0.2743280815569972,0.0,3.0,,,,,,0.0151017800329982,-0.0145227112200142,0.2098021500328428,-0.5982630795294025,0.5543103448275861,-0.5982630795294025,0.5831633736885748,-1078.0,0.0086206896551724,0.1293103448275862,0.5862068965517241,0.0952586206896551,0.1603448275862068,三商壽
100.0,102.5,100.0,101.5,19159049.0,0.0211267448881713,100.25999908447264,0.0763520330353584,98.2,0.2897078009641152,97.4249423980713,0.2880710161055737,86.02747116088867,0.0104439961797368,55.85937360301647,20793523.05,0.9213950398847875,0.0336048879837067,2882.TW,2026-08-14,0.0688713094842561,0.1100678478842778,neutral,0.1835032437442076,0.0750695088044485,2026-03-31,2026-05-15,72538053000.0,,,38391738000.0,6735806000.0,31593811000.0,,,,14450034484000.0,13633007653000.0,817026831000.0,293505959000.0,,,,0.1754493636104726,,14450034484000.0,,0.0386692453677815,0.0021864176888285,16.686119887046893,,,0.4355480977687669,-0.3173702053156907,,,13.906153918122188,13.906153918122188,False,74.70676519177864,74.70676519177864,59.50661237336453,983.0,True,False,True,True,True,True,True,True,True,True,True,True,True,True,False,False,False,13,False,0.0418276624201461,0.1798556743598169,1.0,2110542589.575,0.072289156626506,2.0,3.0,,,,,,-0.0223552901725633,-0.1409774080223056,0.3640310229303228,-1.1760157977258592,0.4504310344827587,-1.1760157977258592,0.4558464426901326,-983.0,0.0775862068965517,0.2413793103448276,0.4224137931034483,0.1293103448275862,0.1956896551724138,國泰金
31.25,31.75,30.950000762939453,31.64999961853028,58388616.0,0.025931903635926,31.289999771118165,0.0549999872843425,30.545000076293952,0.478971971154827,28.59365091323853,0.6441558243392351,24.720158735911056,0.0106708590533516,56.46257691350528,46148288.25,1.2652390416669463,0.0361761184965232,2883.TW,2026-08-14,0.0688713094842561,0.1100678478842778,neutral,0.2363299351251158,0.0379981464318813,2026-03-31,2026-05-15,23565513000.0,,,13099615000.0,1407592000.0,11689699000.0,,,,4235032868000.0,3864021319000.0,371011549000.0,75116245000.0,,,,0.1074529289601259,,4235032868000.0,,0.0315076418281523,0.0027602380818169,10.414827596108069,,,0.4960511150340754,-0.1317078255463794,,,12.146336472811727,12.146336472811727,False,77.14356896683462,77.14356896683462,60.8942608433289,1011.0,True,True,True,True,True,True,True,True,False,True,True,True,True,True,False,False,False,13,False,0.1068890682958114,0.2803315689292973,1.0,1460593305.508325,0.0926784059314179,1.0,3.0,,,,,,-0.0186301826044102,-0.1322035458214884,0.3138952257495692,-1.115555961007228,0.4375,-1.115555961007228,0.4019974247763621,-1011.0,0.043103448275862,0.3017241379310345,0.3275862068965517,0.0857758620689655,0.1775862068965517,凱基金
37.45000076293945,38.20000076293945,36.95000076293945,37.650001525878906,54879526.0,-0.0131061593709459,37.28000030517578,0.0726496627524899,37.15000038146973,0.1933439757948687,34.74868663152059,0.1024890144542949,33.685176626841226,0.0175991264737777,60.5041935992635,41776715.65,1.3136390725344156,0.0134589808687748,2884.TW,2026-08-14,0.0688713094842561,0.1100678478842778,neutral,0.1890639481000926,0.1278962001853568,2026-03-31,2026-05-15,25169421000.0,,,12706707000.0,2639201000.0,10056957000.0,,,,4679436007000.0,4394289185000.0,285146822000.0,45485669000.0,,,,0.2077014131198586,,4679436007000.0,,0.0352693988642805,0.0021491814365995,15.410619533399537,,,0.3995704549580223,0.174006725249566,,,29.938092003685178,29.938092003685178,False,79.31502122839633,79.31502122839633,66.97078892221855,685.0,True,True,True,True,True,True,True,True,True,True,True,True,True,True,False,False,False,14,False,0.0834942317424602,0.1177023633558271,1.0,1572893407.9687092,0.0871177015755329,1.0,3.0,,,,,,-0.0841736337523568,-0.1881655401956547,0.1574562586926872,-1.427783003694818,0.1659482758620689,-1.427783003694818,0.1630829365388084,-685.0,0.3103448275862069,0.5431034482758621,0.1034482758620689,0.2793103448275862,0.3387931034482758,玉山金
70.5,70.5,69.0999984741211,69.69999694824219,22887709.0,0.0295420988206105,68.91999816894531,0.1038977335745887,65.96499900817871,0.2742229611716127,64.87493356068929,0.5575418312456355,56.96121673583984,0.0157442565525264,66.89189711655192,29635910.45,0.7722964691304094,0.0566209049681087,2885.TW,2026-08-14,0.0688713094842561,0.1100678478842778,neutral,0.134383688600556,0.0797034291010194,2026-03-31,2026-05-15,39984934000.0,,,18723853000.0,3129395000.0,14409154000.0,,,,4640879682000.0,4254342700000.0,386536982000.0,77947312000.0,,,,0.167134136334012,,4640879682000.0,,0.0372775560192064,0.0031048324859373,11.00630184979299,,,0.360364581319554,0.2805185364050884,,,38.0190051862678,38.0190051862678,False,77.14776001007587,77.14776001007587,67.36557130412385,559.0,True,True,True,True,True,True,True,True,True,True,True,True,False,True,False,False,False,13,False,0.074374849001412,0.2236395383104086,1.0,2065622867.9233787,0.0732159406858202,1.0,3.0,,,,,,-0.1213118629954839,-0.1996521743060513,0.1581558988468557,-1.5488435495116422,0.1293103448275862,-1.5488435495116422,0.1570878156962325,-559.0,0.4224137931034483,0.603448275862069,0.0948275862068965,0.3732758620689655,0.4112068965517241,元大金
36.79999923706055,37.79999923706055,36.54999923706055,37.75,100568902.0,0.0739686589261416,36.21000061035157,0.1042325991299537,34.980099296569826,0.5828091990023567,32.10036856333415,0.5729166666666667,28.156017589569096,0.0128365480799966,61.76468985423064,61482850.85,1.63572281716992,0.0791850440430794,2887.TW,2026-08-14,0.0688713094842561,0.1100678478842778,neutral,0.1334569045412419,0.0203892493049119,2026-03-31,2026-05-15,47867456000.0,,,25588754000.0,4532177000.0,21040510000.0,,,,9064708955000.0,8465511408000.0,599197547000.0,97795796000.0,,,,0.1771159705548773,,9064708955000.0,,0.035114479532407,0.0023211456765409,14.12808088147931,,,0.439557723727787,0.933005034802805,,,37.907562917661295,37.907562917661295,False,90.93796976472431,90.93796976472431,77.68036805295856,560.0,True,True,True,True,True,True,True,True,True,True,True,True,True,True,False,False,False,14,False,0.1759989585639525,0.3407435863367682,1.0,2320977619.5875,0.0658016682113067,1.0,3.0,,,,,,-0.1524333856113276,-0.2520092585256145,0.1607982268729317,-1.7621187238364402,0.0737068965517241,-1.7621187238364402,0.0846804312836868,-560.0,0.4137931034482758,0.8793103448275862,0.0344827586206896,0.3568965517241379,0.4775862068965517,台新新光金
40.09999847412109,40.95000076293945,39.59999847412109,40.54999923706055,35405074.0,0.041078265539945,39.65999984741211,0.0635625869152236,39.143283462524415,0.365319804559064,37.08608229955038,0.3038584803754987,34.36637446085612,0.0103253301261841,56.93431754455826,35272400.1,1.0037614083426094,0.0359376028299442,2890.TW,2026-08-14,0.0688713094842561,0.1100678478842778,neutral,0.2122335495829471,0.0565338276181649,2026-03-31,2026-05-15,26199317000.0,,,13172491000.0,2157069000.0,10973530000.0,,,,3820349236000.0,3552231164000.0,268118072000.0,41779009000.0,,,,0.163755587306911,,3820349236000.0,,0.0409279759403909,0.0028723892299148,13.24875692825361,,,0.4188479417230609,0.4040584778805451,,,40.18365017296791,40.18365017296791,False,75.72836817691709,75.72836817691709,66.84218867592979,506.0,True,True,True,True,True,True,True,True,False,True,True,True,True,True,False,False,False,13,False,0.0934020722256814,0.1799324157178021,1.0,1430295797.1442945,0.0954587581093605,1.0,3.0,,,,,,-0.1075240411681879,-0.2139379364374748,0.1646973506333705,-1.571399585914262,0.1331896551724138,-1.571399585914262,0.1368849521773612,-506.0,0.5,0.5344827586206896,0.0775862068965517,0.4366379310344827,0.4258620689655172,永豐金
66.9000015258789,67.19999694824219,65.19999694824219,65.80000305175781,25268769.0,0.0030488503397696,66.44000091552735,0.059581395628836,64.4350004196167,0.1443478791610053,65.74074122111003,0.260536438506606,59.580370616912845,0.0094783065030717,64.2857254072772,35605661.75,0.7096840153518562,0.0211841797664604,2891.TW,2026-08-14,0.0688713094842561,0.1100678478842778,neutral,0.2205746061167748,0.1658943466172381,2026-03-31,2026-05-15,59859484000.0,,,28299359000.0,4691107000.0,23103564000.0,,,,9627795130000.0,9033405624000.0,594389506000.0,137297531000.0,,,,0.165767252890781,,9627795130000.0,,0.0388694009008967,0.0023996734130756,15.197787869424465,,,0.3859633003184591,-0.0259120213272754,,,18.776914292805223,18.776914292805223,False,62.34994545685173,62.34994545685173,51.4566876658401,882.0,True,False,True,True,True,False,True,True,False,True,True,True,False,True,False,False,False,10,False,0.0009014475581963,0.104390630176433,1.0,2342852651.8098564,0.0648748841519925,1.0,3.0,,,,,,-0.0681950519493419,-0.1829745637678902,0.2064934110876259,-1.086194357334919,0.2676724137931034,-1.086194357334919,0.2636907387465713,-882.0,0.146551724137931,0.043103448275862,0.1637931034482758,0.1491379310344827,0.1189655172413793,中信金
16.25,17.100000381469727,16.25,17.100000381469727,2932299.0,0.0426829743427874,16.520000076293947,0.1250000392135826,16.330000114440917,0.2808988683779463,15.243333339691162,0.0961538438025779,14.855833339691165,0.0176039868251208,64.17912232316309,1347111.1,2.176731377241268,0.0471524961195735,2905.TW,2026-08-14,0.0688713094842561,0.1100678478842778,neutral,0.1112140871177015,0.0769230769230769,2026-03-31,2026-05-15,29552820000.0,,,,-68929000.0,32878000.0,0.03,133124099000.0,1468399841000.0,1617410517000.0,62246052000.0,86764624000.0,72610211000.0,2757000000.0,7269508000.0,,,,149010676000.0,,0.0003789332389661,2.032755423217024e-05,0.717412801788895,,,0.0011125165043471,-0.4161502905041906,,,21.27042291580655,21.27042291580655,False,80.33142219283137,80.33142219283137,65.56617237357516,839.0,True,True,True,True,True,True,True,True,True,True,True,True,True,True,False,False,False,14,False,0.1218019051609995,0.151063019519928,1.0,23035600.323882103,0.5375347544022243,0.0,3.0,,,,,,0.0174192395609007,-0.0186343218692776,0.2030382295404179,-1.7439170114986031,0.4172413793103448,-1.7439170114986031,0.4172614729113313,-839.0,0.1637931034482758,0.4741379310344827,0.3793103448275862,0.1961206896551724,0.3,三商
70.5,70.9000015258789,65.80000305175781,66.80000305175781,1340346.0,0.068800048828125,69.0,0.1133333841959636,60.79289894104004,0.1041322818472365,63.42929954528809,0.3604889028044631,58.17673304875692,0.0251252499123707,63.94861004333014,1051656.65,1.2745091280504908,0.0988125951444389,3003.TW,2026-08-14,0.0688713094842561,0.1100678478842778,neutral,0.1223354958294717,0.227062094531974,2026-03-31,2026-05-15,1263159000.0,291390000.0,111988000.0,120680000.0,40410000.0,73811000.0,0.47,6542183000.0,1409389000.0,8333214000.0,1821129000.0,6512085000.0,2249606000.0,451528000.0,158298000.0,,0.3348525024859131,74488537.95160756,6923825000.0,0.0107582929885731,0.0113344650753176,0.0088574468386387,0.2796537514482689,0.2306835481518953,0.0886570890917137,0.0584336572038832,0.2552234771772852,,,47.83935568476647,47.83935568476647,False,72.89910837612923,72.89910837612923,66.63417020328855,397.0,True,False,True,True,True,False,True,True,True,False,True,True,True,True,False,False,False,11,False,0.0531411119251452,0.1482254081846412,1.0,70250667.4294014,0.3734939759036144,1.0,3.0,,,,,,0.0268536309128053,-0.0263513664646716,0.2101961701205679,-1.5643680007430216,0.4879310344827586,-1.5643680007430216,0.4918912702428455,-397.0,0.5775862068965517,0.5172413793103449,0.4655172413793103,0.5607758620689656,0.5370689655172414,健和興
114.5,117.5,114.0,116.5,4158826.0,0.0130434782608694,114.9,0.059090909090909,113.45,0.1421568627450979,108.26166661580405,0.113841408244325,107.44104715983072,0.0026513477684489,61.11111111111111,3758262.75,1.106582023835348,0.0268840899074482,3005.TW,2026-08-14,0.0688713094842561,0.1100678478842778,neutral,0.2224281742354031,0.1686746987951807,2026-03-31,2026-05-15,9308269000.0,2890739000.0,1257624000.0,1391228000.0,215931000.0,1087413000.0,1.74,34157049000.0,19619666000.0,51413542000.0,24716257000.0,26697285000.0,14015961000.0,1317501000.0,1977017000.0,,0.1552089233396682,1062429532.993873,31793876000.0,0.0334161689815319,0.0407312204218518,0.0211503226134468,0.9257966493596632,0.3105560228222884,0.1351082569702272,0.1168222577151562,-0.0255358141879895,,,60.64311592085046,60.64311592085046,False,77.11535487051685,77.11535487051685,72.99729513310025,256.0,True,True,True,True,True,True,True,True,False,True,True,True,True,True,True,False,False,13,False,0.0760964951096858,0.0843155672774953,1.0,437837610.375,0.1816496756255792,2.0,3.0,,,,,,0.0312775317891151,-0.0137718997609868,0.2844757969276791,-0.9598247189431192,0.6892241379310344,-0.9598247189431192,0.6573596757835504,-256.0,0.7155172413793104,0.7758620689655172,0.7327586206896551,0.7181034482758621,0.7370689655172414,神基
4700.0,4920.0,4590.0,4610.0,1831828.0,0.0609139365976361,4497.851171875,0.1496259351620947,4185.051623535156,0.3323699421965318,4183.600541178385,1.0569367431733228,3346.8984334309894,0.019106561724595,62.05642300909281,2066899.1,0.8862687104561611,0.1015395781679475,3008.TW,2026-08-14,0.0688713094842561,0.1100678478842778,neutral,0.0843373493975903,0.0630213160333642,2026-03-31,2026-05-15,15544079000.0,7679569000.0,5812218000.0,7287959000.0,1112047000.0,6123204000.0,46.63,159095122000.0,39536493000.0,226385533000.0,39762818000.0,186622715000.0,119023098000.0,146000.0,,,0.1525868902390916,4925349729.988327,186849040000.0,0.026360048357692,0.0328106040039123,0.0270476824152893,0.213065263786351,0.4940510788706104,0.3739184547376528,0.3939251724080918,0.0661796222311039,,,76.94531754874203,76.94531754874203,False,88.18217478779735,88.18217478779735,85.37296047803352,100.0,True,True,True,True,True,True,True,True,True,True,True,True,True,True,True,False,False,14,False,0.1019216473046711,0.3773946511051349,1.0,9528404851.0,0.0213160333642261,3.0,2.0,,,,,,-0.0540824590505361,-0.1259716296345288,0.242485448603162,-1.484960014549788,0.3021551724137931,-1.484960014549788,0.29759609941653,-100.0,0.8879310344827587,0.9741379310344828,0.1896551724137931,0.7831896551724139,0.7741379310344827,大立光
13.75,14.300000190734863,13.699999809265137,13.699999809265137,138953.0,-0.0385965046129728,13.349999809265135,0.1759656873699955,13.869999980926512,0.4668093774569366,12.19700002670288,0.0418251107748957,11.83458333015442,0.0289317478710087,46.96969492631757,148949.55,0.93288633634677,-0.0122566814632411,3018.TW,2026-08-14,0.0688713094842561,0.1100678478842778,neutral,0.0630213160333642,0.0398517145505097,2026-03-31,2026-05-15,81164000.0,-2098000.0,-46204000.0,-50483000.0,209000.0,-50692000.0,-0.67,945217000.0,679342000.0,1197882000.0,686677000.0,511205000.0,41701000.0,76378000.0,0.0,0.0,0.0,-46204000.0,518540000.0,-0.0891040228333397,-0.0991617844113418,-0.042318024646835,1.3432517287585215,-0.0258488985264402,-0.5692671627815288,-0.6245626139667833,-0.5865792596893894,,,8.765863869002532,8.765863869002532,False,72.11306765523634,72.11306765523634,56.27626670867789,1050.0,True,False,True,True,False,True,True,False,True,True,True,True,True,True,False,False,False,11,False,0.1232270049415216,0.1576241788215433,1.0,2040608.806590128,0.8507877664504171,0.0,3.0,,,,,,0.0017690504035324,-0.0538690652448149,0.2618146539050918,-0.6670752399731873,0.531896551724138,-0.6670752399731873,0.6757373639040719,-1050.0,0.0172413793103448,0.1120689655172413,0.7586206896551724,0.1284482758620689,0.1939655172413793,隆銘綠能
98.0999984741211,99.1999969482422,93.5999984741211,94.1999969482422,4034629.0,-0.0854369228325999,103.75999908447264,0.1849056219904679,94.0849994659424,0.347639411901397,86.26333351135254,0.5518944936448216,75.83833338419596,0.0517578575258102,52.12947200168029,4286278.8,0.9412894466874157,0.0012222722320516,3022.TW,2026-08-14,0.0688713094842561,0.1100678478842778,neutral,0.0593141797961075,0.0611677479147358,2026-03-31,2026-05-15,1592354000.0,448280000.0,36432000.0,189589000.0,22663000.0,168988000.0,0.96,10450596000.0,3234728000.0,16026933000.0,4335529000.0,11691404000.0,3432970000.0,92494000.0,,,0.1195375259113134,32077008.85599903,12792205000.0,0.0025075433716078,0.0144540381976364,0.0105440011510624,0.3708304836613293,0.281520315206292,0.0228793346203168,0.1061246431383976,-0.1038362140769989,,,30.04604328275842,30.04604328275842,False,71.93709470723077,71.93709470723077,61.46433185111269,681.0,True,False,True,True,True,True,True,True,True,True,True,True,True,True,False,False,False,13,False,0.0920050630299971,0.2421158633725018,1.0,403767449.87931526,0.190917516218721,1.0,3.0,,,,,,0.0248707122275245,-0.0520827332637502,0.2743263945400245,-1.4004429490096115,0.5659482758620689,-1.4004429490096115,0.5420584348673374,-681.0,0.3189655172413793,0.3448275862068966,0.5086206896551724,0.3474137931034483,0.3646551724137931,威強電
112.5,114.0,111.0,111.5,1973233.0,0.0182648401826484,109.7,0.0878048780487805,106.19000015258788,0.1602497582768016,103.46000010172526,0.0258869505562677,102.53265539805096,0.016756032147101,61.75548814262712,1468432.85,1.3437679496205768,0.0500047070325078,3029.TW,2026-08-14,0.0688713094842561,0.1100678478842778,neutral,0.1594068582020389,0.1519925857275255,2026-03-31,2026-05-15,6876938000.0,811379000.0,385472000.0,424218000.0,78018000.0,295873000.0,1.77,12286821000.0,7803745000.0,15126326000.0,8760650000.0,6365676000.0,2911146000.0,3716000.0,,,0.1839101593991768,314579783.0360805,7322581000.0,0.0429602326059732,0.0464794312497211,0.0195601364138258,1.3762324692617092,0.1179855045952137,0.0560528537555522,0.0430239446683974,0.0168646985516829,,,48.26050505492552,48.26050505492552,False,82.61034017404546,82.61034017404546,74.02288139426548,395.0,True,True,True,True,True,True,True,True,True,True,True,True,True,True,False,False,False,14,False,0.0777111916718495,0.0874584254853845,1.0,163730262.775,0.2873030583873957,2.0,3.0,,,,,,0.0319789245701112,-0.0221541464675729,0.2431483239732878,-0.6539833084862507,0.6491379310344827,-0.6539833084862507,0.6281697583310166,-395.0,0.5862068965517241,0.8103448275862069,0.6637931034482759,0.5978448275862068,0.6689655172413793,零壹
538.0,538.0,507.0,512.0,3720708.0,-0.055350553505535,533.8,0.1118349619978285,515.875,0.0567595459236325,505.527924601237,0.3653333333333333,457.7472956339518,0.032989587505006,48.064516129032256,4233960.3,0.8787772525878431,-0.007511509571117,3034.TW,2026-08-14,0.0688713094842561,0.1100678478842778,neutral,0.1232622798887859,0.3113994439295644,2026-03-31,2026-05-15,23145303000.0,9039901000.0,4027546000.0,4389348000.0,622236000.0,3767112000.0,6.19,79261926000.0,21790635000.0,103666583000.0,31738768000.0,71927815000.0,48919537000.0,,,,0.1417604619182621,3456599218.642951,81875948000.0,0.0422175169030464,0.0523735080788982,0.036338730292673,0.4412586146263444,0.390571728527382,0.1740113750077067,0.1627592432036858,-0.1465659805926223,,,75.54535048945058,75.54535048945058,False,63.51714550509732,63.51714550509732,66.52419675118563,116.0,True,False,True,True,False,True,True,False,True,False,True,True,True,True,True,False,False,10,False,0.0128026071039859,0.1185210811369437,1.0,2167787673.6,0.0704355885078776,3.0,3.0,,,,,,0.0621898711507889,0.0112373164247701,0.3241647687494604,-0.4418926137642363,0.8547413793103449,-0.4418926137642363,0.8500152307872954,-116.0,0.8706896551724138,0.5086206896551724,0.9051724137931034,0.8758620689655172,0.7689655172413793,聯詠
61.79999923706055,61.79999923706055,59.400001525878906,59.79999923706055,559627.0,0.0546736936932694,60.49999923706055,0.1412213262537214,55.520000267028806,0.1477927253062045,55.18517888387044,0.2279260431258176,51.81425606409709,0.0312035608526502,64.40677783457917,570517.65,0.9809109323786916,0.0770893182537224,3046.TW,2026-08-14,0.0688713094842561,0.1100678478842778,neutral,0.0917516218721038,0.1612604263206672,2026-03-31,2026-05-15,1818011000.0,164863000.0,94671000.0,110981000.0,17198000.0,94001000.0,1.2,3347000000.0,2193135000.0,3800793000.0,2266693000.0,1534100000.0,1823720000.0,113083000.0,,,0.1549634622142529,80000454.06871447,1607658000.0,0.0497621098944641,0.0612743628185907,0.0247319440969292,1.4775392738413402,0.0906831696837918,0.0520739423468834,0.0517054077230555,0.0112825744495272,,,51.57995742194333,51.57995742194333,False,80.8547418352091,80.8547418352091,73.53604573189266,345.0,True,True,True,True,True,True,True,True,True,True,True,True,True,True,False,False,False,14,False,0.0836242709822749,0.1541225095094418,1.0,34116955.03472958,0.4865616311399444,1.0,3.0,,,,,,0.071672295252075,0.0223732758486233,0.3228499663528203,-0.0780777012252884,0.8931034482758621,-0.0780777012252884,0.8741721261810145,-345.0,0.6379310344827587,0.7931034482758621,0.913793103448276,0.6793103448275862,0.7396551724137932,建碁
198.0,206.0,193.0,193.5,94627598.0,0.0544959128065394,193.6,0.3920863309352518,178.85,0.3821428571428571,163.63274993896485,0.4714828897338403,148.96637496948242,0.0754660252555621,59.76331360946746,105344349.75,0.898269325545863,0.0819122169415711,3231.TW,2026-08-14,0.0688713094842561,0.1100678478842778,neutral,0.0129749768303985,0.0528266913809082,2026-03-31,2026-05-15,846303026000.0,44093947000.0,29137265000.0,23507511000.0,5486748000.0,9630739000.0,3.06,1303491429000.0,1086171892000.0,1469121920000.0,1193994744000.0,275127176000.0,100033488000.0,354877446000.0,39108580000.0,51333618000.0,0.2334040383943668,22336509681.23316,382950028000.0,0.0583274789086401,0.0350046808898296,0.0065554389114281,4.339792096728387,0.0521018425378996,0.0344288796150422,0.0113797761606963,1.4425382266616515,,,39.08905119727999,39.08905119727999,False,88.74200549954901,88.74200549954901,76.32876692398176,531.0,True,True,True,True,True,True,True,True,True,True,True,True,True,True,False,False,False,14,False,0.1825261145594365,0.2989508541081223,1.0,20384131676.625,0.0083410565338276,2.0,3.0,,,,,,0.1103941803807883,-0.0017590732229165,0.3264791336702247,-0.3589749774157649,0.8788793103448277,-0.3589749774157649,0.887146829810901,-531.0,0.4568965517241379,0.8448275862068966,0.9224137931034484,0.5267241379310345,0.6663793103448276,緯創
57.0,57.70000076293945,54.79999923706055,55.09999847412109,7006316.0,0.1479166348775227,52.8,0.1407867359103995,47.7825002670288,0.1760939224908859,54.54666659037272,0.4673768200703263,46.84333333969116,0.0004187361507321,62.27045257992079,1567365.7,4.470122065322726,0.1531418022539425,3312.TW,2026-08-14,0.0688713094842561,0.1100678478842778,neutral,0.0926784059314179,0.1427247451343836,2026-03-31,2026-05-15,5660657000.0,301744000.0,160684000.0,226668000.0,39318000.0,187350000.0,1.03,10336444000.0,7108420000.0,12207790000.0,8087399000.0,4120391000.0,2758471000.0,2819263000.0,,972693000.0,0.1734607443485626,132811633.75509556,5099370000.0,0.0260447141029373,0.0454689858316844,0.0153467580946264,1.9627746492990592,0.0533054731986057,0.0283861042984939,0.0330968649045508,-0.0081485333691245,,,34.16306358317863,34.16306358317863,False,77.2399152160081,77.2399152160081,66.47070230780074,611.0,True,True,True,True,True,False,True,True,True,True,False,True,False,False,False,False,False,10,False,0.0101441924564098,0.1762612637865783,1.0,86361847.67838973,0.355885078776645,1.0,3.0,,,,,,0.0810215134108354,0.0178183605020009,0.3639106376095891,-0.8822735576885545,0.890948275862069,-0.8822735576885545,0.8940587778283273,-611.0,0.3879310344827586,0.5,0.9482758620689656,0.4719827586206896,0.5336206896551724,弘憶股
623.0,642.0,608.0,615.0,4498184.0,0.1263736263736263,581.2,0.1849710982658958,525.775,0.0931053658297391,603.9581410725912,0.4685023918166249,535.2775555928548,0.0076661396195678,67.31448763250884,2197148.75,2.047282415448658,0.1697018686700584,3406.TW,2026-08-14,0.0688713094842561,0.1100678478842778,neutral,0.0583873957367933,0.2409638554216867,2026-03-31,2026-05-15,6140741000.0,2060873000.0,1200606000.0,1239328000.0,347909000.0,890873000.0,7.9,22697154000.0,9791281000.0,44791309000.0,18698861000.0,26092448000.0,12605348000.0,216960000.0,2871110000.0,,0.2807239084407033,863567191.1826409,35000028000.0,0.0246733285808411,0.0341429443492615,0.019889416493722,0.7166388144186394,0.3356065660479737,0.1955148409613758,0.1450758141403456,0.1539913322030344,,,69.07874706062229,69.07874706062229,False,71.48083091082762,71.48083091082762,70.88030994827629,173.0,True,False,True,True,True,False,True,True,True,False,False,True,True,False,True,False,False,9,False,0.0182824904186227,0.1489366471173023,1.0,1351246481.25,0.098239110287303,3.0,3.0,,,,,,0.0231766752994101,-0.0621329834793454,0.3063852180838822,-1.2229925046568253,0.5801724137931035,-1.2229925046568253,0.7354412183543821,-173.0,0.8017241379310345,0.7068965517241379,0.8448275862068966,0.8081896551724137,0.7818965517241379,玉晶光
191.0,192.0,182.0,184.0,597409.0,-0.0366492146596858,188.3,0.1358024691358024,178.225,0.0605187319884725,177.67136001586914,0.2912280701754386,166.04818000793458,0.0191565403859899,58.33333333333334,695161.55,0.8593815351266191,0.0324028615514098,3416.TW,2026-08-14,0.0688713094842561,0.1100678478842778,neutral,0.1000926784059314,0.303985171455051,2026-03-31,2026-05-15,946676000.0,345733000.0,142827000.0,161912000.0,16386000.0,144945000.0,1.8,2786217000.0,1757760000.0,5068550000.0,1824098000.0,3244452000.0,394852000.0,,12996000.0,,0.101203122683927,128372461.59642276,3310790000.0,0.0387739668165068,0.044674724730093,0.0285969360073393,0.5622206770203412,0.3652073148574591,0.1508721040778471,0.1531094059636031,0.1820639382069682,,,79.62654194597235,79.62654194597235,False,74.13486586110032,74.13486586110032,75.50778488231833,88.0,True,False,True,True,True,True,True,True,True,False,True,True,True,True,True,False,False,12,False,0.0356199219928614,0.1081121153583712,1.0,127909725.2,0.3104726598702502,2.0,2.0,,,,,,-0.0088379682552336,-0.0939001959925366,0.2384148460189176,-1.3868534836991755,0.375,-1.3868534836991755,0.3942909219338121,-88.0,0.9051724137931034,0.8362068965517241,0.3189655172413793,0.8172413793103448,0.7672413793103448,融程電
37.45000076293945,38.20000076293945,36.5,37.5,1310840.0,0.1061946404743636,37.34000015258789,0.2931034482758621,32.64500007629395,0.2396694214876034,34.314605458577475,0.3043478260869565,31.339386049906413,0.0542614313776523,71.78572455231445,1428487.2,0.9176421041784624,0.1487210878345699,3652.TW,2026-08-14,0.0688713094842561,0.1100678478842778,neutral,0.0278035217794253,0.0945319740500463,2026-03-31,2026-05-15,620782000.0,216758000.0,32315000.0,36403000.0,6166000.0,30132000.0,0.4,2208650000.0,758801000.0,2721709000.0,839191000.0,1882518000.0,544591000.0,,,,0.1693816443699695,26841432.16218444,1962908000.0,0.0136743200201866,0.0160062214544562,0.0110709851787975,0.4457811293172229,0.3491692735936287,0.0520553108820809,0.0485387785083974,0.1012201049453453,,,46.42890186010385,46.42890186010385,False,71.80259499536608,71.80259499536608,65.45917171155052,410.0,True,False,True,True,True,False,True,True,True,True,False,True,True,True,False,False,False,11,False,0.0928291174808273,0.1965773656281306,1.0,53568270.0,0.4087117701575533,1.0,3.0,,,,,,0.0348347030190794,-0.0200556516777525,0.2650865427274824,-1.445578497666314,0.6237068965517241,-1.445578497666314,0.6852573010312847,-410.0,0.5689655172413793,0.4655172413793103,0.7844827586206896,0.6012931034482758,0.5810344827586207,精聯
92.3000030517578,94.0,91.9000015258789,92.6999969482422,20039684.0,0.0109051257718626,91.93999938964843,0.0498300537306357,90.37000007629396,0.1101796041705653,89.22666702270507,0.1823978972454871,85.27666702270508,0.0056195352944436,52.96442473200641,13117302.25,1.5277290724927834,0.0257828579172421,3706.TW,2026-08-14,0.0688713094842561,0.1100678478842778,neutral,0.2520852641334569,0.2177942539388322,2026-03-31,2026-05-15,31863922000.0,2934046000.0,1186173000.0,1645175000.0,108264000.0,1460985000.0,1.1,82662619000.0,48216898000.0,135913012000.0,68280278000.0,67632734000.0,9782105000.0,1879510000.0,7968750000.0,,0.0658069810202562,1108114535.9022596,87696114000.0,0.0126358453682709,0.0216017439129401,0.0107494122784947,1.009574417027116,0.0920805040886052,0.0372262083744744,0.0458507587358517,0.3464486758783238,,,39.67324991044731,39.67324991044731,False,69.61048252696486,69.61048252696486,62.12617437283547,515.0,True,False,True,True,True,True,True,True,False,True,True,True,True,True,False,False,False,12,False,0.0389270387590885,0.0870499538116404,1.0,1215973878.5441706,0.1047265987025023,1.0,3.0,,,,,,0.029045040429149,-0.0288591978765878,0.1937401160557486,-1.7277977626797485,0.4267241379310345,-1.7277977626797485,0.4124200457100325,-515.0,0.4741379310344827,0.3706896551724138,0.3620689655172414,0.4573275862068965,0.4206896551724138,神達
22.350000381469727,22.850000381469727,21.25,22.200000762939453,2559819.0,0.0909091079504007,22.15,0.3413898360325487,19.232499885559083,0.4140128046268148,18.225,-0.1030302722044665,19.60208330949148,0.0783571656912434,69.94536851860884,1045547.2,2.4483055379996235,0.1542961598875947,3712.TW,2026-08-14,0.0688713094842561,0.1100678478842778,neutral,0.0203892493049119,0.0472659870250231,2026-03-31,2026-05-15,5952868000.0,2246677000.0,1881231000.0,1749422000.0,95514000.0,-477314000.0,-1.94,29571984000.0,46915609000.0,61775289000.0,55872481000.0,5902808000.0,6100937000.0,11857517000.0,7405579000.0,0.0,0.0545974613329431,1778520563.2191665,14859680000.0,0.1196876758597201,-0.0808621930443951,-0.0077266170296669,9.465407141821316,0.3774108547342222,0.3160209499017952,-0.0801821911723895,-0.1923537691038415,,,39.89432060139683,39.89432060139683,False,83.26737449121724,83.26737449121724,72.42411101876213,512.0,True,True,True,True,True,True,True,True,True,True,True,True,True,False,False,False,False,13,False,0.2181070377470206,0.1325327217740188,1.0,23211148.637689207,0.5366079703429101,0.0,3.0,,,,,,0.1478288917841285,0.083198467156879,0.3633505216390612,-1.0996997529709258,0.9099137931034484,-1.0996997529709258,0.8258319047307466,-512.0,0.4827586206896552,0.7586206896551724,0.896551724137931,0.5448275862068965,0.6482758620689655,永崴投控
55.09999847412109,55.09999847412109,53.0,53.0,366811.0,0.0271318133193561,53.71999969482422,0.1434736083020984,50.34249992370605,0.2311266187984917,45.59393653869629,0.0192307692307691,47.59530153274535,0.0404567548303637,54.14012475760273,288762.45,1.270286354752843,0.0527884010591723,4119.TW,2026-08-14,0.0688713094842561,0.1100678478842778,neutral,0.0898980537534754,0.1047265987025023,2026-03-31,2026-05-15,375798000.0,82325000.0,33151000.0,28590000.0,8480000.0,20110000.0,0.17,1104577000.0,1053320000.0,6954821000.0,1544198000.0,5410623000.0,51949000.0,390000000.0,300399000.0,,0.2966072053165442,23318174.53655124,5901501000.0,0.0039512277531684,0.0037167623765322,0.0028915194222827,0.2854011451176694,0.2190671584202151,0.0882149452631466,0.0535127914464685,0.0430373141784996,,,33.11973270077256,33.11973270077256,False,78.71422952837425,78.71422952837425,67.31560532147383,628.0,True,True,True,True,True,True,True,True,True,True,True,True,True,True,False,False,False,14,False,0.1624352715194501,0.113555294182478,1.0,15304409.85,0.5857275254865616,1.0,3.0,,,,,,0.0094929374057296,-0.034147055009592,0.1743002246950662,-1.8051046083942328,0.309051724137931,-1.8051046083942328,0.306580718407549,-628.0,0.3793103448275862,0.5775862068965517,0.2155172413793103,0.3547413793103448,0.4060344827586206,旭富
51.0,51.0,48.54999923706055,48.59999847412109,301741.0,0.0395721598742477,49.24999923706055,0.0451612575079802,45.13999996185303,0.0521315656035952,48.23452847798664,0.2834902898013571,43.104944896698,0.0065220966938715,55.31061486936384,332072.5,0.9086600064744896,0.0766503880193185,4555.TW,2026-08-14,0.0688713094842561,0.1100678478842778,neutral,0.2706209453197405,0.3225208526413345,2026-03-31,2026-05-15,405963000.0,122327000.0,8347000.0,7598000.0,2102000.0,2539000.0,0.04,2312473000.0,609744000.0,4541917000.0,1553753000.0,2988164000.0,713323000.0,196290000.0,456098000.0,477337000.0,0.2766517504606475,6037787.838904974,3932173000.0,0.0015354837742146,0.0008496856263578,0.0005590150590598,0.5199691181608506,0.3013254902540379,0.0205609870850299,0.0062542645512029,0.0714902197810898,,,28.47471124333176,28.47471124333176,False,58.88434362527746,58.88434362527746,51.28193552979104,708.0,True,False,True,True,True,False,True,True,False,False,True,True,True,True,False,False,False,10,False,0.0075769372618876,0.1274808166578593,1.0,16138722.993297577,0.5783132530120482,1.0,3.0,,,,,,0.0217926988615771,-0.0311693267100321,0.2134889753162469,-1.4627078334170835,0.4862068965517241,-1.4627078334170835,0.5689339913240159,-708.0,0.2758620689655172,0.0344827586206896,0.5344827586206896,0.3146551724137931,0.2551724137931034,氣立
49.84999847412109,54.400001525878906,49.84999847412109,53.0,274577.0,0.0916581016038935,50.42999954223633,0.0412573361722474,50.537499809265135,0.1228813377819815,48.25741430918376,-0.2182891207314495,52.55204054514567,0.0014366362323771,55.882356241087344,81949.2,3.350575722520781,0.0487261973787513,4557.TW,2026-08-14,0.0688713094842561,0.1100678478842778,neutral,0.283595922150139,0.2029657089898053,2026-03-31,2026-05-15,730462000.0,167992000.0,13627000.0,1451000.0,7135000.0,5153000.0,0.11,2969492000.0,2502190000.0,5521408000.0,2693000000.0,2828408000.0,1164370000.0,1445527000.0,91049000.0,,0.4,8176200.0,3019218000.0,0.0027080522174947,0.0018218729405375,0.0009332764396327,0.9521257187789032,0.2299804781083752,0.018655316772125,0.0070544395190988,-0.3271965802676432,,,17.877552606452653,17.877552606452653,False,69.7922252157437,69.7922252157437,56.81355706342093,895.0,True,False,True,True,True,True,True,True,False,True,True,True,False,True,False,False,False,11,False,0.0982768297619645,0.0085241115322534,1.0,4343307.6,0.7590361445783133,1.0,3.0,,,,,,-0.012568129495664,-0.0783115093595558,0.1911765591907505,-1.4453034389465962,0.2943965517241379,-1.4453034389465962,0.3716503793938731,-895.0,0.1293103448275862,0.1379310344827586,0.3017241379310345,0.1551724137931034,0.1663793103448275,永新-KY
77.0,77.69999694824219,74.19999694824219,75.5999984741211,4045065.0,-0.0091743715548985,73.74000091552735,0.2475247587078022,70.34500064849854,0.2193548140987273,66.52499987284342,0.3144151143419456,64.2716254234314,0.0319055357627993,53.09972377894748,4244742.3,0.952958911074531,0.0747032166774841,4566.TW,2026-08-14,0.0688713094842561,0.1100678478842778,neutral,0.0370713623725671,0.108433734939759,2026-03-31,2026-05-15,1354549000.0,296455000.0,38413000.0,65488000.0,22696000.0,40409000.0,0.37,5180146000.0,3777583000.0,10646601000.0,5592503000.0,5054098000.0,2044806000.0,832690000.0,976708000.0,0.0,0.3465673100415343,25100309.919374544,6869018000.0,0.0036541336650121,0.0079952941157848,0.0037954836477858,1.10652840526638,0.2188588231212012,0.0283585163770376,0.0298320695670662,0.0816066447931047,,,26.559226672275766,26.559226672275766,False,78.62419912172766,78.62419912172766,65.60795600936468,747.0,True,True,True,True,True,True,True,True,True,True,True,True,True,True,False,False,False,14,False,0.1364148608586803,0.1762577650099344,1.0,320902511.40303725,0.2140871177015755,1.0,3.0,,,,,,-0.0072468765878162,-0.0780473576116329,0.2324935316279629,-1.6024706868314504,0.3495689655172413,-1.6024706868314504,0.3304756552117663,-747.0,0.2413793103448276,0.4827586206896552,0.25,0.2426724137931034,0.3155172413793103,時碩工業
141.0,141.5,138.0,139.0,441652.0,0.0651340996168583,135.2,0.0775193798449611,130.75,0.1300813008130081,126.875,0.1075697211155377,125.84583333333332,0.0137623570459391,68.18181818181819,256274.9,1.7233525405726429,0.0630975143403442,4736.TW,2026-08-14,0.0688713094842561,0.1100678478842778,neutral,0.180722891566265,0.1890639481000926,2026-03-31,2026-05-15,1074466000.0,531890000.0,272939000.0,362978000.0,69184000.0,284846000.0,2.99,7743817000.0,2835366000.0,13071771000.0,3115964000.0,9955807000.0,2352593000.0,940000000.0,169444000.0,,0.1906010832612444,220916530.9357592,10236405000.0,0.0215814566672341,0.0286110407724858,0.0217909264169331,0.3129795505276468,0.4950272972806957,0.2540229285989505,0.2651047124804321,0.0999991809891194,,,73.12470502530472,73.12470502530472,False,76.10210492763508,76.10210492763508,75.35775495205249,136.0,True,True,True,True,True,True,True,True,True,True,True,True,True,True,True,False,False,14,False,0.095566502463054,0.1045260404595569,1.0,35622211.1,0.4782205746061168,2.0,3.0,,,,,,0.0266274617998064,-0.0027558706721804,0.2391341424131514,-1.0667832529653234,0.6258620689655172,-1.0667832529653234,0.6224427494864359,-136.0,0.8448275862068966,0.8189655172413793,0.646551724137931,0.8150862068965516,0.7974137931034483,泰博
51.59999847412109,51.70000076293945,50.5,51.5,6427776.0,0.0320640966972978,51.459999084472656,0.1356119455966113,49.672499847412105,0.2174941117937185,46.76833324432373,0.0574948499629457,45.27416661580404,0.0253380074142849,57.377050205509136,10669734.35,0.6024307437419939,0.0367909841099551,4763.TW,2026-08-14,0.0688713094842561,0.1100678478842778,neutral,0.1010194624652456,0.1102873030583874,2026-03-31,2026-05-15,2711414000.0,1506899000.0,1344230000.0,1277102000.0,163292000.0,1114887000.0,1.13,18689835000.0,1425022000.0,23180026000.0,1425022000.0,21755004000.0,10088044000.0,,,,0.1278613611128946,1172354922.5512135,21755004000.0,0.0538889775681591,0.0512473819816351,0.0480968830664814,0.0655031826240988,0.5557613112567834,0.4957671532270616,0.4111828735855166,-0.3473205110583516,,,80.5798896395777,80.5798896395777,False,78.2526491204227,78.2526491204227,78.83445925021145,83.0,True,True,True,True,True,True,True,True,True,True,True,True,False,True,True,False,False,13,False,0.1011724478389564,0.1375140361396003,1.0,549491319.025,0.1594068582020389,1.0,2.0,,,,,,0.0408383326605971,0.0012634970041622,0.2157836126849562,-0.9533529591774932,0.6629310344827586,-0.9533529591774932,0.5873281969869744,-83.0,0.913793103448276,0.913793103448276,0.603448275862069,0.8672413793103448,0.8517241379310345,材料*-KY
95.3000030517578,97.0,93.6999969482422,94.8000030517578,20981477.0,0.0884041872850835,91.9000015258789,0.1532847514757123,86.97000045776367,0.1984829946965578,85.62675921122234,0.3446808943511745,81.85171292622884,0.0275890707928805,63.70370265714781,15909031.85,1.31884059305595,0.0900310745404295,4938.TW,2026-08-14,0.0688713094842561,0.1100678478842778,neutral,0.0815569972196478,0.1232622798887859,2026-03-31,2026-05-15,244105400000.0,10801479000.0,2829288000.0,3464858000.0,605203000.0,1561454000.0,0.58,455223337000.0,347425362000.0,623242706000.0,374551574000.0,248691132000.0,112291906000.0,50872952000.0,7687427000.0,2697039000.0,0.174668918610806,2335099324.60147,275817344000.0,0.0084661076447805,0.0062786878946692,0.0025053706765723,1.5060913953296895,0.0442492423354829,0.0115904359346413,0.0063966385012375,-0.1039816497152077,,,13.24211612714073,13.24211612714073,False,86.62721350986207,86.62721350986207,68.28093916418173,991.0,True,True,True,True,True,True,True,True,True,True,True,True,True,True,False,False,False,14,False,0.1071305737252894,0.1581920483105707,1.0,1508176267.930512,0.0917516218721038,1.0,3.0,,,,,,0.0009390742722477,-0.0830465471327631,0.2128137842630236,-1.676794921693842,0.3133620689655172,-1.676794921693842,0.3009784634164071,-991.0,0.0689655172413793,0.646551724137931,0.1982758620689655,0.0883620689655172,0.2681034482758621,和碩
37.20000076293945,40.20000076293945,37.20000076293945,37.79999923706055,5839715.0,0.0427585996430495,36.71999969482422,0.1437216372057763,35.222500228881835,0.1471926665196359,35.71833333969116,0.2516555722557327,32.640833361943564,0.0096022941258468,61.07953751136552,5169154.9,1.1297233518771124,0.0731776276933688,4976.TW,2026-08-14,0.0688713094842561,0.1100678478842778,neutral,0.0889712696941612,0.1621872103799814,2026-03-31,2026-05-15,255023000.0,-36041000.0,-86075000.0,-69043000.0,-1135000.0,,-0.49,1541919000.0,276027000.0,2513042000.0,337040000.0,2176002000.0,819216000.0,,57046000.0,,0.0164390307489535,-84660010.42828383,2237015000.0,-0.0378450794600321,,,0.1548895635206217,-0.1413245079855542,-0.337518576755822,,0.009124831333072,,,25.456241566653603,25.456241566653603,False,75.3669702104706,75.3669702104706,62.88928804951635,760.0,True,True,True,True,True,False,True,True,True,True,True,True,True,True,False,False,False,13,False,0.0582800400447627,0.1580586444564289,1.0,195394051.2762478,0.2696941612604263,1.0,3.0,,,,,,-0.0369837924781326,-0.0970059844029079,0.1129443633991072,-1.9410021267144184,0.1025862068965517,-1.9410021267144184,0.1533036291721813,-760.0,0.2155172413793103,0.3879310344827586,0.0862068965517241,0.1961206896551724,0.2413793103448276,佳凌
57.70000076293945,59.5,57.0,57.5,287696.0,0.0648148148148148,55.17999954223633,0.0849056603773585,53.96999950408936,0.1036468653364968,53.49166666666667,-0.0252349080091829,54.257249704996745,0.0083138699435885,74.71265879786078,93265.15,3.084710634143622,0.0654067172196875,5283.TW,2026-08-14,0.0688713094842561,0.1100678478842778,neutral,0.1631139944392956,0.2298424467099165,2026-03-31,2026-05-15,1223404000.0,353685000.0,-7455000.0,16910000.0,3240000.0,13670000.0,0.16,4507049000.0,2765436000.0,8209751000.0,3417985000.0,4791766000.0,676596000.0,1172000000.0,328000000.0,,0.1916026020106445,-6026602.602010644,5444315000.0,-0.0011069533269126,0.0028528104252169,0.0016650931313263,0.7133038215972983,0.2890991038119869,-0.006093653445632,0.011173741462346,-0.0336491827829927,,,23.489256314333275,23.489256314333275,False,69.81107876738051,69.81107876738051,58.2306231541187,798.0,True,False,True,True,True,True,True,False,True,False,True,True,False,True,False,False,False,10,False,0.0749337903100171,0.0597662121215962,1.0,5362746.125,0.7312326227988879,1.0,3.0,,,,,,0.0248246134595337,-0.0325548523653593,0.2068453459152109,-1.8311058722102111,0.4073275862068965,-1.8311058722102111,0.3384434742306266,-798.0,0.1896551724137931,0.1896551724137931,0.2586206896551724,0.1999999999999999,0.2034482758620689,禾聯碩
48.79999923706055,49.95000076293945,48.0,48.45000076293945,1429332.0,0.1202312315130509,46.570001220703126,0.1646635225979558,43.76250057220459,0.2082294914351958,41.78266582489014,0.483920321551508,39.81341622670492,0.0288585949622086,66.44068147286072,755044.0,1.8930446437558608,0.1071122565997084,5515.TW,2026-08-14,0.0688713094842561,0.1100678478842778,neutral,0.0741427247451343,0.1139944392956441,2026-03-31,2026-05-15,2015280000.0,391103000.0,268702000.0,476647000.0,82479000.0,394168000.0,1.96,9114211000.0,5142167000.0,11530797000.0,5836747000.0,5694050000.0,2270517000.0,100000000.0,,,0.1730400065457246,222205804.1611507,6388630000.0,0.0347814483169553,0.0692245414072584,0.0341839336864572,1.02506072127923,0.1940688142590607,0.1333323409154063,0.1955896947322456,0.3881614203981094,,,76.63848749386133,76.63848749386133,False,85.36463832408651,85.36463832408651,83.18310061653023,104.0,True,True,True,True,True,True,True,True,True,True,False,True,True,True,True,False,False,13,False,0.1595717938628404,0.2169264874698577,1.0,36581882.37605286,0.4698795180722891,1.0,3.0,,,,,,0.0446869432769831,-0.0209099856097499,0.2517922878274238,-1.4406901105208507,0.6280172413793103,-1.4406901105208507,0.6973445321109709,-104.0,0.8793103448275862,0.9482758620689656,0.7931034482758621,0.8663793103448275,0.8827586206896552,建國
52.20000076293945,52.29999923706055,51.0,51.400001525878906,658287.0,0.0500510873289785,50.95,0.0479103430248939,48.6923921585083,0.0489796229771204,50.42329737345378,0.0489796229771204,49.582898712158205,0.0030900825717487,74.9082083841682,487519.4,1.3502785735295866,0.0556064150341295,5607.TW,2026-08-14,0.0688713094842561,0.1100678478842778,neutral,0.2594995366079703,0.3308619091751621,2026-03-31,2026-05-15,1214027000.0,623213000.0,537027000.0,447750000.0,84390000.0,363360000.0,0.98,1402675000.0,2902177000.0,27156231000.0,15739732000.0,11416499000.0,684986000.0,1050000000.0,8303128000.0,,0.1884757118927973,435810453.86934674,24254054000.0,0.017968561209163,0.031827620709291,0.0133803545860248,1.378682904452582,0.5133436076792361,0.4423517763608223,0.2993014158663687,0.3566927382792288,,,69.90798459707267,69.90798459707267,False,56.49632220463919,56.49632220463919,59.84923780274756,165.0,True,False,True,True,True,False,True,False,False,False,True,True,True,True,True,False,False,9,False,0.0193700968263001,0.0366477729402119,1.0,25058497.90389557,0.5254865616311399,1.0,3.0,,,,,,0.0649426437872781,0.0388809860413873,0.2919506967645056,-0.4764339978431376,0.859051724137931,-0.4764339978431376,0.7247835639569138,-165.0,0.8189655172413793,0.2586206896551724,0.8189655172413793,0.8189655172413792,0.6508620689655172,遠雄港
46.54999923706055,47.400001525878906,46.25,46.900001525878906,781676.0,0.0217864916504673,46.53000106811523,0.128760586932729,42.47250022888184,0.1061320716522478,43.94021504720052,0.0707763091967215,44.72635758717855,0.026627574655837,75.09882781719968,614879.55,1.271266868446023,0.104243952513686,6112.TW,2026-08-14,0.0688713094842561,0.1100678478842778,neutral,0.108433734939759,0.2224281742354031,2026-03-31,2026-05-15,6018223000.0,834764000.0,167785000.0,90440000.0,48570000.0,32807000.0,0.17,11930415000.0,9613507000.0,15361762000.0,10271180000.0,5090582000.0,1349634000.0,3751754000.0,180432000.0,,0.4,100671000.0,5748255000.0,0.017513314910351,0.0064446462113762,0.0021356274104494,2.017682850408853,0.1387060599117048,0.0278794920028719,0.0054512768968514,0.2736882851262932,,,29.171201546523523,29.171201546523523,False,67.13383687577951,67.13383687577951,57.64317804346551,695.0,True,False,True,True,True,False,True,False,True,False,True,True,True,True,False,False,False,10,False,0.0673593990265861,0.0485987246885373,1.0,28837851.833231736,0.5078776645041705,1.0,3.0,,,,,,0.0627953450168349,0.0035019825005165,0.2341396569194529,-1.269343373741349,0.6896551724137931,-1.269343373741349,0.5805636396813023,-695.0,0.2844827586206896,0.1551724137931034,0.5775862068965517,0.3284482758620689,0.3043103448275862,邁達特
64.80000305175781,65.80000305175781,64.30000305175781,65.69999694824219,3522275.0,-0.013513536734218,66.18000030517578,0.1690390757355186,58.07499980926514,0.1192503593581248,65.01666673024495,0.0788176568488847,63.126666673024495,0.0266042093434661,67.05882511336947,5422848.25,0.6495249060307008,0.1312956894364134,6269.TW,2026-08-14,0.0688713094842561,0.1100678478842778,neutral,0.0685820203892493,0.2085264133456904,2026-03-31,2026-05-15,5467013000.0,-75600000.0,-999753000.0,-981765000.0,-164328000.0,-829726000.0,-2.6,17426263000.0,6996989000.0,34912338000.0,12380381000.0,22531957000.0,3093415000.0,100000000.0,730035000.0,2916556000.0,0.1673801775373944,-832414165.3664573,27915349000.0,-0.0298192283165242,-0.036824408993857,-0.0237659821006545,0.549458753183312,-0.0138283922134445,-0.1828700608540715,-0.1517695311864083,0.0572209060440906,,,18.580859061451324,18.580859061451324,False,70.99735115093641,70.99735115093641,57.893228128565134,885.0,True,False,True,True,True,False,True,True,True,True,True,True,False,True,False,False,False,11,False,0.0105100776825792,0.0407645518263573,1.0,356281113.4757805,0.2029657089898053,1.0,3.0,,,,,,-0.0152175152674584,-0.0852925896187423,0.2001080593121489,-2.0118619104781894,0.205603448275862,-2.0118619104781894,0.2870768644304983,-885.0,0.1379310344827586,0.1637931034482758,0.1810344827586207,0.1443965517241379,0.1543103448275862,台郡
84.80000305175781,87.5999984741211,82.0,84.0,1209681.0,0.0606061014736485,81.35999908447266,0.0769230769230768,78.55,0.1260053849617677,75.03359146118164,0.3999999999999999,70.86762901941935,0.026553181437206,59.40959710859845,813688.4,1.486663690916572,0.0693825588796945,6277.TW,2026-08-14,0.0688713094842561,0.1100678478842778,neutral,0.1816496756255792,0.1955514365152919,2026-03-31,2026-05-15,1293181000.0,778857000.0,186537000.0,183859000.0,52118000.0,128893000.0,1.08,3416718000.0,1638244000.0,7019344000.0,2304220000.0,4715124000.0,897714000.0,266856000.0,200000000.0,,0.2834672221648111,133659874.77904265,5381100000.0,0.0248387643379685,0.0273360785421549,0.01836254214069,0.4886870419526612,0.6022799592632431,0.1442466290488338,0.0996712757146911,0.0734456101555489,,,66.12491163281756,66.12491163281756,False,82.73202015885012,82.73202015885012,78.58024302734198,199.0,True,True,True,True,True,True,True,True,True,True,True,True,True,True,True,False,False,14,False,0.1194985920866802,0.185308456939939,1.0,68349825.60000001,0.3772011121408711,1.0,3.0,,,,,,0.0533156095015383,-0.0012069937555355,0.2976007886391075,-1.1845399332069524,0.7418103448275862,-1.1845399332069524,0.726891563991882,-199.0,0.7758620689655172,0.9051724137931034,0.8275862068965517,0.7836206896551724,0.825,宏正
972.0,1035.0,972.0,1015.0,549688.0,0.0,1006.4,0.0897902480648735,973.6694610595704,0.5309200603318249,951.145448811849,0.1240310077519379,864.4227244059244,0.0011136436656683,51.78147268408551,510259.4,1.0772716778955955,0.0424482235433909,6409.TW,2026-08-14,0.0688713094842561,0.1100678478842778,neutral,0.1556997219647822,0.0268767377201112,2026-03-31,2026-05-15,4204594000.0,1097283000.0,761311000.0,497580000.0,106071000.0,391509000.0,4.46,12925624000.0,6848461000.0,17835228000.0,7506620000.0,10328608000.0,7086998000.0,,489300000.0,,0.2131737610032557,599019470.8368503,10986767000.0,0.0545219053827982,0.0379053014694719,0.0219514435139264,0.7267794459814914,0.2609724030429573,0.1810664715784687,0.0931145789581586,-0.1581824756109622,,,62.88856390334461,62.88856390334461,False,73.83837250913297,73.83837250913297,71.10092035768588,235.0,True,False,True,True,True,True,True,True,True,True,True,True,True,True,True,False,False,13,False,0.0671343707399503,0.1741940272307856,1.0,517913291.0,0.164967562557924,3.0,3.0,,,,,,0.0773196625261372,0.0249016921828997,0.2438442066964464,-0.5878190916381281,0.821551724137931,-0.5878190916381281,0.7797796307276069,-235.0,0.7413793103448276,0.7155172413793104,0.8706896551724138,0.7607758620689655,0.7594827586206898,旭隼
425.0,425.0,409.0,409.0,848196.0,-0.0203592814371257,421.9,0.0328282828282828,399.78150634765626,0.0651041666666667,400.2938354492188,-0.1653061224489795,418.813584391276,0.0043335555944749,58.99620713238088,733854.05,1.1558102050400894,0.0230588296506322,6472.TW,2026-08-14,0.0688713094842561,0.1100678478842778,neutral,0.3123262279888786,0.2947173308619091,2026-03-31,2026-05-15,4001231000.0,1442628000.0,407236000.0,221152000.0,174254000.0,25838000.0,0.21,19812444000.0,14337765000.0,45331756000.0,28703088000.0,16628668000.0,4832012000.0,3410000000.0,3908546000.0,8410772000.0,0.4,244341600.0,30993991000.0,0.0078835152271935,0.0015538225912021,0.0005699757141549,1.7261206970997316,0.3605460419555881,0.1017776779196202,0.0064575127004664,-0.1067853383739788,,,27.229352834015025,27.229352834015025,False,59.25583088209587,59.25583088209587,51.24921137007566,730.0,True,False,True,True,True,False,True,True,False,False,True,True,True,True,False,False,False,10,False,0.0217494344898192,-0.0234318674393992,0.0,300146306.45000005,0.2261353104726598,2.0,3.0,,,,,,-0.0482483592187618,-0.1065143719021926,0.154791805625568,-1.8129522338527049,0.1237068965517241,-1.8129522338527049,0.3100353846849101,-730.0,0.2586206896551724,0.0258620689655172,0.2241379310344827,0.253448275862069,0.1818965517241379,保瑞
372.5,378.0,368.0,369.0,374670.0,-0.0107238605898123,374.8,0.1014925373134327,347.4719711303711,0.2019543973941369,339.62399037679035,0.29701230228471,312.80782852172854,0.0133422000926937,71.68499788485944,543215.4,0.6897263958275115,0.0619561595129398,6491.TW,2026-08-14,0.0688713094842561,0.1100678478842778,neutral,0.1390176088971269,0.1204819277108433,2026-03-31,2026-05-15,1885667000.0,1005547000.0,542809000.0,566411000.0,88526000.0,472275000.0,6.06,6983966000.0,4705377000.0,16639674000.0,5326767000.0,11312907000.0,1204500000.0,831456000.0,457203000.0,,0.1562928686060122,457971824.2848391,11934297000.0,0.0383744282788369,0.0417465643446021,0.0283824671084301,0.4708574904752598,0.5332579930602805,0.2878604758952667,0.2504551439888379,0.1833499738625503,,,86.74813401220891,86.74813401220891,False,72.9804368330601,72.9804368330601,76.4223611278473,52.0,True,False,True,True,True,True,True,True,True,True,True,True,False,True,True,False,False,12,False,0.0864956848031228,0.1796379960943599,1.0,200446482.6,0.2669138090824838,2.0,2.0,,,,,,0.0290204211563692,-0.0178135291432099,0.3067158053239554,-1.305676268697611,0.659051724137931,-1.305676268697611,0.62853811195679,-52.0,0.9482758620689656,0.853448275862069,0.6724137931034483,0.906896551724138,0.8646551724137931,晶碩
247.0,249.0,242.5,246.5,1052945.0,-0.037109375,250.1,0.1738095238095238,229.8,0.0717391304347825,216.86666666666667,0.1053811659192824,213.1625,0.0337381916329284,65.86538461538461,1798834.55,0.5853484413005076,0.0726718885987816,6533.TW,2026-08-14,0.0688713094842561,0.1100678478842778,neutral,0.0648748841519925,0.2752548656163114,2026-03-31,2026-05-15,326356000.0,325982000.0,-202956000.0,-191919000.0,-25688000.0,-166231000.0,-3.28,1735463000.0,291379000.0,6111740000.0,1760341000.0,4351399000.0,1046856000.0,,,1419903000.0,0.1338481338481338,-175790718.14671814,5820361000.0,-0.0302027173480679,-0.0382017369586195,-0.0271986373765899,0.4045459862448835,0.9988540121830148,-0.621885303165868,-0.5093548149873145,0.2031025355560307,,,38.84336576062605,38.84336576062605,False,76.82238964561466,76.82238964561466,67.3276336743675,539.0,True,True,True,True,True,True,True,True,True,False,True,True,False,True,False,False,False,12,False,0.1366430986781432,0.1563947692488125,1.0,443412716.575,0.180722891566265,2.0,3.0,,,,,,-0.0925926466707699,-0.1349887628835348,0.1142104609013845,-1.926367152020648,0.0724137931034482,-1.926367152020648,0.0573467836820731,-539.0,0.4482758620689655,0.5862068965517241,0.0172413793103448,0.3836206896551724,0.403448275862069,晶心科
51.0,52.29999923706055,51.0,51.5,653238.0,0.068464713378135,51.33999938964844,0.1482720569035478,47.59999961853028,0.1798395922040698,46.49833323160807,-0.1584967425166018,49.50916655858358,0.0226662396751822,66.18181646678121,670888.2,0.9736912946151088,0.0819327817799284,6589.TW,2026-08-14,0.0688713094842561,0.1100678478842778,neutral,0.0871177015755329,0.1380908248378128,2026-03-31,2026-05-15,308435000.0,64956000.0,-207240000.0,-141836000.0,406000.0,-142242000.0,-0.47,4188368000.0,910711000.0,10619357000.0,2413133000.0,8206224000.0,3257763000.0,0.0,1001914000.0,,0.0,-207240000.0,9708646000.0,-0.0213459219751137,-0.0173334288705743,-0.0133945963018288,0.2940613124867174,0.2105986674664029,-0.6719081816265988,-0.461173342843711,0.6954150931987708,,,33.08565989658788,33.08565989658788,False,80.0043562948036,80.0043562948036,68.27468219524967,629.0,True,True,True,True,True,True,True,True,True,True,True,True,True,True,False,False,False,14,False,0.1075665818703359,0.0402114109325733,1.0,34550742.3,0.484708063021316,1.0,3.0,,,,,,-0.0595297388112974,-0.1512554735829216,0.1088579994680422,-2.197279891604159,0.0603448275862068,-2.197279891604159,0.063096888141714,-629.0,0.3706896551724138,0.6379310344827587,0.0258620689655172,0.3189655172413793,0.381896551724138,台康生技
136.0,137.5,135.5,137.5,369426.0,-0.0248226950354609,136.7,0.0658914728682169,134.375,0.049618320610687,135.4295399983724,-0.0517241379310344,134.14393666585286,0.0147253162167263,58.33333333333333,480577.75,0.7687122427120273,0.0232558139534884,6605.TW,2026-08-14,0.0688713094842561,0.1100678478842778,neutral,0.2057460611677479,0.3290083410565338,2026-03-31,2026-05-15,4732845000.0,1585730000.0,866034000.0,951380000.0,217734000.0,732007000.0,4.41,15540524000.0,11970379000.0,33504289000.0,12358666000.0,21145623000.0,3981949000.0,1597489000.0,0.0,,0.228861233156047,667832390.8049359,21533910000.0,0.0310130575824332,0.0346174241354818,0.0218481580074718,0.5844550430129205,0.3350479468480375,0.1829838078365127,0.1546653228660562,-0.0451555541567658,,,64.93006759035887,64.93006759035887,False,59.57743117171528,59.57743117171528,60.91559027637618,210.0,True,False,True,True,True,False,True,True,False,False,True,True,False,True,True,False,False,9,False,0.0152880974243321,0.0250183751689572,1.0,66079440.625,0.3836886005560704,2.0,3.0,,,,,,0.0400249328869965,0.0086211483027326,0.2164983330142103,-1.618435646774557,0.5849137931034483,-1.618435646774557,0.5783416902248274,-210.0,0.7586206896551724,0.3103448275862069,0.5689655172413793,0.7301724137931034,0.5862068965517242,帝寶
27.5,28.450000762939453,26.950000762939453,27.100000381469727,220506.0,0.0463320764715726,26.93000030517578,0.0463320764715726,26.17250003814697,0.103869703611221,25.60683590571086,0.0690335295331676,25.086334625879925,0.0114975860153418,69.09091665724557,147399.2,1.4959782685387708,0.0354379727565536,6606.TW,2026-08-14,0.0688713094842561,0.1100678478842778,neutral,0.2659870250231696,0.2289156626506024,2026-03-31,2026-05-15,191808000.0,78315000.0,47168000.0,50588000.0,21113000.0,29102000.0,0.26,1052582000.0,392295000.0,2170020000.0,549327000.0,1620693000.0,84940000.0,0.0,,,0.4,28300800.0,1777725000.0,0.0159196726152807,0.0179565161322964,0.0134109363047345,0.3389457472821811,0.4082989239239239,0.2459125792459126,0.1517246413079746,0.1109322058440243,,,63.7605672758917,63.7605672758917,False,69.39390692030288,69.39390692030288,67.9855720092001,226.0,True,False,True,True,True,True,True,True,False,False,True,True,True,True,True,False,False,11,False,0.0583111666453823,0.0802694289787728,1.0,3994518.376228333,0.7747914735866543,0.0,3.0,,,,,,0.0377547573409252,0.0068193440988198,0.1838700912016648,-1.2244506311625385,0.5797413793103449,-1.2244506311625385,0.5736803509501687,-226.0,0.75,0.6206896551724138,0.5431034482758621,0.7189655172413792,0.6698275862068966,建德工業
6145.0,6650.0,6140.0,6435.0,2593095.0,0.0549180327868852,6094.0,0.3928571428571428,5700.5,0.2039289055191768,4974.017413330078,0.7205882352941178,4595.758706665039,0.0533561232503349,61.09324758842444,1936458.1,1.3390917159529554,0.12884834663626,6669.TW,2026-08-14,0.0688713094842561,0.1100678478842778,neutral,0.0120481927710843,0.1195551436515292,2026-03-31,2026-05-15,276507734000.0,20881168000.0,17458392000.0,17934386000.0,3819977000.0,14114409000.0,75.95,395619318000.0,257883938000.0,432576398000.0,292412129000.0,140164269000.0,70996229000.0,72191879000.0,9594000000.0,18686968000.0,0.2129973671805658,13739800468.793749,174692460000.0,0.0786513651979813,0.1006990519102982,0.0326287080507799,2.086210209536355,0.0755174826321494,0.0631388921656708,0.0510452593705751,0.6202705683581411,,,65.40144535951697,65.40144535951697,False,94.37183149360447,94.37183149360447,87.1292349600826,208.0,True,True,True,True,True,True,True,True,True,True,True,True,True,True,True,False,False,14,False,0.2937228532321929,0.4002040600320431,1.0,12461107873.5,0.0176088971269694,3.0,3.0,,,,,,0.0763988221868224,-0.0942147731721755,0.2937241984596155,-0.7294866935970434,0.6849137931034482,-0.7294866935970434,0.6764746547949583,-208.0,0.7672413793103449,0.9827586206896552,0.7672413793103449,0.7672413793103448,0.8318965517241379,緯穎
727.0,728.0,712.0,728.0,414252.0,-0.0095238095238094,729.8,0.0340909090909091,697.75,0.1723027375201289,700.45,0.2153589315525876,663.8666666666667,0.0005736000573599,56.83760683760684,593323.4,0.6981892168756533,0.0433536366893585,6691.TW,2026-08-14,0.0688713094842561,0.1100678478842778,neutral,0.3067655236329935,0.144578313253012,2026-03-31,2026-05-15,6977227000.0,1283352000.0,1098330000.0,1100675000.0,233735000.0,866940000.0,7.19,21151608000.0,15975842000.0,22175970000.0,16220137000.0,5955833000.0,7596288000.0,0.0,,,0.2123560542394439,865092974.9471915,6200128000.0,0.1395282444083721,0.1455615024800057,0.0390936676050698,2.723403594425834,0.1839343911270193,0.1574164062599654,0.1242528012919746,0.7680019541905503,,,72.9382876924978,72.9382876924978,False,61.170498225583486,61.170498225583486,64.11244559231207,138.0,True,False,True,True,True,False,True,True,False,True,True,True,False,True,True,False,False,10,False,0.0393318580912269,0.0966057441253263,1.0,431939435.2,0.1835032437442076,3.0,3.0,,,,,,0.0642817763125324,0.057557471415633,0.4167483546885148,-0.3929703573962265,0.919396551724138,-0.3929703573962265,0.9552859595209872,-138.0,0.8362068965517241,0.4310344827586206,0.9741379310344828,0.8568965517241379,0.7422413793103447,洋基工程
99.3000030517578,99.8000030517578,95.0999984741211,95.8000030517578,20333675.0,0.0504386651035326,96.58000183105467,0.1697191851881314,87.125,0.1204678719503835,88.98468259175618,0.3250345644270154,85.39734141031902,0.032409056005447,64.70588005735117,20703028.9,0.9821594269232752,0.0995696189584827,8112.TW,2026-08-14,0.0688713094842561,0.1100678478842778,neutral,0.0667284522706209,0.206672845227062,2026-03-31,2026-05-15,110164542000.0,4238620000.0,3418168000.0,2892239000.0,712333000.0,2102790000.0,3.91,110827396000.0,76135974000.0,112891822000.0,92125380000.0,20766442000.0,14855353000.0,53437429000.0,11508327000.0,2798432000.0,0.2462911951605659,2576303318.0203986,36755848000.0,0.0700923379055327,0.101259040908404,0.0186265928102391,4.4362621194328815,0.0384753562539206,0.0310278419711489,0.0190877206206693,1.3784680054727554,,,52.60217451052254,52.60217451052254,False,72.01114903957708,72.01114903957708,67.15890540731344,328.0,True,False,True,True,True,False,True,True,True,True,True,True,True,True,False,False,False,12,False,0.0765898159267357,0.1218148184667231,1.0,1983350231.8006296,0.0750695088044485,1.0,3.0,,,,,,0.0598899899273277,0.0110619118841436,0.2252360964320794,-0.3859260378617027,0.7508620689655172,-0.3859260378617027,0.6565254001489361,-328.0,0.6724137931034483,0.5603448275862069,0.7241379310344828,0.6801724137931033,0.6491379310344827,至上
231.5,236.5,224.5,233.0,8462102.0,-0.0106157112526539,232.9,0.2263157894736842,219.225,0.059090909090909,210.94395446777344,0.9745762711864407,195.72614390055335,0.0602103735944867,56.25,8426133.95,1.0042686302180135,0.0628349868856197,8271.TW,2026-08-14,0.0688713094842561,0.1100678478842778,neutral,0.0444856348470806,0.3076923076923077,2026-03-31,2026-05-15,7042184000.0,3469352000.0,2313017000.0,2329123000.0,453946000.0,1862431000.0,14.54,13874285000.0,8773781000.0,15490077000.0,9043398000.0,6446679000.0,1146880000.0,2860732000.0,182529000.0,,0.1948999687865346,1862210058.897276,6716296000.0,0.2772674192586622,0.2888977409919123,0.1202338116201746,1.4027994879223862,0.4926528474689102,0.3284516564747527,0.2644678128262482,2.4365595091928736,,,94.16508207448472,94.16508207448472,True,75.96716631012053,75.96716631012053,80.51664525121157,21.0,True,True,True,True,True,True,True,True,True,False,True,True,True,True,True,True,False,13,False,0.1045587942440708,0.1904388210825076,1.0,1963289210.35,0.0759962928637627,2.0,1.0,,,,,,-0.0108950728552595,-0.1119396969741883,0.2194599549966729,-0.8063779727735602,0.3836206896551724,-0.8063779727735602,0.5851645754928605,-21.0,0.9741379310344828,0.9224137931034484,0.5948275862068966,0.9172413793103448,0.8827586206896552,宇瞻
179.5,179.5,175.5,176.0,140488.0,0.0445103857566766,175.1,0.1246006389776357,165.275,0.2616487455197132,150.84509887695313,0.2394366197183097,146.83088277180988,0.0219508424795177,68.04123711340206,205726.05,0.6828887250788124,0.0648918469217969,8462.TW,2026-08-14,0.0688713094842561,0.1100678478842778,neutral,0.1121408711770157,0.0852641334569045,2026-03-31,2026-05-15,1626910000.0,546235000.0,263101000.0,241835000.0,49259000.0,191204000.0,2.42,2261807000.0,3161235000.0,12373315000.0,9648191000.0,2725124000.0,1414659000.0,,386628000.0,,0.2036884652759112,209510361.09744248,9212080000.0,0.0227430027851953,0.0701634127474566,0.0154529323790754,3.5404594433134053,0.3357499800234801,0.161718226576762,0.1175258619100011,0.2017296409310929,,,59.6562061392525,59.6562061392525,False,77.08822764574771,77.08822764574771,72.7302222691239,269.0,True,True,True,True,True,True,True,True,True,True,True,True,False,True,False,False,False,13,False,0.1667598172584059,0.1986579163562061,1.0,36207784.8,0.4735866543095459,2.0,3.0,,,,,,0.0843939888402861,0.1000660321027065,0.4572855943694126,1.2668126487610254,0.971551724137931,1.2668126487610254,0.972128632366122,-269.0,0.6982758620689655,0.7672413793103449,0.9913793103448276,0.7422413793103448,0.7775862068965518,柏文
368.5,380.0,368.5,377.0,325905.0,-0.010498687664042,382.6,0.0501392757660166,376.05,0.1855345911949686,354.725,-0.01641010280469,354.7203862508138,0.0150482488696942,48.78048780487806,531462.35,0.6132231191917923,0.0025262598058768,8464.TW,2026-08-14,0.0688713094842561,0.1100678478842778,neutral,0.2511584800741427,0.134383688600556,2026-03-31,2026-05-15,7305395000.0,4316539000.0,2053372000.0,2325863000.0,594429000.0,1647198000.0,5.62,27155869000.0,11007979000.0,42576950000.0,14807659000.0,27769291000.0,19344343000.0,569716000.0,669863000.0,,0.2555735226021481,1528584484.7473822,31568971000.0,0.048420472265231,0.0593172508437467,0.0386875527720985,0.5332386412026148,0.5908700350905051,0.2810761088209467,0.2254769249301372,0.0044846681027981,,,84.51846605538479,84.51846605538479,False,64.31617503325155,64.31617503325155,69.36674778878486,62.0,True,False,True,True,True,True,True,False,False,True,True,True,False,True,True,False,False,10,False,0.062795122982592,0.0628089464625041,1.0,200361305.95,0.267840593141798,2.0,2.0,,,,,,0.036758490661696,-0.0209058147649616,0.2713696108451667,-1.7381781907639264,0.5711206896551724,-1.7381781907639264,0.5775602385002945,-62.0,0.9310344827586208,0.6724137931034483,0.5603448275862069,0.8754310344827586,0.7793103448275862,億豐
102.0,102.0,97.1999969482422,101.0,5747490.0,0.0930735750227498,105.6,0.1662817757460133,90.97499961853028,0.4265536108263259,79.9333329518636,0.1529680566128954,76.01833337148031,0.0657177984238707,67.49435545398339,4201220.7,1.3680523853460018,0.1101951132014928,9921.TW,2026-08-14,0.0688713094842561,0.1100678478842778,neutral,0.0713623725671918,0.0444856348470806,2026-03-31,2026-05-15,12523541000.0,2458803000.0,-191441000.0,-170563000.0,-23472000.0,-199773000.0,-0.51,48200680000.0,28731484000.0,72341005000.0,34909460000.0,37431545000.0,13787267000.0,9060327000.0,1863857000.0,,0.1376148402643011,-165095877.36496192,43609521000.0,-0.0037857759860504,-0.0053370225567766,-0.0027615458203822,0.9326214026164296,0.1963344871869705,-0.0152864912567459,-0.0159517982973026,-0.2568048701835493,,,14.870530982450036,14.870530982450036,False,86.78106675872232,86.78106675872232,68.80343281465424,960.0,True,True,True,True,True,True,True,True,True,True,True,True,True,True,False,False,False,14,False,0.2635529668307823,0.3286268656593836,1.0,424323290.7000001,0.1872103799814643,2.0,3.0,,,,,,0.0166099187880102,-0.05691517431916,0.3414761649335643,-1.3399186131054734,0.5767241379310345,-1.3399186131054734,0.4159049017163703,-960.0,0.0862068965517241,0.6551724137931034,0.3706896551724138,0.1288793103448275,0.3137931034482758,巨大
42.150001525878906,43.09999847412109,41.54999923706055,42.900001525878906,4400913.0,0.1364238814802358,40.800000762939455,0.0957854368797705,38.70000019073486,0.0833334136089525,40.40166670481364,0.3838710169638357,37.8587499777476,0.0034355420312678,62.44899204799111,2927913.5,1.503088462142068,0.1085271657479103,9933.TW,2026-08-14,0.0688713094842561,0.1100678478842778,neutral,0.1492122335495829,0.253012048192771,2026-03-31,2026-05-15,17199079000.0,2244665000.0,1663896000.0,1662544000.0,521286000.0,892046000.0,1.0,85054850000.0,82656832000.0,140062416000.0,114248656000.0,25813760000.0,42421531000.0,1206000000.0,17821605000.0,10618678000.0,0.3135471903300003,1142186084.198674,57405584000.0,0.0198967766654664,0.0345569959587444,0.0063689176973785,4.425882010214707,0.1305107674660951,0.0967433198021824,0.0518659167737993,-0.2275882612996864,,,23.64577886729635,23.64577886729635,False,75.8246749544351,75.8246749544351,62.77995093265041,796.0,True,True,True,True,True,False,True,True,True,False,False,True,True,True,False,False,False,11,False,0.0618374197113902,0.1331594823150375,1.0,125607493.61764143,0.3123262279888786,1.0,3.0,,,,,,0.1146841117904049,0.0603920324842718,0.3064637993800658,-0.5767081290127507,0.9125,-0.5767081290127507,0.9508979520414338,-796.0,0.1982758620689655,0.3793103448275862,0.9655172413793104,0.3133620689655172,0.4060344827586207,中鼎
11.199999809265137,11.300000190734863,11.0,11.149999618530272,2280328.0,0.0182648230820889,11.55999984741211,0.0518867186101255,10.869999980926512,0.1354378783134837,10.46505225499471,0.1194778690587932,10.000776131947836,0.0185054993744306,57.33331943088808,1891750.85,1.2054060924566254,0.0257589363472925,9934.TW,2026-08-14,0.0688713094842561,0.1100678478842778,neutral,0.2428174235403151,0.1797961075069508,2026-03-31,2026-05-15,4675859000.0,1599481000.0,215608000.0,179015000.0,65010000.0,114005000.0,0.28,10184466000.0,6401709000.0,16132102000.0,9818930000.0,6313172000.0,2756002000.0,2012873000.0,1745714000.0,,0.3631539256486886,137309108.39873755,9730393000.0,0.0141113630660896,0.0180582756180252,0.0070669649869558,1.5553084883478543,0.3420721197965978,0.0461108857217465,0.0243816162976685,0.0629297965528301,,,37.04526496126525,37.04526496126525,False,73.00478055096089,73.00478055096089,64.01490165353698,572.0,True,False,True,True,True,True,True,True,False,True,True,True,True,True,False,False,False,12,False,0.0654509262682996,0.1149134298598286,1.0,21093021.25585432,0.5468025949953661,0.0,3.0,,,,,,0.0339977419813048,0.0002495561862295,0.2121795106058223,-1.0159654457530527,0.6258620689655172,-1.0159654457530527,0.6320986630024646,-572.0,0.4051724137931034,0.4137931034482758,0.6896551724137931,0.4478448275862068,0.4646551724137931,成霖
20.549999237060547,20.549999237060547,20.14999961853028,20.299999237060547,369467.0,0.0099501916315982,20.399999618530277,0.1002709158601873,19.695000076293944,0.0943396265215861,19.08108123143514,0.0410256019005408,18.97220727602641,0.0219224201527806,62.66667073568322,407018.55,0.9077399543583456,0.0307184137305394,9935.TW,2026-08-14,0.0688713094842561,0.1100678478842778,neutral,0.1417979610750695,0.2400370713623725,2026-03-31,2026-05-15,1207014000.0,329361000.0,129050000.0,125078000.0,35715000.0,89363000.0,0.51,4101731000.0,3844659000.0,8361229000.0,5772111000.0,2589118000.0,430540000.0,854900000.0,1461115000.0,287107000.0,0.2855418219031324,92200827.88340075,4516570000.0,0.0204139043308087,0.0345148425062125,0.0106877828606297,2.22937347776347,0.2728725598874578,0.1069167383311212,0.0740364237697325,0.0157374361805349,,,40.70851081970746,40.70851081970746,False,75.45314582158552,75.45314582158552,66.766987071116,498.0,True,True,True,True,True,True,True,True,True,False,True,True,True,True,False,False,False,13,False,0.0638809714628383,0.0699861614263492,1.0,8262476.25446949,0.6765523632993512,0.0,3.0,,,,,,0.0936725879585539,0.0583952581901328,0.2714843608107379,-0.4392728746409733,0.886206896551724,-0.4392728746409733,0.8882207044160537,-498.0,0.5086206896551724,0.5258620689655172,0.9310344827586208,0.5719827586206896,0.5982758620689655,慶豐富
135.0,135.0,131.0,132.0,1556552.0,-0.0865051903114186,136.2,0.0517928286852589,132.9,0.0476190476190476,127.93860804239908,0.095435684647303,122.99430402119954,0.0215219062259801,54.16666666666666,2130866.7,0.7304783541833001,-0.0067720090293453,9939.TW,2026-08-14,0.0688713094842561,0.1100678478842778,neutral,0.2437442075996292,0.3336422613531047,2026-03-31,2026-05-15,6859793000.0,1532311000.0,905992000.0,852810000.0,177064000.0,664457000.0,2.25,15830282000.0,15334754000.0,47767359000.0,28356250000.0,19411109000.0,3417062000.0,3186314000.0,8601830000.0,3723183000.0,0.2076242070332196,717886129.4215593,32432605000.0,0.0221347045487576,0.0342307593038604,0.0139102729125133,1.4608258600783706,0.2233756907825061,0.1320727899515335,0.0968625438114532,-0.0577454629967812,,,44.2251041721302,44.2251041721302,False,61.75402464559091,61.75402464559091,57.37179452722573,445.0,True,False,True,True,False,True,True,True,False,False,True,True,False,True,False,False,False,9,False,0.0317448502820585,0.0732204312262152,1.0,281274404.40000004,0.2335495829471733,2.0,3.0,,,,,,0.0402814806485895,-0.0140891993142649,0.2393299904865537,-0.7427187953764237,0.6780172413793103,-0.7427187953764237,0.6265657473433174,-445.0,0.5431034482758621,0.146551724137931,0.6551724137931034,0.5599137931034482,0.4465517241379311,宏全
21.14999961853028,21.14999961853028,20.799999237060547,20.850000381469727,368927.0,0.0024039012616927,21.2,0.0451127611083692,20.64499988555908,0.109042618489473,19.731873830159504,-0.0565610849965456,19.879270251592,0.0166194756568729,57.31707714201045,566378.5,0.6513788923838034,0.0099297891521927,9940.TW,2026-08-14,0.0688713094842561,0.1100678478842778,neutral,0.2715477293790547,0.2196478220574606,2026-03-31,2026-05-15,2876811000.0,665012000.0,209493000.0,232453000.0,69452000.0,159582000.0,0.22,16303412000.0,4204969000.0,30767900000.0,17352956000.0,13414944000.0,4695442000.0,404164000.0,8438314000.0,900000000.0,0.2987786778402516,146900958.44321218,26562931000.0,0.0055302992897588,0.0118958379550447,0.0051866393221506,1.2935541139791564,0.2311629092074522,0.0728212593736606,0.0554718401730249,0.2999785808018913,,,39.42870701490352,39.42870701490352,False,68.09771848766397,68.09771848766397,60.93046561947386,523.0,True,False,True,True,True,True,True,True,False,False,True,True,False,True,False,False,False,10,False,0.0566660095708297,0.0488312758764364,1.0,11808991.941056252,0.6265060240963856,0.0,3.0,,,,,,0.0186700402205865,-0.0156726696358191,0.2014579728188888,-1.650369245474452,0.4426724137931034,-1.650369245474452,0.5255620512409285,-523.0,0.4655172413793103,0.3189655172413793,0.5,0.4706896551724138,0.428448275862069,信義
19.049999237060547,19.299999237060547,18.799999237060547,19.049999237060547,413312.0,0.0612812494354992,18.65,0.0612812494354992,18.167500019073486,0.1339285775106782,18.35,0.144144124535549,17.68416666984558,0.0047006742663296,69.38771061582386,288295.15,1.43364187708326,0.0485757103101995,9946.TW,2026-08-14,0.0688713094842561,0.1100678478842778,neutral,0.216867469879518,0.1816496756255792,2026-03-31,2026-05-15,2286025000.0,1230331000.0,1070680000.0,1048582000.0,218010000.0,830572000.0,2.56,15819259000.0,7136334000.0,17439333000.0,10338316000.0,7101017000.0,2000753000.0,3265440000.0,,3189863000.0,0.2079093480528943,848075619.2267271,10302999000.0,0.0823134719538191,0.1169652177990842,0.0476263627743102,1.4558923038770362,0.5381966513927013,0.4683588324712109,0.3633258603908531,74.70621936680355,,,93.8841677043543,93.8841677043543,True,62.29471371915892,62.29471371915892,70.19207721545777,22.0,True,False,True,True,True,False,True,True,False,True,True,True,True,True,True,True,False,11,False,0.0381470973874955,0.0772347712343117,1.0,5492022.387548257,0.7284522706209453,0.0,1.0,,,,,,0.076598811669023,0.0436931826173619,0.3452283086343788,0.6619567776455603,0.9379310344827588,0.6619567776455603,0.8104108875880816,-22.0,0.9655172413793104,0.6810344827586207,0.8879310344827587,0.9538793103448276,0.8646551724137932,三發地產
210.0,210.0,201.5,202.5,320714.0,-0.0711009174311926,208.6,0.0965816024552905,193.88283996582032,0.0602094240837696,195.23749745686848,0.1705202312138729,198.8979153951009,0.0244123784768062,64.0625,352250.25,0.9104720294733644,0.0444451919298212,6782.TW,2026-08-14,0.0688713094842561,0.1100678478842778,neutral,0.1436515291936978,0.3049119555143652,2026-03-31,2026-05-15,1228595000.0,562960000.0,345415000.0,320529000.0,79940000.0,240471000.0,3.82,2257209000.0,1785112000.0,6287420000.0,2055065000.0,4232355000.0,548061000.0,34008000.0,243227000.0,,0.2494002102773852,259268426.36703697,4502308000.0,0.0575856708086245,0.0568173038414783,0.0382463713255993,0.4855606394076111,0.4582144644899255,0.2811463500990969,0.1957284540471026,0.2971931691721623,,,94.77818654579036,94.77818654579036,False,63.36864345270393,63.36864345270393,71.22102922597554,18.0,True,False,True,True,True,False,True,True,True,False,True,True,True,True,True,False,False,11,False,0.0371982976514844,0.0181102179866678,1.0,71330675.625,0.3716404077849861,2.0,1.0,,,,,,0.014837708564418,-0.0589170874793892,0.1557423097139695,-1.7094362213699366,0.293103448275862,-1.7094362213699366,0.3018467648706281,-18.0,0.9827586206896552,0.7241379310344828,0.2068965517241379,0.8663793103448275,0.7499999999999999,視陽
182.0,183.0,181.0,182.5,163468.0,0.0082872928176795,183.1,0.0428571428571429,179.475,0.0518731988472622,179.99502716064453,-0.0081521739130434,180.60168024698893,0.0091369131290413,63.888888888888886,228651.6,0.7149217411992743,0.0168547151413847,2753.TW,2026-08-14,0.0688713094842561,0.1100678478842778,neutral,0.2780352177942539,0.3234476367006487,2026-03-31,2026-05-15,2262828000.0,824778000.0,283918000.0,279202000.0,56223000.0,236960000.0,3.56,2917896000.0,1963845000.0,8230737000.0,4333857000.0,3896880000.0,1488954000.0,111983000.0,92967000.0,946399000.0,0.2013703340233952,226745337.5047457,6266892000.0,0.0361814656299718,0.0608076204553386,0.0287896454473032,1.112135092689536,0.3644899214611097,0.1254704290383538,0.1047185203647824,0.0392582907012151,,,71.61820020352927,71.61820020352927,False,56.76743560056169,56.76743560056169,60.48012675130359,152.0,True,False,True,True,True,False,True,True,False,False,True,True,False,True,True,False,False,9,False,0.0139169002548042,0.0105110857795727,1.0,41728917.0,0.4522706209453197,2.0,3.0,,,,,,0.0196660677397536,-0.0204572471226305,0.1643312012559201,-1.011827970536273,0.4844827586206897,-1.011827970536273,0.4972281875679689,-152.0,0.8275862068965517,0.2844827586206896,0.4827586206896552,0.7758620689655172,0.5956896551724138,八方雲集
197.5,197.5,186.5,188.5,600345.0,0.1458966565349544,189.7,0.224025974025974,168.0,0.1781250000000001,160.98914998372396,0.4119850187265916,157.31124165852864,0.0407791270718185,62.67281105990784,659392.2,0.9104520799609096,0.1220238095238095,6933.TW,2026-08-14,0.0688713094842561,0.1100678478842778,neutral,0.0463392029657089,0.1399443929564411,2026-03-31,2026-05-15,1820470000.0,249043000.0,75692000.0,58930000.0,12357000.0,46573000.0,1.1,5046947000.0,2858081000.0,5403999000.0,3014996000.0,2389003000.0,1147835000.0,1110793000.0,,,0.2096894620736467,59820185.23672154,2545918000.0,0.0234965090143207,0.019494743204592,0.0086182473386838,1.2620310648416937,0.1368014853307113,0.041578273742495,0.0255829538525765,-0.0692122762723702,,,29.486569053500588,29.486569053500588,False,88.25253513166456,88.25253513166456,73.56104361212357,690.0,True,True,True,True,True,True,True,True,True,True,False,True,True,True,False,False,False,13,False,0.1708863610936351,0.1982614720515141,1.0,124295429.7,0.3132530120481928,2.0,3.0,,,,,,0.0020317140116535,-0.0672662347180233,0.2951097792925443,-1.6124924791638895,0.4465517241379311,-1.6124924791638895,0.4029688955199955,-690.0,0.3017241379310345,0.8017241379310345,0.3362068965517241,0.3068965517241379,0.4586206896551724,AMAX-KY
145.0,147.5,143.0,145.0,145237.0,0.102661596958175,141.8,0.0469314079422382,136.575,0.1417322834645669,138.53353678385415,0.2061117640231125,129.62705071767172,-0.0045553935860058,58.0246913580247,89729.65,1.618606558701611,0.0616877173714076,7631.TW,2026-08-14,0.0688713094842561,0.1100678478842778,neutral,0.2613531047265987,0.1696014828544949,2026-03-31,2026-05-15,408502000.0,93897000.0,47524000.0,48469000.0,12978000.0,35491000.0,1.76,1335645000.0,556998000.0,1567579000.0,716274000.0,851305000.0,481233000.0,,138157000.0,,0.2677587736491366,34799032.04109843,1010581000.0,0.0344346787057132,0.041690111064777,0.0226406452242598,0.8413835229441857,0.2298568917655238,0.1163372517148018,0.0868808475845895,0.9934122561314817,,,69.1770822702721,69.1770822702721,False,59.59905975419322,59.59905975419322,61.99356538321294,171.0,True,False,True,True,True,False,False,True,False,True,False,True,True,True,True,False,False,9,False,0.0466779623639803,0.1185936823928104,1.0,13010799.25,0.6153846153846154,2.0,3.0,,,,,,0.0053395262215958,-0.0679535434542319,0.2070830065284344,-1.167169527763708,0.4021551724137931,-1.167169527763708,0.4861831622847692,-171.0,0.8103448275862069,0.3620689655172414,0.4396551724137931,0.7547413793103448,0.6017241379310345,聚賢研發-創
1045.0,1090.0,1025.0,1070.0,257965.0,0.1346765641569458,1013.6,0.0388349514563106,946.2,0.5875370919881306,856.9833333333333,0.5781710914454277,761.15,0.0038724736088272,57.14285714285714,202175.25,1.275947476261313,0.1308391460579159,6949.TW,2026-08-14,0.0688713094842561,0.1100678478842778,neutral,0.2928637627432808,0.0185356811862835,2026-03-31,2026-05-15,6368000.0,-1205000.0,-88755000.0,-87174000.0,0.0,-76584000.0,-1.18,2495035000.0,259818000.0,3291024000.0,368950000.0,2922074000.0,2248325000.0,100000000.0,,,-0.0,-88755000.0,3031206000.0,-0.0292804250189528,-0.026208781844676,-0.0232705686740661,0.1262630583619716,-0.1892273869346733,,,-0.4668452779638312,,,16.666666666666664,16.666666666666664,False,83.7645431045078,83.7645431045078,66.99007399504751,923.0,True,True,True,True,True,True,True,True,False,True,False,True,True,True,False,False,False,12,False,0.2485657052840388,0.405767588517375,1.0,216327517.5,0.2567191844300278,3.0,3.0,,,,,,-0.1052288521089446,-0.2091743443639608,0.0984480310155173,-1.9271247100707007,0.0327586206896551,-1.9271247100707007,0.0548369291290183,-923.0,0.1034482758620689,0.5517241379310345,0.0086206896551724,0.0892241379310344,0.2189655172413793,沛爾生醫-創
271.5,276.5,263.5,268.0,1801054.0,0.1404255319148937,254.5,0.150429310518517,220.71999969482425,0.4486486486486487,233.78529001871743,0.6242424242424243,198.83431167602535,-0.0030977966444799,70.93425605536332,1439411.65,1.2512431728616342,0.2142080480724306,7788.TW,2026-08-14,0.0688713094842561,0.1100678478842778,neutral,0.0834105653382761,0.041705282669138,2026-03-31,2026-05-15,1857129000.0,500235000.0,178905000.0,229341000.0,52857000.0,177273000.0,2.22,6568822000.0,3373457000.0,11007682000.0,5034895000.0,5972787000.0,2088365000.0,643000000.0,1079805000.0,,0.2304733998718066,137672156.39593443,7634225000.0,0.0180335471375201,0.0296801141577625,0.0161044804891711,0.842972468296626,0.2693593175272153,0.0963341803396533,0.0954554045518647,0.1444346257089825,,,52.52291879760674,52.52291879760674,False,63.54874408030355,63.54874408030355,60.79228775962935,331.0,True,False,True,True,True,False,False,True,True,True,False,True,True,False,False,False,False,9,False,0.1463509957300701,0.3478558994217813,1.0,385762322.2,0.1964782205746061,2.0,3.0,,,,,,0.0046145541750302,-0.0968003101012756,0.3303815695211124,-1.4575679317885628,0.471551724137931,-1.4575679317885628,0.6100746043068714,-331.0,0.6551724137931034,0.293103448275862,0.6293103448275862,0.6512931034482758,0.5413793103448276,松川精密
