Open,High,Low,Close,Volume,ret5,ma5,ret20,ma20,ret60,ma60,ret120,ma120,ma20_slope,rsi14,volume_ma20,volume_ratio,ma20_deviation,symbol,date,benchmark_ret20,benchmark_ret60,market_regime,rs20_rank_pct,rs60_rank_pct,period_date,as_of_date,revenue,gross_profit,operating_income,pretax_income,tax_expense,net_income_parent,eps,current_assets,current_liabilities,assets,liabilities,equity,cash,short_borrowings,long_borrowings,bonds_payable,tax_rate,nopat,invested_capital_proxy,roic_proxy,roe,roa,debt_to_equity,gross_margin,operating_margin,net_margin,revenue_growth,pe,pb,eva_like_score,fundamental_score,fundamental_pass,technical_score,score,final_score,fundamental_rank,pass_market,pass_score,pass_rs20,pass_rs60,pass_close_ma20,pass_ma20_ma60,pass_ma20_slope,pass_rsi,pass_ret20_benchmark,pass_ret60_benchmark,pass_ret5_cap,pass_ret20_cap,pass_volume_ratio,pass_ma20_deviation,pass_fundamental_score,pass_fundamental_filter,pass_fundamental_universe,entry_pass_count,entry_all_pass,close_ma60_ratio,close_ma120_ratio,above_ma120,turnover20,liquidity_rank,price_bucket,eva_rank_bucket,forward_60d_return,forward_60d_max_drawdown,reward_60,fwd60_rank_label,top_quantile_60,reg_forward60,reg_reward60,cls_topq60,rank_forward60,ensemble_score,ranker_score,stable_ensemble_score,fundamental_rank_score,fundamental_score_rank,final_score_rank,stable_ml_rank,fund_ml_85_15,fund_final_ml,name
60.09999847412109,60.20000076293945,57.0,57.29999923706055,47811278.0,0.05137613279010167,58.75999984741211,0.24972739681555578,51.889694404602054,0.2204472482626878,50.096564865112306,0.49024702470981274,48.04911584854126,0.04569527703130939,63.99671198966834,63925816.5,0.747918143525003,0.10426549808276886,1301.TW,2026-07-07,0.052005945108564156,0.3151702408451047,bull,0.06746765249537892,0.2543940795559667,2026-03-31,2026-05-15,41985122000.0,1555468000.0,-1301844000.0,3378716000.0,110089000.0,3268627000.0,0.51,175217601000.0,95826345000.0,593528010000.0,203311522000.0,390216488000.0,10197694000.0,31910508000.0,18393084000.0,43127284000.0,0.0325830877765399,-1259425902.676638,497701665000.0,-0.0025304836034186,0.008376445128582,0.0055071149885579,0.521022376686451,0.0370480762209051,-0.0310072696704323,0.0778520305359598,-0.110526237291801,,,17.23451320303393,17.23451320303393,False,81.9752299546165,81.9752299546165,65.79005076672085,910.0,True,True,True,True,True,True,True,True,True,False,True,True,False,True,False,False,False,12,False,0.14379098429890114,0.1925297318202399,1.0,3662949236.6784725,0.053604436229205174,1.0,3.0,,,,,,-0.0653996990791738,-0.21498027590321364,0.18263335871287983,-1.6339683939340577,0.2651315789473684,-1.6339683939340577,0.2591849977507872,-910.0,0.09868421052631579,0.4144736842105263,0.1513157894736842,0.10657894736842105,0.20394736842105263,台塑
9.149999618530272,9.369999885559082,8.819999694824219,8.930000305175781,8497878.0,-0.0033481844691370943,9.476000022888183,0.25774653874983633,7.8019999980926515,0.42880004882812495,6.784666649500529,0.4958124989966053,6.524416669209798,0.08323498973807045,71.82448471852511,7929077.25,1.0717360585684796,0.14457835264789676,1444.TW,2026-07-07,0.052005945108564156,0.3151702408451047,bull,0.06192236598890943,0.13598519888991675,2026-03-31,2026-05-15,2121686000.0,116113000.0,-14004000.0,72822000.0,9996000.0,71838000.0,0.07,6820119000.0,7923737000.0,20165805000.0,9203887000.0,10961918000.0,670143000.0,4936000000.0,843136000.0,,0.1372662107604844,-12081723.984510174,12242068000.0,-0.0009869022116614,0.0065534151961362,0.0035623670862631,0.8396237775177665,0.0547267597561561,-0.0066004111824275,0.0338589216311933,0.0980839687584587,,,21.371607472143435,21.371607472143435,False,80.34049953615546,80.34049953615546,65.59827652015245,836.0,True,True,True,True,True,True,True,True,True,True,True,True,True,True,False,False,False,14,False,0.3162032516119546,0.3687047835737527,1.0,70806662.26226234,0.4510166358595194,0.0,3.0,,,,,,-0.044713777301600026,-0.12704371289588026,0.22151620208887535,-1.4325609267317252,0.5368421052631579,-1.4325609267317252,0.582614061713757,-836.0,0.14473684210526316,0.40789473684210525,0.631578947368421,0.21776315789473683,0.32105263157894737,力麗
10.949999809265137,10.949999809265137,10.25,10.350000381469728,3891383.0,0.05149401072231585,10.385286331176758,0.035000038146972834,9.894958734512329,0.23067783225401461,8.985319574673971,0.3494133348784434,8.773826467990876,0.025369753054832446,54.51630893940819,3288157.2,1.1834540635709265,0.04598722027715718,1455.TW,2026-07-07,0.052005945108564156,0.3151702408451047,bull,0.39833641404805914,0.2506938020351526,2026-03-31,2026-05-15,1265739000.0,26904000.0,-45175000.0,-32149000.0,-5368000.0,-26781000.0,-0.05,3072494000.0,1880065000.0,9399593000.0,3651618000.0,5747975000.0,484215000.0,608371000.0,1509426000.0,,0.1669725341379203,-37632015.77031945,7519528000.0,-0.0050045715329897,-0.004659206068224,-0.0028491659160135,0.6352877317664047,0.0212555669059735,-0.0356906123616322,-0.0211583904738654,-0.319428201806952,,,12.511705122929076,12.511705122929076,False,64.93951356876488,64.93951356876488,51.83256145730593,1005.0,True,False,True,True,True,True,True,True,False,False,True,True,True,True,False,False,False,11,False,0.15187893935817787,0.17964498377408433,1.0,34032428.274332434,0.5471349353049908,0.0,3.0,,,,,,0.018506154839602672,-0.09075848839406073,0.1896332817908022,-1.3926929096769298,0.6828947368421052,-1.3926929096769298,0.5911908447788965,-1005.0,0.06578947368421052,0.019736842105263157,0.6447368421052632,0.1526315789473684,0.16776315789473684,集盛
180.5,181.0,175.0,175.0,5807541.0,-0.011299435028248594,176.7,0.032448377581120846,174.825,0.16279069767441867,163.41666666666666,0.17845117845117842,161.68333333333334,0.0011453113815317888,59.701492537313435,9364431.7,0.6201701487128152,0.0010010010010010895,1513.TW,2026-07-07,0.052005945108564156,0.3151702408451047,bull,0.4075785582255083,0.3080481036077706,2026-03-31,2026-05-15,6490639000.0,1685977000.0,1203389000.0,1218211000.0,257948000.0,956493000.0,1.94,23811521000.0,21444785000.0,48754126000.0,26877788000.0,21876338000.0,2658244000.0,1188636000.0,1600850000.0,0.0,0.2117432858511374,948579458.9828856,27309341000.0,0.034734615492292,0.0437227199543177,0.0196187087837447,1.2286237303519447,0.2597551643220336,0.1854037791964705,0.1473649974987054,0.0066661414113464,,,62.38485994052645,62.38485994052645,False,63.712071343472175,63.712071343472175,63.38026849273574,239.0,True,False,False,True,True,True,True,True,False,False,True,True,False,True,True,False,False,9,False,0.07088220295767478,0.0823626430264921,1.0,1638775547.4999998,0.10720887245841035,2.0,3.0,,,,,,-0.05673177057688701,-0.14111094040203695,0.2285531380392382,-0.9763470435245883,0.5490131578947368,-0.9763470435245883,0.5772322003388124,-239.0,0.6973684210526315,0.2894736842105263,0.618421052631579,0.6855263157894737,0.5592105263157895,中興電
745.0,752.0,699.0,700.0,966915.0,-0.0813648293963255,746.6,0.07858243451463798,707.8,0.3565891472868217,645.3166666666667,0.7199017199017199,546.4375,0.017685118619697994,53.932584269662925,1387459.0,0.6968962686464969,-0.01102006216445317,1560.TW,2026-07-07,0.052005945108564156,0.3151702408451047,bull,0.25231053604436227,0.16651248843663274,2026-03-31,2026-05-15,2293229000.0,802560000.0,444439000.0,531951000.0,89799000.0,436359000.0,2.94,5759371000.0,3216860000.0,13961884000.0,5383626000.0,8578258000.0,1772650000.0,642250000.0,940383000.0,555943000.0,0.1688106611323223,369412958.57701176,10745024000.0,0.0343799100473867,0.050868020057219,0.0312535901315323,0.6275896574805747,0.3499694099455396,0.193804892577235,0.1902814764683335,0.2944197621734146,,,86.28355650333096,86.28355650333096,False,65.41518756293435,65.41518756293435,70.6322797980335,54.0,True,False,True,True,False,True,True,True,True,True,True,True,False,True,True,False,False,11,False,0.08473875874893455,0.2810248198558847,1.0,971221300.0,0.15804066543438078,3.0,2.0,,,,,,-0.05601096863911586,-0.20172263761656087,0.31498653285083567,-1.4297244214604912,0.5348684210526317,-1.4297244214604912,0.5388414948898066,-54.0,0.9276315789473685,0.6447368421052632,0.5592105263157895,0.8723684210526317,0.7690789473684212,中砂
70.19999694824219,72.9000015258789,69.80000305175781,70.5,3320049.0,0.13526572837806827,67.8,0.165289256198347,64.63499946594239,0.672597804218702,53.708333333333336,0.4764397905759161,49.02791659037272,0.00724636729150049,57.275536384177535,2697659.55,1.2307146022188011,0.0907403199894512,1563.TW,2026-07-07,0.052005945108564156,0.3151702408451047,bull,0.12014787430683918,0.07955596669750231,2026-03-31,2026-05-15,1871936000.0,411927000.0,163156000.0,163478000.0,32736000.0,130706000.0,0.6,10888013000.0,5754269000.0,19938639000.0,11683940000.0,8254699000.0,2764628000.0,2859266000.0,5833677000.0,,0.2002471280539277,130484479.57523336,14184370000.0,0.009199173426471,0.0158341327769795,0.0065554123328076,1.415428957494392,0.2200539975725665,0.0871589626995794,0.0698239683407979,-0.0241387938944032,,,30.55810984175432,30.55810984175432,False,84.75268671449881,84.75268671449881,71.2040424963127,673.0,True,True,True,True,True,True,True,True,True,True,False,True,True,True,False,False,False,13,False,0.312645461598138,0.43795626865049386,1.0,190184998.27499998,0.3317929759704251,1.0,3.0,,,,,,-0.0376505415949868,-0.15218206070323864,0.2500417127542277,-1.54917753419479,0.5338815789473685,-1.54917753419479,0.5720688098767222,-673.0,0.28289473684210525,0.6710526315789473,0.5986842105263158,0.3302631578947368,0.4625,巧新
1385.0,1410.0,1370.0,1380.0,704304.0,0.03370786516853941,1394.0,0.078125,1350.75,0.2376681614349776,1370.9166666666667,0.44351464435146437,1215.05,0.015410637098289794,61.971830985915496,766415.55,0.9189583901318286,0.021654636313159337,1590.TW,2026-07-07,0.052005945108564156,0.3151702408451047,bull,0.2532347504621072,0.24514338575393155,2026-03-31,2026-05-15,10013502000.0,4803572000.0,3324875000.0,3424107000.0,753181000.0,2670974000.0,13.35,29736697000.0,10608563000.0,61857103000.0,11001347000.0,50855756000.0,6148132000.0,266664000.0,,,0.2199642125669554,2593521488.741444,51248540000.0,0.050606739016203,0.0525205839040127,0.043179746067319,0.2163245198832556,0.4797094962381792,0.3320391806982212,0.2667372513632094,0.2368329227850061,,,92.8369943680382,92.8369943680382,False,61.99911366181234,61.99911366181234,69.70858383836881,23.0,True,False,True,True,True,False,True,True,True,False,True,True,True,True,True,False,False,11,False,0.006625737037262214,0.1357557302168635,1.0,1057653459.0000001,0.15249537892791126,3.0,1.0,,,,,,-0.047782594665277345,-0.1286959295771842,0.18856269570608486,-1.3625434862259171,0.48190789473684204,-1.3625434862259171,0.43306443614881135,-23.0,0.9736842105263158,0.6118421052631579,0.3815789473684211,0.8848684210526315,0.7467105263157895,亞德客-KY
43.900001525878906,44.25,41.54999923706055,41.95000076293945,44330931.0,0.10394738849840657,40.470000457763675,0.13531799449960924,37.92830562591553,0.25598798941478673,36.05110181172689,0.08961040942699872,36.9543008963267,0.0037048539444750964,65.87297237985541,10076510.6,4.3994327758658835,0.10603413652826066,1609.TW,2026-07-07,0.052005945108564156,0.3151702408451047,bull,0.14325323475046212,0.23404255319148937,2026-03-31,2026-05-15,8341066000.0,1571949000.0,1174452000.0,812240000.0,208683000.0,518017000.0,0.66,27273354000.0,21118265000.0,64366592000.0,44130594000.0,20235998000.0,7223949000.0,12688199000.0,17013046000.0,3856138000.0,0.2569228306904363,872708467.6499557,43248327000.0,0.0201790110320326,0.0255987868747565,0.0080479171555331,2.180796519153639,0.188459005119969,0.1408035855369085,0.0621044120739483,0.1677023450738217,,,42.70370888004448,42.70370888004448,False,78.27310341632572,78.27310341632572,69.38075478225541,468.0,True,True,True,True,True,True,True,True,True,False,False,True,False,True,False,False,False,11,False,0.16362603789528962,0.13518588487515748,1.0,422709627.35776746,0.2513863216266174,1.0,3.0,,,,,,-0.036548236380306395,-0.13048251559951235,0.23597705504997313,-1.4818347366330378,0.5625,-1.4818347366330378,0.6720061766843143,-468.0,0.4605263157894737,0.5921052631578947,0.7697368421052632,0.5069078947368421,0.5618421052631578,大亞
62.0,63.29999923706055,59.70000076293945,60.0,12554001.0,0.1257035808413447,58.26000061035156,0.357466039917095,51.63999996185303,0.5829370197250201,43.31716454823812,0.9533591150182776,39.34881804784139,0.06998187342006475,76.51514998261712,13468894.15,0.9320736253614407,0.16189000860423275,1708.TW,2026-07-07,0.052005945108564156,0.3151702408451047,bull,0.03512014787430684,0.09158186864014801,2026-03-31,2026-05-15,1553624000.0,474907000.0,259013000.0,341041000.0,63456000.0,277585000.0,1.11,3498403000.0,3484718000.0,12753792000.0,5350520000.0,7403272000.0,1675166000.0,1151880000.0,1099410000.0,,0.1860656050152327,210819589.4481896,9269074000.0,0.0227444067711822,0.0374949076570467,0.0217648994118768,0.7227236821772859,0.3056769205419072,0.1667153699994336,0.1786693562921273,0.0231199407842921,,,61.66803457963997,61.66803457963997,False,81.6568488477671,81.6568488477671,76.65964528073532,246.0,True,True,True,True,True,True,True,False,True,True,False,True,True,False,True,False,False,11,False,0.38513221319423696,0.5248234375693401,1.0,808133649.0,0.17005545286506468,1.0,3.0,,,,,,-0.02776027601215634,-0.10937324253795165,0.2858890201133592,-1.1025361848819373,0.7578947368421053,-1.1025361848819373,0.7265213688290493,-246.0,0.6842105263157895,0.8486842105263158,0.8223684210526315,0.7049342105263158,0.7611842105263158,東鹼
18.399999618530277,18.450000762939453,17.149999618530273,17.350000381469727,18250569.0,0.0358209182967002,18.32999992370606,0.18027215010807995,15.177499914169312,0.2804428145568001,13.911666647593181,0.41632656175263083,13.672083322207133,0.0530789255575885,73.61963534768861,14652301.55,1.2455769448725276,0.14313954732901868,1710.TW,2026-07-07,0.052005945108564156,0.3151702408451047,bull,0.10536044362292052,0.21739130434782608,2026-03-31,2026-05-15,5345825000.0,88577000.0,-176669000.0,-219291000.0,-8101000.0,-127331000.0,-0.15,7085020000.0,12457768000.0,36888664000.0,23663579000.0,13225085000.0,2362413000.0,9628981000.0,8250000000.0,,0.0369417805564295,-170142532.57087615,24430896000.0,-0.0069642362920654,-0.0096279910488287,-0.0034517650191939,1.7892950404477552,0.0165693789078392,-0.0330480328106513,-0.0238187744641846,-0.1284074295508901,,,6.405846346837272,6.405846346837272,False,78.45087862322113,78.45087862322113,60.43962055412517,1066.0,True,True,True,True,True,True,True,False,True,False,True,True,True,True,False,False,False,12,False,0.24715469547794267,0.2690092630790708,1.0,254217437.48190948,0.3022181146025878,0.0,3.0,,,,,,-0.031055054641442106,-0.11894060025752046,0.2478783193632801,-1.2219491939213845,0.6661184210526316,-1.2219491939213845,0.6014274551449887,-1066.0,0.019736842105263157,0.20394736842105263,0.6644736842105263,0.11644736842105263,0.20394736842105263,東聯
20.600000381469727,21.299999237060547,18.850000381469727,18.850000381469727,78119629.0,-0.04071243015730841,20.5,0.49011865216639405,18.209999990463256,0.8480392876426712,12.66416670481364,1.3416148987381527,11.012416684627533,0.1418717668194384,52.90322493315973,42486717.55,1.8386835581747596,0.03514554592760266,1714.TW,2026-07-07,0.052005945108564156,0.3151702408451047,bull,0.024953789279112754,0.05087881591119334,2026-03-31,2026-05-15,7139550000.0,802314000.0,490214000.0,535557000.0,131252000.0,223134000.0,0.23,17219321000.0,4978429000.0,25588223000.0,7499378000.0,18088845000.0,5982998000.0,888587000.0,1280870000.0,,0.2450756875551995,370074466.90081537,20609794000.0,0.01795624288631,0.0123354476197899,0.0087201835000421,0.414585784775092,0.1123759900834086,0.0686617503904307,0.0312532302456037,0.3342708703208805,,,45.10051143692903,45.10051143692903,False,79.9227650254237,79.9227650254237,71.21720162830003,433.0,True,True,True,True,True,True,True,True,True,True,True,False,True,True,False,False,False,13,False,0.48845169373085207,0.7117042445172679,1.0,800874642.0248965,0.17190388170055454,0.0,3.0,,,,,,-0.10588255038321905,-0.25766910451922986,0.247333818922456,-1.6192036715195124,0.28421052631578947,-1.6192036715195124,0.7048541169135557,-433.0,0.5,0.6776315789473685,0.7960526315789473,0.544407894736842,0.6125,和桐
20.149999618530277,20.149999618530277,19.649999618530277,19.850000381469727,267529.0,-0.029339870859911077,20.190000152587892,0.13170447436359867,19.1189076423645,0.2523659245255545,17.906064478556313,0.2931596018350804,16.680532224973042,0.03211363736872647,65.97936684781861,333709.5,0.8016823015227316,0.038239252617405795,1776.TW,2026-07-07,0.052005945108564156,0.3151702408451047,bull,0.1487985212569316,0.23681776133209992,2026-03-31,2026-05-15,275332000.0,63545000.0,27030000.0,30085000.0,7189000.0,21331000.0,0.35,1060002000.0,332954000.0,1475161000.0,551103000.0,924058000.0,434102000.0,28822000.0,180000000.0,,0.238956290510221,20571011.46750873,1142207000.0,0.0180098804047854,0.0230840488367613,0.014460116556769,0.5963943821708161,0.2307940958551857,0.0981723882440108,0.0774737407929336,-0.0693086710204302,,,42.79632276689389,42.79632276689389,False,72.26957488286381,72.26957488286381,64.90126185387132,465.0,True,False,True,True,True,True,True,True,True,False,True,True,True,True,False,False,False,12,False,0.10856299022274851,0.19001001369438053,1.0,6624133.702300072,0.7541589648798521,0.0,3.0,,,,,,-0.007752139242605209,-0.046961361366646096,0.26365085339964167,-0.9534418566945405,0.8473684210526315,-0.9534418566945405,0.8536708891174232,-465.0,0.46710526315789475,0.3684210526315789,0.9342105263157895,0.5371710526315789,0.530921052631579,展宇
24.649999618530277,25.549999237060547,23.450000762939453,24.100000381469727,19042693.0,0.12880561830747328,22.610000228881837,0.1061419379486439,20.93692035675049,0.3890489828005528,19.457193978627522,0.3693181738134259,18.966930325826013,0.022496885357510377,71.57359069291904,6195305.65,3.0737293808901907,0.15107666126739572,1810.TW,2026-07-07,0.052005945108564156,0.3151702408451047,bull,0.18853974121996303,0.15356151711378355,2026-03-31,2026-05-15,1034852000.0,179603000.0,-198009000.0,1214854000.0,120841000.0,1098423000.0,3.64,4420438000.0,1355686000.0,10192500000.0,2087067000.0,8105433000.0,789858000.0,199591000.0,341555000.0,,0.0994695658902222,-178313130.727643,8836814000.0,-0.020178441090606,0.1355168810845762,0.107767770419426,0.2574898836373084,0.1735542860235086,-0.1913404042317162,1.0614300402376378,-0.0814045247519216,,,46.52348272920723,46.52348272920723,False,75.50476983555652,75.50476983555652,68.2594480589692,408.0,True,True,True,True,True,True,True,True,True,True,False,True,False,False,False,False,False,11,False,0.23861644222399336,0.2706326204327514,1.0,149306868.52832156,0.35489833641404805,0.0,3.0,,,,,,-0.04824704442821381,-0.1784576587509887,0.16118843218414503,-1.6799779891183382,0.30098684210526316,-1.6799779891183382,0.4035415875384337,-408.0,0.5460526315789473,0.5328947368421053,0.3223684210526316,0.5125,0.49736842105263157,和成
23.950000762939453,23.950000762939453,23.299999237060547,23.649999618530277,2898669.0,0.10514018879008402,22.72000007629395,0.11151459214575477,22.276412200927737,0.24146984596832555,20.01175855000814,0.37101447063943627,19.0646292368571,0.017755869709237784,58.26386079970092,4228282.0,0.685542969934361,0.061661070248347105,1904.TW,2026-07-07,0.052005945108564156,0.3151702408451047,bull,0.1756007393715342,0.2414431082331175,2026-03-31,2026-05-15,10422205000.0,2150150000.0,696170000.0,676222000.0,51875000.0,623134000.0,0.56,23384595000.0,24639229000.0,73010397000.0,42553667000.0,30456730000.0,6316415000.0,12166669000.0,15580624000.0,,0.0767129729585846,642764729.6154221,48371168000.0,0.0132881788096459,0.0204596488198174,0.0085348666163258,1.3971843661483028,0.2063047119107713,0.0667968054744653,0.0597890753444208,0.0134174531712039,,,33.04763840274124,33.04763840274124,False,75.79416796672265,75.79416796672265,65.1075355757273,632.0,True,True,True,True,True,True,True,True,True,False,False,True,False,True,False,False,False,11,False,0.18180516516978762,0.24051715481612468,1.0,99998867.68703844,0.40573012939001846,0.0,3.0,,,,,,-0.025143360668554608,-0.1109712856384951,0.22281882769801425,-1.6168473637195033,0.5707236842105263,-1.6168473637195033,0.5729250806519604,-632.0,0.3223684210526316,0.3815789473684211,0.6052631578947368,0.3648026315789474,0.39671052631578946,正隆
19.200000762939453,19.200000762939453,18.799999237060547,19.100000381469727,1057337.0,0.0523416409314712,18.860000228881837,0.043945276460584326,18.761762714385988,0.197492201245971,17.584166733423867,0.31271478564187305,16.827916677792867,0.010080029903052795,55.44555876468706,1802887.35,0.5864686997776095,0.01802803245264295,2030.TW,2026-07-07,0.052005945108564156,0.3151702408451047,bull,0.36229205175600737,0.2765957446808511,2026-03-31,2026-05-15,2637279000.0,397354000.0,208556000.0,212139000.0,43592000.0,168547000.0,0.61,6688220000.0,4584464000.0,12076498000.0,7059382000.0,5017116000.0,1408221000.0,3147626000.0,2063078000.0,,0.2054879112280156,165700263.18592998,7492034000.0,0.0221168594784713,0.0335943996511143,0.0139566122563014,1.4070597530533475,0.1506681697309992,0.0790799911575529,0.0639094308944939,-0.0137930957114074,,,38.807934191914576,38.807934191914576,False,62.54707949544881,62.54707949544881,56.61229316956525,543.0,True,False,True,True,True,True,True,True,False,False,True,True,False,True,False,False,False,10,False,0.08620446285717787,0.13501871605266724,1.0,34435149.07274695,0.5452865064695009,0.0,3.0,,,,,,0.008840361606122388,-0.061409560387253266,0.28755882255338605,0.09308483208959648,0.9180921052631579,0.09308483208959648,0.9261001585821862,-543.0,0.42105263157894735,0.07894736842105263,0.9671052631578947,0.5029605263157895,0.42763157894736836,彰源
8560.0,8560.0,8200.0,8260.0,1076460.0,0.1222826086956521,7916.0,0.3365695792880259,7222.75,1.4619970193740683,5445.25,1.3872832369942198,4373.333333333333,0.0906379765949415,74.54268292682927,663950.8,1.6212948308820472,0.1436087362846561,2059.TW,2026-07-07,0.052005945108564156,0.3151702408451047,bull,0.03974121996303143,0.02127659574468085,2026-03-31,2026-05-15,5449725000.0,4236615000.0,3654349000.0,4351760000.0,865950000.0,3485810000.0,36.58,34276607000.0,6265438000.0,39510069000.0,7981426000.0,31528643000.0,27231577000.0,,257007000.0,,0.1989884552456937,2927175737.561354,33244631000.0,0.088049578217949,0.1105601024439903,0.088225864652375,0.2531484149190943,0.7773997770529706,0.6705565877177289,0.6396304400680768,0.3782121233655666,,,100.0,100.0,True,88.09839158347498,88.09839158347498,91.07379368760624,1.0,True,True,True,True,True,True,True,False,True,True,False,True,True,True,True,True,True,13,False,0.5169184151324548,0.8887195121951221,1.0,5484233608.0,0.034195933456561925,3.0,0.0,,,,,,-0.119722680068603,-0.22906738680698308,0.15146779569042498,-1.759983899812444,0.1381578947368421,-1.759983899812444,0.15109764423946465,-1.0,1.0,1.0,0.09210526315789473,0.8638157894736842,0.8184210526315789,川湖
46.70000076293945,46.900001525878906,43.0,43.09999847412109,2461329.0,-0.05066085846818247,45.529999542236325,0.10796906898443326,45.29499969482422,0.5644283000974648,36.799166456858316,0.15860208575746904,34.03958326975505,0.0670200187652103,49.58158832198153,4125169.45,0.5966613080585089,-0.04846012220978013,2241.TW,2026-07-07,0.052005945108564156,0.3151702408451047,bull,0.18484288354898337,0.0971322849213691,2026-03-31,2026-05-15,218145000.0,24433000.0,-12795000.0,-10165000.0,484000.0,-15198000.0,-0.15,952113000.0,375178000.0,2376112000.0,856522000.0,1519590000.0,284149000.0,37000000.0,456985000.0,,0.0,-12795000.0,2000934000.0,-0.0063945137620731,-0.0100013819517106,-0.0063961631438248,0.5636533538651873,0.112003483921245,-0.0586536478030667,-0.0696692566870659,0.2386508815262753,,,25.4753354548809,25.4753354548809,False,67.02640637049626,67.02640637049626,56.63863864159242,761.0,True,False,True,True,False,True,True,False,True,True,True,True,False,True,False,False,False,10,False,0.17122213962779798,0.2661729179398158,1.0,177794797.00049093,0.3391866913123845,1.0,3.0,,,,,,-0.06648598222381602,-0.20688449797011288,0.20091419150776005,-1.5753598730049945,0.3092105263157895,-1.5753598730049945,0.28735891603532704,-761.0,0.21052631578947367,0.08552631578947369,0.19078947368421054,0.20756578947368418,0.16907894736842105,艾姆勒
60.0,60.09999847412109,58.79999923706055,58.79999923706055,68040.0,0.06909089521928258,57.4,0.059459445712802594,56.125,0.21237111828990818,55.72499993642171,0.19269777174476133,52.30124985376994,0.0036659499897418618,70.49178277509563,56204.3,1.2105835318649996,0.04766145633960894,2248.TW,2026-07-07,0.052005945108564156,0.3151702408451047,bull,0.3077634011090573,0.2682701202590194,2026-03-31,2026-05-15,593726000.0,189022000.0,97021000.0,105639000.0,16593000.0,89046000.0,1.87,2515725000.0,1373717000.0,3197393000.0,1407252000.0,1790141000.0,637484000.0,196733000.0,,,0.1570726720245364,81781652.28750746,1823676000.0,0.0448443979563845,0.04974245045502,0.0278495636914198,0.7861123788573079,0.3183657107824147,0.1634103946938487,0.1499782728059744,0.3030050981106484,,,82.72406063393525,82.72406063393525,False,64.7869957540952,64.7869957540952,69.27126197405522,69.0,True,False,True,True,True,True,True,True,True,False,True,True,True,True,True,False,False,12,False,0.05518168334046103,0.12425610098153639,1.0,3304812.7971195225,0.8428835489833642,1.0,2.0,,,,,,0.030379658315315364,-0.004867184162656745,0.33548857715018376,-0.6504005597872575,0.9644736842105264,-0.6504005597872575,0.9348350521574206,-69.0,0.9078947368421053,0.5789473684210527,0.9802631578947368,0.9187500000000001,0.8236842105263158,華勝-KY
52.0,52.59999847412109,47.79999923706055,48.900001525878906,7502344.0,0.029473716334292854,51.78000106811523,0.5474683840369166,44.70047607421875,1.716666751437717,31.435158602396648,1.7705383899578147,25.069245974222824,0.10677683647050168,61.59168886428139,10490313.75,0.7151686955025535,0.09394811466185393,2302.TW,2026-07-07,0.052005945108564156,0.3151702408451047,bull,0.022181146025878003,0.013876040703052728,2026-03-31,2026-05-15,216325000.0,70774000.0,16066000.0,58305000.0,16844000.0,41461000.0,0.25,1204494000.0,819815000.0,2680414000.0,894283000.0,1786131000.0,540705000.0,,,,0.2888946059514621,11424619.26078381,1860599000.0,0.0061402909819815,0.0232127430742761,0.0154681329078269,0.5006816409322721,0.3271651450364035,0.0742678839708771,0.1916606957124696,0.1180973350699827,,,48.29599018643512,48.29599018643512,False,91.15924208537808,91.15924208537808,80.44342911064234,394.0,True,True,True,True,True,True,True,True,True,True,True,False,False,True,False,False,False,12,False,0.5555831018505095,0.9505972208402198,1.0,512976358.3819485,0.2301293900184843,1.0,3.0,,,,,,-0.06504717350135913,-0.16991174194897316,0.24436755818130365,-1.507125374861813,0.4529605263157894,-1.507125374861813,0.43143011909574447,-394.0,0.5657894736842105,0.9605263157894737,0.375,0.5371710526315789,0.6460526315789474,麗正
1000.0,1025.0,905.0,905.0,65480588.0,-0.20614035087719296,1030.0,0.21370652006110302,994.1641143798828,2.175438596491228,652.6360585530599,2.7551867219917012,460.30969594319663,0.0670264666785671,47.05882352941176,60736110.05,1.0781162630615329,-0.08968752049102036,2327.TW,2026-07-07,0.052005945108564156,0.3151702408451047,bull,0.08687615526802218,0.0064754856614246065,2026-03-31,2026-05-15,38165648000.0,14541815000.0,9612910000.0,10324689000.0,2287159000.0,8000823000.0,3.9,175966941000.0,150655819000.0,401694878000.0,232595483000.0,169099395000.0,86640739000.0,13141550000.0,57817960000.0,4994099000.0,0.2215232826867715,7483426620.627508,251039059000.0,0.0298098098775438,0.0473143206692135,0.0199176624801275,1.375495654493619,0.381018422640171,0.2518733600435658,0.2096341453445255,0.2270454683920995,,,74.6112580577189,74.6112580577189,False,72.88279705926982,72.88279705926982,73.31491230888209,124.0,True,False,True,True,False,True,True,False,True,True,True,True,True,True,True,False,False,11,False,0.38668403031001497,0.966067645274366,1.0,54966179595.25,0.0018484288354898336,3.0,3.0,,,,,,-0.1096936527803016,-0.2641456491798633,0.25231622977765894,-1.1403266302844608,0.39375000000000004,-1.1403266302844608,0.3590670313400379,-124.0,0.8289473684210527,0.7697368421052632,0.2565789473684211,0.7430921052631579,0.6967105263157894,國巨*
2480.0,2500.0,2440.0,2440.0,30232482.0,0.012448132780082943,2463.0,0.06601724444679569,2394.643347167969,0.21999999999999997,2279.1678466796875,0.5444547424508939,2049.0995737711587,0.010476126671923302,53.50877192982456,33633720.95,0.8988741401804369,0.01894088022989826,2330.TW,2026-07-07,0.052005945108564156,0.3151702408451047,bull,0.2855822550831793,0.25624421831637373,2026-03-31,2026-05-15,1134103440000.0,751295421000.0,658966142000.0,687799687000.0,114998383000.0,572479752000.0,22.08,4265512176000.0,1714253448000.0,8660949685000.0,2728560764000.0,5932388921000.0,3035637228000.0,,40991672000.0,860026070000.0,0.167197492487373,548788655423.5218,6946696237000.0,0.0789999500050863,0.096500711538565,0.0660989582922395,0.4599430010971123,0.6624575805889452,0.5810458894296273,0.5047861877572649,0.351323787607557,,,99.15374073493592,99.15374073493592,True,63.28124683078075,63.28124683078075,72.24937030681954,5.0,True,False,True,True,True,True,True,True,True,False,True,True,True,True,True,True,True,13,False,0.0705661733314702,0.1907669257426221,1.0,82066279118.0,0.0009242144177449168,3.0,0.0,,,,,,-0.08866216693404888,-0.22595065770122053,0.14966555654868402,-1.644098342545424,0.17960526315789474,-1.644098342545424,0.21887194580793867,-5.0,0.9868421052631579,0.7171052631578947,0.13157894736842105,0.8585526315789473,0.7348684210526315,台積電
19.5,20.149999618530277,18.600000381469727,19.950000762939453,18306290.0,0.09016402156658998,19.030000305175783,0.2954546270854661,17.73750009536743,0.3300000508626302,15.852500041325888,0.3344482285929935,15.718749976158142,0.03728071311638759,64.01673934011478,15733543.2,1.1635198611842246,0.12473576635243377,2332.TW,2026-07-07,0.052005945108564156,0.3151702408451047,bull,0.04990757855822551,0.18038852913968548,2026-03-31,2026-05-15,3440889000.0,869521000.0,31548000.0,25642000.0,45353000.0,-29102000.0,-0.05,10255657000.0,3980490000.0,15469266000.0,4795742000.0,10673524000.0,3116133000.0,151000000.0,381849000.0,,0.4,18928800.0,11488776000.0,0.001647590657177,-0.0027265596629566,-0.001881278659246,0.4493119610730252,0.2527024266112623,0.0091685607992585,-0.0084576979960702,0.0312619414904058,,,25.00480773275497,25.00480773275497,False,87.00379232450209,87.00379232450209,71.5040461765653,770.0,True,True,True,True,True,True,True,True,True,True,True,True,True,True,False,False,False,14,False,0.2584766258275848,0.26918494111803937,1.0,313884198.8437408,0.27726432532347506,0.0,3.0,,,,,,-0.061346453104547574,-0.18289154019395734,0.28989479513310423,-1.4627141676249493,0.5108552631578948,-1.4627141676249493,0.5409473684210526,-770.0,0.19736842105263158,0.6842105263157895,0.5723684210526315,0.25361842105263155,0.4184210526315789,友訊
93.8000030517578,94.6999969482422,91.3000030517578,91.3000030517578,14661114.0,0.002195439966922841,93.3000015258789,0.07033997403680448,92.27500038146971,0.15132407992680386,86.89833348592123,0.5714286652249168,78.6216667175293,0.01117747052635836,46.153854120493264,9082889.9,1.6141463962917793,-0.010566213228731747,2347.TW,2026-07-07,0.052005945108564156,0.3151702408451047,bull,0.27171903881700554,0.3209990749306198,2026-03-31,2026-05-15,126357648000.0,5428837000.0,3373256000.0,3875913000.0,784782000.0,2954386000.0,1.77,208416617000.0,157729943000.0,249263901000.0,167490035000.0,81773866000.0,15304988000.0,56810338000.0,2500000000.0,,0.2024766809781334,2690250321.030425,91533958000.0,0.0293907351961162,0.036128730907745,0.0118524422836502,2.048209815590717,0.042964055487959,0.0266960967807821,0.0233811411241209,0.3825024363831348,,,42.4453478070041,42.4453478070041,False,63.705565326459514,63.705565326459514,58.390510946595654,475.0,True,False,True,True,False,True,True,False,True,False,True,True,True,True,False,False,False,10,False,0.05065309528116213,0.1612575370575522,1.0,829267875.5887802,0.16820702402957485,1.0,3.0,,,,,,-0.023827363631515372,-0.1263861265236813,0.29109415109617187,-0.6056461285887783,0.7940789473684211,-0.6056461285887783,0.8286400669619386,-475.0,0.45394736842105265,0.11842105263157894,0.9078947368421053,0.5220394736842106,0.4440789473684211,聯強
231.5,233.0,211.5,213.5,14695261.0,0.004705882352941115,213.5,0.16666666666666674,198.925,0.7357723577235773,181.28333333333333,1.7835724705969889,135.07249997456867,0.016739074878609792,61.26126126126126,8586262.9,1.711485097899809,0.07326881990699996,2351.TW,2026-07-07,0.052005945108564156,0.3151702408451047,bull,0.11737523105360444,0.07030527289546716,2026-03-31,2026-05-15,2805040000.0,536428000.0,271819000.0,291916000.0,59272000.0,221741000.0,1.22,7664285000.0,3511531000.0,13387353000.0,5808485000.0,7578868000.0,1087862000.0,1177901000.0,596426000.0,1147119000.0,0.2030447114923471,216627589.5668617,9875822000.0,0.0219351452027853,0.0292577994497331,0.0165634685213723,0.7664053523560511,0.1912372016085332,0.0969037874682714,0.0790509226249893,0.1104464802119675,,,50.10730286570861,50.10730286570861,False,89.6075134654665,89.6075134654665,79.73246081552703,365.0,True,True,True,True,True,True,True,True,True,True,True,True,True,True,False,False,False,14,False,0.1777144433207687,0.5806326235184629,1.0,1833167129.15,0.09981515711645102,2.0,3.0,,,,,,-0.09748305172166494,-0.2300047598662019,0.24652875057231452,-1.2261860600221013,0.3901315789473684,-1.2261860600221013,0.41844621478855376,-365.0,0.5986842105263158,0.9539473684210527,0.35526315789473684,0.562171052631579,0.656578947368421,順德
36.09999847412109,36.29999923706055,34.099998474121094,34.45000076293945,57748850.0,0.010263997198826313,33.260000228881836,0.14451828326712213,31.464999961853028,0.43243250959662083,28.261666742960617,0.4659574792740193,26.44458335240682,0.007524814045341572,64.30976210421238,19658430.2,2.9376124854567482,0.09486733846195228,2352.TW,2026-07-07,0.052005945108564156,0.3151702408451047,bull,0.1377079482439926,0.1341350601295097,2026-03-31,2026-05-15,51541496000.0,8592872000.0,692353000.0,694389000.0,319139000.0,317514000.0,0.2,124175179000.0,108440981000.0,212242628000.0,151802424000.0,60440204000.0,22472608000.0,44759544000.0,32099394000.0,3962934000.0,0.4,415411800.0,103801647000.0,0.004001976962851,0.0052533575167946,0.0014959954227479,2.511613362522734,0.1667175512328939,0.013432924026885,0.0061603566958941,0.0360722174845842,,,13.246699508454135,13.246699508454135,False,81.74348313881363,81.74348313881363,64.61928723122375,993.0,True,True,True,True,True,True,True,True,True,True,True,True,True,True,False,False,False,14,False,0.2189656426233324,0.3027242783087385,1.0,677232935.3881919,0.19316081330868762,1.0,3.0,,,,,,-0.07383710220267739,-0.18112458634575773,0.3085347634605042,-1.5493868789417802,0.4832236842105263,-1.5493868789417802,0.4960963667799974,-993.0,0.07236842105263158,0.32894736842105265,0.506578947368421,0.13749999999999998,0.23618421052631577,佳世達
68.5999984741211,69.9000015258789,65.5999984741211,65.69999694824219,14333474.0,-0.04782613118489587,69.83999938964844,0.15061293702168488,65.31499938964843,0.3919490653870621,61.15666643778483,0.4068521600620807,56.00708325703939,0.02696540536799755,57.66590093378907,24347739.95,0.5886983362494801,0.005894473891012053,2363.TW,2026-07-07,0.052005945108564156,0.3151702408451047,bull,0.13123844731977818,0.150786308973173,2026-03-31,2026-05-15,1050018000.0,302351000.0,75564000.0,111759000.0,24013000.0,87795000.0,0.17,4049792000.0,1358822000.0,22546270000.0,2069457000.0,20476813000.0,2058963000.0,0.0,578625000.0,,0.214864127273866,59328007.08667759,21187448000.0,0.0028001487997364,0.0042875324397405,0.0038939922213297,0.101063432087796,0.2879483970750978,0.0719644806089038,0.0836128523511025,1.2355886842828037,,,43.98692279077254,43.98692279077254,False,74.07984049564952,74.07984049564952,66.55661106943028,450.0,True,False,True,True,True,True,True,True,True,True,True,True,False,True,False,False,False,12,False,0.07429002879153535,0.17306585395133078,1.0,1599646440.4115944,0.1099815157116451,1.0,3.0,,,,,,-0.07828686828546241,-0.2238343540129433,0.2413692749652193,-1.6524793961392577,0.30855263157894736,-1.6524793961392577,0.3596401290026793,-450.0,0.4868421052631579,0.4605263157894737,0.2631578947368421,0.4532894736842105,0.43421052631578944,矽統
44.0,44.29999923706055,41.20000076293945,41.54999923706055,58706267.0,0.0599489394995838,40.46999969482422,0.32114461777765335,38.142499923706055,0.3446601860843912,34.353333441416424,0.775641021983497,31.266666682561244,0.038951303385544936,62.87878010665252,28328252.9,2.072357487319665,0.08933602464889012,2369.TW,2026-07-07,0.052005945108564156,0.3151702408451047,bull,0.04251386321626617,0.1711378353376503,2026-03-31,2026-05-15,1689388000.0,122483000.0,26360000.0,41085000.0,6924000.0,35715000.0,0.1,3843835000.0,1552915000.0,7605865000.0,2586551000.0,5019314000.0,1316036000.0,94202000.0,856519000.0,,0.1685286600949251,21917584.519897774,6052950000.0,0.0036209756432644,0.0071155141917799,0.0046957183699684,0.5153196233588893,0.0725014028748872,0.0156032835559386,0.0211407918133667,0.3962553576948315,,,32.23206079275766,32.23206079275766,False,85.86696109464492,85.86696109464492,72.4582360191731,645.0,True,True,True,True,True,True,True,True,True,True,True,True,True,True,False,False,False,14,False,0.2094895916845092,0.328891232919138,1.0,1177038886.3822582,0.14325323475046212,1.0,3.0,,,,,,-0.10017753491516942,-0.2492900662494466,0.17299959928147926,-1.6376926515163066,0.18322368421052634,-1.6376926515163066,0.1945408727245646,-645.0,0.3026315789473684,0.7368421052631579,0.1118421052631579,0.27401315789473685,0.39473684210526316,菱生
208.0,216.0,191.5,197.0,13307779.0,-0.0685579196217494,214.2,0.31333333333333324,198.1,1.5288831340337685,139.03333333333333,1.0435684323834238,113.33583342234293,0.08251366120218576,54.76923076923077,18448196.5,0.7213593480533449,-0.005552751135790013,2375.TW,2026-07-07,0.052005945108564156,0.3151702408451047,bull,0.04436229205175601,0.01757631822386679,2026-03-31,2026-05-15,1440450000.0,244336000.0,86500000.0,130166000.0,44907000.0,85259000.0,0.78,7658800000.0,4373826000.0,15017588000.0,5006059000.0,10011529000.0,2393740000.0,2342800000.0,0.0,,0.3449979257256119,56657679.42473457,10643762000.0,0.0053230877789952,0.008516081809282,0.0056772765373507,0.5000294160861942,0.1696247700371411,0.0600506786073796,0.0591891422819257,0.11276428586327,,,32.971831407230354,32.971831407230354,False,76.30664635977374,76.30664635977374,65.47294262163788,634.0,True,True,True,True,False,True,True,True,True,True,True,True,False,True,False,False,False,12,False,0.41692639654759045,0.7381969501727208,1.0,3634294710.5,0.054528650646950096,2.0,3.0,,,,,,-0.07731904267671412,-0.21773972785433146,0.23791919874109219,-1.7170997815579643,0.2996710526315789,-1.7170997815579643,0.27511909193386247,-634.0,0.3157894736842105,0.3881578947368421,0.17105263157894737,0.29407894736842105,0.30855263157894736,凱美
143.0,143.5,136.0,137.0,11690207.0,-0.06164383561643838,142.2,0.037878787878787845,137.925,0.5088105219766048,119.62166659037273,0.430062584924795,106.76833324432373,0.0007255577725378033,50.76923076923077,16786804.25,0.6963926442401924,-0.006706543411274302,2377.TW,2026-07-07,0.052005945108564156,0.3151702408451047,bull,0.38909426987060997,0.11193339500462535,2026-03-31,2026-05-15,56256838000.0,8440506000.0,3876357000.0,4133431000.0,716617000.0,3416814000.0,4.04,106512512000.0,56814984000.0,119099762000.0,64185562000.0,54914200000.0,25875075000.0,0.0,6305082000.0,,0.1733709840565864,3204309172.355363,62284778000.0,0.0514461040923251,0.0622209555998266,0.0286886719387398,1.1688335985956273,0.1500352010541367,0.0689046369794192,0.0607359766647389,0.0507372103469625,,,60.05362798212559,60.05362798212559,False,60.52883702876607,60.52883702876607,60.41003476710595,263.0,True,False,True,True,False,True,True,True,False,True,True,True,False,True,True,False,False,10,False,0.14527747276032277,0.2831519968237728,1.0,2299792182.25,0.08133086876155268,2.0,3.0,,,,,,-0.034105300327321265,-0.10264368636572085,0.21177640385955945,-0.8244813992806941,0.6546052631578948,-0.8244813992806941,0.6303471352292364,-263.0,0.6644736842105263,0.19736842105263158,0.6842105263157895,0.6674342105263158,0.5282894736842105,微星
785.0,841.0,769.0,776.0,7558340.0,-0.037220843672456594,793.6,0.30201342281879184,756.1,0.5275590551181102,630.05,0.5917948717948718,561.0083333333333,0.05630064263760837,58.75,5982886.15,1.2633267306950173,0.02631926993783895,2379.TW,2026-07-07,0.052005945108564156,0.3151702408451047,bull,0.04621072088724584,0.10638297872340426,2026-03-31,2026-05-15,36422566000.0,18086981000.0,4331688000.0,4977325000.0,647630000.0,4329661000.0,8.44,108499843000.0,94606737000.0,143076312000.0,97865250000.0,45211062000.0,10988581000.0,9771140000.0,,,0.1301160764065035,3768065753.2228656,48469575000.0,0.0777408457413308,0.0957655230483194,0.0302612007499885,2.16463063840438,0.4965872256227087,0.1189286883301961,0.1188730360183848,0.0399792749759324,,,74.41354387638152,74.41354387638152,False,82.8417658225759,82.8417658225759,80.7347103360273,127.0,True,True,True,True,True,True,True,True,True,True,True,True,True,True,True,False,False,14,False,0.2316482818823904,0.3832236597792664,1.0,4642719652.400001,0.04251386321626617,3.0,3.0,,,,,,-0.01535262448580091,-0.11665380258145064,0.317992515751608,-0.8960801779146949,0.8296052631578947,-0.8960801779146949,0.8502410892671621,-127.0,0.8223684210526315,0.9671052631578947,0.9276315789473685,0.838157894736842,0.8868421052631579,瑞昱
5475.0,5550.0,5200.0,5220.0,4021580.0,-0.03153988868274582,5593.0,0.09433962264150941,5383.25,0.5263157894736843,4860.333333333333,2.2830188679245285,3547.7916666666665,0.03648616125150421,51.54320987654321,2019099.4,1.9917692016549557,-0.030325546835090367,2383.TW,2026-07-07,0.052005945108564156,0.3151702408451047,bull,0.2097966728280961,0.10730804810360776,2026-03-31,2026-05-15,33067261000.0,9729153000.0,7128470000.0,7194158000.0,1855381000.0,5339793000.0,14.9,90741002000.0,68350963000.0,130976723000.0,83055788000.0,47920935000.0,22134504000.0,12291308000.0,10978888000.0,0.0,0.2579010636130038,5290030005.06661,62625760000.0,0.0844705118958494,0.1114292323386428,0.0407690227522336,1.733183795349569,0.2942231290338803,0.2155748551414645,0.1614827729457241,0.5252381635035763,,,86.0587773245522,86.0587773245522,True,67.75865526544229,67.75865526544229,72.33368578021977,55.0,True,False,True,True,False,True,True,True,True,True,True,True,True,True,True,True,False,12,False,0.07400041149441061,0.4713378040330254,1.0,10539698868.0,0.022181146025878003,3.0,2.0,,,,,,-0.09386109371586288,-0.21340393397689925,0.2968643932589932,-0.9486710585840343,0.5134868421052632,-0.9486710585840343,0.5549418510079018,-55.0,0.9210526315789473,0.7236842105263158,0.5855263157894737,0.8707236842105263,0.7947368421052631,台光電
13.449999809265137,13.5,12.649999618530272,12.949999809265137,2077423.0,0.06147541079717245,12.769999885559082,0.09282695294385968,12.259999990463257,0.28217815051019657,10.98266668319702,0.32142852624720897,10.640000025431315,0.009261156932510901,63.095231877973234,1495198.3,1.3893963095062374,0.0562805725398543,2390.TW,2026-07-07,0.052005945108564156,0.3151702408451047,bull,0.2144177449168207,0.21554116558741906,2026-03-31,2026-05-15,148356000.0,34460000.0,-10060000.0,106739000.0,2535000.0,104204000.0,0.54,1736331000.0,343966000.0,2788406000.0,357128000.0,2431278000.0,330191000.0,179250000.0,,,0.023749519856847,-9821079.83024012,2444440000.0,-0.004017721780956,0.0428597634659631,0.0373704546611935,0.1468890024094324,0.2322791124052953,-0.0678098627625441,0.702391544662838,-0.2235881494041731,,,41.62410520689323,41.62410520689323,False,78.78592005037947,78.78592005037947,69.49546633950791,488.0,True,True,True,True,True,True,True,True,True,False,True,True,True,True,False,False,False,13,False,0.17913073234554644,0.21710524232260808,1.0,19362817.699813556,0.6247689463955638,0.0,3.0,,,,,,0.00821064165125676,-0.07368989216870482,0.13312850473785873,-1.2104438025461748,0.6611842105263157,-1.2104438025461748,0.662043311301827,-488.0,0.4342105263157895,0.6052631578947368,0.756578947368421,0.4825657894736842,0.5499999999999999,云辰
519.0,522.0,493.0,496.5,1851541.0,0.009146341463414531,509.1,0.05414012738853513,487.275,0.43497109826589586,451.55,0.7329842931937174,383.23333333333335,0.002933004013584346,54.95495495495495,2488351.2,0.7440834718186082,0.01893181468370031,2395.TW,2026-07-07,0.052005945108564156,0.3151702408451047,bull,0.3243992606284658,0.1322849213691027,2026-03-31,2026-05-15,20385264000.0,7979823000.0,3728486000.0,4068287000.0,750007000.0,3334165000.0,3.85,49300373000.0,29811036000.0,83769137000.0,34044129000.0,49725008000.0,10001958000.0,,43915000.0,,0.184354496130681,3041122842.1397014,53958101000.0,0.0563608204473263,0.0670520756879516,0.0398018305954375,0.6846480346468723,0.3914505595806853,0.182901040673302,0.1635576071028562,0.1748587968840969,,,87.43653384699755,87.43653384699755,False,66.82183365384344,66.82183365384344,71.97550870213198,49.0,True,False,True,True,True,True,True,True,True,True,True,True,False,True,True,False,False,12,False,0.0995460081939985,0.2955553622684177,1.0,1235466370.8000002,0.1377079482439926,2.0,2.0,,,,,,-0.06093058716177051,-0.19811939004726214,0.2708263961218951,-1.583751579041206,0.4463815789473684,-1.583751579041206,0.38574744094622593,-49.0,0.9473684210526315,0.6973684210526315,0.3157894736842105,0.8526315789473684,0.7460526315789473,研華
55.0,55.0,49.5,49.5,22823258.0,0.018518550496624986,51.14000015258789,0.10862258249442758,49.805000114440915,0.4473683887644899,45.79583352406819,0.81318686385904,36.3504167397817,0.01193681106585948,45.20348809808565,13501198.0,1.690461690881061,-0.006123885427970932,2399.TW,2026-07-07,0.052005945108564156,0.3151702408451047,bull,0.18299445471349354,0.12858464384828863,2026-03-31,2026-05-15,434635000.0,71576000.0,-38003000.0,293376000.0,30236000.0,263140000.0,1.48,2477133000.0,591690000.0,3098844000.0,636030000.0,2462814000.0,675875000.0,60000000.0,,,0.1030622818499127,-34086324.10285777,2507154000.0,-0.0135956244023533,0.1068452591222885,0.0849155362451288,0.2582533638350277,0.1646807091007397,-0.0874365847205126,0.60542754265073,-0.1279866459882791,,,45.4971718000302,45.4971718000302,False,70.54170283837914,70.54170283837914,64.2805700787919,427.0,True,False,True,True,False,True,True,False,True,True,True,True,True,True,False,False,False,11,False,0.08088435542908212,0.3617450483264326,1.0,668309301.0,0.19408502772643252,1.0,3.0,,,,,,-0.1555262750481211,-0.2539521766964286,0.08711315884702402,-1.7434385689421008,0.08717105263157894,-1.7434385689421008,0.08972796454447216,-427.0,0.5131578947368421,0.3092105263157895,0.05263157894736842,0.4440789473684211,0.35986842105263156,映泰
1320.0,1320.0,1250.0,1260.0,2300893.0,-0.045454545454545414,1323.0,0.1351351351351351,1290.5,0.36069114470842334,1130.1166666666666,0.3125,1052.7583333333334,0.03054501896586145,51.45631067961164,3694114.5,0.6228537312527807,-0.02363425029058508,2404.TW,2026-07-07,0.052005945108564156,0.3151702408451047,bull,0.14417744916820702,0.16466234967622573,2026-03-31,2026-05-15,20288456000.0,4731351000.0,3970281000.0,4415769000.0,1328758000.0,3081118000.0,16.31,80001823000.0,69797396000.0,85443204000.0,70802446000.0,14640758000.0,30246120000.0,,,,0.3009120268745942,2775575697.0283093,15645808000.0,0.1774005981045088,0.2104479836358199,0.0360604220787413,4.8359822626670015,0.2332040939931555,0.1956916287764825,0.1518655732106967,0.7615308303510635,,,76.52353900012174,76.52353900012174,False,66.55811778304815,66.55811778304815,69.04947308731654,107.0,True,False,True,True,False,True,True,True,True,True,True,True,False,True,True,False,False,11,False,0.11492913710973807,0.19685587860461795,1.0,4654584270.0,0.041589648798521256,3.0,3.0,,,,,,-0.025442218885038326,-0.14112784104714088,0.17867211898748503,-0.6341829859578151,0.5904605263157894,-0.6341829859578151,0.6062058705059726,-107.0,0.875,0.5723684210526315,0.6710526315789473,0.8444078947368421,0.7434210526315789,漢唐
41.45000076293945,42.400001525878906,39.0,39.09999847412109,29719553.0,-0.06459332086651326,40.73000030517578,0.22187495231628396,37.54749984741211,0.2030768761268027,34.449166711171465,0.5734405583058813,32.919166739781694,0.0340103282515369,59.19810747837182,37463517.9,0.7932931733567926,0.041347589933234286,2406.TW,2026-07-07,0.052005945108564156,0.3151702408451047,bull,0.0822550831792976,0.272895467160037,2026-03-31,2026-05-15,2717146000.0,521332000.0,279611000.0,334067000.0,42064000.0,94705000.0,0.27,6714512000.0,3389608000.0,16923961000.0,8268290000.0,8655671000.0,1330157000.0,1538676000.0,2398993000.0,1947689000.0,0.1259148613900804,244403819.6918582,13534353000.0,0.0180580349642024,0.0109413816675795,0.0055959122099135,0.9552454107832888,0.1918674962626226,0.1029061375428482,0.0348545863932228,1.6828458162393796,,,46.5019040033972,46.5019040033972,False,77.15349051824725,77.15349051824725,69.49059388953474,409.0,True,True,True,True,True,True,True,True,True,False,True,True,False,True,False,False,False,12,False,0.1350056389445673,0.1877578428153246,1.0,1464823492.725208,0.12292051756007394,1.0,3.0,,,,,,-0.08774541113607677,-0.20080264976088266,0.24194017071618276,-1.4498339724554183,0.38190789473684206,-1.4498339724554183,0.3323725984592187,-409.0,0.5394736842105263,0.5986842105263158,0.21710526315789475,0.4911184210526316,0.49276315789473685,國碩
423.0,437.0,402.0,403.0,81563291.0,-0.10652985040544949,411.1376586914063,0.187039764359352,420.64244537353517,0.8744186046511628,328.95581512451173,0.9468599033816425,290.06957422892253,0.016945974215303347,46.12523082658546,106671146.0,0.7646237437066628,-0.04194166700858848,2408.TW,2026-07-07,0.052005945108564156,0.3151702408451047,bull,0.09981515711645102,0.04717853839037928,2026-03-31,2026-05-15,49086932000.0,33325482000.0,30111283000.0,31718134000.0,5659880000.0,26059487000.0,8.41,141606845000.0,25207062000.0,240968098000.0,47930660000.0,193037438000.0,86281008000.0,0.0,13800000000.0,3996400000.0,0.1784430319892084,24738134364.394894,215761036000.0,0.1146552446308929,0.1349970620724877,0.1081449669740099,0.2482972240856201,0.6789074126694249,0.6134276837672398,0.5308844113541258,5.829068133568171,,,100.0,100.0,True,70.82608182674699,70.82608182674699,78.11956137006024,2.0,True,False,True,True,False,True,True,False,True,True,True,True,False,True,True,True,True,11,False,0.22508854220273355,0.3893218586308984,1.0,42988471838.0,0.0036968576709796672,2.0,0.0,,,,,,-0.14345773604039191,-0.28921384494387575,0.2003901607829868,-1.7172749184613467,0.16085526315789475,-1.7172749184613467,0.14098523561811507,-2.0,0.993421052631579,0.8947368421052632,0.08552631578947369,0.8572368421052632,0.7822368421052632,南亞科
31.899999618530277,33.0,29.049999237060547,29.350000381469727,504878905.0,-0.10244649245594051,30.440000152587892,0.20286888689867966,28.017500114440924,0.6170799448119426,22.970833396911623,1.3293650391180538,19.26083337465922,0.03043398512243541,61.14519374757972,505956911.95,0.9978693700500202,0.04755957032519098,2409.TW,2026-07-07,0.052005945108564156,0.3151702408451047,bull,0.0933456561922366,0.0851063829787234,2026-03-31,2026-05-15,69031355000.0,8183487000.0,-635608000.0,-501422000.0,538028000.0,-1143537000.0,-0.15,139726713000.0,124948160000.0,376390658000.0,214627241000.0,161763417000.0,53064131000.0,12198589000.0,72270609000.0,,0.0,-635608000.0,251442498000.0,-0.0025278463468017,-0.0070691941429501,-0.0030381652033457,1.3267971521645094,0.118547390529999,-0.0092075260582672,-0.0165654723132698,-0.0425858019689946,,,11.660468541521832,11.660468541521832,False,83.87394188066438,83.87394188066438,65.82057354587874,1021.0,True,True,True,True,True,True,True,True,True,True,True,True,True,True,False,False,False,14,False,0.27770725050906386,0.5238177814301876,1.0,14849835558.739744,0.013863216266173753,0.0,3.0,,,,,,-0.15498690987106162,-0.31728084328943224,0.2067447073830434,-1.725014880546677,0.14769736842105263,-1.725014880546677,0.13327148896726354,-1021.0,0.05263157894736842,0.42105263157894735,0.07894736842105263,0.05657894736842105,0.16842105263157892,友達
42.0,42.75,37.650001525878906,37.650001525878906,3000644.0,0.0040000406901041785,38.33000106811524,0.3715847169195925,32.802500343322755,0.3164336022272496,29.240833473205566,0.4649805606298614,28.48750011126201,0.08797678725730182,72.67442344007426,1279089.85,2.345921203268089,0.14777840505511652,2415.TW,2026-07-07,0.052005945108564156,0.3151702408451047,bull,0.031423290203327174,0.1933395004625347,2026-03-31,2026-05-15,616855000.0,153539000.0,68694000.0,63743000.0,21189000.0,31052000.0,0.35,8700617000.0,6499060000.0,10396905000.0,7194884000.0,3202021000.0,670954000.0,4442658000.0,608333000.0,,0.3324129708360133,45859223.38139091,3897845000.0,0.0117652762953352,0.009697625343494,0.0029866580487173,2.24698214034199,0.2489061448800771,0.1113616652211621,0.0503392207244814,0.1450722474679973,,,33.42135071039564,33.42135071039564,False,79.22381378233682,79.22381378233682,67.77319801435152,620.0,True,True,True,True,True,True,True,False,True,True,True,True,True,True,False,False,False,13,False,0.2875830492444398,0.3216323432674484,1.0,48157734.804236226,0.5073937153419593,1.0,3.0,,,,,,-0.002615711286229532,-0.09362276013614522,0.3243190244434165,-1.1578464726034459,0.8720394736842105,-1.1578464726034459,0.7910255130679317,-620.0,0.34210526315789475,0.506578947368421,0.8618421052631579,0.4200657894736842,0.4953947368421052,錩新
79.80000305175781,87.0999984741211,71.30000305175781,72.69999694824219,69911310.0,-0.044678076137348754,75.55999908447265,0.17258059593939,76.775,0.5388474051613517,68.91269041697184,3.2195640963930643,46.89138118426005,0.01931757213745956,53.0645128144926,24078998.75,2.90341432905303,-0.05307721330847048,2426.TW,2026-07-07,0.052005945108564156,0.3151702408451047,bull,0.11367837338262476,0.1026827012025902,2026-03-31,2026-05-15,545147000.0,107038000.0,16725000.0,17730000.0,1096000.0,16634000.0,0.06,2649632000.0,798477000.0,4627612000.0,866690000.0,3760922000.0,615916000.0,52733000.0,0.0,,0.0618161308516638,15691125.211505923,3829135000.0,0.0040978250209266,0.004422851630531,0.0035945105164391,0.2304461512363191,0.1963470403395781,0.0306797982929375,0.0305128708403421,-0.0985551006369594,,,23.08242867683808,23.08242867683808,False,70.2053732845594,70.2053732845594,58.424637132629066,808.0,True,False,True,True,False,True,True,True,True,True,True,True,True,True,False,False,False,12,False,0.054958041956487014,0.5503914602678686,1.0,1750543135.6417274,0.10351201478743069,1.0,3.0,,,,,,-0.1334092019819084,-0.24999439161516854,0.14996183153863274,-1.5166356599671489,0.17894736842105263,-1.5166356599671489,0.18463030763795127,-808.0,0.17763157894736842,0.13157894736842105,0.10526315789473684,0.16677631578947366,0.1493421052631579,鼎元
344.5,347.0,309.5,309.5,4243663.0,-0.01746031746031751,322.0,0.13577981651376136,304.8,0.831360946745562,244.60833333333332,0.7099447513812154,206.65416666666667,0.04133925521011282,58.60058309037901,3085648.15,1.375290633833284,0.015419947506561726,2428.TW,2026-07-07,0.052005945108564156,0.3151702408451047,bull,0.1423290203327172,0.05272895467160037,2026-03-31,2026-05-15,2053739000.0,697718000.0,408603000.0,362327000.0,77885000.0,283006000.0,2.21,11421979000.0,3081899000.0,17353650000.0,5491553000.0,11862097000.0,3511782000.0,945000000.0,390554000.0,,0.2149577591512639,320770614.7375161,14271751000.0,0.0224759116619618,0.023858007568139,0.0163081541923457,0.4629495948313354,0.3397306084171357,0.1989556608702469,0.1378003728808772,0.083226526493898,,,64.00836216806215,64.00836216806215,False,81.15830430891822,81.15830430891822,76.8708187737042,223.0,True,True,True,True,True,True,True,True,True,True,True,True,True,True,True,False,False,14,False,0.2652880455149389,0.4976712301147246,1.0,955008102.425,0.1598890942698706,2.0,3.0,,,,,,-0.04039067815093267,-0.15333106123321885,0.23495116999980278,-1.3784053119198787,0.5296052631578947,-1.3784053119198787,0.5784278885319727,-223.0,0.7171052631578947,0.8552631578947368,0.625,0.7032894736842105,0.7401315789473684,興勤
145.0,147.5,132.0,133.5,16964474.0,-0.02197802197802201,140.1,0.08097165991902844,133.25,0.43857753889881224,114.96666692097982,0.4800443959726943,103.15083351135254,0.014465169394746904,56.060606060606055,11102227.1,1.528024408724264,0.0018761726078799779,2441.TW,2026-07-07,0.052005945108564156,0.3151702408451047,bull,0.24399260628465805,0.13135985198889916,2026-03-31,2026-05-15,4722344000.0,1115834000.0,923616000.0,1008584000.0,210655000.0,797945000.0,1.4,12295231000.0,3780793000.0,29303556000.0,4066699000.0,25236857000.0,6332374000.0,,,,0.2088621274975609,730707597.2492127,25522763000.0,0.0286296431639949,0.0316182399416852,0.0272303129353993,0.1611412625589628,0.2362881653687236,0.1955842268161743,0.1689722307396496,0.2119643633492949,,,73.76313956490999,73.76313956490999,False,73.46456114688115,73.46456114688115,73.53920575138837,132.0,True,False,True,True,True,True,True,True,True,True,True,True,True,True,True,False,False,13,False,0.16120614414053347,0.2942212433533782,1.0,1482147317.85,0.12107208872458411,2.0,3.0,,,,,,-0.05091222893414428,-0.17092390890370532,0.21655510333925596,-1.3382361413179218,0.45625,-1.3382361413179218,0.44424144994468906,-132.0,0.8157894736842105,0.7763157894736842,0.40789473684210525,0.7546052631578948,0.7223684210526315,超豐
354.5,355.0,316.0,317.0,48612242.0,-0.06074074074074076,336.3,0.098786828422877,311.85,0.14234234234234244,305.575,0.18504672897196262,296.62916666666666,0.021705299369317716,58.986175115207374,35257805.05,1.3787654089941712,0.016514349847683185,2449.TW,2026-07-07,0.052005945108564156,0.3151702408451047,bull,0.20425138632162662,0.3348751156336725,2026-03-31,2026-05-15,10191943000.0,4050583000.0,2771958000.0,2808280000.0,521735000.0,2286437000.0,1.87,28146159000.0,18477256000.0,113177925000.0,58739756000.0,54438169000.0,14441729000.0,,30616797000.0,,0.1857845371544148,2256971065.958523,94700669000.0,0.0238326834413231,0.0420006227615774,0.0202021463107757,1.0790178486715818,0.397429911058176,0.2719754221545391,0.2243376949812219,0.393200318775639,,,76.50720520459335,76.50720520459335,False,72.79557154310928,72.79557154310928,73.7234799584803,108.0,True,False,True,True,True,True,True,True,True,False,True,True,True,True,True,False,False,12,False,0.03738852982082963,0.06867441109128958,1.0,11176724200.849998,0.019408502772643253,2.0,3.0,,,,,,-0.1074315312523427,-0.2280543008605195,0.18226009466643114,-0.9588461660910333,0.31282894736842104,-0.9588461660910333,0.3516234600226291,-108.0,0.868421052631579,0.7894736842105263,0.25,0.7756578947368421,0.7210526315789474,京元電子
181.5,196.5,180.5,188.0,22347683.0,-0.005291005291005346,183.6,0.20127795527156556,169.0,0.4406130268199233,154.93333333333334,0.6542157988706385,138.0365093866984,0.03316521473330284,66.2037037037037,8589982.25,2.601598274548239,0.11242603550295849,2458.TW,2026-07-07,0.052005945108564156,0.3151702408451047,bull,0.09704251386321626,0.12950971322849214,2026-03-31,2026-05-15,3224766000.0,1535871000.0,778771000.0,839901000.0,164027000.0,705046000.0,2.46,8628282000.0,4973856000.0,16710597000.0,6912540000.0,9798057000.0,3790288000.0,247000000.0,927254000.0,,0.1952932548002681,626682276.6659404,11736741000.0,0.0533949140281736,0.0719577361103328,0.0421915506669211,0.705501100881532,0.4762736272957479,0.2414969024109036,0.2186347784614449,0.0339486816438188,,,86.91654017956604,86.91654017956604,False,82.4379250411892,82.4379250411892,83.55757882578341,50.0,True,True,True,True,True,True,True,True,True,True,True,True,True,True,True,False,False,14,False,0.21342512908777955,0.36195851978068205,1.0,1614916663.0,0.10905730129390019,2.0,2.0,,,,,,-0.03722969656140194,-0.13200901203113377,0.27015415886257516,-1.4602163027264317,0.6200657894736842,-1.4602163027264317,0.6493027272689034,-50.0,0.9407894736842105,0.9868421052631579,0.7105263157894737,0.90625,0.9085526315789474,義隆
39.70000076293945,40.0,36.54999923706055,36.54999923706055,1690939.0,-0.014824777888985285,37.46999969482422,0.2244555701831763,35.56499977111817,0.17903223345356611,34.69749984741211,0.6538460907768475,29.618749952316286,0.031243200274452466,53.971963408149506,2215278.1,0.7633077761207497,0.027695753473399032,2460.TW,2026-07-07,0.052005945108564156,0.3151702408451047,bull,0.08133086876155268,0.28862164662349676,2026-03-31,2026-05-15,1130635000.0,129255000.0,36172000.0,40710000.0,21769000.0,18941000.0,0.11,3036493000.0,3048223000.0,5150304000.0,3565610000.0,1584694000.0,366608000.0,2049411000.0,474796000.0,,0.4,21703200.0,2102081000.0,0.0103246259302091,0.0119524652708977,0.0036776469893815,2.2500306052777383,0.114320713581306,0.0319926413033383,0.0167525328686976,0.6226803679836963,,,27.363117844958968,27.363117844958968,False,69.84358268118204,69.84358268118204,59.22346647212627,727.0,True,False,True,True,True,True,True,True,True,False,True,True,False,True,False,False,False,11,False,0.053389996333888634,0.23401559133666994,1.0,80968412.86487694,0.433456561922366,1.0,3.0,,,,,,-0.040158579038739116,-0.17215212100785277,0.2705672496256492,-1.7022806266456527,0.4957236842105263,-1.7022806266456527,0.46310799514521317,-727.0,0.23684210526315788,0.14473684210526316,0.4473684210526316,0.26842105263157895,0.2513157894736842,建通
655.0,671.0,607.0,613.0,2307942.0,-0.011290322580645107,637.4,0.08946829123410915,590.7011474609375,0.13099630996309952,585.1363789876302,1.2703703703703701,454.36402282714846,0.01856591949291614,57.13938824342063,1709282.15,1.3502405088592309,0.03774980399972416,2467.TW,2026-07-07,0.052005945108564156,0.3151702408451047,bull,0.22181146025878004,0.3450508788159112,2026-03-31,2026-05-15,2261506000.0,1118836000.0,551124000.0,613560000.0,131154000.0,466168000.0,3.06,8668744000.0,7397306000.0,20907953000.0,12303757000.0,8604196000.0,2586058000.0,930000000.0,2672580000.0,1609684000.0,0.2137590455701153,433316259.7692157,13510647000.0,0.0320722064434971,0.0541791470115278,0.0222962047025837,1.4299717254232702,0.4947305025942889,0.243697783689276,0.2061316662436447,0.7275418248873835,,,82.91061822425604,82.91061822425604,False,71.49430351055457,71.49430351055457,74.34838218897994,67.0,True,False,True,True,True,True,True,True,True,False,True,True,True,True,True,False,False,12,False,0.04761902013437935,0.34913850833916205,1.0,1047789957.9499999,0.15434380776340112,3.0,2.0,,,,,,-0.0860323080326054,-0.22070501880216656,0.2552686318284844,-0.6576266345766577,0.4805921052631579,-0.6576266345766577,0.4381986765687186,-67.0,0.9144736842105263,0.8157894736842105,0.39473684210526316,0.8365131578947369,0.780921052631579,志聖
404.0,414.5,365.0,369.0,10411995.0,-0.1863285556780595,410.4,0.08849557522123885,386.95,1.4932432432432434,290.53333333333336,2.1404255319148935,204.3125,0.03483318847362433,53.35413416536661,12555719.5,0.8292631099316928,-0.04638842227677997,2472.TW,2026-07-07,0.052005945108564156,0.3151702408451047,bull,0.22365988909426987,0.01942645698427382,2026-03-31,2026-05-15,2943086000.0,883334000.0,549622000.0,520427000.0,122244000.0,262833000.0,1.6,11680366000.0,3302511000.0,18688580000.0,4096143000.0,14592437000.0,4465054000.0,1452324000.0,282000000.0,,0.2348917331345222,420520335.8511376,15386069000.0,0.0273312394381656,0.0180115905245984,0.0140638293546112,0.2807031478018373,0.3001386979517418,0.1867502342778974,0.0893052394663288,0.0925167204371126,,,62.238957459260455,62.238957459260455,False,69.30913541963908,69.30913541963908,67.54159092954443,240.0,True,False,True,True,False,True,True,True,True,True,True,True,True,True,True,False,False,12,False,0.27007801743919213,0.806056898133986,1.0,4633060495.5,0.04343807763401109,2.0,3.0,,,,,,-0.08650662931144695,-0.2434666944037711,0.24329103646817954,-1.3677403927670608,0.3700657894736842,-1.3677403927670608,0.3717506522333142,-240.0,0.6907894736842105,0.5,0.2894736842105263,0.6305921052631578,0.5532894736842104,立隆電
138.0,140.0,128.5,131.0,6006600.0,0.007692307692307665,132.5,0.11016949152542366,126.9,0.31131129128225976,120.88333333333334,0.43956043956043955,103.40083338419596,0.0248334342822532,65.33333333333334,4863624.65,1.2350048435583942,0.03230890464933012,2476.TW,2026-07-07,0.052005945108564156,0.3151702408451047,bull,0.17837338262476896,0.1998149861239593,2026-03-31,2026-05-15,2167648000.0,648571000.0,386545000.0,381039000.0,105379000.0,249094000.0,1.14,8508714000.0,2022591000.0,12826616000.0,2840613000.0,9986003000.0,3388343000.0,0.0,,0.0,0.2765569928537499,279643277.1973472,10804025000.0,0.0258832497330714,0.0249443145570855,0.0194200871063731,0.2844594579032271,0.2992049447142709,0.1783246172810345,0.1149144141484226,0.3165738497392238,,,72.21370863120339,72.21370863120339,False,74.48939147044058,74.48939147044058,73.92047076063128,147.0,True,False,True,True,True,True,True,True,True,False,True,True,True,True,True,False,False,12,False,0.08368950778988005,0.2669143537098644,1.0,637134829.1500001,0.20055452865064696,2.0,3.0,,,,,,-0.05775320112735927,-0.1722246263736721,0.2182954132903031,-1.2915684858697096,0.4532894736842105,-1.2915684858697096,0.4961225157415236,-147.0,0.7894736842105263,0.7960526315789473,0.5131578947368421,0.7480263157894737,0.7361842105263158,鉅祥
162.5,165.0,160.0,162.0,460525.0,0.03846153846153855,160.1,0.06895078258060905,153.040030670166,0.14487632508833914,148.36422729492188,0.062295081967213006,145.32794698079428,0.012888438811917908,72.72727272727272,555885.1,0.8284535779066574,0.058546573014903736,2480.TW,2026-07-07,0.052005945108564156,0.3151702408451047,bull,0.27818853974122,0.33117483811285847,2026-03-31,2026-05-15,2420984000.0,568028000.0,300400000.0,336304000.0,56799000.0,279505000.0,2.63,7208003000.0,5342627000.0,8394801000.0,5408397000.0,2986404000.0,1289115000.0,0.0,,,0.1688918359579428,249664892.478234,3052174000.0,0.0817990365156881,0.0935924945184911,0.0332950119961152,1.811006481373585,0.2346269120324628,0.1240817783182375,0.1154509901758954,0.1706727375064554,,,72.57043193555015,72.57043193555015,True,63.25385393951725,63.25385393951725,65.58299843852546,141.0,True,False,True,True,True,True,True,False,True,False,True,True,True,True,True,True,False,11,False,0.09190741564658045,0.11472021290859491,1.0,90053386.2,0.42051756007393715,2.0,3.0,,,,,,-0.020902862770281985,-0.10666276534437028,0.27208095096719653,-0.44338853628372055,0.8125,-0.44338853628372055,0.7420754890123159,-141.0,0.8026315789473685,0.40131578947368424,0.8355263157894737,0.8075657894736842,0.6888157894736843,敦陽科
39.5,40.79999923706055,38.79999923706055,40.150001525878906,580825.0,0.0,39.14999999999999,0.28480004882812504,37.63249998092651,1.676666768391927,26.195833333333333,1.0695877482146372,21.71041663487752,0.05126056123539645,60.48193129906135,834779.95,0.6957821639103815,0.06689700514790031,2491.TW,2026-07-07,0.052005945108564156,0.3151702408451047,bull,0.05545286506469501,0.014801110083256245,2026-03-31,2026-05-15,35944000.0,5341000.0,-45575000.0,117289000.0,-67000.0,70043000.0,0.85,1624764000.0,245075000.0,1724545000.0,273979000.0,1450566000.0,105525000.0,,0.0,,0.0,-45575000.0,1479470000.0,-0.0308049504214347,0.0482866687899757,0.040615350715696,0.1888773072028435,0.1485922546182951,,1.9486701535722235,-0.1873756556339302,,,45.70697288449711,45.70697288449711,False,87.9655048350376,87.9655048350376,77.40087184740248,424.0,True,True,True,True,True,True,True,True,True,True,True,True,False,True,False,False,False,13,False,0.532686554192928,0.8493427464389796,1.0,33516416.266273115,0.5489833641404805,1.0,3.0,,,,,,-0.06981346525862117,-0.21315540511644518,0.22075379856221816,-1.289495354570641,0.3950657894736842,-1.289495354570641,0.47919044174333364,-424.0,0.5263157894736842,0.868421052631579,0.48026315789473684,0.519407894736842,0.6197368421052631,吉祥全
68.5,70.80000305175781,63.5,64.5,3361175.0,0.12369334991951253,61.12000045776367,0.06085527646987399,60.53000068664551,0.27722772277227725,58.8566666285197,0.17700731565666628,53.40916659037272,-0.001896277850607914,54.39330056419191,1030855.85,3.2605674207504376,0.0655872999887539,2497.TW,2026-07-07,0.052005945108564156,0.3151702408451047,bull,0.3022181146025878,0.21924144310823312,2026-03-31,2026-05-15,1130838000.0,297305000.0,91960000.0,142200000.0,41992000.0,100208000.0,0.8,3279260000.0,2114363000.0,6049706000.0,2954371000.0,3095335000.0,896947000.0,901015000.0,704167000.0,,0.2953023909985935,64803992.12376934,3935343000.0,0.0164671776065693,0.0323738787562574,0.0165641107187688,0.9544592103924132,0.2629068000898448,0.0813202244707022,0.0886139305541554,0.0509822655025826,,,47.28098894529075,47.28098894529075,False,58.577251665714826,58.577251665714826,55.75318598560881,402.0,True,False,True,True,True,True,False,True,True,False,False,True,False,True,False,False,False,9,False,0.09588265348254965,0.20765786320332613,1.0,66490202.324999996,0.45748613678373384,1.0,3.0,,,,,,0.009304382980101698,-0.07852208939005248,0.24369802128243964,-0.6753487712865766,0.83125,-0.6753487712865766,0.8620811513657418,-402.0,0.5526315789473685,0.07236842105263158,0.9407894736842105,0.6108552631578947,0.4861842105263158,怡利電
42.54999923706055,43.29999923706055,42.09999847412109,42.59999847412109,736629.0,0.04668298957162986,41.619999694824216,0.23299564152885988,39.29750003814697,0.29090904467033596,36.57833334604899,0.4564102042434559,33.23041666348775,0.034689313246116446,67.32026893401263,1347513.55,0.5466579538291099,0.0840383849549795,2527.TW,2026-07-07,0.052005945108564156,0.3151702408451047,bull,0.07578558225508318,0.20999074930619796,2026-03-31,2026-05-15,4588717000.0,1261812000.0,1127130000.0,1064163000.0,166487000.0,902888000.0,3.45,13282023000.0,8513905000.0,33780839000.0,11901818000.0,21879021000.0,1538877000.0,2676000000.0,3358749000.0,,0.1564487771140323,950791889.8514608,25266934000.0,0.0376298877359421,0.0412672943638565,0.0267278145459915,0.5439831151494393,0.2749814381667032,0.2456307503818605,0.1967626244983074,24.973085718167,,,82.24426248497689,82.24426248497689,False,77.45734150814903,77.45734150814903,78.65407175235599,75.0,True,True,True,True,True,True,True,True,True,False,True,True,False,True,True,False,False,12,False,0.16462382446745694,0.28195799966987045,1.0,57404075.17385749,0.47966728280961185,1.0,2.0,,,,,,-0.009590498285891093,-0.10789527917161965,0.3875247680673136,-1.2745201196595377,0.8240131578947368,-1.2745201196595377,0.8343629503153516,-75.0,0.9013157894736842,0.9144736842105263,0.9144736842105263,0.9032894736842104,0.9078947368421053,宏璟
22.450000762939453,22.549999237060547,21.799999237060547,22.0,53766291.0,-0.0717299876883466,22.479999923706053,0.15485568929579885,21.965000057220458,0.21546958764282587,19.68999999364217,0.08641975308641969,20.003750054041543,0.03303938665265814,55.40539634933735,74938896.5,0.717468411080753,0.0015934415064131624,2610.TW,2026-07-07,0.052005945108564156,0.3151702408451047,bull,0.12846580406654343,0.26364477335800185,2026-03-31,2026-05-15,56997031000.0,11740924000.0,6436036000.0,7021709000.0,1173546000.0,5169442000.0,0.85,86787582000.0,117191909000.0,372739998000.0,264413465000.0,108326533000.0,52710911000.0,,54806125000.0,5750000000.0,0.1671311072560825,5360374176.979992,255548089000.0,0.0209759900688593,0.0477209217062268,0.0138687611411104,2.440892897403077,0.2059918524528058,0.1129187939631452,0.0906966890959636,0.080061410563945,,,43.706898976143904,43.706898976143904,False,68.47146705774068,68.47146705774068,62.280325037341484,453.0,True,False,True,True,True,True,True,True,True,False,True,True,False,True,False,False,False,11,False,0.11731843611496795,0.09979378569345476,1.0,1648655723.0,0.10536044362292052,0.0,3.0,,,,,,-0.012335752451633413,-0.09478945898492148,0.2573721934482184,-0.728334888354166,0.8305921052631579,-0.728334888354166,0.8150435015763231,-453.0,0.48026315789473684,0.26973684210526316,0.8947368421052632,0.5424342105263158,0.5,華航
43.5,43.5,42.0,42.400001525878906,66305242.0,-0.055679285412921,43.52000045776367,0.16483515792531622,41.937500381469725,0.21664285171674513,37.41000010172526,0.1616438774213398,36.87083336512248,0.03792847090087739,62.21199031594136,63067873.65,1.0513314967294762,0.011028343134478646,2618.TW,2026-07-07,0.052005945108564156,0.3151702408451047,bull,0.12199630314232902,0.2627197039777983,2026-03-31,2026-05-15,60515845000.0,15865568000.0,11279920000.0,11043489000.0,2178622000.0,8268012000.0,1.53,119872996000.0,106923312000.0,391276107000.0,247236537000.0,144039570000.0,95057424000.0,110000000.0,46720454000.0,,0.1972766034357439,9054655695.373083,284352795000.0,0.0318430339162767,0.057400976689947,0.0211308890373927,1.7164487300260616,0.2621721302908354,0.1863961413742136,0.1366255730214128,0.1014063587979636,,,65.4946890287355,65.4946890287355,False,74.77225346696918,74.77225346696918,72.45286235741075,205.0,True,False,True,True,True,True,True,True,True,False,True,True,True,True,True,False,False,12,False,0.13338683268069595,0.149960487901168,1.0,2674077938.993938,0.07024029574861368,1.0,3.0,,,,,,-0.030936558549140354,-0.10282853947420323,0.2827732747969151,-0.9107610873628934,0.7756578947368421,-0.9107610873628934,0.7636744088580427,-205.0,0.743421052631579,0.7302631578947368,0.8486842105263158,0.7592105263157896,0.7605263157894737,長榮航
60.900001525878906,61.400001525878906,58.29999923706055,58.400001525878906,24785830.0,0.031802174916679915,57.9,0.297777811686198,50.997500038146974,0.25726588948678475,48.70000012715658,0.14285720684423908,50.57500015894572,0.05952319030409331,75.4923549095591,19908092.75,1.245012785064506,0.14515420328829332,2634.TW,2026-07-07,0.052005945108564156,0.3151702408451047,bull,0.04805914972273567,0.2303422756706753,2026-03-31,2026-05-15,7587090000.0,591710000.0,272385000.0,343445000.0,82787000.0,260658000.0,0.28,37638357000.0,26369324000.0,51480606000.0,33336880000.0,18143726000.0,2181426000.0,5295860000.0,1125000000.0,3448642000.0,0.2410487851038739,206726926.6694813,25111282000.0,0.0082324322059495,0.0143662883797958,0.005063227111196,1.837377835181153,0.0779890577283253,0.0359011162382415,0.0343554643479911,0.0064028588028364,,,19.130159005497152,19.130159005497152,False,79.84144182542192,79.84144182542192,64.66362112044074,872.0,True,True,True,True,True,True,True,False,True,False,True,True,True,True,False,False,False,12,False,0.19917867296499892,0.15472073835572897,1.0,1162632646.9773388,0.14602587800369685,1.0,3.0,,,,,,-0.07479109290084948,-0.1661903018048825,0.1997267947720369,-1.7797019486898358,0.28980263157894737,-1.7797019486898358,0.38187722375601546,-872.0,0.125,0.3355263157894737,0.3092105263157895,0.15263157894736842,0.225,漢翔
18.049999237060547,18.200000762939453,18.0,18.100000381469727,30851644.0,0.019718331350407237,17.88000030517578,0.10030392352610651,17.594999980926513,0.17915309001032687,16.66166663169861,0.1277259340720458,16.085833303133647,0.016758165761283063,65.78951859418058,39863082.85,0.7739402423061718,0.028701358402423827,2834.TW,2026-07-07,0.052005945108564156,0.3151702408451047,bull,0.20147874306839186,0.28769657724329323,2026-03-31,2026-05-15,,,,,886677000.0,3437983000.0,,,,2555347612000.0,2406237987000.0,149109625000.0,29451426000.0,,,,,,2555347612000.0,,0.0230567476780925,0.0013454071703807,16.137375350518116,,,,,,,11.10187505518378,11.10187505518378,False,68.83331581686727,68.83331581686727,54.400455626446394,1026.0,True,False,True,True,True,True,True,True,True,False,True,True,False,True,False,False,False,11,False,0.08632592294426944,0.125213723179868,1.0,721521814.7915593,0.18576709796672827,0.0,3.0,,,,,,-0.026876135260719504,-0.1414358479911401,0.1954014005673592,-0.9753359466856504,0.5782894736842106,-0.9753359466856504,0.650432596531364,-1026.0,0.046052631578947366,0.039473684210526314,0.7171052631578947,0.14671052631578946,0.17828947368421053,臺企銀
23.600000381469727,24.799999237060547,23.600000381469727,24.5,4274773.0,0.08167772241180127,23.279999923706054,0.1807228915662651,22.512499809265137,0.17224882522380058,21.172499910990396,0.2531969798523488,20.374999888738,0.025159379129874464,75.78948171515218,2601831.65,1.6429860094906603,0.08828429572787377,2838.TW,2026-07-07,0.052005945108564156,0.3151702408451047,bull,0.1044362292051756,0.2969472710453284,2026-03-31,2026-05-15,,,,,280906000.0,1507841000.0,,,,1066591884000.0,980485941000.0,86105943000.0,8264919000.0,,,799208000.0,,,1066591884000.0,,0.0175114625943995,0.0014137000502433,11.386971756409428,,,,,,,8.867220581270256,8.867220581270256,False,76.4420392459455,76.4420392459455,59.548334579776686,1051.0,True,True,True,True,True,True,True,False,True,False,True,True,True,True,False,False,False,12,False,0.1571614170739628,0.20245399429631594,1.0,63744875.425,0.4611829944547135,0.0,3.0,,,,,,-0.05727898373003951,-0.20382959694617042,0.21786846058075132,-0.9392914425049163,0.4565789473684211,-0.9392914425049163,0.5505659865757347,-1051.0,0.03289473684210526,0.16447368421052633,0.5789473684210527,0.11480263157894738,0.18157894736842106,聯邦銀
38.900001525878906,39.25,38.150001525878906,38.5,2379298.0,0.06500687067575317,37.89000015258789,0.08298173913500695,36.82910556793213,0.23199999999999998,34.14886837005615,0.46666666666666656,31.180267540613816,0.011396686746917033,55.42985092437245,3473346.3,0.6850160607365872,0.04536885722043582,2851.TW,2026-07-07,0.052005945108564156,0.3151702408451047,bull,0.2356746765249538,0.2479185938945421,2026-03-31,2026-05-15,,,2142185000.0,2164691000.0,325242000.0,,,,,59204658000.0,35668047000.0,23536611000.0,16387176000.0,,,,0.1502486960032633,1820324497.152249,59204658000.0,0.0307463054199595,,,1.5154283256837613,,,,,,,65.92494981784269,65.92494981784269,False,69.32347843011577,69.32347843011577,68.4738462770475,201.0,True,False,True,True,True,True,True,True,True,False,True,True,False,True,True,False,False,11,False,0.12741656861927497,0.2347552807188673,1.0,133723832.55,0.3706099815157117,1.0,3.0,,,,,,-0.018886229847080993,-0.15334337920702024,0.2221662567473558,-1.7476335515999106,0.5052631578947369,-1.7476335515999106,0.5267330426356589,-201.0,0.756578947368421,0.5394736842105263,0.5394736842105263,0.7240131578947369,0.6480263157894737,中再保
8.760000228881836,8.779999732971191,8.699999809265137,8.729999542236328,12591711.0,0.04676251588885427,8.555999946594238,0.09535756236530624,8.47749991416931,0.12936604407443464,8.00199995835622,0.08988755215741118,7.931499981880188,0.016913574063448997,57.04224169716296,18729037.15,0.6723095746542422,0.029784680698726973,2867.TW,2026-07-07,0.052005945108564156,0.3151702408451047,bull,0.2088724584103512,0.34690101757631825,2026-03-31,2026-05-15,,,-260328000.0,-260476000.0,-99972000.0,,,,,1583200325000.0,1505084533000.0,78115792000.0,70736282000.0,,,,0.3838050338610851,-160412803.14501145,1583200325000.0,-0.0001013218609243,,,19.267352918856663,,,,,,,0.0,0.0,False,68.14584830780092,68.14584830780092,51.10938623085069,1081.0,True,False,True,True,True,True,True,True,True,False,True,True,False,True,False,False,False,11,False,0.09097720415755339,0.10067447042556155,1.0,163504485.74602717,0.3465804066543438,0.0,3.0,,,,,,-0.006823166829317926,-0.10782782935855231,0.21899857781883517,-0.2634282322375729,0.7529605263157895,-0.2634282322375729,0.6406270369980896,-1081.0,0.006578947368421052,0.013157894736842105,0.6973684210526315,0.11019736842105263,0.14671052631578946,三商壽
38.0,39.0,38.0,38.95000076293945,20949825.0,0.025000020077354135,37.630000305175784,0.16268658993849106,37.17749996185302,0.1422288124880442,34.63833335240682,0.23650796072823654,34.20499997138977,0.015986883633713683,58.15217661722485,31663901.5,0.6616311953850665,0.047676707764243265,2880.TW,2026-07-07,0.052005945108564156,0.3151702408451047,bull,0.12292051756007394,0.33580018501387604,2026-03-31,2026-05-15,18727437000.0,,,9327986000.0,1664716000.0,7663213000.0,,,,4445991154000.0,4202483247000.0,243507907000.0,45717871000.0,,,,0.1784646760833474,,4445991154000.0,,0.0314700787108321,0.0017236230875325,17.25809768879497,,,0.4091971047613189,0.1221769088861191,,,25.15680897546131,25.15680897546131,False,73.72619062512098,73.72619062512098,61.58384521270606,766.0,True,False,True,True,True,True,True,True,True,False,True,True,False,True,False,False,False,11,False,0.12447675720035889,0.13872243226190806,1.0,1233308987.5826397,0.13863216266173753,1.0,3.0,,,,,,-0.15111926826024313,-0.2790476487174955,0.21295292852352765,-1.1886570459286894,0.2947368421052632,-1.1886570459286894,0.2358414481706465,-766.0,0.20394736842105263,0.23684210526315788,0.13815789473684212,0.19407894736842105,0.20065789473684212,華南金
28.75,30.899999618530277,28.75,30.100000381469727,126145232.0,0.048780473216506026,28.75,0.12523365912036355,28.92845287322998,0.4231678924049731,24.391984272003178,0.7499999445538212,21.82432538668315,0.02280485283683422,52.64802700112505,110596376.7,1.1405910009346627,0.04049810452614566,2883.TW,2026-07-07,0.052005945108564156,0.3151702408451047,bull,0.15711645101663585,0.13783533765032377,2026-03-31,2026-05-15,23565513000.0,,,13099615000.0,1407592000.0,11689699000.0,,,,4235032868000.0,3864021319000.0,371011549000.0,75116245000.0,,,,0.1074529289601259,,4235032868000.0,,0.0315076418281523,0.0027602380818169,10.414827596108069,,,0.4960511150340754,-0.1317078255463794,,,12.146336472811727,12.146336472811727,False,72.10708674779389,72.10708674779389,57.116899179048346,1014.0,True,False,True,True,True,True,True,True,True,True,True,True,True,True,False,False,False,13,False,0.23401196252894185,0.3791949967826387,1.0,3328950980.8591695,0.059149722735674676,1.0,3.0,,,,,,-0.10659173648376036,-0.29674771794148275,0.2597149558299702,-0.9373252156547239,0.42203947368421046,-0.9373252156547239,0.43452601015060005,-1014.0,0.05921052631578947,0.09868421052631579,0.3881578947368421,0.10855263157894736,0.1368421052631579,凱基金
68.19999694824219,71.9000015258789,68.0999984741211,69.80000305175781,36293935.0,0.06240496642253368,67.44000091552735,0.1258065008348035,66.12500019073487,0.4633124095458918,58.74083334604898,0.7604035401158937,51.33583329518636,0.017464225811388526,68.03278637265576,29358036.9,1.2362521078512576,0.05557660265289299,2885.TW,2026-07-07,0.052005945108564156,0.3151702408451047,bull,0.15526802218114602,0.12580943570767808,2026-03-31,2026-05-15,39984934000.0,,,18723853000.0,3129395000.0,14409154000.0,,,,4640879682000.0,4254342700000.0,386536982000.0,77947312000.0,,,,0.167134136334012,,4640879682000.0,,0.0372775560192064,0.0031048324859373,11.00630184979299,,,0.360364581319554,0.2805185364050884,,,38.0190051862678,38.0190051862678,False,75.98266748097993,75.98266748097993,66.49175190730189,560.0,True,True,True,True,True,True,True,True,True,True,True,True,True,True,False,False,False,14,False,0.18827056198808068,0.35967410230589936,1.0,2049191065.2136183,0.08872458410351201,1.0,3.0,,,,,,-0.21083820005807755,-0.3349405756176417,0.1547955371027436,-1.2093170631515342,0.19046052631578947,-1.2093170631515342,0.21378393050175185,-560.0,0.4144736842105263,0.45394736842105265,0.125,0.37105263157894736,0.368421052631579,元大金
46.25,47.20000076293945,46.25,46.79999923706055,36266655.0,0.015184398830998092,46.15,0.1359222905441897,45.160000228881835,0.1744040408797718,41.69750010172526,0.16129032563411294,40.65708335240682,0.025140454615011385,65.13155418092782,45641862.75,0.7945919122242661,0.036315301148512,2886.TW,2026-07-07,0.052005945108564156,0.3151702408451047,bull,0.1414048059149723,0.29417206290471787,2026-03-31,2026-05-15,20768442000.0,,,11219594000.0,1822242000.0,9397352000.0,,,,5003279677000.0,4601326283000.0,401953394000.0,108936088000.0,,,,0.1624160375143699,,5003279677000.0,,0.0233792079884763,0.0018782383969458,11.447412440557724,,,0.4524822805677961,0.1010590363542149,,,21.43739093265881,21.43739093265881,False,71.83921358905575,71.83921358905575,59.23875792495651,835.0,True,False,True,True,True,True,True,True,True,False,True,True,False,True,False,False,False,11,False,0.12236942557436836,0.15109091400896268,1.0,2136039141.8780222,0.08410351201478743,1.0,3.0,,,,,,-0.1518158716868878,-0.2910174614114469,0.17262446224444594,-1.6130690306631794,0.14342105263157895,-1.6130690306631794,0.17500967882249646,-835.0,0.1513157894736842,0.1513157894736842,0.09868421052631579,0.14342105263157895,0.14078947368421052,兆豐金
34.29999923706055,35.5,34.29999923706055,34.900001525878906,85315902.0,0.04962410604147083,33.94000015258789,0.25765771264428494,32.09250001907348,0.4215887010372714,26.91083335876465,0.7107844205142824,25.189583317438764,0.04971788630759092,73.63638444380327,86731372.5,0.9836798328079035,0.0874815456925091,2887.TW,2026-07-07,0.052005945108564156,0.3151702408451047,bull,0.06284658040665435,0.1396854764107308,2026-03-31,2026-05-15,47867456000.0,,,25588754000.0,4532177000.0,21040510000.0,,,,9064708955000.0,8465511408000.0,599197547000.0,97795796000.0,,,,0.1771159705548773,,9064708955000.0,,0.035114479532407,0.0023211456765409,14.12808088147931,,,0.439557723727787,0.933005034802805,,,37.907562917661295,37.907562917661295,False,76.91259448524119,76.91259448524119,67.16133659334622,561.0,True,True,True,True,True,True,True,False,True,True,True,True,True,True,False,False,False,13,False,0.29687553932670196,0.3854934036053552,1.0,3026925032.591572,0.06284658040665435,1.0,3.0,,,,,,-0.20499109428871734,-0.3300558073238104,0.14669886698126042,-1.602890106597635,0.10230263157894737,-1.602890106597635,0.09870191271188725,-561.0,0.40789473684210525,0.48026315789473684,0.06578947368421052,0.35657894736842105,0.3611842105263158,台新新光金
71.30000305175781,72.19999694824219,70.19999694824219,70.19999694824219,57219123.0,-0.011267648616307246,70.53999938964844,0.07339442370599825,70.2,0.29999994348596637,61.11666653951009,0.38188972445945635,56.4816666285197,0.01306010423132478,47.580619359475094,49743982.85,1.1502722484554733,-4.3472333510763406e-08,2891.TW,2026-07-07,0.052005945108564156,0.3151702408451047,bull,0.2634011090573013,0.20444033302497688,2026-03-31,2026-05-15,59859484000.0,,,28299359000.0,4691107000.0,23103564000.0,,,,9627795130000.0,9033405624000.0,594389506000.0,137297531000.0,,,,0.165767252890781,,9627795130000.0,,0.0388694009008967,0.0023996734130756,15.197787869424465,,,0.3859633003184591,-0.0259120213272754,,,18.776914292805223,18.776914292805223,False,63.239227139785484,63.239227139785484,52.12364892804042,884.0,True,False,True,True,False,True,True,False,True,False,True,True,True,True,False,False,False,10,False,0.1486228049244145,0.24288111768988752,1.0,3492027444.263412,0.056377079482439925,1.0,3.0,,,,,,-0.1525051379117359,-0.31023611707827037,0.22115067884656603,-1.3101857292768175,0.2769736842105263,-1.3101857292768175,0.2829473721014356,-884.0,0.1118421052631579,0.02631578947368421,0.18421052631578946,0.12269736842105264,0.10065789473684211,中信金
33.04999923706055,33.650001525878906,33.04999923706055,33.29999923706055,41213784.0,0.016793869833909847,32.80999984741211,0.14432985568843115,32.14999971389771,0.1643356221294321,29.764999802907308,0.12690355657596375,29.44374990463257,0.030366158096087746,62.5,55287779.65,0.7454411130435042,0.03576981441358207,2892.TW,2026-07-07,0.052005945108564156,0.3151702408451047,bull,0.13863216266173753,0.30619796484736356,2026-03-31,2026-05-15,19296673000.0,,,10035758000.0,1792064000.0,8243694000.0,,,,5146398447000.0,4848752228000.0,297646219000.0,66304190000.0,,,,0.1785678769854753,,5146398447000.0,,0.0276962832845526,0.0016018374956578,16.290320247609124,,,0.427208047729264,0.0559316737098873,,,19.735682713005552,19.735682713005552,False,74.50023720009563,74.50023720009563,60.80909857832311,867.0,True,False,True,True,True,True,True,True,True,False,True,True,False,True,False,False,False,11,False,0.11876363035648185,0.13097004780023802,1.0,1841083020.1637716,0.0988909426987061,1.0,3.0,,,,,,-0.1272080422675121,-0.28192718484254853,0.20602743854789493,-1.0838818787858018,0.3023026315789474,-1.0838818787858018,0.2776542865785153,-867.0,0.13157894736842105,0.2236842105263158,0.17763157894736842,0.13848684210526313,0.16842105263157894,第一金
67.30000305175781,69.0,66.0999984741211,66.0999984741211,1414179.0,-0.004518118145537819,65.82000122070312,0.08360653236264093,66.47999992370606,0.3259779437793957,60.84499994913737,0.3857441806474253,54.967083263397214,0.013955621889403974,45.39006209566932,1979808.05,0.7143010657017987,-0.005716026624865589,3003.TW,2026-07-07,0.052005945108564156,0.3151702408451047,bull,0.23382624768946395,0.1822386679000925,2026-03-31,2026-05-15,1263159000.0,291390000.0,111988000.0,120680000.0,40410000.0,73811000.0,0.47,6542183000.0,1409389000.0,8333214000.0,1821129000.0,6512085000.0,2249606000.0,451528000.0,158298000.0,,0.3348525024859131,74488537.95160756,6923825000.0,0.0107582929885731,0.0113344650753176,0.0088574468386387,0.2796537514482689,0.2306835481518953,0.0886570890917137,0.0584336572038832,0.2552234771772852,,,47.83935568476647,47.83935568476647,False,63.42924587181377,63.42924587181377,59.531773325051944,398.0,True,False,True,True,False,True,True,False,True,True,True,True,False,True,False,False,False,10,False,0.0863669739399553,0.2025378562907545,1.0,130865309.08405267,0.37615526802218113,1.0,3.0,,,,,,-0.03915002334593596,-0.15119949813545874,0.19818485878375214,-1.509866700611566,0.4519736842105263,-1.509866700611566,0.5198570488990614,-398.0,0.5592105263157895,0.15789473684210525,0.5263157894736842,0.5542763157894737,0.43223684210526314,健和興
156.5,156.5,146.5,146.5,1975685.0,0.09328358208955234,146.0,0.14901960784313717,135.975,0.2629310344827587,126.0,0.3628168122430353,117.01695416768392,0.03817522427944264,60.150375939849624,934785.2,2.1135176295046176,0.07740393454679184,3004.TW,2026-07-07,0.052005945108564156,0.3151702408451047,bull,0.1321626617375231,0.22664199814986125,2026-03-31,2026-05-15,1204086000.0,303961000.0,167853000.0,159650000.0,36009000.0,123641000.0,1.92,4115707000.0,2713494000.0,8426161000.0,4784576000.0,3641585000.0,220728000.0,677601000.0,1977017000.0,,0.2255496398371437,129993816.30441593,5712667000.0,0.0227553638789756,0.0339525234204336,0.0146734675494569,1.3138718442656152,0.252441270806238,0.1394028333524349,0.1026845258561265,0.2866173569808965,,,59.60481555561746,59.60481555561746,False,81.59605776032151,81.59605776032151,76.0982472091455,270.0,True,True,True,True,True,True,True,True,True,False,True,True,True,True,False,False,False,13,False,0.1626984126984128,0.2519553345241512,1.0,136946031.79999998,0.36506469500924216,2.0,3.0,,,,,,-0.05325224280842108,-0.16771346558190417,0.27630586655056083,-0.6164247928131226,0.6282894736842105,-0.6164247928131226,0.8167320405508921,-270.0,0.6578947368421053,0.8355263157894737,0.9013157894736842,0.6944078947368422,0.7598684210526316,豐達科
158.0,158.0,152.5,153.0,2648964.0,-0.037735849056603765,159.3,0.0736842105263158,155.125,0.2911392405063291,142.24166666666667,0.33624454148471616,130.16666666666666,0.016213560432361572,52.88461538461538,3586544.45,0.7385839035119166,-0.013698630136986356,3014.TW,2026-07-07,0.052005945108564156,0.3151702408451047,bull,0.26062846580406657,0.20906567992599445,2026-03-31,2026-05-15,1734052000.0,992099000.0,498325000.0,506561000.0,47858000.0,458703000.0,2.85,7276847000.0,3534436000.0,9867430000.0,3664549000.0,6202881000.0,2464625000.0,,,,0.0944762822246481,451245106.6604022,6332994000.0,0.0712530450305814,0.0739499919472903,0.04648657249152,0.5907817673755147,0.572127594789545,0.2873760417796006,0.264526669327102,0.0068170034331778,,,86.91029224348934,86.91029224348934,False,62.93741001063412,62.93741001063412,68.93063056884792,51.0,True,False,True,True,False,True,True,True,True,False,True,True,False,True,True,False,False,10,False,0.0756341906379987,0.17541613316261206,1.0,548741300.85,0.22181146025878004,2.0,2.0,,,,,,-0.038295944737520786,-0.1160948454445297,0.2634971512216255,-1.519765646614203,0.6161184210526316,-1.519765646614203,0.6540008454365355,-51.0,0.9342105263157895,0.5592105263157895,0.7368421052631579,0.9046052631578947,0.7822368421052632,聯陽
74.0,74.30000305175781,67.4000015258789,67.4000015258789,8092339.0,0.0715421286301332,68.64000091552734,0.12623260231448574,62.26826782226563,0.3267717035064053,55.32642466227214,0.2504638148019025,53.87237892150879,0.04102689261560002,63.197968412764865,3644939.7,2.2201571674834564,0.08241330428944882,3015.TW,2026-07-07,0.052005945108564156,0.3151702408451047,bull,0.15434380776340112,0.18131359851988899,2026-03-31,2026-05-15,3045119000.0,546440000.0,26614000.0,99448000.0,20288000.0,69746000.0,0.37,10514930000.0,5382690000.0,18224408000.0,5983787000.0,12240621000.0,3295094000.0,0.0,0.0,,0.2040061137478883,21184581.2887137,12841718000.0,0.0016496687817559,0.0056979135290603,0.0038270653290905,0.4888466851477551,0.1794478311028239,0.0087398883262033,0.0229041952055075,0.0044345122745677,,,23.68816214394464,23.68816214394464,False,80.26243403626052,80.26243403626052,66.11886606318154,797.0,True,True,True,True,True,True,True,True,True,True,True,True,True,True,False,False,False,14,False,0.21822441875301424,0.25110497949384514,1.0,245668941.3417366,0.30591497227356745,1.0,3.0,,,,,,-0.05038791299047919,-0.16389235203766184,0.2543094907625175,-1.4814261439474534,0.5161184210526316,-1.4814261439474534,0.5347823320281503,-797.0,0.18421052631578946,0.4342105263157895,0.5460526315789473,0.23848684210526314,0.33157894736842103,全漢
129.5,129.5,116.0,118.0,10119196.0,-0.11610486891385763,127.6,0.13461538461538458,125.0894344329834,1.1223022165175576,108.78314463297527,1.1493624174924086,84.20157219568888,0.03367366892299693,49.56560735766811,13939382.05,0.7259429409211149,-0.05667492594493706,3016.TW,2026-07-07,0.052005945108564156,0.3151702408451047,bull,0.14510166358595195,0.028677150786308975,2026-03-31,2026-05-15,1058983000.0,188227000.0,112229000.0,125822000.0,25166000.0,100656000.0,0.35,4149251000.0,1259785000.0,7114003000.0,2217982000.0,4896021000.0,2593190000.0,337440000.0,,483682000.0,0.2000127163771041,89781772.85371397,5854218000.0,0.0153362537667223,0.0205587353485616,0.0141489960012667,0.4530172562576835,0.1777431743474635,0.1059780940770531,0.0950496844614125,0.1805514679651827,,,49.37869687987665,49.37869687987665,False,69.93002132276372,69.93002132276372,64.79219021204196,378.0,True,False,True,True,False,True,True,False,True,True,True,True,False,True,False,False,False,10,False,0.08472687012424207,0.40139901100375885,1.0,1644847081.9,0.10628465804066543,2.0,3.0,,,,,,-0.04252277771740875,-0.21736230161800346,0.22949312568043537,-1.501755205334862,0.4292763157894737,-1.501755205334862,0.3215475452897408,-378.0,0.5855263157894737,0.34868421052631576,0.20394736842105263,0.5282894736842105,0.43815789473684214,嘉晶
87.0999984741211,88.19999694824219,86.30000305175781,87.5999984741211,2537166.0,0.045346005775396714,86.28000030517578,0.10886074017874803,84.53000030517578,0.3153153225395344,75.77833340962728,0.3456221279167053,69.53750006357829,0.026846455622371264,66.0256504307187,2817136.55,0.900618750624637,0.036318445023799883,3022.TW,2026-07-07,0.052005945108564156,0.3151702408451047,bull,0.18207024029574861,0.19518963922294172,2026-03-31,2026-05-15,1592354000.0,448280000.0,36432000.0,189589000.0,22663000.0,168988000.0,0.96,10450596000.0,3234728000.0,16026933000.0,4335529000.0,11691404000.0,3432970000.0,92494000.0,,,0.1195375259113134,32077008.85599903,12792205000.0,0.0025075433716078,0.0144540381976364,0.0105440011510624,0.3708304836613293,0.281520315206292,0.0228793346203168,0.1061246431383976,-0.1038362140769989,,,30.04604328275842,30.04604328275842,False,72.10063286173877,72.10063286173877,61.58698546699368,682.0,True,False,True,True,True,True,True,True,True,True,True,True,True,True,False,False,False,13,False,0.15600323380814718,0.2597519093155236,1.0,246781157.48139074,0.3049907578558225,1.0,3.0,,,,,,-0.025359469654849583,-0.13501098746914442,0.257367867988208,-1.3142473869674294,0.6690789473684211,-1.3142473869674294,0.704570939028818,-682.0,0.27631578947368424,0.24342105263157895,0.7894736842105263,0.35328947368421054,0.36907894736842106,威強電
955.0,986.0,867.0,867.0,12802278.0,0.029691211401425166,923.2,0.4519317689800795,820.0018310546875,3.4690721649484537,524.1028686523438,7.179245283018869,320.5806009928385,0.09925916063755587,54.505426804673654,5623116.95,2.2767226991428657,0.05731471219382933,3026.TW,2026-07-07,0.052005945108564156,0.3151702408451047,bull,0.02865064695009242,0.0018501387604070306,2026-03-31,2026-05-15,3618451000.0,877039000.0,483360000.0,568645000.0,113236000.0,474578000.0,2.86,11840787000.0,5803981000.0,16266013000.0,6345747000.0,9920266000.0,4380883000.0,2093681000.0,400780000.0,,0.199133026756588,387107060.1869356,10462032000.0,0.0370011351701978,0.047839241407438,0.029176049471988,0.639675085325333,0.2423796812503471,0.1335820216993404,0.1311550163315739,0.0636271337498735,,,68.80894924877691,68.80894924877691,False,81.65426069938799,81.65426069938799,78.44293283673522,175.0,True,True,True,True,True,True,True,True,True,True,True,False,True,True,True,False,False,13,False,0.6542553988100992,1.7044680723502919,1.0,4875242395.650001,0.04066543438077634,3.0,3.0,,,,,,-0.09701668113808846,-0.23850725771520068,0.2913565419214166,-1.5097265252216192,0.40625,-1.5097265252216192,0.4456830870421534,-175.0,0.7631578947368421,0.9078947368421053,0.42105263157894735,0.7118421052631578,0.7381578947368421,禾伸堂
79.80000305175781,80.9000015258789,77.30000305175781,77.5999984741211,2387567.0,-0.06618532010819234,80.63999938964844,0.08222676058915646,77.57617683410645,0.3063972471501193,75.11545931498209,1.0367454483450924,61.7193962097168,0.00109430982911815,59.3548382333361,3456889.2,0.6906692294332141,0.00030707416873076987,3028.TW,2026-07-07,0.052005945108564156,0.3151702408451047,bull,0.23844731977818853,0.20259019426456984,2026-03-31,2026-05-15,17721795000.0,1611940000.0,956219000.0,892133000.0,169489000.0,722644000.0,3.05,30113817000.0,24755869000.0,31365964000.0,24995374000.0,6370590000.0,3312572000.0,15838992000.0,0.0,,0.1899817628089085,774554828.7486283,6610095000.0,0.1171775638245181,0.1134343914770845,0.0230391133522948,3.923557158756097,0.0909580547568685,0.0539572317589725,0.0407771334675748,0.9582381707930072,,,56.52316760894776,56.52316760894776,False,70.97945754558555,70.97945754558555,67.3653850614261,293.0,True,False,True,True,True,True,True,True,True,False,True,True,False,True,False,False,False,11,False,0.033076269276615555,0.2573032667144617,1.0,268254596.6452057,0.2948243992606285,1.0,3.0,,,,,,0.03617463594734549,-0.06782997184892882,0.35571790380295754,1.3421034101834868,0.9694078947368421,1.3421034101834868,0.9679375235474307,-293.0,0.631578947368421,0.4934210526315789,0.993421052631579,0.6858552631578947,0.6625,增你強
33.849998474121094,35.599998474121094,32.20000076293945,32.650001525878906,5774983.0,-0.0253730887797341,33.62000045776367,0.1317158091564501,30.49749994277954,0.1516755233350815,31.03749990463257,0.6489900395938619,26.020416577657063,0.01964226340236052,64.10257382114199,4055056.8,1.4241435533036184,0.07057960774286287,3031.TW,2026-07-07,0.052005945108564156,0.3151702408451047,bull,0.1478743068391867,0.3191489361702128,2026-03-31,2026-05-15,285293000.0,74783000.0,17802000.0,25956000.0,3921000.0,22556000.0,0.13,2027628000.0,574545000.0,3603501000.0,671104000.0,2932397000.0,864873000.0,0.0,,,0.1510633379565418,15112770.457697645,3028956000.0,0.004989432153421,0.0076920007761568,0.0062594682227089,0.2288585072212255,0.2621270062707462,0.0623990073363174,0.0790625777709232,0.1454054184265043,,,39.168833700492144,39.168833700492144,False,68.55390673429115,68.55390673429115,61.20763847584139,529.0,True,False,True,True,True,False,True,True,True,False,True,True,True,True,False,False,False,11,False,0.05195333471449026,0.25478396659930747,1.0,132397610.70752563,0.3733826247689464,1.0,3.0,,,,,,-0.07460601949435641,-0.1905430478736807,0.16447248509333787,-1.5359550354554232,0.2773026315789474,-1.5359550354554232,0.31500877192982457,-529.0,0.4276315789473684,0.23026315789473684,0.19736842105263158,0.3930921052631579,0.3223684210526316,佰鴻
50.79999923706055,51.09999847412109,49.29999923706055,49.400001525878906,4372176.0,0.0,50.08000106811524,0.03131523908594436,49.77750034332276,0.47242928909845916,45.32916698455811,0.5782748476040593,38.42541681925456,0.0013578779748566559,54.05406659322521,8061528.4,0.5423507532392988,-0.007583723868016423,3033.TW,2026-07-07,0.052005945108564156,0.3151702408451047,bull,0.41312384473197783,0.12395929694727105,2026-03-31,2026-05-15,30857485000.0,1907524000.0,1051881000.0,944487000.0,216610000.0,727877000.0,1.52,48803503000.0,35487063000.0,49530195000.0,38880637000.0,10649558000.0,3953046000.0,18510130000.0,,2295039000.0,0.2293414308508216,810641106.3752068,14043132000.0,0.0577250934033239,0.0683480948223391,0.0146956215294528,3.6509155591246136,0.0618172219803396,0.0340883581406585,0.0235883449347864,0.1955622737046416,,,45.16256538370855,45.16256538370855,False,61.789598449053564,61.789598449053564,57.63284018271731,431.0,True,False,False,True,False,True,True,True,False,True,True,True,False,True,False,False,False,9,False,0.08980607436945776,0.28560743422111967,1.0,398239515.2609162,0.2578558225508318,1.0,3.0,,,,,,0.01668229540481662,-0.0639857986602324,0.35960876720725465,0.5584696232876324,0.9651315789473685,0.5584696232876324,0.9544448336246922,-431.0,0.506578947368421,0.10526315789473684,0.9868421052631579,0.5786184210526315,0.48223684210526313,威健
539.0,553.0,531.0,531.0,5416007.0,-0.00747663551401867,537.2,0.12262156448202965,521.475,0.3477157360406091,476.85,0.4468664850136239,429.55833333333334,0.021748714180749494,57.63546798029556,6059405.75,0.8938181768071893,0.018265496907809542,3034.TW,2026-07-07,0.052005945108564156,0.3151702408451047,bull,0.16266173752310537,0.1702127659574468,2026-03-31,2026-05-15,23145303000.0,9039901000.0,4027546000.0,4389348000.0,622236000.0,3767112000.0,6.19,79261926000.0,21790635000.0,103666583000.0,31738768000.0,71927815000.0,48919537000.0,,,,0.1417604619182621,3456599218.642951,81875948000.0,0.0422175169030464,0.0523735080788982,0.036338730292673,0.4412586146263444,0.390571728527382,0.1740113750077067,0.1627592432036858,-0.1465659805926223,,,75.54535048945058,75.54535048945058,False,73.64858455690542,73.64858455690542,74.12277604004171,116.0,True,False,True,True,True,True,True,True,True,True,True,True,True,True,True,False,False,13,False,0.11355772255426233,0.23615341338972207,1.0,3217544453.25,0.06099815157116451,3.0,3.0,,,,,,0.0012500442115517692,-0.07524178152424794,0.3082890638314797,-0.8376901619165337,0.9042763157894738,-0.8376901619165337,0.9069866612407307,-116.0,0.8486842105263158,0.8092105263157895,0.9605263157894737,0.8654605263157895,0.8592105263157895,聯詠
212.5,214.5,197.5,199.0,6499943.0,-0.056872037914691975,213.7,0.14084776742971528,207.33809432983398,0.3311036789297659,193.0350082397461,0.16715542521994142,176.98833745320638,0.026019739545761856,49.00990099009901,10118079.5,0.6424087693716974,-0.04021496559416482,3035.TW,2026-07-07,0.052005945108564156,0.3151702408451047,bull,0.13955637707948243,0.17761332099907493,2026-03-31,2026-05-15,2588502000.0,1224435000.0,95883000.0,179218000.0,44045000.0,104263000.0,0.4,13023994000.0,5732857000.0,20895528000.0,6486089000.0,14409439000.0,8381209000.0,25000000.0,,,0.245762144427457,72318588.30586214,15162671000.0,0.0047695151009912,0.0072357431819517,0.0049897279456159,0.4501277947045683,0.4730284156628042,0.037041887547315,0.0402792812213396,-0.6519697207840671,,,34.50118854665805,34.50118854665805,False,66.37297566263865,66.37297566263865,58.4050288836435,609.0,True,False,True,True,False,True,True,False,True,True,True,True,False,True,False,False,False,10,False,0.030901087914817493,0.12436787001636884,1.0,2013497820.5,0.09057301293900184,2.0,3.0,,,,,,-0.04884850296075765,-0.17313057799773737,0.30640018441129624,-1.4540960710595499,0.5648026315789474,-1.4540960710595499,0.5966654279549269,-609.0,0.34868421052631576,0.125,0.6578947368421053,0.3950657894736842,0.34342105263157896,智原
28.399999618530277,28.549999237060547,26.299999237060547,26.75,2071911.0,-0.06468532716063746,28.049999618530272,0.14806870712046827,27.59749984741211,0.25000002228211016,25.3933331489563,0.020992336681094015,24.977083285649616,0.027648483478669238,51.08359228193604,4079975.95,0.5078243169546134,-0.030709298019674813,3041.TW,2026-07-07,0.052005945108564156,0.3151702408451047,bull,0.133086876155268,0.23866790009250693,2026-03-31,2026-05-15,351835000.0,166689000.0,-139754000.0,-143592000.0,-6328000.0,-67784000.0,-0.48,1753949000.0,1175974000.0,4092467000.0,2638568000.0,1453899000.0,705057000.0,112390000.0,1195750000.0,,0.0440693074823109,-133595138.00211713,2916493000.0,-0.0458067747812585,-0.046622220663196,-0.0165631146201056,1.814822074985952,0.4737703753179758,-0.3972146034362698,-0.1926584904855969,0.0973411306042884,,,27.60439447932801,27.60439447932801,False,65.04069621302929,65.04069621302929,55.681620779603975,723.0,True,False,True,True,False,True,True,True,True,False,True,True,False,True,False,False,False,10,False,0.05342610373697476,0.0709817353000941,1.0,109139356.66250001,0.39648798521256934,0.0,3.0,,,,,,-0.10835920123867605,-0.18409026635588785,0.11648254382325576,-1.8321381678160054,0.16217105263157894,-1.8321381678160054,0.2061380608329213,-723.0,0.25,0.05263157894736842,0.11842105263157894,0.23026315789473684,0.1644736842105263,揚智
38.04999923706055,38.29999923706055,35.5,36.0,5057121.0,-0.020408163265306145,36.14999923706055,0.24567475692689267,35.514999866485596,0.22033898305084754,31.179999860127772,0.10429453021532908,31.561666584014894,0.03308849991694556,54.708516113758016,8277753.6,0.6109291535326686,0.013656205415675249,3060.TW,2026-07-07,0.052005945108564156,0.3151702408451047,bull,0.07024029574861368,0.2553191489361702,2026-03-31,2026-05-15,1081252000.0,166540000.0,47262000.0,66259000.0,16879000.0,45734000.0,0.33,2994981000.0,1413440000.0,4510523000.0,1760816000.0,2749707000.0,514060000.0,220000000.0,88940000.0,,0.2547427519280399,35222348.058376975,3097083000.0,0.0113727491508548,0.0166323175523792,0.0101394006859071,0.6403649552479591,0.1540251486240025,0.043710439379534,0.0422972628027508,0.0742991359918607,,,34.65673853142626,34.65673853142626,False,70.65729187073029,70.65729187073029,61.657153535904285,606.0,True,False,True,True,True,True,True,True,True,False,True,True,False,True,False,False,False,11,False,0.1545862784315124,0.14062417788270398,1.0,297999129.59999996,0.2846580406654344,1.0,3.0,,,,,,-0.04536737509525844,-0.1640695370363973,0.18493992148147811,-1.653184665688706,0.3618421052631579,-1.653184665688706,0.36827065246880086,-606.0,0.3618421052631579,0.25,0.27631578947368424,0.34901315789473686,0.3111842105263158,銘異
42.95000076293945,43.400001525878906,39.04999923706055,39.5,7131725.0,0.001267407759026451,39.95000076293945,0.34551169642886115,37.93442840576172,0.7286651790182306,32.80825710296631,0.6458333333333333,28.58704522450765,0.054766288365671385,55.92254252787713,5693015.35,1.2527148727958375,0.041270467489118445,3094.TW,2026-07-07,0.052005945108564156,0.3151702408451047,bull,0.038817005545286505,0.07215541165587419,2026-03-31,2026-05-15,47206000.0,35395000.0,2347000.0,7478000.0,1717000.0,5761000.0,0.07,792305000.0,52199000.0,1133462000.0,121752000.0,1011710000.0,710423000.0,,,,0.229606846750468,1808112.730676652,1081263000.0,0.0016722228825703,0.005694319518439,0.0050826582629148,0.1203427859762184,0.7497987543956277,0.0497182561538787,0.1220395712409439,-0.0850131803380369,,,35.49964257677029,35.49964257677029,False,81.93514802616654,81.93514802616654,70.32627166381748,596.0,True,True,True,True,True,True,True,True,True,True,True,True,True,True,False,False,False,14,False,0.2039652053454759,0.38174476199928065,1.0,224874106.325,0.3170055452865065,1.0,3.0,,,,,,-0.06751057942927675,-0.1824796867154202,0.25026309569106225,-1.5063075806439294,0.43782894736842104,-1.5063075806439294,0.45657654012786625,-596.0,0.3815789473684211,0.631578947368421,0.4407894736842105,0.3904605263157894,0.46842105263157896,聯傑
73.30000305175781,74.5999984741211,65.9000015258789,65.9000015258789,3379355.0,-0.026587821322051286,69.0199981689453,0.17678574153355187,63.29999923706055,0.32068811932734786,57.4407288869222,0.0019672448341117033,57.65262610117595,0.03346938495373835,61.48936681371922,2547616.75,1.3264769907012113,0.0410742862583815,3257.TW,2026-07-07,0.052005945108564156,0.3151702408451047,bull,0.10813308687615526,0.18501387604070305,2026-03-31,2026-05-15,130520000.0,58709000.0,1594000.0,23816000.0,8650000.0,15166000.0,0.19,2133139000.0,561416000.0,2636340000.0,1055734000.0,1580606000.0,310108000.0,159975000.0,,455744000.0,0.3632012092710782,1015057.2724219012,2074924000.0,0.0004892021454385,0.0095950540488901,0.0057526722653375,0.6679298952427107,0.4498084584737971,0.0122126877106956,0.1161967514557156,-0.3339185106556708,,,31.244376833574243,31.244376833574243,False,82.73041836594051,82.73041836594051,69.85890798284893,660.0,True,True,True,True,True,True,True,True,True,True,True,True,True,True,False,False,False,14,False,0.14726959080915614,0.14305290118492509,1.0,167887947.71235466,0.3438077634011091,1.0,3.0,,,,,,-0.04580376512807923,-0.16617342686946424,0.2029175729954309,-1.7663679558318985,0.36085526315789473,-1.7663679558318985,0.47527293640929225,-660.0,0.29605263157894735,0.618421052631579,0.46710526315789475,0.32171052631578945,0.4269736842105263,虹冠電
29.799999237060547,29.799999237060547,27.200000762939453,27.450000762939453,243756.0,-0.05017297144395483,29.079999923706055,0.3102625185340564,27.375000095367433,0.2767442215320677,22.974166647593183,0.1296296964929431,23.084166653951012,0.07069521747672185,58.00000414167176,428184.1,0.5692784949277659,0.0027397504040451715,3296.TW,2026-07-07,0.052005945108564156,0.3151702408451047,bull,0.04528650646950092,0.22016651248843663,2026-03-31,2026-05-15,333302000.0,47985000.0,-28246000.0,-32519000.0,3415000.0,-35934000.0,-0.37,1498700000.0,959362000.0,2232887000.0,971754000.0,1261133000.0,733229000.0,480000000.0,,,0.0,-28246000.0,1273525000.0,-0.022179383993247,-0.0284934261493434,-0.0160930669577099,0.770540458460765,0.1439685330421059,-0.0847459661208153,-0.107812134340628,-0.1210969740918979,,,13.590716232084937,13.590716232084937,False,75.03222579589867,75.03222579589867,59.67184840494523,989.0,True,True,True,True,True,True,True,True,True,False,True,True,False,True,False,False,False,12,False,0.19482030334341505,0.18912678003220007,1.0,11753653.871678542,0.6839186691312384,0.0,3.0,,,,,,-0.034340604007083546,-0.13633356133274835,0.2561236841006675,-1.4386259682563518,0.6151315789473685,-1.4386259682563518,0.6604667703218021,-989.0,0.07894736842105263,0.17105263157894737,0.75,0.1796052631578947,0.24078947368421055,勝德
25.049999237060547,26.549999237060547,24.700000762939453,24.799999237060547,2588544.0,0.05531911647066168,24.239999771118164,0.20681265974625496,23.61750011444092,0.564668683923458,19.219166628519694,0.3333332649695844,18.434583322207132,0.045137735364530404,59.20577189766698,1281434.6,2.020035981547556,0.05006876751941203,3321.TW,2026-07-07,0.052005945108564156,0.3151702408451047,bull,0.08964879852125693,0.09620721554116558,2026-03-31,2026-05-15,440905000.0,7429000.0,-58626000.0,-57615000.0,2163000.0,-59778000.0,-0.69,1531176000.0,1101699000.0,2017279000.0,1344759000.0,672520000.0,295948000.0,433097000.0,200657000.0,,0.0,-58626000.0,915580000.0,-0.064031542847157,-0.0888865758639148,-0.0296329858190166,1.9995821685600428,0.0168494346854764,-0.1329674192853335,-0.1355802270330343,-0.0351892618154604,,,7.607885260241264,7.607885260241264,False,83.58386632251782,83.58386632251782,64.58987105694868,1063.0,True,True,True,True,True,True,True,True,True,True,True,True,True,True,False,False,False,14,False,0.2903784912431815,0.34529752062176233,1.0,31779577.10234299,0.555452865064695,0.0,3.0,,,,,,-0.1492979396425423,-0.27894076664305023,0.20980882108100413,-0.8915768233043186,0.31842105263157894,-0.8915768233043186,0.3364135329145414,-1063.0,0.02631578947368421,0.3223684210526316,0.23026315789473684,0.0569078947368421,0.15592105263157896,同泰
28.25,28.700000762939453,26.899999618530277,27.25,2327744.0,0.003683255354503645,28.11999969482422,0.09000000000000008,25.46249990463257,0.5223464011580483,20.746666574478148,0.43799466506053486,20.457916601498923,0.03474550134588133,59.76562849246091,2091570.9,1.1129166121024154,0.07020128039518303,3346.TW,2026-07-07,0.052005945108564156,0.3151702408451047,bull,0.21903881700554528,0.1091581868640148,2026-03-31,2026-05-15,1694217000.0,150618000.0,-85958000.0,-73986000.0,6956000.0,-80942000.0,-0.67,8045104000.0,4455060000.0,10175277000.0,6596575000.0,3578702000.0,2217836000.0,1818987000.0,1589910000.0,285973000.0,0.0,-85958000.0,5720217000.0,-0.0150270522953936,-0.0226176977015688,-0.0079547711575812,1.8432870353552768,0.0889012446457567,-0.0507361217600815,-0.0477754620571036,-0.1732498100523655,,,6.120174416109647,6.120174416109647,False,81.11943538808632,81.11943538808632,62.36962014509215,1068.0,True,True,True,True,True,True,True,True,True,True,True,True,True,True,False,False,False,14,False,0.3134640161191984,0.332002692688826,1.0,56995307.025,0.48151571164510165,0.0,3.0,,,,,,0.07777050694509373,-0.11555829997460598,0.5506062705916012,-0.9024750227164647,0.9052631578947368,-0.9024750227164647,0.9267585570494855,-1068.0,0.013157894736842105,0.27631578947368424,0.9736842105263158,0.15723684210526317,0.28421052631578947,麗清
338.0,358.0,331.5,344.0,10651889.0,0.0408472012102874,331.6,0.15630252100840347,317.925,0.12786772394126622,313.19010569254556,0.2598522917643924,299.67892430623374,0.014276599138618673,59.16230366492147,2776757.15,3.8360895190276185,0.08201619878902244,3413.TW,2026-07-07,0.052005945108564156,0.3151702408451047,bull,0.12754158964879853,0.34967622571692875,2026-03-31,2026-05-15,5561563000.0,1325901000.0,726995000.0,761237000.0,242471000.0,473092000.0,4.28,16490327000.0,10970724000.0,30215184000.0,12835834000.0,17379350000.0,7559388000.0,4044740000.0,864840000.0,,0.3185223524342616,495430842.392054,19244460000.0,0.0257440760817426,0.0272215013795107,0.0156574257499143,0.7385681282671677,0.2384043838036178,0.1307177496685733,0.085064576271095,0.1421522410183984,,,56.561036132141794,56.561036132141794,False,77.22464508327742,77.22464508327742,72.05874284549351,292.0,True,True,True,True,True,True,True,True,True,False,True,True,False,True,False,False,False,12,False,0.09837441779754075,0.14789520416349244,1.0,955204459.6,0.1589648798521257,2.0,3.0,,,,,,-0.036915248388316925,-0.12116788786458299,0.2482501451765703,-1.2195360758081932,0.6457236842105263,-1.2195360758081932,0.5239944274429749,-292.0,0.6381578947368421,0.7039473684210527,0.5328947368421053,0.6223684210526316,0.636842105263158,京鼎
187.5,188.0,181.5,182.0,392719.0,0.025352112676056304,182.8,0.042979942693409656,173.88908004760742,0.2214765100671141,170.19636001586915,0.21333333333333337,159.06068000793456,0.0038969118435088503,57.656520940747505,459131.25,0.8553523638393161,0.04664421682012443,3416.TW,2026-07-07,0.052005945108564156,0.3151702408451047,bull,0.36691312384473196,0.25254394079555964,2026-03-31,2026-05-15,946676000.0,345733000.0,142827000.0,161912000.0,16386000.0,144945000.0,1.8,2786217000.0,1757760000.0,5068550000.0,1824098000.0,3244452000.0,394852000.0,,12996000.0,,0.101203122683927,128372461.59642276,3310790000.0,0.0387739668165068,0.044674724730093,0.0285969360073393,0.5622206770203412,0.3652073148574591,0.1508721040778471,0.1531094059636031,0.1820639382069682,,,79.62654194597235,79.62654194597235,False,67.85104910060998,67.85104910060998,70.79492231195057,88.0,True,False,True,True,True,True,True,True,False,False,True,True,True,True,True,False,False,11,False,0.06935306949590636,0.1442174143284256,1.0,83561887.5,0.4288354898336414,2.0,2.0,,,,,,-0.03806815990301404,-0.153463391878132,0.23943119094270468,-1.2577069503458334,0.5674342105263157,-1.2577069503458334,0.41338749801638974,-88.0,0.8881578947368421,0.6578947368421053,0.34868421052631576,0.8072368421052631,0.7111842105263158,融程電
70.19999694824219,72.19999694824219,63.79999923706055,64.19999694824219,735108493.0,-0.06550218631581961,66.87999877929687,0.35848354190223364,61.09458198547363,1.4692306518554688,44.282543150583905,2.546961082606846,34.53293817838033,0.058126502395379157,64.15584539116563,485171071.15,1.515153183510249,0.05082962943435687,3481.TW,2026-07-07,0.052005945108564156,0.3151702408451047,bull,0.034195933456561925,0.020351526364477335,2026-03-31,2026-05-15,66644538000.0,9618800000.0,1498477000.0,2407624000.0,615513000.0,1629503000.0,0.2,182233903000.0,124944734000.0,387253843000.0,158168711000.0,229085132000.0,58551743000.0,32901792000.0,18391019000.0,,0.2556516299887358,1115388912.4493692,262309109000.0,0.0042521928296793,0.0071130892946819,0.0042078420381227,0.6904363876395087,0.1443299074261719,0.0224846183193587,0.0244506609078751,0.1915219048549084,,,29.43055491864947,29.43055491864947,False,88.4875846069001,88.4875846069001,73.72332718483744,693.0,True,True,True,True,True,True,True,True,True,True,True,True,True,True,False,False,False,14,False,0.4497811638759879,0.8590945437835695,1.0,31147981287.20539,0.006469500924214418,1.0,3.0,,,,,,-0.20880737646727468,-0.35548785075221345,0.16840321593630445,-1.6555955960470066,0.09078947368421053,-1.6555955960470066,0.09642910588825382,-693.0,0.26973684210526316,0.7828947368421053,0.05921052631578947,0.23815789473684212,0.381578947368421,群創
410.5,429.0,376.0,383.0,9298390.0,0.052197802197802234,407.2,0.46743295019157083,363.625,1.3141993957703928,278.18333333333334,2.956611445510126,206.39166666666668,0.08407244540508306,47.65784114052953,3782342.85,2.4583678341057844,0.053282915091096505,3532.TW,2026-07-07,0.052005945108564156,0.3151702408451047,bull,0.025878003696857672,0.025901942645698426,2026-03-31,2026-05-15,3308768000.0,27622000.0,-105154000.0,-82202000.0,-13987000.0,-68215000.0,-0.18,9109304000.0,3626589000.0,51226148000.0,26972355000.0,24253793000.0,1958029000.0,0.0,20500000000.0,,0.1701540108513174,-87261625.14294055,47599559000.0,-0.0018332444034395,-0.0028125497731426,-0.0013316441439243,1.112088117516299,0.0083481223222661,-0.03178040890144,-0.0206164348784804,0.1086960163893446,,,17.44238091593533,17.44238091593533,False,78.01635424720985,78.01635424720985,62.87286091439122,904.0,True,True,True,True,True,True,True,False,True,True,True,False,True,True,False,False,False,12,False,0.37678988676532255,0.8556950781281543,1.0,1448637311.55,0.12476894639556377,2.0,3.0,,,,,,-0.2638661162380048,-0.44900206310471835,0.0999973171636015,-2.117239209544006,0.011184210526315788,-2.117239209544006,0.056901656901119424,-904.0,0.10526315789473684,0.28289473684210525,0.02631578947368421,0.09342105263157893,0.14276315789473684,台勝科
59.09999847412109,60.79999923706055,56.900001525878906,57.09999847412109,2504937.0,0.026978418006579075,57.17999954223633,0.10658915043880102,56.63499984741211,0.18958330154418923,55.54166653951009,0.11741683325173913,52.81916659673054,0.003188378778661312,52.65957403636299,1668979.65,1.5008792947235756,0.00821044633109902,3545.TW,2026-07-07,0.052005945108564156,0.3151702408451047,bull,0.1876155268022181,0.28122109158186864,2026-03-31,2026-05-15,2473850000.0,569501000.0,-145545000.0,-43671000.0,-48601000.0,4930000.0,0.02,7929350000.0,3606208000.0,12781182000.0,4080852000.0,8700330000.0,3562776000.0,222222000.0,,,0.4,-87327000.0,9174974000.0,-0.0095179561271781,0.000566645173229,0.0003857233235548,0.4690456568888766,0.230208379651151,-0.0588333973361359,0.0019928451603775,-0.1733359620660503,,,18.99078497275508,18.99078497275508,False,67.93206493041144,67.93206493041144,55.69674494099735,877.0,True,False,True,True,True,True,True,True,True,False,True,True,True,True,False,False,False,12,False,0.028056989134498833,0.0810469409726644,1.0,95298735.46833915,0.41035120147874304,1.0,3.0,,,,,,-0.0012658761263987712,-0.14169080208698742,0.25140130286531925,-1.3996156318058548,0.6789473684210526,-1.3996156318058548,0.6531751650803387,-877.0,0.11842105263157894,0.05921052631578947,0.7302631578947368,0.21019736842105263,0.22302631578947368,敦泰
32.45000076293945,32.70000076293945,29.0,29.350000381469727,6282057.0,-0.07704399101794723,33.010000991821286,0.24628455763521817,32.030000400543216,0.5286457924586219,24.62083339691162,0.7787879019072561,20.963750028610228,0.08594678141013908,47.39583326434647,10620116.1,0.5915243242962288,-0.08367155746360955,3550.TW,2026-07-07,0.052005945108564156,0.3151702408451047,bull,0.06931608133086876,0.10545790934320073,2026-03-31,2026-05-15,1007809000.0,175472000.0,19816000.0,28906000.0,7399000.0,23062000.0,0.21,2867552000.0,1758096000.0,4325506000.0,2633732000.0,1691774000.0,876451000.0,571372000.0,738364000.0,,0.2559676191794091,14743745.658340828,2567410000.0,0.0057426533581861,0.0136318444425792,0.0053316305653026,1.556787135870394,0.1741123566072539,0.0196624558820173,0.0228833042769016,0.2160987446951514,,,28.974359191222867,28.974359191222867,False,70.28406982649392,70.28406982649392,59.95664216767616,700.0,True,False,True,True,False,True,True,False,True,True,True,True,False,True,False,False,False,10,False,0.19207989056744612,0.40003579232791764,1.0,311700411.58625275,0.27911275415896486,0.0,3.0,,,,,,-0.06208465090058411,-0.19022841292025947,0.25664413148403703,-1.6004162466872378,0.4322368421052632,-1.6004162466872378,0.3470364256804636,-700.0,0.2631578947368421,0.18421052631578946,0.23684210526315788,0.25921052631578945,0.23421052631578948,聯穎
73.5,76.0,68.0999984741211,68.4000015258789,1682560.0,0.0133333559389468,70.18000183105468,0.2481752277036684,65.02500057220459,0.3128599525747451,62.23000030517578,0.39734423819795417,56.69166685740153,0.040400002805175785,61.33909399365557,1799171.2,0.9351861568259875,0.05190312839638778,3588.TW,2026-07-07,0.052005945108564156,0.3151702408451047,bull,0.06839186691312385,0.19796484736355227,2026-03-31,2026-05-15,397055000.0,133436000.0,19255000.0,27933000.0,5206000.0,22727000.0,0.37,1568974000.0,222818000.0,2039650000.0,244854000.0,1794796000.0,526253000.0,,0.0,,0.1863745390756453,15666358.25009845,1816832000.0,0.0086228986775323,0.0126627204428804,0.011142597994754,0.1364244181511436,0.3360642732115198,0.0484945410585435,0.0572389215599853,0.1515850227674817,,,45.81444743521709,45.81444743521709,False,81.94761240415473,81.94761240415473,72.91432116192033,419.0,True,True,True,True,True,True,True,True,True,False,True,True,True,True,False,False,False,13,False,0.09914833987538896,0.20652655526830332,1.0,123063312.82531738,0.3807763401109057,1.0,3.0,,,,,,-0.07060037277647631,-0.1906745000630091,0.1935807318830982,-1.592661207063008,0.2986842105263158,-1.592661207063008,0.36763526669106233,-419.0,0.5328947368421053,0.75,0.26973684210526316,0.493421052631579,0.5453947368421053,通嘉
27.299999237060547,27.5,25.799999237060547,26.049999237060547,1904449.0,-0.0019157526313554607,26.679999923706056,0.1252699639877739,25.1625,0.1707864825645189,24.729999955495202,0.4119240195039571,22.176666673024496,0.023802259752007192,64.91227952764005,3598122.65,0.5292896283010252,0.03527070986827807,3591.TW,2026-07-07,0.052005945108564156,0.3151702408451047,bull,0.15619223659889095,0.2978723404255319,2026-03-31,2026-05-15,581640000.0,129432000.0,21965000.0,26378000.0,7095000.0,16630000.0,0.12,2403392000.0,678296000.0,4222147000.0,1178716000.0,3043431000.0,1017515000.0,85000000.0,148925000.0,286171000.0,0.2689741451209341,16056982.902418682,3543851000.0,0.0045309418771891,0.0054642277087931,0.0039387543825451,0.3872984141910889,0.2225293996286362,0.037763908947115,0.0285915686679045,0.0154630985905657,,,28.82807983570504,28.82807983570504,False,71.4596729608181,71.4596729608181,60.80177467953983,704.0,True,False,True,True,True,True,True,True,True,False,True,True,False,True,False,False,False,11,False,0.053376436875893774,0.17465801426088712,1.0,93731092.28735027,0.41312384473197783,0.0,3.0,,,,,,-0.05068606260482204,-0.15071617848942925,0.19849555977753147,-1.5261336858746875,0.41381578947368425,-1.5261336858746875,0.45459724938695334,-704.0,0.2565789473684211,0.21710526315789475,0.4342105263157895,0.2832236842105263,0.2802631578947368,艾笛森
90.0,95.6999969482422,84.30000305175781,84.9000015258789,22350219.0,0.0898587915646516,87.2999984741211,0.17590034784545683,78.55499954223633,0.2863636594830137,77.92381019592285,0.3391167110812139,70.12035385767619,0.038469158080605824,66.57894868929986,6427331.3,3.4773715492151465,0.08077145974943445,3605.TW,2026-07-07,0.052005945108564156,0.3151702408451047,bull,0.1099815157116451,0.2127659574468085,2026-03-31,2026-05-15,2821542000.0,693877000.0,147463000.0,143021000.0,35356000.0,107659000.0,0.67,7733924000.0,4283420000.0,15202980000.0,7237415000.0,7965565000.0,2596697000.0,794000000.0,2115835000.0,130740000.0,0.2472084519056642,111008900.05663504,10919560000.0,0.010166059809794,0.0135155509998349,0.007081440612301,0.9085877775148404,0.2459212019526911,0.0522632659730034,0.0381560862818983,0.0947751117457165,,,35.95481269053683,35.95481269053683,False,76.91352869460012,76.91352869460012,66.67384969358429,592.0,True,True,True,True,True,True,True,True,True,False,True,True,False,True,False,False,False,12,False,0.08952579850004638,0.2107754290316486,1.0,545680437.1773292,0.22273567467652494,1.0,3.0,,,,,,-0.047989601357745465,-0.15644200314498619,0.25220935791013577,-1.6423348495760866,0.46940789473684214,-1.6423348495760866,0.4876025137997465,-592.0,0.39473684210526316,0.46710526315789475,0.5,0.4105263157894737,0.4375,宏致
221.0,223.0,216.0,216.5,395351.0,0.016431924882629012,218.5,0.04086538461538458,214.725,0.23011363636363646,203.14166666666668,0.0383693045563549,194.37916666666666,0.0037396283744302113,55.0,479483.1,0.8245358386979645,0.008266387239492357,3617.TW,2026-07-07,0.052005945108564156,0.3151702408451047,bull,0.3733826247689464,0.25161887141535616,2026-03-31,2026-05-15,2931932000.0,1579254000.0,476843000.0,521769000.0,118652000.0,388950000.0,4.13,10475363000.0,3752308000.0,14792411000.0,5524979000.0,9267432000.0,4373481000.0,0.0,,1434491000.0,0.2274033144935785,368407321.3069385,11040103000.0,0.033369917047598,0.0419695553201793,0.026293888129528,0.5961715176329322,0.5386393681708853,0.1626378101538507,0.1326599661929403,0.0219561852265348,,,74.61371274804436,74.61371274804436,False,61.53024840817207,61.53024840817207,64.80111449314015,123.0,True,False,True,True,True,True,True,True,False,False,True,True,True,True,True,False,False,11,False,0.06575870697788888,0.11380249083620941,1.0,103808091.14999999,0.400184842883549,2.0,3.0,,,,,,-0.020071847290457634,-0.09483315014899674,0.1808672649826267,-1.6061868844766891,0.5506578947368421,-1.6061868844766891,0.5863947418200282,-123.0,0.8355263157894737,0.35526315789473684,0.6381578947368421,0.805921052631579,0.6519736842105263,碩天
684.0,702.0,648.0,651.0,24611529.0,-0.03389655032798744,685.8095458984375,0.2055555555555555,629.4331939697265,0.6564885496183206,560.0277313232422,1.5232558139534884,444.03053232828773,0.04231362573121007,60.138192783568726,25689547.15,0.9580367009311023,0.03426385236256024,3711.TW,2026-07-07,0.052005945108564156,0.3151702408451047,bull,0.09149722735674677,0.08140610545790934,2026-03-31,2026-05-15,173662152000.0,34849839000.0,17531793000.0,18200253000.0,3635258000.0,14147537000.0,3.24,337698528000.0,294501914000.0,957527444000.0,576383490000.0,381143954000.0,87811246000.0,40365151000.0,199142046000.0,1999351000.0,0.1997366739901912,14030050977.095484,663025530000.0,0.0211606496918685,0.0371186184419968,0.0147750720761586,1.5122461840231631,0.2006760747730455,0.1009534478186127,0.0814658625213857,0.1721790641369744,,,49.34794674627236,49.34794674627236,False,82.11768799925069,82.11768799925069,73.92525268600612,379.0,True,True,True,True,True,True,True,True,True,True,True,True,True,True,False,False,False,14,False,0.16244243559476446,0.46611539658424284,1.0,16723895194.65,0.012014787430683918,3.0,3.0,,,,,,-0.09985829280761278,-0.25488475669529714,0.20677558389139952,-1.2061357668738375,0.32006578947368425,-1.2061357668738375,0.25677775945223635,-379.0,0.5789473684210527,0.8026315789473685,0.14473684210526316,0.5138157894736842,0.5592105263157895,日月光投控
15.699999809265137,16.0,15.350000381469728,15.550000190734863,616176.0,0.0332225909410826,15.470000076293946,0.03666667938232426,15.15750002861023,0.19157087842611142,14.320833285649618,0.06872852143581265,14.185833303133645,0.009995002479696221,60.37735984859254,425975.7,1.446505047118885,0.025894782212355416,4155.TW,2026-07-07,0.052005945108564156,0.3151702408451047,bull,0.3946395563770795,0.2793709528214616,2026-03-31,2026-05-15,383779000.0,122643000.0,60100000.0,74753000.0,11183000.0,55352000.0,0.39,1271738000.0,511347000.0,3888106000.0,1297683000.0,2590423000.0,305794000.0,215000000.0,678514000.0,,0.1495993471833906,51109079.234278224,3376759000.0,0.0151355424637287,0.0213679387497717,0.0142362373865321,0.5009540912816169,0.3195667298106462,0.1566005435419864,0.1442288400355413,-0.0693423930703681,,,50.12101486575806,50.12101486575806,False,71.36349100805201,71.36349100805201,66.05287197247853,364.0,True,False,True,True,True,True,True,True,False,False,True,True,True,True,False,False,False,11,False,0.085830683212893,0.09616402917267286,1.0,6623922.216248417,0.755083179297597,0.0,3.0,,,,,,0.038788923165999294,-0.011562785356673235,0.2140630130315566,-1.1253372536241493,0.7937500000000001,-1.1253372536241493,0.7516093756843165,-364.0,0.6052631578947368,0.4276315789473684,0.8421052631578947,0.6407894736842105,0.5993421052631579,訊映
16.450000762939453,16.5,16.100000381469727,16.149999618530273,1722009.0,0.01572327081748126,16.279999923706054,0.08026754679431147,15.975,0.19629626803927946,14.462500015894571,0.12543548356869016,14.060833342870076,0.022727273976118737,55.555549668677685,2691763.1,0.6397327461692301,0.010954592709250255,4306.TW,2026-07-07,0.052005945108564156,0.3151702408451047,bull,0.24676524953789278,0.27752081406105455,2026-03-31,2026-05-15,3266440000.0,556508000.0,165625000.0,302191000.0,119003000.0,155400000.0,0.24,24550171000.0,15849766000.0,37327313000.0,24023660000.0,13303653000.0,2738401000.0,5787002000.0,7511840000.0,,0.3938006095482658,100401774.04356848,21477547000.0,0.0046747318976216,0.0116810022029287,0.0041631713485511,1.8057942431300635,0.1703714135266528,0.0507050489217619,0.0475747296751203,0.0909570639640227,,,24.18555826097449,24.18555826097449,False,65.52251563108291,65.52251563108291,55.188276288555805,783.0,True,False,True,True,True,True,True,True,True,False,True,True,False,True,False,False,False,11,False,0.11668104413352509,0.14858054460332282,1.0,43471973.03817387,0.5194085027726433,0.0,3.0,,,,,,-0.024508457423643198,-0.095607310660181,0.2516307434263278,-1.5369780251129312,0.6723684210526316,-1.5369780251129312,0.6653977968176255,-783.0,0.19078947368421054,0.046052631578947366,0.7631578947368421,0.2766447368421052,0.26184210526315793,炎洲
28.850000381469727,28.850000381469727,27.899999618530277,28.049999237060547,3679314.0,-0.003552411468023764,28.56999969482422,0.1590908410224965,25.53749990463257,0.147239196801084,24.29833329518636,0.22513816699768774,24.263458824157716,0.04022402870193758,72.78104371866424,3538694.65,1.0397376331975974,0.09838470256723153,4532.TW,2026-07-07,0.052005945108564156,0.3151702408451047,bull,0.12476894639556377,0.3265494912118409,2026-03-31,2026-05-15,6030902000.0,849590000.0,354579000.0,384463000.0,131699000.0,231451000.0,0.48,23674375000.0,18186252000.0,30668217000.0,19377741000.0,11290476000.0,3406826000.0,3963057000.0,44574000.0,,0.3425531195459641,233116857.4245116,12481965000.0,0.0186762947520291,0.0204996671530943,0.0075469336870806,1.7162908809159154,0.1408727914995136,0.058793692883751,0.0383775096992124,-0.0892861403437241,,,25.8464293682754,25.8464293682754,False,71.62306648508634,71.62306648508634,60.17890720588361,756.0,True,False,True,True,True,True,True,False,True,False,True,True,True,True,False,False,False,11,False,0.15440013503384664,0.15605938297357635,1.0,99260382.23269023,0.4075785582255083,0.0,3.0,,,,,,-0.018707142676738616,-0.08368097244049268,0.26953904735034306,-1.498097446539582,0.7453947368421052,-1.498097446539582,0.6374178051142398,-756.0,0.2236842105263158,0.19078947368421054,0.6907894736842105,0.29375,0.30723684210526314,瑞智
177.0,177.5,171.5,173.5,386714.0,0.038922155688622784,171.1,0.0809968847352025,166.35,0.15282392026578062,159.275,0.06769230769230772,159.42083333333332,0.01417466849565608,68.18181818181819,251649.2,1.5367185749050662,0.0429816651638113,4536.TW,2026-07-07,0.052005945108564156,0.3151702408451047,bull,0.24306839186691312,0.3172987974098057,2026-03-31,2026-05-15,2316961000.0,794900000.0,396418000.0,448947000.0,83458000.0,327949000.0,3.61,9168173000.0,3277337000.0,14414904000.0,4782570000.0,9632334000.0,5697733000.0,352903000.0,784549000.0,,0.1858972217210494,322724995.159785,11137567000.0,0.0289762562290116,0.0340466806902667,0.022750689147843,0.4965120603168453,0.3430787138842647,0.1710939459058655,0.1415427363688901,-0.0352736858453488,,,64.73287402560862,64.73287402560862,False,69.85014055014264,69.85014055014264,68.57082391900914,213.0,True,False,True,True,True,True,True,True,True,False,True,True,True,True,True,False,False,12,False,0.0893109401977712,0.08831447165521045,1.0,43661136.2,0.5175600739371534,2.0,3.0,,,,,,0.014648438908770477,-0.04004029984803076,0.23761683601514208,-1.315114994271703,0.7763157894736842,-1.315114994271703,0.5389969337059463,-213.0,0.7302631578947368,0.5526315789473685,0.5657894736842105,0.7055921052631579,0.6440789473684211,拓凱
50.0,50.59999847412109,48.900001525878906,49.20000076293945,10461121.0,0.03797466622607182,49.58000030517578,0.16174740343861438,46.23249988555908,0.17422431912208425,44.020000012715656,-0.03906249941792339,45.788333384195965,0.03422627643363771,63.09524620471579,11076229.9,0.9444658601750402,0.06418646806307104,4763.TW,2026-07-07,0.052005945108564156,0.3151702408451047,bull,0.12384473197781885,0.29509713228492135,2026-03-31,2026-05-15,2711414000.0,1506899000.0,1344230000.0,1277102000.0,163292000.0,1114887000.0,1.13,18689835000.0,1425022000.0,23180026000.0,1425022000.0,21755004000.0,10088044000.0,,,,0.1278613611128946,1172354922.5512135,21755004000.0,0.0538889775681591,0.0512473819816351,0.0480968830664814,0.0655031826240988,0.5557613112567834,0.4957671532270616,0.4111828735855166,-0.3473205110583516,,,80.5798896395777,80.5798896395777,False,76.92805073355855,76.92805073355855,77.84101046006333,83.0,True,True,True,True,True,True,True,True,True,False,True,True,True,True,True,False,False,13,False,0.1176738016521468,0.07450953390500636,1.0,544950519.5304928,0.22365988909426987,1.0,2.0,,,,,,-0.032267730754962046,-0.10585019745485205,0.15733357484448598,-1.3738544472925842,0.5384868421052632,-1.3738544472925842,0.3735807381135888,-83.0,0.8947368421052632,0.881578947368421,0.29605263157894735,0.8049342105263159,0.7710526315789473,材料*-KY
309.5,323.0,295.0,297.0,918381.0,-0.013289036544850474,301.9,0.09796672828096109,297.95,0.9247992770800537,284.94207967122395,1.583064017990497,206.52287883758544,0.012488318749469074,47.578347578347575,1723976.05,0.5327109967681976,-0.0031884544386641123,4764.TW,2026-07-07,0.052005945108564156,0.3151702408451047,bull,0.20609981515711645,0.041628122109158186,2026-03-31,2026-05-15,822846000.0,218329000.0,120547000.0,115287000.0,27069000.0,88084000.0,1.03,2840679000.0,2079398000.0,5020994000.0,2594448000.0,2426546000.0,1073448000.0,1121743000.0,492211000.0,,0.2347966379557105,92242969.68435296,2941596000.0,0.0313581367680514,0.0363001566836153,0.0175431398643376,1.0691938252973567,0.2653339750086893,0.1465000741329483,0.1070479773858048,0.2466117024661169,,,65.41829051610917,65.41829051610917,False,67.77630249255755,67.77630249255755,67.18679949844545,207.0,True,False,True,True,False,True,True,False,True,True,True,True,False,True,True,False,False,10,False,0.04231709245152171,0.4380973268998829,1.0,512020886.85,0.23105360443622922,2.0,3.0,,,,,,-0.034064908080942716,-0.17677878973302028,0.27550263283229853,-1.2853802702277004,0.6177631578947369,-1.2853802702277004,0.5128916358350706,-207.0,0.7368421052631579,0.4868421052631579,0.5197368421052632,0.7042763157894736,0.618421052631579,雙鍵
178.0,183.0,174.0,175.0,1436603.0,0.11266531891044029,170.5,0.10759493670886067,167.12123794555663,0.14379084967320255,165.70707931518555,0.2544802867383513,156.48687299092612,0.004055363511554827,57.11294579951178,1094574.9,1.312475738298037,0.04714399050233253,4961.TW,2026-07-07,0.052005945108564156,0.3151702408451047,bull,0.1866913123844732,0.33209990749306195,2026-03-31,2026-05-15,4501219000.0,1251280000.0,294573000.0,378167000.0,58735000.0,224263000.0,1.86,18756288000.0,2898638000.0,26661399000.0,3800040000.0,22861359000.0,2014179000.0,,,,0.155314979889837,248821400.42891103,23762761000.0,0.0104710643863695,0.0098096967901164,0.0084115240914402,0.1662210894811634,0.2779869186547022,0.0654429389016619,0.049822725799389,-0.0343346930509377,,,36.99914354663914,36.99914354663914,False,73.31044419049702,73.31044419049702,64.23261902953254,576.0,True,False,True,True,True,True,True,True,True,False,False,True,True,True,False,False,False,11,False,0.05608040841235695,0.11830466450784893,1.0,191550607.49999997,0.33086876155268025,2.0,3.0,,,,,,-0.07158649734526594,-0.17872303098838738,0.19582182894409422,-1.6420583071156267,0.29440789473684215,-1.6420583071156267,0.26004687628863943,-576.0,0.40131578947368424,0.3026315789473684,0.15789473684210525,0.3648026315789474,0.32302631578947366,天鈺
114.0,115.5,99.9000015258789,99.9000015258789,17974207.0,0.1443298743832906,102.74000091552735,0.20216610541803615,88.41428260803222,0.237918281334643,95.74309425354004,0.8397790594754868,78.73404715855916,0.029578123740431447,66.17462417225694,11801434.0,1.5230527917200571,0.12990795807015054,4989.TW,2026-07-07,0.052005945108564156,0.3151702408451047,bull,0.09519408502772643,0.2432932469935245,2026-03-31,2026-05-15,977047000.0,48163000.0,12236000.0,22866000.0,4572000.0,18294000.0,0.13,1857731000.0,875954000.0,2456331000.0,972965000.0,1483366000.0,185213000.0,472102000.0,,,0.1999475203358698,9789442.141170297,1580377000.0,0.0061943714323672,0.012332762109958,0.0074476933279757,0.6559170157601023,0.049294455640312,0.0125234507654186,0.0187237666151167,0.9274945748668376,,,34.64934485001899,34.64934485001899,False,74.67103712504507,74.67103712504507,64.66561405628855,607.0,True,False,True,True,True,False,True,True,True,False,False,True,True,True,False,False,False,10,False,0.04341730654046794,0.26882848184718,1.0,1178963274.6075592,0.1423290203327172,1.0,3.0,,,,,,-0.1458734278810053,-0.3173695055150466,0.1372916523846933,-1.9737648052547618,0.06611842105263158,-1.9737648052547618,0.03710788023259827,-607.0,0.35526315789473684,0.34210526315789475,0.006578947368421052,0.30296052631578946,0.28157894736842104,榮科
1525.0,1550.0,1500.0,1500.0,1135151.0,0.020408163265306145,1508.0,0.0714285714285714,1434.75,0.3513513513513513,1404.6666666666667,0.2931034482758621,1322.9583333333333,-0.004164497657470068,65.38461538461539,1107758.45,1.0247279088685806,0.045478306325143825,5269.TW,2026-07-07,0.052005945108564156,0.3151702408451047,bull,0.2698706099815157,0.1692876965772433,2026-03-31,2026-05-15,3497963000.0,1778068000.0,807599000.0,1936464000.0,82474000.0,1853990000.0,24.85,10669746000.0,3568387000.0,41500017000.0,4404988000.0,37095029000.0,5726443000.0,,,,0.0425899990911269,773203359.324005,37931630000.0,0.020384132169485,0.0499794729908419,0.0446744395309524,0.1187487412396954,0.508315268057438,0.2308769418087041,0.5300199001533178,0.3940900795771613,,,87.63352452318074,87.63352452318074,False,61.79581918199539,61.79581918199539,68.25524551729173,47.0,True,False,True,True,True,True,False,True,True,True,True,True,True,True,True,False,False,12,False,0.0678690080683435,0.13382255676986565,1.0,1661637675.0,0.1044362292051756,3.0,2.0,,,,,,-0.03284665859435352,-0.14775931383960866,0.31483603970909424,-1.2029818915677732,0.7088815789473685,-1.2029818915677732,0.5371044005318086,-47.0,0.9539473684210527,0.5263157894736842,0.5526315789473685,0.8937499999999999,0.7453947368421053,祥碩
104.0,108.5,102.0,103.0,6475444.0,0.06957421324941393,99.74000091552735,0.17579910723889336,95.32168273925781,0.9252336448598131,78.25056095123291,1.0436507317785013,64.37444712320963,0.020774953918690865,62.70533480019698,5264572.0,1.2300038825568347,0.08055163358525053,5285.TW,2026-07-07,0.052005945108564156,0.3151702408451047,bull,0.11090573012939002,0.04070305272895467,2026-03-31,2026-05-15,1357374000.0,253577000.0,134024000.0,129371000.0,27307000.0,102064000.0,1.0,3890434000.0,1502170000.0,5486212000.0,2514807000.0,2971405000.0,1258334000.0,380000000.0,805975000.0,,0.2110751250280202,105734867.44324462,3984042000.0,0.0265395965813725,0.0343487340163996,0.0186037287658588,0.8463359925691718,0.1868143930854724,0.0987377097248068,0.0751922462048042,0.0164466220511887,,,49.817373099182696,49.817373099182696,False,87.38977048664229,87.38977048664229,77.99667113977739,375.0,True,True,True,True,True,True,True,True,True,True,True,True,True,True,False,False,False,14,False,0.31628449365610756,0.600013741521739,1.0,542250916.0,0.2255083179297597,2.0,3.0,,,,,,-0.021815821006138294,-0.10986982714636573,0.28859419935862596,-1.2467632086074671,0.7569078947368422,-1.2467632086074671,0.8077730150117561,-375.0,0.5921052631578947,0.8881578947368421,0.875,0.6345394736842105,0.7375,界霖
187.0,192.0,184.5,187.0,206978.0,0.04469273743016755,184.0,0.09037900874635563,183.6,0.31690140845070425,168.21666666666667,0.27210884353741505,156.2,0.02483951995534462,55.0,293219.5,0.7058807480402907,0.0185185185185186,5288.TW,2026-07-07,0.052005945108564156,0.3151702408451047,bull,0.21719038817005545,0.19148936170212766,2026-03-31,2026-05-15,2061135000.0,478999000.0,298138000.0,346156000.0,100630000.0,249057000.0,3.59,4729511000.0,1996750000.0,8144719000.0,2033096000.0,6111623000.0,1527526000.0,170275000.0,,0.0,0.2907070800448352,211467172.5695929,6147969000.0,0.0343962652657475,0.0407513683353832,0.0305789555170657,0.3326605715044923,0.2323957431221147,0.1446474879132128,0.120834879811366,0.0892520430725782,,,70.01559901846518,70.01559901846518,False,68.57359752222169,68.57359752222169,68.93409789628257,163.0,True,False,True,True,True,True,True,True,True,True,True,True,False,True,True,False,False,12,False,0.11166154760725244,0.19718309859154948,1.0,54832046.5,0.4879852125693161,2.0,3.0,,,,,,-0.02456113956316671,-0.09620210410494197,0.19960090218946852,-1.5951413879384526,0.562171052631579,-1.5951413879384526,0.5925549342557582,-163.0,0.7697368421052632,0.5657894736842105,0.6513157894736842,0.7519736842105262,0.6848684210526316,豐祥-KY
529.0,544.0,516.0,516.0,2278157.0,-0.060109289617486295,528.6,0.1794285714285715,496.45,0.286783042394015,451.05,0.7403035413153456,389.1791666666667,0.03583537634969488,61.57760814249364,1659059.75,1.3731615151292773,0.039379595125390354,5434.TW,2026-07-07,0.052005945108564156,0.3151702408451047,bull,0.10720887245841035,0.211840888066605,2026-03-31,2026-05-15,18536692000.0,2517460000.0,1430469000.0,1720554000.0,385901000.0,1322921000.0,6.86,26594173000.0,20377745000.0,43809103000.0,24343457000.0,19465646000.0,6619207000.0,553886000.0,2499050000.0,0.0,0.2242888046524549,1109630817.8976076,23431358000.0,0.0473566584530699,0.0679618338893042,0.0301973998417634,1.25058562145844,0.1358095608428947,0.07716959422965,0.0713676960268854,0.1762262681445767,,,65.82773904429318,65.82773904429318,False,82.23723701944947,82.23723701944947,78.1348625256604,203.0,True,True,True,True,True,True,True,True,True,False,True,True,True,True,True,False,False,13,False,0.14399733954107075,0.3258674774900163,1.0,856074831.0,0.16543438077634012,3.0,3.0,,,,,,-0.03258847591907145,-0.1363609816802676,0.21589236735238215,-1.1325369891558426,0.5960526315789474,-1.1325369891558426,0.6135617284340076,-203.0,0.75,0.9013157894736842,0.6776315789473685,0.7391447368421052,0.780921052631579,崇越
65.30000305175781,65.4000015258789,60.900001525878906,61.09999847412109,4325729.0,-0.008116883317944468,62.13999938964844,0.2729166348775227,59.127499961853026,0.5429293138496059,51.470833206176756,0.8431371240336962,44.98249988555908,0.04831345777036632,56.38297843558935,6423962.3,0.673373970454341,0.03336008648328859,5471.TW,2026-07-07,0.052005945108564156,0.3151702408451047,bull,0.059149722735674676,0.10083256244218317,2026-03-31,2026-05-15,762695000.0,324634000.0,69170000.0,100354000.0,20035000.0,80319000.0,0.48,2907264000.0,471709000.0,4129482000.0,577986000.0,3551496000.0,1448788000.0,,,,0.1996432628495127,55360675.5086992,3657773000.0,0.0151350768647204,0.0226155400428439,0.019450139266862,0.1627443758911737,0.4256406558322789,0.0906915608467342,0.1053094618425451,0.2391711942393677,,,64.00671286733612,64.00671286733612,False,78.35467750335962,78.35467750335962,74.76768634435375,224.0,True,True,True,True,True,True,True,True,True,True,True,True,False,True,True,False,False,13,False,0.18708003481064273,0.35830597742604064,1.0,392504086.7278114,0.2587800369685767,1.0,3.0,,,,,,-0.042222503254178555,-0.18324604087081878,0.2290650106821059,-1.5323050005552872,0.45065789473684215,-1.5323050005552872,0.4527257652041877,-224.0,0.7105263157894737,0.8223684210526315,0.4276315789473684,0.6680921052631579,0.6875,松翰
936.0,948.0,879.0,883.0,4628474.0,-0.0433369447453954,922.8,0.21291208791208782,850.65,0.3883647798742138,766.5166666666667,0.5628318584070797,665.4333333333333,0.04335827302833316,59.77961432506887,5634647.25,0.8214310132723925,0.03802974196202902,6139.TW,2026-07-07,0.052005945108564156,0.3151702408451047,bull,0.0878003696857671,0.15448658649398705,2026-03-31,2026-05-15,20346268000.0,3810888000.0,3500691000.0,3755759000.0,771489000.0,2227075000.0,9.45,80079673000.0,54933867000.0,86440236000.0,56432727000.0,30007509000.0,42080764000.0,1694774000.0,301468000.0,0.0,0.2054149374334189,2781596777.261268,31506369000.0,0.0882868088436743,0.0742172567539678,0.0257643327119097,1.8806201807687533,0.1873015729469404,0.1720556811696376,0.1094586486327615,0.6849960227627989,,,75.64712525562624,75.64712525562624,False,80.31698532732291,80.31698532732291,79.14952030939874,113.0,True,True,True,True,True,True,True,True,True,True,True,True,True,True,True,False,False,14,False,0.1519645147963733,0.32695486650303063,1.0,4975393521.75,0.038817005545286505,3.0,3.0,,,,,,-0.025226670009648535,-0.08872015024779993,0.40437611617556923,-0.8342768295685291,0.8651315789473684,-0.8342768295685291,0.906831095660513,-113.0,0.8552631578947368,0.9276315789473685,0.9539473684210527,0.8700657894736842,0.8967105263157894,亞翔
15.399999618530272,16.200000762939453,14.300000190734863,14.800000190734863,6257207.0,0.12547533232468688,15.639999961853027,0.18400001525878906,13.692500019073487,0.21311478869820877,12.846666685740153,0.17928286580115604,12.573333366711934,0.04843031999073846,59.89847868091996,2319481.4,2.6976750061457704,0.0808837078779363,6164.TW,2026-07-07,0.052005945108564156,0.3151702408451047,bull,0.10166358595194085,0.2664199814986124,2026-03-31,2026-05-15,183889000.0,55679000.0,-4775000.0,5477000.0,1454000.0,4004000.0,0.05,873770000.0,489194000.0,1500360000.0,554408000.0,945952000.0,452028000.0,188000000.0,23203000.0,,0.2654737995252875,-3507362.607266752,1011166000.0,-0.0034686318638747,0.0042327729102533,0.00266869284705,0.5860847062007375,0.3027859197668158,-0.025966751681721,0.0217740049703897,-0.1186470734840206,,,23.075673331588646,23.075673331588646,False,80.80598929704888,80.80598929704888,66.37341030568382,809.0,True,True,True,True,True,True,True,True,True,False,False,True,True,True,False,False,False,12,False,0.1520498315071035,0.177094391684393,1.0,34328325.16240597,0.5462107208872459,0.0,3.0,,,,,,-0.005715078615098628,-0.10836527633978171,0.29579203516783104,-1.3701946898325796,0.7907894736842105,-1.3701946898325796,0.810329466787671,-809.0,0.17105263157894737,0.4473684210526316,0.8881578947368421,0.27861842105263157,0.3973684210526316,華興
591.0,591.0,552.0,562.0,2256885.0,0.014440433212996373,575.8,0.1528205128205129,547.6182830810546,0.7265745007680491,463.34776102701824,1.0362318840579712,374.6363805135091,0.03364519817302559,57.34596490632004,2180706.65,1.034932873708621,0.02626230234321203,6196.TW,2026-07-07,0.052005945108564156,0.3151702408451047,bull,0.13031423290203328,0.0730804810360777,2026-03-31,2026-05-15,14308544000.0,1941121000.0,1179768000.0,1386251000.0,277186000.0,1112712000.0,5.08,46337341000.0,36023511000.0,57381180000.0,39725563000.0,17655617000.0,12671163000.0,1883857000.0,1404012000.0,0.0,0.1999536880406218,943869037.3676916,21357669000.0,0.0441934481411661,0.0630231160995393,0.0193915844881544,2.2500240574996613,0.1356616717955369,0.0824519951156455,0.0777655644068327,0.0790146048289421,,,51.54752142541584,51.54752142541584,False,77.68315447023217,77.68315447023217,71.14924620902808,346.0,True,True,True,True,True,True,True,True,True,True,True,True,True,True,False,False,False,14,False,0.21291187153751934,0.5001212621947555,1.0,1225557137.3,0.13955637707948243,3.0,3.0,,,,,,-0.019655107894473556,-0.1453138082311819,0.2447115098188941,-1.2232007379146617,0.6575657894736843,-1.2232007379146617,0.6511371531501975,-346.0,0.618421052631579,0.6644736842105263,0.7236842105263158,0.6342105263157894,0.6532894736842105,帆宣
388.5,405.0,355.5,360.0,6633007.0,0.04944960849631719,361.91535034179685,0.10091743119266061,345.02250518798826,1.011173184357542,271.4158350626628,1.360655737704918,214.61625086466472,0.030014262699276307,64.71764913499972,4401671.05,1.5069292831412289,0.04341019668804247,6197.TW,2026-07-07,0.052005945108564156,0.3151702408451047,bull,0.19963031423290203,0.037927844588344126,2026-03-31,2026-05-15,2025886000.0,724668000.0,458448000.0,506606000.0,96522000.0,391675000.0,3.21,6657237000.0,3109326000.0,9069219000.0,4243979000.0,4825240000.0,2462563000.0,,,965928000.0,0.1905267604410528,371101387.7293202,5959893000.0,0.0622664513824862,0.0811721282257462,0.0431872909894446,0.8795373908862565,0.3577042340980687,0.2262950629995962,0.1933351629854789,0.2107817033776495,,,89.98012274352672,89.98012274352672,True,81.77410028070733,81.77410028070733,83.82560589641218,33.0,True,True,True,True,True,True,True,True,True,True,True,True,True,True,True,True,False,14,False,0.32637802771118896,0.6774125843201553,1.0,1584601578.0,0.11182994454713494,2.0,2.0,,,,,,-0.0451248445875954,-0.1951136697198666,0.18515054165676045,-1.7402904317059171,0.3125,-1.7402904317059171,0.26682094090036274,-33.0,0.9605263157894737,0.993421052631579,0.16447368421052633,0.8411184210526316,0.8111842105263158,佳必琪
69.5999984741211,69.5999984741211,64.5,64.80000305175781,5464218.0,-0.004608224721887488,67.04000091552734,0.25338495349131485,64.50000038146973,0.31307001125316414,58.9233336130778,0.7280000813802083,54.092916870117186,0.0445344126803478,53.41463913880852,9338858.25,0.5851055721934745,0.004651204163004463,6202.TW,2026-07-07,0.052005945108564156,0.3151702408451047,bull,0.06469500924214418,0.19703977798334876,2026-03-31,2026-05-15,825585000.0,330355000.0,55209000.0,86457000.0,15086000.0,68431000.0,0.3,4419323000.0,1032349000.0,5479665000.0,1377619000.0,4102046000.0,932254000.0,400000000.0,,,0.1744913656499762,45575506.19383046,4447316000.0,0.0102478677462609,0.0166821629986596,0.0124881721784087,0.335837043270602,0.4001465627403598,0.0668725812605607,0.0828878916162478,0.0849555614839034,,,49.258241412318746,49.258241412318746,False,70.09257688541179,70.09257688541179,64.88399301713852,381.0,True,False,True,True,True,True,True,True,True,False,True,True,False,True,False,False,False,11,False,0.09973416435107652,0.19793878387718444,1.0,605158043.0999336,0.20702402957486138,1.0,3.0,,,,,,-0.08219870034092801,-0.18643989112634282,0.21198509051124684,-1.6158889893204298,0.3046052631578947,-1.6158889893204298,0.3490575422613114,-381.0,0.5723684210526315,0.3618421052631579,0.24342105263157895,0.5230263157894736,0.44342105263157894,盛群
392.0,424.5,373.0,379.0,44569348.0,0.031535019700717815,376.90021362304685,0.5564681724845997,312.21768951416016,0.7710280373831775,281.38089650472006,2.2532188841201717,207.10294825236002,0.10297911059884966,75.81789852945352,21206034.6,2.101729476570787,0.21389662638833618,6213.TW,2026-07-07,0.052005945108564156,0.3151702408451047,bull,0.021256931608133085,0.06290471785383904,2026-03-31,2026-05-15,9143071000.0,1044251000.0,424199000.0,483404000.0,168881000.0,314523000.0,0.87,27657471000.0,15422932000.0,39926715000.0,18831086000.0,21095629000.0,3563235000.0,3355253000.0,1984813000.0,,0.3493578869847994,276001733.69893503,24503783000.0,0.0112636376880637,0.0149093918934581,0.0078775075785723,0.8926534496790781,0.11421228162835,0.0463956804010381,0.0344001484840268,0.206199391931416,,,35.19697595463791,35.19697595463791,False,83.60859513398681,83.60859513398681,71.5056903391496,601.0,True,True,True,True,True,True,True,False,True,True,True,False,True,False,False,False,False,11,False,0.346928681754493,0.8300077483116233,1.0,8037087113.400001,0.026802218114602587,2.0,3.0,,,,,,-0.22556843911240781,-0.34107423252968405,0.13804223186989448,-2.2281270641467503,0.030263157894736843,-2.2281270641467503,0.08552044680020093,-601.0,0.3684210526315789,0.6907894736842105,0.046052631578947366,0.3200657894736842,0.40065789473684205,聯茂
270.0,274.5,242.0,242.0,18864962.0,0.037243472147283185,249.91350708007812,0.20398009950248763,230.41983032226562,0.375,212.79827677408855,1.0683760683760686,173.4574717203776,0.03423998833164683,60.25832989527046,11718435.25,1.6098533291806174,0.050256827554895356,6257.TW,2026-07-07,0.052005945108564156,0.3151702408451047,bull,0.09242144177449169,0.15818686401480112,2026-03-31,2026-05-15,5293776000.0,1675935000.0,1184017000.0,1379715000.0,258007000.0,1005655000.0,2.1,19127174000.0,10312177000.0,43878954000.0,19347117000.0,24531837000.0,11717635000.0,668430000.0,8022848000.0,,0.1870002138122728,962605567.8426342,33566777000.0,0.0286773307977299,0.0409938725746465,0.0229188462423238,0.7886534139290099,0.3165859303453716,0.2236620892157129,0.1899693149086776,0.1299871008670361,,,71.51600240927145,71.51600240927145,False,86.55456513865408,86.55456513865408,82.79492445630842,155.0,True,True,True,True,True,True,True,True,True,True,True,True,True,True,True,False,False,14,False,0.13722725422684068,0.39515466010087175,1.0,2835861330.5,0.066543438077634,2.0,3.0,,,,,,-0.07898869427525793,-0.1936451516093141,0.22449842169207138,-1.5534847843975994,0.34375,-1.5534847843975994,0.40545940406188097,-155.0,0.7828947368421053,0.9802631578947368,0.32894736842105265,0.7148026315789473,0.7513157894736843,矽格
272.0,278.0,245.0,247.0,18336141.0,-0.07490636704119846,269.9,0.1447440674635152,250.1,0.4402332361516035,216.37385431925455,0.8432835820895523,182.72026049296062,0.03442749040270363,54.79744136460555,16666814.05,1.100158731296339,-0.012395041983206734,6271.TW,2026-07-07,0.052005945108564156,0.3151702408451047,bull,0.1367837338262477,0.13043478260869565,2026-03-31,2026-05-15,2819237000.0,788543000.0,393499000.0,465740000.0,71043000.0,394293000.0,1.89,11855565000.0,4582832000.0,34771625000.0,8286661000.0,26484964000.0,4593272000.0,0.0,3342284000.0,0.0,0.1525378966805513,333475490.1940997,30188793000.0,0.0110463339887122,0.0148874282026586,0.0113395045529221,0.3128817165845496,0.2797008552313977,0.1395764173072359,0.1398580537925687,-0.0307443766240285,,,45.5192454868206,45.5192454868206,False,71.57854269702639,71.57854269702639,65.06371839447495,426.0,True,False,True,True,False,True,True,True,True,True,True,True,True,True,False,False,False,12,False,0.14154272833517711,0.35179316915168135,1.0,4116703070.3500004,0.04990757855822551,2.0,3.0,,,,,,-0.06711863067126728,-0.1763395679871509,0.21987784455253379,-1.618017642167274,0.3588815789473684,-1.618017642167274,0.32448339411222854,-426.0,0.5197368421052632,0.375,0.21052631578947367,0.4733552631578947,0.4144736842105263,同欣電
1290.0,1325.0,1180.0,1185.0,2056343.0,0.09216589861751157,1209.0,0.31666666666666665,1006.85,0.6596638655462186,840.4666666666667,0.16748768472906406,855.5583333333333,0.10194812301630729,73.19078947368422,1490335.85,1.3797849659189234,0.1769379748721258,6409.TW,2026-07-07,0.052005945108564156,0.3151702408451047,bull,0.04343807763401109,0.08048103607770583,2026-03-31,2026-05-15,4204594000.0,1097283000.0,761311000.0,497580000.0,106071000.0,391509000.0,4.46,12925624000.0,6848461000.0,17835228000.0,7506620000.0,10328608000.0,7086998000.0,,489300000.0,,0.2131737610032557,599019470.8368503,10986767000.0,0.0545219053827982,0.0379053014694719,0.0219514435139264,0.7267794459814914,0.2609724030429573,0.1810664715784687,0.0931145789581586,-0.1581824756109622,,,62.88856390334461,62.88856390334461,False,84.84970648502805,84.84970648502805,79.3594208396072,235.0,True,True,True,True,True,True,True,False,True,True,True,True,True,False,True,False,False,12,False,0.4099309907194415,0.38506043811546076,1.0,1766047982.25,0.10166358595194085,3.0,3.0,,,,,,0.021651151465249003,-0.09157251380220564,0.22814777396847888,-0.7402038136189374,0.8108552631578947,-0.7402038136189374,0.76706858546482,-235.0,0.7039473684210527,0.9473684210526315,0.8552631578947368,0.7266447368421053,0.8072368421052631,旭隼
398.5,418.0,397.0,400.0,3992505.0,0.08254397834912042,380.7,0.11557635572546121,374.44342651367185,0.4134275618374559,349.55384470621743,0.39860139860139854,315.08525568644205,0.007959622014387957,69.64285714285714,1790739.95,2.229528078602368,0.0682521622138692,6414.TW,2026-07-07,0.052005945108564156,0.3151702408451047,bull,0.17005545286506468,0.14153561517113783,2026-03-31,2026-05-15,37112748000.0,7463263000.0,1991965000.0,2414012000.0,571474000.0,751782000.0,5.15,113547832000.0,89321445000.0,170294132000.0,107066225000.0,63227907000.0,26537871000.0,13786805000.0,9111537000.0,0.0,0.236732046071022,1520403049.848137,80972687000.0,0.0187767394930112,0.0118900345697035,0.0044146089543472,1.693338117296845,0.2010970192775808,0.0536733361808724,0.0202567053240034,0.0767958564505,,,30.957982203301764,30.957982203301764,False,72.44445161608412,72.44445161608412,62.072834262888534,665.0,True,False,True,True,True,True,True,True,True,True,True,True,True,True,False,False,False,13,False,0.144315835908428,0.2694976765211161,1.0,716295980.0,0.1866913123844732,2.0,3.0,,,,,,-0.03893435857317717,-0.12983423275750375,0.1889356162556457,-1.7492527314138475,0.4118421052631579,-1.7492527314138475,0.47237254490968417,-665.0,0.2894736842105263,0.2565789473684211,0.45394736842105265,0.3141447368421053,0.3125,樺漢
615.0,620.0,558.0,560.0,2988021.0,-0.0635451505016722,599.4,0.06870229007633588,580.775,1.0035778175313057,507.94166666666666,2.045353917955204,385.71534436543783,0.012552848363335102,46.53465346534653,4949300.85,0.6037258777671598,-0.03577116783608103,6415.TW,2026-07-07,0.052005945108564156,0.3151702408451047,bull,0.27911275415896486,0.03885291396854764,2026-03-31,2026-05-15,4860017000.0,2343430000.0,390077000.0,786811000.0,48909000.0,768710000.0,1.98,25449676000.0,4400935000.0,45983570000.0,7445656000.0,38537914000.0,8991379000.0,675744000.0,2896183000.0,,0.0621610526543223,365829403.0637599,41582635000.0,0.0087976484189556,0.0199468502628346,0.0167170578534898,0.1932033996443087,0.4821855561410588,0.0802624764481276,0.1581702286226571,0.1872174261411661,,,58.276388595973806,58.276388595973806,False,65.65529452601736,65.65529452601736,63.810568043506464,281.0,True,False,True,True,False,True,True,False,True,True,True,True,False,True,False,False,False,10,False,0.10248880284809614,0.4518478670359556,1.0,2771608476.0,0.06746765249537892,3.0,3.0,,,,,,-0.13136833116208407,-0.3063653962136531,0.20603544268106874,-1.8156600131593499,0.15197368421052632,-1.8156600131593499,0.1255172323112656,-281.0,0.6513157894736842,0.29605263157894735,0.07236842105263158,0.5644736842105263,0.4289473684210526,矽力*-KY
16.100000381469727,16.100000381469727,15.800000190734863,15.899999618530272,72840.0,-0.006250023841858021,15.80999984741211,0.1197182980351823,15.252499961853028,0.17777774952076086,13.493333307902018,-0.1142061870349178,14.844166644414265,0.056816212160762006,63.461532818495975,93519.05,0.7788787418178436,0.042452034636725866,6645.TW,2026-07-07,0.052005945108564156,0.3151702408451047,bull,0.1645101663585952,0.2913968547641073,2026-03-31,2026-05-15,123596000.0,14404000.0,-42376000.0,-47338000.0,375000.0,-45795000.0,-0.76,387891000.0,355675000.0,1024358000.0,556505000.0,467853000.0,80895000.0,188000000.0,63445000.0,66916000.0,0.0,-42376000.0,668683000.0,-0.0633723303867453,-0.0978833095010612,-0.0447060500332891,1.189486868738685,0.116540988381501,-0.3428589922003948,-0.3705216997313829,0.2087628361858191,,,21.28182108935012,21.28182108935012,False,73.58240672820442,73.58240672820442,60.50726031849084,840.0,True,False,True,True,True,True,True,True,True,False,True,True,False,True,False,False,False,11,False,0.17835965774438045,0.07112780389819373,1.0,1486952.8593253135,0.9269870609981515,0.0,3.0,,,,,,-0.02698241479621388,-0.09959007535725585,0.2561632718999489,-1.6914091225921124,0.624671052631579,-1.6914091225921124,0.8056556110769847,-840.0,0.13815789473684212,0.21052631578947367,0.868421052631579,0.2476973684210526,0.305921052631579,金萬林-創
315.0,324.5,296.0,300.0,7402111.0,0.0,302.2,0.3824884792626728,262.725,1.044035422960882,220.54496281941732,2.2548336700332245,161.64960734049478,0.08698800165494429,74.22360248447205,6586052.4,1.1239070919022751,0.14187838995147017,6672.TW,2026-07-07,0.052005945108564156,0.3151702408451047,bull,0.030499075785582256,0.034227567067530065,2026-03-31,2026-05-15,1245827000.0,423777000.0,145352000.0,148482000.0,24894000.0,123588000.0,1.73,4606299000.0,1439948000.0,6456499000.0,2742865000.0,3713634000.0,1563255000.0,30000000.0,69263000.0,896840000.0,0.1676566856588677,120982765.42611226,5016551000.0,0.0241167219123481,0.0332795315855035,0.0191416431722517,0.7385932485538425,0.3401571807321562,0.1166710947828229,0.0992015745364324,0.2185628742514969,,,64.4879602565514,64.4879602565514,False,84.2618976489299,84.2618976489299,79.31841330083527,216.0,True,True,True,True,True,True,True,False,True,True,True,True,True,True,True,False,False,13,False,0.3602668415766115,0.8558659370454722,1.0,1975815720.0,0.0933456561922366,2.0,3.0,,,,,,-0.05802034042740166,-0.20480002513400072,0.29700918379989366,-1.378371121725869,0.5217105263157894,-1.378371121725869,0.4846658317455109,-216.0,0.7236842105263158,0.9407894736842105,0.4934210526315789,0.6891447368421053,0.7427631578947368,騰輝電子-KY
750.0,770.0,728.0,728.0,1377782.0,-0.04336399474375818,750.8,0.17990275526742305,729.15,0.15555555555555545,672.7333333333333,0.3140794223826715,638.2333333333333,0.040750785041393026,53.78151260504202,1302717.05,1.0576218373744322,-0.0015771789069464193,6691.TW,2026-07-07,0.052005945108564156,0.3151702408451047,bull,0.10628465804066543,0.3145235892691952,2026-03-31,2026-05-15,6977227000.0,1283352000.0,1098330000.0,1100675000.0,233735000.0,866940000.0,7.19,21151608000.0,15975842000.0,22175970000.0,16220137000.0,5955833000.0,7596288000.0,0.0,,,0.2123560542394439,865092974.9471915,6200128000.0,0.1395282444083721,0.1455615024800057,0.0390936676050698,2.723403594425834,0.1839343911270193,0.1574164062599654,0.1242528012919746,0.7680019541905503,,,72.9382876924978,72.9382876924978,False,66.40801095521712,66.40801095521712,68.0405801395373,138.0,True,False,True,True,False,True,True,True,True,False,True,True,True,True,True,False,False,11,False,0.08215241304132403,0.14064866558729827,1.0,948378012.4,0.16081330868761554,3.0,3.0,,,,,,0.006426147371112541,-0.03410618700412987,0.42198590670581754,-0.46739163265109107,0.9565789473684211,-0.46739163265109107,0.9690069170168287,-138.0,0.8092105263157895,0.5131578947368421,1.0,0.8378289473684211,0.7585526315789475,洋基工程
31.600000381469727,31.600000381469727,30.5,30.799999237060547,434737.0,0.016501650580520222,31.40999984741211,0.04054050135560283,30.077499771118163,0.2648870125069587,28.652499866485595,0.11999997225674708,27.196666622161864,0.011093369924334627,63.15788416982214,611396.95,0.7110552317933546,0.024021260790970445,6743.TW,2026-07-07,0.052005945108564156,0.3151702408451047,bull,0.3752310536044362,0.22571692876965774,2026-03-31,2026-05-15,1083929000.0,202549000.0,20890000.0,-14147000.0,13554000.0,-27701000.0,-0.19,4574864000.0,5204708000.0,8700114000.0,6010605000.0,2689509000.0,218291000.0,3463871000.0,578766000.0,,0.0,20890000.0,3495406000.0,0.0059764159013287,-0.0102996494899254,-0.0031839812673718,2.2348335699936306,0.1868655603826449,0.0192724800240606,-0.0255561019218048,-0.0671851414546325,,,10.90042619074367,10.90042619074367,False,67.70426782762618,67.70426782762618,53.503307418405555,1028.0,True,False,True,True,True,True,True,True,False,False,True,True,False,True,False,False,False,10,False,0.0749498082394846,0.13249170072785388,1.0,18831025.593541145,0.6303142329020333,1.0,3.0,,,,,,0.014885678098220457,-0.11808645917044101,0.2130410686910951,-1.121160442137548,0.7105263157894737,-1.121160442137548,0.7326080413212364,-1028.0,0.039473684210526314,0.03289473684210526,0.8289473684210527,0.15789473684210525,0.1953947368421053,安普新
102.5,103.5,97.5,97.5999984741211,193340.0,-0.0030643825033905836,99.2,0.06783366350914921,98.91999969482421,0.39536395813676983,94.55092786153158,0.23028351394142388,85.84450467427571,0.004978154744467817,49.87715176551103,278430.6,0.6943920675385536,-0.013344128839217761,6756.TW,2026-07-07,0.052005945108564156,0.3151702408451047,bull,0.28188539741219965,0.14893617021276595,2026-03-31,2026-05-15,414892000.0,185087000.0,-50699000.0,46990000.0,8682000.0,44595000.0,0.64,1744541000.0,848091000.0,3944534000.0,980235000.0,2964299000.0,833541000.0,,113508000.0,,0.1847627154713768,-41331715.08831666,3096443000.0,-0.0133481272183329,0.0150440289592918,0.0113055179648597,0.3306802046622152,0.4461088668858401,-0.1221980660027187,0.1074858035344137,0.0636156451162206,,,42.16370730947515,42.16370730947515,False,62.82003382231486,62.82003382231486,57.655952194104934,478.0,True,False,True,True,False,True,True,False,True,True,True,True,False,True,False,False,False,10,False,0.03224791846627717,0.13693938644587522,1.0,27174826.13514862,0.577634011090573,1.0,3.0,,,,,,-0.021361705666683075,-0.11304130945710295,0.2798574642174965,-1.3947609729256538,0.7223684210526315,-1.3947609729256538,0.6483688807293676,-478.0,0.4473684210526316,0.1118421052631579,0.7039473684210527,0.48585526315789473,0.3980263157894737,威鋒電子
332.0,365.0,332.0,352.0,7615527.0,0.06024096385542177,336.9,0.2861794046458561,309.3,0.7382716049382716,275.69532318115233,0.9501385041551247,234.56432825724283,0.041415195446045244,74.4186046511628,3025324.65,2.5172594286699117,0.13805366957646292,8016.TW,2026-07-07,0.052005945108564156,0.3151702408451047,bull,0.054528650646950096,0.06845513413506013,2026-03-31,2026-05-15,5328772000.0,1669417000.0,614352000.0,795608000.0,114691000.0,541690000.0,4.6,16315655000.0,7568958000.0,23295165000.0,7934322000.0,15360843000.0,6140979000.0,0.0,,,0.1441551618384933,525789988.014198,15726207000.0,0.0334339989302059,0.0352643406354716,0.0232533231681338,0.5165290733067189,0.3132836233188434,0.1152896014316244,0.1016538144247868,0.2299945941628962,,,70.50462844759238,70.50462844759238,False,81.652762127215,81.652762127215,78.86572870730934,160.0,True,True,True,True,True,True,True,False,True,True,True,True,True,True,True,False,False,13,False,0.2767717491120074,0.500654437165601,1.0,1064914276.8,0.15157116451016636,2.0,3.0,,,,,,-0.020065023181115995,-0.12488887459036926,0.25602791357115556,-1.3972093275675392,0.6842105263157894,-1.3972093275675392,0.6847211247670842,-160.0,0.7763157894736842,0.9210526315789473,0.7763157894736842,0.7763157894736842,0.8197368421052632,矽創
1040.0,1135.0,1015.0,1030.0,18802356.0,-0.13080168776371304,1122.0,0.23947051744885672,983.3956451416016,0.5442278860569716,896.5985483805339,3.3459915611814344,669.461774190267,0.07019295427182111,59.47086060896495,18235354.3,1.0310935389941944,0.04739125609173067,8046.TW,2026-07-07,0.052005945108564156,0.3151702408451047,bull,0.0711645101663586,0.09990749306197964,2026-03-31,2026-05-15,11177241000.0,1771445000.0,1352237000.0,1598197000.0,289571000.0,1308626000.0,2.03,25923065000.0,8163676000.0,62161816000.0,15455246000.0,46706570000.0,9657576000.0,,,,0.1811860490289995,1107230520.6191726,53998140000.0,0.0205049751828335,0.0280180282988025,0.0210519267969906,0.3309008989527597,0.1584867857819295,0.1209812868846614,0.1170795189975773,0.3214942908705003,,,61.16068715346135,61.16068715346135,False,82.8767177665722,82.8767177665722,77.44771011329449,249.0,True,True,True,True,True,True,True,True,True,True,True,True,True,True,True,False,False,14,False,0.14878615614582502,0.5385493835638551,1.0,18782414929.0,0.010166358595194085,3.0,3.0,,,,,,-0.23790913691772134,-0.3733710062463254,0.16520710513516576,-1.8144430768974462,0.057236842105263155,-1.8144430768974462,0.04560042964554243,-249.0,0.6776315789473685,0.875,0.013157894736842105,0.5779605263157895,0.6039473684210527,南電
329.0,329.0,302.0,303.5,2164063.0,0.02259866498843377,311.2,0.165067178502879,296.9084167480469,0.31385281385281383,273.81947224934896,0.4486873508353222,253.1222361246745,0.028491418359436024,56.61548820720162,1953434.8,1.1078245355309528,0.022200728844769202,8081.TW,2026-07-07,0.052005945108564156,0.3151702408451047,bull,0.12107208872458411,0.19611470860314523,2026-03-31,2026-05-15,2111258000.0,836287000.0,370522000.0,438111000.0,35852000.0,395524000.0,4.62,8526362000.0,3289967000.0,12402096000.0,3675700000.0,8726396000.0,5153501000.0,,,,0.0818331427423643,340201020.28481364,9112129000.0,0.0373349653286091,0.0453250116084578,0.0318917060471068,0.4212162730180936,0.3961083865638401,0.1754982100719097,0.1873404387336839,-0.0216104520571243,,,76.58455198143469,76.58455198143469,False,74.34188838656324,74.34188838656324,74.9025542852811,105.0,True,False,True,True,True,True,True,True,True,False,True,True,True,True,True,False,False,12,False,0.10839451083165841,0.19902543785411297,1.0,592867461.8000001,0.21072088724584104,2.0,3.0,,,,,,-0.028922532471544946,-0.10248972852653564,0.24783731766270312,-1.5379008572213804,0.6319078947368422,-1.5379008572213804,0.6598200219140515,-105.0,0.881578947368421,0.8289473684210527,0.743421052631579,0.8608552631578946,0.838157894736842,致新
87.0999984741211,87.0999984741211,78.30000305175781,79.0,23294248.0,0.09722222222222232,75.14000091552734,0.23824452891388104,73.61000022888183,0.29934212156775275,68.16333344777425,0.1844078502927422,67.72250010172526,0.016151301320332972,54.21348422965169,8732373.95,2.667573346420878,0.07322374343647042,8131.TW,2026-07-07,0.052005945108564156,0.3151702408451047,bull,0.07208872458410351,0.2053654024051804,2026-03-31,2026-05-15,2944616000.0,575751000.0,474525000.0,532938000.0,106587000.0,,0.96,10084552000.0,1987699000.0,15073124000.0,2470053000.0,12603071000.0,3860003000.0,,,,0.1999988741654751,379620534.236628,13085425000.0,0.0290109441792397,,,0.1959881841497203,0.1955266832755103,0.1611500446917357,,0.3203354134130391,,,75.64747800444505,75.64747800444505,False,76.26460874388846,76.26460874388846,76.11032605902761,112.0,True,True,True,True,True,True,True,True,True,False,True,True,True,True,True,False,False,13,False,0.15898087731476118,0.16652515606090934,1.0,689857542.05,0.1913123844731978,1.0,3.0,,,,,,0.012995388015639566,-0.10227065324725587,0.2801774178788467,-1.4534463319805213,0.7881578947368421,-1.4534463319805213,0.8090916422262253,-112.0,0.8618421052631579,0.8421052631578947,0.881578947368421,0.8648026315789472,0.8598684210526315,福懋科
118.0,118.5,107.0,109.0,94561098.0,0.09547738693467345,109.0,0.25000004374652973,100.41327133178712,0.7752442555568768,88.37275746663411,1.2427984243259016,74.21137873331706,0.03478009195423951,59.43006573630512,62036270.6,1.5242872771916756,0.08551388232179469,8150.TW,2026-07-07,0.052005945108564156,0.3151702408451047,bull,0.066543438077634,0.061979648473635525,2026-03-31,2026-05-15,6935628000.0,955465000.0,519677000.0,598149000.0,93257000.0,504892000.0,0.72,24338841000.0,9986027000.0,44831224000.0,20223938000.0,24607286000.0,12386933000.0,2903639000.0,9181032000.0,,0.1559093135656834,438654515.6541263,34845197000.0,0.0125886651079667,0.0205179880463046,0.0112620614596648,0.8218678809194968,0.1377618580465965,0.0749286149718525,0.0727968685748428,0.2536536129791198,,,43.57847362995483,43.57847362995483,False,91.20505174513819,91.20505174513819,79.29840721634235,456.0,True,True,True,True,True,True,True,True,True,True,True,True,True,True,False,False,False,14,False,0.23341177897672694,0.4687774551622048,1.0,6761953495.400001,0.029574861367837338,2.0,3.0,,,,,,-0.047107371416891836,-0.21163888605008188,0.24046635778148812,-1.6049694516498483,0.40065789473684216,-1.6049694516498483,0.40730262320171223,-456.0,0.47368421052631576,0.9342105263157895,0.3355263157894737,0.4529605263157894,0.5842105263157895,南茂
43.59999847412109,43.650001525878906,40.5,41.34999847412109,2716971.0,0.05484687931981602,42.26999969482422,0.1582632378273492,37.125,0.212609980188184,36.594166374206544,0.023514775058452564,37.98208309809367,0.038026004182791784,67.08860759493669,2008323.95,1.352854951513176,0.1138046727035984,8222.TW,2026-07-07,0.052005945108564156,0.3151702408451047,bull,0.1256931608133087,0.26734505087881594,2026-03-31,2026-05-15,234428000.0,59230000.0,30441000.0,31763000.0,6251000.0,,0.37,1130042000.0,553253000.0,2167379000.0,1240916000.0,926463000.0,201023000.0,300000000.0,681477000.0,,0.1968013096999653,24450171.33142336,1614126000.0,0.0151476225099052,,,1.3394123672505,0.2526575323766785,0.1298522360810142,,-0.074709104974818,,,42.06809671107272,42.06809671107272,False,80.20464000827702,80.20464000827702,70.67050418397595,479.0,True,True,True,True,True,True,True,True,True,False,True,True,True,True,False,False,False,13,False,0.12996148214669256,0.08867116022387034,1.0,83044192.26804084,0.4297597042513863,1.0,3.0,,,,,,-0.013402337970487285,-0.09920854056137808,0.23520161300817977,-1.5397348299239717,0.6575657894736842,-1.5397348299239717,0.4302623065402466,-479.0,0.4407894736842105,0.6513157894736842,0.3684210526315789,0.42993421052631575,0.4894736842105263,寶一
24.450000762939453,24.450000762939453,22.399999618530277,23.0,1306233.0,-0.06304281341763907,23.949918746948242,0.32947982741691395,22.13378849029541,0.21372026775751563,18.616262896855673,0.284916228500371,19.02396482626597,0.09892503905933914,72.24684979800757,2214655.5,0.5898131786185256,0.039135257395469525,8476.TW,2026-07-07,0.052005945108564156,0.3151702408451047,bull,0.041589648798521256,0.26549491211840887,2026-03-31,2026-05-15,326235000.0,40113000.0,7631000.0,5876000.0,4616000.0,225000.0,0.0,3433683000.0,2155428000.0,4156186000.0,2316566000.0,1839620000.0,171630000.0,939067000.0,115449000.0,,0.4,4578600.0,2000758000.0,0.0022884326840127,0.0001223078679292,5.413617196150509e-05,1.259263326121699,0.1229573773506828,0.0233911137676828,0.0006896868821555,0.38142099178943,,,25.567050268345977,25.567050268345977,False,70.3762091827066,70.3762091827066,59.17391945411645,760.0,True,False,True,True,True,True,True,False,True,False,True,True,False,True,False,False,False,10,False,0.23547889968210267,0.20900139429633535,1.0,50937076.5,0.49722735674676527,0.0,3.0,,,,,,-0.04800391993941763,-0.15458576993698175,0.25042524950906286,-1.6402781412115066,0.46677631578947365,-1.6402781412115066,0.5628682652545727,-760.0,0.21710526315789475,0.13815789473684212,0.5921052631578947,0.2733552631578947,0.26842105263157895,台境*
80.0,82.4000015258789,77.69999694824219,78.5,10727876.0,0.059047538273210964,75.93605346679688,0.17339309730260433,76.01859893798829,0.7820658651443442,61.900366401672365,0.9193153318180249,53.02123244603475,0.022173219335229942,52.959919107074725,11566342.4,0.9275080772293236,0.03264202572367725,8926.TW,2026-07-07,0.052005945108564156,0.3151702408451047,bull,0.11275415896487985,0.060129509713228495,2026-03-31,2026-05-15,13705478000.0,1167742000.0,1158449000.0,2000219000.0,215282000.0,1543873000.0,2.11,25838478000.0,15258593000.0,79198716000.0,50673668000.0,28525048000.0,9791059000.0,,27061536000.0,6097731000.0,0.1076292146010012,1033766043.9746848,63940123000.0,0.0161677206028315,0.0541234146214232,0.019493661993207,1.776462146531708,0.0852025737446005,0.0845245236977506,0.1126464177316544,5.978828992827919,,,50.60223107136166,50.60223107136166,False,73.90088308416792,73.90088308416792,68.07622008096635,360.0,True,False,True,True,True,True,True,True,True,True,True,True,True,True,False,False,False,13,False,0.2681669683602901,0.48053895352013276,1.0,907957878.4,0.16358595194085027,1.0,3.0,,,,,,-0.07015617039411633,-0.19638319923979736,0.2171063132693552,-1.274020031704666,0.4019736842105263,-1.274020031704666,0.4801331484911685,-360.0,0.6118421052631579,0.5197368421052632,0.4868421052631579,0.5930921052631579,0.5592105263157894,台汽電
76.69999694824219,76.69999694824219,74.5999984741211,75.0,1123294.0,-0.0421456312022932,76.0,0.10294117647058831,73.86499977111816,0.2626262301916711,66.65666675567627,-0.04458598726114649,71.57416671117147,0.025048569629866183,52.38095622544415,2238929.7,0.5017102591474846,0.015365873314814982,9914.TW,2026-07-07,0.052005945108564156,0.3151702408451047,bull,0.19408502772643252,0.22756706753006475,2026-03-31,2026-05-15,5323065000.0,883503000.0,277586000.0,414150000.0,86163000.0,325661000.0,1.09,16669153000.0,11726544000.0,36194817000.0,15729956000.0,20464861000.0,3921684000.0,5780249000.0,308878000.0,,0.2080478087649402,219834840.9561753,24468273000.0,0.0089844853764781,0.0159131791806453,0.0089974484468314,0.7686324378162158,0.1659763688777048,0.0521477757645266,0.0611792266297706,-0.2965963236341542,,,27.385384545181456,27.385384545181456,False,65.1920466177946,65.1920466177946,55.74038109964132,726.0,True,False,True,True,True,True,True,True,True,False,True,True,False,True,False,False,False,11,False,0.12516877381380964,0.04786410301712696,1.0,167919727.5,0.34288354898336415,1.0,3.0,,,,,,-0.01704452527527616,-0.09326073419174083,0.1440333812723345,-1.918951365926003,0.48684210526315785,-1.918951365926003,0.47745417040541477,-726.0,0.24342105263157895,0.06578947368421052,0.47368421052631576,0.2779605263157895,0.23618421052631577,美利達
20.100000381469727,20.399999618530277,19.600000381469727,19.700000762939453,850117.0,0.007672712620599542,19.8,0.16913948468534912,19.344999980926513,0.14868811668391801,17.465833314259847,0.012853469932831985,17.517916679382324,0.03921568737950288,46.753245466453436,1407420.6,0.6040248380619127,0.01835103553181483,9946.TW,2026-07-07,0.052005945108564156,0.3151702408451047,bull,0.11460258780036968,0.3228492136910268,2026-03-31,2026-05-15,2286025000.0,1230331000.0,1070680000.0,1048582000.0,218010000.0,830572000.0,2.56,15819259000.0,7136334000.0,17439333000.0,10338316000.0,7101017000.0,2000753000.0,3265440000.0,,3189863000.0,0.2079093480528943,848075619.2267271,10302999000.0,0.0823134719538191,0.1169652177990842,0.0476263627743102,1.4558923038770362,0.5381966513927013,0.4683588324712109,0.3633258603908531,74.70621936680355,,,93.8841677043543,93.8841677043543,True,65.01994498469782,65.01994498469782,72.23600066461194,22.0,True,False,True,True,True,True,True,False,True,False,True,True,False,True,True,True,False,10,False,0.12791645313914324,0.12456299019422379,1.0,27726186.893776704,0.5748613678373382,0.0,1.0,,,,,,-0.005029830990408573,-0.06698645874150778,0.36836198615360044,0.2857341408414384,0.9421052631578948,0.2857341408414384,0.7160067730649055,-22.0,0.9802631578947368,0.7105263157894737,0.8026315789473685,0.9536184210526315,0.8638157894736843,三發地產
112.5,112.5,100.5,102.0,2116661.0,0.03238863207894682,103.31999969482422,0.1320754908702566,97.52000045776367,0.3545816184082997,94.58166707356771,0.2608157982218513,87.90500030517578,0.012458471701588114,59.54322705201456,914482.3,2.3146002935212633,0.045939289594001176,6799.TW,2026-07-07,0.052005945108564156,0.3151702408451047,bull,0.14695009242144177,0.16743755781683625,2026-03-31,2026-05-15,242388000.0,113488000.0,49667000.0,63060000.0,13944000.0,49116000.0,1.14,1710624000.0,310261000.0,1904766000.0,313766000.0,1591000000.0,292416000.0,0.0,,,0.2211227402473834,38684496.86013321,1594505000.0,0.024261132364046,0.0308711502199874,0.0257858445604341,0.1972130735386549,0.4682079970955657,0.2049070085977853,0.2026337937521659,-0.0142341228526808,,,72.37657902476806,72.37657902476806,False,78.61519580589655,78.61519580589655,77.05554161061443,144.0,True,True,True,True,True,True,True,True,True,True,True,True,True,True,True,False,False,14,False,0.07843309550319244,0.1603435486706246,1.0,93277194.60000001,0.41497227356746763,2.0,3.0,,,,,,-0.008474484000941324,-0.10495927541331833,0.2531630615152948,-1.2123534089262522,0.7638157894736842,-1.2123534089262522,0.7161365438444152,-144.0,0.7960526315789473,0.8618421052631579,0.8092105263157895,0.7980263157894737,0.8184210526315789,來頡
156.5,156.5,146.0,147.0,4519285.0,0.07692307692307687,147.1,0.2250000000000001,129.375,0.1620553359683794,131.50833333333333,0.10526315789473695,134.85833333333332,0.04757085020242915,74.13793103448276,2634521.05,1.7154104728068125,0.13623188405797104,6753.TW,2026-07-07,0.052005945108564156,0.3151702408451047,bull,0.0799445471349353,0.3089731729879741,2026-03-31,2026-05-15,1324923000.0,438584000.0,383922000.0,397302000.0,80176000.0,,2.7,6070732000.0,3773290000.0,10821486000.0,5807108000.0,5014378000.0,2838935000.0,477922000.0,894768000.0,506599000.0,0.2018011487483073,306446099.3702524,7048196000.0,0.0434786574281209,,,1.1580913923920375,0.3310260294371824,0.2897692922532102,,0.071119170347758,,,75.40121337756102,75.40121337756102,False,68.91558032119582,68.91558032119582,70.53698858528712,117.0,True,False,True,True,True,False,True,False,True,False,True,True,True,True,True,False,False,10,False,0.11779988593878721,0.09003275041710457,1.0,387274594.34999996,0.26247689463955637,2.0,3.0,,,,,,0.038143074113330136,-0.01831018349746239,0.34081212696461444,-1.2676038096222253,0.9141447368421053,-1.2676038096222253,0.848574049725611,-117.0,0.8421052631578947,0.6381578947368421,0.9210526315789473,0.8539473684210526,0.7967105263157895,龍德造船
1260.0,1290.0,1175.0,1175.0,1748123.0,-0.004237288135593209,1207.0,0.10849056603773577,1169.25,0.20020429009193053,1151.1833333333334,-0.09615384615384615,1134.8666666666666,0.014973958333333334,52.38095238095237,1240070.1,1.4096969195531768,0.004917682274962587,6781.TW,2026-07-07,0.052005945108564156,0.3151702408451047,bull,0.18391866913123844,0.27474560592044406,2026-03-31,2026-05-15,4529845000.0,1635463000.0,1094609000.0,1155662000.0,246955000.0,908696000.0,10.64,23244335000.0,7964587000.0,26690648000.0,8597389000.0,18093259000.0,9022896000.0,800748000.0,,,0.2136913734292552,860700499.4219763,18726061000.0,0.0459627093718201,0.0502229034581332,0.0340454828972305,0.4751708357239566,0.3610417133478077,0.2416438090045023,0.2006020073534525,0.3174496210966675,,,90.12488103756452,90.12488103756452,False,66.8610280538555,66.8610280538555,72.67699129978276,32.0,True,False,True,True,True,True,True,True,True,False,True,True,True,True,True,False,False,12,False,0.020688856394145194,0.035363919403160526,1.0,1457082367.5,0.12384473197781885,3.0,2.0,,,,,,-0.03449509900417802,-0.13998639378713507,0.2077075867595851,-1.53035313780632,0.4973684210526316,-1.53035313780632,0.47376359159573456,-32.0,0.9671052631578947,0.743421052631579,0.4605263157894737,0.8911184210526315,0.7986842105263157,AES-KY
890.0,890.0,775.0,775.0,1110447.0,-0.11225658648339065,883.2,0.08391608391608396,808.9,0.8023255813953489,682.55,1.6876245047195244,490.4852476755778,0.05401003322692023,55.77557755775578,1385608.4,0.8014147431554255,-0.04190876498949192,6831.TW,2026-07-07,0.052005945108564156,0.3151702408451047,bull,0.23290203327171904,0.05550416281221091,2026-03-31,2026-05-15,854383000.0,155509000.0,55957000.0,55735000.0,11147000.0,44588000.0,0.66,3596183000.0,2191667000.0,5114412000.0,2438729000.0,2675683000.0,1447373000.0,496322000.0,,,0.2,44765600.0,2922745000.0,0.0153162865730674,0.0166641564041779,0.0087181087483761,0.9114416767606626,0.1820132188959752,0.065494046580983,0.0521873679602707,0.5068217491754996,,,44.89172928329525,44.89172928329525,False,70.82042110682735,70.82042110682735,64.33824815094432,434.0,True,False,True,True,False,True,True,True,True,True,True,True,True,True,False,False,False,12,False,0.1354479525309502,0.5800679096318289,1.0,1073846510.0,0.15064695009242143,3.0,3.0,,,,,,-0.15569643842176523,-0.33786399372649467,0.17641773174540026,-2.019403369736156,0.0756578947368421,-2.019403369736156,0.07163198589256646,-434.0,0.4934210526315789,0.3157894736842105,0.03289473684210526,0.42434210526315785,0.3480263157894737,邁科
208.0,209.0,192.5,194.5,908486.0,-0.16880341880341876,219.4,0.03183023872679036,199.2,1.3959544479728772,172.33796933492025,2.214276942567291,116.36086514790853,0.03041078888602565,52.777777777777786,1659932.4,0.547303010652723,-0.02359437751004012,6658.TW,2026-07-07,0.052005945108564156,0.3151702408451047,bull,0.411275415896488,0.022201665124884366,2026-03-31,2026-05-15,619418000.0,148657000.0,71812000.0,75374000.0,20361000.0,59134000.0,1.63,1900161000.0,1150038000.0,3325098000.0,1869328000.0,1455770000.0,828525000.0,220000000.0,677495000.0,,0.2701329370870592,52413213.5219041,2175060000.0,0.0240973644505917,0.040620427677449,0.017784137490083,1.284081963496981,0.2399946401299284,0.1159346354158258,0.095467035184641,0.2731918077400577,,,60.06362344472481,60.06362344472481,False,62.97089342584745,62.97089342584745,62.24407593056679,262.0,True,False,False,True,False,True,True,True,False,True,True,True,False,True,True,False,False,9,False,0.12859633167668494,0.671524182574333,1.0,322856851.79999995,0.2735674676524954,2.0,3.0,,,,,,-0.12203633762960388,-0.2453413060796545,0.29422612766696143,-1.1426029345133941,0.4526315789473684,-1.1426029345133941,0.44139526140933727,-262.0,0.6710526315789473,0.2631578947368421,0.40131578947368424,0.6305921052631578,0.4947368421052632,聯策
312.0,312.0,282.0,284.5,7033207.0,0.05370370370370381,296.6,0.29612756264236895,264.2,0.7836990595611286,223.74166666666667,0.5132978723404256,202.20833333333334,0.061790414950266256,60.36866359447005,5497427.45,1.279363313835092,0.07683573050719161,6719.TW,2026-07-07,0.052005945108564156,0.3151702408451047,bull,0.048983364140480594,0.058279370952821465,2026-03-31,2026-05-15,979142000.0,408002000.0,180566000.0,268352000.0,47304000.0,221048000.0,2.1,14908994000.0,1017284000.0,17038124000.0,2715804000.0,14322320000.0,1259784000.0,,,1574570000.0,0.1762759360839494,148736559.32506558,16020840000.0,0.0092839426225507,0.0154338123991085,0.0129737287978418,0.1896203966955074,0.4166933907441413,0.1844124754121465,0.2257568360871048,0.0001000976462752,,,56.08528559586582,56.08528559586582,False,90.10303506449017,90.10303506449017,81.59859769733407,300.0,True,True,True,True,True,True,True,True,True,True,True,True,True,True,False,False,False,14,False,0.27155573764386,0.40696476406346593,1.0,1564018109.525,0.11367837338262476,2.0,3.0,,,,,,-0.07153492872404127,-0.17366734097392725,0.17167828959580886,-1.5849570961374808,0.2963815789473684,-1.5849570961374808,0.33391641219447565,-300.0,0.625,0.9736842105263158,0.2236842105263158,0.5648026315789474,0.6493421052631579,力智
18.899999618530277,19.25,18.450000762939453,19.149999618530277,3598716.0,0.018617042323053612,18.67000007629395,0.21974521345084153,17.379999971389772,0.397810210594264,14.974166663487752,0.18575851831958223,15.443749984105429,0.06527735286710877,72.78481035579424,5311092.65,0.677584865705553,0.10184117664293457,6901.TW,2026-07-07,0.052005945108564156,0.3151702408451047,bull,0.08410351201478743,0.14801110083256244,2026-03-31,2026-05-15,-336282000.0,-336282000.0,-368333000.0,-355932000.0,,,-0.42,3753329000.0,61616000.0,8991685000.0,124302000.0,8867383000.0,2733439000.0,,,,,-294666400.0,8930069000.0,-0.0329971022620317,,,0.0140178900584309,,,,-0.3844968362944836,,,33.33333333333333,33.33333333333333,False,77.26338183898686,77.26338183898686,66.28086971257348,624.0,True,True,True,True,True,True,True,False,True,True,True,True,False,True,False,False,False,12,False,0.27886913835577,0.23998378879736393,1.0,101707422.22147897,0.4020332717190388,0.0,3.0,,,,,,-0.03539506277350333,-0.14438258927776526,0.17859289324113098,-1.5686451722700785,0.4358552631578947,-1.5686451722700785,0.44470221916575187,-624.0,0.3355263157894737,0.4407894736842105,0.4144736842105263,0.34736842105263155,0.3828947368421053,鑽石投資
85.80000305175781,87.0999984741211,77.5,79.0999984741211,791438.0,-0.0012626070451295934,80.05999908447265,0.21552058676289731,76.37560691833497,0.8352668509168464,63.46645240783691,1.1065246359859349,50.875726254781085,0.020731881333646788,60.557766441761665,831890.45,0.951372864059204,0.035670964404894256,8162.TW,2026-07-07,0.052005945108564156,0.3151702408451047,bull,0.08595194085027727,0.05180388529139685,2026-03-31,2026-05-15,283364000.0,49507000.0,10055000.0,9662000.0,1663000.0,,0.12,680299000.0,480340000.0,2532102000.0,1144130000.0,1387972000.0,280410000.0,,630674000.0,,0.1721175740012419,8324357.793417512,2051762000.0,0.004057175146736,,,0.8243177816267186,0.1747116782654112,0.0354843946302282,,-0.0487246456603038,,,26.69824692116676,26.69824692116676,False,83.60755438901647,83.60755438901647,69.38022752205404,747.0,True,True,True,True,True,True,True,True,True,True,True,True,True,True,False,False,False,14,False,0.2463277128808563,0.5547689300393548,1.0,65802533.32563591,0.45933456561922364,1.0,3.0,,,,,,-0.03283215020143216,-0.17059004641953468,0.27105028901672595,-1.4530153306012639,0.6023026315789474,-1.4530153306012639,0.5744483127254247,-747.0,0.23026315789473684,0.5855263157894737,0.6118421052631579,0.2875,0.41315789473684206,微矽電子-創
57.09999847412109,57.70000076293945,52.5,53.20000076293945,611300.0,-0.02385319701028521,54.71999969482422,0.20634926538962262,49.49000015258789,0.16794734695966107,48.164999898274736,0.011406887951024736,49.302916526794434,0.04216899505318015,63.35541255253212,420719.3,1.4529877759351664,0.07496465142276953,6928.TW,2026-07-07,0.052005945108564156,0.3151702408451047,bull,0.09057301293900184,0.30064754856614245,2026-03-31,2026-05-15,547857000.0,153351000.0,-8307000.0,-1987000.0,1366000.0,-3353000.0,-0.04,2199785000.0,477170000.0,2584683000.0,544642000.0,2040041000.0,932578000.0,,,,0.0,-8307000.0,2107513000.0,-0.0039416126970509,-0.0016435944179553,-0.0012972577294778,0.2669760068547642,0.279910633614246,-0.0151627158181788,-0.006120210200837,-0.1035109652208916,,,21.62900545364269,21.62900545364269,False,82.1714482573312,82.1714482573312,67.03583755640908,833.0,True,True,True,True,True,True,True,True,True,False,True,True,True,True,False,False,False,13,False,0.10453650732479436,0.0790436856616199,1.0,22382267.080983352,0.6053604436229205,1.0,3.0,,,,,,-0.014270050975112431,-0.12278491572315085,0.22030956217029585,-1.6899623057994946,0.5598684210526315,-1.6899623057994946,0.4288358047344115,-833.0,0.15789473684210525,0.47368421052631576,0.3618421052631579,0.18848684210526317,0.2934210526315789,攸泰科技
32.25,32.79999923706055,32.0,32.349998474121094,504162.0,-0.018209477235982763,32.65,0.06765674220061202,32.32250003814697,0.1657657107791386,30.103333314259846,-0.24061033725685987,32.78291652997335,0.007088336295344511,53.33331768331164,795170.9,0.6340297412795162,0.0008507521367984161,2258.TW,2026-07-07,0.052005945108564156,0.3151702408451047,bull,0.2828096118299446,0.30434782608695654,2026-03-31,2026-05-15,819155000.0,111928000.0,-874554000.0,-899272000.0,39000.0,-899311000.0,-0.51,5432601000.0,5665843000.0,19284014000.0,6776615000.0,12507399000.0,2678963000.0,3000000000.0,,,0.0,-874554000.0,13618171000.0,-0.0642196371304193,-0.0719023195789948,-0.0466350522251228,0.5418084927169909,0.1366383651445697,,,-0.5328790362819873,,,16.918705704398437,16.918705704398437,False,60.45937609689611,60.45937609689611,49.57420849877169,921.0,True,False,True,True,True,True,True,True,True,False,True,True,False,True,False,False,False,11,False,0.07463177371115282,-0.013205599186284722,0.0,25723777.401665498,0.5841035120147874,1.0,3.0,,,,,,-0.013294000247980865,-0.19701617055373172,0.16775552450383846,-1.8756933551277142,0.3710526315789473,-1.8756933551277142,0.3757852065623842,-921.0,0.09210526315789473,0.006578947368421052,0.3026315789473684,0.12368421052631579,0.10855263157894737,鴻華先進-創
899.0,950.0,884.0,920.0,334567.0,0.05625717566016064,904.6,0.35893648449039883,839.0,0.4219474497681608,758.5666666666667,1.9821717990275527,649.75,0.08237115397019935,63.58974358974359,258204.9,1.2957422574087478,0.09654350417163293,6949.TW,2026-07-07,0.052005945108564156,0.3151702408451047,bull,0.033271719038817,0.13876040703052728,2026-03-31,2026-05-15,6368000.0,-1205000.0,-88755000.0,-87174000.0,0.0,-76584000.0,-1.18,2495035000.0,259818000.0,3291024000.0,368950000.0,2922074000.0,2248325000.0,100000000.0,,,-0.0,-88755000.0,3031206000.0,-0.0292804250189528,-0.026208781844676,-0.0232705686740661,0.1262630583619716,-0.1892273869346733,,,-0.4668452779638312,,,16.666666666666664,16.666666666666664,False,88.16515620162174,88.16515620162174,70.29053381788297,925.0,True,True,True,True,True,True,True,True,True,True,True,True,True,True,False,False,False,14,False,0.21281363975919487,0.415929203539823,1.0,237548508.0,0.30868761552680224,3.0,3.0,,,,,,-0.18860928027726281,-0.38625344163619973,0.06859869122607645,-1.8349872352681273,0.030592105263157893,-1.8349872352681273,0.0493577000971621,-925.0,0.08552631578947369,0.625,0.019736842105263157,0.0756578947368421,0.23421052631578948,沛爾生醫-創
214.0,223.0,202.5,207.0,550842.0,0.08947368421052637,198.0,0.08093994778067892,191.9,0.31847133757961776,173.79166666666666,0.019704433497536922,175.0125,0.011597258829731245,62.280701754385966,152213.0,3.618889319571916,0.07868681605002603,6957.TW,2026-07-07,0.052005945108564156,0.3151702408451047,bull,0.24491682070240295,0.1887141535615171,2026-03-31,2026-05-15,1008397000.0,304729000.0,100942000.0,102458000.0,25691000.0,82568000.0,1.51,2765058000.0,1395803000.0,5405505000.0,3045045000.0,2360460000.0,1274466000.0,40000000.0,27000000.0,945042000.0,0.2507466474067423,75631131.9174686,4009702000.0,0.0188620331180393,0.0349796226159307,0.0152747985618364,1.2900218601459037,0.3021914979913665,0.1001014481399686,0.0818804498625045,0.2868739487648066,,,57.7309173012778,57.7309173012778,False,78.06887426140774,78.06887426140774,72.98438502137526,286.0,True,True,True,True,True,True,True,True,True,True,True,True,False,True,False,False,False,13,False,0.19108127547350762,0.182772659095779,1.0,31508091.0,0.5573012939001848,2.0,3.0,,,,,,-0.03997822196948481,-0.1346161019480883,0.2665492993914706,-0.7546651518113002,0.6848684210526316,-0.7546651518113002,0.7173935602323457,-286.0,0.6447368421052632,0.756578947368421,0.8157894736842105,0.6703947368421053,0.7124999999999999,裕慶-KY
95.8000030517578,95.8000030517578,86.30000305175781,87.0,710742.0,0.10126582278481022,89.36000061035156,0.18690308837461433,79.93000030517578,0.1820652418979405,76.60999984741211,-0.11405292562427805,79.03083324432373,0.052056596299414795,61.971825688776626,435250.05,1.6329509898964976,0.08845239169061303,4590.TW,2026-07-07,0.052005945108564156,0.3151702408451047,bull,0.10073937153419593,0.2858464384828862,2026-03-31,2026-05-15,267545000.0,80743000.0,-23964000.0,81129000.0,16211000.0,,1.21,3151635000.0,1382797000.0,6125098000.0,2598258000.0,3526840000.0,2037662000.0,565000.0,505331000.0,,0.1998175744801489,-19175571.64515771,4742301000.0,-0.0040435163531706,,,0.7367099159587619,0.3017922218692183,-0.0895699788820572,,,,,35.37011980056409,35.37011980056409,False,85.84829262945266,85.84829262945266,73.22874942223052,597.0,True,True,True,True,True,True,True,True,True,False,False,True,True,True,False,False,False,12,False,0.13562198372643475,0.10083617277625812,1.0,37866754.35,0.5341959334565619,1.0,3.0,,,,,,-0.04551011950133217,-0.12876399528555313,0.29207182178593344,-1.833576936913946,0.5391447368421053,-1.833576936913946,0.6932998178566069,-597.0,0.375,0.7631578947368421,0.7828947368421053,0.4361842105263158,0.5730263157894737,富田-創
39.25,39.79999923706055,37.84999847412109,37.95000076293945,3472281.0,-0.01811127387590794,38.50000076293945,0.12946435971325276,37.740000343322755,0.1676923311673677,37.01166667938232,-0.024421612485219235,36.20708333651225,0.012814495810633274,53.454547270466946,4255441.65,0.8159625452742372,0.0055643989853289,6962.TW,2026-07-07,0.052005945108564156,0.3151702408451047,bull,0.15157116451016636,0.301572617946346,2026-03-31,2026-05-15,3917703000.0,1070692000.0,147132000.0,281092000.0,1797000.0,279295000.0,0.58,12445934000.0,4725736000.0,25721147000.0,5358866000.0,20362281000.0,3075022000.0,0.0,,,0.0063929247363852,146191396.19768617,20995411000.0,0.006963016641955,0.0137162923937647,0.0108585748528244,0.263176114699527,0.2732958572918876,0.0375556799481737,0.0712904985395779,-0.1437178924508573,,,32.85920203095255,32.85920203095255,False,64.9934131653326,64.9934131653326,56.95986038173759,636.0,True,False,True,True,True,True,True,True,True,False,True,True,True,True,False,False,False,12,False,0.025352386632181423,0.048137471064110704,1.0,161494013.86414433,0.34750462107208874,1.0,3.0,,,,,,-0.04442848452738866,-0.1308740466779417,0.11409404019099652,-1.7960133519694048,0.34013157894736845,-1.7960133519694048,0.3697150408162589,-636.0,0.3092105263157895,0.09210526315789473,0.28289473684210525,0.30526315789473685,0.23881578947368423,奕力-KY
155.5,171.5,155.5,171.5,1041678.0,-0.00867052023121384,164.3,0.09584664536741205,164.2,0.3192307692307692,149.175,0.8480602840535303,140.44416669209798,0.005819295558958583,51.53846153846153,671843.2,1.5504778495934768,0.04445797807551766,7827.TW,2026-07-07,0.052005945108564156,0.3151702408451047,bull,0.20794824399260628,0.1868640148011101,2026-03-31,2026-05-15,0.0,0.0,-319867000.0,-320859000.0,9489000.0,-273651000.0,-2.1,880888000.0,384114000.0,965156000.0,384114000.0,581042000.0,816012000.0,95154000.0,,,0.0,-319867000.0,581042000.0,-0.5505058154143763,-0.4709659542683661,-0.2835303308480701,0.6610778566781748,,,,,,,21.65668651223912,21.65668651223912,False,72.38209922976618,72.38209922976618,59.70074605038441,832.0,True,False,True,True,True,True,True,True,True,True,True,True,True,True,False,False,False,13,False,0.14965644377409082,0.2211258327018104,1.0,115221108.8,0.3900184842883549,2.0,3.0,,,,,,-0.06592177841095194,-0.2321148404777182,0.3015415860556139,-1.9253548080046872,0.38190789473684217,-1.9253548080046872,0.4088018956925133,-832.0,0.16447368421052633,0.17763157894736842,0.34210526315789475,0.19111842105263158,0.20394736842105265,漢康-KY創
30.100000381469727,31.0,27.200000762939453,27.600000381469727,21614529.0,0.005464466825545244,28.670000076293945,0.28671325873125486,24.01500015258789,0.24604970008126203,22.743093331654865,0.6379821814023212,20.803213262557982,0.0691151897015181,76.44443886839504,11053932.4,1.9553701088311342,0.14928170752043535,3717.TW,2026-07-07,0.052005945108564156,0.3151702408451047,bull,0.053604436229205174,0.23959296947271044,2026-03-31,2026-05-15,1850293000.0,319561000.0,106263000.0,108598000.0,10292000.0,98315000.0,0.47,5410382000.0,3588169000.0,8696071000.0,5329732000.0,3366339000.0,664883000.0,1418325000.0,839196000.0,652405000.0,0.0947715427540102,96192291.5523306,5107902000.0,0.0188320550300946,0.0292053177056737,0.0113056804619005,1.583242804720499,0.1727083224116396,0.0574303637315819,0.0531348278353752,,,,35.88555464698735,35.88555464698735,False,79.4406251027133,79.4406251027133,68.55185748878182,593.0,True,True,True,True,True,True,True,False,True,False,True,True,True,True,False,False,False,12,False,0.2135552529723297,0.32671813883409695,1.0,305088538.45674056,0.2828096118299446,0.0,3.0,,,,,,-0.013177936393930018,-0.09992565969269578,0.29212720799700703,-0.42945311831992156,0.8684210526315789,-0.42945311831992156,0.887111767960916,-593.0,0.3881578947368421,0.5460526315789473,0.9473684210526315,0.4720394736842105,0.5473684210526316,聯嘉投控
454.5,473.0,442.5,466.0,4146519.0,0.13658536585365844,416.1,0.23443708609271519,385.7,0.2167101827676241,364.10833333333335,0.04719101123595504,395.1875,0.04158790170132319,71.45631067961165,937962.25,4.420773863766906,0.20819289603318647,7799.TW,2026-07-07,0.052005945108564156,0.3151702408451047,bull,0.07393715341959335,0.26179463459759483,2026-03-31,2026-05-15,2885000.0,-17000.0,-88494000.0,-57578000.0,0.0,-57578000.0,-0.37,10455995000.0,34213000.0,11666612000.0,290333000.0,11376279000.0,2207595000.0,,,,-0.0,-88494000.0,11632399000.0,-0.0076075450988226,-0.0050612331149754,-0.0049352802681703,0.0255209106598036,-0.0058925476603119,,,11.59825327510917,,,33.33333333333333,33.33333333333333,False,76.23701953247233,76.23701953247233,65.51109798268757,625.0,True,True,True,True,True,True,True,True,True,False,False,True,False,False,False,False,False,10,False,0.27983887579246103,0.17918709473351258,1.0,437090408.5,0.24676524953789278,2.0,3.0,,,,,,-0.17977227198292817,-0.359549832571507,0.15411142984005363,-2.10089775586592,0.04934210526315789,-2.10089775586592,0.07598344197650089,-625.0,0.32894736842105265,0.39473684210526316,0.039473684210526314,0.2855263157894737,0.29078947368421054,禾榮科
