Open,High,Low,Close,Volume,ret5,ma5,ret20,ma20,ret60,ma60,ret120,ma120,ma20_slope,rsi14,volume_ma20,volume_ratio,ma20_deviation,symbol,date,benchmark_ret20,benchmark_ret60,market_regime,rs20_rank_pct,rs60_rank_pct,period_date,as_of_date,revenue,gross_profit,operating_income,pretax_income,tax_expense,net_income_parent,eps,current_assets,current_liabilities,assets,liabilities,equity,cash,short_borrowings,long_borrowings,bonds_payable,tax_rate,nopat,invested_capital_proxy,roic_proxy,roe,roa,debt_to_equity,gross_margin,operating_margin,net_margin,revenue_growth,pe,pb,eva_like_score,fundamental_score,fundamental_pass,technical_score,score,final_score,fundamental_rank,pass_market,pass_score,pass_rs20,pass_rs60,pass_close_ma20,pass_ma20_ma60,pass_ma20_slope,pass_rsi,pass_ret20_benchmark,pass_ret60_benchmark,pass_ret5_cap,pass_ret20_cap,pass_volume_ratio,pass_ma20_deviation,pass_fundamental_score,pass_fundamental_filter,pass_fundamental_universe,entry_pass_count,entry_all_pass,close_ma60_ratio,close_ma120_ratio,above_ma120,turnover20,liquidity_rank,price_bucket,eva_rank_bucket,forward_60d_return,forward_60d_max_drawdown,reward_60,fwd60_rank_label,top_quantile_60,reg_forward60,reg_reward60,cls_topq60,rank_forward60,ensemble_score,ranker_score,stable_ensemble_score,fundamental_rank_score,fundamental_score_rank,final_score_rank,stable_ml_rank,fund_ml_85_15,fund_final_ml,name
201.0,201.0,186.5,192.0,141568.0,-0.0021647537987072862,194.656689453125,0.0786516853932584,183.3423294067383,0.2387096774193549,180.2974431355794,0.26315789473684204,168.71955490112305,0.023383190296027437,63.17353313048973,124547.0,1.1366632676820798,0.0472213406542632,1256.TW,2026-07-13,0.039725386689456244,0.24705882352941178,bull,0.17314814814814813,0.18628359592215013,2026-03-31,2026-05-15,1141779000.0,346948000.0,151285000.0,174206000.0,58207000.0,115743000.0,3.24,2430207000.0,781250000.0,5176169000.0,991394000.0,4184775000.0,989715000.0,0.0,107227000.0,,0.3341274123738562,100736534.41902116,4394919000.0,0.022921135615701,0.0276581178199544,0.0223607459493691,0.2369049709960511,0.3038661597384433,0.1324993715946781,0.1013707556365986,0.5529168389441386,,,69.59406160604887,69.59406160604887,False,77.80740113105247,77.80740113105247,75.75406624980157,168.0,True,True,True,True,True,True,True,True,True,False,True,True,True,True,True,False,False,13,False,0.06490694854513568,0.13798308745254984,1.0,23913024.0,0.5777777777777777,2.0,3.0,,,,,,0.07563570506774048,0.07827985189333683,0.2624439519108869,-1.2251586281236158,0.804054054054054,-1.2251586281236158,0.8427124872203782,-168.0,0.7477477477477478,0.8468468468468469,0.9279279279279279,0.7747747747747749,0.8135135135135135,鮮活果汁-KY
56.0,60.20000076293945,56.0,60.20000076293945,52108353.0,-0.0033112708259412926,57.01999969482422,0.33038675719203203,54.32969436645508,0.10458716996219186,50.35156485239665,0.44364507581596335,48.62619915008545,0.05870352105549262,64.24845541011337,66130323.85,0.7879645821513696,0.10804968562659334,1301.TW,2026-07-13,0.039725386689456244,0.24705882352941178,bull,0.03148148148148148,0.3113994439295644,2026-03-31,2026-05-15,41985122000.0,1555468000.0,-1301844000.0,3378716000.0,110089000.0,3268627000.0,0.51,175217601000.0,95826345000.0,593528010000.0,203311522000.0,390216488000.0,10197694000.0,31910508000.0,18393084000.0,43127284000.0,0.0325830877765399,-1259425902.676638,497701665000.0,-0.0025304836034186,0.008376445128582,0.0055071149885579,0.521022376686451,0.0370480762209051,-0.0310072696704323,0.0778520305359598,-0.110526237291801,,,17.23451320303393,17.23451320303393,False,81.66531502607326,81.66531502607326,65.55761457031343,909.0,True,True,True,True,True,True,True,True,True,False,True,True,False,True,False,False,False,12,False,0.19559344261520084,0.23801575724911794,1.0,3981045546.223433,0.04722222222222222,1.0,3.0,,,,,,-0.011162099716956616,-0.09767471899033724,0.16480595407077592,-1.7014768226357349,0.20990990990990988,-1.7014768226357349,0.26389758672878244,-909.0,0.13513513513513514,0.38738738738738737,0.16216216216216217,0.1391891891891892,0.21621621621621623,台塑
8.800000190734863,9.25,8.800000190734863,8.850000381469727,72844976.0,-0.14903839364559435,9.223999977111816,0.12882655729903858,8.551499915122985,0.13461540577679654,7.766333309809367,0.10349125640043866,8.00166662534078,0.043120268708616925,61.79246041604274,93686557.25,0.7775392557719374,0.034906211694962996,1314.TW,2026-07-13,0.039725386689456244,0.24705882352941178,bull,0.10648148148148148,0.27340129749768305,2026-03-31,2026-05-15,4092344000.0,-291527000.0,-647288000.0,-263196000.0,25000.0,-263381000.0,-0.07,57442349000.0,37332389000.0,128112754000.0,51812243000.0,76300511000.0,1367909000.0,14373487000.0,4356642000.0,,0.0,-647288000.0,90780365000.0,-0.0071302643473618,-0.0034518903811797,-0.0020558530807947,0.679054993484906,-0.0712371687228639,-0.1581704763822396,-0.0643594477883579,-0.3721140502220507,,,12.28013230960367,12.28013230960367,False,76.9988625193129,76.9988625193129,60.819179966885585,1007.0,True,True,True,True,True,True,True,True,True,False,True,True,False,True,False,False,False,12,False,0.13953393814448067,0.10601963264032088,1.0,829126067.4010854,0.16296296296296298,0.0,3.0,,,,,,0.06926859820877938,0.020844292909610127,0.21795974940742485,-1.4179172408401786,0.6436936936936937,-1.4179172408401786,0.45700424675448587,-1007.0,0.09009009009009009,0.22522522522522523,0.3963963963963964,0.13603603603603603,0.1918918918918919,中石化
60.0,66.0,60.0,65.0,96009284.0,-0.038461516757525294,62.599999237060544,0.3319672339387367,58.248700332641604,0.247600804293431,52.0020668665568,0.9938651239998999,47.28645006815592,0.06856388729986522,64.70588235294117,52963714.8,1.8127369721430493,0.11590472626519843,1326.TW,2026-07-13,0.039725386689456244,0.24705882352941178,bull,0.030555555555555555,0.17979610750695088,2026-03-31,2026-05-15,81749811000.0,6327773000.0,3120431000.0,7294502000.0,759958000.0,6245039000.0,1.07,214839826000.0,114054227000.0,581165153000.0,170197763000.0,410967390000.0,16802058000.0,33492647000.0,26687136000.0,25800000000.0,0.1041823005874835,2795337319.595498,467110926000.0,0.0059843115714135,0.0151959477855408,0.0107457217070962,0.4141393384034679,0.0774041300230039,0.0381704980333226,0.0763920909859962,0.0359959953561419,,,29.94873186889634,29.94873186889634,False,88.35670267441049,88.35670267441049,73.75470997303195,684.0,True,True,True,True,True,True,True,True,True,True,True,True,True,True,False,False,False,14,False,0.24995031768251375,0.3746009672181525,1.0,3442641462.0,0.05648148148148148,1.0,3.0,,,,,,-0.038209348624695175,-0.10756245354495354,0.1430464436164604,-1.6984900760773187,0.15900900900900902,-1.6984900760773187,0.24543606506529253,-684.0,0.26126126126126126,0.7657657657657657,0.15315315315315314,0.245045045045045,0.390990990990991,台化
8.260000228881836,8.579999923706055,8.010000228881836,8.069999694824219,4225064.0,-0.11803278346797674,8.411999893188476,0.1131034061826508,8.05799994468689,0.20268251102019708,6.891999967892965,0.2974276474333395,6.598916665712992,0.04506840900200407,61.47704157677192,8117184.85,0.5205085356655393,0.0014891722784438066,1444.TW,2026-07-13,0.039725386689456244,0.24705882352941178,bull,0.12407407407407407,0.2057460611677479,2026-03-31,2026-05-15,2121686000.0,116113000.0,-14004000.0,72822000.0,9996000.0,71838000.0,0.07,6820119000.0,7923737000.0,20165805000.0,9203887000.0,10961918000.0,670143000.0,4936000000.0,843136000.0,,0.1372662107604844,-12081723.984510174,12242068000.0,-0.0009869022116614,0.0065534151961362,0.0035623670862631,0.8396237775177665,0.0547267597561561,-0.0066004111824275,0.0338589216311933,0.0980839687584587,,,21.371607472143435,21.371607472143435,False,75.72817774204115,75.72817774204115,62.13903517456672,835.0,True,True,True,True,True,True,True,True,True,False,True,True,False,True,False,False,False,12,False,0.1709227702291174,0.2229279597899394,1.0,65505679.26233177,0.4462962962962963,0.0,3.0,,,,,,0.025638320168051655,0.019534664976626016,0.21819342231403618,-1.4348385638167949,0.5495495495495496,-1.4348385638167949,0.5537120632422494,-835.0,0.16216216216216217,0.25225225225225223,0.5765765765765766,0.2243243243243243,0.27207207207207207,力麗
8.59000015258789,8.640000343322754,8.109999656677246,8.210000038146973,480642.0,-0.11815255981642747,8.451999855041503,0.09466667175292964,7.8675000190734865,0.17285714830671028,7.46650002002716,0.026250004768371582,7.426166693369548,0.025281805180247325,62.7314798717882,802540.5,0.5989006162305828,0.04353352630990148,1467.TW,2026-07-13,0.039725386689456244,0.24705882352941178,bull,0.14814814814814814,0.22706209453197404,2026-03-31,2026-05-15,1182469000.0,233654000.0,6454000.0,43184000.0,15488000.0,25429000.0,0.11,4780307000.0,3706895000.0,8859724000.0,5854515000.0,3005209000.0,1788594000.0,1910806000.0,1915954000.0,,0.3586513523527232,4139264.171915524,5152829000.0,0.0008032993471965,0.00846164110383,0.0028701797031149,1.948122410121892,0.197598414842165,0.0054580712052493,0.0215050035138341,-0.0488497818933252,,,14.540544369959688,14.540544369959688,False,76.58293052720555,76.58293052720555,61.07233398789408,971.0,True,True,True,True,True,True,True,True,True,False,True,True,False,True,False,False,False,12,False,0.09957811774265668,0.10555019529487142,1.0,6588857.5356144905,0.7314814814814815,0.0,3.0,,,,,,0.06870265641480625,0.08262837291546053,0.2925155206413608,-1.187870526286371,0.8463963963963964,-1.187870526286371,0.8560829344299904,-971.0,0.0990990990990991,0.23423423423423423,0.9369369369369369,0.22477477477477475,0.3072072072072072,南緯
55.400001525878906,57.20000076293945,54.0,56.09999847412109,13274913.0,0.05649717676474286,53.45999984741211,0.14489792804328738,50.36499996185303,0.10433069520981375,51.079999923706055,0.02372261414524557,53.640416622161865,0.022743423369355194,70.7602313089856,3756613.45,3.5337447349021227,0.11386872861335862,1536.TW,2026-07-13,0.039725386689456244,0.24705882352941178,bull,0.09722222222222222,0.3123262279888786,2026-03-31,2026-05-15,1193410000.0,77806000.0,-161269000.0,-169711000.0,-21391000.0,-145770000.0,-0.52,5819495000.0,7142129000.0,21327061000.0,13643021000.0,7684040000.0,592626000.0,2720441000.0,4721026000.0,1454566000.0,0.1260436860309585,-140942060.79747334,14184932000.0,-0.0099360406378735,-0.0189704894820953,-0.0068349783404286,1.7755010385161971,0.0651963700656103,-0.1351329383866399,-0.1221457839300827,-0.0330466149622912,,,8.870022806816598,8.870022806816598,False,63.76423835139125,63.76423835139125,50.04068446524759,1048.0,True,False,True,True,True,False,True,True,True,False,True,True,False,True,False,False,False,10,False,0.09827718398420093,0.04585314594560841,1.0,210746008.81286275,0.30462962962962964,1.0,3.0,,,,,,-0.07577170044313107,-0.09412934309996727,0.16456853430693055,-1.5207580061460615,0.19099099099099098,-1.5207580061460615,0.5592299077209186,-1048.0,0.04504504504504504,0.018018018018018018,0.5855855855855856,0.12612612612612611,0.14504504504504506,和大
727.0,727.0,695.0,700.0,720341.0,-0.06040268456375841,703.2,0.07361963190184051,720.9,0.28676470588235303,657.4666666666667,0.696969696969697,555.8208333333333,0.022190712513293125,48.987854251012145,1214502.9,0.5931159159850504,-0.028991538354834256,1560.TW,2026-07-13,0.039725386689456244,0.24705882352941178,bull,0.18333333333333332,0.15848007414272475,2026-03-31,2026-05-15,2293229000.0,802560000.0,444439000.0,531951000.0,89799000.0,436359000.0,2.94,5759371000.0,3216860000.0,13961884000.0,5383626000.0,8578258000.0,1772650000.0,642250000.0,940383000.0,555943000.0,0.1688106611323223,369412958.57701176,10745024000.0,0.0343799100473867,0.050868020057219,0.0312535901315323,0.6275896574805747,0.3499694099455396,0.193804892577235,0.1902814764683335,0.2944197621734146,,,86.28355650333096,86.28355650333096,False,65.53799814643187,65.53799814643187,70.72438773565665,54.0,True,False,True,True,False,True,True,False,True,True,True,True,False,True,True,False,False,10,False,0.0646927600892313,0.2593986371507606,1.0,850152029.9999999,0.16203703703703703,3.0,2.0,,,,,,-0.007251406875638028,-0.08266186851873536,0.31947180440269995,-1.435199577639233,0.486036036036036,-1.435199577639233,0.5310375329283176,-54.0,0.9099099099099099,0.6036036036036037,0.4954954954954955,0.8477477477477477,0.7351351351351352,中砂
39.59999847412109,40.75,38.900001525878906,40.09999847412109,9263004.0,-0.08342860630580373,39.94999923706054,0.09489692611510603,38.452082824707034,0.16231879635133595,36.411935043334964,0.04699737005004412,36.98013418515523,0.020536411761023957,58.40454824863038,10612065.55,0.8728747439747957,0.042856342969156414,1609.TW,2026-07-13,0.039725386689456244,0.24705882352941178,bull,0.14722222222222223,0.24189063948100092,2026-03-31,2026-05-15,8341066000.0,1571949000.0,1174452000.0,812240000.0,208683000.0,518017000.0,0.66,27273354000.0,21118265000.0,64366592000.0,44130594000.0,20235998000.0,7223949000.0,12688199000.0,17013046000.0,3856138000.0,0.2569228306904363,872708467.6499557,43248327000.0,0.0201790110320326,0.0255987868747565,0.0080479171555331,2.180796519153639,0.188459005119969,0.1408035855369085,0.0621044120739483,0.1677023450738217,,,42.70370888004448,42.70370888004448,False,75.2235939811051,75.2235939811051,67.09362270583995,467.0,True,True,True,True,True,True,True,True,True,False,True,True,True,True,False,False,False,13,False,0.10128721328314039,0.08436595371301414,1.0,425543812.362273,0.2324074074074074,1.0,3.0,,,,,,0.03960529395907821,0.01596928426839487,0.23498328146107328,-1.4252566677465435,0.6252252252252252,-1.4252566677465435,0.5978236063585096,-467.0,0.43243243243243246,0.45045045045045046,0.6396396396396397,0.46351351351351355,0.47927927927927927,大亞
23.799999237060547,24.5,23.399999618530277,24.5,1345114.0,-0.08239702996537479,24.13000030517578,0.4939024737730835,20.205000114440917,0.5408805401131622,17.000833400090535,0.7013889339603039,16.274583347638448,0.10757846201537813,76.85184525636909,1612535.25,0.8341609896589858,0.21257113888801027,1617.TW,2026-07-13,0.039725386689456244,0.24705882352941178,bull,0.020370370370370372,0.0732159406858202,2026-03-31,2026-05-15,911155000.0,75347000.0,14007000.0,16464000.0,3663000.0,13556000.0,0.08,2297558000.0,1064440000.0,3434420000.0,1140178000.0,2294242000.0,694430000.0,745000000.0,0.0,0.0,0.2224854227405247,10890646.68367347,2369980000.0,0.0045952483496373,0.0059087053588941,0.003947100238177,0.4969737281420181,0.0826939434015068,0.0153727960665309,0.0148778199098945,0.184011674370313,,,27.96265695638479,27.96265695638479,False,82.55849037174339,82.55849037174339,68.90953201790373,719.0,True,True,True,True,True,True,True,False,True,True,True,False,True,False,False,False,False,11,False,0.44110582248688646,0.5054148838504744,1.0,39507113.625,0.5148148148148148,0.0,3.0,,,,,,-0.019765732793001138,-0.0544173573664765,0.25710664827463964,-1.5451699625166566,0.39684684684684685,-1.5451699625166566,0.5416854118783058,-719.0,0.24324324324324326,0.5135135135135135,0.5405405405405406,0.28783783783783784,0.38378378378378375,榮星
59.0,60.5,55.29999923706055,55.79999923706055,7973003.0,-0.0956240105822298,58.67999954223633,0.16249998410542799,54.03999996185303,0.45739155472926796,44.59316266377767,0.7589969715227904,40.254366954167686,0.06273352923998084,64.49438125192344,12244510.4,0.6511491876392216,0.03256845441247047,1708.TW,2026-07-13,0.039725386689456244,0.24705882352941178,bull,0.08148148148148149,0.09453197405004633,2026-03-31,2026-05-15,1553624000.0,474907000.0,259013000.0,341041000.0,63456000.0,277585000.0,1.11,3498403000.0,3484718000.0,12753792000.0,5350520000.0,7403272000.0,1675166000.0,1151880000.0,1099410000.0,,0.1860656050152327,210819589.4481896,9269074000.0,0.0227444067711822,0.0374949076570467,0.0217648994118768,0.7227236821772859,0.3056769205419072,0.1667153699994336,0.1786693562921273,0.0231199407842921,,,61.66803457963997,61.66803457963997,False,79.02364823653977,79.02364823653977,74.68474482231483,245.0,True,True,True,True,True,True,True,True,True,True,True,True,False,True,True,False,False,13,False,0.251312889775948,0.3861849895836795,1.0,683243670.9781799,0.17962962962962964,1.0,3.0,,,,,,0.03694826031772914,0.02528455541854172,0.2955699740139566,-1.072339569537079,0.7716216216216216,-1.072339569537079,0.7427529192826301,-245.0,0.6396396396396397,0.8108108108108109,0.8018018018018018,0.663963963963964,0.7234234234234235,東鹼
16.5,16.899999618530273,15.850000381469728,16.100000381469727,7161106.0,-0.13672918440850368,16.70999984741211,0.1881918933461335,15.694999885559081,0.16245486917172447,14.068333292007447,0.2677165845092502,13.808749985694885,0.043203722495465086,66.04938431495458,14298207.55,0.5008394216518419,0.025804428089437836,1710.TW,2026-07-13,0.039725386689456244,0.24705882352941178,bull,0.06759259259259259,0.24096385542168675,2026-03-31,2026-05-15,5345825000.0,88577000.0,-176669000.0,-219291000.0,-8101000.0,-127331000.0,-0.15,7085020000.0,12457768000.0,36888664000.0,23663579000.0,13225085000.0,2362413000.0,9628981000.0,8250000000.0,,0.0369417805564295,-170142532.57087615,24430896000.0,-0.0069642362920654,-0.0096279910488287,-0.0034517650191939,1.7892950404477552,0.0165693789078392,-0.0330480328106513,-0.0238187744641846,-0.1284074295508901,,,6.405846346837272,6.405846346837272,False,73.488067827517,73.488067827517,56.71751245734707,1064.0,True,False,True,True,True,True,True,True,True,False,True,True,False,True,False,False,False,11,False,0.14441419941454736,0.1659274299374276,1.0,230201147.00933334,0.2953703703703704,0.0,3.0,,,,,,0.044623712991163716,0.05299173432279163,0.2643436238466873,-1.2561966341463564,0.7472972972972973,-1.2561966341463564,0.6926453568172222,-1064.0,0.02702702702702703,0.0990990990990991,0.7297297297297297,0.1324324324324324,0.1891891891891892,東聯
17.5,18.25,16.450000762939453,16.649999618530273,38921702.0,-0.20334928600821045,17.55,0.09539472549080497,18.825,0.6886409937402789,13.145333369572958,0.8561871931855984,11.310166676839193,0.051675980455185275,45.312496740370804,30108279.95,1.2927241962887355,-0.11553786886957373,1714.TW,2026-07-13,0.039725386689456244,0.24705882352941178,bull,0.14537037037037037,0.05468025949953661,2026-03-31,2026-05-15,7139550000.0,802314000.0,490214000.0,535557000.0,131252000.0,223134000.0,0.23,17219321000.0,4978429000.0,25588223000.0,7499378000.0,18088845000.0,5982998000.0,888587000.0,1280870000.0,,0.2450756875551995,370074466.90081537,20609794000.0,0.01795624288631,0.0123354476197899,0.0087201835000421,0.414585784775092,0.1123759900834086,0.0686617503904307,0.0312532302456037,0.3342708703208805,,,45.10051143692903,45.10051143692903,False,71.7112507038066,71.7112507038066,65.05856588708721,432.0,True,False,True,True,False,True,True,False,True,True,True,True,True,True,False,False,False,11,False,0.2666091570617328,0.47212681247447197,1.0,501302849.6821027,0.21481481481481482,0.0,3.0,,,,,,0.057429750712737544,-0.033518377666249086,0.3068041597963719,-1.5566448045969807,0.6373873873873874,-1.5566448045969807,0.5865189845044393,-432.0,0.4774774774774775,0.36036036036036034,0.6036036036036037,0.49639639639639643,0.46756756756756757,和桐
37.59999847412109,37.95000076293945,37.150001525878906,37.900001525878906,301462.0,-0.06879604876101542,38.68000106811523,0.09221904013204352,37.28000011444092,0.2760942946901086,35.85249996185303,0.5190380908595116,31.67583332061768,0.004107476783055053,51.81818875399503,440988.0,0.6836059031084746,0.016630939096961672,1762.TW,2026-07-13,0.039725386689456244,0.24705882352941178,bull,0.15092592592592594,0.16404077849860982,2026-03-31,2026-05-15,361225000.0,150582000.0,79612000.0,101948000.0,11347000.0,90601000.0,1.64,1211119000.0,401638000.0,4456086000.0,1275970000.0,3180116000.0,286487000.0,0.0,600000000.0,,0.1113018401538039,70751037.90167536,4054448000.0,0.0174502269856896,0.0284898412510738,0.0203319684584184,0.4012337914717576,0.4168648349366738,0.2203944909682331,0.2508159734237663,0.8720977237862266,,,76.25635821722317,76.25635821722317,False,67.75711435117046,67.75711435117046,69.88192531768364,110.0,True,False,True,True,True,True,True,True,True,True,True,True,False,True,True,False,False,12,False,0.05710903190026961,0.19649579988192256,1.0,16713445.872894287,0.6231481481481481,1.0,3.0,,,,,,0.0791609040361298,0.06942625967771576,0.26157695026239314,-0.5184790354867377,0.8536036036036037,-0.5184790354867377,0.7835578598885451,-110.0,0.8648648648648649,0.5405405405405406,0.8648648648648649,0.8648648648648649,0.7675675675675676,中化生
8210.0,8340.0,7850.0,8080.0,590780.0,0.03789338471419401,8187.0,0.16931982633863973,7532.75,1.3454281567489113,5762.083333333333,1.561014263074485,4538.791666666667,0.05815627743634767,61.06032906764168,528183.5,1.1185127895892242,0.07264943081875819,2059.TW,2026-07-13,0.039725386689456244,0.24705882352941178,bull,0.07685185185185185,0.013901760889712697,2026-03-31,2026-05-15,5449725000.0,4236615000.0,3654349000.0,4351760000.0,865950000.0,3485810000.0,36.58,34276607000.0,6265438000.0,39510069000.0,7981426000.0,31528643000.0,27231577000.0,,257007000.0,,0.1989884552456937,2927175737.561354,33244631000.0,0.088049578217949,0.1105601024439903,0.088225864652375,0.2531484149190943,0.7773997770529706,0.6705565877177289,0.6396304400680768,0.3782121233655666,,,100.0,100.0,True,89.3215939396287,89.3215939396287,91.99119545472152,1.0,True,True,True,True,True,True,True,True,True,True,True,True,True,True,True,True,True,15,True,0.40227059078747573,0.7802094904113612,1.0,4267722680.0,0.03981481481481482,3.0,0.0,,,,,,-0.078861686262188,-0.13179726268052197,0.14775617740992913,-1.8405011239568545,0.0954954954954955,-1.8405011239568545,0.12565674647928643,-1.0,1.0,1.0,0.06306306306306306,0.8594594594594595,0.8126126126126126,川湖
50.900001525878906,53.59999847412109,49.29999923706055,49.900001525878906,1437044.0,-0.2439393708200166,52.960000610351564,0.3413978629697192,53.437500381469725,1.1508620640043699,34.75250012079875,3.3771932627759327,25.002083404858908,0.11090900082029959,54.13070573594073,1248568.3,1.1509534560504218,-0.06619880852094462,2243.TW,2026-07-13,0.039725386689456244,0.24705882352941178,bull,0.02962962962962963,0.025023169601482854,2026-03-31,2026-05-15,558167000.0,86268000.0,43442000.0,40717000.0,-5312000.0,46029000.0,0.66,2600752000.0,2072227000.0,3227888000.0,2339243000.0,888645000.0,446584000.0,352298000.0,130026000.0,,0.0,43442000.0,1155661000.0,0.0375906083185293,0.0517968367570852,0.014259788443713,2.6323706316920705,0.1545558945620217,0.0778297534608817,0.0824645670560961,1.7940481553786856,,,52.51230523945806,52.51230523945806,False,77.11092815587281,77.11092815587281,70.96127242676913,331.0,True,True,True,True,False,True,True,True,True,True,True,True,True,True,False,False,False,13,False,0.4358679620869823,0.9958337358470428,1.0,62303560.075164035,0.4527777777777778,1.0,3.0,,,,,,0.08590109950537791,0.04346139898888041,0.4616387720287106,-0.31234964018144873,0.9373873873873875,-0.31234964018144873,0.9066336555735761,-331.0,0.5585585585585585,0.6126126126126126,0.972972972972973,0.6207207207207206,0.6576576576576576,宏旭-KY
219.0,232.0,218.5,222.0,33448517.0,-0.008928571428571397,215.2,0.02304147465437789,215.875,0.3788819875776397,208.4,0.3993067036917135,184.7771303812663,-0.001156737998843262,49.00662251655629,24470792.8,1.3668750854692373,0.028372900984365845,2301.TW,2026-07-13,0.039725386689456244,0.24705882352941178,bull,0.3435185185185185,0.11770157553290084,2026-03-31,2026-05-15,43407292000.0,9402933000.0,4099305000.0,4969901000.0,1195242000.0,3775414000.0,1.66,165353065000.0,116511425000.0,210691221000.0,122427807000.0,88263414000.0,71133162000.0,13521025000.0,3000000000.0,,0.2404961386554782,3113437976.3289046,94179796000.0,0.0330584489302663,0.0427743934763275,0.0179191804104642,1.3870730969006029,0.2166210460675593,0.0944381649055647,0.0869764923368175,0.1919657430575541,,,57.60700281241379,57.60700281241379,False,57.17360585039605,57.17360585039605,57.28195509090048,287.0,True,False,True,True,True,True,False,False,False,True,True,True,True,True,False,False,False,10,False,0.06525911708253362,0.20144738443512256,1.0,5432516001.6,0.03148148148148148,2.0,3.0,,,,,,-0.025252864599535754,-0.058225716672167624,0.2295005518673214,-0.9419184294537216,0.4418918918918919,-0.9419184294537216,0.3755325095794616,-287.0,0.5855855855855856,0.10810810810810811,0.24324324324324326,0.5342342342342342,0.3738738738738739,光寶科
47.29999923706055,47.59999847412109,42.34999847412109,43.54999923706055,6001415.0,-0.16570883906998268,46.64999923706055,0.25685417948782874,47.31297569274902,1.3797814782890563,33.299325211842856,1.4604518282420775,26.00966259638469,0.07933071547808085,46.90034569670734,10942623.95,0.5484438675241143,-0.07953370931740344,2302.TW,2026-07-13,0.039725386689456244,0.24705882352941178,bull,0.040740740740740744,0.012048192771084338,2026-03-31,2026-05-15,216325000.0,70774000.0,16066000.0,58305000.0,16844000.0,41461000.0,0.25,1204494000.0,819815000.0,2680414000.0,894283000.0,1786131000.0,540705000.0,,,,0.2888946059514621,11424619.26078381,1860599000.0,0.0061402909819815,0.0232127430742761,0.0154681329078269,0.5006816409322721,0.3271651450364035,0.0742678839708771,0.1916606957124696,0.1180973350699827,,,48.29599018643512,48.29599018643512,False,73.47657295850067,73.47657295850067,67.18142726548427,393.0,True,False,True,True,False,True,True,False,True,True,True,True,False,True,False,False,False,10,False,0.3078342867311934,0.6743777077336612,1.0,476551264.6739404,0.22037037037037038,1.0,3.0,,,,,,0.03676774564564878,-0.03479667889929673,0.22058817037111203,-1.488373661686227,0.5157657657657657,-1.488373661686227,0.45242167617100054,-393.0,0.4954954954954955,0.4594594594594595,0.38738738738738737,0.47927927927927927,0.46306306306306305,麗正
2460.0,2480.0,2440.0,2440.0,34539893.0,-0.008130081300813052,2435.0,0.05627705627705626,2426.0,0.170263788968825,2304.584513346354,0.4527957032934453,2074.282093302409,0.016301022288127798,45.09803921568627,31157307.85,1.1085647439850936,0.00577081615828523,2330.TW,2026-07-13,0.039725386689456244,0.24705882352941178,bull,0.21203703703703702,0.2289156626506024,2026-03-31,2026-05-15,1134103440000.0,751295421000.0,658966142000.0,687799687000.0,114998383000.0,572479752000.0,22.08,4265512176000.0,1714253448000.0,8660949685000.0,2728560764000.0,5932388921000.0,3035637228000.0,,40991672000.0,860026070000.0,0.167197492487373,548788655423.5218,6946696237000.0,0.0789999500050863,0.096500711538565,0.0660989582922395,0.4599430010971123,0.6624575805889452,0.5810458894296273,0.5047861877572649,0.351323787607557,,,99.15374073493592,99.15374073493592,True,64.30160486902338,64.30160486902338,73.01463883550151,5.0,True,False,True,True,True,True,True,False,True,False,True,True,True,True,True,True,True,12,False,0.05875917583817181,0.17631059337514765,1.0,76023831154.0,0.000925925925925926,3.0,0.0,,,,,,-0.041349448084890224,-0.13287731815596393,0.14539384371740796,-1.6197471444917415,0.14774774774774774,-1.6197471444917415,0.18509306984693683,-5.0,0.990990990990991,0.7207207207207207,0.11711711711711711,0.8599099099099099,0.7351351351351351,台積電
213.0,215.0,207.0,210.5,8152371.0,-0.07675438596491224,205.5,0.1502732240437159,203.1,0.7254098360655739,186.7,1.8484437842167756,139.35,0.028875379939209668,54.61254612546125,8411398.1,0.9692052264177106,0.036435253569670145,2351.TW,2026-07-13,0.039725386689456244,0.24705882352941178,bull,0.09259259259259259,0.05097312326227989,2026-03-31,2026-05-15,2805040000.0,536428000.0,271819000.0,291916000.0,59272000.0,221741000.0,1.22,7664285000.0,3511531000.0,13387353000.0,5808485000.0,7578868000.0,1087862000.0,1177901000.0,596426000.0,1147119000.0,0.2030447114923471,216627589.5668617,9875822000.0,0.0219351452027853,0.0292577994497331,0.0165634685213723,0.7664053523560511,0.1912372016085332,0.0969037874682714,0.0790509226249893,0.1104464802119675,,,50.10730286570861,50.10730286570861,False,76.88699429976135,76.88699429976135,70.19207144124817,364.0,True,True,True,True,True,True,True,True,True,True,True,True,True,True,False,False,False,14,False,0.12747723620782003,0.5105848582705419,1.0,1770599300.05,0.09166666666666666,2.0,3.0,,,,,,-0.0388771584937993,-0.1203074257689542,0.24951796013652228,-1.208559325983471,0.38873873873873876,-1.208559325983471,0.42411046161058374,-364.0,0.5315315315315315,0.5585585585585585,0.3153153153153153,0.4990990990990991,0.49639639639639643,順德
146.0,153.0,144.5,149.5,29786736.0,0.04912280701754379,143.7,0.09523809523809534,139.925,0.6464757155876091,123.34666659037272,0.5492227979274611,108.41666653951009,0.016342836390049027,71.05263157894737,16257626.65,1.8321700111129073,0.06842951581204204,2377.TW,2026-07-13,0.039725386689456244,0.24705882352941178,bull,0.14629629629629629,0.05931417979610751,2026-03-31,2026-05-15,56256838000.0,8440506000.0,3876357000.0,4133431000.0,716617000.0,3416814000.0,4.04,106512512000.0,56814984000.0,119099762000.0,64185562000.0,54914200000.0,25875075000.0,0.0,6305082000.0,,0.1733709840565864,3204309172.355363,62284778000.0,0.0514461040923251,0.0622209555998266,0.0286886719387398,1.1688335985956273,0.1500352010541367,0.0689046369794192,0.0607359766647389,0.0507372103469625,,,60.05362798212559,60.05362798212559,False,77.89596617460437,77.89596617460437,73.43538162648467,262.0,True,True,True,True,True,True,True,True,True,True,True,True,True,True,True,False,False,14,False,0.21203113251921923,0.37893927909615255,1.0,2430515184.175,0.06759259259259259,2.0,3.0,,,,,,0.024336664477227023,0.005641507580543066,0.21398912632116576,-1.0069701529760238,0.5788288288288289,-1.0069701529760238,0.6335716764246153,-262.0,0.6216216216216216,0.7387387387387387,0.6666666666666666,0.6283783783783783,0.6657657657657657,微星
377.0,385.0,374.0,378.0,15229797.0,0.0,375.0,0.016129032258064502,372.075,0.18681318681318682,349.73333333333335,0.3846153846153846,319.0208333333333,0.0001343995699214068,55.55555555555556,15107225.2,1.0081134555404656,0.01592420882886514,2382.TW,2026-07-13,0.039725386689456244,0.24705882352941178,bull,0.362962962962963,0.2196478220574606,2026-03-31,2026-05-15,809221055000.0,38697031000.0,23024012000.0,24536640000.0,3230527000.0,21192434000.0,5.5,1625727414000.0,1388785784000.0,1748309615000.0,1528861132000.0,219448483000.0,226733228000.0,328400514000.0,64082407000.0,56897787000.0,0.1316613440145023,19992639635.47397,359523831000.0,0.0556086632139663,0.0965713397070965,0.0121216710233558,6.966833906069882,0.0478200990457422,0.0284520674020277,0.0261886833876313,0.6661884392385897,,,49.30016615413994,49.30016615413994,False,63.965162375534526,63.965162375534526,60.298913320185875,379.0,True,False,True,True,True,True,True,True,False,False,True,True,True,True,False,False,False,11,False,0.08082348455966448,0.18487559589890945,1.0,5710531125.599999,0.030555555555555555,2.0,3.0,,,,,,0.016947866698243285,0.004826584274473747,0.17314898925362537,-0.18685698987488228,0.5310810810810811,-0.18685698987488228,0.5242971501512983,-379.0,0.5135135135135135,0.21621621621621623,0.4774774774774775,0.5081081081081081,0.41711711711711713,廣達
557.0,593.0,535.0,536.0,4468132.0,0.040776699029126284,531.7,0.13319238900634245,500.775,0.5098591549295775,464.425,0.8774080560420314,391.65416666666664,0.030401234567901187,62.46786632390745,2792241.25,1.600195541842955,0.07034097149418406,2395.TW,2026-07-13,0.039725386689456244,0.24705882352941178,bull,0.1037037037037037,0.08433734939759036,2026-03-31,2026-05-15,20385264000.0,7979823000.0,3728486000.0,4068287000.0,750007000.0,3334165000.0,3.85,49300373000.0,29811036000.0,83769137000.0,34044129000.0,49725008000.0,10001958000.0,,43915000.0,,0.184354496130681,3041122842.1397014,53958101000.0,0.0563608204473263,0.0670520756879516,0.0398018305954375,0.6846480346468723,0.3914505595806853,0.182901040673302,0.1635576071028562,0.1748587968840969,,,87.43653384699755,87.43653384699755,False,89.00961068098712,89.00961068098712,88.61634147248972,49.0,True,True,True,True,True,True,True,True,True,True,True,True,True,True,True,False,False,14,False,0.1541153038703773,0.3685543155632627,1.0,1496641310.0,0.10925925925925926,3.0,2.0,,,,,,-0.02541342701057208,-0.08435143658555194,0.2778003059276124,-1.5450172092300447,0.38288288288288286,-1.5450172092300447,0.4249315741872146,-49.0,0.9369369369369369,0.9819819819819819,0.32432432432432434,0.8450450450450451,0.8279279279279279,研華
33.75,33.79999923706055,31.25,31.899999618530277,11632879.0,-0.02446486623070232,32.22999992370605,0.11538458716939948,32.502500057220466,0.4052862795762966,28.494166660308842,0.5599021236390906,24.95208334922791,0.044844490155273094,47.09677578135143,16448521.8,0.7072294484237482,-0.018537049077132273,2401.TW,2026-07-13,0.039725386689456244,0.24705882352941178,bull,0.12037037037037036,0.10750695088044486,2026-03-31,2026-05-15,1739082000.0,864981000.0,136169000.0,147902000.0,55276000.0,-13071000.0,-0.02,8420093000.0,2112087000.0,13991066000.0,3521723000.0,10469343000.0,4482097000.0,135979000.0,837500000.0,,0.3737339589728333,85278020.54062825,11878979000.0,0.0071789015319101,-0.0012485024131886,-0.0009342390351099,0.3363843366293377,0.4973779269752663,0.0782993556370545,-0.0075160343215558,0.1277895912328384,,,43.7050877891644,43.7050877891644,False,68.70121511687776,68.70121511687776,62.45218328494942,453.0,True,False,True,True,False,True,True,False,True,True,True,True,False,True,False,False,False,10,False,0.11952737550895343,0.2784503470936568,1.0,524707839.145387,0.2111111111111111,1.0,3.0,,,,,,-0.007942207373349788,-0.054135663422892534,0.2111299208112657,-1.5875233952903602,0.3261261261261261,-1.5875233952903602,0.3471102974463218,-453.0,0.45045045045045046,0.2702702702702703,0.22522522522522523,0.41666666666666663,0.3513513513513513,凌陽
31.700000762939453,32.5,29.200000762939453,29.25,491148644.0,-0.07728708845344112,30.210000228881835,0.24468085106382986,29.42250013351441,0.4130434261803586,23.690000089009605,0.8690096302217634,19.763333376248678,0.059506663762350115,50.50505235382198,498250509.65,0.9857463956133458,-0.005862864567308557,2409.TW,2026-07-13,0.039725386689456244,0.24705882352941178,bull,0.04722222222222222,0.1056533827618165,2026-03-31,2026-05-15,69031355000.0,8183487000.0,-635608000.0,-501422000.0,538028000.0,-1143537000.0,-0.15,139726713000.0,124948160000.0,376390658000.0,214627241000.0,161763417000.0,53064131000.0,12198589000.0,72270609000.0,,0.0,-635608000.0,251442498000.0,-0.0025278463468017,-0.0070691941429501,-0.0030381652033457,1.3267971521645094,0.118547390529999,-0.0092075260582672,-0.0165654723132698,-0.0425858019689946,,,11.660468541521832,11.660468541521832,False,70.94199876428792,70.94199876428792,56.12161620859639,1020.0,True,False,True,True,False,True,True,True,True,True,True,True,True,True,False,False,False,12,False,0.23469818024905043,0.48001348978671166,1.0,14573827407.262499,0.013888888888888888,0.0,3.0,,,,,,-0.05648477217896173,-0.12565669913594277,0.22803506100714235,-1.7566312401318898,0.22072072072072071,-1.7566312401318898,0.16685634964239565,-1020.0,0.08108108108108109,0.07207207207207207,0.09009009009009009,0.08243243243243244,0.08018018018018018,友達
66.19999694824219,67.69999694824219,62.5,63.79999923706055,1174178.0,0.03403563125046949,61.879998779296876,0.04248363466844207,61.019999504089355,0.39759029801767776,53.452499834696454,0.5733662253376994,47.88166669209798,0.01581487631663292,61.607131301144996,446154.25,2.6317758936511306,0.045558829163623304,2414.TW,2026-07-13,0.039725386689456244,0.24705882352941178,bull,0.2462962962962963,0.11306765523632993,2026-03-31,2026-05-15,8173355000.0,667003000.0,256658000.0,257181000.0,49401000.0,189595000.0,1.17,10526345000.0,7572401000.0,12337526000.0,7788440000.0,4549086000.0,631577000.0,2226858000.0,0.0,,0.1920865071681034,207357461.2432489,4765125000.0,0.0435156394099313,0.0416776029294675,0.0153673435014442,1.712088977873797,0.0816070022652876,0.0314017927766504,0.0231967166481818,0.2916284367786956,,,50.75190410598769,50.75190410598769,False,77.90639849256593,77.90639849256593,71.11777489592137,357.0,True,True,True,True,True,True,True,True,True,True,True,True,True,True,False,False,False,14,False,0.1935830772061935,0.33245151317152466,1.0,28464640.80961132,0.5537037037037037,1.0,3.0,,,,,,0.07076791408865722,0.06686312491651006,0.30604043348849314,-0.27592129276510896,0.9018018018018018,-0.27592129276510896,0.932179290179479,-357.0,0.5495495495495496,0.6306306306306306,0.9819819819819819,0.6144144144144144,0.6603603603603604,精技
38.0,38.0,35.29999923706055,36.20000076293945,1100951.0,-0.1308523544603747,37.62000045776367,0.30450453199781813,34.88500032424927,0.2461274255992849,29.81250015894572,0.3816793781985399,28.87416677474976,0.08028179901133174,65.54404513756434,1398741.25,0.7871012597934035,0.03769529673118854,2415.TW,2026-07-13,0.039725386689456244,0.24705882352941178,bull,0.03611111111111111,0.18257645968489342,2026-03-31,2026-05-15,616855000.0,153539000.0,68694000.0,63743000.0,21189000.0,31052000.0,0.35,8700617000.0,6499060000.0,10396905000.0,7194884000.0,3202021000.0,670954000.0,4442658000.0,608333000.0,,0.3324129708360133,45859223.38139091,3897845000.0,0.0117652762953352,0.009697625343494,0.0029866580487173,2.24698214034199,0.2489061448800771,0.1113616652211621,0.0503392207244814,0.1450722474679973,,,33.42135071039564,33.42135071039564,False,77.44459086040523,77.44459086040523,66.43878082290283,619.0,True,True,True,True,True,True,True,True,True,False,True,True,False,True,False,False,False,12,False,0.21425578431660175,0.25371585768480354,1.0,50634434.317154884,0.48148148148148145,1.0,3.0,,,,,,0.04978731016290418,0.04039226527281632,0.32865796002665026,-1.1767513926951982,0.8310810810810811,-1.1767513926951982,0.8366540688971302,-619.0,0.3063063063063063,0.40540540540540543,0.918918918918919,0.39819819819819813,0.45855855855855854,錩新
79.5,82.0,74.30000305175781,78.30000305175781,646252.0,0.020860575843246965,76.6,0.04539387792541172,75.44671783447265,0.5413386658997223,71.46390584309896,0.4473198754194583,60.576119613647464,0.006604252592195188,51.60000708008244,173395.4,3.7270423552181895,0.037818546640361106,2423.TW,2026-07-13,0.039725386689456244,0.24705882352941178,bull,0.24074074074074073,0.07228915662650602,2026-03-31,2026-05-15,820800000.0,461178000.0,213132000.0,243452000.0,55144000.0,188308000.0,1.3,2664242000.0,1034835000.0,3975985000.0,1167087000.0,2808898000.0,648483000.0,5955000.0,,,0.2265087162972577,164855744.27813286,2941150000.0,0.0560514575176828,0.0670398141904761,0.047361345679121,0.4154963975195966,0.5618640350877193,0.2596637426900585,0.2294200779727095,0.2750548748945609,,,96.18369172987968,96.18369172987968,False,69.12209441547856,69.12209441547856,75.88749374407884,15.0,True,False,True,True,True,True,True,True,True,True,True,True,False,True,True,False,True,13,False,0.09565804062917715,0.2925886232256656,1.0,13576860.349160766,0.649074074074074,1.0,0.0,,,,,,0.058837660378925745,0.04164205088067735,0.19335753940413894,-1.0622507783828972,0.6702702702702703,-1.0622507783828972,0.6327853389062426,-15.0,0.963963963963964,0.8558558558558559,0.6576576576576577,0.918018018018018,0.8702702702702703,固緯
24.75,26.25,24.5,25.399999618530277,5150720.0,-0.01930501958935449,25.269999694824218,0.12141280557683465,23.49499979019165,0.13392857370936118,22.26916659673055,-0.03969758465490825,23.623333342870076,0.025758566525857913,68.5082870599373,2749844.2,1.8730952102668215,0.0810810744988344,2427.TW,2026-07-13,0.039725386689456244,0.24705882352941178,bull,0.11296296296296296,0.2752548656163114,2026-03-31,2026-05-15,1890793000.0,357573000.0,67436000.0,69774000.0,14029000.0,55745000.0,0.28,4940961000.0,2339035000.0,7300949000.0,3856451000.0,3444498000.0,346523000.0,200000000.0,804109000.0,439525000.0,0.2010634333705964,53877086.30722045,4961914000.0,0.0108581257771135,0.0161837806263786,0.0076353087797216,1.1195973985178682,0.1891127161989705,0.0356654588841824,0.0294823388916713,0.7052790975371306,,,39.51920272248769,39.51920272248769,False,75.86816108234123,75.86816108234123,66.78092149237784,519.0,True,True,True,True,True,True,True,True,True,False,True,True,True,True,False,False,False,13,False,0.1405904890153986,0.07520811097543212,1.0,69846041.6310177,0.4388888888888889,0.0,3.0,,,,,,0.02591772141416908,-0.012030451310498513,0.1947906837563839,-1.867825364358803,0.37342342342342344,-1.867825364358803,0.7339887771757724,-519.0,0.3963963963963964,0.43243243243243246,0.7657657657657657,0.4518018018018018,0.48108108108108105,三商電
148.0,152.0,134.5,137.5,13567020.0,-0.051724137931034475,139.6,0.11336032388663964,136.95,0.5363128491620113,118.30666694641113,0.5696347305373577,104.90083357493083,0.03163841807909596,51.14503816793893,11445822.75,1.1853250130052906,0.004016064257028162,2441.TW,2026-07-13,0.039725386689456244,0.24705882352941178,bull,0.12314814814814815,0.07506950880444857,2026-03-31,2026-05-15,4722344000.0,1115834000.0,923616000.0,1008584000.0,210655000.0,797945000.0,1.4,12295231000.0,3780793000.0,29303556000.0,4066699000.0,25236857000.0,6332374000.0,,,,0.2088621274975609,730707597.2492127,25522763000.0,0.0286296431639949,0.0316182399416852,0.0272303129353993,0.1611412625589628,0.2362881653687236,0.1955842268161743,0.1689722307396496,0.2119643633492949,,,73.76313956490999,73.76313956490999,False,71.30786496524078,71.30786496524078,71.92168361515809,132.0,True,False,True,True,True,True,True,True,True,True,True,True,True,True,True,False,False,13,False,0.16223374006709856,0.31076174815887936,1.0,1573800628.125,0.10277777777777777,2.0,3.0,,,,,,0.003980970833463182,-0.044078649155932355,0.20989270378442454,-1.3321543808077445,0.40405405405405403,-1.3321543808077445,0.42043167392521985,-132.0,0.8108108108108109,0.6666666666666666,0.3063063063063063,0.7351351351351352,0.6666666666666667,超豐
185.0,189.5,179.5,183.0,7920134.0,0.022346368715083775,184.8,0.24914675767918082,175.8,0.3212996389891696,158.1,0.6033977397244525,140.39363244374593,0.05002239808869643,61.333333333333336,8908623.15,0.8890413104970099,0.04095563139931735,2458.TW,2026-07-13,0.039725386689456244,0.24705882352941178,bull,0.046296296296296294,0.14087117701575533,2026-03-31,2026-05-15,3224766000.0,1535871000.0,778771000.0,839901000.0,164027000.0,705046000.0,2.46,8628282000.0,4973856000.0,16710597000.0,6912540000.0,9798057000.0,3790288000.0,247000000.0,927254000.0,,0.1952932548002681,626682276.6659404,11736741000.0,0.0533949140281736,0.0719577361103328,0.0421915506669211,0.705501100881532,0.4762736272957479,0.2414969024109036,0.2186347784614449,0.0339486816438188,,,86.91654017956604,86.91654017956604,False,83.13193059862328,83.13193059862328,84.07808299385897,50.0,True,True,True,True,True,True,True,True,True,True,True,True,True,True,True,False,False,14,False,0.1574952561669829,0.30347792000699125,1.0,1630278036.45,0.0962962962962963,2.0,2.0,,,,,,0.01394535376037526,-0.024417452752460517,0.26747339088459454,-1.4655725689712498,0.513063063063063,-1.4655725689712498,0.593793014906775,-50.0,0.9279279279279279,0.954954954954955,0.6306306306306306,0.8833333333333333,0.8765765765765766,義隆
164.5,176.0,163.5,166.0,13866080.0,-0.017751479289940808,161.9,0.11409395973154357,169.15,1.261580334456434,144.52166659037272,1.53048786373808,107.38833351135254,0.022363251737685205,46.7741935483871,15066940.9,0.9202982935972092,-0.01862252438663914,2464.TW,2026-07-13,0.039725386689456244,0.24705882352941178,bull,0.12222222222222222,0.017608897126969416,2026-03-31,2026-05-15,1864911000.0,348125000.0,41838000.0,53528000.0,4046000.0,49169000.0,0.24,7398797000.0,5883475000.0,11317462000.0,6229196000.0,5088266000.0,1831434000.0,460111000.0,103169000.0,0.0,0.0755866088775967,38675607.45777911,5433987000.0,0.0071173536958736,0.00966321336188,0.0043445253008139,1.2242276641983734,0.1866711065568276,0.0224343145597832,0.0263653332518281,0.0786759589539871,,,25.84400824761181,25.84400824761181,False,70.89311090515909,70.89311090515909,59.63083524077227,756.0,True,False,True,True,False,True,True,False,True,True,True,True,True,True,False,False,False,11,False,0.14861670167771268,0.545791750110838,1.0,2501112189.4,0.06666666666666667,2.0,3.0,,,,,,-0.06787462785901052,-0.16743158907512565,0.18010294805980556,-1.8422373510014547,0.11306306306306306,-1.8422373510014547,0.09924359401368996,-756.0,0.22522522522522523,0.1891891891891892,0.05405405405405406,0.19954954954954954,0.18018018018018017,盟立
580.0,609.0,577.0,595.0,2264668.0,-0.09160305343511455,574.4,0.08812885097219669,594.2891021728516,0.15533980582524265,587.4197123209635,1.2796934865900385,464.2681894938151,0.010379343518994135,52.06611570247934,1783012.1,1.2701360804001274,0.0011962154859466168,2467.TW,2026-07-13,0.039725386689456244,0.24705882352941178,bull,0.15833333333333333,0.25023169601482853,2026-03-31,2026-05-15,2261506000.0,1118836000.0,551124000.0,613560000.0,131154000.0,466168000.0,3.06,8668744000.0,7397306000.0,20907953000.0,12303757000.0,8604196000.0,2586058000.0,930000000.0,2672580000.0,1609684000.0,0.2137590455701153,433316259.7692157,13510647000.0,0.0320722064434971,0.0541791470115278,0.0222962047025837,1.4299717254232702,0.4947305025942889,0.243697783689276,0.2061316662436447,0.7275418248873835,,,82.91061822425604,82.91061822425604,False,66.41848811843627,66.41848811843627,70.54152064489122,67.0,True,False,True,True,True,True,True,True,True,False,True,True,True,True,True,False,False,12,False,0.012904380837146068,0.2815868359379088,1.0,1060892199.5,0.14166666666666666,3.0,2.0,,,,,,-0.03127236014188494,-0.07823483336470466,0.25892327954741934,-0.6397775148559369,0.46801801801801807,-0.6397775148559369,0.4472780497625319,-67.0,0.9009009009009009,0.5945945945945946,0.36936936936936937,0.8211711711711711,0.7027027027027027,志聖
129.0,130.5,123.5,126.5,2680133.0,-0.06985294117647056,129.5,0.028455284552845628,128.425,0.17674418604651154,122.44166666666666,0.39317175934336146,104.70833333333333,0.01722772277227732,47.142857142857146,4609284.15,0.5814640436085937,-0.014989293361884481,2476.TW,2026-07-13,0.039725386689456244,0.24705882352941178,bull,0.30833333333333335,0.2242817423540315,2026-03-31,2026-05-15,2167648000.0,648571000.0,386545000.0,381039000.0,105379000.0,249094000.0,1.14,8508714000.0,2022591000.0,12826616000.0,2840613000.0,9986003000.0,3388343000.0,0.0,,0.0,0.2765569928537499,279643277.1973472,10804025000.0,0.0258832497330714,0.0249443145570855,0.0194200871063731,0.2844594579032271,0.2992049447142709,0.1783246172810345,0.1149144141484226,0.3165738497392238,,,72.21370863120339,72.21370863120339,False,60.14295644114921,60.14295644114921,63.160644488662754,146.0,True,False,True,True,False,True,True,False,False,False,True,True,False,True,True,False,False,8,False,0.03314503505070454,0.20811778750497423,1.0,583074444.975,0.2,2.0,3.0,,,,,,-0.004628648768050976,-0.05200087831776797,0.21618738883723415,-1.3114089160569118,0.41081081081081083,-1.3114089160569118,0.4522256582440149,-146.0,0.7837837837837838,0.2882882882882883,0.3783783783783784,0.7229729729729729,0.5540540540540541,鉅祥
161.5,165.0,161.5,163.5,407094.0,0.0092592592592593,161.2,0.10305342725622268,155.30999984741212,0.16785714285714293,149.82256062825522,0.09364548494983271,145.71544698079427,0.018309009629533895,71.9298245614035,493952.1,0.8241568362600341,0.05273324422531922,2480.TW,2026-07-13,0.039725386689456244,0.24705882352941178,bull,0.13425925925925927,0.23262279888785914,2026-03-31,2026-05-15,2420984000.0,568028000.0,300400000.0,336304000.0,56799000.0,279505000.0,2.63,7208003000.0,5342627000.0,8394801000.0,5408397000.0,2986404000.0,1289115000.0,0.0,,,0.1688918359579428,249664892.478234,3052174000.0,0.0817990365156881,0.0935924945184911,0.0332950119961152,1.811006481373585,0.2346269120324628,0.1240817783182375,0.1154509901758954,0.1706727375064554,,,72.57043193555015,72.57043193555015,True,69.55108926880234,69.55108926880234,70.30592493548929,141.0,True,False,True,True,True,True,True,True,True,False,True,True,True,True,True,True,False,12,False,0.09129091983470827,0.12204988137976747,1.0,80761168.35,0.4203703703703704,2.0,3.0,,,,,,0.02690889894815075,0.03483734968489681,0.2833755113016242,-0.5377465224879983,0.7594594594594595,-0.5377465224879983,0.794305814126621,-141.0,0.7927927927927928,0.5675675675675675,0.8738738738738738,0.804954954954955,0.7414414414414414,敦陽科
218.0,220.0,192.0,192.0,21380288.0,-0.15604395604395604,209.1,0.32413793103448274,187.8,0.786046511627907,146.4566665649414,1.4593628636151306,118.7634313583374,0.0974433893352813,49.4773519163763,19463198.35,1.0984981818263182,0.022364217252396124,2481.TW,2026-07-13,0.039725386689456244,0.24705882352941178,bull,0.03333333333333333,0.04355885078776645,2026-03-31,2026-05-15,3421155000.0,1119956000.0,222307000.0,401292000.0,91991000.0,287830000.0,0.75,16640056000.0,9238488000.0,30592464000.0,14747647000.0,15844817000.0,2062678000.0,3840875000.0,4482923000.0,455744000.0,0.2292370642823679,171345995.9505796,21353976000.0,0.0080240792604889,0.0181655616470673,0.0094085262305121,0.930755274737474,0.3273619581690978,0.064980101749263,0.0841324055764792,0.1137638172403219,,,42.02257957760406,42.02257957760406,False,75.59553168322483,75.59553168322483,67.20229365681965,479.0,True,True,True,True,True,True,True,False,True,True,True,True,True,True,False,False,False,13,False,0.31096797778654817,0.6166592511182212,1.0,3736934083.2000003,0.05,2.0,3.0,,,,,,-0.015621969206816865,-0.09388783162533174,0.2968476164724279,-1.8514547229987948,0.3698198198198198,-1.8514547229987948,0.29754669366732694,-479.0,0.42342342342342343,0.46846846846846846,0.18018018018018017,0.3869369369369369,0.38828828828828826,強茂
91.3000030517578,93.5999984741211,83.69999694824219,84.30000305175781,36516642.0,-0.12004174982945348,89.01999969482422,0.2638681695468872,78.84500045776367,1.0918115297191902,57.73083330790202,3.0922330820725623,43.162916612625125,0.10011162500351856,64.97890059921312,49837479.6,0.7327144609455731,0.06918641083547605,2484.TW,2026-07-13,0.039725386689456244,0.24705882352941178,bull,0.03888888888888889,0.027803521779425393,2026-03-31,2026-05-15,558493000.0,124006000.0,38190000.0,65062000.0,13230000.0,51853000.0,0.33,2364630000.0,488834000.0,4989053000.0,883613000.0,4105440000.0,608103000.0,70000000.0,152941000.0,,0.2033445021671636,30424273.46223602,4500219000.0,0.0067606206414034,0.0126303148992556,0.0103933552119009,0.2152297926653416,0.2220368026098805,0.0683804452338704,0.0928444940223064,-0.0665818752496527,,,33.91916811523335,33.91916811523335,False,84.48277885934502,84.48277885934502,71.8418761733171,613.0,True,True,True,True,True,True,True,True,True,True,True,True,False,True,False,False,False,13,False,0.4602249477701388,0.9530654938897274,1.0,4201299682.3719177,0.041666666666666664,1.0,3.0,,,,,,-0.07232501244414387,-0.14706944925316137,0.13797772243182188,-1.6555970509077131,0.11441441441441441,-1.6555970509077131,0.1644507771529987,-613.0,0.3153153153153153,0.6576576576576577,0.08108108108108109,0.28018018018018015,0.3711711711711712,希華
283.0,283.0,251.0,257.5,3705905.0,-0.0764233779018978,269.5688903808594,0.2439613526570048,273.8361129760742,0.7517006802721089,187.8787043253581,1.0196078431372548,150.84185218811035,0.0871089908613447,47.98133855258951,3338561.8,1.1100303729587992,-0.05965653250965308,2493.TW,2026-07-13,0.039725386689456244,0.24705882352941178,bull,0.049074074074074076,0.04819277108433735,2026-03-31,2026-05-15,937502000.0,273627000.0,168457000.0,191698000.0,32214000.0,159484000.0,1.26,4686325000.0,2916731000.0,5991089000.0,3087310000.0,2903779000.0,1134124000.0,,,,0.1680455716804557,140148547.13142547,3074358000.0,0.0455862808207194,0.054922912521924,0.0266202021034907,1.0632041901260392,0.2918681773478883,0.1796870833342222,0.1701159037527386,0.0124310063488737,,,71.53758613339757,71.53758613339757,False,73.239878275326,73.239878275326,72.81430523984389,152.0,True,False,True,True,False,True,True,False,True,True,True,True,True,True,True,False,False,11,False,0.3705651256465743,0.7070859066280855,1.0,859679663.5,0.1574074074074074,2.0,3.0,,,,,,0.031063358388819445,-0.055197254429201266,0.27939077590228506,-1.2176914124004974,0.5990990990990992,-1.2176914124004974,0.5388807904368951,-152.0,0.7747747747747747,0.7117117117117117,0.5135135135135135,0.7355855855855855,0.7036036036036035,揚博
8.020000457763672,8.180000305175781,7.239999771118164,7.309999942779541,21467439.0,0.10757576491002996,7.538000011444092,0.27130433787470287,6.1464999437332155,0.27797206484418724,5.596833324432373,0.32188059049510964,5.711416657765707,0.07550306393742648,74.43819615203174,7375027.85,2.910828194364039,0.18929472215038334,2601.TW,2026-07-13,0.039725386689456244,0.24705882352941178,bull,0.03796296296296296,0.16218721037998146,2026-03-31,2026-05-15,568015000.0,153080000.0,126103000.0,18234000.0,7038000.0,-13770000.0,-0.02,2878754000.0,2929955000.0,11571433000.0,3945476000.0,7625957000.0,145794000.0,1181816000.0,973681000.0,,0.3859822309970385,77429482.72458047,8641478000.0,0.0089602129085534,-0.0018056750123296,-0.001189999544568,0.5173745406642077,0.2694999251780323,0.222006461096978,-0.024242317544431,-0.5099694429155358,,,37.53973905839439,37.53973905839439,False,79.80643085161157,79.80643085161157,69.23975790330726,567.0,True,True,True,True,True,True,True,False,True,True,False,True,True,False,False,False,False,11,False,0.3060957007364369,0.2798926047253567,1.0,53911453.16149752,0.4740740740740741,0.0,3.0,,,,,,0.08287459725685922,0.05404422082104951,0.35432741446954624,-0.6751586245706896,0.9238738738738739,-0.6751586245706896,0.8010649369505808,-567.0,0.36036036036036034,0.5315315315315315,0.8828828828828829,0.4387387387387387,0.5162162162162162,益航
54.20000076293945,57.79999923706055,54.20000076293945,56.70000076293945,14123724.0,0.007104822936047084,54.84000091552734,0.4557124429350192,47.52250022888183,0.1642710446544382,45.82583338419597,0.09727254385619766,47.91726786295573,0.08877943037626898,77.40112929410284,7392503.1,1.9105469161047766,0.19311905917946603,2630.TW,2026-07-13,0.039725386689456244,0.24705882352941178,bull,0.022222222222222223,0.23725671918443003,2026-03-31,2026-05-15,1096139000.0,99835000.0,28684000.0,22779000.0,4780000.0,17999000.0,0.09,4412587000.0,1553773000.0,5621038000.0,2241218000.0,3379820000.0,184907000.0,488000000.0,514600000.0,,0.2098423987005575,22664880.635673206,4067265000.0,0.005572511413855,0.0053254315318567,0.0032020776233855,0.6631175624737412,0.0910787774178274,0.0261682140677414,0.0164203627459656,-0.1292073375633449,,,17.319949572923083,17.319949572923083,False,80.81402438618278,80.81402438618278,64.94050568286785,907.0,True,True,True,True,True,True,True,False,True,False,True,False,True,False,False,False,False,10,False,0.23729339055498078,0.18328951736360466,1.0,419154931.4100323,0.23333333333333334,1.0,3.0,,,,,,0.006000491704160045,-0.057034003975248104,0.23193063403348108,-1.5286895084164513,0.4004504504504504,-1.5286895084164513,0.5534901092649327,-907.0,0.14414414414414414,0.35135135135135137,0.5675675675675675,0.20765765765765765,0.290990990990991,亞航
61.59999847412109,63.79999923706055,61.20000076293945,63.79999923706055,64372874.0,0.072328638258647,59.40439987182617,0.3531282539204812,53.36482677459717,0.2837021782228071,49.40410900115967,0.16211288640832433,50.77413794199626,0.06514012083081314,75.54710673519723,25162967.85,2.558238534648845,0.19554401453488368,2634.TW,2026-07-13,0.039725386689456244,0.24705882352941178,bull,0.027777777777777776,0.15940685820203893,2026-03-31,2026-05-15,7587090000.0,591710000.0,272385000.0,343445000.0,82787000.0,260658000.0,0.28,37638357000.0,26369324000.0,51480606000.0,33336880000.0,18143726000.0,2181426000.0,5295860000.0,1125000000.0,3448642000.0,0.2410487851038739,206726926.6694813,25111282000.0,0.0082324322059495,0.0143662883797958,0.005063227111196,1.837377835181153,0.0779890577283253,0.0359011162382415,0.0343554643479911,0.0064028588028364,,,19.130159005497152,19.130159005497152,False,80.1814952116157,80.1814952116157,64.91866116008606,871.0,True,True,True,True,True,True,True,False,True,True,True,True,True,False,False,False,False,12,False,0.29139054477357273,0.25654519846195845,1.0,1605397329.6321793,0.09907407407407408,1.0,3.0,,,,,,-0.012735710633302953,-0.04492095614353684,0.2282175293035379,-1.7673011531884777,0.3315315315315316,-1.7673011531884777,0.2968903746536211,-871.0,0.15315315315315314,0.34234234234234234,0.17117117117117117,0.15585585585585582,0.21351351351351353,漢翔
83.4000015258789,88.0,82.5,84.69999694824219,6516433.0,0.08035708290495025,81.93999938964843,0.07898085284384959,77.02499961853027,0.13691271071466016,75.18777071634928,0.21870499206103866,72.86721865336101,0.016091354353804495,68.54458395449012,3557286.8,1.8318548282359466,0.09964293888637044,2637.TW,2026-07-13,0.039725386689456244,0.24705882352941178,bull,0.17222222222222222,0.26876737720111216,2026-03-31,2026-05-15,4338022000.0,1244039000.0,1197473000.0,1201283000.0,6082000.0,1195201000.0,1.6,8930959000.0,8128467000.0,84286573000.0,33874386000.0,50412187000.0,5975075000.0,2132536000.0,18694305000.0,992902000.0,0.0050629202277897,1191410289.726068,76158106000.0,0.0156439065032167,0.0237085726909645,0.0141802063775923,0.6719483524886551,0.2867756318432686,0.276041246448266,0.2755175054437253,0.2360516073148353,,,62.80204855376821,62.80204855376821,False,76.10273251465894,76.10273251465894,72.77756152443625,237.0,True,True,True,True,True,True,True,True,True,False,True,True,True,True,True,False,False,13,False,0.12651294407674873,0.1623882249598585,1.0,301302181.1040222,0.2675925925925926,1.0,3.0,,,,,,-0.0009454312253447834,-0.0362820067459923,0.18304236224844178,-1.788433515293835,0.2833333333333333,-1.788433515293835,0.4626841045329816,-237.0,0.6486486486486487,0.7027027027027027,0.40540540540540543,0.6121621621621622,0.6162162162162164,慧洋-KY
24.049999237060547,24.200000762939453,23.850000381469727,23.850000381469727,21925893.0,0.014893633254030814,23.86999969482422,0.05530973357969082,23.39999990463257,0.11709601664315761,21.765833314259847,0.16341465275462075,21.22208331425985,0.019052799330759738,59.999988262476926,30187131.35,0.726332447617617,0.019230789686801142,2801.TW,2026-07-13,0.039725386689456244,0.24705882352941178,bull,0.21481481481481482,0.2928637627432808,2026-03-31,2026-05-15,,,,,992320000.0,5221136000.0,,,,3481563454000.0,3255586729000.0,225976725000.0,40993679000.0,,,,,,3481563454000.0,,0.0231047511640855,0.0014996526902307,14.406734715710211,,,,,,,11.293260418625334,11.293260418625334,False,71.72540314140355,71.72540314140355,56.61736746070899,1023.0,True,False,True,True,True,True,True,True,True,False,True,True,False,True,False,False,False,11,False,0.0957540672630457,0.12382936341806206,1.0,719963094.2129768,0.17314814814814813,0.0,3.0,,,,,,0.0302561915991539,-0.04324537539189105,0.20090796415459997,-1.2661280519174243,0.48108108108108105,-1.2661280519174243,0.44477697906413016,-1023.0,0.07207207207207207,0.09009009009009009,0.36036036036036034,0.1153153153153153,0.13513513513513514,彰銀
34.349998474121094,35.0,34.349998474121094,34.650001525878906,315292.0,-0.017021233308399775,34.58000030517578,0.09214260765220872,33.8625,0.11414794536544037,32.08660996754964,0.20103989836112812,31.060388358434043,0.02078351571083974,59.574474992654686,362094.3,0.8707455488804988,0.023255859014511993,2816.TW,2026-07-13,0.039725386689456244,0.24705882352941178,bull,0.15185185185185185,0.29935125115848005,2026-03-31,2026-05-15,,,460640000.0,461658000.0,63688000.0,,,,,25125030000.0,16643189000.0,8481841000.0,3180641000.0,,,,0.1379549363381551,397092438.1251922,25125030000.0,0.0158046552830063,,,1.962214217408697,,,,,,,38.97407433693017,38.97407433693017,False,73.31473474186365,73.31473474186365,64.72956964063027,536.0,True,False,True,True,True,True,True,True,True,False,True,True,True,True,False,False,False,12,False,0.0798897596511976,0.11556884369960407,1.0,12546568.047512054,0.6601851851851852,1.0,3.0,,,,,,0.06757456868689991,0.0697133673415884,0.21301552128181367,-1.353624872041369,0.6828828828828828,-1.353624872041369,0.8773714013956818,-536.0,0.38738738738738737,0.3333333333333333,0.9459459459459459,0.47117117117117113,0.4828828828828829,旺旺保
24.0,24.049999237060547,23.25,23.450000762939453,3990076.0,-0.0063559159366815,24.05,0.07816095461790584,22.95749988555908,0.10352944766773886,21.365833282470703,0.23421056647049743,20.533333222071334,0.02833147062475893,57.29167577293327,2629669.1,1.5173300701597778,0.021452722632492316,2838.TW,2026-07-13,0.039725386689456244,0.24705882352941178,bull,0.17407407407407408,0.3132530120481928,2026-03-31,2026-05-15,,,,,280906000.0,1507841000.0,,,,1066591884000.0,980485941000.0,86105943000.0,8264919000.0,,,799208000.0,,,1066591884000.0,,0.0175114625943995,0.0014137000502433,11.386971756409428,,,,,,,8.867220581270256,8.867220581270256,False,73.92490302831577,73.92490302831577,57.66048241655439,1049.0,True,False,True,True,True,True,True,True,True,False,True,True,True,True,False,False,False,12,False,0.09754674451095124,0.14204549788988885,1.0,61665742.40127831,0.45555555555555555,0.0,3.0,,,,,,0.03135917977168928,-0.03117167222337118,0.21383656322906278,-0.9024408362457113,0.5671171171171171,-0.9024408362457113,0.5222264324879969,-1049.0,0.036036036036036036,0.11711711711711711,0.46846846846846846,0.1009009009009009,0.14684684684684685,聯邦銀
8.859999656677246,8.899999618530273,8.770000457763672,8.829999923706055,9953246.0,0.010297500565766837,8.827999687194824,0.07160196225440285,8.604999876022339,0.11630848217967271,8.068666617075602,0.13205124458774553,7.963166638215383,0.019610160660618877,54.26355271046816,16087294.6,0.6187022894452371,0.02614759452939386,2867.TW,2026-07-13,0.039725386689456244,0.24705882352941178,bull,0.18703703703703703,0.29564411492122333,2026-03-31,2026-05-15,,,-260328000.0,-260476000.0,-99972000.0,,,,,1583200325000.0,1505084533000.0,78115792000.0,70736282000.0,,,,0.3838050338610851,-160412803.14501145,1583200325000.0,-0.0001013218609243,,,19.267352918856663,,,,,,,0.0,0.0,False,66.69181079382797,66.69181079382797,50.01885809537097,1079.0,True,False,True,True,True,True,True,True,True,False,True,True,False,True,False,False,False,11,False,0.09435676831897544,0.10885534924394569,1.0,142050810.09063682,0.35,0.0,3.0,,,,,,0.05938206983221313,0.049520818811183406,0.2239202324762657,-0.269090970912567,0.7725225225225226,-0.269090970912567,0.7214376132609942,-1079.0,0.009009009009009009,0.009009009009009009,0.7477477477477478,0.11981981981981983,0.15675675675675677,三商壽
70.0999984741211,70.30000305175781,68.30000305175781,68.30000305175781,19211498.0,-0.001461965963308609,69.24000244140625,0.06885761221925701,67.31500053405762,0.3471400793682742,60.0458334604899,0.6618006225660424,52.297083377838135,0.024035909256769475,50.0,27422572.75,0.7005724143807769,0.014632734307145068,2885.TW,2026-07-13,0.039725386689456244,0.24705882352941178,bull,0.1925925925925926,0.1278962001853568,2026-03-31,2026-05-15,39984934000.0,,,18723853000.0,3129395000.0,14409154000.0,,,,4640879682000.0,4254342700000.0,386536982000.0,77947312000.0,,,,0.167134136334012,,4640879682000.0,,0.0372775560192064,0.0031048324859373,11.00630184979299,,,0.360364581319554,0.2805185364050884,,,38.0190051862678,38.0190051862678,False,67.24421174318373,67.24421174318373,59.93791010395475,559.0,True,False,True,True,True,True,True,True,True,True,True,True,False,True,False,False,False,12,False,0.13746448530353317,0.3060002325235065,1.0,1872961802.5120506,0.08796296296296297,1.0,3.0,,,,,,-0.13052115768681224,-0.17700131985241002,0.15700587731994936,-1.2143997544700647,0.19324324324324327,-1.2143997544700647,0.20067945813446236,-559.0,0.3783783783783784,0.1981981981981982,0.12612612612612611,0.3405405405405405,0.2738738738738739,元大金
46.70000076293945,47.29999923706055,46.54999923706055,47.0,26904157.0,0.015118807224064446,46.8,0.08294927068088831,45.83250007629395,0.1764705657678145,42.18250013987223,0.16192828463582365,40.8700000445048,0.021223256787908613,65.51721643185476,40581598.6,0.6629644451709696,0.025473188714615347,2886.TW,2026-07-13,0.039725386689456244,0.24705882352941178,bull,0.16666666666666666,0.22520852641334568,2026-03-31,2026-05-15,20768442000.0,,,11219594000.0,1822242000.0,9397352000.0,,,,5003279677000.0,4601326283000.0,401953394000.0,108936088000.0,,,,0.1624160375143699,,5003279677000.0,,0.0233792079884763,0.0018782383969458,11.447412440557724,,,0.4524822805677961,0.1010590363542149,,,21.43739093265881,21.43739093265881,False,71.47342319715679,71.47342319715679,58.9644151310323,834.0,True,False,True,True,True,True,True,True,True,False,True,True,False,True,False,False,False,11,False,0.1142061244391277,0.14998776483533227,1.0,1907335134.2,0.08611111111111111,1.0,3.0,,,,,,-0.08606513615227587,-0.1412672483351152,0.17078681677187216,-1.5224847172692624,0.16801801801801802,-1.5224847172692624,0.17105507240149595,-834.0,0.17117117117117117,0.16216216216216217,0.0990990990990991,0.16036036036036033,0.15405405405405406,兆豐金
37.29999923706055,37.75,35.599998474121094,35.75,86456624.0,0.042274075661574706,36.039999389648436,0.18377480453150663,33.48749980926514,0.43286568764770483,27.696666590372722,0.7228915662650603,25.704583279291793,0.055222935864045315,73.68421713071325,76948147.4,1.1235699223604698,0.06756252941011986,2887.TW,2026-07-13,0.039725386689456244,0.24705882352941178,bull,0.07037037037037037,0.1010194624652456,2026-03-31,2026-05-15,47867456000.0,,,25588754000.0,4532177000.0,21040510000.0,,,,9064708955000.0,8465511408000.0,599197547000.0,97795796000.0,,,,0.1771159705548773,,9064708955000.0,,0.035114479532407,0.0023211456765409,14.12808088147931,,,0.439557723727787,0.933005034802805,,,37.907562917661295,37.907562917661295,False,77.0233624644383,77.0233624644383,67.24441257774404,560.0,True,True,True,True,True,True,True,False,True,True,True,True,True,True,False,False,False,13,False,0.2907690491687758,0.3908025511077251,1.0,2750896269.55,0.06111111111111111,1.0,3.0,,,,,,-0.15019650486238464,-0.16981374500244156,0.15069319573683296,-1.6558820498858153,0.08603603603603605,-1.6558820498858153,0.0854175393420785,-560.0,0.36936936936936937,0.4774774774774775,0.04504504504504504,0.3207207207207207,0.33693693693693694,台新新光金
41.75,41.75,40.0,40.20000076293945,31378229.0,-0.019512176513671875,40.82000045776367,0.17715955978730635,39.430000114440915,0.20720725777674165,33.93916676839193,0.37671231892435997,32.43416670163472,0.049996672774372586,52.898561140737975,55249022.8,0.5679417917234185,0.01952829435109571,2890.TW,2026-07-13,0.039725386689456244,0.24705882352941178,bull,0.07222222222222222,0.2020389249304912,2026-03-31,2026-05-15,26199317000.0,,,13172491000.0,2157069000.0,10973530000.0,,,,3820349236000.0,3552231164000.0,268118072000.0,41779009000.0,,,,0.163755587306911,,3820349236000.0,,0.0409279759403909,0.0028723892299148,13.24875692825361,,,0.4188479417230609,0.4040584778805451,,,40.18365017296791,40.18365017296791,False,70.40811934014901,70.40811934014901,62.85200204835373,506.0,True,False,True,True,True,True,True,True,True,False,True,True,False,True,False,False,False,11,False,0.1844722363773037,0.23943374691088715,1.0,2221010758.711659,0.075,1.0,3.0,,,,,,-0.11385365336501238,-0.14896821161586285,0.170165898243304,-1.4539369570798404,0.17387387387387387,-1.4539369570798404,0.14898914395216661,-506.0,0.4144144144144144,0.27927927927927926,0.07207207207207207,0.363063063063063,0.3054054054054054,永豐金
155.0,160.5,152.5,154.5,1763045.0,-0.031347962382445194,150.7,0.1573033707865168,139.75,0.33766233766233755,128.34166666666667,0.4307335409775952,118.41058508555095,0.03499351971857059,68.2170542635659,1014544.85,1.7377694046744212,0.10554561717352406,3004.TW,2026-07-13,0.039725386689456244,0.24705882352941178,bull,0.08796296296296297,0.13253012048192772,2026-03-31,2026-05-15,1204086000.0,303961000.0,167853000.0,159650000.0,36009000.0,123641000.0,1.92,4115707000.0,2713494000.0,8426161000.0,4784576000.0,3641585000.0,220728000.0,677601000.0,1977017000.0,,0.2255496398371437,129993816.30441593,5712667000.0,0.0227553638789756,0.0339525234204336,0.0146734675494569,1.3138718442656152,0.252441270806238,0.1394028333524349,0.1026845258561265,0.2866173569808965,,,59.60481555561746,59.60481555561746,False,83.67629864282986,83.67629864282986,77.65842787102676,269.0,True,True,True,True,True,True,True,True,True,True,True,True,True,True,False,False,False,14,False,0.20381793390039604,0.3047819997542842,1.0,156747179.325,0.33611111111111114,2.0,3.0,,,,,,0.01769003566868386,-0.01940932832030062,0.2819999273425425,-0.6892202561640316,0.6355855855855855,-0.6892202561640316,0.6879450970628701,-269.0,0.6126126126126126,0.8918918918918919,0.7207207207207207,0.6288288288288287,0.7180180180180179,豐達科
114.0,117.5,112.0,115.0,10065653.0,0.045454545454545414,110.7,0.09004739336492884,104.1349998474121,0.1686991688689694,102.49333318074544,0.06108962369644444,106.40965887705485,0.01436781611330946,70.27027027027027,6187991.9,1.626642885553874,0.10433571967646094,3005.TW,2026-07-13,0.039725386689456244,0.24705882352941178,bull,0.15648148148148147,0.22984244670991658,2026-03-31,2026-05-15,9308269000.0,2890739000.0,1257624000.0,1391228000.0,215931000.0,1087413000.0,1.74,34157049000.0,19619666000.0,51413542000.0,24716257000.0,26697285000.0,14015961000.0,1317501000.0,1977017000.0,,0.1552089233396682,1062429532.993873,31793876000.0,0.0334161689815319,0.0407312204218518,0.0211503226134468,0.9257966493596632,0.3105560228222884,0.1351082569702272,0.1168222577151562,-0.0255358141879895,,,60.64311592085046,60.64311592085046,False,78.0321136478971,78.0321136478971,73.68486421613544,255.0,True,True,True,True,True,True,True,True,True,False,True,True,True,True,True,False,False,13,False,0.12202419836614387,0.0807289602616843,1.0,711619068.5,0.17592592592592593,2.0,3.0,,,,,,0.031493520356410655,0.018005369391628986,0.24607546624685944,-1.0193277680424973,0.6747747747747748,-1.0193277680424973,0.38262027088230816,-255.0,0.6306306306306306,0.7567567567567568,0.25225225225225223,0.5738738738738738,0.5927927927927928,神基
328.0,332.0,318.0,324.0,1294193.0,-0.02114803625377648,324.1,0.031847133757961776,323.6,0.15921288014311274,308.69166666666666,0.7188328912466844,272.32916666666665,0.0062971313068492085,57.06806282722513,2088403.05,0.6197046111381612,0.0012360939431395046,3023.TW,2026-07-13,0.039725386689456244,0.24705882352941178,bull,0.28888888888888886,0.24467099165894346,2026-03-31,2026-05-15,8292838000.0,2032426000.0,955920000.0,1115731000.0,253177000.0,865006000.0,3.6,26277086000.0,13869565000.0,32645613000.0,14861895000.0,17783718000.0,6352840000.0,3453676000.0,0.0,,0.2269158067670433,739006641.995248,18776048000.0,0.0393590089882198,0.0486403349400839,0.0264968527317897,0.8357023542546053,0.2450820816709551,0.1152705503230619,0.1043075965067688,0.0164281431445099,,,64.45244261187088,64.45244261187088,False,65.95074728959375,65.95074728959375,65.57617112016302,216.0,True,False,True,True,True,True,True,True,False,False,True,True,False,True,True,False,False,10,False,0.04959101584644876,0.18973668507780106,1.0,676642588.2,0.1814814814814815,2.0,3.0,,,,,,-0.002077070025209549,-0.005245096790668971,0.20106650445957996,-1.4238973992543529,0.40675675675675677,-1.4238973992543529,0.5114385465110429,-216.0,0.6846846846846847,0.3963963963963964,0.4594594594594595,0.6509009009009008,0.5531531531531532,信邦
1025.0,1030.0,905.0,905.0,13709273.0,-0.06022845275181721,947.0,0.192221172388235,876.1898345947266,2.762993762993763,573.4695353190104,7.660287081339712,349.3097676595052,0.08639861760062577,56.95839311334289,7723141.1,1.775090319144888,0.032881191116077346,3026.TW,2026-07-13,0.039725386689456244,0.24705882352941178,bull,0.06574074074074074,0.0009267840593141798,2026-03-31,2026-05-15,3618451000.0,877039000.0,483360000.0,568645000.0,113236000.0,474578000.0,2.86,11840787000.0,5803981000.0,16266013000.0,6345747000.0,9920266000.0,4380883000.0,2093681000.0,400780000.0,,0.199133026756588,387107060.1869356,10462032000.0,0.0370011351701978,0.047839241407438,0.029176049471988,0.639675085325333,0.2423796812503471,0.1335820216993404,0.1311550163315739,0.0636271337498735,,,68.80894924877691,68.80894924877691,False,84.79494712458607,84.79494712458607,80.79844765563378,174.0,True,True,True,True,True,True,True,True,True,True,True,True,True,True,True,False,False,14,False,0.5781134729267969,1.590823629307045,1.0,6989442695.5,0.027777777777777776,3.0,3.0,,,,,,-0.05471734288911681,-0.12966216281578108,0.27773491831249003,-1.4728173544603287,0.34369369369369374,-1.4728173544603287,0.40729409946640055,-174.0,0.7387387387387387,0.9369369369369369,0.2702702702702703,0.6684684684684685,0.7045045045045045,禾伸堂
51.29999923706055,54.29999923706055,50.400001525878906,50.900001525878906,25688038.0,0.00992063462028403,49.81999969482421,0.02620973975303853,49.73750019073486,0.48830410498225096,46.3766668955485,0.6158730643136161,39.02875011761983,0.0007041868551953323,56.363638885748514,6659808.65,3.8571735841089065,0.023372733464409157,3033.TW,2026-07-13,0.039725386689456244,0.24705882352941178,bull,0.32037037037037036,0.08804448563484708,2026-03-31,2026-05-15,30857485000.0,1907524000.0,1051881000.0,944487000.0,216610000.0,727877000.0,1.52,48803503000.0,35487063000.0,49530195000.0,38880637000.0,10649558000.0,3953046000.0,18510130000.0,,2295039000.0,0.2293414308508216,810641106.3752068,14043132000.0,0.0577250934033239,0.0683480948223391,0.0146956215294528,3.6509155591246136,0.0618172219803396,0.0340883581406585,0.0235883449347864,0.1955622737046416,,,45.16256538370855,45.16256538370855,False,69.98399218755016,69.98399218755016,63.77863548658976,430.0,True,False,True,True,True,True,True,True,False,True,True,True,False,True,False,False,False,11,False,0.09753470728109992,0.30416683528124855,1.0,338984270.44706154,0.25833333333333336,1.0,3.0,,,,,,0.09853246972116589,0.11171174095556809,0.3537923266453501,0.4736438237868793,0.9905405405405405,0.4736438237868793,0.9628908681919504,-430.0,0.4864864864864865,0.3153153153153153,1.0,0.5635135135135135,0.5378378378378379,威健
91.0,95.5,90.4000015258789,92.3000030517578,15928226.0,0.050056899311696545,88.6,0.11204822953925064,92.96499977111816,1.1923992018311997,71.77083326975504,1.2678133002838714,60.08208332061768,0.012690633523191412,48.2071765825706,15350882.55,1.0376097887609725,-0.007153194438741406,3149.TW,2026-07-13,0.039725386689456244,0.24705882352941178,bull,0.125,0.024096385542168676,2026-03-31,2026-05-15,590082000.0,-24432000.0,-93184000.0,-84552000.0,0.0,-84552000.0,-0.37,3053025000.0,1223931000.0,4981618000.0,2501468000.0,2480150000.0,728242000.0,568000000.0,1205163000.0,,-0.0,-93184000.0,3757687000.0,-0.0247982335942296,-0.0340914864020321,-0.0169727987974991,1.0085954478559764,-0.041404414979613,-0.1579170352595063,-0.1432885598950654,0.2536877731437907,,,23.16823820563286,23.16823820563286,False,70.96100526778721,70.96100526778721,59.012813502248626,804.0,True,False,True,True,False,True,True,False,True,True,True,True,True,True,False,False,False,11,False,0.2860377795091582,0.5362317341629907,1.0,1416886506.2121756,0.11481481481481481,1.0,3.0,,,,,,-0.12149046175215705,-0.22990106804097252,0.13252729366900937,-1.9435320824061497,0.03738738738738739,-1.9435320824061497,0.03475544298928661,-804.0,0.2072072072072072,0.17117117117117117,0.02702702702702703,0.18018018018018017,0.16036036036036036,正達
60.70000076293945,61.5,60.09999847412109,60.400001525878906,454086.0,-0.025806427001953125,60.04000015258789,0.06902657567927273,60.320000076293944,0.19910681355698578,57.0272829691569,0.3711413992615138,51.40689894358317,0.01216545010608023,50.29586466632131,808545.4,0.5616085379992267,0.001326283976853082,3356.TW,2026-07-13,0.039725386689456244,0.24705882352941178,bull,0.19166666666666668,0.20759962928637626,2026-03-31,2026-05-15,281264000.0,139594000.0,10233000.0,198018000.0,20957000.0,176986000.0,2.21,2893011000.0,391712000.0,3096581000.0,420305000.0,2676276000.0,809972000.0,50000000.0,,,0.1058338130876991,9150002.590673575,2704869000.0,0.0033827895512402,0.0661314453367291,0.0571552948235489,0.157048450907156,0.4963095170373741,0.0363821889754821,0.6292522327777462,0.0806540849572754,,,63.62657398368869,63.62657398368869,False,64.17053293257835,64.17053293257835,64.03454319535594,229.0,True,False,True,True,True,True,True,True,True,False,True,True,False,True,True,False,False,11,False,0.05914219266848342,0.1749396047438161,1.0,48836143.393742375,0.48703703703703705,1.0,3.0,,,,,,0.04223435446510612,0.03182987289090284,0.1652919242693386,-1.5397920242018308,0.5256756756756757,-1.5397920242018308,0.5404722410461029,-229.0,0.6666666666666666,0.32432432432432434,0.5315315315315315,0.6463963963963963,0.5369369369369369,奇偶
180.0,187.0,180.0,185.0,472575.0,-0.010695187165775444,183.4,0.06321839080459779,175.8390800476074,0.16352201257861632,171.85469334920248,0.2542372881355932,160.26484667460124,0.013399488959985687,66.3720042648412,466464.9,1.0130987347601073,0.05209831597112724,3416.TW,2026-07-13,0.039725386689456244,0.24705882352941178,bull,0.19814814814814816,0.2391102873030584,2026-03-31,2026-05-15,946676000.0,345733000.0,142827000.0,161912000.0,16386000.0,144945000.0,1.8,2786217000.0,1757760000.0,5068550000.0,1824098000.0,3244452000.0,394852000.0,,12996000.0,,0.101203122683927,128372461.59642276,3310790000.0,0.0387739668165068,0.044674724730093,0.0285969360073393,0.5622206770203412,0.3652073148574591,0.1508721040778471,0.1531094059636031,0.1820639382069682,,,79.62654194597235,79.62654194597235,False,71.55958719930591,71.55958719930591,73.57632588597252,88.0,True,False,True,True,True,True,True,True,True,False,True,True,True,True,True,False,False,12,False,0.07649082137132401,0.15433923183179754,1.0,86296006.5,0.4083333333333333,2.0,2.0,,,,,,0.008645431398861059,-0.018818351054439904,0.2529008921375687,-1.2370006995745295,0.5297297297297298,-1.2370006995745295,0.525519403315135,-88.0,0.8918918918918919,0.7477477477477478,0.4864864864864865,0.8310810810810811,0.7675675675675676,融程電
91.1999969482422,91.8000030517578,88.5,89.69999694824219,9819107.0,0.02280501789732492,89.55999908447265,0.2237379701731279,82.33499908447266,0.40085339265999376,79.68542073567708,0.4729063169255421,71.06118714014688,0.05666067517997894,64.81994412999308,8624372.65,1.1385300007879413,0.0894516055828618,3605.TW,2026-07-13,0.039725386689456244,0.24705882352941178,bull,0.05462962962962963,0.1102873030583874,2026-03-31,2026-05-15,2821542000.0,693877000.0,147463000.0,143021000.0,35356000.0,107659000.0,0.67,7733924000.0,4283420000.0,15202980000.0,7237415000.0,7965565000.0,2596697000.0,794000000.0,2115835000.0,130740000.0,0.2472084519056642,111008900.05663504,10919560000.0,0.010166059809794,0.0135155509998349,0.007081440612301,0.9085877775148404,0.2459212019526911,0.0522632659730034,0.0381560862818983,0.0947751117457165,,,35.95481269053683,35.95481269053683,False,84.96826330646378,84.96826330646378,72.71490065248204,591.0,True,True,True,True,True,True,True,True,True,True,True,True,True,True,False,False,False,14,False,0.1256763924957396,0.26229240684279365,1.0,773606200.3855034,0.1675925925925926,1.0,3.0,,,,,,0.024357025718634205,-0.024864467894344912,0.27418325633703744,-1.5983083771128872,0.5166666666666666,-1.5983083771128872,0.5393595541191256,-591.0,0.34234234234234234,0.6936936936936937,0.5225225225225225,0.3693693693693693,0.4837837837837838,宏致
240.0,242.0,225.0,230.5,1561264.0,0.04772727272727262,233.8,0.062211981566820285,219.7,0.21635883905013187,206.78333333333333,0.19430051813471505,195.54583333333332,0.025198320111992425,60.0,664123.6,2.350863604304982,0.04915794264906692,3617.TW,2026-07-13,0.039725386689456244,0.24705882352941178,bull,0.2,0.1974050046339203,2026-03-31,2026-05-15,2931932000.0,1579254000.0,476843000.0,521769000.0,118652000.0,388950000.0,4.13,10475363000.0,3752308000.0,14792411000.0,5524979000.0,9267432000.0,4373481000.0,0.0,,1434491000.0,0.2274033144935785,368407321.3069385,11040103000.0,0.033369917047598,0.0419695553201793,0.026293888129528,0.5961715176329322,0.5386393681708853,0.1626378101538507,0.1326599661929403,0.0219561852265348,,,74.61371274804436,74.61371274804436,False,77.05025899379646,77.05025899379646,76.44112243235844,123.0,True,True,True,True,True,True,True,True,True,False,True,True,True,True,True,False,False,13,False,0.11469331828806317,0.1787517845347426,1.0,153080489.79999998,0.3388888888888889,2.0,3.0,,,,,,0.016706009992556704,0.004964367529370268,0.21176358803780704,-1.3940656821019628,0.4851351351351352,-1.3940656821019628,0.5492478403226931,-123.0,0.8288288288288288,0.8648648648648649,0.5495495495495496,0.7869369369369369,0.7837837837837838,碩天
65.80000305175781,67.69999694824219,64.5,67.5999984741211,5451057.0,0.032061045406428956,64.11999969482422,0.12666664123535165,62.26999988555908,0.10277323516264758,62.97166659037271,0.1635111919018637,60.829999860127764,0.012767339138408947,61.39240078466877,2429546.45,2.243652102226734,0.08559496705247449,3694.TW,2026-07-13,0.039725386689456244,0.24705882352941178,bull,0.10833333333333334,0.31417979610750696,2026-03-31,2026-05-15,3021746000.0,445833000.0,144307000.0,168559000.0,13093000.0,155466000.0,1.02,6663374000.0,3898474000.0,7837919000.0,3935715000.0,3902204000.0,2023930000.0,150000000.0,,,0.0776760659472351,133097799.95135234,3939445000.0,0.0337859266854474,0.0398405618978403,0.0198351118453763,1.0085877109448915,0.1475415206969745,0.0477561648133231,0.0514490628927778,0.2655822733225752,,,56.36250297107991,56.36250297107991,False,70.59241814649766,70.59241814649766,67.03493935264322,296.0,True,False,True,True,True,False,True,True,True,False,True,True,True,True,False,False,False,11,False,0.07349864048946686,0.1112937469926063,1.0,164237336.31280634,0.3333333333333333,1.0,3.0,,,,,,0.03793653074648385,0.027944805827210047,0.2605172653084041,-0.6182991790131831,0.7504504504504504,-0.6182991790131831,0.725264356347242,-296.0,0.5765765765765766,0.44144144144144143,0.7567567567567568,0.6036036036036037,0.572072072072072,海華
113.0,117.0,113.0,117.0,11314257.0,0.06363636363636371,108.9,0.11428571428571432,108.5,0.19144606553976407,109.39166666666667,0.8425196850393701,92.53166646957398,0.0016155088852988428,65.0,11635551.55,0.9723868225223925,0.07834101382488479,3702.TW,2026-07-13,0.039725386689456244,0.24705882352941178,bull,0.12129629629629629,0.21316033364226136,2026-03-31,2026-05-15,316500457000.0,14203178000.0,8470625000.0,7205961000.0,1455173000.0,5548632000.0,3.3,434755950000.0,351739547000.0,479508376000.0,386867313000.0,92641063000.0,25004254000.0,131686606000.0,25757252000.0,5309644000.0,0.2019401714774754,6760065534.97861,127768829000.0,0.0529085661024459,0.0598938723317542,0.011571501724925,4.17598093622911,0.0448756950768004,0.0267633894759273,0.0175311974352062,0.2719338016357759,,,44.311414548255854,44.311414548255854,False,68.11607614435053,68.11607614435053,62.164910745326864,442.0,True,False,True,True,True,False,True,True,True,False,True,True,True,True,False,False,False,11,False,0.0695513064675859,0.26443199894677827,1.0,1361359531.3500001,0.11851851851851852,2.0,3.0,,,,,,0.0845727305275114,0.06401034719126192,0.32770172972691664,0.3097060615108087,0.9436936936936937,0.3097060615108087,0.9596127133169385,-442.0,0.4594594594594595,0.26126126126126126,0.990990990990991,0.5391891891891891,0.5063063063063064,大聯大
48.0,49.84999847412109,47.95000076293945,49.84999847412109,16824058.0,0.11148272397121817,46.149998474121084,0.09801755063170203,46.46992702484131,0.34729725605732664,42.43164234161377,0.512898249464987,38.33415454228719,-0.0012895016801459814,51.31399406608701,4974383.45,3.382139348344768,0.07273674967195243,3704.TW,2026-07-13,0.039725386689456244,0.24705882352941178,bull,0.14166666666666666,0.12696941612604262,2026-03-31,2026-05-15,6310208000.0,1515158000.0,115260000.0,112471000.0,-4740000.0,117068000.0,0.29,18987830000.0,11005308000.0,23813014000.0,11738856000.0,12074158000.0,2873308000.0,1672011000.0,,0.0,0.0,115260000.0,12807706000.0,0.0089992696584384,0.0096957485565453,0.0049161353535507,0.9722297819856258,0.240112211832003,0.0182656419566518,0.0185521618304816,-0.1030157436159499,,,23.73423412536793,23.73423412536793,False,63.63716040284497,63.63716040284497,53.6614288334757,793.0,True,False,True,True,True,True,False,True,True,True,False,True,False,True,False,False,False,10,False,0.17483075655622105,0.3004068843915819,1.0,247973007.3921932,0.28703703703703703,1.0,3.0,,,,,,0.03581833764596904,0.007288417796830299,0.31788544817600717,-1.3037032443967325,0.7171171171171171,-1.3037032443967325,0.7511056839424416,-793.0,0.21621621621621623,0.04504504504504504,0.8198198198198198,0.30675675675675673,0.28558558558558556,合勤控
682.0,690.0,657.0,670.0,27762583.0,-0.013254786450662692,660.0,0.13559322033898313,649.7831939697265,0.48723640399556056,575.2027313232422,1.449725776965265,457.0763656616211,0.04151418126075817,52.42825532260961,26007986.8,1.0674637454060842,0.031113156231023398,3711.TW,2026-07-13,0.039725386689456244,0.24705882352941178,bull,0.10092592592592593,0.08897126969416126,2026-03-31,2026-05-15,173662152000.0,34849839000.0,17531793000.0,18200253000.0,3635258000.0,14147537000.0,3.24,337698528000.0,294501914000.0,957527444000.0,576383490000.0,381143954000.0,87811246000.0,40365151000.0,199142046000.0,1999351000.0,0.1997366739901912,14030050977.095484,663025530000.0,0.0211606496918685,0.0371186184419968,0.0147750720761586,1.5122461840231631,0.2006760747730455,0.1009534478186127,0.0814658625213857,0.1721790641369744,,,49.34794674627236,49.34794674627236,False,73.37874062484819,73.37874062484819,67.37104215520424,378.0,True,False,True,True,True,True,True,True,True,True,True,True,True,True,False,False,False,13,False,0.16480670816475196,0.46583820633598183,1.0,17425351156.0,0.012037037037037037,3.0,3.0,,,,,,-0.04114103843535996,-0.12416448118668932,0.20269987929523964,-1.2061357668738375,0.309009009009009,-1.2061357668738375,0.30313611963350506,-378.0,0.5225225225225225,0.4864864864864865,0.1981981981981982,0.4738738738738738,0.44684684684684683,日月光投控
15.699999809265137,15.699999809265137,15.399999618530272,15.649999618530272,513534.0,-0.0031847255632040383,15.620000076293945,0.03986707110906096,15.237500047683715,0.1901140739561038,14.48666664759318,0.08304497059548144,14.22916664282481,0.007105091108705216,65.21739851550116,354655.4,1.447980208393838,0.027071341726378595,4155.TW,2026-07-13,0.039725386689456244,0.24705882352941178,bull,0.2574074074074074,0.21501390176088972,2026-03-31,2026-05-15,383779000.0,122643000.0,60100000.0,74753000.0,11183000.0,55352000.0,0.39,1271738000.0,511347000.0,3888106000.0,1297683000.0,2590423000.0,305794000.0,215000000.0,678514000.0,,0.1495993471833906,51109079.234278224,3376759000.0,0.0151355424637287,0.0213679387497717,0.0142362373865321,0.5009540912816169,0.3195667298106462,0.1566005435419864,0.1442288400355413,-0.0693423930703681,,,50.12101486575806,50.12101486575806,False,73.20554543034555,73.20554543034555,67.43441278919867,363.0,True,False,True,True,True,True,True,True,True,False,True,True,True,True,False,False,False,12,False,0.08030370265545983,0.09985356214953955,1.0,5550356.874709701,0.7564814814814815,0.0,3.0,,,,,,0.08854148198779074,0.10476356536841074,0.21118521197677856,-1.074535818695375,0.777927927927928,-1.074535818695375,0.8034742022528617,-363.0,0.5405405405405406,0.4954954954954955,0.8918918918918919,0.5932432432432433,0.5972972972972973,訊映
270.0,270.0,243.0,243.0,590739.0,-0.004098360655737654,266.0,0.5830618892508144,209.875,0.4507462686567165,174.86666666666667,0.4294117647058824,179.95,0.15921016293841472,67.67371601208458,538119.9,1.0977832263776157,0.15783204288266828,4169.TW,2026-07-13,0.039725386689456244,0.24705882352941178,bull,0.012962962962962963,0.09823911028730306,2026-03-31,2026-05-15,172891000.0,77192000.0,-27821000.0,-26215000.0,125000.0,-26340000.0,-0.45,929474000.0,143172000.0,1270178000.0,160178000.0,1110000000.0,292567000.0,,8642000.0,,0.0,-27821000.0,1127006000.0,-0.0246857603242573,-0.0237297297297297,-0.0207372509994662,0.1443045045045045,0.4464778386382171,-0.1609164155450544,-0.1523503247710985,,,,33.16561136372463,33.16561136372463,False,85.5547535603147,85.5547535603147,72.45746801116718,627.0,True,True,True,True,True,True,True,True,True,True,True,False,True,False,False,False,False,12,False,0.38963019443385427,0.35037510419561,1.0,130763135.7,0.35648148148148145,2.0,3.0,,,,,,-0.08800690040952562,-0.1635737953077895,0.13747701389297448,-1.7583073066011488,0.07657657657657657,-1.7583073066011488,0.21276074579221413,-627.0,0.2882882882882883,0.6846846846846847,0.13513513513513514,0.2653153153153153,0.37657657657657656,泰宗
172.0,174.5,170.0,171.5,394772.0,-0.020000000000000018,172.2,0.03625377643504524,167.95,0.09935897435897445,160.46666666666667,0.04892966360856277,159.75,0.013578756789378395,68.42105263157895,246772.35,1.5997416242135718,0.021137243227151048,4536.TW,2026-07-13,0.039725386689456244,0.24705882352941178,bull,0.275,0.31881371640407785,2026-03-31,2026-05-15,2316961000.0,794900000.0,396418000.0,448947000.0,83458000.0,327949000.0,3.61,9168173000.0,3277337000.0,14414904000.0,4782570000.0,9632334000.0,5697733000.0,352903000.0,784549000.0,,0.1858972217210494,322724995.159785,11137567000.0,0.0289762562290116,0.0340466806902667,0.022750689147843,0.4965120603168453,0.3430787138842647,0.1710939459058655,0.1415427363688901,-0.0352736858453488,,,64.73287402560862,64.73287402560862,False,67.2933268588527,67.2933268588527,66.65321365054167,212.0,True,False,True,True,True,True,True,True,False,False,True,True,True,True,True,False,False,11,False,0.06875778977980884,0.07355242566510167,1.0,42321458.025,0.5083333333333333,2.0,3.0,,,,,,0.051520145196691854,0.05673257312155655,0.20001623655287576,-1.417755278982756,0.6306306306306306,-1.417755278982756,0.7448157087894536,-212.0,0.7027027027027027,0.42342342342342343,0.8108108108108109,0.7189189189189189,0.6405405405405405,拓凱
47.75,49.29999923706055,47.75,48.5,214951.0,-0.0376984418324533,48.80999984741211,0.06945979342593489,48.08000011444092,0.22016079770247865,46.42186628977458,0.2278154929187095,41.815332953135176,0.0052268450638060255,51.43770232828192,363856.55,0.5907575389257113,0.00873543853076919,4555.TW,2026-07-13,0.039725386689456244,0.24705882352941178,bull,0.19074074074074074,0.19555143651529194,2026-03-31,2026-05-15,405963000.0,122327000.0,8347000.0,7598000.0,2102000.0,2539000.0,0.04,2312473000.0,609744000.0,4541917000.0,1553753000.0,2988164000.0,713323000.0,196290000.0,456098000.0,477337000.0,0.2766517504606475,6037787.838904974,3932173000.0,0.0015354837742146,0.0008496856263578,0.0005590150590598,0.5199691181608506,0.3013254902540379,0.0205609870850299,0.0062542645512029,0.0714902197810898,,,28.47471124333176,28.47471124333176,False,65.11694507579291,65.11694507579291,55.95638661767763,708.0,True,False,True,True,True,True,True,True,True,False,True,True,False,True,False,False,False,11,False,0.04476626806111783,0.1598616243079234,1.0,17647042.675,0.6166666666666667,1.0,3.0,,,,,,0.040505985576386495,0.030053665786552285,0.2108072140726158,-1.345679096996369,0.6103603603603605,-1.345679096996369,0.5908135016436536,-708.0,0.25225225225225223,0.06306306306306306,0.6126126126126126,0.3063063063063063,0.26756756756756755,氣立
58.400001525878906,58.400001525878906,54.79999923706055,55.5,1077801.0,-0.06250001208202238,56.9,0.031598527640282814,57.21974182128906,0.3151658530001915,52.45158055623372,0.5061058968286358,46.78037357330322,0.033131869519801696,46.75324653878127,2033751.7,0.5299570247439744,-0.03005504335654341,4952.TW,2026-07-13,0.039725386689456244,0.24705882352941178,bull,0.29074074074074074,0.1464318813716404,2026-03-31,2026-05-15,586800000.0,217186000.0,50714000.0,57361000.0,2716000.0,54645000.0,0.5,1968997000.0,498939000.0,2855009000.0,669784000.0,2185225000.0,875328000.0,135979000.0,,,0.0473492442600373,48312730.42659647,2356070000.0,0.0205056430524545,0.0250065782699722,0.0191400447424158,0.3065057373954627,0.3701192910702113,0.0864246762099522,0.0931237218813905,0.1151907683185478,,,59.13696523613547,59.13696523613547,False,62.616980743486764,62.616980743486764,61.74697686664894,275.0,True,False,True,True,False,True,True,False,False,True,True,True,False,True,False,False,False,9,False,0.05811873372429721,0.18639497209301736,1.0,112873219.35,0.37777777777777777,1.0,3.0,,,,,,0.01964689916130396,0.0028210247810969372,0.26366847625497625,-1.3006471607916934,0.5824324324324325,-1.3006471607916934,0.6835670247845872,-275.0,0.6036036036036037,0.24324324324324326,0.7117117117117117,0.6198198198198198,0.5171171171171172,凌通
616.0,646.0,614.0,646.0,72226301.0,0.11571675302245255,587.0,0.17028985507246386,600.2,1.5357337687306911,493.1474095662435,3.548361773493684,343.6476567586263,0.025194294986762317,59.4855305466238,36420802.4,1.983105704447632,0.07630789736754418,4958.TW,2026-07-13,0.039725386689456244,0.24705882352941178,bull,0.07592592592592592,0.008341056533827619,2026-03-31,2026-05-15,40728186000.0,8811686000.0,2503378000.0,2400190000.0,352753000.0,1425634000.0,1.33,132303699000.0,83301038000.0,298402969000.0,123677759000.0,174725210000.0,82443029000.0,32052909000.0,19106770000.0,11406206000.0,0.1469687816381203,2135459585.3603256,215101931000.0,0.0099276634822972,0.0081592919533477,0.0047775462984753,0.7078415244142502,0.2163535100728522,0.061465492226931,0.035003621325045,0.0161248203146593,,,31.59280514295768,31.59280514295768,False,88.9973958820236,88.9973958820236,74.64624819725711,654.0,True,True,True,True,True,True,True,True,True,True,False,True,True,True,False,False,False,13,False,0.3099531447771382,0.8798324018654435,1.0,23527838350.399998,0.008333333333333333,3.0,3.0,,,,,,-0.13726161376939489,-0.24425448333964522,0.12149811889049053,-1.7252625052476502,0.04864864864864865,-1.7252625052476502,0.055137736848699506,-654.0,0.27927927927927926,0.8018018018018018,0.036036036036036036,0.24279279279279276,0.38738738738738737,臻鼎-KY
1475.0,1510.0,1460.0,1510.0,995292.0,-0.006578947368421018,1499.0,0.09818181818181815,1461.0,0.1705426356589148,1424.9166666666667,0.1843137254901961,1331.5833333333333,0.021856968001398847,61.038961038961034,968974.55,1.0271601044630119,0.033538672142368275,5269.TW,2026-07-13,0.039725386689456244,0.24705882352941178,bull,0.14074074074074075,0.22798887859128822,2026-03-31,2026-05-15,3497963000.0,1778068000.0,807599000.0,1936464000.0,82474000.0,1853990000.0,24.85,10669746000.0,3568387000.0,41500017000.0,4404988000.0,37095029000.0,5726443000.0,,,,0.0425899990911269,773203359.324005,37931630000.0,0.020384132169485,0.0499794729908419,0.0446744395309524,0.1187487412396954,0.508315268057438,0.2308769418087041,0.5300199001533178,0.3940900795771613,,,87.63352452318074,87.63352452318074,False,78.0559893187613,78.0559893187613,80.45037311986616,47.0,True,True,True,True,True,True,True,True,True,False,True,True,True,True,True,False,False,13,False,0.05971109421603593,0.1339883597221354,1.0,1463151570.5,0.11296296296296296,3.0,2.0,,,,,,0.02295133426478789,-0.016951133188265327,0.287451000474628,-1.153193880111619,0.6369369369369369,-1.153193880111619,0.6552184361684188,-47.0,0.9459459459459459,0.9279279279279279,0.7027027027027027,0.9094594594594595,0.8918918918918919,祥碩
536.0,559.0,527.0,559.0,3033331.0,0.07088122605363978,520.4,0.1995708154506437,509.525,0.33892215568862283,458.65,0.8540630182421227,396.4791666666667,0.03451601441551191,67.00251889168766,1721850.1,1.7616696134001444,0.09710024041999898,5434.TW,2026-07-13,0.039725386689456244,0.24705882352941178,bull,0.06296296296296296,0.13160333642261354,2026-03-31,2026-05-15,18536692000.0,2517460000.0,1430469000.0,1720554000.0,385901000.0,1322921000.0,6.86,26594173000.0,20377745000.0,43809103000.0,24343457000.0,19465646000.0,6619207000.0,553886000.0,2499050000.0,0.0,0.2242888046524549,1109630817.8976076,23431358000.0,0.0473566584530699,0.0679618338893042,0.0301973998417634,1.25058562145844,0.1358095608428947,0.07716959422965,0.0713676960268854,0.1762262681445767,,,65.82773904429318,65.82773904429318,False,84.8960021886693,84.8960021886693,80.12893640257528,202.0,True,True,True,True,True,True,True,True,True,True,True,True,True,True,True,False,False,14,False,0.21879428758312436,0.4099101466029109,1.0,962514205.9000001,0.15,3.0,3.0,,,,,,0.023072966336360974,-0.0003371453070961468,0.21800531241626647,-1.4793536763173374,0.48558558558558557,-1.4793536763173374,0.6070848030677628,-202.0,0.7117117117117117,0.918918918918919,0.6486486486486487,0.7022522522522522,0.7612612612612613,崇越
68.0,69.0999984741211,64.69999694824219,65.0,10549324.0,0.01880878961268695,64.83999938964844,0.19926197573866644,62.07999973297119,0.5625000573121608,53.10833320617676,0.9287833391232965,46.080833212534586,0.06169566364480243,54.88721545726893,7231792.9,1.4587425477850726,0.047036086977912506,5471.TW,2026-07-13,0.039725386689456244,0.24705882352941178,bull,0.06388888888888888,0.06580166821130677,2026-03-31,2026-05-15,762695000.0,324634000.0,69170000.0,100354000.0,20035000.0,80319000.0,0.48,2907264000.0,471709000.0,4129482000.0,577986000.0,3551496000.0,1448788000.0,,,,0.1996432628495127,55360675.5086992,3657773000.0,0.0151350768647204,0.0226155400428439,0.019450139266862,0.1627443758911737,0.4256406558322789,0.0906915608467342,0.1053094618425451,0.2391711942393677,,,64.00671286733612,64.00671286733612,False,82.38883728249557,82.38883728249557,77.7933061787057,223.0,True,True,True,True,True,True,True,True,True,True,True,True,True,True,True,False,False,14,False,0.22391338752164391,0.4105647721300134,1.0,470066538.5,0.2222222222222222,1.0,3.0,,,,,,0.025994595369527154,-0.056940815140971233,0.23508014586191353,-1.5286070570650556,0.46846846846846846,-1.5286070570650556,0.47378323928987626,-223.0,0.6756756756756757,0.9009009009009009,0.42342342342342343,0.6378378378378379,0.6927927927927928,松翰
43.20000076293945,44.400001525878906,43.150001525878906,44.150001525878906,25912761.0,0.05875301482288875,42.94000015258789,0.03882356531479769,42.40750007629394,0.11069186228626182,40.79166653951009,0.08743850209798976,40.16583325068156,0.006347886158933179,71.96262881728029,12432886.9,2.0842111094889795,0.04108946404409797,5876.TW,2026-07-13,0.039725386689456244,0.24705882352941178,bull,0.2611111111111111,0.3049119555143652,2026-03-31,2026-05-15,,,,,1276742000.0,5109024000.0,,,,2488960189000.0,2207968500000.0,280991689000.0,30954201000.0,,,,,,2488960189000.0,,0.0181821178348089,0.0020526740534378,7.857771551385635,,,,,,,9.85663137943466,9.85663137943466,False,63.93289720340754,63.93289720340754,50.41383074741432,1041.0,True,False,True,True,True,True,True,True,False,False,True,True,True,True,False,False,False,11,False,0.08232894782849809,0.0991929695652396,1.0,548911975.6060799,0.20555555555555555,1.0,3.0,,,,,,0.012562043350121701,-0.05492860345286911,0.21773970691245786,-1.1856660042102902,0.46216216216216216,-1.1856660042102902,0.38850212494252234,-1041.0,0.05405405405405406,0.02702702702702703,0.26126126126126126,0.08513513513513513,0.08738738738738738,上海商銀
65.0,65.4000015258789,63.70000076293945,63.79999923706055,477153.0,0.020799987792968766,63.9,0.037398361578220296,62.23500003814697,0.1292035263196556,59.03666661580404,0.2245681594165696,56.289166673024496,0.012115792433828853,61.5384577764323,403682.3,1.1820012916097635,0.025146608788532365,6024.TW,2026-07-13,0.039725386689456244,0.24705882352941178,bull,0.26944444444444443,0.2808155699721965,2026-03-31,2026-05-15,,,-200365000.0,528439000.0,90392000.0,441039000.0,1.76,83604913000.0,73607565000.0,84532833000.0,73635548000.0,10897285000.0,7933176000.0,,,,0.1710547480409281,-166091615.40877944,10925268000.0,-0.0152025209275213,0.040472374540998,0.0052173692084825,6.757237972577573,,,,,,,16.995424717797373,16.995424717797373,False,72.9102191615627,72.9102191615627,58.931520550621364,918.0,True,False,True,True,True,True,True,True,False,False,True,True,True,True,False,False,False,11,False,0.0806843084867086,0.13343300332842678,1.0,25754930.432014845,0.5685185185185185,1.0,3.0,,,,,,0.03178202648783874,0.005628292405276003,0.26866869201158006,-0.7942230152214543,0.7045045045045045,-0.7942230152214543,0.737505502810911,-918.0,0.12612612612612611,0.15315315315315314,0.7927927927927928,0.2261261261261261,0.2675675675675676,群益期
894.0,900.0,869.0,883.0,2801247.0,-0.05257510729613735,876.4,0.09689440993788812,874.45,0.31988041853512716,782.45,0.4966101694915255,674.7333333333333,0.037430300154229525,63.45029239766082,5071798.25,0.5523183024876828,0.00977757447538452,6139.TW,2026-07-13,0.039725386689456244,0.24705882352941178,bull,0.14351851851851852,0.1417979610750695,2026-03-31,2026-05-15,20346268000.0,3810888000.0,3500691000.0,3755759000.0,771489000.0,2227075000.0,9.45,80079673000.0,54933867000.0,86440236000.0,56432727000.0,30007509000.0,42080764000.0,1694774000.0,301468000.0,0.0,0.2054149374334189,2781596777.261268,31506369000.0,0.0882868088436743,0.0742172567539678,0.0257643327119097,1.8806201807687533,0.1873015729469404,0.1720556811696376,0.1094586486327615,0.6849960227627989,,,75.64712525562624,75.64712525562624,False,75.2417461820044,75.2417461820044,75.34309095040986,113.0,True,True,True,True,True,True,True,True,True,True,True,True,False,True,True,False,False,13,False,0.12850661384113993,0.3086651516648553,1.0,4478397854.75,0.037037037037037035,3.0,3.0,,,,,,0.033803092017455905,0.038065528769778506,0.400741657180576,-0.6953936734121641,0.8288288288288288,-0.6953936734121641,0.8842024842420498,-113.0,0.8468468468468469,0.8288288288288288,0.954954954954955,0.863063063063063,0.8630630630630631,亞翔
39.20000076293945,40.5,37.0,38.04999923706055,1802184.0,0.014666646321614518,37.32999954223633,0.18720749275594328,37.429999351501465,0.33978872352638656,35.47416645685832,2.2382978074094084,26.10833320617676,0.027308906219717984,56.51162728804252,1396561.8,1.2904434304303611,0.01656425050229693,6141.TW,2026-07-13,0.039725386689456244,0.24705882352941178,bull,0.06851851851851852,0.13067655236329936,2026-03-31,2026-05-15,492434000.0,34293000.0,-63612000.0,-77804000.0,15064000.0,-65599000.0,-0.58,1350221000.0,3615846000.0,5252579000.0,4716598000.0,535981000.0,92109000.0,1308939000.0,1003547000.0,,0.0,-63612000.0,1636733000.0,-0.0388652272545369,-0.1223905325002192,-0.0124889125894156,8.799935072325326,0.0696397892915598,-0.129178732581422,-0.1332137910867243,0.0266912966607733,,,4.52468916645619,4.52468916645619,False,78.49116597307585,78.49116597307585,59.99954677142094,1070.0,True,True,True,True,True,True,True,True,True,True,True,True,True,True,False,False,False,14,False,0.07261150965547869,0.45738906182102057,1.0,53139175.42450791,0.475,1.0,3.0,,,,,,-0.022199351382587898,-0.05937469121765094,0.32194156093025345,0.0073109867978693125,0.5882882882882883,0.0073109867978693125,0.5373949489154276,-1070.0,0.018018018018018018,0.2072072072072072,0.5045045045045045,0.09099099099099098,0.17207207207207206,柏承
15.050000190734863,15.399999618530272,14.149999618530272,14.350000381469728,2127550.0,-0.08598722574497897,14.839999961853028,0.1210937630967237,14.152500009536743,0.11240316324169464,12.999166679382324,0.1762295578539108,12.656666692097982,0.04234947520501736,54.21052858770129,2595986.1,0.8195536948368097,0.01395515787316004,6164.TW,2026-07-13,0.039725386689456244,0.24705882352941178,bull,0.11481481481481481,0.3030583873957368,2026-03-31,2026-05-15,183889000.0,55679000.0,-4775000.0,5477000.0,1454000.0,4004000.0,0.05,873770000.0,489194000.0,1500360000.0,554408000.0,945952000.0,452028000.0,188000000.0,23203000.0,,0.2654737995252875,-3507362.607266752,1011166000.0,-0.0034686318638747,0.0042327729102533,0.00266869284705,0.5860847062007375,0.3027859197668158,-0.025966751681721,0.0217740049703897,-0.1186470734840206,,,23.075673331588646,23.075673331588646,False,67.59816856864913,67.59816856864913,56.46754475938401,808.0,True,False,True,True,True,True,True,True,True,False,True,True,True,True,False,False,False,12,False,0.10391694601700352,0.13378986194121367,1.0,37252401.52529012,0.5194444444444445,0.0,3.0,,,,,,0.05845106783533465,0.04924513083368002,0.3188374840567503,-1.3854843046062892,0.7945945945945946,-1.3854843046062892,0.8039584752214812,-808.0,0.1981981981981982,0.08108108108108109,0.9009009009009009,0.3036036036036036,0.3036036036036036,華興
51.0,52.20000076293945,50.59999847412109,50.79999923706055,773335.0,-0.02307693774883568,50.65999908447266,0.03462323453707383,48.86749954223633,0.13140306259858536,49.27999979654948,0.05723205085670324,46.89624999364217,0.00877328402968174,69.39890778727906,524774.7,1.473651454614714,0.03954570446466055,6165.TW,2026-07-13,0.039725386689456244,0.24705882352941178,bull,0.28055555555555556,0.27803521779425394,2026-03-31,2026-05-15,846893000.0,253272000.0,99050000.0,102509000.0,21506000.0,80227000.0,1.09,1574926000.0,1494405000.0,3353487000.0,2068820000.0,1284667000.0,826678000.0,320000000.0,500000000.0,0.0,0.2097962130154425,78269685.10082042,1859082000.0,0.0421012548670905,0.062449646484264,0.0239234563903184,1.6103939775832958,0.2990602118567517,0.1169569237199976,0.0947309754597097,0.0646836157552854,,,65.88343003781296,65.88343003781296,False,57.542903952011244,57.542903952011244,59.62803547346167,201.0,True,False,True,True,True,False,True,True,False,False,True,True,True,True,True,False,False,10,False,0.03084414461822882,0.08324224738540109,1.0,26658554.359628674,0.562037037037037,1.0,3.0,,,,,,0.07648913395506701,0.08859888276454346,0.251167996131104,-0.49244582719592495,0.8477477477477477,-0.49244582719592495,0.773530812284789,-201.0,0.7207207207207207,0.18018018018018017,0.8288288288288288,0.7369369369369368,0.5801801801801801,浪凡
72.5999984741211,72.5999984741211,68.30000305175781,70.19999694824219,15962963.0,0.01591893630117891,69.92000122070313,0.18181810008301147,67.90000038146972,0.31214947566807827,60.221666971842446,0.7908162138254553,55.200000222524004,0.06351319754845425,49.08135878520811,11094845.9,1.4387728449657873,0.03387329239839221,6202.TW,2026-07-13,0.039725386689456244,0.24705882352941178,bull,0.0712962962962963,0.14735866543095458,2026-03-31,2026-05-15,825585000.0,330355000.0,55209000.0,86457000.0,15086000.0,68431000.0,0.3,4419323000.0,1032349000.0,5479665000.0,1377619000.0,4102046000.0,932254000.0,400000000.0,,,0.1744913656499762,45575506.19383046,4447316000.0,0.0102478677462609,0.0166821629986596,0.0124881721784087,0.335837043270602,0.4001465627403598,0.0668725812605607,0.0828878916162478,0.0849555614839034,,,49.258241412318746,49.258241412318746,False,75.65635921658482,75.65635921658482,69.0568297655183,380.0,True,True,True,True,True,True,True,False,True,True,True,True,True,True,False,False,False,13,False,0.16569335387320416,0.27173907002263986,1.0,778858148.3212174,0.16666666666666666,1.0,3.0,,,,,,-0.026001814356060287,-0.07108507304026335,0.22351245234797712,-1.5935616257210652,0.30855855855855857,-1.5935616257210652,0.33859875536937,-380.0,0.5045045045045045,0.5225225225225225,0.21621621621621623,0.4612612612612612,0.4522522522522522,盛群
390.0,407.5,357.0,359.5,28723040.0,-0.09217171717171713,380.4,0.4237623762376237,337.79268951416014,0.4265873015873016,291.6058965047201,2.1814159292035398,215.9321149190267,0.1059118489673338,69.37474602110706,23670254.2,1.213465633165866,0.06426222698028483,6213.TW,2026-07-13,0.039725386689456244,0.24705882352941178,bull,0.024074074074074074,0.10379981464318813,2026-03-31,2026-05-15,9143071000.0,1044251000.0,424199000.0,483404000.0,168881000.0,314523000.0,0.87,27657471000.0,15422932000.0,39926715000.0,18831086000.0,21095629000.0,3563235000.0,3355253000.0,1984813000.0,,0.3493578869847994,276001733.69893503,24503783000.0,0.0112636376880637,0.0149093918934581,0.0078775075785723,0.8926534496790781,0.11421228162835,0.0463956804010381,0.0344001484840268,0.206199391931416,,,35.19697595463791,35.19697595463791,False,79.51157491298507,79.51157491298507,68.43292517339827,600.0,True,True,True,True,True,True,True,True,True,True,True,False,True,True,False,False,False,13,False,0.23282829431462115,0.6648750934283696,1.0,8509456384.9,0.023148148148148147,2.0,3.0,,,,,,-0.17451000505709713,-0.23664407978485916,0.13562612684931014,-2.2641412330720807,0.020270270270270268,-2.2641412330720807,0.033517968166113805,-600.0,0.32432432432432434,0.5045045045045045,0.009009009009009009,0.27702702702702703,0.3153153153153153,聯茂
248.0,249.0,231.0,234.5,7146678.0,-0.12744285128673316,242.0,0.05869074492099324,236.8698303222656,0.3027777777777778,216.92327677408855,1.0391304347826087,177.68663838704427,0.037220328044230575,48.91280199539055,11177304.7,0.639391892036369,-0.010004779076513981,6257.TW,2026-07-13,0.039725386689456244,0.24705882352941178,bull,0.20833333333333334,0.15106580166821132,2026-03-31,2026-05-15,5293776000.0,1675935000.0,1184017000.0,1379715000.0,258007000.0,1005655000.0,2.1,19127174000.0,10312177000.0,43878954000.0,19347117000.0,24531837000.0,11717635000.0,668430000.0,8022848000.0,,0.1870002138122728,962605567.8426342,33566777000.0,0.0286773307977299,0.0409938725746465,0.0229188462423238,0.7886534139290099,0.3165859303453716,0.2236620892157129,0.1899693149086776,0.1299871008670361,,,71.51600240927145,71.51600240927145,False,64.97335495829472,64.97335495829472,66.6090168210389,154.0,True,False,True,True,False,True,True,False,True,True,True,True,False,True,True,False,False,10,False,0.0810273728448998,0.31973907621124864,1.0,2621077952.1499996,0.06388888888888888,2.0,3.0,,,,,,-0.024702177138457366,-0.08788206467360252,0.23758293632277488,-1.4670811465747715,0.3626126126126126,-1.4670811465747715,0.36856760817231804,-154.0,0.7657657657657657,0.4144144144144144,0.23423423423423423,0.6860360360360359,0.554054054054054,矽格
1110.0,1115.0,1035.0,1055.0,1302707.0,-0.1821705426356589,1118.0,0.13440860215053774,1049.8,0.33207070707070696,863.2333333333333,0.06030150753768848,858.5166666666667,0.05762643562361468,60.849772382397575,1333847.65,0.9766535181135567,0.004953324442751095,6409.TW,2026-07-13,0.039725386689456244,0.24705882352941178,bull,0.10185185185185185,0.13623725671918444,2026-03-31,2026-05-15,4204594000.0,1097283000.0,761311000.0,497580000.0,106071000.0,391509000.0,4.46,12925624000.0,6848461000.0,17835228000.0,7506620000.0,10328608000.0,7086998000.0,,489300000.0,,0.2131737610032557,599019470.8368503,10986767000.0,0.0545219053827982,0.0379053014694719,0.0219514435139264,0.7267794459814914,0.2609724030429573,0.1810664715784687,0.0931145789581586,-0.1581824756109622,,,62.88856390334461,62.88856390334461,False,78.78437048824695,78.78437048824695,74.81041884202136,234.0,True,True,True,True,True,True,True,True,True,True,True,True,True,True,True,False,False,14,False,0.22214928370081477,0.22886373784240255,1.0,1407209270.75,0.11574074074074074,3.0,3.0,,,,,,0.0691232872011192,0.039252783005987966,0.2303938115897652,-0.863318603176919,0.7554054054054054,-0.863318603176919,0.807700053961487,-234.0,0.6576576576576577,0.8198198198198198,0.9099099099099099,0.6954954954954955,0.7567567567567568,旭隼
394.5,407.5,384.0,388.5,1798417.0,0.01171875,396.1,0.07340431425233152,378.31078948974607,0.29499999999999993,356.2955113728841,0.3350515463917525,318.7185890197754,0.01595023337968564,56.707317073170735,1580057.35,1.1381972939146796,0.02693343883740895,6414.TW,2026-07-13,0.039725386689456244,0.24705882352941178,bull,0.18425925925925926,0.15291936978683968,2026-03-31,2026-05-15,37112748000.0,7463263000.0,1991965000.0,2414012000.0,571474000.0,751782000.0,5.15,113547832000.0,89321445000.0,170294132000.0,107066225000.0,63227907000.0,26537871000.0,13786805000.0,9111537000.0,0.0,0.236732046071022,1520403049.848137,80972687000.0,0.0187767394930112,0.0118900345697035,0.0044146089543472,1.693338117296845,0.2010970192775808,0.0536733361808724,0.0202567053240034,0.0767958564505,,,30.957982203301764,30.957982203301764,False,74.27568763348067,74.27568763348067,63.44626127593594,664.0,True,False,True,True,True,True,True,True,True,True,True,True,True,True,False,False,False,13,False,0.09038701751539047,0.21894364930153132,1.0,613852280.475,0.19444444444444445,2.0,3.0,,,,,,0.025443126939927334,0.003921466215765267,0.1832022669479394,-1.7465910978225077,0.3995495495495495,-1.7465910978225077,0.43601902795876535,-664.0,0.2702702702702703,0.3063063063063063,0.35135135135135137,0.28243243243243243,0.2972972972972973,樺漢
1275.0,1310.0,1230.0,1250.0,3357771.0,-0.03937925888485061,1308.81064453125,0.3171759747102212,1182.288311767578,0.893939393939394,916.4294372558594,1.413127413127413,785.973051961263,0.08037082688642719,65.09935110462521,2992728.4,1.1219765214912252,0.057271722606467845,6446.TW,2026-07-13,0.039725386689456244,0.24705882352941178,bull,0.03518518518518519,0.03614457831325301,2026-03-31,2026-05-15,5121378000.0,4500097000.0,2087077000.0,2335581000.0,185954000.0,2149627000.0,5.79,30923112000.0,4737365000.0,40089669000.0,5635458000.0,34454211000.0,24175410000.0,,43340000.0,,0.0796178766653779,1920908360.822853,35352304000.0,0.0543361575761187,0.0623908351870254,0.0536204726459577,0.1635636932739513,0.8786887044853944,0.4075225456898514,0.4197360554132111,0.572274143110902,,,96.8555062833974,96.8555062833974,False,84.2751099888843,84.2751099888843,87.42020906251257,13.0,True,True,True,True,True,True,True,True,True,True,True,True,True,True,True,False,True,15,True,0.3639893582456044,0.5903853152227498,1.0,3740910500.0,0.049074074074074076,3.0,0.0,,,,,,-0.042532818401700416,-0.07220806991657315,0.1822592399497569,-1.5773964576396693,0.2252252252252252,-1.5773964576396693,0.29940443151317214,-13.0,0.972972972972973,0.963963963963964,0.1891891891891892,0.8554054054054054,0.8135135135135136,藥華藥
375.0,376.5,362.0,365.5,611455.0,-0.022727272727272707,373.7,0.15118110236220472,343.225,0.24108658743633282,315.31666666666666,0.2603448275862068,300.17083333333335,0.0381881427707199,74.09638554216868,765071.2,0.7992131974122147,0.06489911865394404,6491.TW,2026-07-13,0.039725386689456244,0.24705882352941178,bull,0.09166666666666666,0.18535681186283595,2026-03-31,2026-05-15,1885667000.0,1005547000.0,542809000.0,566411000.0,88526000.0,472275000.0,6.06,6983966000.0,4705377000.0,16639674000.0,5326767000.0,11312907000.0,1204500000.0,831456000.0,457203000.0,,0.1562928686060122,457971824.2848391,11934297000.0,0.0383744282788369,0.0417465643446021,0.0283824671084301,0.4708574904752598,0.5332579930602805,0.2878604758952667,0.2504551439888379,0.1833499738625503,,,86.74813401220891,86.74813401220891,False,73.02433959125777,73.02433959125777,76.45528819649556,52.0,True,False,True,True,True,True,True,False,True,False,True,True,False,True,True,False,False,10,False,0.159152175062107,0.2176399550256103,1.0,279633523.59999996,0.27685185185185185,2.0,2.0,,,,,,0.010556550564320377,-0.001893646102752287,0.2813678726953259,-1.2931512694666478,0.5734234234234235,-1.2931512694666478,0.7006841403165626,-52.0,0.918918918918919,0.8738738738738738,0.7387387387387387,0.8918918918918919,0.8693693693693694,晶碩
60.5,64.4000015258789,60.5,63.09999847412109,33374995.0,0.060504176035648616,59.619999694824216,0.2222365322628732,55.74933300018311,0.1451905666341784,53.71522223154704,0.325630262539335,53.64177783330281,0.036316428873225295,73.50426430820653,13503560.7,2.4715699615435507,0.13185207926907094,6505.TW,2026-07-13,0.039725386689456244,0.24705882352941178,bull,0.05740740740740741,0.26135310472659873,2026-03-31,2026-05-15,161989437000.0,27190906000.0,24513957000.0,25616191000.0,5209581000.0,20407731000.0,2.14,296450387000.0,65693610000.0,463713281000.0,83114597000.0,380598684000.0,63985692000.0,123643000.0,1500200000.0,8100000000.0,0.2033706338307674,19528538027.20982,398019671000.0,0.0490642534780895,0.0536200776774099,0.0440093735421824,0.2183785716925915,0.1678560436011639,0.1513305895371437,0.1259818626321912,-0.0650893152444253,,,66.8716639923295,66.8716639923295,False,76.74395015961281,76.74395015961281,74.27587861779199,192.0,True,True,True,True,True,True,True,False,True,False,True,True,True,True,True,False,False,12,False,0.17471353282538127,0.17632190846117446,1.0,852074659.5652014,0.16018518518518518,1.0,3.0,,,,,,0.01551047460120776,0.011388879190512267,0.15041734436607404,-1.4806781574340544,0.4049549549549549,-1.4806781574340544,0.4196268470703955,-192.0,0.7297297297297297,0.7927927927927928,0.2972972972972973,0.6648648648648648,0.6621621621621621,台塑化
203.0,203.5,183.0,192.5,6372782.0,-0.04228855721393032,202.3,0.5338645418326693,166.525,1.2752674535078712,125.79125328063965,1.6787482352321659,101.72901134490967,0.1433230346721593,58.148148148148145,5806787.7,1.0974711543182472,0.1559825851974177,6525.TW,2026-07-13,0.039725386689456244,0.24705882352941178,bull,0.017592592592592594,0.015755329008341055,2026-03-31,2026-05-15,1357265000.0,354799000.0,259528000.0,263032000.0,54316000.0,208716000.0,1.62,4515911000.0,2461742000.0,7258717000.0,2873578000.0,4385139000.0,1712193000.0,,,,0.2064995894035706,205935574.5612701,4796975000.0,0.0429302997329087,0.0475962107472533,0.0287538417601898,0.6552991820783788,0.2614073154468729,0.1912139486393593,0.1537768969213823,0.1176875549161651,,,76.8341855135769,76.8341855135769,False,91.72187433649704,91.72187433649704,87.99995213076701,101.0,True,True,True,True,True,True,True,True,True,True,True,False,True,False,True,False,False,12,False,0.5303130780526804,0.8922822256409588,1.0,1117806632.25,0.13796296296296295,2.0,3.0,,,,,,-0.031176099665096574,-0.0781059480154142,0.29134796933013357,-1.4219531941018804,0.4405405405405405,-1.4219531941018804,0.5525685409938993,-101.0,0.8828828828828829,0.972972972972973,0.5585585585585585,0.8342342342342343,0.8450450450450451,捷敏-KY
673.0,694.0,650.0,682.0,1037972.0,0.014126394052044633,658.0,0.07740916271721954,670.2938751220703,0.3558648111332008,655.8146250406901,0.5464852607709751,566.1781458536784,0.0111631744955213,47.17887424960534,747513.85,1.3885655764103904,0.017464168049869055,6526.TW,2026-07-13,0.039725386689456244,0.24705882352941178,bull,0.17592592592592593,0.12326227988878591,2026-03-31,2026-05-15,5455465000.0,2876501000.0,815987000.0,894988000.0,149188000.0,748032000.0,4.47,18282679000.0,7320050000.0,28462670000.0,8205391000.0,20257279000.0,12433021000.0,,,,0.1666927377797244,679967892.9773359,21142620000.0,0.0321610043115439,0.0369265783425306,0.026281160551698,0.4050588926577947,0.5272696277952476,0.1495724012526888,0.1371160845134191,0.0446037459686614,,,74.05844799557384,74.05844799557384,False,71.33405903257825,71.33405903257825,72.01515627332715,128.0,True,False,True,True,True,True,True,False,True,True,True,True,True,True,True,False,False,12,False,0.0399280131297548,0.20456786436305552,1.0,509804445.7,0.21296296296296297,3.0,3.0,,,,,,0.03525264893612143,0.009225576641419516,0.23048075734098286,-1.2429011590693935,0.6306306306306306,-1.2429011590693935,0.6375917202175566,-128.0,0.8198198198198198,0.6756756756756757,0.6846846846846847,0.7995495495495495,0.7495495495495496,達發
300.5,303.5,273.0,275.0,3846239.0,-0.1071428571428571,295.4,0.24434389140271495,277.425,0.71875,230.075,2.1829543525872896,168.53643226623535,0.07289954558638702,58.22784810126581,6181383.25,0.6222294985511536,-0.008741101198522117,6672.TW,2026-07-13,0.039725386689456244,0.24705882352941178,bull,0.04814814814814815,0.05282669138090825,2026-03-31,2026-05-15,1245827000.0,423777000.0,145352000.0,148482000.0,24894000.0,123588000.0,1.73,4606299000.0,1439948000.0,6456499000.0,2742865000.0,3713634000.0,1563255000.0,30000000.0,69263000.0,896840000.0,0.1676566856588677,120982765.42611226,5016551000.0,0.0241167219123481,0.0332795315855035,0.0191416431722517,0.7385932485538425,0.3401571807321562,0.1166710947828229,0.0992015745364324,0.2185628742514969,,,64.4879602565514,64.4879602565514,False,79.15471949466152,79.15471949466152,75.488029685134,215.0,True,True,True,True,False,True,True,True,True,True,True,True,False,True,True,False,False,12,False,0.1952624144300772,0.6316946805043624,1.0,1699880393.75,0.09351851851851851,2.0,3.0,,,,,,-0.022208885865752655,-0.11057997387214864,0.2893259270729946,-1.283934200553333,0.4527027027027027,-1.283934200553333,0.4854926742297935,-215.0,0.6936936936936937,0.8378378378378378,0.44144144144144143,0.6558558558558558,0.6864864864864865,騰輝電子-KY
31.399999618530277,31.700000762939453,30.200000762939453,30.350000381469727,301422.0,-0.034976163904134494,30.739999771118164,0.050173037442177826,30.302499771118164,0.3167028800882561,29.134999879201253,0.08586760475915889,27.31083327929179,0.009494459712147064,53.74150224768581,548082.55,0.5499573011401293,0.0015675475855241316,6743.TW,2026-07-13,0.039725386689456244,0.24705882352941178,bull,0.22962962962962963,0.14457831325301204,2026-03-31,2026-05-15,1083929000.0,202549000.0,20890000.0,-14147000.0,13554000.0,-27701000.0,-0.19,4574864000.0,5204708000.0,8700114000.0,6010605000.0,2689509000.0,218291000.0,3463871000.0,578766000.0,,0.0,20890000.0,3495406000.0,0.0059764159013287,-0.0102996494899254,-0.0031839812673718,2.2348335699936306,0.1868655603826449,0.0192724800240606,-0.0255561019218048,-0.0671851414546325,,,10.90042619074367,10.90042619074367,False,66.56228474267482,66.56228474267482,52.64682010469203,1026.0,True,False,True,True,True,True,True,True,True,True,True,True,False,True,False,False,False,12,False,0.04170243718229205,0.11128064351234435,1.0,16634305.601576902,0.6240740740740741,1.0,3.0,,,,,,0.09435695912761212,0.03748538122857607,0.1980795341637649,-1.1613286348213907,0.7076576576576576,-1.1613286348213907,0.7351746977532987,-1026.0,0.06306306306306306,0.036036036036036036,0.7747747747747747,0.1698198198198198,0.19729729729729728,安普新
367.5,368.0,327.0,327.0,3347821.0,-0.015060240963855387,351.4,0.1762589928057554,323.95,0.5534441805225654,285.37032318115234,0.7580645161290323,240.21432825724284,0.06079580179155592,52.09003215434083,3224214.7,1.038336870060173,0.009415033184133392,8016.TW,2026-07-13,0.039725386689456244,0.24705882352941178,bull,0.07314814814814814,0.06950880444856349,2026-03-31,2026-05-15,5328772000.0,1669417000.0,614352000.0,795608000.0,114691000.0,541690000.0,4.6,16315655000.0,7568958000.0,23295165000.0,7934322000.0,15360843000.0,6140979000.0,0.0,,,0.1441551618384933,525789988.014198,15726207000.0,0.0334339989302059,0.0352643406354716,0.0232533231681338,0.5165290733067189,0.3132836233188434,0.1152896014316244,0.1016538144247868,0.2299945941628962,,,70.50462844759238,70.50462844759238,False,72.27193118723274,72.27193118723274,71.83010550232265,159.0,True,False,True,True,True,True,True,True,True,True,True,True,True,True,True,False,False,13,False,0.14587948864052436,0.36128432626141826,1.0,1054318206.9000001,0.14351851851851852,2.0,3.0,,,,,,0.03176436802313082,0.00351362611540378,0.24053090713670475,-1.386453232434022,0.595945945945946,-1.386453232434022,0.654543417640942,-159.0,0.7567567567567568,0.6486486486486487,0.6936936936936937,0.7472972972972973,0.7117117117117118,矽創
169.0,169.0,169.0,169.0,8925581.0,0.13043478260869557,151.6,0.13043478260869557,146.69800033569337,0.22021660649819497,143.7660001118978,1.0312500745058086,123.70966663360596,0.027851152166438114,67.00376338780686,7559460.3,1.1807166974605317,0.15202660986020478,8039.TW,2026-07-13,0.039725386689456244,0.24705882352941178,bull,0.10555555555555556,0.19462465245597776,2026-03-31,2026-05-15,2415476000.0,532169000.0,146484000.0,219817000.0,44902000.0,171370000.0,0.65,10090538000.0,4116000000.0,15838059000.0,5212295000.0,10625764000.0,3401205000.0,544660000.0,425464000.0,0.0,0.2042699154296528,116561725.70820272,11722059000.0,0.0099437927848855,0.0161277814941118,0.0108201390081953,0.4905336689201831,0.2203164096848819,0.060643947611154,0.0709466788326607,0.0846351629146733,,,39.59205928302138,39.59205928302138,False,81.80284129209737,81.80284129209737,71.25014578982838,517.0,True,True,True,True,True,True,True,True,True,False,False,True,True,False,False,False,False,11,False,0.17552133236274048,0.3661018140201733,1.0,1277548790.7,0.12222222222222222,2.0,3.0,,,,,,-0.05356676069314321,-0.12029690052297029,0.19372871893530527,-1.6960598989526103,0.18288288288288287,-1.6960598989526103,0.2223429524707436,-517.0,0.40540540540540543,0.6396396396396397,0.14414414414414414,0.36621621621621625,0.42342342342342343,台虹
77.30000305175781,81.0,76.5,77.19999694824219,9384854.0,-0.060827252866545556,76.63999938964844,0.0722221798366971,74.93500022888183,0.25121549422431966,69.09333337148031,0.14710242864135803,68.0125,0.028620453434290385,53.59280753218168,9176540.7,1.0227006348917518,0.03022615216443758,8131.TW,2026-07-13,0.039725386689456244,0.24705882352941178,bull,0.18611111111111112,0.1788693234476367,2026-03-31,2026-05-15,2944616000.0,575751000.0,474525000.0,532938000.0,106587000.0,,0.96,10084552000.0,1987699000.0,15073124000.0,2470053000.0,12603071000.0,3860003000.0,,,,0.1999988741654751,379620534.236628,13085425000.0,0.0290109441792397,,,0.1959881841497203,0.1955266832755103,0.1611500446917357,,0.3203354134130391,,,75.64747800444505,75.64747800444505,False,69.42273769847868,69.42273769847868,70.97892277497027,112.0,True,False,True,True,True,True,True,True,True,True,True,True,True,True,True,False,False,13,False,0.11732917173320323,0.13508541736066437,1.0,708428914.0354202,0.17685185185185184,1.0,3.0,,,,,,0.06967950642905099,0.02814727043022652,0.2703599780866722,-1.463190631015291,0.7216216216216216,-1.463190631015291,0.7800013828247898,-112.0,0.8558558558558559,0.6216216216216216,0.8558558558558559,0.8558558558558559,0.7855855855855856,福懋科
121.5,123.0,112.5,115.0,106808824.0,-0.0043290043290042934,112.9,0.18556701030927836,104.27327117919921,0.5603799832008385,91.52109082539876,1.1698113207547172,76.2913787206014,0.049837263123051895,56.92050706001013,58424222.2,1.8281599647893985,0.10287131783145398,8150.TW,2026-07-13,0.039725386689456244,0.24705882352941178,bull,0.06944444444444445,0.06765523632993513,2026-03-31,2026-05-15,6935628000.0,955465000.0,519677000.0,598149000.0,93257000.0,504892000.0,0.72,24338841000.0,9986027000.0,44831224000.0,20223938000.0,24607286000.0,12386933000.0,2903639000.0,9181032000.0,,0.1559093135656834,438654515.6541263,34845197000.0,0.0125886651079667,0.0205179880463046,0.0112620614596648,0.8218678809194968,0.1377618580465965,0.0749286149718525,0.0727968685748428,0.2536536129791198,,,43.57847362995483,43.57847362995483,False,88.36379260447241,88.36379260447241,77.16746286084302,455.0,True,True,True,True,True,True,True,True,True,True,True,True,True,True,False,False,False,14,False,0.25654096736449095,0.5073787094759357,1.0,6718785553.0,0.028703703703703703,2.0,3.0,,,,,,0.018394193816961002,-0.0661455972180822,0.2539953882568222,-1.621683489558363,0.422972972972973,-1.621683489558363,0.42866637796494816,-455.0,0.44144144144144143,0.8828828828828829,0.3333333333333333,0.4252252252252252,0.5522522522522522,南茂
73.0999984741211,75.9000015258789,73.0,75.4000015258789,1415947.0,-0.006587615150831283,74.04000091552734,0.0272479558368246,74.39000015258789,0.21027291250792723,67.50833352406819,-0.0691357836311246,71.3700000445048,0.011902338083302006,58.638755585238755,1901623.2,0.7445991403554606,0.01357711212823376,9914.TW,2026-07-13,0.039725386689456244,0.24705882352941178,bull,0.31296296296296294,0.19925857275254866,2026-03-31,2026-05-15,5323065000.0,883503000.0,277586000.0,414150000.0,86163000.0,325661000.0,1.09,16669153000.0,11726544000.0,36194817000.0,15729956000.0,20464861000.0,3921684000.0,5780249000.0,308878000.0,,0.2080478087649402,219834840.9561753,24468273000.0,0.0089844853764781,0.0159131791806453,0.0089974484468314,0.7686324378162158,0.1659763688777048,0.0521477757645266,0.0611792266297706,-0.2965963236341542,,,27.385384545181456,27.385384545181456,False,69.13746789769327,69.13746789769327,58.699447059565315,725.0,True,False,True,True,True,True,True,True,False,False,True,True,False,True,False,False,False,10,False,0.11689916770049091,0.056466323088988135,1.0,143382392.18164673,0.3453703703703704,1.0,3.0,,,,,,0.03066457034996275,0.023248441469318298,0.14852944068013293,-1.9438086189985553,0.3972972972972973,-1.9438086189985553,0.46438968901333927,-725.0,0.23423423423423423,0.13513513513513514,0.4144144144144144,0.26126126126126126,0.24054054054054053,美利達
74.0999984741211,79.9000015258789,73.9000015258789,79.9000015258789,3738809.0,0.036316512414687585,75.0199981689453,0.05968169640494647,75.65499839782714,0.11904761650346996,71.90666669209799,-0.10726255278347596,76.36166674296061,0.00671988755724046,64.35186346208525,1662643.65,2.2487133668119443,0.05611001543783889,9921.TW,2026-07-13,0.039725386689456244,0.24705882352941178,bull,0.20462962962962963,0.2919369786839666,2026-03-31,2026-05-15,12523541000.0,2458803000.0,-191441000.0,-170563000.0,-23472000.0,-199773000.0,-0.51,48200680000.0,28731484000.0,72341005000.0,34909460000.0,37431545000.0,13787267000.0,9060327000.0,1863857000.0,,0.1376148402643011,-165095877.36496192,43609521000.0,-0.0037857759860504,-0.0053370225567766,-0.0027615458203822,0.9326214026164296,0.1963344871869705,-0.0152864912567459,-0.0159517982973026,-0.2568048701835493,,,14.870530982450036,14.870530982450036,False,72.51422852818158,72.51422852818158,58.103304141748694,961.0,True,False,True,True,True,True,True,True,True,False,True,True,True,True,False,False,False,12,False,0.11116263903607337,0.046336531584998175,1.0,132845230.17199287,0.35555555555555557,1.0,3.0,,,,,,0.021882664352423295,-0.03513398740806653,0.20915638688036334,-1.6160718231973892,0.3846846846846847,-1.6160718231973892,0.31524023742444035,-961.0,0.10810810810810811,0.12612612612612611,0.2072072072072072,0.12297297297297298,0.13333333333333333,巨大
10.449999809265137,10.949999809265137,10.449999809265137,10.949999809265137,4361544.0,0.03301881275469154,10.439999961853028,0.042857124691917825,10.242156744003296,0.13589205594269171,9.919385623931884,0.1005025144893803,9.868026129404704,-0.0017057119431584053,66.53696209276828,1051506.75,4.1478991932291445,0.06911074326960254,9934.TW,2026-07-13,0.039725386689456244,0.24705882352941178,bull,0.24537037037037038,0.2706209453197405,2026-03-31,2026-05-15,4675859000.0,1599481000.0,215608000.0,179015000.0,65010000.0,114005000.0,0.28,10184466000.0,6401709000.0,16132102000.0,9818930000.0,6313172000.0,2756002000.0,2012873000.0,1745714000.0,,0.3631539256486886,137309108.39873755,9730393000.0,0.0141113630660896,0.0180582756180252,0.0070669649869558,1.5553084883478543,0.3420721197965978,0.0461108857217465,0.0243816162976685,0.0629297965528301,,,37.04526496126525,37.04526496126525,False,60.480413758619726,60.480413758619726,54.621626559281104,572.0,True,False,True,True,True,True,False,True,True,False,True,True,False,True,False,False,False,10,False,0.10389899378916723,0.10964438740553906,1.0,11513998.711941004,0.6712962962962963,0.0,3.0,,,,,,0.08016637316787788,0.09517353382215933,0.21383393573489842,-0.8293502019922803,0.7810810810810811,-0.8293502019922803,0.4855130410605524,-572.0,0.35135135135135137,0.05405405405405406,0.45045045045045046,0.36621621621621625,0.281981981981982,成霖
150.0,162.5,150.0,159.5,6902407.0,0.042483660130719025,151.3,0.3291666666666666,135.75,0.13120567375886516,132.74166666666667,0.18148148148148158,135.55,0.06033977738722901,73.42657342657343,3456088.6,1.9971730470104267,0.17495395948434633,6753.TW,2026-07-13,0.039725386689456244,0.24705882352941178,bull,0.032407407407407406,0.2789620018535681,2026-03-31,2026-05-15,1324923000.0,438584000.0,383922000.0,397302000.0,80176000.0,,2.7,6070732000.0,3773290000.0,10821486000.0,5807108000.0,5014378000.0,2838935000.0,477922000.0,894768000.0,506599000.0,0.2018011487483073,306446099.3702524,7048196000.0,0.0434786574281209,,,1.1580913923920375,0.3310260294371824,0.2897692922532102,,0.071119170347758,,,75.40121337756102,75.40121337756102,False,78.74395233968501,78.74395233968501,77.90826759915402,117.0,True,True,True,True,True,True,True,False,True,False,True,True,True,False,True,False,False,11,False,0.20158202021470273,0.1766875691626706,1.0,551246131.7,0.2037037037037037,2.0,3.0,,,,,,0.08831837750168282,0.09696733895800502,0.3254756843050637,-1.2127095526043234,0.9076576576576577,-1.2127095526043234,0.8993958914403827,-117.0,0.8378378378378378,0.9099099099099099,0.963963963963964,0.8567567567567567,0.8846846846846848,龍德造船
527.0,555.0,520.0,535.0,4262317.0,0.020992366412213803,515.6,0.11111111111111116,518.8758407592774,0.29227053140096615,531.8836135864258,0.9244604316546763,424.1876401265462,0.019450824984603324,45.904981739691735,2286763.2,1.863908339962791,0.03107517824905459,6789.TW,2026-07-13,0.039725386689456244,0.24705882352941178,bull,0.12685185185185185,0.15384615384615385,2026-03-31,2026-05-15,2348443000.0,757120000.0,536079000.0,572861000.0,96962000.0,,1.5,13937054000.0,2888247000.0,22332738000.0,3409148000.0,18923590000.0,11975543000.0,,374422000.0,,0.1692592094766444,445342692.24296993,19444491000.0,0.022903283621205,,,0.1801533429967569,0.322392325468406,0.2282699643976881,,0.0799191776872292,,,73.15573357887294,73.15573357887294,False,62.73865261935522,62.73865261935522,65.34292285923465,135.0,True,False,True,True,True,False,True,False,True,True,True,True,True,True,True,False,False,11,False,0.005859151013434705,0.2612342967852519,1.0,1223418312.0,0.12777777777777777,3.0,3.0,,,,,,0.07673869096044159,-0.006670200581379246,0.29646344914721917,-1.539698370816828,0.6882882882882883,-1.539698370816828,0.6368981001523997,-135.0,0.8018018018018018,0.3783783783783784,0.6756756756756757,0.7828828828828829,0.6495495495495496,采鈺
143.0,143.0,120.5,129.0,13143955.0,0.0078125,126.8,0.5338882561299374,116.9900001525879,2.4864864864864864,76.3278377532959,3.7513812822286585,54.06933560371399,0.12577973335185597,61.0062893081761,4849503.95,2.7103710267108867,0.10265834542907659,6834.TW,2026-07-13,0.039725386689456244,0.24705882352941178,bull,0.016666666666666666,0.0037071362372567192,2026-03-31,2026-05-15,419741000.0,96728000.0,35690000.0,47956000.0,8226000.0,39730000.0,0.45,1334874000.0,865895000.0,2352810000.0,892092000.0,1460718000.0,351658000.0,450000000.0,,,0.1715322378847276,29568014.429894067,1486915000.0,0.0198854772666185,0.0271989528437384,0.0168861914051708,0.6107215766492916,0.2304468708084271,0.0850286247948139,0.0946536078200604,0.1969174615395583,,,53.731199434147925,53.731199434147925,False,92.95519559296262,92.95519559296262,83.14919655325895,315.0,True,True,True,True,True,True,True,True,True,True,True,False,True,True,False,False,False,13,False,0.6900780081960292,1.3858255064473006,1.0,625586009.5500001,0.19166666666666668,2.0,3.0,,,,,,0.004896092857942587,-0.03659404946314801,0.23685379188947855,-1.6043129907503393,0.4072072072072072,-1.6043129907503393,0.48267874877830097,-315.0,0.5675675675675675,0.9459459459459459,0.43243243243243246,0.5472972972972973,0.654054054054054,天二科技
20.799999237060547,20.799999237060547,18.700000762939453,18.75,9778756.0,-0.007936487913111523,20.089999771118165,0.15740735289927565,18.22749991416931,0.2668918755648346,15.378333314259846,0.11940298507462677,15.577916638056438,0.05927647446598321,59.090907339440705,6336417.65,1.5432625404671676,0.028665482830397382,6901.TW,2026-07-13,0.039725386689456244,0.24705882352941178,bull,0.08703703703703704,0.17145505097312327,2026-03-31,2026-05-15,-336282000.0,-336282000.0,-368333000.0,-355932000.0,,,-0.42,3753329000.0,61616000.0,8991685000.0,124302000.0,8867383000.0,2733439000.0,,,,,-294666400.0,8930069000.0,-0.0329971022620317,,,0.0140178900584309,,,,-0.3844968362944836,,,33.33333333333333,33.33333333333333,False,82.89727662036555,82.89727662036555,70.5062907986075,623.0,True,True,True,True,True,True,True,True,True,True,True,True,True,True,False,False,False,14,False,0.21924786105485916,0.20362693135706267,1.0,118807830.9375,0.3675925925925926,0.0,3.0,,,,,,0.026878399061665406,0.0015355231134964638,0.17798509584052483,-1.5646637027940622,0.42477477477477477,-1.5646637027940622,0.4124557899033344,-623.0,0.2972972972972973,0.5855855855855856,0.2882882882882883,0.295945945945946,0.381981981981982,鑽石投資
2380.0,2425.0,2290.0,2425.0,567108.0,0.14373449902257263,2182.0309326171873,0.5251572327044025,2125.0091918945313,2.7480680061823803,1432.2530639648437,14.84967320261438,868.4056986490885,0.058402514237429835,50.31428791535343,459219.8,1.234938040563582,0.14117153433958318,7610.TW,2026-07-13,0.039725386689456244,0.24705882352941178,bull,0.018518518518518517,0.0018535681186283596,2026-03-31,2026-05-15,1001764000.0,740089000.0,667242000.0,666352000.0,140963000.0,525047000.0,10.87,2527668000.0,1267996000.0,4013567000.0,1876768000.0,2136799000.0,206574000.0,620705000.0,569903000.0,,0.2115443489326962,526090725.5294499,2745571000.0,0.1916143219495871,0.2457166069433765,0.1308180478860823,0.8783081609454142,0.7387857818807624,0.6660670577101993,0.5241224480017249,4.837751528254497,,,96.94016846060627,96.94016846060627,True,86.35592224617524,86.35592224617524,89.001983799783,12.0,True,True,True,True,True,True,True,True,True,True,False,False,True,True,True,True,True,13,False,0.6931365420067443,1.7924736143168851,1.0,1113608015.0,0.1388888888888889,3.0,0.0,,,,,,-0.04146143805395445,-0.1860962821881779,0.2258583782382304,-1.7797558595199794,0.19684684684684683,-1.7797558595199794,0.1764379666644475,-12.0,0.9819819819819819,0.990990990990991,0.10810810810810811,0.8509009009009008,0.8099099099099099,聯友金屬-創
1005.0,1060.0,1005.0,1045.0,730520.0,0.06523955147808369,990.2,0.0544904137235116,1001.95,0.15853658536585358,953.4833333333333,0.4256480218281036,859.45,0.014016799919036557,47.72036474164133,569830.55,1.2819951475048152,0.04296621587903582,6944.TW,2026-07-13,0.039725386689456244,0.24705882352941178,bull,0.2175925925925926,0.247451343836886,2026-03-31,2026-05-15,4706862000.0,1277717000.0,1059601000.0,1065706000.0,292637000.0,773069000.0,10.08,14742669000.0,8305817000.0,17618791000.0,8758959000.0,8859832000.0,7117376000.0,1066667000.0,108500000.0,,0.2745944941663085,768640399.3868853,9312974000.0,0.0825343654333068,0.0872554919777259,0.0438775282594588,0.9886145696667836,0.2714583516576436,0.2251183484878035,0.1642429712194663,0.5484097000990853,,,89.06912245037437,89.06912245037437,True,68.21641617875984,68.21641617875984,73.42959274666347,38.0,True,False,True,True,True,True,True,False,True,False,True,True,True,True,True,True,False,11,False,0.0959814015277316,0.21589388562452716,1.0,595472924.75,0.19814814814814816,3.0,2.0,,,,,,0.009859856784648412,0.02239213627592352,0.3283224253064491,-1.0822994071811243,0.6959459459459459,-1.0822994071811243,0.7753239934127736,-38.0,0.954954954954955,0.7297297297297297,0.8378378378378378,0.9373873873873875,0.863963963963964,兆聯實業
54.29999923706055,55.79999923706055,53.79999923706055,53.79999923706055,270807.0,-0.05779333319170177,53.35999984741211,0.22690994547723053,51.45000019073486,0.11966701542765223,48.57166652679443,0.0590551189971551,49.38708318074544,0.0492505384054069,61.165049802191206,430142.4,0.6295752290404294,0.04567539431708045,6928.TW,2026-07-13,0.039725386689456244,0.24705882352941178,bull,0.05277777777777778,0.2891566265060241,2026-03-31,2026-05-15,547857000.0,153351000.0,-8307000.0,-1987000.0,1366000.0,-3353000.0,-0.04,2199785000.0,477170000.0,2584683000.0,544642000.0,2040041000.0,932578000.0,,,,0.0,-8307000.0,2107513000.0,-0.0039416126970509,-0.0016435944179553,-0.0012972577294778,0.2669760068547642,0.279910633614246,-0.0151627158181788,-0.006120210200837,-0.1035109652208916,,,21.62900545364269,21.62900545364269,False,79.81064519467142,79.81064519467142,65.26523525941424,832.0,True,True,True,True,True,True,True,True,True,False,True,True,False,True,False,False,False,12,False,0.10764161668988481,0.08935364820321223,1.0,23141660.791827396,0.5824074074074074,1.0,3.0,,,,,,0.04861446387460213,0.003128143990834135,0.2470781916476923,-1.5098558444611514,0.6027027027027027,-1.5098558444611514,0.5646124697327388,-832.0,0.18018018018018017,0.36936936936936937,0.5945945945945946,0.24234234234234234,0.31981981981981983,攸泰科技
931.0,943.0,870.0,900.0,266204.0,0.010101010101010166,926.0,0.2552301255230125,882.0,0.15384615384615374,769.6,1.6745913818722138,669.8416666666667,0.06669891757876274,60.63492063492063,256172.55,1.039158957507352,0.020408163265306145,6949.TW,2026-07-13,0.039725386689456244,0.24705882352941178,bull,0.04351851851851852,0.2520852641334569,2026-03-31,2026-05-15,6368000.0,-1205000.0,-88755000.0,-87174000.0,0.0,-76584000.0,-1.18,2495035000.0,259818000.0,3291024000.0,368950000.0,2922074000.0,2248325000.0,100000000.0,,,-0.0,-88755000.0,3031206000.0,-0.0292804250189528,-0.026208781844676,-0.0232705686740661,0.1262630583619716,-0.1892273869346733,,,-0.4668452779638312,,,16.666666666666664,16.666666666666664,False,79.01367402013439,79.01367402013439,63.42692218176746,924.0,True,True,True,True,True,True,True,True,True,False,True,True,True,True,False,False,False,13,False,0.16943866943866936,0.3436010997623815,1.0,230555295.0,0.29444444444444445,3.0,3.0,,,,,,-0.14034356240574128,-0.2633140165585445,0.06529359456614169,-1.8023602862949,0.02882882882882883,-1.8023602862949,0.03454770562760469,-924.0,0.11711711711711711,0.2972972972972973,0.018018018018018018,0.10225225225225225,0.15135135135135133,沛爾生醫-創
232.0,234.0,226.5,231.5,355774.0,-0.014893617021276562,229.2,0.10238095238095246,219.425,0.18414322250639392,228.525,-0.10686722085744749,221.99699808756512,0.016209331943962024,62.4113475177305,371831.8,0.9568143445504124,0.05503019254870689,1623.TW,2026-07-13,0.039725386689456244,0.24705882352941178,bull,0.13796296296296295,0.2205746061167748,2026-03-31,2026-05-15,1862335000.0,408434000.0,367855000.0,349252000.0,69188000.0,,4.33,6562360000.0,3208168000.0,8132808000.0,4134315000.0,3998493000.0,877480000.0,1306736000.0,898935000.0,,0.198103375213313,294981682.91090673,4924640000.0,0.0598991363654818,,,1.0339682975561042,0.2193128518768105,0.1975235389980857,,,,,76.38239089054767,76.38239089054767,False,68.3644314286612,68.3644314286612,70.36892129413283,109.0,True,False,True,True,True,False,True,True,True,False,True,True,True,True,True,False,False,11,False,0.013018269335958843,0.0428068937611783,1.0,86079061.7,0.40925925925925927,2.0,3.0,,,,,,0.10847682806080806,0.07557699854276337,0.21964581494981264,-1.6557933946385246,0.681981981981982,-1.6557933946385246,0.7762045457106356,-109.0,0.8738738738738738,0.5765765765765766,0.8468468468468469,0.8698198198198198,0.7792792792792793,大東電
210.5,215.5,210.0,211.5,135769.0,-0.002358490566037763,209.3,0.11609498680738795,196.075,0.2702702702702702,177.05,0.07360406091370564,175.40833333333333,0.02589928057553951,72.4770642201835,131458.2,1.0327921727210625,0.0786688767053425,6957.TW,2026-07-13,0.039725386689456244,0.24705882352941178,bull,0.11944444444444445,0.1696014828544949,2026-03-31,2026-05-15,1008397000.0,304729000.0,100942000.0,102458000.0,25691000.0,82568000.0,1.51,2765058000.0,1395803000.0,5405505000.0,3045045000.0,2360460000.0,1274466000.0,40000000.0,27000000.0,945042000.0,0.2507466474067423,75631131.9174686,4009702000.0,0.0188620331180393,0.0349796226159307,0.0152747985618364,1.2900218601459037,0.3021914979913665,0.1001014481399686,0.0818804498625045,0.2868739487648066,,,57.7309173012778,57.7309173012778,False,74.00563742675835,74.00563742675835,69.93695739538822,285.0,True,False,True,True,True,True,True,False,True,True,True,True,True,True,False,False,False,12,False,0.19457780288054205,0.20575799325383626,1.0,27803409.3,0.5583333333333333,2.0,3.0,,,,,,0.022374105871130052,0.012397077028670128,0.28316334740622134,-0.47499152396807587,0.7063063063063063,-0.47499152396807587,0.7362619797888017,-285.0,0.5945945945945946,0.5495495495495496,0.7837837837837838,0.622972972972973,0.618918918918919,裕慶-KY
91.5,96.9000015258789,91.5,93.4000015258789,805700.0,8.659377268238622e-05,89.64262542724609,0.2273325019532153,82.29788627624512,0.2177314894667599,77.30429534912109,-0.006382962490649957,78.82298094431559,0.04708379825785764,66.07843666073043,476092.3,1.692318905388724,0.1349015843780954,4590.TW,2026-07-13,0.039725386689456244,0.24705882352941178,bull,0.05185185185185185,0.19647822057460612,2026-03-31,2026-05-15,267545000.0,80743000.0,-23964000.0,81129000.0,16211000.0,,1.21,3151635000.0,1382797000.0,6125098000.0,2598258000.0,3526840000.0,2037662000.0,565000.0,505331000.0,,0.1998175744801489,-19175571.64515771,4742301000.0,-0.0040435163531706,,,0.7367099159587619,0.3017922218692183,-0.0895699788820572,,,,,35.37011980056409,35.37011980056409,False,87.12045731769501,87.12045731769501,74.18287293841229,596.0,True,True,True,True,True,True,True,True,True,False,True,True,True,True,False,False,False,13,False,0.2082123134822782,0.18493363746115166,1.0,44467021.5464592,0.5009259259259259,1.0,3.0,,,,,,0.03324872115432249,0.015331287363142546,0.29166409864107035,-1.705951535030118,0.6117117117117117,-1.705951535030118,0.5917797479511037,-596.0,0.3333333333333333,0.7747747747747747,0.6216216216216216,0.37657657657657656,0.5234234234234234,富田-創
583.0,583.0,552.0,552.0,720281.0,-0.1711711711711712,568.6,0.472,508.225,0.40464167066596457,428.01478780110676,1.0858400961740822,399.48863525390624,0.10972214640537147,65.38952745849298,832402.95,0.8653032764960769,0.08613311033498938,7795.TW,2026-07-13,0.039725386689456244,0.24705882352941178,bull,0.021296296296296296,0.10843373493975904,2026-03-31,2026-05-15,417748000.0,164583000.0,45923000.0,46458000.0,30360000.0,16098000.0,0.21,3862664000.0,1062319000.0,4174097000.0,1361173000.0,2812924000.0,2813974000.0,298396000.0,,,0.4,27553800.0,3111778000.0,0.008854680507414,0.0057228705787998,0.0038566425265153,0.4838996716583882,0.3939767515344178,0.1099299098978331,0.0385351934659172,,,,44.88151404428712,44.88151404428712,False,83.9507742005407,83.9507742005407,74.18345916147732,434.0,True,True,True,True,True,True,True,True,True,True,True,False,True,True,False,False,False,13,False,0.2896750666860315,0.38176646664594327,1.0,459486428.4,0.225,3.0,3.0,,,,,,-0.0008467531261888861,-0.15314001196105978,0.2815921461655704,-1.6328286759371584,0.3653153153153153,-1.6328286759371584,0.4350743165951201,-434.0,0.46846846846846846,0.7837837837837838,0.34234234234234234,0.4495495495495495,0.5378378378378378,長廣
183.5,187.0,167.5,171.0,794440.0,0.09615384615384626,176.2,0.06875000000000009,168.15,0.18339100346020754,152.2,0.5475113122171946,142.98333333333332,0.02875497093912522,55.81395348837209,650034.45,1.222150610633021,0.016949152542372836,7827.TW,2026-07-13,0.039725386689456244,0.24705882352941178,bull,0.1935185185185185,0.22150139017608897,2026-03-31,2026-05-15,0.0,0.0,-319867000.0,-320859000.0,9489000.0,-273651000.0,-2.1,880888000.0,384114000.0,965156000.0,384114000.0,581042000.0,816012000.0,95154000.0,,,0.0,-319867000.0,581042000.0,-0.5505058154143763,-0.4709659542683661,-0.2835303308480701,0.6610778566781748,,,,,,,21.65668651223912,21.65668651223912,False,71.15832025537303,71.15832025537303,58.78291181958954,831.0,True,False,True,True,True,True,True,True,True,False,True,True,True,True,False,False,False,12,False,0.1235216819973719,0.19594358316820149,1.0,111155890.94999999,0.37962962962962965,2.0,3.0,,,,,,0.016335099611457595,-0.09279633456462345,0.3120624754047343,-1.8939156576324674,0.4238738738738739,-1.8939156576324674,0.4079259633072813,-831.0,0.1891891891891892,0.14414414414414414,0.27927927927927926,0.2027027027027027,0.1936936936936937,漢康-KY創
