Open,High,Low,Close,Volume,ret5,ma5,ret20,ma20,ret60,ma60,ret120,ma120,ma20_slope,rsi14,volume_ma20,volume_ratio,ma20_deviation,symbol,date,benchmark_ret20,benchmark_ret60,market_regime,rs20_rank_pct,rs60_rank_pct,period_date,as_of_date,revenue,gross_profit,operating_income,pretax_income,tax_expense,net_income_parent,eps,current_assets,current_liabilities,assets,liabilities,equity,cash,short_borrowings,long_borrowings,bonds_payable,tax_rate,nopat,invested_capital_proxy,roic_proxy,roe,roa,debt_to_equity,gross_margin,operating_margin,net_margin,revenue_growth,pe,pb,eva_like_score,fundamental_score,fundamental_pass,technical_score,score,final_score,fundamental_rank,pass_market,pass_score,pass_rs20,pass_rs60,pass_close_ma20,pass_ma20_ma60,pass_ma20_slope,pass_rsi,pass_ret20_benchmark,pass_ret60_benchmark,pass_ret5_cap,pass_ret20_cap,pass_volume_ratio,pass_ma20_deviation,pass_fundamental_score,pass_fundamental_filter,pass_fundamental_universe,entry_pass_count,entry_all_pass,close_ma60_ratio,close_ma120_ratio,above_ma120,turnover20,liquidity_rank,price_bucket,eva_rank_bucket,forward_60d_return,forward_60d_max_drawdown,reward_60,fwd60_rank_label,top_quantile_60,reg_forward60,reg_reward60,cls_topq60,rank_forward60,ensemble_score,ranker_score,stable_ensemble_score,fundamental_rank_score,fundamental_score_rank,final_score_rank,stable_ml_rank,fund_ml_85_15,fund_final_ml,name
16.100000381469727,16.149999618530273,15.899999618530272,16.100000381469727,255159.0,0.003115336248348477,15.999999809265137,0.045135451920048864,15.852687883377076,0.06622516388987432,15.271507199605306,-0.009230745755709147,15.44950361251831,0.01411629117256803,63.15791058740379,236457.7,1.0790894100720763,0.015600666581720768,1110.TW,2026-07-30,-0.1406250241048188,-0.023498694516971286,bull,0.08888888888888889,0.19555143651529194,2026-03-31,2026-05-15,582643000.0,83497000.0,44070000.0,33666000.0,8657000.0,25695000.0,0.05,2827051000.0,1931603000.0,12789768000.0,3130316000.0,9659452000.0,402347000.0,1166000000.0,483161000.0,,0.2571437058159567,32737676.884690788,10858165000.0,0.0030150284955782,0.0026600887917865,0.0020090278416309,0.3240676593247732,0.1433073082487904,0.0756380836979076,0.0441007615297875,-0.2132017328270251,,,22.850230007474945,22.850230007474945,False,77.0060029557464,77.0060029557464,63.467059718678534,812.0,True,True,True,True,True,True,True,True,True,True,True,True,True,True,False,False,False,14,False,0.05425091125817838,0.04210470350803619,1.0,3806969.0602014544,0.8018518518518518,0.0,3.0,,,,,,0.025150036716557793,-0.011603213947892673,0.1342806080796035,-1.5088807162321125,0.37118644067796613,-1.5088807162321125,0.3777900081172752,-812.0,0.2542372881355932,0.4576271186440678,0.2457627118644068,0.25296610169491524,0.3135593220338983,東泥
12.350000381469728,12.399999618530272,12.199999809265137,12.399999618530272,409748.0,0.0,12.30999984741211,0.008130034654042939,12.423665952682494,0.008130034654042939,12.32872200012207,-0.14482761251515364,13.022694325447082,0.0004026135894457032,47.81027415740092,508358.7,0.8060214175541798,-0.0019049396725862033,1201.TW,2026-07-30,-0.1406250241048188,-0.023498694516971286,bull,0.1712962962962963,0.3169601482854495,2026-03-31,2026-05-15,5001067000.0,1370784000.0,39544000.0,115681000.0,13929000.0,101516000.0,0.2,6636593000.0,6226099000.0,18440986000.0,10657178000.0,7783808000.0,1265176000.0,2295941000.0,3358980000.0,,0.1204087101598361,34782557.96543944,12214887000.0,0.0028475546245691,0.0130419455361694,0.0055049117221823,1.3691470807090822,0.2740983074211963,0.0079071126221664,0.0202988682215215,-0.0395234363896859,,,23.86207123535312,23.86207123535312,False,61.93710740397488,61.93710740397488,52.41834836181943,788.0,True,False,True,True,False,True,True,False,True,True,True,True,True,True,False,False,False,11,False,0.005781427986412124,-0.04781611941086794,0.0,6303647.686076545,0.7277777777777777,0.0,3.0,,,,,,0.05070118304799892,0.013831278339734361,0.187125285439576,-1.330647192100241,0.6779661016949151,-1.330647192100241,0.6779661016949151,-788.0,0.2711864406779661,0.059322033898305086,0.7033898305084746,0.3360169491525424,0.29406779661016946,味全
50.79999923706055,50.79999923706055,48.95000076293945,48.95000076293945,67893.0,0.0370762705871408,48.230001068115236,0.13573091637882384,45.547500419616696,0.12013729767374182,43.7808334350586,0.22835640244071742,42.19875005086263,0.02868274990362672,76.85185021660772,44786.3,1.5159323275197996,0.07470224078108467,1203.TW,2026-07-30,-0.1406250241048188,-0.023498694516971286,bull,0.014814814814814815,0.1278962001853568,2026-03-31,2026-05-15,1323768000.0,456272000.0,208493000.0,249342000.0,68578000.0,116595000.0,0.49,5022031000.0,1735171000.0,10736920000.0,3144376000.0,7592544000.0,2426460000.0,788000000.0,42900000.0,0.0,0.2750358944742562,151149941.2533789,9001749000.0,0.0167911748320664,0.015356512915829,0.0108592594524314,0.4141399773251232,0.3446767107227248,0.1574996525070858,0.0880781224504596,-0.1421895108456875,,,48.49143294825629,48.49143294825629,False,81.88277334534368,81.88277334534368,73.53493824607183,390.0,True,True,True,True,True,True,True,False,True,True,True,True,True,True,False,False,False,13,False,0.11806918512751552,0.1599869831201035,1.0,2192289.4191692355,0.8638888888888889,1.0,3.0,,,,,,0.05415173119877548,0.005277051089270514,0.2311481832380206,-0.8555839085820275,0.7970338983050848,-0.8555839085820275,0.7499521728643048,-390.0,0.6271186440677966,0.8728813559322034,0.8305084745762712,0.6576271186440678,0.7415254237288136,味王
57.70000076293945,57.79999923706055,57.0,57.400001525878906,1283018.0,0.008787345985792117,57.6,-0.0034721693322966596,57.635000228881836,0.10384618318997907,55.12999998728434,0.11025146380704576,53.98833338419596,0.007604895746441527,52.70271245539641,2291004.7,0.5600241675628164,-0.004077361014482417,1210.TW,2026-07-30,-0.1406250241048188,-0.023498694516971286,bull,0.22037037037037038,0.14457831325301204,2026-03-31,2026-05-15,26901827000.0,3784019000.0,1180916000.0,1208431000.0,239406000.0,788702000.0,0.94,32105270000.0,38581024000.0,76955549000.0,42538320000.0,34417229000.0,7061143000.0,20244237000.0,40800000.0,,0.1981130904453791,946961081.6836046,38374525000.0,0.0246768157178129,0.0229159064490636,0.0102487996024822,1.235960047800478,0.1406602979046739,0.0438972416260055,0.0293177857399796,0.0563562746423034,,,36.259563246145234,36.259563246145234,False,65.55522267467072,65.55522267467072,58.231307817539346,586.0,True,False,True,True,False,True,True,True,True,True,True,True,False,True,False,False,False,11,False,0.04117543150948921,0.06319269234344693,1.0,131503673.27579576,0.30925925925925923,1.0,3.0,,,,,,0.02683143711694922,-0.022273684662764734,0.15264559145933,-1.3201750184566736,0.4139830508474576,-1.3201750184566736,0.446243101609649,-586.0,0.423728813559322,0.19491525423728814,0.3474576271186441,0.4122881355932203,0.3398305084745763,大成
9.989999771118164,10.0,9.93000030517578,9.9399995803833,493539.0,-0.0010050481480938789,9.971999549865723,-0.005005024212254461,9.995999813079834,0.025799794718887936,9.821166610717773,-0.04791933528928527,9.94873661994934,0.0033122450347434357,45.762703645453705,516804.75,0.9549815476734685,-0.005602264280082925,1217.TW,2026-07-30,-0.1406250241048188,-0.023498694516971286,bull,0.2388888888888889,0.2715477293790547,2026-03-31,2026-05-15,1166163000.0,307298000.0,21356000.0,-57188000.0,6806000.0,-62857000.0,-0.13,2601435000.0,2999272000.0,15268066000.0,7073706000.0,8194360000.0,482770000.0,1265443000.0,3886095000.0,,0.0,21356000.0,12268794000.0,0.0017406763859593,-0.0076707637936336,-0.0041168933904267,0.8632408144138163,0.2635120476297052,0.0183130488619515,-0.0539006982728829,-0.0155472825811679,,,21.61740390137036,21.61740390137036,False,61.044640098856966,61.044640098856966,51.18783104948531,832.0,True,False,True,True,False,True,True,False,True,True,True,True,True,True,False,False,False,11,False,0.012099679638450045,-0.000878205937075438,0.0,5137038.998140097,0.7555555555555555,0.0,3.0,,,,,,0.059208763646699,0.02648850907105052,0.1529072317320744,-1.164282049626834,0.6788135593220339,-1.164282049626834,0.6403977725068741,-832.0,0.2457627118644068,0.0423728813559322,0.6694915254237288,0.3093220338983051,0.2694915254237288,愛之味
30.0,30.100000381469727,29.75,29.950000762939453,1745431.0,0.039930609595261846,29.530000305175783,0.023931650015023953,29.314375114440917,0.04173915697180708,28.893958409627277,0.015254263150489944,29.31114584604899,0.0026507640460473403,52.68685613899146,1468611.2,1.1884908681072295,0.021683070030219076,1227.TW,2026-07-30,-0.1406250241048188,-0.023498694516971286,bull,0.13148148148148148,0.23540315106580167,2026-03-31,2026-05-15,7770446000.0,1821298000.0,534137000.0,622219000.0,141852000.0,476916000.0,0.52,16438192000.0,7319301000.0,27104794000.0,7697855000.0,19406939000.0,2664511000.0,757042000.0,,,0.2279776091697617,412365723.7708909,19785493000.0,0.0208418220243938,0.0245745091485061,0.0175952637751093,0.3966547738414595,0.2343878330793367,0.0687395549753514,0.0613756276023281,0.1293742390423922,,,51.53019690683178,51.53019690683178,False,69.31133000342398,69.31133000342398,64.86604672927594,347.0,True,False,True,True,True,True,True,True,True,True,True,True,True,True,False,False,False,13,False,0.03654889850468912,0.021795630926403353,1.0,43984906.560461424,0.45185185185185184,0.0,3.0,,,,,,0.0096098107289546,-0.041709010915469816,0.13830103591947474,-1.557943097517871,0.21016949152542375,-1.557943097517871,0.22653864647193173,-347.0,0.6610169491525424,0.5423728813559322,0.0423728813559322,0.5682203389830508,0.5016949152542373,佳格
29.0,29.0,28.799999237060547,28.950000762939453,21000.0,-0.006861024295303442,29.04000015258789,0.021164034334966164,28.488999938964845,-0.0017241116227775244,28.29966656366984,-0.10232555773831153,29.435249980290735,0.006802962190322638,76.53565786439812,24508.6,0.8568420880833667,0.016181713116018903,1233.TW,2026-07-30,-0.1406250241048188,-0.023498694516971286,bull,0.1361111111111111,0.3493975903614458,2026-03-31,2026-05-15,568211000.0,347046000.0,36343000.0,38337000.0,7932000.0,30405000.0,0.34,681747000.0,542926000.0,2187347000.0,788420000.0,1398927000.0,178114000.0,141500000.0,,,0.206901948509273,28823562.48532749,1644421000.0,0.0175280919456316,0.021734515096213,0.0139004008051763,0.5635890936410549,0.6107695908738128,0.0639603949941131,0.0535100517237434,0.0370327785078112,,,52.3201600502199,52.3201600502199,False,63.53020300063209,63.53020300063209,60.72769226302904,335.0,True,False,True,True,True,True,True,False,True,True,True,True,True,True,False,False,False,12,False,0.02298027779961509,-0.01648530988105057,0.0,709523.9886985779,0.9592592592592593,0.0,3.0,,,,,,0.013992430420036525,-0.01588738243360367,0.095034754414158,-1.3054343029052764,0.311864406779661,-1.3054343029052764,0.29675361470930584,-335.0,0.711864406779661,0.2966101694915254,0.1271186440677966,0.6241525423728813,0.4703389830508474,天仁
63.400001525878906,63.400001525878906,62.79999923706055,63.400001525878906,26012.0,-0.012460988479613744,63.62000045776367,0.016025640633763105,63.96000003814697,0.016025640633763105,62.39666665395101,0.020246327297259725,62.123036003112794,0.005186234713760791,48.611133186891486,28501.05,0.9126681297706576,-0.008755448904535168,1315.TW,2026-07-30,-0.1406250241048188,-0.023498694516971286,bull,0.14907407407407408,0.293790546802595,2026-03-31,2026-05-15,400564000.0,44047000.0,-40608000.0,22670000.0,8119000.0,13937000.0,0.15,7354156000.0,780905000.0,11315299000.0,994940000.0,10320359000.0,2244943000.0,109175000.0,,,0.3581385090427878,-26064711.42479048,10534394000.0,-0.0024742487726195,0.0013504375186948,0.001231695247293,0.0964055610856172,0.1099624529413526,-0.1013770583477297,0.0347934412478405,-0.2598363215400335,,,15.52001612125422,15.52001612125422,False,63.1830141077129,63.1830141077129,51.267264611098234,951.0,True,False,True,True,False,True,True,False,True,True,True,True,True,True,False,False,False,11,False,0.016079943460639345,0.020555426858116288,1.0,1806966.613489151,0.8805555555555555,1.0,3.0,,,,,,0.011803664501294551,-0.015425971370977088,0.11085528189458188,-1.4560803480240325,0.2843220338983051,-1.4560803480240325,0.2801666679188204,-951.0,0.15254237288135594,0.05084745762711865,0.1016949152542373,0.14491525423728815,0.11186440677966102,達新
32.349998474121094,32.349998474121094,31.850000381469727,32.150001525878906,141722.0,0.011006361547658772,32.230001068115236,0.025518377501585032,31.860000133514404,0.09914535131209945,30.648333517710366,-0.0402984619140625,31.79458335240682,0.009585681779948398,59.459477571623616,134159.35,1.0563706517659783,0.009102366326089184,1321.TW,2026-07-30,-0.1406250241048188,-0.023498694516971286,bull,0.12407407407407407,0.1519925857275255,2026-03-31,2026-05-15,880894000.0,105477000.0,20883000.0,93159000.0,58043000.0,35116000.0,0.16,2103160000.0,996940000.0,11565078000.0,5771280000.0,5793798000.0,430438000.0,490000000.0,3742014000.0,,0.4,12529800.0,10568138000.0,0.0011856203997336,0.0060609638099222,0.0030363824610607,0.9961134302576652,0.119738583756956,0.0237065980696882,0.0398640472065878,-0.1112010218886778,,,14.654052606066369,14.654052606066369,False,76.99455750606202,76.99455750606202,61.40943128106311,967.0,True,True,True,True,True,True,True,True,True,True,True,True,True,True,False,False,False,14,False,0.04899672627553442,0.011178576222643954,1.0,4313223.307210922,0.7814814814814814,1.0,3.0,,,,,,-0.0004353071823458389,-0.03903003568040302,0.12016686715252167,-1.4115619279210132,0.19999999999999998,-1.4115619279210132,0.3147604108342665,-967.0,0.1271186440677966,0.3389830508474576,0.16101694915254236,0.13220338983050847,0.19745762711864406,大洋
69.9000015258789,70.0,68.19999694824219,68.4000015258789,206348.0,0.03951365278928565,68.57999877929687,0.057187090450662614,67.02999954223633,0.06376358133017246,65.72333297729492,-0.13307984533506045,65.26750001907348,0.013379693877016588,56.692928995593576,170213.65,1.2122882036781422,0.020438639310736306,1419.TW,2026-07-30,-0.1406250241048188,-0.023498694516971286,bull,0.0787037037037037,0.20111214087117701,2026-03-31,2026-05-15,1453047000.0,375765000.0,152661000.0,2932327000.0,127257000.0,2805070000.0,9.37,6923708000.0,4287205000.0,25723813000.0,5280888000.0,20442925000.0,2263855000.0,3450000000.0,0.0,,0.0433979566398972,146035824.54139665,21436608000.0,0.0068124502039406,0.1372147087562078,0.1090456535351116,0.2583235031190497,0.2586048489828615,0.1050626717511546,1.930474375570784,0.3659537865683988,,,72.80054807279497,72.80054807279497,True,76.29773922431487,76.29773922431487,75.4234414364349,140.0,True,True,True,True,True,True,True,True,True,True,True,True,True,True,True,True,False,14,False,0.040726305671513696,0.04799481374175496,1.0,11642613.919725418,0.6564814814814814,1.0,3.0,,,,,,-0.00723093385241896,-0.05857146039036629,0.15942325277003186,-0.3430201299460177,0.36906779661016953,-0.3430201299460177,0.4325898809439078,-140.0,0.8898305084745762,0.8983050847457628,0.3305084745762712,0.8059322033898305,0.7805084745762711,新紡
31.149999618530277,31.649999618530277,30.950000762939453,31.450000762939453,279429.0,0.01451615364320813,31.05,0.03795384669423729,30.929999923706056,0.06972793098667585,29.682499949137373,-0.04552351943151167,30.42833334604899,0.0069998359798160706,63.82980622980051,192883.95,1.448689743236801,0.016812183657163526,1437.TW,2026-07-30,-0.1406250241048188,-0.023498694516971286,bull,0.10277777777777777,0.19091751621872105,2026-03-31,2026-05-15,173801000.0,106736000.0,81756000.0,164121000.0,25845000.0,138012000.0,0.68,2289494000.0,1297708000.0,13727130000.0,5454839000.0,8272291000.0,555767000.0,882000000.0,3400000000.0,,0.157475277386806,68881451.22196428,12429422000.0,0.0055418064671039,0.0166836490640863,0.0100539588391746,0.6594109177252105,0.6141276517396332,0.4704000552355855,0.7940805864177997,-0.0904852113118288,,,51.0413507613127,51.0413507613127,False,79.13959611537949,79.13959611537949,72.11503477686279,354.0,True,True,True,True,True,True,True,True,True,True,True,True,True,True,False,False,False,14,False,0.059546898570901785,0.033576187209186203,1.0,6066200.3746587755,0.7314814814814815,1.0,3.0,,,,,,0.008631999564680685,-0.03318922942036737,0.07042779435496724,-1.6791807209664784,0.16271186440677968,-1.6791807209664784,0.27364434847023383,-354.0,0.652542372881356,0.8389830508474576,0.0847457627118644,0.5673728813559322,0.5949152542372881,勤益控
27.450000762939453,27.5,26.549999237060547,27.049999237060547,32772.0,0.02656542107995885,26.879999923706055,0.1341718576271831,25.407500076293946,0.01691724996757138,25.325000095367432,-0.09380238219853976,26.68583334287008,0.028123414474252532,70.7602127840888,50305.8,0.6514556969574085,0.06464623264132574,1439.TW,2026-07-30,-0.1406250241048188,-0.023498694516971286,bull,0.01574074074074074,0.2919369786839666,2026-03-31,2026-05-15,75912000.0,22864000.0,4904000.0,59736000.0,1630000.0,54161000.0,0.59,3556714000.0,2128037000.0,6084300000.0,2619482000.0,3464818000.0,685342000.0,1313697000.0,338000000.0,,0.0272867282710593,4770185.884558725,3956263000.0,0.0012057302268728,0.0156317012899378,0.0089017635553802,0.7560229714807531,0.3011908525661292,0.0646011170829381,0.7134708609969438,-0.4434481696811513,,,31.08546525604612,31.08546525604612,False,72.61653936412242,72.61653936412242,62.23377083710334,660.0,True,False,True,True,True,True,True,True,True,True,True,True,False,True,False,False,False,12,False,0.06811447720423347,0.013646412668157026,1.0,1360771.8516197205,0.9101851851851852,0.0,3.0,,,,,,0.02981591742672269,-0.014649585071131099,0.09407957110338509,-1.3832408257432558,0.376271186440678,-1.3832408257432558,0.463155223264788,-660.0,0.4067796610169492,0.3983050847457627,0.3728813559322034,0.4016949152542373,0.3974576271186441,雋揚
30.049999237060547,30.5,29.25,29.850000381469727,765752.0,0.0084459458370989,29.99000015258789,0.06039079168656136,29.257500076293944,0.1349810360224919,27.69749997456869,0.0328719991515265,27.73791666030884,0.024332606609853615,66.66666666666669,462344.6,1.6562364954624755,0.020251228014380507,1442.TW,2026-07-30,-0.1406250241048188,-0.023498694516971286,bull,0.07222222222222222,0.11584800741427248,2026-03-31,2026-05-15,302076000.0,150633000.0,104031000.0,105298000.0,19596000.0,85702000.0,0.23,13238665000.0,2535144000.0,14537328000.0,6447947000.0,8089381000.0,457751000.0,970000000.0,3173770000.0,,0.186100400767346,84670789.20777223,12002184000.0,0.0070546151606884,0.01059438293239,0.0058953062075781,0.7970878117868351,0.4986592777976403,0.3443868430461208,0.2837100597200704,-0.7804954613231485,,,47.44569679476102,47.44569679476102,False,79.85980172402463,79.85980172402463,71.75627549170873,399.0,True,True,True,True,True,True,True,True,True,True,True,True,True,True,False,False,False,14,False,0.07771460994232049,0.07614428102248727,1.0,13800986.486370467,0.6222222222222222,0.0,3.0,,,,,,0.07645113868834529,0.04905946109018924,0.2081293202003037,-1.3874123903477356,0.7622881355932203,-1.3874123903477356,0.7428131630534074,-399.0,0.6101694915254238,0.7966101694915254,0.8135593220338984,0.6406779661016949,0.7067796610169491,名軒
17.399999618530273,17.399999618530273,17.299999237060547,17.399999618530273,105089.0,0.0,17.399999618530273,0.02052788252969262,17.322499752044678,0.0265486038546221,16.953333218892414,0.01579204760028796,17.00645416577657,0.005660374099226306,55.55557910307952,157238.1,0.6683431051380041,0.004473942421413302,1451.TW,2026-07-30,-0.1406250241048188,-0.023498694516971286,bull,0.13796296296296295,0.2669138090824838,2026-03-31,2026-05-15,1528005000.0,251389000.0,90072000.0,117186000.0,24897000.0,92289000.0,0.47,5411009000.0,1104512000.0,8789257000.0,1451967000.0,7337290000.0,1101248000.0,128340000.0,,,0.2124571194511289,70935562.33679791,7684745000.0,0.0092306982647827,0.0125780771919877,0.0105002049661308,0.1978887300352037,0.1645210585043897,0.0589474510881836,0.0603983625708031,0.1312304459905859,,,38.81138540584345,38.81138540584345,False,68.51173786703293,68.51173786703293,61.086649751735564,541.0,True,False,True,True,True,True,True,True,True,True,True,True,False,True,False,False,False,12,False,0.026346818874538824,0.023140946896835546,1.0,2735942.880018425,0.8342592592592593,0.0,3.0,,,,,,0.040049375139171214,0.00914051123151206,0.12728441469098253,-1.362079429503362,0.5432203389830509,-1.362079429503362,0.5594827258103718,-541.0,0.4745762711864407,0.3135593220338983,0.5423728813559322,0.4847457627118644,0.4398305084745763,年興
10.199999809265137,10.199999809265137,9.43000030517578,9.43000030517578,953496.0,-0.0844660067425701,10.005999946594239,0.06795021366408993,9.340999937057495,0.3170391768351968,7.976833335558573,0.19822114895823484,7.6155833522478735,0.06681132869248127,59.69582141995934,1304698.0,0.7308173998887099,0.009527927279519899,1467.TW,2026-07-30,-0.1406250241048188,-0.023498694516971286,bull,0.05740740740740741,0.03707136237256719,2026-03-31,2026-05-15,1182469000.0,233654000.0,6454000.0,43184000.0,15488000.0,25429000.0,0.11,4780307000.0,3706895000.0,8859724000.0,5854515000.0,3005209000.0,1788594000.0,1910806000.0,1915954000.0,,0.3586513523527232,4139264.171915524,5152829000.0,0.0008032993471965,0.00846164110383,0.0028701797031149,1.948122410121892,0.197598414842165,0.0054580712052493,0.0215050035138341,-0.0488497818933252,,,14.540544369959688,14.540544369959688,False,81.6959003472673,81.6959003472673,64.90706135294039,970.0,True,True,True,True,True,True,True,True,True,True,True,True,False,True,False,False,False,13,False,0.1821734149990799,0.23825055402910778,1.0,12303302.53816223,0.6444444444444445,0.0,3.0,,,,,,0.06578857522939187,0.006069966580381367,0.2481467946465899,-0.988862770390117,0.8177966101694916,-0.988862770390117,0.8552349351537478,-970.0,0.11864406779661017,0.5508474576271186,0.9576271186440678,0.24449152542372882,0.4161016949152542,南緯
13.449999809265137,13.850000381469728,13.25,13.699999809265137,56000.0,0.022388074572778915,13.3,0.13223135350026038,12.994999980926513,0.1229508215943449,12.358333349227905,0.03007515885668366,12.412499992052714,0.026461290819125058,60.13513826993117,56660.95,0.9883349996779087,0.05425162211415091,1468.TW,2026-07-30,-0.1406250241048188,-0.023498694516971286,bull,0.016666666666666666,0.12418906394810009,2026-03-31,2026-05-15,127625000.0,33061000.0,6858000.0,37576000.0,10255000.0,27394000.0,0.17,2026221000.0,1309595000.0,3251907000.0,1720312000.0,1531595000.0,422483000.0,1024218000.0,318861000.0,,0.2729135618479881,4986358.792846498,1942312000.0,0.002567228536325,0.0178859293742797,0.0084239801445736,1.1232159937842576,0.2590479921645445,0.0537355533790401,0.2146444662095984,-0.4821632894854295,,,27.22145617109853,27.22145617109853,False,84.9552844329558,84.9552844329558,70.52182736749148,730.0,True,True,True,True,True,True,True,True,True,True,True,True,True,True,False,False,False,14,False,0.10856370532528592,0.10372606791836958,1.0,776255.0041927814,0.9527777777777777,0.0,3.0,,,,,,0.07718030088644638,0.015974422321277538,0.28070253928246364,-0.837574228575419,0.8927966101694916,-0.837574228575419,0.8793881639704706,-730.0,0.3220338983050847,0.7627118644067796,0.9661016949152542,0.4186440677966101,0.583050847457627,昶和
22.399999618530277,23.0,22.399999618530277,22.950000762939453,18000.0,0.02000003390842009,22.84000015258789,0.09285717918759295,22.307500076293945,0.02000003390842009,22.1298552831014,0.0,22.39826103846232,0.02065558848978495,75.43862349587076,7800.0,2.3076923076923075,0.028802003113217012,1470.TW,2026-07-30,-0.1406250241048188,-0.023498694516971286,bull,0.03888888888888889,0.2845227062094532,2026-03-31,2026-05-15,191305000.0,51630000.0,23476000.0,33194000.0,6523000.0,26671000.0,0.31,639175000.0,186883000.0,1180792000.0,196077000.0,984715000.0,246931000.0,25000000.0,,,0.196511417726095,18862697.95746219,993909000.0,0.0189782947507892,0.0270849941353589,0.0225873820283335,0.1991205577248239,0.2698831708528266,0.1227150361987402,0.1394161156268785,-0.1058090510512195,,,51.74217296976339,51.74217296976339,False,69.12043260419843,69.12043260419843,64.77586769558967,342.0,True,False,True,True,True,True,True,False,True,True,True,True,True,True,False,False,False,12,False,0.03706058938687806,0.02463315002578481,1.0,179010.00595092773,0.9916666666666667,0.0,3.0,,,,,,0.07036542432786044,0.0032360029994069643,0.19044687856626588,-0.7161755946454852,0.8093220338983051,-0.7161755946454852,0.73100837615264,-342.0,0.6779661016949152,0.5338983050847458,0.7966101694915254,0.6957627118644066,0.6584745762711864,大統新創
338.5,355.5,334.5,352.0,4054239.0,0.05389221556886237,341.1,0.11746031746031749,336.9,0.05705705705705699,334.4909378051758,-0.14355231143552316,351.40796890258787,0.01897920604914927,60.8974358974359,1651597.95,2.454737244012685,0.044820421490056495,1476.TW,2026-07-30,-0.1406250241048188,-0.023498694516971286,bull,0.022222222222222223,0.21408711770157554,2026-03-31,2026-05-15,9621070000.0,3094736000.0,2194913000.0,2290689000.0,456173000.0,1834516000.0,6.69,23249199000.0,9214639000.0,36864649000.0,9360987000.0,27503662000.0,2958067000.0,280436000.0,,,0.1991422668026956,1757813049.7452948,27650010000.0,0.0635736858592562,0.0667007906074471,0.0497635553236923,0.3403542044692085,0.321662351484814,0.2281360597106143,0.1906769205504169,0.026290598239542,,,82.3980197254144,82.3980197254144,False,82.6022304010052,82.6022304010052,82.5511777321075,71.0,True,True,True,True,True,True,True,True,True,True,True,True,True,True,True,False,False,14,False,0.05234540077442196,0.001684740102112503,1.0,581362478.4,0.16111111111111112,2.0,2.0,,,,,,0.024893066584907735,-0.039145458804176136,0.1901447534927204,-0.6337684554854444,0.5351694915254237,-0.6337684554854444,0.5747739072883455,-71.0,0.9576271186440678,0.9830508474576272,0.5677966101694916,0.8991525423728813,0.8872881355932204,儒鴻
11.949999809265137,12.100000381469728,11.149999618530272,11.199999809265137,1353698.0,-0.017543843505050893,11.499999809265137,0.056603717566302336,11.294999933242797,0.09268290822098901,10.607499996821085,-0.1040000152587891,11.000000015894573,0.02402538191662726,55.10204121352536,1722478.85,0.7859010866809772,-0.008410812265528422,1517.TW,2026-07-30,-0.1406250241048188,-0.023498694516971286,bull,0.08148148148148149,0.1603336422613531,2026-03-31,2026-05-15,438193000.0,4957000.0,-85854000.0,-50616000.0,-13838000.0,-41849000.0,-0.19,2856330000.0,505082000.0,4156878000.0,660249000.0,3496629000.0,748897000.0,,,,0.2733918128654971,-62382219.298245616,3651796000.0,-0.0170826134039923,-0.0119683844068101,-0.010067411167708,0.1888244363356821,0.0113123669250763,-0.1959273653390172,-0.0955035794729719,-0.2058095362375577,,,14.285714285714285,14.285714285714285,False,71.99392695849436,71.99392695849436,57.56687379029934,974.0,True,False,True,True,False,True,True,True,True,True,True,True,False,True,False,False,False,11,False,0.05585668749673478,0.01818179937105202,1.0,19291762.791463234,0.5796296296296296,0.0,3.0,,,,,,0.046367704124016376,-0.023323383823415172,0.2111836574481537,-1.421240675685326,0.5597457627118644,-1.421240675685326,0.5223082125927648,-974.0,0.11016949152542373,0.15254237288135594,0.5084745762711864,0.16991525423728812,0.20254237288135593,利奇
67.9000015258789,68.0,67.30000305175781,68.0,60484.0,0.011904807858458266,67.42000122070313,0.036585389964996606,67.1450008392334,0.08452949238548113,65.35702164967854,0.06750391186121107,63.769344075520834,0.008940652957972747,57.74648644059966,17088.85,3.5393838672584756,0.01273362350257079,1525.TW,2026-07-30,-0.1406250241048188,-0.023498694516971286,bull,0.10925925925925926,0.1705282669138091,2026-03-31,2026-05-15,281735000.0,40655000.0,2924000.0,46209000.0,106069000.0,-59860000.0,-0.82,2768107000.0,386523000.0,5758402000.0,665056000.0,5093346000.0,2111569000.0,,,,0.4,1754400.0,5371879000.0,0.0003265896346511,-0.0117525885734053,-0.0103952450697259,0.1305734972648628,0.1443022698635242,0.0103785472163557,-0.2124691642855875,0.0173619762608918,,,20.40210850591844,20.40210850591844,False,74.90513577525752,74.90513577525752,61.27937895792275,852.0,True,False,True,True,True,True,True,True,True,True,True,True,False,True,False,False,False,12,False,0.0404390880063068,0.06634309927147575,1.0,1162041.7999999998,0.9287037037037037,1.0,3.0,,,,,,0.006863052032746447,-0.03207694674841883,0.059735536968106094,-1.3117721978793948,0.22584745762711866,-1.3117721978793948,0.2966467598726331,-852.0,0.211864406779661,0.3305084745762712,0.11864406779661017,0.19788135593220338,0.2288135593220339,江申
18.899999618530277,20.700000762939453,18.549999237060547,18.549999237060547,6773079.0,0.1074626410185402,17.690000152587892,0.28819442558803643,15.949999952316285,0.15576324727962154,15.094999980926513,-0.15681821649724792,16.542916663487752,0.05856977491656143,71.28204932579627,1575386.15,4.299313536557371,0.1630093600324234,1526.TW,2026-07-30,-0.1406250241048188,-0.023498694516971286,bull,0.003703703703703704,0.1010194624652456,2026-03-31,2026-05-15,161967000.0,20373000.0,-31597000.0,-32188000.0,-5656000.0,-26532000.0,-0.44,1390560000.0,762634000.0,2260417000.0,919977000.0,1340440000.0,321815000.0,47136000.0,137059000.0,0.0,0.1757176587548154,-26044849.136324096,1497783000.0,-0.0173889336014122,-0.0197935006415803,-0.0117376572552763,0.6863246396705559,0.1257848821056141,-0.1950829489957831,-0.1638111467150715,-0.1925147819844253,,,13.294112740747746,13.294112740747746,False,82.36340232725775,82.36340232725775,65.09607993063024,990.0,True,True,True,True,True,True,True,True,True,True,False,True,False,False,False,False,False,11,False,0.22888368734677988,0.12132579849130676,1.0,29223411.88057575,0.5175925925925926,0.0,3.0,,,,,,-0.004709563150670342,-0.10577407056266178,0.2259035509044391,-1.6473551593343656,0.2555084745762712,-1.6473551593343656,0.575477036606393,-990.0,0.0847457627118644,0.559322033898305,0.576271186440678,0.15847457627118644,0.3254237288135593,日馳
33.75,33.849998474121094,33.150001525878906,33.650001525878906,456011.0,0.0014881861318036815,33.65999984741211,0.005979095915628285,33.75250015258789,0.030627869931564522,33.249166870117186,-0.05874121605933125,33.15333350499471,0.002822547271941826,52.631600081380036,244982.35,1.8614034847816587,-0.0030367713871746194,1527.TW,2026-07-30,-0.1406250241048188,-0.023498694516971286,bull,0.18055555555555555,0.25857275254865614,2026-03-31,2026-05-15,629386000.0,115885000.0,24243000.0,55766000.0,11153000.0,,0.32,3703449000.0,488625000.0,5420208000.0,534041000.0,4886167000.0,326800000.0,,,,0.1999964135853387,19394486.94545064,4931583000.0,0.003932710236338,,,0.1092965099228086,0.1841238921742778,0.0385184926261467,,-0.2287503369850255,,,28.83104496277897,28.83104496277897,False,66.64243001463647,66.64243001463647,57.189583751672096,702.0,True,False,True,True,False,True,True,True,True,True,True,True,True,True,False,False,False,12,False,0.0120554796854766,0.014980937612483869,1.0,8243656.451313401,0.7,1.0,3.0,,,,,,0.027046172142477863,-0.009360456421945253,0.10656086204583114,-1.5408223137850086,0.34661016949152545,-1.5408223137850086,0.37251616244270264,-702.0,0.3559322033898305,0.1440677966101695,0.2288135593220339,0.336864406779661,0.2669491525423729,鑽全
23.5,23.549999237060547,23.299999237060547,23.5,957947.0,0.01731600051622273,23.370000076293945,0.012931001172197254,23.427499961853027,0.030701788875572733,23.272500006357827,0.03858577711720046,23.23506881395976,0.0011752161253220045,53.125011175868025,486836.85,1.967696159401245,0.0030946553522579467,1604.TW,2026-07-30,-0.1406250241048188,-0.023498694516971286,bull,0.16111111111111112,0.25764596848934196,2026-03-31,2026-05-15,2372906000.0,478239000.0,152503000.0,224334000.0,32077000.0,187244000.0,0.51,4163362000.0,4170169000.0,19618124000.0,10651689000.0,8966435000.0,915329000.0,1480000000.0,4918850000.0,,0.1429876880009271,130696948.6167946,15447955000.0,0.0084604692735572,0.0208827700195228,0.00954443962124,1.187951398744317,0.2015414854191443,0.064268453954771,0.0789091519006652,-0.0357932753161021,,,30.83420932595463,30.83420932595463,False,67.16928315640871,67.16928315640871,58.085514698795194,666.0,True,False,True,True,True,True,True,True,True,True,True,True,True,True,False,False,False,13,False,0.009775485812870244,0.011402212240536391,1.0,11440665.975,0.6574074074074074,0.0,3.0,,,,,,0.024845408004404233,-0.004582459835319998,0.1269067798662886,-1.3040897064424528,0.4271186440677966,-1.3040897064424528,0.5002281824603159,-666.0,0.3813559322033898,0.1864406779661017,0.4406779661016949,0.3902542372881356,0.3347457627118644,聲寶
33.79999923706055,34.25,33.79999923706055,34.20000076293945,532295.0,0.028571451516975932,33.63999938964844,0.08571430993458584,33.38749980926514,0.03896661509298971,32.12977202733358,-0.05024453330401013,33.42814100583394,0.016749137701260394,74.24246452619715,401534.45,1.3256521327123987,0.024335483588646678,1702.TW,2026-07-30,-0.1406250241048188,-0.023498694516971286,bull,0.044444444444444446,0.24467099165894346,2026-03-31,2026-05-15,5815363000.0,1402332000.0,68282000.0,139763000.0,48520000.0,30589000.0,0.12,15712185000.0,10700252000.0,34555834000.0,19000135000.0,15555699000.0,6359398000.0,2854697000.0,3465138000.0,1974436000.0,0.3471591193663559,44577281.011426486,23855582000.0,0.0018686310403756,0.0019664175811064,0.000885205085775,1.2214259867075083,0.241142642342361,0.0117416573995466,0.0052600327786932,-0.0073743301688501,,,19.91946878549432,19.91946878549432,False,72.29161661351696,72.29161661351696,59.198579656511306,862.0,True,False,True,True,True,True,True,False,True,True,True,True,True,True,False,False,False,12,False,0.06443334654988142,0.023090119099677286,1.0,13732478.496346474,0.625,1.0,3.0,,,,,,-0.005747925307338611,-0.06381345327908844,0.16606961656399402,-1.4072330138961966,0.24745762711864408,-1.4072330138961966,0.2574167568217334,-862.0,0.19491525423728814,0.2457627118644068,0.059322033898305086,0.17457627118644067,0.18305084745762715,南僑
83.0999984741211,85.80000305175781,81.0,84.19999694824219,785470.0,-0.058165598309653954,84.96000061035156,0.04272442041166791,85.39951248168946,0.06852783867200518,83.87706413269044,0.15818432575983832,80.05936520894369,0.011648483495439139,49.66665895249912,937364.8,0.8379555110240965,-0.014045929521019906,1723.TW,2026-07-30,-0.1406250241048188,-0.023498694516971286,bull,0.0962962962962963,0.1927710843373494,2026-03-31,2026-05-15,1277807000.0,319750000.0,181223000.0,217086000.0,38207000.0,178879000.0,0.77,3402849000.0,1696462000.0,11518279000.0,3468337000.0,8049942000.0,782501000.0,937470000.0,1000000000.0,,0.1759993735201717,149327865.5325539,9821817000.0,0.0152036904711779,0.0222211538915435,0.0155300110372391,0.4308524210484994,0.2502334077055455,0.1418234522114842,0.139989059380642,-0.2447011744956525,,,46.187073211591255,46.187073211591255,False,67.29183400267738,67.29183400267738,62.01564380490585,413.0,True,False,True,True,False,True,True,False,True,True,True,True,True,True,False,False,False,11,False,0.0038500729477235485,0.05171951749170178,1.0,78926113.29938965,0.37037037037037035,1.0,3.0,,,,,,0.036060242558252874,0.006064013088307012,0.17320964307083445,-1.2513723216584576,0.6093220338983052,-1.2513723216584576,0.6248496674071914,-413.0,0.6016949152542372,0.3728813559322034,0.652542372881356,0.609322033898305,0.5432203389830509,中碳
32.29999923706055,32.29999923706055,31.549999237060547,31.75,150052.0,0.003159569752764657,31.940000152587892,0.07082632069098871,31.132499980926514,0.12588649436229704,29.823695596059164,0.06902354156228152,29.65393107732137,0.021156217325021875,65.26316592567841,228874.3,0.6556087773944038,0.01983457863813709,1733.TW,2026-07-30,-0.1406250241048188,-0.023498694516971286,bull,0.05277777777777778,0.12140871177015755,2026-03-31,2026-05-15,519723000.0,175664000.0,87211000.0,86914000.0,5544000.0,81275000.0,0.81,1759309000.0,560904000.0,2489266000.0,666458000.0,1822808000.0,593961000.0,,,,0.0637871919368571,81648055.20399475,1928362000.0,0.0423406265026974,0.0445878007996453,0.0326501868422257,0.3656216123694871,0.3379954321821432,0.1678028488252396,0.1563813800813125,-0.0698519739491331,,,72.99324516078546,72.99324516078546,False,77.29747939705925,77.29747939705925,76.2214208379908,137.0,True,True,True,True,True,True,True,True,True,True,True,True,False,True,True,False,False,13,False,0.06458972858465506,0.07068435268205153,1.0,7266759.024999999,0.7166666666666667,1.0,3.0,,,,,,0.03244304292008006,-0.001503689044537789,0.1556886019390138,-1.1302445029321027,0.5508474576271186,-1.1302445029321027,0.6116524896303422,-137.0,0.8983050847457628,0.9152542372881356,0.6186440677966102,0.8563559322033898,0.8474576271186441,五鼎
137.0,137.0,127.5,127.5,528900.0,-0.03041825095057038,132.5,-0.00390625,131.825,0.03658536585365857,123.29166666666667,-0.1556291390728477,126.17916666666666,0.011121764141898282,46.610169491525426,622005.95,0.8503134093813733,-0.03280864782856052,1736.TW,2026-07-30,-0.1406250241048188,-0.023498694516971286,bull,0.22685185185185186,0.25023169601482853,2026-03-31,2026-05-15,11791948000.0,6052382000.0,-92539000.0,40175000.0,16051000.0,23921000.0,0.08,30613897000.0,23508674000.0,46411739000.0,32321282000.0,14090457000.0,3157649000.0,7600383000.0,1539220000.0,3000000000.0,0.3995270690728065,-55567164.55507156,22903065000.0,-0.0024261890081118,0.0016976738227865,0.0005154083970005,2.2938419953305984,0.5132639662250885,-0.0078476431544643,0.0020285876430255,0.111450973975419,,,26.12240913361154,26.12240913361154,False,61.938652044073734,61.938652044073734,52.984591316458186,750.0,True,False,True,True,False,True,True,False,True,True,True,True,True,True,False,False,False,11,False,0.03413315309226084,0.010467919294653738,1.0,79305758.625,0.36944444444444446,2.0,3.0,,,,,,0.01874802291781807,-0.03872039998647972,0.1849542520009855,-1.5403542981689746,0.336864406779661,-1.5403542981689746,0.2840320001626574,-750.0,0.3050847457627119,0.06779661016949153,0.11016949152542373,0.27584745762711865,0.19491525423728812,喬山
32.349998474121094,32.349998474121094,32.0,32.04999923706055,111315.0,0.0015624761581420898,32.150000762939456,0.004702182455297965,32.00000009536743,0.01263821874727844,31.763333288828537,0.011040961063012888,31.74208339055379,0.0025847972890269966,54.83869379939859,110598.65,1.006477023001637,0.0015624731732533093,1737.TW,2026-07-30,-0.1406250241048188,-0.023498694516971286,bull,0.18611111111111112,0.3049119555143652,2026-03-31,2026-05-15,789500000.0,318972000.0,121499000.0,119210000.0,24754000.0,94456000.0,0.47,2822409000.0,867892000.0,8297335000.0,1388240000.0,6909095000.0,1502269000.0,83000000.0,0.0,,0.2076503649022733,96269688.31473868,7429443000.0,0.0129578608133528,0.0136712550630726,0.0113838961546086,0.2009293547128821,0.4040177327422419,0.1538936035465484,0.119640278657378,-0.0362419417252917,,,52.08815722926094,52.08815722926094,False,65.13215328981295,65.13215328981295,61.87115427467495,337.0,True,False,True,True,True,True,True,True,True,True,True,True,True,True,False,False,False,13,False,0.009025058724955404,0.009700555654087673,1.0,3544686.6481199265,0.8101851851851852,1.0,3.0,,,,,,0.01977506854152684,0.0032627121406960816,0.1071650199243937,-1.4038122572981548,0.39364406779661015,-1.4038122572981548,0.45779544493713653,-337.0,0.6949152542372882,0.3559322033898305,0.3644067796610169,0.6453389830508475,0.5271186440677966,臺鹽
31.549999237060547,32.79999923706055,31.0,32.45000076293945,2411513.0,0.01248054712639024,31.97000045776367,0.094435115697582,31.357499980926512,0.14664316741197037,30.489166736602783,0.04006410158440765,30.49791673024496,0.015792034246021547,71.96263448153421,1039616.8,2.3196171897183655,0.034840174844214866,1808.TW,2026-07-30,-0.1406250241048188,-0.023498694516971286,bull,0.037037037037037035,0.10379981464318813,2026-03-31,2026-05-15,5392216000.0,1474911000.0,1229561000.0,1153602000.0,211319000.0,942283000.0,1.06,46784978000.0,26633648000.0,51660398000.0,37973630000.0,13686768000.0,5845055000.0,11570200000.0,207356000.0,10980553000.0,0.1831818946222353,1004327686.4663897,25026750000.0,0.0401301681787043,0.068846275468394,0.0182399485191732,2.774477509957062,0.2735259492572256,0.2280251755493474,0.1747487489373571,173.44891620834682,,,72.1127428848662,72.1127428848662,False,74.19724142649375,74.19724142649375,73.67611679108686,149.0,True,False,True,True,True,True,True,True,True,True,True,True,True,True,True,False,False,13,False,0.0643124832920623,0.06400712710840994,1.0,33735565.953164674,0.4925925925925926,1.0,3.0,,,,,,0.04586155058522025,-0.038650364466594526,0.17503650605203344,-0.8454099654227266,0.5826271186440678,-0.8454099654227266,0.7023216055704882,-149.0,0.8728813559322034,0.8898305084745762,0.7627118644067796,0.8563559322033898,0.8559322033898304,潤隆
28.5,29.0,28.299999237060547,29.0,2449129.0,0.033868120812077684,28.35,0.09996746619852326,27.836306381225587,0.21593289459783693,26.25416679382324,0.1553784684963384,25.689166736602782,0.01778084424263813,70.27024519194089,1727042.7,1.4181056438268724,0.04180488613817235,1907.TW,2026-07-30,-0.1406250241048188,-0.023498694516971286,bull,0.032407407407407406,0.06209453197405004,2026-03-31,2026-05-15,17964361000.0,2424583000.0,-77218000.0,452137000.0,195557000.0,208827000.0,0.13,69038373000.0,57579369000.0,178076390000.0,82625870000.0,95450520000.0,10428232000.0,15812770000.0,19190444000.0,964996000.0,0.4,-46330800.0,120497021000.0,-0.0003844974723482,0.0021878036913785,0.0011726821281585,0.8656408576925511,0.1349662812943917,-0.0042983994810614,0.0116245158956669,-0.0057560278150267,,,17.0350561108219,17.0350561108219,False,79.44336868849815,79.44336868849815,63.841290544079094,915.0,True,True,True,True,True,True,True,True,True,True,True,True,True,True,False,False,False,14,False,0.10458656820991807,0.12888052373765135,1.0,50084238.3,0.43333333333333335,0.0,3.0,,,,,,0.00042139571665781103,-0.0706170322765474,0.18943939116931752,-1.5588206234965518,0.25466101694915255,-1.5588206234965518,0.2741617760812768,-915.0,0.1694915254237288,0.4830508474576271,0.09322033898305085,0.1580508474576271,0.2483050847457627,永豐餘
18.799999237060547,19.149999618530277,18.799999237060547,18.950000762939453,37961828.0,0.0,19.060000228881837,0.01881722442427547,18.7314136505127,0.0079788048918219,18.796304575602214,-0.020671814503597008,19.264818986256916,0.0032134756942629726,59.592015953456915,38907367.15,0.9756976835169892,0.011669547024325766,2002.TW,2026-07-30,-0.1406250241048188,-0.023498694516971286,bull,0.1439814814814815,0.31881371640407785,2026-03-31,2026-05-15,79161889000.0,2637098000.0,-620543000.0,-966928000.0,893225000.0,-2451833000.0,-0.16,182155729000.0,154652832000.0,675792615000.0,344185931000.0,331606684000.0,19561433000.0,27960343000.0,93161390000.0,62603546000.0,0.0,-620543000.0,521139783000.0,-0.0011907419472521,-0.0073937984917095,-0.0036280849266161,1.0379342383822396,0.0333127219841861,-0.007838910968888,-0.0309723912727752,-0.0481943399382251,,,12.23150247108328,12.23150247108328,False,62.11824817909955,62.11824817909955,49.64656175209548,1008.0,True,False,True,True,True,False,True,True,True,True,True,True,True,True,False,False,False,12,False,0.008176936414232117,-0.016341613359671214,0.0,737294637.1764654,0.12777777777777777,0.0,3.0,,,,,,-0.011615157345075776,-0.08088006156820281,0.10277384172471846,-1.7975955809056061,0.06610169491525424,-1.7975955809056061,0.382504835928936,-1008.0,0.06779661016949153,0.01694915254237288,0.2711864406779661,0.09830508474576272,0.09322033898305085,中鋼
73.0,73.5,71.69999694824219,73.4000015258789,3253812.0,0.03089894202152821,72.62000122070313,0.06376813805621606,70.88999977111817,0.1004498483386107,68.53333320617676,0.10759903901326173,69.30073731740316,0.013583071248340307,66.00001068114419,2527064.4,1.2875857061656206,0.035406993410421084,2006.TW,2026-07-30,-0.1406250241048188,-0.023498694516971286,bull,0.06388888888888888,0.14828544949026876,2026-03-31,2026-05-15,13602390000.0,2004381000.0,1390762000.0,1521134000.0,302993000.0,1211982000.0,1.66,28387625000.0,18568929000.0,51955456000.0,19405487000.0,32549969000.0,1294546000.0,5329132000.0,260000000.0,,0.1991888946010016,1113737654.5669217,33386527000.0,0.0333588951784928,0.0372345055075167,0.0233273287024946,0.596175283607797,0.1473550603974742,0.1022439438951537,0.089100665397772,-0.0619062729029651,,,52.210458028038886,52.210458028038886,False,79.16776000816499,79.16776000816499,72.42843451313347,336.0,True,True,True,True,True,True,True,True,True,True,True,True,True,True,False,False,False,14,False,0.07101169740367341,0.05915181233499389,1.0,185486530.81599426,0.26851851851851855,1.0,3.0,,,,,,0.018928508255811292,-0.01889835174974536,0.1734957875625606,-1.1318725028002445,0.4635593220338983,-1.1318725028002445,0.4875510476374627,-336.0,0.7033898305084746,0.8559322033898306,0.4067796610169492,0.6588983050847458,0.6898305084745764,東和鋼鐵
31.850000381469727,31.850000381469727,30.549999237060547,31.0,26923.0,0.003236258339943676,30.85999984741211,0.04138066428245191,30.175489711761475,0.1071428571428572,29.473348490397136,0.0562180441936897,28.90250757535299,0.009549803714566981,70.09345294606912,38492.15,0.6994413146576639,0.027323841174221375,2008.TW,2026-07-30,-0.1406250241048188,-0.023498694516971286,bull,0.09814814814814815,0.14087117701575533,2026-03-31,2026-05-15,349981000.0,60260000.0,34264000.0,25821000.0,1897000.0,,0.13,2434612000.0,1949854000.0,8362257000.0,4596942000.0,3765315000.0,312935000.0,1633298000.0,2437214000.0,,0.073467332791139,31746715.309244413,6412403000.0,0.0049508297137975,,,1.2208651865780151,0.1721807755278143,0.0979024575619819,,-0.2357091693673075,,,28.43463561506169,28.43463561506169,False,70.81076289468012,70.81076289468012,60.21673107477552,709.0,True,False,True,True,True,True,True,True,True,True,True,True,False,True,False,False,False,12,False,0.05179769479196672,0.0725712957319895,1.0,1193256.6500000001,0.9259259259259259,1.0,3.0,,,,,,0.02564537144117258,-0.01923803909162144,0.14519590490103798,-1.1598436462515933,0.4351694915254237,-1.1598436462515933,0.45737224346473104,-709.0,0.3474576271186441,0.2711864406779661,0.3559322033898305,0.34872881355932206,0.326271186440678,高興昌
43.25,44.25,42.54999923706055,43.70000076293945,24025081.0,-0.01576578240726978,43.45,0.07503072872257666,41.08439960479736,0.13654095957938917,41.3039665222168,0.15455753037396147,39.36614996592204,0.017900541147841023,68.27246544978983,16409871.45,1.4640627181756505,0.06366409594158151,2027.TW,2026-07-30,-0.1406250241048188,-0.023498694516971286,bull,0.049074074074074076,0.11492122335495829,2026-03-31,2026-05-15,31174326000.0,8517820000.0,5633209000.0,4716863000.0,1204326000.0,2914770000.0,1.17,89517343000.0,24455518000.0,159942793000.0,66551339000.0,93391454000.0,9252095000.0,11925609000.0,29968117000.0,,0.2553235063218923,4194918326.275959,135487275000.0,0.0309617144951506,0.0312102432841446,0.0182238283159154,0.7126063054977172,0.2732318896004359,0.1807002659816927,0.0934990543179666,0.1950875950100803,,,67.77515994414823,67.77515994414823,False,71.74676067406621,71.74676067406621,70.75386049158672,180.0,True,False,True,True,True,False,True,True,True,True,True,True,True,True,True,False,False,12,False,0.05800978555979275,0.11009079630009744,1.0,717111394.8847383,0.13333333333333333,1.0,3.0,,,,,,0.0078058287899030075,-0.05778390474751588,0.24265641473972818,-1.0270957988810896,0.4533898305084746,-1.0270957988810896,0.5053453025970864,-180.0,0.847457627118644,0.7796610169491526,0.4661016949152542,0.7902542372881356,0.7508474576271186,大成鋼
20.649999618530277,20.75,20.549999237060547,20.649999618530277,298101.0,0.0,20.66999969482422,-2.220446049250313e-16,20.475930786132814,0.019753067581742112,20.535310331980387,-0.025943449274334673,20.69307187398275,0.00036641233495209697,60.89365681556906,214563.6,1.3893363086749104,0.008501143816883383,2029.TW,2026-07-30,-0.1406250241048188,-0.023498694516971286,bull,0.2064814814814815,0.28544949026876737,2026-03-31,2026-05-15,3111785000.0,440347000.0,145201000.0,173680000.0,32998000.0,134373000.0,0.42,8418174000.0,1415146000.0,11631228000.0,1524045000.0,10107183000.0,2662689000.0,204353000.0,,,0.1899930907415937,117613813.23122984,10216082000.0,0.011512614447616,0.0132948023202904,0.011552778434057,0.1507883057029837,0.1415094551840824,0.0466616427548818,0.0431819679058803,-0.1807433477529307,,,30.0830240796116,30.0830240796116,False,65.50405709538876,65.50405709538876,56.64879884144447,680.0,True,False,True,True,True,False,True,True,True,True,True,True,True,True,False,False,False,12,False,0.005584979466868756,-0.0020814819430761133,0.0,4430738.2581504835,0.7777777777777778,0.0,3.0,,,,,,0.029973927787352417,-0.0029463912041730145,0.09486541197148303,-1.4619980503478853,0.3843220338983051,-1.4619980503478853,0.324191860752542,-680.0,0.3728813559322034,0.13559322033898305,0.1864406779661017,0.34491525423728814,0.26440677966101694,盛餘
18.5,18.5,18.0,18.299999237060547,1096165.0,0.028089888844431643,18.139999771118163,0.0608695209890171,17.864999961853027,0.05475497606359969,17.37056016921997,-0.10731711038729042,18.014446767171226,0.016500703551178636,68.00003356941272,1039204.45,1.0548116879214673,0.024349245795486807,2106.TW,2026-07-30,-0.1406250241048188,-0.023498694516971286,bull,0.0712962962962963,0.21872103799814643,2026-03-31,2026-05-15,8698617000.0,1718035000.0,255513000.0,171823000.0,60640000.0,111183000.0,0.12,25478129000.0,9730576000.0,47068938000.0,27476173000.0,19592765000.0,9412275000.0,3037616000.0,14974373000.0,,0.3529213201957829,165337014.71281496,37338362000.0,0.0044280735912522,0.0056746967566854,0.0023621310512678,1.4023632192801785,0.1975066841085198,0.029373979794719,0.0127816870199021,-0.0124089540383796,,,20.024805479941964,20.024805479941964,False,72.10113796633499,72.10113796633499,59.08205484473673,860.0,True,False,True,True,True,True,True,True,True,True,True,True,True,True,False,False,False,13,False,0.053506568515131026,0.015851303877380207,1.0,19017440.642149925,0.5805555555555556,0.0,3.0,,,,,,0.007696541340886898,-0.047447773202657854,0.14865584891897415,-1.5245070262390734,0.2288135593220339,-1.5245070262390734,0.20629759749268742,-860.0,0.2033898305084746,0.2288135593220339,0.03389830508474576,0.17796610169491525,0.17711864406779662,建大
21.799999237060547,21.850000381469727,21.350000381469727,21.700000762939453,156620.0,-0.02031597577159161,21.829999923706055,0.048309176963430955,21.697500038146973,0.03827756741678967,21.128117656707765,-0.14566924847083607,21.82697553634644,0.014731671260567855,55.357153804915214,83296.2,1.880277851810767,0.00011525405176104897,2115.TW,2026-07-30,-0.1406250241048188,-0.023498694516971286,bull,0.08425925925925926,0.24652455977757182,2026-03-31,2026-05-15,795763000.0,146418000.0,55001000.0,50773000.0,23159000.0,28129000.0,0.27,2550411000.0,942761000.0,4966182000.0,1610225000.0,3355957000.0,883919000.0,179756000.0,658841000.0,,0.4,33000600.0,4023421000.0,0.0082021245104601,0.0083818118050976,0.0056641097728597,0.4798109749320388,0.1839969940798956,0.0691173125666812,0.0353484643040704,-0.0114512019538349,,,30.9467161073479,30.9467161073479,False,72.71323486135685,72.71323486135685,62.27160517285461,665.0,True,False,True,True,True,True,True,True,True,True,True,True,True,True,False,False,False,13,False,0.027067395000525574,-0.005817332465304026,0.0,1807527.6035499573,0.8796296296296297,0.0,3.0,,,,,,0.03492693359320338,0.007992538864705575,0.13293152880460923,-1.4072556384676762,0.49957627118644066,-1.4072556384676762,0.5042470549344873,-665.0,0.3898305084745763,0.4067796610169492,0.4576271186440678,0.4,0.40847457627118644,六暉-KY
63.900001525878906,64.80000305175781,63.09999847412109,64.69999694824219,1867912.0,0.0658977946462389,63.07999877929687,0.043548337874874,62.30389232635497,0.1193771246065598,61.166297340393065,0.09290533977063498,60.02981522878011,0.006461626127221276,51.849368568861436,1491351.95,1.252495763994542,0.03845834557712946,2206.TW,2026-07-30,-0.1406250241048188,-0.023498694516971286,bull,0.09537037037037037,0.13067655236329936,2026-03-31,2026-05-15,14947523000.0,3169197000.0,1407602000.0,1401468000.0,300076000.0,1061801000.0,1.37,35643431000.0,24328027000.0,96546885000.0,53175170000.0,43371715000.0,7860863000.0,8468755000.0,18068499000.0,,0.2141154846204123,1106212615.6173384,72218858000.0,0.0153175035752758,0.0244814160565243,0.0109977758474548,1.226033372210437,0.212021550326432,0.0941695824786488,0.0710352477798495,-0.00921030321598,,,38.16659350871173,38.16659350871173,False,74.18096857785504,74.18096857785504,65.17737481056922,558.0,True,False,True,True,True,True,True,True,True,True,True,True,True,True,False,False,False,13,False,0.05777200454335052,0.07779770271928221,1.0,96490466.61375503,0.35,1.0,3.0,,,,,,0.032527311211354305,-0.030953797705646532,0.1627428019256031,-1.4950132631495558,0.39449152542372884,-1.4950132631495558,0.523871748576938,-558.0,0.4576271186440678,0.576271186440678,0.5169491525423728,0.4665254237288135,0.5050847457627119,三陽工業
74.9000015258789,77.0,74.0999984741211,76.30000305175781,366580.0,-0.03661608596247223,76.78000030517578,0.06267409204364705,77.01000022888184,0.0731364935194676,73.18500048319498,-0.01675251865883498,74.45916703542073,0.017977525982210578,51.315794096757756,658622.4,0.5565859891798396,-0.009219545189116163,2348.TW,2026-07-30,-0.1406250241048188,-0.023498694516971286,bull,0.06574074074074074,0.18628359592215013,2026-03-31,2026-05-15,1308225000.0,367809000.0,215863000.0,62792000.0,46667000.0,24394000.0,0.16,36707260000.0,15833225000.0,49675372000.0,39143789000.0,10531583000.0,4882942000.0,6246625000.0,20027265000.0,,0.4,129517800.0,33842147000.0,0.0038271153422978,0.0023162709727493,0.0004910682903391,3.7168001239699673,0.2811511781230293,0.165004490817711,0.0186466395306617,-0.2384964638086091,,,20.916507327259755,20.916507327259755,False,68.37068787972402,68.37068787972402,56.50714274160795,843.0,True,False,True,True,False,True,True,True,True,True,True,True,False,True,False,False,False,11,False,0.04256340162596728,0.02472275865591378,1.0,50252891.12995606,0.4324074074074074,1.0,3.0,,,,,,0.0370085040815617,-0.020415233504631713,0.1907779537449393,-1.1104922176270566,0.5864406779661017,-1.1104922176270566,0.6161662016411142,-843.0,0.2288135593220339,0.11864406779661017,0.635593220338983,0.28983050847457625,0.2771186440677966,海悅
762.0,762.0,722.0,737.0,5032489.0,-0.041612483745123496,752.8,0.10494752623688153,716.05,0.17170111287758338,728.187333170573,0.4623015873015872,642.4978332519531,0.03335363264164009,61.57205240174673,4062765.45,1.2386855854550993,0.029257733398505792,2357.TW,2026-07-30,-0.1406250241048188,-0.023498694516971286,bull,0.03148148148148148,0.08619091751621873,2026-03-31,2026-05-15,208369726000.0,30970538000.0,11895859000.0,13859608000.0,2702804000.0,9797017000.0,13.19,485857648000.0,327627459000.0,671441698000.0,354711686000.0,316730012000.0,57955263000.0,41417377000.0,275376000.0,,0.1950130191272365,9576011621.29809,343814239000.0,0.0278522833991703,0.0309317608967223,0.0145910166574134,1.1199181402487366,0.1486326185407567,0.0570901504184921,0.0470174683629425,0.4108280576281871,,,51.58078089609261,51.58078089609261,False,75.69235983326612,75.69235983326612,69.66446509897274,344.0,True,True,True,True,True,False,True,True,True,True,True,True,True,True,False,False,False,13,False,0.012102197371459456,0.14708558045983033,1.0,2994258136.65,0.046296296296296294,3.0,3.0,,,,,,0.06421722891683537,0.0028839286692924956,0.3328980772283015,-0.8315491540761503,0.8622881355932204,-0.8315491540761503,0.8171707551335462,-344.0,0.6694915254237288,0.7457627118644068,0.9067796610169492,0.7050847457627119,0.7398305084745763,華碩
553.0,555.0,535.0,547.0,4269108.0,-0.08833333333333337,562.2,0.0725490196078431,539.4583908081055,0.3357753357753357,502.3027969360352,0.882960413080895,419.73056513468424,0.036307166177188994,55.61874129769906,3740732.7,1.1412491461899963,0.01397996457260997,2395.TW,2026-07-30,-0.1406250241048188,-0.023498694516971286,bull,0.05185185185185185,0.03521779425393883,2026-03-31,2026-05-15,20385264000.0,7979823000.0,3728486000.0,4068287000.0,750007000.0,3334165000.0,3.85,49300373000.0,29811036000.0,83769137000.0,34044129000.0,49725008000.0,10001958000.0,,43915000.0,,0.184354496130681,3041122842.1397014,53958101000.0,0.0563608204473263,0.0670520756879516,0.0398018305954375,0.6846480346468723,0.3914505595806853,0.182901040673302,0.1635576071028562,0.1748587968840969,,,87.43653384699755,87.43653384699755,False,78.9268965181735,78.9268965181735,81.0543058503795,49.0,True,True,True,True,True,True,True,True,True,True,True,True,True,True,True,False,False,14,False,0.08898457929482073,0.30321698117095,1.0,2046180786.9,0.06111111111111111,3.0,2.0,,,,,,-0.010453419065153745,-0.08009163596663588,0.2873711451769714,-1.0602972334198524,0.40381355932203394,-1.0602972334198524,0.3903179662288367,-49.0,0.9830508474576272,0.9745762711864406,0.288135593220339,0.878813559322034,0.8415254237288136,研華
43.150001525878906,44.79999923706055,41.95000076293945,42.70000076293945,3552089.0,-0.06768555733102788,44.6,0.015457824914917762,42.89499969482422,0.3534073469257468,38.61616322199504,0.4046053058800607,33.75308163960775,0.014248022802667027,56.95538625371009,3797969.4,0.9352600365869194,-0.004545959512113007,2425.TW,2026-07-30,-0.1406250241048188,-0.023498694516971286,bull,0.15092592592592594,0.029657089898053754,2026-03-31,2026-05-15,742329000.0,57186000.0,84000.0,19626000.0,14929000.0,59718000.0,0.62,6477498000.0,3530704000.0,6656471000.0,3632354000.0,3024117000.0,955233000.0,0.0,,,0.4,50400.0,3125767000.0,1.6124042515005117e-05,0.0197472518424386,0.0089714204418527,1.2011287923053242,0.0770359234247887,0.0001131573736173,0.0804468099723976,-0.0094210083147737,,,20.556959597295062,20.556959597295062,False,75.23677970111541,75.23677970111541,61.56682467516032,848.0,True,True,True,True,False,True,True,True,True,True,True,True,True,True,False,False,False,13,False,0.10575461672531827,0.2650696970090247,1.0,162173296.2776207,0.28703703703703703,1.0,3.0,,,,,,0.023076525538908012,-0.0719093659398843,0.17838383423541207,-1.453273072215176,0.3334745762711865,-1.453273072215176,0.3226971692525719,-848.0,0.22033898305084745,0.3474576271186441,0.17796610169491525,0.2139830508474576,0.25,承啟
19.0,19.350000381469727,19.0,19.200000762939453,1744083.0,-0.007751918117475554,19.17000045776367,-0.007751918117475554,19.30250015258789,0.03783787907780822,19.15166670481364,-0.13513513049099446,19.557500044504803,-0.00103506175641444,48.57145036969866,1128147.4,1.5459708545177697,-0.005310161317869211,2442.TW,2026-07-30,-0.1406250241048188,-0.023498694516971286,bull,0.2462962962962963,0.24837812789620017,2026-03-31,2026-05-15,3189806000.0,920101000.0,721594000.0,757715000.0,168597000.0,363574000.0,1.14,21904867000.0,14179726000.0,24109252000.0,15483592000.0,8625660000.0,4783089000.0,9054196000.0,,1260461000.0,0.2225071431870822,561034180.5190606,9929526000.0,0.0565016074804638,0.042150281833506,0.0150802687698481,1.795061711219779,0.2884504574886372,0.2262187731793093,0.1139799724497351,6.055204248420224,,,71.63224953440525,71.63224953440525,False,55.95141503468752,55.95141503468752,59.87162365961695,151.0,True,False,True,True,False,True,False,False,True,True,True,True,True,True,True,False,False,10,False,0.0025237520509724387,-0.018279395666717546,0.0,21660430.94070816,0.5611111111111111,0.0,3.0,,,,,,0.0024579597372242972,-0.05106200959161891,0.15154806287576747,-0.6208512610223204,0.37033898305084745,-0.6208512610223204,0.7644250651212842,-151.0,0.864406779661017,0.2627118644067797,0.847457627118644,0.861864406779661,0.6805084745762712,新美齊
91.3000030517578,97.0999984741211,89.0999984741211,92.6999969482422,2090542.0,-0.10865387549767114,93.2,0.18239789724548716,102.7,0.739211975143633,68.22333329518636,0.54499994913737,61.180833339691155,0.07001458296996739,45.166662894353976,2148738.5,0.9729159690674319,-0.09737101316219865,2466.TW,2026-07-30,-0.1406250241048188,-0.023498694516971286,bull,0.010185185185185186,0.0027803521779425394,2026-03-31,2026-05-15,158640000.0,11405000.0,-51413000.0,20961000.0,15743000.0,5218000.0,0.03,1081532000.0,970641000.0,4505403000.0,2468383000.0,2037020000.0,165962000.0,307514000.0,701925000.0,,0.4,-30847800.0,3534762000.0,-0.0087269807698509,0.0025615850605295,0.001158164985463,1.211761789280419,0.0718923348461926,-0.3240859808371155,0.0328920827029752,-0.2206720377284339,,,10.470510874095902,10.470510874095902,False,74.62493563999588,74.62493563999588,58.586329448520885,1033.0,True,False,True,True,False,True,True,False,True,True,True,True,True,True,False,False,False,11,False,0.3587726144536365,0.5151803577690555,1.0,199188052.39257053,0.25462962962962965,1.0,3.0,,,,,,0.10882514405969733,-0.02246874464040006,0.44251562696287605,-0.8029855636581109,0.8194915254237287,-0.8029855636581109,0.6855734291802751,-1033.0,0.0423728813559322,0.211864406779661,0.7203389830508474,0.14406779661016947,0.2288135593220339,冠西電
157.5,159.0,155.0,158.5,259377.0,-0.0031446540880503138,157.4,-0.01552795031055898,159.2,0.06020066889632103,153.2892272949219,0.1362007168458781,147.3987803141276,0.003466750709107992,46.42857142857143,265148.55,0.9782327680087257,-0.0043969849246230375,2480.TW,2026-07-30,-0.1406250241048188,-0.023498694516971286,bull,0.28055555555555556,0.20945319740500462,2026-03-31,2026-05-15,2420984000.0,568028000.0,300400000.0,336304000.0,56799000.0,279505000.0,2.63,7208003000.0,5342627000.0,8394801000.0,5408397000.0,2986404000.0,1289115000.0,0.0,,,0.1688918359579428,249664892.478234,3052174000.0,0.0817990365156881,0.0935924945184911,0.0332950119961152,1.811006481373585,0.2346269120324628,0.1240817783182375,0.1154509901758954,0.1706727375064554,,,72.57043193555015,72.57043193555015,True,61.347003398208216,61.347003398208216,64.1528605325437,141.0,True,False,True,True,False,True,True,False,True,True,True,True,True,True,True,True,False,11,False,0.033993078294098256,0.07531418958972469,1.0,42026045.175,0.45925925925925926,2.0,3.0,,,,,,0.0514210603853602,-0.00021394679093613396,0.2604847365693172,-0.13198020998216142,0.8305084745762712,-0.13198020998216142,0.8035804275381102,-141.0,0.8813559322033898,0.5,0.8813559322033898,0.8813559322033898,0.7669491525423728,敦陽科
35.0,35.29999923706055,34.04999923706055,35.099998474121094,1641571.0,0.0,35.00999984741211,0.01445086768931425,35.277499771118165,0.20411660149074162,33.28749993642171,0.11428566584511413,32.36833330790202,0.005128573721822873,50.0,1645626.75,0.997535437486052,-0.005031572479589186,2520.TW,2026-07-30,-0.1406250241048188,-0.023498694516971286,bull,0.1527777777777778,0.06765523632993513,2026-03-31,2026-05-15,4862541000.0,1141758000.0,658447000.0,599530000.0,162065000.0,308665000.0,0.52,53619294000.0,30715620000.0,65803063000.0,37306228000.0,28496835000.0,17736193000.0,16539209000.0,220000000.0,3700000000.0,0.2703200840658515,480455551.60709226,35087443000.0,0.0136930910470475,0.0108315537497409,0.0046907390921908,1.3091358391203796,0.2348068633251627,0.1354121230031787,0.063478127999332,0.0287244960456058,,,37.26396887406752,37.26396887406752,False,68.7252857584183,68.7252857584183,60.8599565373306,570.0,True,False,True,True,False,True,True,True,True,True,True,True,True,True,False,False,False,12,False,0.054449824743859176,0.08439313634824064,1.0,57761496.413972855,0.4074074074074074,1.0,3.0,,,,,,0.042742485977928284,0.00014310598054821462,0.18078530462478662,-1.3835391761605105,0.6067796610169491,-1.3835391761605105,0.6100327602570551,-570.0,0.4406779661016949,0.3050847457627119,0.6101694915254238,0.4661016949152542,0.43389830508474575,冠德
41.79999923706055,41.79999923706055,40.20000076293945,40.54999923706055,1104819.0,-0.1673511580739241,43.650000762939456,-0.010975628364376933,44.99499988555908,0.19616511539402448,39.37749989827474,0.3745762453240864,35.434999990463254,0.01815919347031548,46.55462357277449,1778698.35,0.6211390481134701,-0.09878876896997468,2527.TW,2026-07-30,-0.1406250241048188,-0.023498694516971286,bull,0.262037037037037,0.07414272474513438,2026-03-31,2026-05-15,4588717000.0,1261812000.0,1127130000.0,1064163000.0,166487000.0,902888000.0,3.45,13282023000.0,8513905000.0,33780839000.0,11901818000.0,21879021000.0,1538877000.0,2676000000.0,3358749000.0,,0.1564487771140323,950791889.8514608,25266934000.0,0.0376298877359421,0.0412672943638565,0.0267278145459915,0.5439831151494393,0.2749814381667032,0.2456307503818605,0.1967626244983074,24.973085718167,,,82.24426248497689,82.24426248497689,False,65.28532077026053,65.28532077026053,69.52505619893962,75.0,True,False,True,True,False,True,True,False,True,True,True,True,False,True,True,False,False,10,False,0.029775870530500015,0.1443487864533346,1.0,72126216.73546086,0.37777777777777777,1.0,2.0,,,,,,0.07822760140488247,-0.010746274458410506,0.3598462738614885,-1.1702427842420904,0.7885593220338983,-1.1702427842420904,0.7052627058875274,-75.0,0.9491525423728814,0.7372881355932204,0.7711864406779662,0.9224576271186441,0.85,宏璟
20.700000762939453,21.100000381469727,20.399999618530277,21.100000381469727,1227045.0,0.057644088949941,20.359999847412112,0.11345643968178787,19.749999904632567,0.016867488263601293,19.803333346048994,-0.21851850439001008,22.106250063578287,0.014771992530896255,64.51613432493593,828334.7,1.4813396082525578,0.06835445485346581,2530.TW,2026-07-30,-0.1406250241048188,-0.023498694516971286,bull,0.025925925925925925,0.2928637627432808,2026-03-31,2026-05-15,186713000.0,36736000.0,-3896000.0,-30631000.0,2142000.0,-31083000.0,-0.04,30553317000.0,19001210000.0,30802703000.0,20530688000.0,10272015000.0,3146483000.0,7533980000.0,328411000.0,1187622000.0,0.0,-3896000.0,11801493000.0,-0.0003301277219755,-0.0030259885718624,-0.001009099753356,1.9987011311802017,0.1967511635504758,-0.0208662492702704,-0.1664747500174064,0.155588151559038,,,18.3750529664617,18.3750529664617,False,72.70118021027152,72.70118021027152,59.11964839931907,888.0,True,False,True,True,True,False,True,True,True,True,True,True,True,True,False,False,False,12,False,0.06547721097061832,-0.045518786732917316,0.0,17477862.485984612,0.5898148148148148,0.0,3.0,,,,,,-0.012145093517690223,-0.09391980444903093,0.1470915699262633,-1.484168256861373,0.1444915254237288,-1.484168256861373,0.32227128312362563,-888.0,0.17796610169491525,0.23728813559322035,0.1694915254237288,0.17669491525423728,0.19406779661016949,華建
42.75,43.04999923706055,41.900001525878906,42.95000076293945,1422159.0,0.06311879061259695,41.74000091552735,0.09846553552595516,40.49500026702881,0.08186397827563585,38.87250010172526,-0.10052354423163445,42.93208338419596,0.017654089204489642,72.12120091182736,1102621.25,1.2897982874899245,0.060624780336389295,2539.TW,2026-07-30,-0.1406250241048188,-0.023498694516971286,bull,0.03518518518518519,0.17330861909175163,2026-03-31,2026-05-15,2476909000.0,1123612000.0,1002985000.0,1009807000.0,195023000.0,814784000.0,0.68,31998835000.0,10750825000.0,32104295000.0,13379256000.0,18725039000.0,5711725000.0,397000000.0,2628180000.0,,0.1931289840533884,809279525.9292122,21353470000.0,0.0378992044819512,0.0435130735909281,0.0253792833637991,0.7145115158371633,0.4536347520235907,0.4049341336318774,0.3289519316212262,-0.5500200926952697,,,74.05495514883755,74.05495514883755,False,77.0787797242658,77.0787797242658,76.32282358040874,129.0,True,True,True,True,True,True,True,False,True,True,True,True,True,True,True,False,False,13,False,0.10489422215046118,0.00041734240062729633,1.0,47357583.52873325,0.4444444444444444,1.0,3.0,,,,,,-0.010469773993506118,-0.07328645341287138,0.16440413524767009,-1.3869608891796374,0.22966101694915253,-1.3869608891796374,0.3805862188841673,-129.0,0.9067796610169492,0.923728813559322,0.2627118644067797,0.8101694915254237,0.783050847457627,櫻花建
43.45000076293945,44.59999847412109,42.79999923706055,44.34999847412109,10218711.0,-0.013348215320010848,43.64999999999999,0.029002321212390436,43.77499980926514,0.11994949957142453,43.332500012715656,0.17639250866325806,40.12833337783813,0.004301696412407986,56.521739130434796,8455818.55,1.208482767171015,0.013135320784952942,2542.TW,2026-07-30,-0.1406250241048188,-0.023498694516971286,bull,0.11851851851851852,0.12882298424467098,2026-03-31,2026-05-15,16191907000.0,4874634000.0,3912933000.0,3918335000.0,698387000.0,2421313000.0,1.15,244126134000.0,168451704000.0,269504119000.0,203260373000.0,66243746000.0,18030010000.0,104829064000.0,11468836000.0,23019028000.0,0.1782356536641201,3215508829.0010934,101052415000.0,0.0318202076516537,0.0365515712230404,0.0089843265067128,3.068370756086167,0.3010537301134449,0.2416597995529495,0.1495384700517363,13.610654325020349,,,58.947380152838136,58.947380152838136,False,76.07999088620419,76.07999088620419,71.79683820286267,278.0,True,True,True,True,True,True,True,True,True,True,True,True,True,True,False,False,False,14,False,0.0234811852791057,0.1052040974772821,1.0,375015539.7899448,0.19907407407407407,1.0,3.0,,,,,,0.028666559179126958,0.061463808937004503,0.16593410820061777,0.029645404887481984,0.7101694915254237,0.029645404887481984,0.8249153989981938,-278.0,0.7711864406779662,0.8050847457627118,0.9152542372881356,0.7927966101694917,0.8101694915254237,興富發
98.6999969482422,98.9000015258789,97.0999984741211,98.5,330986.0,0.03684210526315779,97.22000122070312,0.05010657564316712,95.30999984741212,0.16155656197182422,91.25833346048991,0.1295871954957173,88.01833349863688,0.009372520333144492,76.47058069264595,155289.95,2.131406443237312,0.03346973200813097,2546.TW,2026-07-30,-0.1406250241048188,-0.023498694516971286,bull,0.0824074074074074,0.0963855421686747,2026-03-31,2026-05-15,4271987000.0,331333000.0,227648000.0,236497000.0,50162000.0,186338000.0,1.43,15279304000.0,9683343000.0,16184746000.0,9989889000.0,6194857000.0,7854449000.0,0.0,,,0.2121041704545935,179362909.8043527,6501403000.0,0.0275883389791945,0.0300794675325031,0.0115131865523252,1.6126101054471476,0.0775594588653944,0.0532885516739634,0.0436185784273219,0.0858039345262302,,,37.32527210445105,37.32527210445105,False,73.47889653059423,73.47889653059423,64.44049042405844,569.0,True,False,True,True,True,True,True,False,True,True,True,True,True,True,False,False,False,12,False,0.07935348219618055,0.11908503699999562,1.0,15296060.075000001,0.6101851851851852,1.0,3.0,,,,,,0.06362211938635287,-0.0013532800381760846,0.2696452589183263,0.4690246865501012,0.8652542372881356,0.4690246865501012,0.9216100238868343,-569.0,0.4491525423728814,0.5169491525423728,0.9915254237288136,0.5305084745762711,0.5779661016949152,根基
86.19999694824219,86.19999694824219,83.9000015258789,84.4000015258789,6269983.0,-0.0011834138949241568,84.8,0.10992309935119149,81.83999977111816,0.08483288194385197,80.62631645202637,0.1405405611605257,78.69149163564046,0.029234606261264767,59.900991594823196,11207430.05,0.5594487738962064,0.03128056893842013,2615.TW,2026-07-30,-0.1406250241048188,-0.023498694516971286,bull,0.027777777777777776,0.1696014828544949,2026-03-31,2026-05-15,33640864000.0,7656632000.0,5825197000.0,9789626000.0,2113020000.0,7671518000.0,2.73,141008376000.0,35567443000.0,420232464000.0,133190864000.0,287041600000.0,99479800000.0,1000000000.0,42718782000.0,0.0,0.2158427707044171,4567870339.620942,384665021000.0,0.0118749303686256,0.0267261539790748,0.0182554149362434,0.4640124079575922,0.2275991484642011,0.1731583647792161,0.2280416460171772,-0.0929984351119866,,,48.73816272918027,48.73816272918027,False,81.31222322330952,81.31222322330952,73.1687080997772,389.0,True,True,True,True,True,True,True,True,True,True,True,True,False,True,False,False,False,13,False,0.046804632034726845,0.07254291120404921,1.0,945907113.3211812,0.11018518518518519,1.0,3.0,,,,,,0.035477231600740455,-0.005505056983650885,0.2014356594731368,-0.8121628940355865,0.6915254237288135,-0.8121628940355865,0.6796621716503195,-389.0,0.635593220338983,0.864406779661017,0.711864406779661,0.6470338983050847,0.7194915254237289,萬海
41.59999847412109,41.84999847412109,41.04999923706055,41.75,52810009.0,0.022031861921588014,41.720000457763675,-0.0018945242285518527,41.22886772155762,0.2297496041760092,39.106619644165036,0.0900783506961822,37.28455975850423,-0.0041903582689035695,60.913715019995244,50962724.2,1.0362477640078744,0.012639985215259442,2618.TW,2026-07-30,-0.1406250241048188,-0.023498694516971286,bull,0.21481481481481482,0.05931417979610751,2026-03-31,2026-05-15,60515845000.0,15865568000.0,11279920000.0,11043489000.0,2178622000.0,8268012000.0,1.53,119872996000.0,106923312000.0,391276107000.0,247236537000.0,144039570000.0,95057424000.0,110000000.0,46720454000.0,,0.1972766034357439,9054655695.373083,284352795000.0,0.0318430339162767,0.057400976689947,0.0211308890373927,1.7164487300260616,0.2621721302908354,0.1863961413742136,0.1366255730214128,0.1014063587979636,,,65.4946890287355,65.4946890287355,False,68.33222566198482,68.33222566198482,67.62284150367249,205.0,True,False,True,True,True,True,False,True,True,True,True,True,True,True,True,False,False,12,False,0.06759419197791416,0.11976647358635506,1.0,2127693735.3500001,0.05740740740740741,1.0,3.0,,,,,,0.015008048398689106,-0.023903046047919273,0.24105015776380814,-0.9283596495789503,0.5389830508474577,-0.9283596495789503,0.7467596560583025,-205.0,0.8135593220338984,0.635593220338983,0.8220338983050848,0.8148305084745763,0.7618644067796609,長榮航
48.75,48.75,47.0,48.0,175652.0,0.048034951956052785,46.51999969482422,0.09464085907159414,45.57656211853027,0.14149823711995335,43.98718719482421,0.08967084747679643,43.346093622843426,0.013340281509706479,72.8318536847042,115014.95,1.527210158331591,0.05317289784093693,2704.TW,2026-07-30,-0.1406250241048188,-0.023498694516971286,bull,0.03611111111111111,0.10750695088044486,2026-03-31,2026-05-15,378532000.0,113136000.0,11772000.0,102498000.0,43662000.0,58697000.0,0.16,22038050000.0,4179836000.0,34495152000.0,8091080000.0,26404072000.0,3958344000.0,340000000.0,400000000.0,,0.4,7063200.0,30315316000.0,0.0002329911388685,0.0022230283268429,0.0017016014308329,0.3064330380556453,0.2988809400526243,0.0310990880559635,0.1550648293935519,0.0078893625405718,,,28.393804821713665,28.393804821713665,False,80.05348570083022,80.05348570083022,67.13856548105109,711.0,True,True,True,True,True,True,True,False,True,True,True,True,True,True,False,False,False,13,False,0.09122685629800764,0.10736622353216996,1.0,5520717.6,0.7472222222222222,1.0,3.0,,,,,,0.021775628891737998,-0.02942992809521436,0.19304577640163947,-1.2524715528422223,0.4733050847457627,-1.2524715528422223,0.48659700904939085,-711.0,0.3389830508474576,0.6186440677966102,0.3983050847457627,0.3478813559322033,0.43474576271186444,國賓
12.699999809265137,12.699999809265137,12.5,12.550000190734863,196970.0,-0.023346317652058524,12.689999961853028,-0.003968268985800827,12.692500019073487,0.004000015258789125,12.38583327929179,-0.023346317652058524,12.490416622161865,0.003756424701920467,50.0,171780.6,1.1466370474896466,-0.011227089078155061,2706.TW,2026-07-30,-0.1406250241048188,-0.023498694516971286,bull,0.22777777777777777,0.3336422613531047,2026-03-31,2026-05-15,89870000.0,69648000.0,61056000.0,86520000.0,17413000.0,,0.14,3148502000.0,153769000.0,11784537000.0,1574945000.0,10209592000.0,276398000.0,,,,0.2012598243180767,48767880.1664355,11630768000.0,0.0041930060135698,,,0.1542613064263488,0.7749860910203628,0.679381328585735,,0.0116394254581475,,,67.6784742796923,67.6784742796923,False,61.0475855285861,61.0475855285861,62.70530771636265,184.0,True,False,True,True,False,True,True,True,True,True,True,True,True,True,True,False,False,12,False,0.013254409916654497,0.0047703427656111685,1.0,2155846.562764549,0.8666666666666667,0.0,3.0,,,,,,0.08421809789334407,0.04869958375557238,0.1980384621933189,-0.8527139896260605,0.8593220338983051,-0.8527139896260605,0.8432041235925792,-184.0,0.8305084745762712,0.4491525423728814,0.940677966101695,0.8470338983050848,0.7381355932203391,第一店
180.0,181.5,179.5,180.5,505148.0,0.014044943820224809,179.7,0.011204481792717047,179.75,0.061764705882352944,177.3,0.006498496707868506,176.68954226175944,0.001392757660167131,52.631578947368425,173836.95,2.9058724281575348,0.004172461752433909,2707.TW,2026-07-30,-0.1406250241048188,-0.023498694516971286,bull,0.1648148148148148,0.20389249304911955,2026-03-31,2026-05-15,1946379000.0,699803000.0,562483000.0,914767000.0,182055000.0,730305000.0,5.73,4907297000.0,3965941000.0,10835463000.0,7089733000.0,3745730000.0,800345000.0,86714000.0,,,0.1990178919877958,450538819.0610286,6869522000.0,0.0655851774055063,0.1949700058466573,0.0673995195221468,1.892750678772896,0.359540973263686,0.2889894516946596,0.3752121246684227,0.0491755118586034,,,78.92252512482825,78.92252512482825,True,66.00770276132864,66.00770276132864,69.23640835220355,92.0,True,False,True,True,True,True,True,True,True,True,True,True,True,True,True,True,False,13,False,0.018048505358150058,0.021565836265484695,1.0,31377569.475,0.5064814814814815,2.0,2.0,,,,,,0.03382298260568407,-0.012141081350790787,0.18725056080616032,-0.49197478669166933,0.6529661016949153,-0.49197478669166933,0.6909184738927426,-92.0,0.923728813559322,0.7288135593220338,0.7372881355932204,0.8957627118644067,0.8279661016949152,晶華
24.549999237060547,24.799999237060547,24.200000762939453,24.799999237060547,39289956.0,0.02268038090971336,24.570000076293944,0.06209845104505951,24.062499904632567,0.1866028559671582,22.427499993642172,0.21568625984353162,21.63999999364217,0.009862555428129869,61.90477055487534,24876826.1,1.579379774657025,0.030649323027571063,2801.TW,2026-07-30,-0.1406250241048188,-0.023498694516971286,bull,0.06759259259259259,0.07970342910101946,2026-03-31,2026-05-15,,,,,992320000.0,5221136000.0,,,,3481563454000.0,3255586729000.0,225976725000.0,40993679000.0,,,,,,3481563454000.0,,0.0231047511640855,0.0014996526902307,14.406734715710211,,,,,,,11.293260418625334,11.293260418625334,False,87.3566109192747,87.3566109192747,68.34077329411235,1023.0,True,True,True,True,True,True,True,True,True,True,True,True,True,True,False,False,False,14,False,0.10578527451079878,0.14602584308441702,1.0,616945268.300488,0.15,0.0,3.0,,,,,,0.016893866800767078,-0.10829601705234394,0.16861761214889315,-1.3712749972712521,0.2983050847457627,-1.3712749972712521,0.3943208915615223,-1023.0,0.059322033898305086,0.6610169491525424,0.3050847457627119,0.09618644067796611,0.2889830508474577,彰銀
20.5,20.700000762939453,20.350000381469727,20.649999618530277,21216000.0,0.009779894774051723,20.650000000000002,0.024813896251401735,20.53000001907349,0.045569600938241805,19.751666673024495,0.01724139874994446,20.107916673024498,0.008349709075231977,51.72411525145496,18276080.55,1.1608615940358173,0.005845085209220668,2812.TW,2026-07-30,-0.1406250241048188,-0.023498694516971286,bull,0.12685185185185185,0.2289156626506024,2026-03-31,2026-05-15,,,,,471473000.0,2426299000.0,,,,1016904606000.0,923319387000.0,93585219000.0,11220605000.0,,,,,,1016904606000.0,,0.0259260920252801,0.0023859651983914,9.86608138406985,,,,,,,13.453610786523946,13.453610786523946,False,67.29915659591292,67.29915659591292,53.83777014356568,988.0,True,False,True,True,True,True,True,True,True,True,True,True,True,True,False,False,False,13,False,0.04548137432537103,0.026958682707940662,1.0,377401056.38572866,0.19814814814814816,0.0,3.0,,,,,,0.008645718476175455,-0.059092857008815246,0.1482592219186747,-1.072565446225522,0.3148305084745763,-1.072565446225522,0.3826753191178576,-988.0,0.09322033898305085,0.07627118644067797,0.2796610169491525,0.1211864406779661,0.12542372881355932,台中銀
56.900001525878906,57.70000076293945,56.59999847412109,57.400001525878906,297302.0,0.01234569230194782,56.720000457763675,0.014134329917404598,56.645000267028806,0.09333336239769352,54.59726473490397,0.15725813088134455,51.77029908498128,0.0029213907976905046,58.20898071753961,208258.3,1.4275637513606902,0.013328647811650995,2832.TW,2026-07-30,-0.1406250241048188,-0.023498694516971286,bull,0.1537037037037037,0.15755329008341057,2026-03-31,2026-05-15,,,514384000.0,513794000.0,96832000.0,,,,,25841065000.0,13610551000.0,12230514000.0,3713301000.0,,,,0.1884646375784847,417440805.8638287,25841065000.0,0.0161541641516643,,,1.112835568480605,,,,,,,55.14019466216183,55.14019466216183,False,78.02267601304654,78.02267601304654,72.30205567532536,306.0,True,True,True,True,True,True,True,True,True,True,True,True,True,True,False,False,False,14,False,0.051334747346475584,0.10874386550590387,1.0,11954026.737776946,0.6518518518518519,1.0,3.0,,,,,,0.02534470097007573,-0.016624664190308874,0.11397004367573568,-1.6145234239676365,0.3042372881355932,-1.6145234239676365,0.36888457681625353,-306.0,0.7542372881355932,0.847457627118644,0.22033898305084745,0.6741525423728814,0.6754237288135593,台產
17.950000762939453,18.100000381469727,17.799999237060547,18.100000381469727,52728815.0,0.011173227217972093,18.070000457763673,0.019718331350407237,18.000000190734863,0.11728392154628042,17.173333326975506,0.16774196009482112,16.384166701634726,0.004744634844706223,53.84613879805899,36478592.6,1.4454728442566065,0.005555566093067954,2834.TW,2026-07-30,-0.1406250241048188,-0.023498694516971286,bull,0.14074074074074075,0.13253012048192772,2026-03-31,2026-05-15,,,,,886677000.0,3437983000.0,,,,2555347612000.0,2406237987000.0,149109625000.0,29451426000.0,,,,,,2555347612000.0,,0.0230567476780925,0.0013454071703807,16.137375350518116,,,,,,,11.10187505518378,11.10187505518378,False,73.69102764013363,73.69102764013363,58.04373949389616,1024.0,True,False,True,True,True,True,True,True,True,True,True,True,True,True,False,False,False,13,False,0.053959649932295406,0.10472511120530803,1.0,660262539.9754788,0.14629629629629629,0.0,3.0,,,,,,0.039329822221801675,-0.07422474004320448,0.1544233914988879,-1.1820338233507854,0.42627118644067796,-1.1820338233507854,0.4413856928578085,-1024.0,0.05084745762711865,0.17796610169491525,0.3389830508474576,0.09406779661016948,0.14661016949152544,臺企銀
13.350000381469728,13.449999809265137,13.25,13.449999809265137,12492910.0,0.0189393942130609,13.360000038146973,0.03461536994347214,13.319999980926514,0.09795916810327654,12.75833338101705,0.06324112370430357,12.617500027020773,0.006422364225501046,58.62069645903737,9968582.55,1.2532283238202204,0.009759746886244258,2845.TW,2026-07-30,-0.1406250241048188,-0.023498694516971286,bull,0.11296296296296296,0.15291936978683968,2026-03-31,2026-05-15,,,,,143704000.0,1221472000.0,,,,891493396000.0,820291532000.0,71201864000.0,7041472000.0,,,,,,891493396000.0,,0.0171550565024533,0.0013701413891348,11.520646875199784,,,,,,,8.670319530616531,8.670319530616531,False,78.06800453772605,78.06800453772605,60.718583285948675,1053.0,True,True,True,True,True,True,True,True,True,True,True,True,True,True,False,False,False,14,False,0.054212913833808996,0.06597977257472087,1.0,134077433.39614378,0.30648148148148147,0.0,3.0,,,,,,0.027115008724695727,-0.05617117312675141,0.1536295060099729,-0.8607812680516115,0.4432203389830508,-0.8607812680516115,0.4893408287507549,-1053.0,0.025423728813559324,0.288135593220339,0.4152542372881356,0.08389830508474576,0.1822033898305085,遠東銀
15.350000381469728,15.449999809265137,15.199999809265137,15.300000190734863,255214.0,0.05154639107685943,15.039999961853027,0.06993006899733545,14.60987048149109,0.0967742222170569,14.181623490651448,0.13754649871409952,13.800395051638285,0.010198880643720473,73.16217403052403,305527.45,0.83532265267818,0.0472372229526663,2849.TW,2026-07-30,-0.1406250241048188,-0.023498694516971286,bull,0.05555555555555555,0.15477293790546803,2026-03-31,2026-05-15,,,,,36199000.0,,,,,398942212000.0,362433426000.0,36508786000.0,2706824000.0,,,,,,398942212000.0,,,,9.92729328222527,,,,,,,0.0,0.0,False,73.40044513175215,73.40044513175215,55.05033384881411,1078.0,True,False,True,True,True,True,True,False,True,True,True,True,True,True,False,False,False,12,False,0.07886097813981952,0.10866392835026528,1.0,4674570.043274737,0.7694444444444445,0.0,3.0,,,,,,0.07863675378542345,-0.015064068149836374,0.21753466968174914,-0.8588062513740011,0.7665254237288135,-0.8588062513740011,0.8075629414374099,-1078.0,0.01694915254237288,0.0847457627118644,0.8898305084745762,0.14788135593220336,0.211864406779661,安泰銀
157.5,159.5,154.5,157.0,621816.0,0.06802721088435382,154.6,0.11347517730496448,148.125,0.1984732824427482,141.8997952779134,0.3652173913043477,130.4873976389567,0.023316062176165803,74.54545454545455,348709.3,1.7831930493393782,0.059915611814346015,2850.TW,2026-07-30,-0.1406250241048188,-0.023498694516971286,bull,0.025,0.07136237256719184,2026-03-31,2026-05-15,,,1507350000.0,1508204000.0,248433000.0,,,,,58099283000.0,36260125000.0,21839158000.0,14722947000.0,,,,0.1647210854765005,1259057671.8069968,58099283000.0,0.0216707953488341,,,1.6603261444420157,,,,,,,51.89726928896828,51.89726928896828,False,80.93229959252088,80.93229959252088,73.67354201663272,341.0,True,True,True,True,True,True,True,False,True,True,True,True,True,True,False,False,False,13,False,0.10641456312542652,0.2031813250993062,1.0,54747360.1,0.41759259259259257,2.0,3.0,,,,,,0.00181869504082081,-0.0877032676649802,0.16343776826728912,-1.8368973419140506,0.17923728813559323,-1.8368973419140506,0.18047257292918312,-341.0,0.6864406779661016,0.8813559322033898,0.025423728813559324,0.5872881355932202,0.6127118644067797,新產
9.449999809265137,9.699999809265137,9.300000190734863,9.579999923706056,40423411.0,0.04357294174650006,9.378000068664551,0.12705881455365375,9.054999923706054,0.24577371292877936,8.375499931971232,0.19899877323342885,8.110749975840251,0.02839296436159092,75.00001655685057,18110001.25,2.2321042633831953,0.05797901760612367,2867.TW,2026-07-30,-0.1406250241048188,-0.023498694516971286,bull,0.018518518518518517,0.05468025949953661,2026-03-31,2026-05-15,,,-260328000.0,-260476000.0,-99972000.0,,,,,1583200325000.0,1505084533000.0,78115792000.0,70736282000.0,,,,0.3838050338610851,-160412803.14501145,1583200325000.0,-0.0001013218609243,,,19.267352918856663,,,,,,,0.0,0.0,False,77.90902275746635,77.90902275746635,58.43176706809976,1079.0,True,True,True,True,True,True,True,False,True,True,True,True,True,True,False,False,False,13,False,0.14381230989411953,0.1811484699001087,1.0,173493810.59331658,0.27314814814814814,0.0,3.0,,,,,,0.039927312817440455,-0.012931449332219213,0.19743744481121892,-0.6244851757014055,0.7021186440677966,-0.6244851757014055,0.6889599874993492,-1079.0,0.00847457627118644,0.2033898305084746,0.7288135593220338,0.11652542372881354,0.21101694915254238,三商壽
125.0,125.0,121.0,124.0,22878188.0,-0.035019455252918275,126.0,0.03765690376569042,125.15,0.3362068526101327,117.36832949320475,0.3419913198299107,103.601664797465,0.003554288501621352,49.152542372881356,22406585.5,1.0210474951660975,-0.009188973232121533,2881.TW,2026-07-30,-0.1406250241048188,-0.023498694516971286,bull,0.1037037037037037,0.03429101019462465,2026-03-31,2026-05-15,66193246000.0,,,38624861000.0,5062760000.0,33551455000.0,,,,13120104726000.0,12085399702000.0,1034705024000.0,358727505000.0,,,,0.131075164257549,,13120104726000.0,,0.0324261062058977,0.0025572551211051,11.68004351160858,,,0.5068712750542556,-0.3925800152621125,,,12.264204123597382,12.264204123597382,False,71.20700942707408,71.20700942707408,56.47130810120491,1007.0,True,False,True,True,False,True,True,False,True,True,True,True,True,True,False,False,False,11,False,0.05650306633340296,0.19689196348738713,1.0,2778416602.0,0.049074074074074076,2.0,3.0,,,,,,-0.03662844239736177,-0.14877205053573833,0.36552167119836626,-1.404255900235373,0.3203389830508474,-1.404255900235373,0.3796577894643992,-1007.0,0.07627118644067797,0.11016949152542373,0.2542372881355932,0.10296610169491525,0.12203389830508475,富邦金
94.9000015258789,95.1999969482422,92.5,95.1999969482422,27778873.0,-0.021582795864852344,96.03999938964844,0.018181785542697337,95.98500061035156,0.20965693316165446,93.37494265238443,0.25428188451067113,83.84830455780029,-0.0036046248324248494,46.58383327172963,24406299.45,1.1381845517756277,-0.008178399303200079,2882.TW,2026-07-30,-0.1406250241048188,-0.023498694516971286,bull,0.14722222222222223,0.0639481000926784,2026-03-31,2026-05-15,72538053000.0,,,38391738000.0,6735806000.0,31593811000.0,,,,14450034484000.0,13633007653000.0,817026831000.0,293505959000.0,,,,0.1754493636104726,,14450034484000.0,,0.0386692453677815,0.0021864176888285,16.686119887046893,,,0.4355480977687669,-0.3173702053156907,,,13.906153918122188,13.906153918122188,False,60.13616876247994,60.13616876247994,48.5786650513905,984.0,True,False,True,True,False,True,False,False,True,True,True,True,True,True,False,False,False,10,False,0.019545439536729603,0.13538368426539504,1.0,2323479633.157885,0.05277777777777778,1.0,3.0,,,,,,-0.03771327892008712,-0.13629165367571058,0.27645596583620363,-0.9711575647093675,0.3822033898305085,-0.9711575647093675,0.4784812720132815,-984.0,0.1016949152542373,0.00847457627118644,0.3898305084745763,0.14491525423728813,0.13135593220338984,國泰金
36.79999923706055,37.79999923706055,36.34999847412109,37.70000076293945,69044705.0,0.057503482449290155,36.560000610351565,0.11869435933066441,35.38750019073486,0.18367347916495613,33.67618652979533,0.12202388318488189,33.30934330622355,0.02447166032069964,72.8682202635512,45597752.3,1.514212905621666,0.0653479494098328,2884.TW,2026-07-30,-0.1406250241048188,-0.023498694516971286,bull,0.021296296296296296,0.08063021316033364,2026-03-31,2026-05-15,25169421000.0,,,12706707000.0,2639201000.0,10056957000.0,,,,4679436007000.0,4394289185000.0,285146822000.0,45485669000.0,,,,0.2077014131198586,,4679436007000.0,,0.0352693988642805,0.0021491814365995,15.410619533399537,,,0.3995704549580223,0.174006725249566,,,29.938092003685178,29.938092003685178,False,82.07612577976938,82.07612577976938,69.04161733574834,685.0,True,True,True,True,True,True,True,False,True,True,True,True,True,True,False,False,False,13,False,0.11948544796139582,0.13181459076965796,1.0,1719035296.4983242,0.06944444444444445,1.0,3.0,,,,,,-0.10353707103270152,-0.21761711067350492,0.14399799949686018,-1.6485843261966886,0.075,-1.6485843261966886,0.12475908284161714,-685.0,0.3644067796610169,0.7203389830508474,0.00847457627118644,0.31101694915254235,0.3999999999999999,玉山金
34.849998474121094,35.650001525878906,34.45000076293945,35.5,63055957.0,0.039531432322135185,34.83999938964844,0.10591905568531335,33.97749977111816,0.23263892154266896,31.34833313624064,0.2220310131612968,30.10249988238017,0.01569388864401186,74.3589843910474,34530458.65,1.8260967118662932,0.044809071860431704,2892.TW,2026-07-30,-0.1406250241048188,-0.023498694516971286,bull,0.030555555555555555,0.057460611677479144,2026-03-31,2026-05-15,19296673000.0,,,10035758000.0,1792064000.0,8243694000.0,,,,5146398447000.0,4848752228000.0,297646219000.0,66304190000.0,,,,0.1785678769854753,,5146398447000.0,,0.0276962832845526,0.0016018374956578,16.290320247609124,,,0.427208047729264,0.0559316737098873,,,19.735682713005552,19.735682713005552,False,79.49676809754655,79.49676809754655,64.5564967514113,865.0,True,True,True,True,True,True,True,False,True,True,True,True,True,True,False,False,False,13,False,0.13243660662007484,0.17930404912248288,1.0,1225831282.075,0.09166666666666666,1.0,3.0,,,,,,-0.08134492225877189,-0.19172650604303262,0.17184481352570896,-1.1962851668130323,0.2245762711864407,-1.1962851668130323,0.2690995159092668,-865.0,0.1864406779661017,0.5254237288135594,0.06779661016949153,0.16864406779661018,0.264406779661017,第一金
22.450000762939453,22.600000381469727,22.25,22.549999237060547,2751524.0,0.024999965320933848,22.349999618530273,0.02267573774604159,22.25749988555908,0.006696411655569001,22.419157568613688,0.020361938815536496,22.60082885424296,0.004700430034379132,55.55554770637533,2111923.1,1.3028523623800505,0.013141608581619835,2903.TW,2026-07-30,-0.1406250241048188,-0.023498694516971286,bull,0.13333333333333333,0.3215940685820204,2026-03-31,2026-05-15,8445107000.0,4894442000.0,1258959000.0,711710000.0,98348000.0,552249000.0,0.39,23289316000.0,44841575000.0,132760502000.0,96156196000.0,36604306000.0,11187325000.0,13575489000.0,13506440000.0,,0.138185496901828,1084989125.0059714,87918927000.0,0.0123407912497154,0.0150869955026602,0.0041597387150584,2.6269094133351416,0.5795595011407197,0.1490755534536152,0.0653927771430249,-0.0031784571239377,,,39.04410208893306,39.04410208893306,False,60.529660583057485,60.529660583057485,55.15827095952638,533.0,True,False,True,True,True,False,True,True,True,True,True,True,True,True,False,False,False,12,False,0.005836154549804906,-0.002249015622843853,0.0,47623864.29373055,0.4425925925925926,0.0,3.0,,,,,,0.021268046633035075,-0.0001132888793424213,0.11640362340150584,-1.2580453699040504,0.42923728813559325,-1.2580453699040504,0.5238752108466711,-533.0,0.4830508474576271,0.1016949152542373,0.5254237288135594,0.489406779661017,0.3771186440677966,遠百
16.350000381469727,16.649999618530273,16.100000381469727,16.600000381469727,1449295.0,0.05063292285300003,16.300000381469726,0.12925174128281647,15.657500076293946,0.22962965788664635,14.655000019073487,0.06410256253505198,14.744999996821086,0.02487318386646991,74.00001525878908,1103309.7,1.3135885599483084,0.060194814024159715,2905.TW,2026-07-30,-0.1406250241048188,-0.023498694516971286,bull,0.017592592592592594,0.061167747914735865,2026-03-31,2026-05-15,29552820000.0,,,,-68929000.0,32878000.0,0.03,133124099000.0,1468399841000.0,1617410517000.0,62246052000.0,86764624000.0,72610211000.0,2757000000.0,7269508000.0,,,,149010676000.0,,0.0003789332389661,2.032755423217024e-05,0.717412801788895,,,0.0011125165043471,-0.4161502905041906,,,21.27042291580655,21.27042291580655,False,80.57250102593636,80.57250102593636,65.74698149840391,839.0,True,True,True,True,True,True,True,False,True,True,True,True,True,True,False,False,False,13,False,0.1327192330170468,0.12580538386222884,1.0,18314941.440879248,0.5851851851851851,0.0,3.0,,,,,,0.03811952916542953,-0.0383962613952939,0.18029615588790857,-1.4584872381819691,0.4491525423728813,-1.4584872381819691,0.4678763874800892,-839.0,0.23728813559322035,0.5847457627118644,0.3813559322033898,0.25889830508474576,0.37033898305084745,三商
22.149999618530277,22.200000762939453,21.799999237060547,22.0,302199.0,0.020881706676145306,21.90999984741211,0.03286388676115526,21.762500000000003,0.06280189319548324,21.28348248799642,0.08374388309512137,20.774241272608442,0.006707527734408591,54.83869379939873,195421.5,1.5463958673943246,0.010913268236645512,2908.TW,2026-07-30,-0.1406250241048188,-0.023498694516971286,bull,0.11481481481481481,0.2020389249304912,2026-03-31,2026-05-15,9402236000.0,2780908000.0,276866000.0,231204000.0,54293000.0,160854000.0,0.32,20114529000.0,15304252000.0,40538813000.0,31810333000.0,8728480000.0,2421634000.0,4169050000.0,9539478000.0,,0.2348272521236656,211850318.0135292,25234561000.0,0.0083952448395487,0.0184286382050483,0.0039679010828462,3.6444298434549887,0.2957709208745664,0.0294468252020051,0.0171080581257479,0.0988141239298459,,,24.019508975015057,24.019508975015057,False,75.1214245685206,75.1214245685206,62.34594567014422,785.0,True,True,True,True,True,True,True,True,True,True,True,True,True,True,False,False,False,14,False,0.033665426342126326,0.05900377834774462,1.0,4299273.0,0.7824074074074074,0.0,3.0,,,,,,0.05775631885393015,0.022050488089242804,0.21741284288343096,-0.8488321195664226,0.8199152542372881,-0.8488321195664226,0.841563765705666,-785.0,0.2796610169491525,0.423728813559322,0.9322033898305084,0.3775423728813559,0.45338983050847453,特力
27.149999618530277,28.549999237060547,26.149999618530277,26.649999618530277,276858.0,0.11041665077209495,25.25999984741211,0.18181820488629774,24.277500057220458,0.2004503920116807,22.81916675567627,0.3353705967542113,21.950908454259242,0.0260989018629709,58.84773672241777,176376.25,1.5697011360656552,0.09772421195419612,2910.TW,2026-07-30,-0.1406250241048188,-0.023498694516971286,bull,0.011111111111111112,0.07043558850787766,2026-03-31,2026-05-15,134947000.0,122139000.0,79615000.0,67368000.0,16123000.0,51245000.0,0.29,1046634000.0,924884000.0,6492314000.0,3855433000.0,2636881000.0,179700000.0,437000000.0,2663000000.0,,0.2393272770454815,60560958.83802399,5567430000.0,0.010877722546673,0.0194339448765416,0.0078931795350625,1.4621186925007237,0.9050886644386316,0.5899723595189222,0.3797416763618309,0.0604038975326104,,,53.55098246287692,53.55098246287692,False,93.40556710894182,93.40556710894182,83.4419209474256,319.0,True,True,True,True,True,True,True,True,True,True,False,True,True,True,False,False,False,13,False,0.16787785916420828,0.21407274209461002,1.0,4700426.995217801,0.7685185185185185,0.0,3.0,,,,,,0.018146405769703115,-0.07936294919339149,0.12903103782950404,-1.4569930643634348,0.22076271186440677,-1.4569930643634348,0.3756067100265696,-319.0,0.7372881355932204,0.9915254237288136,0.23728813559322035,0.6622881355932203,0.7135593220338984,統領
51.0,51.900001525878906,50.59999847412109,51.400001525878906,2091643.0,-0.003875909964270341,51.18000030517578,-0.011538432194636461,50.7208330154419,0.18296894415063814,48.67944444020589,-0.0019417179440989196,48.66055564880371,-0.0033404814947671146,58.194976104206035,2786029.65,0.7507612131837865,0.01339032642129978,2915.TW,2026-07-30,-0.1406250241048188,-0.023498694516971286,bull,0.26296296296296295,0.08155699721964782,2026-03-31,2026-05-15,418613000.0,187104000.0,-8207000.0,2736586000.0,18591000.0,2708283000.0,2.59,4840429000.0,1001903000.0,130249863000.0,12898049000.0,117351814000.0,3969846000.0,450000000.0,9445000000.0,,0.0067935010995452,-8151245.736476032,129247960000.0,-6.306672644176382e-05,0.0230783224194557,0.0207929815634431,0.1099092426470714,0.4469617522628298,-0.019605220095888,,-0.3549697834454577,,,42.46996725529738,42.46996725529738,False,63.071353498179384,63.071353498179384,57.921006937458884,472.0,True,False,True,True,True,True,False,True,True,True,True,True,False,True,False,False,False,11,False,0.055887184353854646,0.05629705293228704,1.0,143201928.26114386,0.3,1.0,3.0,,,,,,0.06491970116466421,0.030071282683162653,0.15023515800239534,-1.03976671139194,0.7165254237288136,-1.03976671139194,0.5944993692665407,-472.0,0.5423728813559322,0.1694915254237288,0.5932203389830508,0.55,0.4406779661016949,潤泰全
106.0,110.5,105.5,110.0,4153408.0,-0.03083700440528636,110.5,0.07317073170731714,111.525,0.1282051282051282,105.47166659037272,0.0284281574606573,106.63805383046468,0.021993127147766377,46.666666666666664,5229224.9,0.7942683819164098,-0.01367406411118588,3005.TW,2026-07-30,-0.1406250241048188,-0.023498694516971286,bull,0.050462962962962966,0.12048192771084337,2026-03-31,2026-05-15,9308269000.0,2890739000.0,1257624000.0,1391228000.0,215931000.0,1087413000.0,1.74,34157049000.0,19619666000.0,51413542000.0,24716257000.0,26697285000.0,14015961000.0,1317501000.0,1977017000.0,,0.1552089233396682,1062429532.993873,31793876000.0,0.0334161689815319,0.0407312204218518,0.0211503226134468,0.9257966493596632,0.3105560228222884,0.1351082569702272,0.1168222577151562,-0.0255358141879895,,,60.64311592085046,60.64311592085046,False,70.47406291834002,70.47406291834002,68.01632616896764,256.0,True,False,True,True,False,True,True,False,True,True,True,True,False,True,True,False,False,10,False,0.04293412208241931,0.03152670223033338,1.0,575214739.0,0.16203703703703703,2.0,3.0,,,,,,0.035283203478411164,0.00017963205855417924,0.1901976647015071,-0.9102423175615698,0.6800847457627118,-0.9102423175615698,0.6359019631358332,-256.0,0.788135593220339,0.6440677966101694,0.6610169491525424,0.7690677966101696,0.7194915254237289,神基
99.3000030517578,103.0,99.0999984741211,101.5,1065677.0,-0.024038461538461564,102.06000061035157,-0.004901960784313708,103.0400001525879,0.0,101.35166676839192,-0.07824914417759121,102.31876055399577,0.007775442082260513,46.41148220561845,1078071.6,0.9885029899683841,-0.014945653632641331,3029.TW,2026-07-30,-0.1406250241048188,-0.023498694516971286,bull,0.23796296296296296,0.3438368860055607,2026-03-31,2026-05-15,6876938000.0,811379000.0,385472000.0,424218000.0,78018000.0,295873000.0,1.77,12286821000.0,7803745000.0,15126326000.0,8760650000.0,6365676000.0,2911146000.0,3716000.0,,,0.1839101593991768,314579783.0360805,7322581000.0,0.0429602326059732,0.0464794312497211,0.0195601364138258,1.3762324692617092,0.1179855045952137,0.0560528537555522,0.0430239446683974,0.0168646985516829,,,48.26050505492552,48.26050505492552,False,59.2651889609721,59.2651889609721,56.51401798446045,395.0,True,False,True,True,False,True,True,False,True,True,True,True,True,True,False,False,False,11,False,0.0014635499971307198,-0.00800205699876222,0.0,109424267.4,0.33055555555555555,2.0,3.0,,,,,,0.027039572675905513,-0.0243500607568302,0.14550358233519425,-0.7389531894297394,0.48516949152542377,-0.7389531894297394,0.5101448895027705,-395.0,0.6186440677966102,0.1271186440677966,0.4745762711864407,0.5970338983050847,0.4423728813559322,零壹
170.0,170.5,157.5,160.0,82444779.0,-0.0778097982708934,171.1,0.046481780660542205,154.71429367065429,0.0921501706484642,154.24108327229817,0.18959107806691455,143.47054163614908,0.03126877906914595,60.6896551724138,65954682.0,1.2500216284872694,0.03416430508093571,3231.TW,2026-07-30,-0.1406250241048188,-0.023498694516971286,bull,0.08611111111111111,0.16218721037998146,2026-03-31,2026-05-15,846303026000.0,44093947000.0,29137265000.0,23507511000.0,5486748000.0,9630739000.0,3.06,1303491429000.0,1086171892000.0,1469121920000.0,1193994744000.0,275127176000.0,100033488000.0,354877446000.0,39108580000.0,51333618000.0,0.2334040383943668,22336509681.23316,382950028000.0,0.0583274789086401,0.0350046808898296,0.0065554389114281,4.339792096728387,0.0521018425378996,0.0344288796150422,0.0113797761606963,1.4425382266616515,,,39.08905119727999,39.08905119727999,False,82.94769781509879,82.94769781509879,71.98303616064409,531.0,True,True,True,True,True,True,True,True,True,True,True,True,True,True,False,False,False,14,False,0.0373371128205513,0.11521151433142807,1.0,10552749120.0,0.013888888888888888,2.0,3.0,,,,,,0.0616779686553331,-0.015097742021453343,0.2692816374019992,-0.27689170081487685,0.8097457627118644,-0.27689170081487685,0.8264250128182542,-531.0,0.4915254237288136,0.8220338983050848,0.923728813559322,0.5563559322033899,0.6771186440677966,緯創
14.0,14.0,13.800000190734863,13.899999618530272,56063.0,0.02583021570986621,13.710000038146973,0.03731343389805564,13.505896091461182,0.018315018826859042,13.230298709869384,0.010909063165837951,13.419732666015623,0.0018544761290635117,62.45164967687285,60251.45,0.9304838306795936,0.02918010951663197,3266.TW,2026-07-30,-0.1406250241048188,-0.023498694516971286,bull,0.10648148148148148,0.2891566265060241,2026-03-31,2026-05-15,508760000.0,129118000.0,60784000.0,58332000.0,13161000.0,43683000.0,0.12,12792293000.0,7165124000.0,13882400000.0,7442761000.0,6439639000.0,986601000.0,4625000000.0,151500000.0,,0.2256222999382843,47069774.120551325,6717276000.0,0.0070072711201015,0.0067834547868288,0.003146646113064,1.155773017711086,0.2537896061011085,0.1194748014781036,0.0858617029640695,1.0270049523688098,,,43.42781225211624,43.42781225211624,False,75.39537160054334,75.39537160054334,67.40348176343656,458.0,True,True,True,True,True,True,True,True,True,True,True,True,True,True,False,False,False,14,False,0.05061872927791966,0.035788116236539214,1.0,837495.1320158957,0.950925925925926,0.0,3.0,,,,,,0.048128475483679906,0.000998001137091957,0.17766956490626643,-1.0608709468221214,0.6741525423728814,-1.0608709468221214,0.6618287360510078,-458.0,0.5508474576271186,0.6271186440677966,0.6864406779661016,0.5711864406779661,0.6008474576271186,昇陽
71.4000015258789,71.69999694824219,70.9000015258789,71.0,249215.0,0.007092198581560183,70.94000091552735,0.02898550724637672,70.67000045776368,0.005665744115072924,70.03666648864746,-0.05523249823023202,71.5238826751709,0.007197330411071824,58.10806073802807,220263.8,1.1314387566182007,0.004669584549296113,4104.TW,2026-07-30,-0.1406250241048188,-0.023498694516971286,bull,0.11944444444444445,0.3262279888785913,2026-03-31,2026-05-15,2342958000.0,499286000.0,180402000.0,293936000.0,57430000.0,205180000.0,1.12,10813275000.0,6342897000.0,19463903000.0,7408639000.0,12055264000.0,3077674000.0,386784000.0,350000000.0,,0.1953826683359643,145154575.86685538,13121006000.0,0.0110627627078941,0.0170199507866439,0.0105415650704794,0.6145563465055597,0.2131007043233382,0.0769975390083817,0.0875730593548838,0.0900901445802753,,,40.560354710843605,40.560354710843605,False,71.5321561156594,71.5321561156594,63.78920576445545,501.0,True,False,True,True,True,True,True,True,True,True,True,True,True,True,False,False,False,13,False,0.013754702495851978,-0.007324583839360854,0.0,15638729.799999999,0.6055555555555555,1.0,3.0,,,,,,0.01878448393877843,-0.01667036072757971,0.12395364264444006,-1.5333463962002178,0.29618644067796607,-1.5333463962002178,0.29933435509075607,-501.0,0.5169491525423728,0.4661016949152542,0.13559322033898305,0.45974576271186435,0.4254237288135593,佳醫
50.79999923706055,50.79999923706055,48.0,48.0,181940.0,-0.023397792272160878,50.25,0.06430158811519626,47.28499984741211,0.01910831327040108,44.11560325622558,-0.10614526409603431,47.711551570892325,0.03370530469973816,58.503398712553036,222712.9,0.8169261861347052,0.01512107761224879,4119.TW,2026-07-30,-0.1406250241048188,-0.023498694516971286,bull,0.062037037037037036,0.2873030583873957,2026-03-31,2026-05-15,375798000.0,82325000.0,33151000.0,28590000.0,8480000.0,20110000.0,0.17,1104577000.0,1053320000.0,6954821000.0,1544198000.0,5410623000.0,51949000.0,390000000.0,300399000.0,,0.2966072053165442,23318174.53655124,5901501000.0,0.0039512277531684,0.0037167623765322,0.0028915194222827,0.2854011451176694,0.2190671584202151,0.0882149452631466,0.0535127914464685,0.0430373141784996,,,33.11973270077256,33.11973270077256,False,74.4424007997281,74.4424007997281,64.11173377498922,628.0,True,False,True,True,True,True,True,True,True,True,True,True,True,True,False,False,False,13,False,0.08805040523221797,0.006045672790143453,1.0,10690219.2,0.6666666666666666,1.0,3.0,,,,,,0.015708973864159655,-0.022884344618351527,0.11628722567029748,-1.5147970988428172,0.26313559322033897,-1.5147970988428172,0.248678465924601,-628.0,0.4152542372881356,0.4915254237288136,0.05084745762711865,0.36059322033898306,0.3652542372881356,旭富
24.799999237060547,25.450000762939453,24.799999237060547,25.450000762939453,27363.0,-0.04681647806299105,25.88000030517578,0.00394478816429622,25.905000114440917,0.018000030517578036,25.08083333969116,-0.14020268800835112,26.44458335240682,0.01092683373427967,47.55246005107956,34177.9,0.8006050693576843,-0.017564151688531426,4190.TW,2026-07-30,-0.1406250241048188,-0.023498694516971286,bull,0.19444444444444445,0.29101019462465244,2026-03-31,2026-05-15,547291000.0,358277000.0,-2980000.0,-1118000.0,14477000.0,-15595000.0,-0.26,1622513000.0,3364541000.0,6747057000.0,5134925000.0,1612132000.0,755987000.0,400000000.0,918267000.0,0.0,0.0,-2980000.0,3382516000.0,-0.0008810010063514,-0.0096735254929497,-0.0023113781312355,3.185176524006719,0.6546371126146785,-0.0054450009227266,-0.0284948957684303,-0.0893812082993626,,,14.664956846451332,14.664956846451332,False,61.89141180105035,61.89141180105035,50.084798062400594,965.0,True,False,True,True,False,True,True,False,True,True,True,True,True,True,False,False,False,11,False,0.01471910515286079,-0.037610068429262844,0.0,869827.5810756683,0.9490740740740741,0.0,3.0,,,,,,-0.0007635441365105253,-0.04237163426389887,0.1584220733636504,-0.9879947823062545,0.3355932203389831,-0.9879947823062545,0.36679093765466886,-965.0,0.13559322033898305,0.025423728813559324,0.211864406779661,0.14703389830508473,0.11779661016949153,佐登-KY
99.5,100.5,99.5,100.0,51131.0,-0.014778325123152691,99.77999877929688,0.08932458252336839,98.20960159301758,0.006036201860267321,94.11986757914225,-0.019607843137254943,94.64410050710042,0.02211592258137801,59.42079069284051,44927.0,1.1380906804371536,0.018230380512099575,4439.TW,2026-07-30,-0.1406250241048188,-0.023498694516971286,bull,0.040740740740740744,0.3243744207599629,2026-03-31,2026-05-15,1813173000.0,351234000.0,137515000.0,120652000.0,21935000.0,98717000.0,2.59,3706764000.0,2411825000.0,6690736000.0,3165004000.0,3525732000.0,605864000.0,578186000.0,268213000.0,468173000.0,0.1818038656632297,112514241.41332096,4278911000.0,0.0262950646585827,0.0279990084328587,0.01475428114336,0.8976870618640328,0.1937123484631637,0.075842183840152,0.0544443359789716,0.0206853419814041,,,45.1072184501587,45.1072184501587,False,76.58369429714162,76.58369429714162,68.71457533539589,431.0,True,True,True,True,True,True,True,True,True,True,True,True,True,True,False,False,False,14,False,0.06247493299874596,0.056589892705438904,1.0,4492700.0,0.775,1.0,3.0,,,,,,0.04504356106306008,0.006997084719409891,0.19368494210996995,-0.3425382210604895,0.7860169491525424,-0.3425382210604895,0.8166113102775097,-431.0,0.576271186440678,0.6779661016949152,0.8983050847457628,0.6245762711864407,0.6711864406779662,冠星-KY
47.20000076293945,49.34999847412109,47.150001525878906,47.59999847412109,10730777.0,-0.043216111072942986,48.470000457763675,-0.03838386920967507,48.447499847412104,0.11345025670458675,45.229999987284344,-0.0536779483875246,45.29875001907349,0.006439886561937738,50.0,9700201.4,1.1062427013113356,-0.017493191102952,4763.TW,2026-07-30,-0.1406250241048188,-0.023498694516971286,bull,0.36666666666666664,0.13438368860055608,2026-03-31,2026-05-15,2711414000.0,1506899000.0,1344230000.0,1277102000.0,163292000.0,1114887000.0,1.13,18689835000.0,1425022000.0,23180026000.0,1425022000.0,21755004000.0,10088044000.0,,,,0.1278613611128946,1172354922.5512135,21755004000.0,0.0538889775681591,0.0512473819816351,0.0480968830664814,0.0655031826240988,0.5557613112567834,0.4957671532270616,0.4111828735855166,-0.3473205110583516,,,80.5798896395777,80.5798896395777,False,61.52576362924722,61.52576362924722,66.28929513182985,83.0,True,False,True,True,False,True,True,True,True,True,True,True,True,True,True,False,False,12,False,0.05239881688045611,0.050801588434087774,1.0,461729571.8386673,0.1787037037037037,1.0,2.0,,,,,,0.009893971948137585,-0.011082208157413747,0.12591618313593675,-0.7531828375593935,0.44661016949152543,-0.7531828375593935,0.5036952550162596,-83.0,0.940677966101695,0.6016949152542372,0.4491525423728814,0.8669491525423729,0.7406779661016949,材料*-KY
37.25,37.650001525878906,36.59999847412109,37.0,215624.0,-0.03141363191028157,38.04999923706055,-0.022457027962689335,39.025000190734865,0.7330210463187323,34.389166768391924,1.0555555555555554,25.55604991912842,0.005216046381844819,48.387093110032524,331428.85,0.6505891083410512,-0.051889818855545555,4807.TW,2026-07-30,-0.1406250241048188,-0.023498694516971286,bull,0.3111111111111111,0.0037071362372567192,2026-03-31,2026-05-15,614904000.0,170422000.0,87748000.0,91603000.0,25539000.0,66606000.0,1.7,1245034000.0,536565000.0,1681170000.0,611401000.0,1069769000.0,166156000.0,411698000.0,8064000.0,,0.2788009126338657,63283777.51820355,1144605000.0,0.0552887480993037,0.0622620397487681,0.0396188368814575,0.5715261892988113,0.2771522058727866,0.1427019502231242,0.1083193474103274,0.1696505337482594,,,79.1380462401501,79.1380462401501,False,65.57398826073525,65.57398826073525,68.96500275558897,91.0,True,False,True,True,False,True,True,False,True,True,True,True,False,True,True,False,False,10,False,0.07592022363297768,0.44779807979267994,1.0,12262867.45,0.6453703703703704,1.0,2.0,,,,,,0.15429598313392048,0.07608622773907815,0.2991013418675309,-0.9134599946406726,0.9309322033898306,-0.9134599946406726,0.918208185346743,-91.0,0.9322033898305084,0.711864406779661,0.9830508474576272,0.9398305084745763,0.8762711864406779,日成-KY
106.5,106.5,104.0,105.5,15017735.0,0.029268292682926855,106.2,0.06360756752915075,100.85990943908692,0.10935858772604479,100.95929412841797,0.18008946531684988,97.14464715321859,0.010996342489363176,72.34042553191489,15183114.15,0.9891076923767974,0.04600530167752526,4904.TW,2026-07-30,-0.1406250241048188,-0.023498694516971286,bull,0.06481481481481481,0.1371640407784986,2026-03-31,2026-05-15,27804510000.0,9180075000.0,4900562000.0,4717879000.0,943576000.0,3708354000.0,1.03,36726189000.0,39569231000.0,185313352000.0,85176808000.0,100136544000.0,7149542000.0,1907000000.0,7161318000.0,18487164000.0,0.2000000423919307,3920449392.255715,145744121000.0,0.026899537115845,0.0370329736963959,0.0200112617897063,0.850606627686292,0.3301649624467397,0.1762506154577081,0.1333723917450802,0.0676669313513584,,,64.90506799565857,64.90506799565857,False,63.460229675886865,63.460229675886865,63.82143925582979,211.0,True,False,True,True,True,False,True,False,True,True,True,True,True,True,True,False,False,11,False,0.044975610326735804,0.08600940032859627,1.0,1601818542.825,0.07407407407407407,2.0,3.0,,,,,,0.021169645387143894,-0.035510419848699175,0.23973264102001954,-1.0747427469348296,0.5110169491525424,-1.0747427469348296,0.6221968188499103,-211.0,0.8050847457627118,0.4745762711864407,0.6440677966101694,0.7809322033898305,0.673728813559322,遠傳
54.0,54.0,52.70000076293945,53.09999847412109,70405.0,0.011428542364211092,53.339999389648426,-0.0018797422440646194,53.354999732971194,0.0018867636626620499,53.038333320617674,-0.1263881763866892,54.741743659973146,0.0029135288152479584,50.94338264613537,75923.55,0.9273143840086507,-0.00477933202373404,5283.TW,2026-07-30,-0.1406250241048188,-0.023498694516971286,bull,0.21388888888888888,0.3392029657089898,2026-03-31,2026-05-15,1223404000.0,353685000.0,-7455000.0,16910000.0,3240000.0,13670000.0,0.16,4507049000.0,2765436000.0,8209751000.0,3417985000.0,4791766000.0,676596000.0,1172000000.0,328000000.0,,0.1916026020106445,-6026602.602010644,5444315000.0,-0.0011069533269126,0.0028528104252169,0.0016650931313263,0.7133038215972983,0.2890991038119869,-0.006093653445632,0.011173741462346,-0.0336491827829927,,,23.489256314333275,23.489256314333275,False,60.10325919060858,60.10325919060858,50.94975847153975,798.0,True,False,True,True,False,True,True,True,True,True,True,True,True,True,False,False,False,12,False,0.0011626525503853902,-0.029990736065144685,0.0,4031540.3891498563,0.7916666666666666,1.0,3.0,,,,,,0.03297536375521946,-0.01090103301928871,0.14447117267081006,-1.4107345496938832,0.44364406779661014,-1.4107345496938832,0.5654424763940614,-798.0,0.2627118644067797,0.03389830508474576,0.559322033898305,0.3072033898305085,0.2533898305084746,禾聯碩
183.0,187.0,180.0,185.5,156427.0,-0.06075949367088607,188.5,0.013661202185792254,188.55,0.1891025641025641,174.40833333333333,0.27491408934707895,161.49583333333334,0.0137096774193549,46.21848739495798,173876.4,0.8996448051604473,-0.016176080615221466,5288.TW,2026-07-30,-0.1406250241048188,-0.023498694516971286,bull,0.1574074074074074,0.07877664504170528,2026-03-31,2026-05-15,2061135000.0,478999000.0,298138000.0,346156000.0,100630000.0,249057000.0,3.59,4729511000.0,1996750000.0,8144719000.0,2033096000.0,6111623000.0,1527526000.0,170275000.0,,0.0,0.2907070800448352,211467172.5695929,6147969000.0,0.0343962652657475,0.0407513683353832,0.0305789555170657,0.3326605715044923,0.2323957431221147,0.1446474879132128,0.120834879811366,0.0892520430725782,,,70.01559901846518,70.01559901846518,False,68.30836165173514,68.30836165173514,68.73517099341765,163.0,True,False,True,True,False,True,True,False,True,True,True,True,True,True,True,False,False,11,False,0.06359596731807549,0.1486364457287339,1.0,32254072.2,0.5037037037037037,2.0,3.0,,,,,,0.023936289342078726,-0.020957398030642633,0.21919148751437764,-1.3154884623023033,0.5122881355932204,-1.3154884623023033,0.49275121264495986,-163.0,0.8559322033898306,0.6949152542372882,0.4322033898305085,0.7923728813559322,0.7228813559322034,豐祥-KY
42.650001525878906,43.150001525878906,41.59999847412109,42.900001525878906,429710.0,-0.005793742552942072,42.96999969482422,0.06188118578160395,41.985000038146964,0.07788950623726976,40.90766557057699,0.3139356667985356,38.70299948056539,0.014252923476560387,57.798164816539376,485149.45,0.8857270682260899,0.0217935330927852,5515.TW,2026-07-30,-0.1406250241048188,-0.023498694516971286,bull,0.06944444444444445,0.1788693234476367,2026-03-31,2026-05-15,2015280000.0,391103000.0,268702000.0,476647000.0,82479000.0,394168000.0,1.96,9114211000.0,5142167000.0,11530797000.0,5836747000.0,5694050000.0,2270517000.0,100000000.0,,,0.1730400065457246,222205804.1611507,6388630000.0,0.0347814483169553,0.0692245414072584,0.0341839336864572,1.02506072127923,0.1940688142590607,0.1333323409154063,0.1955896947322456,0.3881614203981094,,,76.63848749386133,76.63848749386133,False,76.70346668991826,76.70346668991826,76.68722189090403,104.0,True,True,True,True,True,True,True,True,True,True,True,True,True,True,True,False,False,14,False,0.04870324247333513,0.10844126040983038,1.0,20812912.145279314,0.5657407407407408,1.0,3.0,,,,,,0.029878471471459507,-0.016323126971870525,0.18931651132720656,-0.9735372882043948,0.5813559322033899,-0.9735372882043948,0.7021947573231829,-104.0,0.9152542372881356,0.9322033898305084,0.7542372881355932,0.8911016949152541,0.888135593220339,建國
34.79999923706055,34.79999923706055,33.5,33.5,28000.0,-0.03735630073451557,33.82000045776367,0.06214931709396798,33.875,0.050156752369999946,33.34685815175374,0.022900763358778553,32.241345675786334,0.01960297685906329,54.867251857218186,38065.9,0.7355664781339729,-0.011070110701106972,5538.TW,2026-07-30,-0.1406250241048188,-0.023498694516971286,bull,0.06666666666666667,0.22613531047265986,2026-03-31,2026-05-15,3164547000.0,521693000.0,303683000.0,283264000.0,56625000.0,225974000.0,1.12,11275781000.0,4984369000.0,14701660000.0,6800925000.0,7900735000.0,2524953000.0,2256342000.0,1189653000.0,,0.1999018583370989,242976203.9546148,9717291000.0,0.0250045206997109,0.0286016427585534,0.0153706452196554,0.8607964955159235,0.1648555069651359,0.0959641300950815,0.0714080087924116,0.0280798566914675,,,45.92585745794853,45.92585745794853,False,70.5324526350926,70.5324526350926,64.38080384080658,415.0,True,False,True,True,False,True,True,True,True,True,True,True,False,True,False,False,False,11,False,0.004592392109305843,0.039038517091392055,1.0,1275207.6500000001,0.9175925925925926,1.0,3.0,,,,,,0.045328801195873604,0.022995726022258238,0.13833856961164107,-0.48212183983277884,0.6966101694915254,-0.48212183983277884,0.7803264606900184,-415.0,0.5932203389830508,0.5084745762711864,0.8559322033898306,0.6326271186440677,0.6203389830508474,東明-KY
44.400001525878906,45.0,43.900001525878906,44.79999923706055,15403922.0,0.050639644780851034,44.342054748535155,0.07048986548383418,43.48288440704346,0.16666660043928627,41.7984614054362,0.13274336539254494,40.62798070907593,0.011115336518626241,60.70143238777016,15081008.4,1.021411936883478,0.030290419965878446,5876.TW,2026-07-30,-0.1406250241048188,-0.023498694516971286,bull,0.053703703703703705,0.08897126969416126,2026-03-31,2026-05-15,,,,,1276742000.0,5109024000.0,,,,2488960189000.0,2207968500000.0,280991689000.0,30954201000.0,,,,,,2488960189000.0,,0.0181821178348089,0.0020526740534378,7.857771551385635,,,,,,,9.85663137943466,9.85663137943466,False,83.5354998263539,83.5354998263539,65.11578271462409,1041.0,True,True,True,True,True,True,True,True,True,True,True,True,True,True,False,False,False,14,False,0.07180976836707131,0.10268830631428916,1.0,675629164.8141037,0.14351851851851852,1.0,3.0,,,,,,-0.0020936094875703744,-0.13018482635701997,0.18706936643307862,-1.5371337257649562,0.21271186440677967,-1.5371337257649562,0.3061424501382256,-1041.0,0.03389830508474576,0.5677966101694916,0.15254237288135594,0.05169491525423729,0.21779661016949153,上海商銀
47.54999923706055,48.150001525878906,46.79999923706055,47.45000076293945,1499734.0,-0.021649468805372107,47.68000030517578,0.04630655698956043,46.874999809265134,0.04171243814935166,45.89166679382324,-0.010427528509789896,46.34333327611287,0.011818039692210394,66.41221774165365,1135427.5,1.3208540395577877,0.012266687061632142,6177.TW,2026-07-30,-0.1406250241048188,-0.023498694516971286,bull,0.08703703703703704,0.23632993512511585,2026-03-31,2026-05-15,4844225000.0,2424809000.0,2089752000.0,2073933000.0,400120000.0,1667275000.0,3.53,41652029000.0,29793350000.0,46628913000.0,33629226000.0,12999687000.0,696289000.0,19529640000.0,800533000.0,2371735000.0,0.1929281225574789,1686580070.0292633,16835563000.0,0.1001796061129208,0.1282550110629586,0.0357562484890008,2.586925823675601,0.5005566421873467,0.4313903668801511,0.3441778612677982,7.245531466543658,,,87.89986336679576,87.89986336679576,False,74.16307282704118,74.16307282704118,77.59727046197983,43.0,True,False,True,True,True,True,True,True,True,True,True,True,True,True,True,False,False,13,False,0.03395679603700841,0.023879755912961098,1.0,53876035.741262436,0.42314814814814816,1.0,2.0,,,,,,0.0052170959984011575,-0.03544304427147051,0.25566307513860526,-0.7645019795101532,0.5182203389830509,-0.7645019795101532,0.6701397222098529,-43.0,0.9915254237288136,0.940677966101695,0.6949152542372882,0.9470338983050847,0.916949152542373,達麗
93.5,93.5,91.3000030517578,91.3000030517578,25548.0,0.008839812726605611,91.76000213623045,0.018973265698522424,90.83999977111816,-0.0076086624808935355,90.75333315531412,-0.043979025636043945,92.30999972025553,0.006648940442463628,56.043985525958234,32584.05,0.7840645960216732,0.005063884652120931,6183.TW,2026-07-30,-0.1406250241048188,-0.023498694516971286,bull,0.1425925925925926,0.3623725671918443,2026-03-31,2026-05-15,663941000.0,299863000.0,193194000.0,199461000.0,39323000.0,160138000.0,1.07,2919021000.0,1409346000.0,4616371000.0,1618254000.0,2998117000.0,876563000.0,,,,0.1971463093035731,155106515.9204055,3207025000.0,0.0483646107905007,0.0534128588043762,0.0346891530165144,0.5397567873435226,0.4516410343690177,0.2909806744876427,0.2411931180632014,0.0640097179642915,,,85.55551742626001,85.55551742626001,False,66.57821568116756,66.57821568116756,71.32254111744068,58.0,True,False,True,True,True,True,True,True,True,True,True,True,False,True,True,False,False,12,False,0.006023689460618709,-0.010941357074623737,0.0,2974923.864438629,0.8287037037037037,1.0,2.0,,,,,,0.03431766872046955,0.005931507792447212,0.15686718968211408,-1.084530030672437,0.5936440677966102,-1.084530030672437,0.6963939003310481,-58.0,0.9745762711864406,0.788135593220339,0.7457627118644068,0.9402542372881355,0.8728813559322034,關貿
144.0,146.0,142.0,143.5,1770639.0,0.01773049645390068,143.1,0.08712121212121215,140.075,0.14342629482071723,135.41968104044597,0.17622950819672134,124.98067385355631,0.02244525547445247,50.0,1594939.4,1.1101606744431796,0.024451186864179908,6214.TW,2026-07-30,-0.1406250241048188,-0.023498694516971286,bull,0.04351851851851852,0.10472659870250231,2026-03-31,2026-05-15,11968686000.0,2441124000.0,591731000.0,895921000.0,121622000.0,718327000.0,2.64,28637858000.0,16986250000.0,37839475000.0,17932964000.0,19906511000.0,4485498000.0,2337560000.0,448042000.0,0.0,0.1357508083860072,511403038.4029395,20853225000.0,0.0245239303946003,0.0360850276575337,0.0189835350516887,0.9008592213874144,0.203959231614899,0.0494399301644307,0.0600171982120677,0.2168964026850304,,,53.24611007538207,53.24611007538207,False,74.03188400259005,74.03188400259005,68.83544052078805,322.0,True,False,True,True,True,True,True,True,True,True,True,True,True,True,False,False,False,13,False,0.05966871947616448,0.14817751877496965,1.0,228873803.89999998,0.23703703703703705,2.0,3.0,,,,,,0.00011285987617337567,-0.06800807279792194,0.18793247580457,-1.056648216727163,0.36398305084745763,-1.056648216727163,0.3927532229447808,-322.0,0.7203389830508474,0.7033898305084746,0.2966101694915254,0.6567796610169491,0.6305084745762711,精誠
50.09999847412109,51.09999847412109,46.09999847412109,46.09999847412109,3821001.0,-0.029473716334292965,49.65999984741211,0.14962594085563752,45.09249973297119,0.3598818996786426,38.484999879201254,0.3022597877692188,35.483749866485596,0.05270222700130283,56.960679429619645,4546530.95,0.8404212006958843,0.022342933905108442,6243.TW,2026-07-30,-0.1406250241048188,-0.023498694516971286,bull,0.012962962962962963,0.028730305838739572,2026-03-31,2026-05-15,90026000.0,53797000.0,-16222000.0,-1659000.0,-162000.0,,-0.03,918796000.0,84467000.0,1150484000.0,381040000.0,769444000.0,591361000.0,,,291585000.0,0.0976491862567811,-14637934.900542496,1066017000.0,-0.0137314272666782,,,0.4952147264778203,0.5975718125874747,-0.1801923888654388,,-0.455927768074601,,,38.55396498905318,38.55396498905318,False,81.26663065681237,81.26663065681237,70.58846423987256,548.0,True,True,True,True,True,True,True,True,True,True,True,True,True,True,False,False,False,14,False,0.19786926383843562,0.29918620911209093,1.0,209595069.8575443,0.24537037037037038,1.0,3.0,,,,,,0.06101407162323606,-0.030932493680555784,0.3817318057629819,-1.041627631911569,0.7169491525423729,-1.041627631911569,0.7158488121355168,-548.0,0.4661016949152542,0.7711864406779662,0.7796610169491526,0.513135593220339,0.6203389830508474,迅杰
52.09999847412109,52.09999847412109,51.59999847412109,51.79999923706055,48988.0,0.005825227904088237,51.98000030517578,0.013698645476358795,51.69999980926514,0.06038896325661636,51.28666661580404,-0.11773814225788537,53.27935603459676,0.004273509498544405,47.99999389648904,65571.35,0.7470945771285782,0.0019342249161380387,6281.TW,2026-07-30,-0.1406250241048188,-0.023498694516971286,bull,0.15648148148148147,0.20759962928637626,2026-03-31,2026-05-15,4414198000.0,938230000.0,137648000.0,139886000.0,27977000.0,,1.13,5891624000.0,4637050000.0,10056992000.0,7381843000.0,2675149000.0,1001652000.0,,,,0.1999985702643581,110118596.80025163,5419942000.0,0.0203173016981088,,,2.759413774709371,0.2125482363953769,0.0311830144456592,,-4.372064006108456e-05,,,24.61246995903972,24.61246995903972,False,65.27675023307432,65.27675023307432,55.11068016456567,773.0,True,False,True,True,True,True,True,False,True,True,True,True,False,True,False,False,False,11,False,0.010009085306751597,-0.027766041251992557,0.0,3396595.87997303,0.8166666666666667,1.0,3.0,,,,,,0.047245561023117034,0.012424181111800584,0.20992124357347947,-1.1035034023293544,0.7406779661016949,-1.1035034023293544,0.7617308645870898,-773.0,0.2966101694915254,0.09322033898305085,0.8389830508474576,0.37796610169491524,0.3440677966101695,全國電
428.0,428.0,393.0,403.0,4344089.0,-0.19880715705765406,448.9,0.0789825970548863,419.75,0.1563845050215209,380.92884470621743,0.38013698630136994,334.1227556864421,0.05128044580802711,51.77865612648221,3484915.7,1.246540626506403,-0.039904705181655786,6414.TW,2026-07-30,-0.1406250241048188,-0.023498694516971286,bull,0.04722222222222222,0.09916589434661724,2026-03-31,2026-05-15,37112748000.0,7463263000.0,1991965000.0,2414012000.0,571474000.0,751782000.0,5.15,113547832000.0,89321445000.0,170294132000.0,107066225000.0,63227907000.0,26537871000.0,13786805000.0,9111537000.0,0.0,0.236732046071022,1520403049.848137,80972687000.0,0.0187767394930112,0.0118900345697035,0.0044146089543472,1.693338117296845,0.2010970192775808,0.0536733361808724,0.0202567053240034,0.0767958564505,,,30.957982203301764,30.957982203301764,False,73.1586911955546,73.1586911955546,62.60851394749139,664.0,True,False,True,True,False,True,True,True,True,True,True,True,True,True,False,False,False,12,False,0.05794036235508604,0.20614353000906016,1.0,1404421027.1000001,0.0824074074074074,2.0,3.0,,,,,,0.09533060028983505,0.029668355368924617,0.2803767382808752,-1.5025972464791972,0.7868644067796611,-1.5025972464791972,0.5948864924028024,-664.0,0.3983050847457627,0.4406779661016949,0.6016949152542372,0.42881355932203385,0.4516949152542373,樺漢
41.0,41.0,39.34999847412109,39.59999847412109,70597.0,0.0312499192853799,39.89000015258789,0.10614523234756779,37.22750015258789,-0.007518873190098474,37.20666669209798,-0.11210762715387135,39.00624996821086,0.027958028323455647,66.21620042614609,79292.85,0.8903324826891705,0.06372972431156554,6504.TW,2026-07-30,-0.1406250241048188,-0.023498694516971286,bull,0.02962962962962963,0.3614457831325301,2026-03-31,2026-05-15,1590980000.0,219208000.0,68162000.0,40419000.0,33038000.0,7373000.0,0.1,4601650000.0,3784299000.0,9394734000.0,5869098000.0,3525636000.0,865116000.0,2605000000.0,1747502000.0,,0.4,40897200.0,5610435000.0,0.0072894882482374,0.0020912538900782,0.000784801357867,1.664691987488215,0.1377817445850984,0.0428427761505487,0.004634250587688,-0.0472431985723439,,,15.65486579192866,15.65486579192866,False,74.58999864082155,74.58999864082155,59.85621542859833,945.0,True,False,True,True,True,True,True,True,True,True,True,True,True,True,False,False,False,13,False,0.06432534797672163,0.01522188127272206,1.0,3139996.7390087126,0.8231481481481482,1.0,3.0,,,,,,0.002909482443604955,-0.07924391843339243,0.14208967231111597,-1.5469441591172213,0.15974576271186441,-1.5469441591172213,0.2702852914165733,-945.0,0.16101694915254236,0.2542372881355932,0.07627118644067797,0.1483050847457627,0.17203389830508473,南六
77.0,78.0,71.0,71.5999984741211,38876329.0,-0.23175964786904957,76.94000091552735,0.24305556199432932,72.14500007629394,0.30656933341157644,59.20188884735107,0.38759691068654956,56.95761121114094,0.08220206300763525,59.968843085337895,57081837.0,0.6810630323617651,-0.0075542532621318825,6505.TW,2026-07-30,-0.1406250241048188,-0.023498694516971286,bull,0.006481481481481481,0.037998146431881374,2026-03-31,2026-05-15,161989437000.0,27190906000.0,24513957000.0,25616191000.0,5209581000.0,20407731000.0,2.14,296450387000.0,65693610000.0,463713281000.0,83114597000.0,380598684000.0,63985692000.0,123643000.0,1500200000.0,8100000000.0,0.2033706338307674,19528538027.20982,398019671000.0,0.0490642534780895,0.0536200776774099,0.0440093735421824,0.2183785716925915,0.1678560436011639,0.1513305895371437,0.1259818626321912,-0.0650893152444253,,,66.8716639923295,66.8716639923295,False,82.7098719895784,82.7098719895784,78.75031999026618,193.0,True,True,True,True,False,True,True,True,True,True,True,True,False,True,True,False,False,12,False,0.2094208456547373,0.25707516434811595,1.0,4087059442.100029,0.03425925925925926,1.0,3.0,,,,,,0.04196100410774764,-0.02308874004418525,0.18038944768675902,-1.361150429545662,0.5283898305084745,-1.361150429545662,0.358506384516287,-193.0,0.8220338983050848,0.9661016949152542,0.2033898305084746,0.7292372881355932,0.7415254237288136,台塑化
93.1999969482422,94.0,93.0999984741211,93.8000030517578,138114.0,0.012959012930999991,92.9,0.04454342833033653,92.53999938964844,-0.006355915936681722,92.94333356221517,0.1327975253902809,89.87538572947184,0.007457399885812827,54.44446139865444,89287.05,1.5468536590692603,0.01361577339982456,6534.TW,2026-07-30,-0.1406250241048188,-0.023498694516971286,bull,0.09259259259259259,0.35495829471733087,2026-03-31,2026-05-15,869503000.0,749396000.0,518169000.0,532246000.0,105548000.0,426698000.0,4.15,1350795000.0,1256074000.0,4067795000.0,1391161000.0,2676634000.0,631834000.0,360000000.0,0.0,,0.1983067979843907,415412564.7952263,2811721000.0,0.1477431668345565,0.1594158932450234,0.1048966331882506,0.5197427066980395,0.8618670665886144,0.5959369892915838,0.4907378122904693,0.0185648769116328,,,88.78608578018773,88.78608578018773,True,61.75609468391198,61.75609468391198,68.51359245798092,41.0,True,False,True,True,True,False,True,True,True,True,True,True,True,True,True,True,False,12,False,0.009217116028759298,0.04366732104048143,1.0,8375125.562482451,0.6972222222222222,1.0,2.0,,,,,,-0.05807291488737217,-0.1263690475612463,0.06824736245644492,-1.1929809631149797,0.1228813559322034,-1.1929809631149797,0.30065969733723263,-41.0,1.0,0.6694915254237288,0.1440677966101695,0.8716101694915254,0.7296610169491525,正瀚-創
30.950000762939453,30.950000762939453,28.0,28.75,908011.0,0.014109333797107215,29.300000381469726,0.2637362637362637,26.070000171661377,0.2554585361973545,24.6775000890096,0.19047620928077125,24.141666603088378,0.06702138914372685,65.206184882846,712332.65,1.274700801654957,0.10280014617153088,6598.TW,2026-07-30,-0.1406250241048188,-0.023498694516971286,bull,0.004629629629629629,0.05004633920296571,2026-03-31,2026-05-15,217115000.0,140181000.0,17966000.0,20979000.0,0.0,20979000.0,0.2,947351000.0,157433000.0,1089898000.0,414395000.0,675503000.0,434793000.0,,,,0.0,17966000.0,932465000.0,0.0192672111017571,0.0310568568903468,0.0192485902350495,0.613461376189299,0.6456532252492918,0.0827487736913617,0.0966262119153444,0.8094876945002376,,,67.77168793520316,67.77168793520316,False,89.79226606707141,89.79226606707141,84.28712153410434,181.0,True,True,True,True,True,True,True,True,True,True,True,True,True,True,True,False,False,14,False,0.16502886825250718,0.19088712774792804,1.0,20479563.6875,0.5703703703703704,0.0,3.0,,,,,,0.0062494870181772555,-0.04768227985671019,0.21802564038329594,-0.9371849059627325,0.4491525423728814,-0.9371849059627325,0.5649320182586519,-181.0,0.8389830508474576,1.0,0.5508474576271186,0.7957627118644067,0.8296610169491526,ABC-KY
25.549999237060547,25.950000762939453,25.5,25.75,110010.0,-0.001937954982135226,25.889999771118163,0.03413656202778248,25.582499980926514,0.061855670103092786,25.331835810343428,-0.011516285829050843,25.004667933781942,0.010666665913146219,62.962991743290296,132024.4,0.8332550649728384,0.00654744529261686,6606.TW,2026-07-30,-0.1406250241048188,-0.023498694516971286,bull,0.11388888888888889,0.20296570898980537,2026-03-31,2026-05-15,191808000.0,78315000.0,47168000.0,50588000.0,21113000.0,29102000.0,0.26,1052582000.0,392295000.0,2170020000.0,549327000.0,1620693000.0,84940000.0,0.0,,,0.4,28300800.0,1777725000.0,0.0159196726152807,0.0179565161322964,0.0134109363047345,0.3389457472821811,0.4082989239239239,0.2459125792459126,0.1517246413079746,0.1109322058440243,,,63.7605672758917,63.7605672758917,False,74.87370911265037,74.87370911265037,72.0954236534607,226.0,True,False,True,True,True,True,True,True,True,True,True,True,True,True,True,False,False,13,False,0.016507456971824652,0.02980771703075069,1.0,3399628.3,0.8157407407407408,0.0,3.0,,,,,,0.02716177589608518,-0.0019317113189118908,0.11559074580518301,-1.2546436285020048,0.45169491525423733,-1.2546436285020048,0.48941847424550816,-226.0,0.7966101694915254,0.8305084745762712,0.423728813559322,0.7406779661016949,0.7322033898305085,建德工業
158.0,177.0,158.0,158.0,36620095.0,-0.3828125,196.8,0.06756756756756754,184.775,0.16605166051660514,157.10766677856446,0.7230098719542946,136.08800017038982,0.07897391052134733,50.90090090090089,25665966.75,1.4267958560337495,-0.14490596671627654,8039.TW,2026-07-30,-0.1406250241048188,-0.023498694516971286,bull,0.058333333333333334,0.09082483781278962,2026-03-31,2026-05-15,2415476000.0,532169000.0,146484000.0,219817000.0,44902000.0,171370000.0,0.65,10090538000.0,4116000000.0,15838059000.0,5212295000.0,10625764000.0,3401205000.0,544660000.0,425464000.0,0.0,0.2042699154296528,116561725.70820272,11722059000.0,0.0099437927848855,0.0161277814941118,0.0108201390081953,0.4905336689201831,0.2203164096848819,0.060643947611154,0.0709466788326607,0.0846351629146733,,,39.59205928302138,39.59205928302138,False,74.53601118829485,74.53601118829485,65.80002321197648,517.0,True,False,True,True,False,True,True,True,True,True,True,True,True,True,False,False,False,12,False,0.005679756053491802,0.1610134604239546,1.0,4055222746.5,0.03611111111111111,2.0,3.0,,,,,,0.10993803949244428,-0.011941452703566216,0.26335392562964116,-1.2867898958275148,0.7525423728813558,-1.2867898958275148,0.3373666341260891,-517.0,0.5084745762711864,0.5932203389830508,0.19491525423728814,0.46144067796610166,0.47118644067796606,台虹
12.949999809265137,12.949999809265137,12.800000190734863,12.949999809265137,68235.0,-0.015209111411935372,13.029999923706054,0.05714284157266425,12.660255718231202,0.06584363916479186,12.296751896540323,0.07916665077209473,12.270459286371867,0.019118141367897464,67.82348501752642,107348.4,0.6356405870977118,0.022886116795942213,8411.TW,2026-07-30,-0.1406250241048188,-0.023498694516971286,bull,0.08055555555555556,0.1974050046339203,2026-03-31,2026-05-15,2726482000.0,240600000.0,69628000.0,61624000.0,19776000.0,41688000.0,0.19,5684691000.0,4777607000.0,13494274000.0,7266361000.0,6227913000.0,1476105000.0,1130770000.0,1174037000.0,1103389000.0,0.3209139296378034,47283404.90717903,8716667000.0,0.0054244821910919,0.0066937351244309,0.0030893103252535,1.16674092910418,0.0882455853367086,0.025537670888713,0.0152900330902606,0.2387255467647537,,,26.84034715613582,26.84034715613582,False,71.97373459767338,71.97373459767338,60.69038773728899,739.0,True,False,True,True,True,True,True,True,True,True,True,True,False,True,False,False,False,12,False,0.05312361493677065,0.05538020273193833,1.0,1390161.7595249175,0.9074074074074074,0.0,3.0,,,,,,0.06094568445312987,0.01930882544451884,0.25559572597971253,-0.9768910157352407,0.8283898305084746,-0.9768910157352407,0.8460881852743196,-739.0,0.3135593220338983,0.2796610169491525,0.9491525423728814,0.4088983050847458,0.43050847457627117,福貞-KY
164.0,173.5,163.0,172.0,574084.0,0.11326860841423958,162.0,0.19031141868512114,158.225,0.16610169491525428,145.9367655436198,0.1740614334470989,144.1808827718099,0.033137446947437074,65.85365853658537,248672.1,2.308598351001178,0.08705956707220741,8462.TW,2026-07-30,-0.1406250241048188,-0.023498694516971286,bull,0.007407407407407408,0.08989805375347544,2026-03-31,2026-05-15,1626910000.0,546235000.0,263101000.0,241835000.0,49259000.0,191204000.0,2.42,2261807000.0,3161235000.0,12373315000.0,9648191000.0,2725124000.0,1414659000.0,,386628000.0,,0.2036884652759112,209510361.09744248,9212080000.0,0.0227430027851953,0.0701634127474566,0.0154529323790754,3.5404594433134053,0.3357499800234801,0.161718226576762,0.1175258619100011,0.2017296409310929,,,59.6562061392525,59.6562061392525,False,84.39233642708554,84.39233642708554,78.20830385512728,269.0,True,True,True,True,True,True,True,True,True,True,False,True,True,True,False,False,False,13,False,0.17859265524553525,0.19294594882054117,1.0,42771601.2,0.45740740740740743,2.0,3.0,,,,,,0.07066700155711059,0.056338568793703664,0.4075933463354674,1.0097585495331995,0.9707627118644069,1.0097585495331995,0.9715424976611947,-269.0,0.7796610169491526,0.9576271186440678,1.0,0.8127118644067797,0.8771186440677965,柏文
380.0,385.0,374.5,382.5,778105.0,0.050824175824175866,377.4,0.005256241787122251,366.325,0.125,344.60833333333335,-0.05965667583395173,356.39002227783203,0.014750692520775592,69.23076923076923,480490.65,1.6193967562115932,0.044154780591005194,8464.TW,2026-07-30,-0.1406250241048188,-0.023498694516971286,bull,0.18333333333333332,0.12326227988878591,2026-03-31,2026-05-15,7305395000.0,4316539000.0,2053372000.0,2325863000.0,594429000.0,1647198000.0,5.62,27155869000.0,11007979000.0,42576950000.0,14807659000.0,27769291000.0,19344343000.0,569716000.0,669863000.0,,0.2555735226021481,1528584484.7473822,31568971000.0,0.048420472265231,0.0593172508437467,0.0386875527720985,0.5332386412026148,0.5908700350905051,0.2810761088209467,0.2254769249301372,0.0044846681027981,,,84.51846605538479,84.51846605538479,False,75.79106927163505,75.79106927163505,77.97291846757248,62.0,True,True,True,True,True,True,True,True,True,True,True,True,True,True,True,False,False,14,False,0.10995574686237997,0.07326237012834591,1.0,183787673.625,0.26944444444444443,2.0,2.0,,,,,,0.0477945206820958,-0.02414221589979546,0.290426916347267,-0.986253365042069,0.6978813559322035,-0.986253365042069,0.6549788893957323,-62.0,0.9661016949152542,0.9491525423728814,0.6779661016949152,0.9228813559322033,0.9033898305084745,億豐
51.70000076293945,52.0,51.400001525878906,51.400001525878906,7120.0,0.039433786306448226,49.54000015258789,0.06198346912026298,48.747500038146974,0.0259481654960394,48.60257466634115,0.05870241675807919,48.97920395533244,0.006865252527734147,66.99028622813213,6163.4,1.1552065418437876,0.05441307729947664,8482.TW,2026-07-30,-0.1406250241048188,-0.023498694516971286,bull,0.06851851851851852,0.26969416126042633,2026-03-31,2026-05-15,893999000.0,292668000.0,84423000.0,75275000.0,8455000.0,68874000.0,0.66,2085471000.0,1272891000.0,4600110000.0,1300768000.0,3299342000.0,771291000.0,0.0,11674000.0,,0.1123214878777814,74940483.02889405,3327219000.0,0.022523459690779,0.0208750714536413,0.014972250663571,0.3942507324187671,0.3273694937018945,0.0944329915357847,0.0770403546312691,0.0556944387041158,,,53.436743859307214,53.436743859307214,False,75.37402778310826,75.37402778310826,69.889706802158,320.0,True,True,True,True,True,True,True,True,True,True,True,True,True,True,False,False,False,14,False,0.05755717425963991,0.049425008474089704,1.0,316798.769404602,0.987037037037037,1.0,3.0,,,,,,0.013931178298370069,-0.0163056972091511,0.10910542690588913,-0.9168743357608103,0.3822033898305085,-0.9168743357608103,0.5107671562870394,-320.0,0.7288135593220338,0.7542372881355932,0.4830508474576271,0.6919491525423729,0.6872881355932203,商億-KY
79.19999694824219,79.5,75.5,78.4000015258789,4067468.0,0.0038412683433945993,78.33999938964844,0.04812831988295607,77.64500007629394,0.39007091143260686,71.94166666666666,-0.11312216999309122,70.46249996821085,0.006024873921735071,61.6666671964859,4115128.95,0.9884181150629556,0.009723761334832881,9914.TW,2026-07-30,-0.1406250241048188,-0.023498694516971286,bull,0.08518518518518518,0.022242817423540315,2026-03-31,2026-05-15,5323065000.0,883503000.0,277586000.0,414150000.0,86163000.0,325661000.0,1.09,16669153000.0,11726544000.0,36194817000.0,15729956000.0,20464861000.0,3921684000.0,5780249000.0,308878000.0,,0.2080478087649402,219834840.9561753,24468273000.0,0.0089844853764781,0.0159131791806453,0.0089974484468314,0.7686324378162158,0.1659763688777048,0.0521477757645266,0.0611792266297706,-0.2965963236341542,,,27.385384545181456,27.385384545181456,False,81.95794612399656,81.95794612399656,68.31480572929279,724.0,True,True,True,True,True,True,True,True,True,True,True,True,True,True,False,False,False,14,False,0.0897718270711767,0.1126485940925892,1.0,322626115.95918846,0.21481481481481482,1.0,3.0,,,,,,0.0381019632301929,-0.012417138877776077,0.17382563952398114,-1.4375400624908476,0.5127118644067796,-1.4375400624908476,0.5134220392501214,-724.0,0.3305084745762712,0.652542372881356,0.5,0.3559322033898305,0.4610169491525423,美利達
87.5,87.69999694824219,84.4000015258789,86.0999984741211,2685640.0,0.00701752601311223,86.53999938964844,0.14039733078306083,81.77999916076661,0.25145341068297045,75.57166646321615,-0.08695656746835967,75.4966667175293,0.029909955608606934,69.59064288348243,2847969.65,0.9430016222258548,0.05282464364987405,9921.TW,2026-07-30,-0.1406250241048188,-0.023498694516971286,bull,0.013888888888888888,0.051899907321594066,2026-03-31,2026-05-15,12523541000.0,2458803000.0,-191441000.0,-170563000.0,-23472000.0,-199773000.0,-0.51,48200680000.0,28731484000.0,72341005000.0,34909460000.0,37431545000.0,13787267000.0,9060327000.0,1863857000.0,,0.1376148402643011,-165095877.36496192,43609521000.0,-0.0037857759860504,-0.0053370225567766,-0.0027615458203822,0.9326214026164296,0.1963344871869705,-0.0152864912567459,-0.0159517982973026,-0.2568048701835493,,,14.870530982450036,14.870530982450036,False,78.14273052835806,78.14273052835806,62.32468064188105,960.0,True,True,True,True,True,True,True,True,True,True,True,True,True,True,False,False,False,14,False,0.13931586404845953,0.14044768090575643,1.0,245210182.51934317,0.22777777777777777,1.0,3.0,,,,,,0.014740047925899731,-0.06877514791915613,0.2532857802606878,-1.181615428127239,0.44025423728813556,-1.181615428127239,0.4101257175296976,-960.0,0.1440677966101695,0.4152542372881356,0.3220338983050847,0.17076271186440678,0.26101694915254237,巨大
69.30000305175781,69.5,68.80000305175781,68.80000305175781,58041.0,-0.008645510964396141,69.62000122070313,0.0029155186892921847,69.20000038146972,0.0043796065950045815,68.75666669209798,-0.0185448709081385,68.75166657765706,0.003989844011287439,53.16455329463914,99376.5,0.5840515614858643,-0.005780308200966755,9927.TW,2026-07-30,-0.1406250241048188,-0.023498694516971286,bull,0.19722222222222222,0.329935125115848,2026-03-31,2026-05-15,2174176000.0,196002000.0,139162000.0,169258000.0,34649000.0,134036000.0,1.12,5724771000.0,1225324000.0,6738866000.0,1523365000.0,5215501000.0,1189120000.0,200000000.0,,,0.2047111510238807,110673986.80121472,5513542000.0,0.0200731193851819,0.0256995444924658,0.0198899933609007,0.2920841161759915,0.0901500154541306,0.0640067777401645,0.0616491029245102,0.0476184510475576,,,44.28000422367753,44.28000422367753,False,62.12890331059174,62.12890331059174,57.66667853886319,443.0,True,False,True,True,False,True,True,True,True,True,True,True,False,True,False,False,False,11,False,0.00063028593072878,0.0007030589439771529,1.0,6837103.50327301,0.7240740740740741,1.0,3.0,,,,,,0.015961545234587662,-0.00761364691669853,0.09687235528187796,-1.5287259984312742,0.30042372881355933,-1.5287259984312742,0.4007035316261301,-443.0,0.5677966101694916,0.16101694915254236,0.3135593220338983,0.5296610169491526,0.3949152542372882,泰銘
19.200000762939453,19.399999618530277,19.049999237060547,19.350000381469727,237934.0,-0.005141407585971369,19.300000381469726,0.02509276128996918,18.957500076293947,0.0720222271112343,18.784414609273277,-0.03731343212766447,18.936790625254314,0.014101397847139326,69.09094313947028,447977.35,0.531129531437248,0.020704222792887972,9935.TW,2026-07-30,-0.1406250241048188,-0.023498694516971286,bull,0.125,0.1881371640407785,2026-03-31,2026-05-15,1207014000.0,329361000.0,129050000.0,125078000.0,35715000.0,89363000.0,0.51,4101731000.0,3844659000.0,8361229000.0,5772111000.0,2589118000.0,430540000.0,854900000.0,1461115000.0,287107000.0,0.2855418219031324,92200827.88340075,4516570000.0,0.0204139043308087,0.0345148425062125,0.0106877828606297,2.22937347776347,0.2728725598874578,0.1069167383311212,0.0740364237697325,0.0157374361805349,,,40.70851081970746,40.70851081970746,False,69.28198597675421,69.28198597675421,62.13861718749253,498.0,True,False,True,True,True,True,True,True,True,True,True,True,False,True,False,False,False,12,False,0.03010931050878951,0.021820474461197836,1.0,8668361.893389797,0.6944444444444444,0.0,3.0,,,,,,0.05870264808316792,0.0205783682643875,0.18510397620677288,-0.7806523537377087,0.7881355932203391,-0.7806523537377087,0.793063562032033,-498.0,0.5254237288135594,0.3813559322033898,0.8728813559322034,0.5775423728813559,0.5516949152542373,慶豐富
130.0,130.0,127.0,129.0,2139806.0,-0.007692307692307665,129.1,0.09322033898305082,126.65,0.16216216216216206,125.2386080423991,0.06611570247933884,121.55263735453288,0.016206853366798588,68.57142857142857,1677995.7,1.2752154251646772,0.01855507303592563,9939.TW,2026-07-30,-0.1406250241048188,-0.023498694516971286,bull,0.03796296296296296,0.09545875810936053,2026-03-31,2026-05-15,6859793000.0,1532311000.0,905992000.0,852810000.0,177064000.0,664457000.0,2.25,15830282000.0,15334754000.0,47767359000.0,28356250000.0,19411109000.0,3417062000.0,3186314000.0,8601830000.0,3723183000.0,0.2076242070332196,717886129.4215593,32432605000.0,0.0221347045487576,0.0342307593038604,0.0139102729125133,1.4608258600783706,0.2233756907825061,0.1320727899515335,0.0968625438114532,-0.0577454629967812,,,44.2251041721302,44.2251041721302,False,76.90166170837813,76.90166170837813,68.73252232431615,445.0,True,True,True,True,True,True,True,True,True,True,True,True,True,True,False,False,False,14,False,0.03003380520108867,0.061268622446631005,1.0,216461445.29999998,0.24166666666666667,2.0,3.0,,,,,,0.03916132930696643,-0.0024426548826976925,0.21820255070707698,-0.758682399264307,0.736864406779661,-0.758682399264307,0.7219387336400795,-445.0,0.559322033898305,0.6864406779661016,0.788135593220339,0.5936440677966102,0.6432203389830509,宏全
21.0,21.0,20.549999237060547,20.850000381469727,618904.0,0.03731343212766447,20.50999984741211,0.08031094329956301,20.044999980926512,0.05569622184656842,19.381873830159506,-0.05442171868985468,19.969686937332153,0.016867468911934563,67.69233297318615,514515.2,1.202887689226674,0.04015966082859568,9940.TW,2026-07-30,-0.1406250241048188,-0.023498694516971286,bull,0.046296296296296294,0.21686746987951808,2026-03-31,2026-05-15,2876811000.0,665012000.0,209493000.0,232453000.0,69452000.0,159582000.0,0.22,16303412000.0,4204969000.0,30767900000.0,17352956000.0,13414944000.0,4695442000.0,404164000.0,8438314000.0,900000000.0,0.2987786778402516,146900958.44321218,26562931000.0,0.0055302992897588,0.0118958379550447,0.0051866393221506,1.2935541139791564,0.2311629092074522,0.0728212593736606,0.0554718401730249,0.2999785808018913,,,39.42870701490352,39.42870701490352,False,75.79086798429934,75.79086798429934,66.70032774195039,523.0,True,True,True,True,True,True,True,True,True,True,True,True,True,True,False,False,False,14,False,0.0757474000798477,0.044082485964858975,1.0,10727642.116271973,0.6657407407407407,0.0,3.0,,,,,,0.024367266470315913,-0.02902274112708955,0.18012285120123106,-1.2972415710161112,0.43898305084745765,-1.2972415710161112,0.512564668767044,-523.0,0.5,0.6101694915254238,0.4915254237288136,0.498728813559322,0.5313559322033898,信義
82.0,82.4000015258789,81.0,81.4000015258789,790737.0,-0.0061050059912637344,81.93999938964843,0.00618046959912677,82.09499969482422,0.07387860486360798,79.50333315531412,0.03826530537770134,78.1433334350586,0.005758036077479013,51.886799921978636,987019.7,0.8011359854316992,-0.00846577954234573,9941.TW,2026-07-30,-0.1406250241048188,-0.023498694516971286,bull,0.17962962962962964,0.18535681186283595,2026-03-31,2026-05-15,9588907000.0,4187850000.0,1390166000.0,1382030000.0,301331000.0,1104074000.0,1.82,235100426000.0,237208150000.0,286724084000.0,244513555000.0,42210529000.0,7708912000.0,35439009000.0,3468847000.0,,0.2180350643618445,1087061066.716352,49515934000.0,0.0219537627365839,0.0261563649202311,0.0038506496719682,5.792714775026866,0.4367390360548913,0.1449764816782559,0.1151407558755132,-0.0112940820804001,,,41.17633903527033,41.17633903527033,False,64.97719081454022,64.97719081454022,59.02697786972275,492.0,True,False,True,True,False,True,True,True,True,True,True,True,True,True,False,False,False,12,False,0.02385646356310045,0.04167557164075664,1.0,80343405.08607253,0.3675925925925926,1.0,3.0,,,,,,0.039525552959193584,0.012060299610713494,0.15526795332420162,-0.24820834949277068,0.7088983050847457,-0.24820834949277068,0.737231860082544,-492.0,0.5338983050847458,0.22033898305084745,0.8050847457627118,0.5745762711864406,0.49406779661016953,裕融
17.700000762939453,17.850000381469727,17.5,17.700000762939453,41989.0,-0.011173120662180347,17.750000381469725,0.0028329260900767927,17.907500171661376,0.07598783842102619,17.398669528961182,0.008547095863237875,16.965584754943848,0.001958323314572519,48.27588928438948,53241.6,0.7886502283928357,-0.011587290617497303,9944.TW,2026-07-30,-0.1406250241048188,-0.023498694516971286,bull,0.19814814814814816,0.18072289156626506,2026-03-31,2026-05-15,704581000.0,244021000.0,98268000.0,114815000.0,40853000.0,68907000.0,0.65,2917115000.0,1568744000.0,5865832000.0,2336741000.0,3529091000.0,1702145000.0,1052022000.0,457500000.0,,0.3558158777163263,63302685.32857205,4297088000.0,0.0147315310574444,0.0195254245356665,0.0117471826673522,0.6621367938656159,0.3463349139417611,0.1394701247975747,0.0977985497763919,0.118185526042237,,,54.04006958175547,54.04006958175547,False,64.53748326639892,64.53748326639892,61.91312984523806,313.0,True,False,True,True,False,True,True,False,True,True,True,True,False,True,False,False,False,10,False,0.017319211303869375,0.04328857617369142,1.0,942376.3606201172,0.9453703703703704,0.0,3.0,,,,,,0.037314521838254545,0.017674657525733523,0.11630377387180746,-1.2939393272075672,0.5385593220338983,-1.2939393272075672,0.6148149520794187,-313.0,0.7457627118644068,0.3644067796610169,0.6271186440677966,0.7279661016949153,0.6076271186440678,新麗
26.049999237060547,26.850000381469727,25.850000381469727,26.700000762939453,9320837.0,0.017142886207217156,26.24000015258789,0.04526453794995833,26.069999980926518,0.1385927460239713,25.235072294871017,-0.0871794610960871,25.897536166508996,0.0060697232272792665,58.947368843733614,7015706.6,1.328567103989212,0.024165737724352043,9945.TW,2026-07-30,-0.1406250241048188,-0.023498694516971286,bull,0.08796296296296297,0.11121408711770157,2026-03-31,2026-05-15,8802139000.0,2177505000.0,1558595000.0,3524918000.0,275592000.0,2706817000.0,0.99,56821154000.0,31229259000.0,206807304000.0,85163985000.0,121643319000.0,4687641000.0,7435539000.0,36077246000.0,,0.0781839464066965,1436737892.0502548,175578045000.0,0.0081829017520399,0.0222520811027854,0.0130885947819328,0.7001123094972441,0.247383618913539,0.1770700280920353,0.3075180930453381,0.2547092191019549,,,56.447152500431685,56.447152500431685,False,82.05192832536757,82.05192832536757,75.6507343691336,296.0,True,True,True,True,True,True,True,True,True,True,True,True,True,True,False,False,False,14,False,0.05805128873619991,0.030986136722465973,1.0,187319371.57255936,0.2657407407407407,0.0,3.0,,,,,,-0.020258385651130122,-0.07188640954916668,0.08304251790420614,-1.4979805965317383,0.0940677966101695,-1.4979805965317383,0.13812314895435937,-296.0,0.7627118644067796,0.9067796610169492,0.01694915254237288,0.6508474576271186,0.6567796610169491,潤泰新
21.5,21.600000381469727,21.299999237060547,21.549999237060547,4448462.0,0.014117611155790355,21.519999694824218,0.023752969982046457,21.369999790191653,0.06157635699404107,20.893333307902022,-0.06709961553301769,21.258749993642176,0.00505584864859929,55.714283378755454,5377843.15,0.8271832918741782,0.00842299712850303,2646.TW,2026-07-30,-0.1406250241048188,-0.023498694516971286,bull,0.13240740740740742,0.20481927710843373,2026-03-31,2026-05-15,13759797000.0,2774967000.0,1358324000.0,909756000.0,0.0,,0.3,22245094000.0,24008566000.0,147095973000.0,115227744000.0,31868229000.0,14210592000.0,,53652207000.0,4992822000.0,0.0,1358324000.0,123087407000.0,0.011035442480318,,,3.6157561187350575,0.2016720886216562,0.098716863337446,,0.2291196863125946,,,36.52985733991709,36.52985733991709,False,70.73619380939269,70.73619380939269,62.18460969202379,582.0,True,False,True,True,True,True,True,True,True,True,True,True,True,True,False,False,False,13,False,0.031429447828229984,0.013700205492113815,1.0,115892515.7795313,0.32222222222222224,0.0,3.0,,,,,,0.03444422996655503,-0.007287147881909457,0.14819118666658135,-1.2616535420774897,0.5055084745762712,-1.2616535420774897,0.5556196452441362,-582.0,0.4322033898305085,0.3898305084745763,0.5338983050847458,0.44745762711864406,0.4398305084745763,星宇航空
146.0,149.0,145.5,147.0,198256.0,0.01379310344827589,145.7,0.02083333333333326,144.625,0.01379310344827589,143.30833333333334,0.027972027972027913,144.9375,0.004340277777777778,68.0,71245.9,2.7827004782029565,0.01642178046672438,6914.TW,2026-07-30,-0.1406250241048188,-0.023498694516971286,bull,0.13703703703703704,0.30213160333642264,2026-03-31,2026-05-15,1436180000.0,315694000.0,223320000.0,194333000.0,39123000.0,155210000.0,2.34,2260924000.0,3075526000.0,11067161000.0,7614684000.0,3452477000.0,1511366000.0,0.0,339000.0,,0.2013193847673838,178361354.99374786,7991635000.0,0.0223185061622243,0.0449561285998429,0.01402437354982,2.2055712463833936,0.2198150649640017,0.1554958292136083,0.1080714116614909,0.0924403625899761,,,49.39729316925784,49.39729316925784,False,66.92630273326091,66.92630273326091,62.54405034226014,377.0,True,False,True,True,True,True,True,True,True,True,True,True,True,True,False,False,False,13,False,0.02576030703029586,0.014230271668822736,1.0,10473147.299999999,0.6703703703703704,2.0,3.0,,,,,,0.014868235337970657,-0.02949322912775703,0.1548160025666697,-0.38595169444271243,0.45805084745762714,-0.38595169444271243,0.5813959560944887,-377.0,0.6440677966101694,0.4322033898305085,0.5847457627118644,0.6351694915254237,0.5686440677966101,阜爾運通
88.80000305175781,88.80000305175781,86.69999694824219,88.0,81933.0,0.0451306792100441,87.21999969482422,0.07317073170731714,84.54999961853028,0.20547945205479445,83.72666664123535,0.26265710093660943,78.12754866282145,0.01579863967716523,65.05376057399303,111265.5,0.7363738085929601,0.04080426253146441,2762.TW,2026-07-30,-0.1406250241048188,-0.023498694516971286,bull,0.050462962962962966,0.06672845227062095,2026-03-31,2026-05-15,2811384000.0,612346000.0,300545000.0,268722000.0,49567000.0,219155000.0,2.01,1768082000.0,6175503000.0,18389010000.0,15722554000.0,2666456000.0,945155000.0,399900000.0,210000000.0,,0.1844545664292465,245108102.3325221,12213507000.0,0.0200686094774025,0.0821896179798204,0.0119177160706313,5.896423567461829,0.21780944901159,0.1069028635006815,0.0779527094128728,0.0937717990146893,,,45.75420069554944,45.75420069554944,False,80.71407659975314,80.71407659975314,71.97410762370222,420.0,True,True,True,True,True,True,True,True,True,True,True,True,False,True,False,False,False,13,False,0.05103909578862931,0.12636325478206833,1.0,9791364.0,0.6833333333333333,1.0,3.0,,,,,,0.06115581142336725,-0.02112955385506652,0.3179216085353018,0.1458334984954837,0.8076271186440679,0.1458334984954837,0.8858622335027718,-420.0,0.5847457627118644,0.8135593220338984,0.9745762711864406,0.6432203389830509,0.7313559322033899,世界健身-KY
28.149999618530277,30.5,28.149999618530277,29.25,280124.0,-0.1654778705651967,32.37999992370605,0.24468085106382986,28.305000019073486,0.008620689655172376,27.454999987284342,-0.15217391304347827,28.593579483032226,0.080549720810616,55.319149069007814,443048.8,0.6322644367843904,0.033386326807621325,6969.TW,2026-07-30,-0.1406250241048188,-0.023498694516971286,bull,0.005555555555555556,0.3160333642261353,2026-03-31,2026-05-15,77977000.0,24341000.0,2486000.0,-2183000.0,0.0,-2183000.0,-0.05,309483000.0,182775000.0,1118341000.0,633488000.0,484853000.0,107080000.0,21000000.0,327254000.0,,-0.0,2486000.0,935566000.0,0.0026572149907115,-0.0045023955714412,-0.0019519985406955,1.3065568326894956,0.3121561486079228,0.0318811957372045,-0.0279954345512138,0.0385025171137096,,,24.457927260122307,24.457927260122307,False,73.40263653832375,73.40263653832375,61.16645921877339,776.0,True,False,True,True,True,True,True,True,True,True,True,True,False,True,False,False,False,12,False,0.06537971274984544,0.022956920009168602,1.0,12959177.4,0.6305555555555555,0.0,3.0,,,,,,0.053637410857504036,0.0011809017223699018,0.21555792121354064,-1.409331620653593,0.671186440677966,-1.409331620653593,0.7813085793184907,-776.0,0.288135593220339,0.3220338983050847,0.864406779661017,0.37457627118644066,0.41355932203389834,成信實業*-創
