Open,High,Low,Close,Volume,ret5,ma5,ret20,ma20,ret60,ma60,ret120,ma120,ma20_slope,rsi14,volume_ma20,volume_ratio,ma20_deviation,symbol,date,benchmark_ret20,benchmark_ret60,market_regime,rs20_rank_pct,rs60_rank_pct,period_date,as_of_date,revenue,gross_profit,operating_income,pretax_income,tax_expense,net_income_parent,eps,current_assets,current_liabilities,assets,liabilities,equity,cash,short_borrowings,long_borrowings,bonds_payable,tax_rate,nopat,invested_capital_proxy,roic_proxy,roe,roa,debt_to_equity,gross_margin,operating_margin,net_margin,revenue_growth,pe,pb,eva_like_score,fundamental_score,fundamental_pass,technical_score,score,final_score,fundamental_rank,pass_market,pass_score,pass_rs20,pass_rs60,pass_close_ma20,pass_ma20_ma60,pass_ma20_slope,pass_rsi,pass_ret20_benchmark,pass_ret60_benchmark,pass_ret5_cap,pass_ret20_cap,pass_volume_ratio,pass_ma20_deviation,pass_fundamental_score,pass_fundamental_filter,pass_fundamental_universe,entry_pass_count,entry_all_pass,close_ma60_ratio,close_ma120_ratio,above_ma120,turnover20,liquidity_rank,price_bucket,eva_rank_bucket,forward_60d_return,forward_60d_max_drawdown,reward_60,fwd60_rank_label,top_quantile_60,reg_forward60,reg_reward60,cls_topq60,rank_forward60,ensemble_score,ranker_score,stable_ensemble_score,fundamental_rank_score,fundamental_score_rank,final_score_rank,stable_ml_rank,fund_ml_85_15,fund_final_ml,name
76.69999694824219,77.0,75.5,77.0,20512496.0,-0.025316455696202556,78.74000091552735,0.01851853907587242,77.50000038146973,0.09065158164592413,74.64833335876465,0.033557046979865834,73.37666651407878,0.01247632509274177,54.32097370022285,18263230.15,1.1231581615916941,-0.00645161779365977,1216.TW,2026-07-23,-0.030783540264059717,0.1293478426725969,bull,0.2622798887859129,0.2884972170686456,2026-03-31,2026-05-15,175017371000.0,59125238000.0,10253052000.0,13286190000.0,3522350000.0,6544541000.0,1.15,241807588000.0,273723981000.0,749062049000.0,525351793000.0,223710256000.0,107370831000.0,48103130000.0,39421781000.0,54500000000.0,0.2651136255013664,7534828211.825964,475338068000.0,0.0158515143622495,0.0292545416424716,0.0087369811469383,2.348358105673975,0.3378249693854674,0.0585830534501629,0.0373936653407963,0.033984250237258,,,36.04802884719801,36.04802884719801,False,63.52435058988487,63.52435058988487,56.655270154213156,591.0,True,False,True,True,False,True,True,True,True,False,True,True,True,True,False,False,False,11,False,0.031503270540992556,0.049379914052460006,1.0,1406268721.55,0.09731232622798888,1.0,3.0,,,,,,0.06281160184186307,0.03837713145422021,0.20442546663328906,-0.5855991594332745,0.7352941176470589,-0.5855991594332745,0.6647465328639102,-591.0,0.45098039215686275,0.19607843137254902,0.7549019607843137,0.49656862745098035,0.43529411764705883,統一
91.4000015258789,92.0,89.5,92.0,376572.0,0.0010881226600734095,91.23999938964843,0.04426789549859644,88.61999969482422,0.05747126436781613,87.38166656494141,-0.020234307721020306,88.88916664123535,0.01020233336932712,61.146509815203174,403839.5,0.9324793637076115,0.03814037820825211,1231.TW,2026-07-23,-0.030783540264059717,0.1293478426725969,bull,0.1696014828544949,0.3534322820037106,2026-03-31,2026-05-15,3348538000.0,725357000.0,318581000.0,354651000.0,57607000.0,297767000.0,1.0,6292926000.0,4427766000.0,15442895000.0,7870046000.0,7572849000.0,537506000.0,1306551000.0,3311453000.0,,0.1624329270183927,266832955.67755345,11015129000.0,0.0242242243079997,0.0393203403369062,0.0192818121213671,1.0392450714387675,0.2166190140294062,0.0951403269128198,0.0889244798774868,0.0712253610565933,,,52.06784725613907,52.06784725613907,False,74.09172463140098,74.09172463140098,68.5857552875855,338.0,True,False,True,True,True,True,True,True,True,False,True,True,True,True,False,False,False,12,False,0.05285243022489472,0.03499676593122136,1.0,37153234.0,0.5013901760889713,1.0,3.0,,,,,,0.048586876545922655,0.0030282432034010494,0.17672250048414812,-1.1388967084548347,0.5210784313725491,-1.1388967084548347,0.5369060270923309,-338.0,0.7156862745098039,0.6568627450980392,0.5392156862745098,0.6892156862745098,0.6627450980392158,聯華食
64.80000305175781,69.80000305175781,64.69999694824219,66.19999694824219,163448684.0,0.009146318415812038,63.21999893188477,0.15220827949280324,59.575469207763675,0.29549900048956546,51.99656467437744,0.5613206265532069,50.08911571502686,0.045602020758980635,56.76567507184349,77685019.5,2.103992314760248,0.11119556133710184,1301.TW,2026-07-23,-0.030783540264059717,0.1293478426725969,bull,0.03985171455050973,0.11224489795918367,2026-03-31,2026-05-15,41985122000.0,1555468000.0,-1301844000.0,3378716000.0,110089000.0,3268627000.0,0.51,175217601000.0,95826345000.0,593528010000.0,203311522000.0,390216488000.0,10197694000.0,31910508000.0,18393084000.0,43127284000.0,0.0325830877765399,-1259425902.676638,497701665000.0,-0.0025304836034186,0.008376445128582,0.0055071149885579,0.521022376686451,0.0370480762209051,-0.0310072696704323,0.0778520305359598,-0.110526237291801,,,17.23451320303393,17.23451320303393,False,86.3598814605321,86.3598814605321,69.07853939615755,907.0,True,True,True,True,True,True,True,True,True,True,True,True,True,True,False,False,False,14,False,0.2731609744376793,0.321644353333673,1.0,5142748053.824135,0.03429101019462465,1.0,3.0,,,,,,-0.014571122297784204,-0.1077405168674168,0.16285208987117317,-1.6618437233293046,0.14901960784313725,-1.6618437233293046,0.1816293735683344,-907.0,0.16666666666666666,0.6764705882352942,0.10784313725490197,0.15784313725490196,0.3078431372549019,台塑
210.5,217.0,194.0,197.0,120867988.0,-0.10859728506787325,197.2,0.2709677419354839,188.87554092407225,1.2011173184357542,131.551847076416,1.5785339799145208,106.51259015401205,0.06453411352371144,50.28398704572623,80730913.3,1.4971710718897566,0.04301488184324387,1303.TW,2026-07-23,-0.030783540264059717,0.1293478426725969,bull,0.012974976830398516,0.008348794063079777,2026-03-31,2026-05-15,68596393000.0,8188671000.0,3741833000.0,16080166000.0,1405348000.0,14254717000.0,1.8,193418745000.0,131197270000.0,647743623000.0,247168932000.0,400574691000.0,42831248000.0,24400300000.0,40333444000.0,51357530000.0,0.0873963614554725,3414810410.6259847,516546353000.0,0.0066108499088096,0.0355856655956329,0.0220067268805825,0.6170358176722652,0.1193746586646327,0.054548538725644,0.207805634911445,0.046448302712712,,,40.56631725411971,40.56631725411971,False,82.12969659619601,82.12969659619601,71.73885176067694,501.0,True,True,True,True,True,True,True,True,True,True,True,True,True,True,False,False,False,14,False,0.4975084301596038,0.8495466096087565,1.0,15903989920.099998,0.011121408711770158,2.0,3.0,,,,,,-0.09073106461204736,-0.16169594386257563,0.16229677981529872,-1.737278047973194,0.07254901960784313,-1.737278047973194,0.06750050750256224,-501.0,0.5588235294117647,0.7843137254901961,0.0196078431372549,0.4779411764705882,0.5186274509803921,南亞
71.69999694824219,77.5999984741211,70.80000305175781,71.69999694824219,160331281.0,0.04063853933750061,68.23999786376953,0.20504196551667553,63.919999504089354,0.3949415334577884,54.41456673940023,1.108823439654182,49.64311666488648,0.051270355683003,55.18206789048978,74022349.6,2.1659847582033525,0.12171460426333547,1326.TW,2026-07-23,-0.030783540264059717,0.1293478426725969,bull,0.024096385542168676,0.07884972170686456,2026-03-31,2026-05-15,81749811000.0,6327773000.0,3120431000.0,7294502000.0,759958000.0,6245039000.0,1.07,214839826000.0,114054227000.0,581165153000.0,170197763000.0,410967390000.0,16802058000.0,33492647000.0,26687136000.0,25800000000.0,0.1041823005874835,2795337319.595498,467110926000.0,0.0059843115714135,0.0151959477855408,0.0107457217070962,0.4141393384034679,0.0774041300230039,0.0381704980333226,0.0763920909859962,0.0359959953561419,,,29.94873186889634,29.94873186889634,False,86.1249567288018,86.1249567288018,72.08090051382544,684.0,True,True,True,True,True,True,True,True,True,True,True,True,True,True,False,False,False,14,False,0.31766181823379314,0.444308934756245,1.0,5307402240.421716,0.033364226135310475,1.0,3.0,,,,,,-0.03033503871270218,-0.12236028059915773,0.1713090908601487,-1.6388825552575597,0.1446078431372549,-1.6388825552575597,0.1591675533396446,-684.0,0.39215686274509803,0.8137254901960784,0.06862745098039216,0.34362745098039216,0.453921568627451,台化
45.400001525878906,45.400001525878906,44.09999847412109,44.95000076293945,52655.0,0.01581922628111765,44.58000106811524,0.016968325498963654,44.45000038146973,0.08706172724701378,43.08166656494141,0.0011135687162890928,42.572499974568686,0.0034426399501423437,51.960793846812074,95354.35,0.5522034390670169,0.011248602411219943,1339.TW,2026-07-23,-0.030783540264059717,0.1293478426725969,bull,0.26969416126042633,0.29777365491651203,2026-03-31,2026-05-15,394676000.0,97156000.0,-1039000.0,239290000.0,15507000.0,206388000.0,2.78,1829193000.0,837135000.0,5225726000.0,1066079000.0,4159647000.0,705809000.0,,152479000.0,,0.0648042124618663,-971668.4232521208,4388591000.0,-0.0002214078330042,0.0496167102641161,0.0394946080219284,0.2562907381323463,0.2461664757928022,-0.0026325390953592,0.5229302009749769,-0.2023637499065291,,,43.397534008094304,43.397534008094304,False,60.402217323542736,60.402217323542736,56.15104649468063,460.0,True,False,True,True,True,True,True,True,True,False,True,True,False,True,False,False,False,11,False,0.043367268422211946,0.055845928470045214,1.0,4286178.105249596,0.7877664504170528,1.0,3.0,,,,,,0.06336353451784466,0.05034428169922974,0.14993061197186178,-1.291533570669091,0.575,-1.291533570669091,0.5492004639111328,-460.0,0.5882352941176471,0.17647058823529413,0.5490196078431373,0.5823529411764706,0.4568627450980392,昭輝
18.350000381469727,19.25,18.200000762939453,19.25,92842.0,0.04054054054054057,18.480000305175782,0.07843134950202169,18.405000019073487,0.07541901733183232,18.467500019073487,-0.035087756198978415,18.79208334287008,0.005051195580804753,59.75608281051853,31674.15,2.9311599522007694,0.04591143602558123,1418.TW,2026-07-23,-0.030783540264059717,0.1293478426725969,bull,0.1056533827618165,0.3172541743970315,2026-03-31,2026-05-15,648000.0,-53000.0,-22772000.0,-40900000.0,0.0,-40899000.0,-0.75,1616741000.0,3832241000.0,5576394000.0,4385065000.0,1191329000.0,758390000.0,350000000.0,0.0,,-0.0,-22772000.0,1744153000.0,-0.013056194038023,-0.034330566955056,-0.0073343095914671,3.680817809354091,-0.0817901234567901,,,-0.7718309859154929,,,0.0,0.0,False,66.34286694881652,66.34286694881652,49.75715021161239,1074.0,True,False,True,True,True,False,True,True,True,False,True,True,True,True,False,False,False,11,False,0.04237173305094544,0.024367530133568627,1.0,609727.3875000001,0.9657089898053753,0.0,3.0,,,,,,0.10181167954582405,0.04447837018340059,0.2841353755152861,-0.06186902231084471,0.9004901960784313,-0.06186902231084471,0.9268199011888218,-1074.0,0.029411764705882353,0.0392156862745098,0.9705882352941176,0.17058823529411762,0.22058823529411764,東華
19.100000381469727,21.0,19.049999237060547,19.5,24643089.0,0.002570654760889024,19.09000015258789,0.12068967974190725,18.09714822769165,0.22641512376353745,16.69238273302714,0.18902441790102564,16.7824413617452,0.030316575284938193,54.92195389238546,10303125.3,2.3918071733049775,0.07751783621696551,1434.TW,2026-07-23,-0.030783540264059717,0.1293478426725969,bull,0.05560704355885079,0.14192949907235622,2026-03-31,2026-05-15,6979321000.0,780112000.0,198663000.0,386155000.0,49552000.0,336603000.0,0.2,15272141000.0,6346633000.0,61146600000.0,15727850000.0,45418750000.0,3214804000.0,2317516000.0,8200000000.0,,0.1283215289197343,173170260.1002188,54799967000.0,0.0031600431456504,0.0074111022430163,0.0055048522730617,0.3462853997523049,0.1117747700671741,0.0284645168204758,0.0482286170818049,-0.0921530851652357,,,20.54681103606591,20.54681103606591,False,79.48998633715654,79.48998633715654,64.75419251188387,851.0,True,True,True,True,True,True,True,True,True,True,True,True,True,True,False,False,False,14,False,0.16819751331352917,0.1619286836567979,1.0,200910943.35000002,0.2891566265060241,0.0,3.0,,,,,,0.01686380387171036,-0.030264321652659607,0.2253969132040599,-1.5415433788659216,0.3985294117647059,-1.5415433788659216,0.38134255273709006,-851.0,0.23529411764705882,0.5490196078431373,0.3235294117647059,0.24852941176470586,0.34705882352941175,福懋
13.149999618530272,13.649999618530272,13.050000190734863,13.399999618530272,39249.0,0.059288539337295054,13.830000114440917,0.12133889810951404,12.660000038146972,0.09387751988002213,12.260833358764648,0.11666663487752271,12.388333320617676,0.038769233899238725,58.646611689147534,56463.4,0.6951228583471771,0.05845178342445023,1468.TW,2026-07-23,-0.030783540264059717,0.1293478426725969,bull,0.05375347544022243,0.2820037105751391,2026-03-31,2026-05-15,127625000.0,33061000.0,6858000.0,37576000.0,10255000.0,27394000.0,0.17,2026221000.0,1309595000.0,3251907000.0,1720312000.0,1531595000.0,422483000.0,1024218000.0,318861000.0,,0.2729135618479881,4986358.792846498,1942312000.0,0.002567228536325,0.0178859293742797,0.0084239801445736,1.1232159937842576,0.2590479921645445,0.0537355533790401,0.2146444662095984,-0.4821632894854295,,,27.22145617109853,27.22145617109853,False,78.59340902350517,78.59340902350517,65.75042081040351,730.0,True,True,True,True,True,True,True,True,True,False,True,True,False,True,False,False,False,12,False,0.09291099768118882,0.08166282515412293,1.0,756609.5384609222,0.953660797034291,0.0,3.0,,,,,,0.11793839380033605,0.05113903885540924,0.32837964178973245,-0.8469521498511579,0.9205882352941176,-0.8469521498511579,0.8864624530306738,-730.0,0.3431372549019608,0.6078431372549019,0.9509803921568627,0.4343137254901961,0.5441176470588235,昶和
11.649999618530272,11.800000190734863,11.149999618530272,11.399999618530272,992581.0,-0.057851300898424496,11.65,0.10679605897336675,11.02999997138977,0.10144919790925067,10.508333333333333,-0.11284052294896596,11.050416692097981,0.02819855610463134,52.702698871288284,1494602.75,0.6641102460168764,0.033544845702649706,1517.TW,2026-07-23,-0.030783540264059717,0.1293478426725969,bull,0.07043558850787766,0.2662337662337662,2026-03-31,2026-05-15,438193000.0,4957000.0,-85854000.0,-50616000.0,-13838000.0,-41849000.0,-0.19,2856330000.0,505082000.0,4156878000.0,660249000.0,3496629000.0,748897000.0,,,,0.2733918128654971,-62382219.298245616,3651796000.0,-0.0170826134039923,-0.0119683844068101,-0.010067411167708,0.1888244363356821,0.0113123669250763,-0.1959273653390172,-0.0955035794729719,-0.2058095362375577,,,14.285714285714285,14.285714285714285,False,69.8072685211273,69.8072685211273,55.92687996227404,973.0,True,False,True,True,True,True,True,True,True,False,True,True,False,True,False,False,False,11,False,0.0848532547372185,0.031635270974195384,1.0,17038470.779854294,0.6024096385542169,0.0,3.0,,,,,,0.060706855227631876,0.011310368576567888,0.23101837432628605,-1.6802928771657935,0.5843137254901961,-1.6802928771657935,0.5646470254693956,-973.0,0.10784313725490197,0.1568627450980392,0.5784313725490197,0.17843137254901964,0.21666666666666667,利奇
31.450000762939453,31.450000762939453,30.200000762939453,30.5,58192.0,0.014975067366539863,30.13000030517578,0.04095565850464644,29.3,0.15530304699670938,29.429999987284344,0.04452052065390699,28.54208327929179,0.004628840532570661,55.43478441148323,67678.55,0.8598292959881676,0.04095563139931735,1530.TW,2026-07-23,-0.030783540264059717,0.1293478426725969,bull,0.17794253938832252,0.19387755102040816,2026-03-31,2026-05-15,444813000.0,56873000.0,-15685000.0,15937000.0,1721000.0,17365000.0,0.18,3230571000.0,2106646000.0,5723115000.0,2400295000.0,3322820000.0,1020053000.0,1415644000.0,,,0.1079877015749513,-13991212.900796888,3616469000.0,-0.0038687495733537,0.0052259827495922,0.0030341868021173,0.7223668450292222,0.1278582235681061,-0.0352620089790541,0.0390388770112384,-0.1947030825966446,,,15.566101487073531,15.566101487073531,False,62.04418144998682,62.04418144998682,50.4246614592585,948.0,True,False,True,True,True,False,True,True,True,True,True,True,True,True,False,False,False,12,False,0.03635745882358021,0.06859754074534363,1.0,2064195.7750000001,0.8739573679332715,1.0,3.0,,,,,,0.07021783073685513,0.04529861626158831,0.2042407228086904,-1.4343776225127538,0.6681372549019609,-1.4343776225127538,0.6808885858148823,-948.0,0.13725490196078433,0.049019607843137254,0.7843137254901961,0.23431372549019608,0.24019607843137256,亞崴
28.100000381469727,28.5,27.100000381469727,27.200000762939453,4656686.0,0.0,27.09000015258789,0.2710280956915039,25.077500057220462,0.4240837811358431,21.414166673024496,0.6000000448787914,19.559166638056436,0.06103237224172718,65.76576793303178,5845400.45,0.7966410581844738,0.0846376513159599,1709.TW,2026-07-23,-0.030783540264059717,0.1293478426725969,bull,0.012048192771084338,0.06493506493506493,2026-03-31,2026-05-15,2424471000.0,492933000.0,320616000.0,344786000.0,79982000.0,264726000.0,0.55,5694389000.0,2189161000.0,12130526000.0,3134319000.0,8996207000.0,600735000.0,285000000.0,20699000.0,,0.2319757762786192,246240854.51265424,9941365000.0,0.0247693203612033,0.0294264015934715,0.021823126218929,0.34840449980753,0.2033156923716555,0.1322416312671919,0.1091891798252072,-0.0753599255550004,,,52.52750676874495,52.52750676874495,False,84.77301749978552,84.77301749978552,76.71163981702539,330.0,True,True,True,True,True,True,True,True,True,True,True,True,False,True,False,False,False,13,False,0.27018721663371537,0.3906523353615783,1.0,158994896.69968662,0.3123262279888786,0.0,3.0,,,,,,0.06870396243174902,-0.014062485485577966,0.2583376688120397,-0.9392548599502835,0.7269607843137255,-0.9392548599502835,0.7105829206832314,-330.0,0.7254901960784313,0.9117647058823529,0.8235294117647058,0.7401960784313725,0.8009803921568627,和益
85.69999694824219,89.69999694824219,85.69999694824219,89.4000015258789,1586569.0,-0.00334443068639545,87.87999877929687,0.06555423003542526,84.41619186401367,0.14176242709446352,83.30039749145507,0.2556180527769818,79.52853183746338,0.003029894601081317,62.269538067355576,873551.2,1.8162289743291522,0.05903855115726708,1723.TW,2026-07-23,-0.030783540264059717,0.1293478426725969,bull,0.12511584800741427,0.21428571428571427,2026-03-31,2026-05-15,1277807000.0,319750000.0,181223000.0,217086000.0,38207000.0,178879000.0,0.77,3402849000.0,1696462000.0,11518279000.0,3468337000.0,8049942000.0,782501000.0,937470000.0,1000000000.0,,0.1759993735201717,149327865.5325539,9821817000.0,0.0152036904711779,0.0222211538915435,0.0155300110372391,0.4308524210484994,0.2502334077055455,0.1418234522114842,0.139989059380642,-0.2447011744956525,,,46.187073211591255,46.187073211591255,False,82.5967549937134,82.5967549937134,73.49433454818286,414.0,True,True,True,True,True,True,True,True,True,True,True,True,True,True,False,False,False,14,False,0.07322418881674042,0.1241248827350463,1.0,78095478.61293335,0.39666357738646896,1.0,3.0,,,,,,0.05283103877776288,0.020237675259216006,0.2476234763562796,-1.33134342915519,0.6372549019607843,-1.33134342915519,0.625878672649754,-414.0,0.6274509803921569,0.8529411764705882,0.6764705882352942,0.6348039215686274,0.7049019607843137,中碳
31.649999618530277,31.700000762939453,31.200000762939453,31.649999618530277,286439.0,0.0,31.6,0.06925673008922995,30.487499809265138,0.10278741383868462,29.530362256368,0.0710660045918372,29.549764410654703,0.018626795326562525,70.93022740035438,213491.6,1.3416874481244228,0.038130375286197005,1733.TW,2026-07-23,-0.030783540264059717,0.1293478426725969,bull,0.1195551436515292,0.2625231910946197,2026-03-31,2026-05-15,519723000.0,175664000.0,87211000.0,86914000.0,5544000.0,81275000.0,0.81,1759309000.0,560904000.0,2489266000.0,666458000.0,1822808000.0,593961000.0,,,,0.0637871919368571,81648055.20399475,1928362000.0,0.0423406265026974,0.0445878007996453,0.0326501868422257,0.3656216123694871,0.3379954321821432,0.1678028488252396,0.1563813800813125,-0.0698519739491331,,,72.99324516078546,72.99324516078546,False,70.87519258797523,70.87519258797523,71.4047057311778,137.0,True,False,True,True,True,True,True,True,True,False,True,True,True,True,True,False,False,12,False,0.07177823772565439,0.07107451615141458,1.0,6757009.058559419,0.7219647822057461,1.0,3.0,,,,,,0.06461372648625291,0.04391539106196473,0.1827011473002266,-1.1469739608756278,0.6509803921568628,-1.1469739608756278,0.6502955900308842,-137.0,0.9313725490196079,0.7549019607843137,0.7156862745098039,0.8990196078431372,0.8352941176470589,五鼎
40.20000076293945,40.20000076293945,39.70000076293945,40.150001525878906,78713.0,-0.015931316748438062,40.10000152587891,0.03746771923394965,39.89000015258789,0.05380585653173342,39.25500017801921,-0.13562969071223474,41.403333473205564,0.009107018012864471,53.16455940695415,110662.15,0.7112910782955149,0.006517958693819326,1783.TW,2026-07-23,-0.030783540264059717,0.1293478426725969,bull,0.1881371640407785,0.3580705009276438,2026-03-31,2026-05-15,190868000.0,134561000.0,58409000.0,68648000.0,15855000.0,52793000.0,0.59,1180100000.0,355506000.0,1990823000.0,364273000.0,1626550000.0,649526000.0,100000000.0,,,0.2309608437245076,44918808.07889523,1635317000.0,0.0274679515218732,0.0324570409762995,0.0265181786627942,0.223954381974117,0.7049950751304567,0.3060177714441394,0.2765942955340864,0.0772486891935364,,,77.42104017134606,77.42104017134606,False,62.2412406766862,62.2412406766862,66.03619055035117,99.0,True,False,True,True,True,True,True,True,True,False,True,True,False,True,True,False,False,11,False,0.022799677590139344,-0.030271281130968775,0.0,4443085.491357041,0.7812789620018535,1.0,2.0,,,,,,0.05813033232195286,0.04081342636854721,0.15419666546254213,-1.4277020168293586,0.5240196078431373,-1.4277020168293586,0.6804661954527528,-99.0,0.9705882352941176,0.6176470588235294,0.7745098039215687,0.9411764705882353,0.8254901960784314,和康生
31.950000762939453,32.20000076293945,31.549999237060547,32.04999923706055,619271.0,-0.0015576087052108223,32.01999969482422,0.03220611995398781,30.869999885559082,0.09199314550249471,30.211666679382326,-0.016871143030793512,30.50166668891907,0.008082290578561952,64.10256911860549,941587.3,0.6576883524236149,0.03822479286932112,1808.TW,2026-07-23,-0.030783540264059717,0.1293478426725969,bull,0.20389249304911955,0.2857142857142857,2026-03-31,2026-05-15,5392216000.0,1474911000.0,1229561000.0,1153602000.0,211319000.0,942283000.0,1.06,46784978000.0,26633648000.0,51660398000.0,37973630000.0,13686768000.0,5845055000.0,11570200000.0,207356000.0,10980553000.0,0.1831818946222353,1004327686.4663897,25026750000.0,0.0401301681787043,0.068846275468394,0.0182399485191732,2.774477509957062,0.2735259492572256,0.2280251755493474,0.1747487489373571,173.44891620834682,,,72.1127428848662,72.1127428848662,False,71.47846845077328,71.47846845077328,71.6370370592965,149.0,True,False,True,True,True,True,True,True,True,False,True,True,False,True,True,False,False,11,False,0.06084843240153881,0.05076222764915239,1.0,30177872.2466259,0.5319740500463392,1.0,3.0,,,,,,0.11362946225376305,0.03335373000264533,0.19116910974931142,-0.6115390107759788,0.7558823529411764,-0.6115390107759788,0.8517863674233463,-149.0,0.9215686274509803,0.7745098039215687,0.9313725490196079,0.9230392156862743,0.8794117647058823,潤隆
33.20000076293945,33.20000076293945,30.75,30.75,32616559.0,0.0640138548750544,30.270000076293947,0.5452261602742206,25.610000133514404,0.7621775733848255,21.512193997701008,0.4927184189598599,19.87151366869609,0.10829817370801516,66.02563736811382,22841932.4,1.4279246794373668,0.20070284418933526,1810.TW,2026-07-23,-0.030783540264059717,0.1293478426725969,bull,0.004633920296570899,0.025974025974025976,2026-03-31,2026-05-15,1034852000.0,179603000.0,-198009000.0,1214854000.0,120841000.0,1098423000.0,3.64,4420438000.0,1355686000.0,10192500000.0,2087067000.0,8105433000.0,789858000.0,199591000.0,341555000.0,,0.0994695658902222,-178313130.727643,8836814000.0,-0.020178441090606,0.1355168810845762,0.107767770419426,0.2574898836373084,0.1735542860235086,-0.1913404042317162,1.0614300402376378,-0.0814045247519216,,,46.52348272920723,46.52348272920723,False,92.19362921693715,92.19362921693715,80.77609259500467,408.0,True,True,True,True,True,True,True,True,True,True,True,False,True,False,False,False,False,12,False,0.42942184341058987,0.5474412524719223,1.0,702389421.3,0.16774791473586653,1.0,3.0,,,,,,-0.016528009405143155,-0.1742472395066559,0.17294471307198822,-1.8283177556872445,0.10588235294117647,-1.8283177556872445,0.20927650481341856,-408.0,0.6372549019607843,0.9803921568627451,0.11764705882352941,0.5593137254901961,0.6362745098039215,和成
28.049999237060547,28.299999237060547,27.75,28.049999237060547,880393.0,-0.012323957259540386,28.039999771118165,0.031249943024973525,27.350000286102294,0.16632017159635004,25.869166819254556,0.11089105889348705,25.551250076293947,0.005329898306349054,57.68937624783795,1554933.65,0.5661932906269024,0.025594111284669818,1907.TW,2026-07-23,-0.030783540264059717,0.1293478426725969,bull,0.20852641334569044,0.18645640074211503,2026-03-31,2026-05-15,17964361000.0,2424583000.0,-77218000.0,452137000.0,195557000.0,208827000.0,0.13,69038373000.0,57579369000.0,178076390000.0,82625870000.0,95450520000.0,10428232000.0,15812770000.0,19190444000.0,964996000.0,0.4,-46330800.0,120497021000.0,-0.0003844974723482,0.0021878036913785,0.0011726821281585,0.8656408576925511,0.1349662812943917,-0.0042983994810614,0.0116245158956669,-0.0057560278150267,,,17.0350561108219,17.0350561108219,False,72.53716935239662,72.53716935239662,58.661641042002934,914.0,True,False,True,True,True,True,True,True,True,True,True,True,False,True,False,False,False,12,False,0.08430238333701512,0.09779361688001709,1.0,43615887.69617977,0.4772937905468026,0.0,3.0,,,,,,0.015754687969667672,-0.0339213812514354,0.19238411135713449,-1.744236309131702,0.2882352941176471,-1.744236309131702,0.2962042904118169,-914.0,0.1568627450980392,0.28431372549019607,0.19607843137254902,0.1627450980392157,0.2029411764705882,永豐餘
10.050000190734863,10.399999618530272,10.050000190734863,10.100000381469728,2664946.0,-0.02884608154465862,10.070000076293946,0.05648534917895742,10.1375,0.10624318235161478,9.602833366394043,0.010000038146972923,9.6337499777476,0.006353301887500222,45.83333498901886,4846008.0,0.5499260422186674,-0.0036990992384977606,1909.TW,2026-07-23,-0.030783540264059717,0.1293478426725969,bull,0.1417979610750695,0.25788497217068646,2026-03-31,2026-05-15,10760215000.0,1109471000.0,15988000.0,29258000.0,59036000.0,-27240000.0,-0.02,14658431000.0,22767425000.0,70430999000.0,49630869000.0,20800130000.0,2240646000.0,8614561000.0,26455684000.0,0.0,0.4,9592800.0,47663574000.0,0.0002012606104611,-0.0013096071995703,-0.0003867615167576,2.386084558125358,0.1031086274763097,0.0014858439166875,-0.0025315479291073,0.0525224624933875,,,8.894222198109352,8.894222198109352,False,64.29893686348075,64.29893686348075,50.4477581971379,1046.0,True,False,True,True,False,True,True,False,True,False,True,True,False,True,False,False,False,9,False,0.051772950347713564,0.048397602677990426,1.0,48944682.648605354,0.4606116774791474,0.0,3.0,,,,,,0.016799777776807332,0.0023774209490403844,0.2089209207868849,-1.1512263776887497,0.48823529411764705,-1.1512263776887497,0.4611220105912329,-1046.0,0.049019607843137254,0.058823529411764705,0.46078431372549017,0.11078431372549019,0.1343137254901961,榮成
44.70000076293945,45.5,43.20000076293945,44.400001525878906,26215200.0,0.08292686648485148,42.08000106811524,0.10447762893605339,40.36189975738525,0.1668857402402648,40.850633239746095,0.22821575800194704,39.08281660079956,0.009441190785773922,74.12129775327087,16456769.85,1.5929736053275365,0.1000473662728123,2027.TW,2026-07-23,-0.030783540264059717,0.1293478426725969,bull,0.07599629286376275,0.18552875695732837,2026-03-31,2026-05-15,31174326000.0,8517820000.0,5633209000.0,4716863000.0,1204326000.0,2914770000.0,1.17,89517343000.0,24455518000.0,159942793000.0,66551339000.0,93391454000.0,9252095000.0,11925609000.0,29968117000.0,,0.2553235063218923,4194918326.275959,135487275000.0,0.0309617144951506,0.0312102432841446,0.0182238283159154,0.7126063054977172,0.2732318896004359,0.1807002659816927,0.0934990543179666,0.1950875950100803,,,67.77515994414823,67.77515994414823,False,71.36061952395107,71.36061952395107,70.46425462900037,180.0,True,False,True,True,True,False,True,False,True,True,True,True,True,True,True,False,False,11,False,0.08688649366344237,0.13604917422892604,1.0,730680606.451038,0.16126042632066728,1.0,3.0,,,,,,0.03296800656157579,-0.039972742426878156,0.283642428859084,-1.0516333254011667,0.5573529411764706,-1.0516333254011667,0.5710370498268597,-180.0,0.9019607843137255,0.7156862745098039,0.5980392156862745,0.8563725490196078,0.7852941176470588,大成鋼
8300.0,8350.0,8005.0,8200.0,456210.0,-0.05257076834199881,7988.0,0.12098427887901564,7940.25,1.0603015075376883,6338.666666666667,1.2527472527472527,4855.458333333333,0.020761690502972843,53.04878048780488,537393.45,0.8489310764766486,0.032713075784767565,2059.TW,2026-07-23,-0.030783540264059717,0.1293478426725969,bull,0.05468025949953661,0.013914656771799629,2026-03-31,2026-05-15,5449725000.0,4236615000.0,3654349000.0,4351760000.0,865950000.0,3485810000.0,36.58,34276607000.0,6265438000.0,39510069000.0,7981426000.0,31528643000.0,27231577000.0,,257007000.0,,0.1989884552456937,2927175737.561354,33244631000.0,0.088049578217949,0.1105601024439903,0.088225864652375,0.2531484149190943,0.7773997770529706,0.6705565877177289,0.6396304400680768,0.3782121233655666,,,100.0,100.0,True,76.90312709756607,76.90312709756607,82.67734532317455,1.0,True,True,True,True,True,True,True,True,True,True,True,True,True,True,True,True,True,15,True,0.2936474547749264,0.6888210004204891,1.0,4406626290.0,0.03707136237256719,3.0,0.0,,,,,,-0.07845512864829056,-0.14126037100988742,0.14900298045755547,-1.61094902527094,0.09950980392156863,-1.61094902527094,0.1450334131259205,-1.0,1.0,0.9901960784313726,0.0392156862745098,0.8558823529411764,0.8049019607843138,川湖
24.049999237060547,24.600000381469727,23.700000762939453,23.850000381469727,5363081.0,-0.028513192559863954,23.639999771118163,0.11188809012430934,23.12499980926514,0.21065987095479932,21.461613400777185,0.5639344512439164,20.03455674648285,0.025877355779635736,51.89189356378223,8399893.9,0.6384700882948057,0.03135137635391949,2103.TW,2026-07-23,-0.030783540264059717,0.1293478426725969,bull,0.06672845227062095,0.15306122448979592,2026-03-31,2026-05-15,10330865000.0,1265731000.0,651038000.0,844918000.0,343164000.0,435719000.0,0.53,20606457000.0,11013075000.0,44846222000.0,22698723000.0,22147499000.0,6501177000.0,5243271000.0,6369581000.0,,0.4,390622800.0,33833147000.0,0.0115455650637524,0.0196735080561466,0.0097158462980449,1.0248887696078008,0.1225193630930227,0.0630187307645584,0.0421764295632553,-0.0044362000632366,,,30.459795491848286,30.459795491848286,False,71.78423051579642,71.78423051579642,61.45312175980939,674.0,True,False,True,True,True,True,True,True,True,True,True,True,False,True,False,False,False,12,False,0.11128645997351017,0.19044312700637578,1.0,200337472.71930525,0.29008341056533826,0.0,3.0,,,,,,0.03926613939602396,0.0022478712862218733,0.24254017266813274,-1.6306082315649593,0.4990196078431372,-1.6306082315649593,0.5132049863423631,-674.0,0.4117647058823529,0.38235294117647056,0.5,0.425,0.4205882352941176,台橡
24.850000381469727,25.100000381469727,22.350000381469727,22.399999618530277,54803105.0,-0.004444461398654398,21.949999618530278,0.23756901361520244,21.18499975204468,0.6057347616343998,17.471666622161866,0.35347435958605833,16.438749965031942,0.03886231856337297,56.93641462360793,34633400.35,1.5823772556597955,0.05735189429814991,2332.TW,2026-07-23,-0.030783540264059717,0.1293478426725969,bull,0.019462465245597776,0.03896103896103896,2026-03-31,2026-05-15,3440889000.0,869521000.0,31548000.0,25642000.0,45353000.0,-29102000.0,-0.05,10255657000.0,3980490000.0,15469266000.0,4795742000.0,10673524000.0,3116133000.0,151000000.0,381849000.0,,0.4,18928800.0,11488776000.0,0.001647590657177,-0.0027265596629566,-0.001881278659246,0.4493119610730252,0.2527024266112623,0.0091685607992585,-0.0084576979960702,0.0312619414904058,,,25.00480773275497,25.00480773275497,False,88.55947352795903,88.55947352795903,72.67080707915801,768.0,True,True,True,True,True,True,True,True,True,True,True,True,True,True,False,False,False,14,False,0.28207572310915596,0.3626339999196375,1.0,775788154.6284064,0.15291936978683968,0.0,3.0,,,,,,0.028078910706182004,-0.05839005574284315,0.3035272732724496,-1.3607681619955365,0.49901960784313726,-1.3607681619955365,0.5287884994444527,-768.0,0.29411764705882354,0.8333333333333334,0.5196078431372549,0.32794117647058824,0.5009803921568627,友訊
78.69999694824219,79.30000305175781,77.4000015258789,79.19999694824219,452565.0,-0.008761008313748153,78.48000030517578,0.11392403161681242,75.65000038146972,0.09847432211346718,72.77000045776367,0.014084487779927324,74.50333366394042,0.020298063448841268,61.764689382804704,618306.55,0.7319427555797362,0.04692659020319079,2348.TW,2026-07-23,-0.030783540264059717,0.1293478426725969,bull,0.06487488415199258,0.2717996289424861,2026-03-31,2026-05-15,1308225000.0,367809000.0,215863000.0,62792000.0,46667000.0,24394000.0,0.16,36707260000.0,15833225000.0,49675372000.0,39143789000.0,10531583000.0,4882942000.0,6246625000.0,20027265000.0,,0.4,129517800.0,33842147000.0,0.0038271153422978,0.0023162709727493,0.0004910682903391,3.7168001239699673,0.2811511781230293,0.165004490817711,0.0186466395306617,-0.2384964638086091,,,20.916507327259755,20.916507327259755,False,79.31965706569429,79.31965706569429,64.71886963108565,843.0,True,True,True,True,True,True,True,True,True,False,True,True,False,True,False,False,False,12,False,0.08836053937103583,0.06303963934670143,1.0,48969876.87307816,0.45968489341983315,1.0,3.0,,,,,,0.06370861004765561,-0.0014459975176590967,0.25328240908556515,-0.9886758648255333,0.703921568627451,-0.9886758648255333,0.5674320193423759,-843.0,0.2549019607843137,0.5392156862745098,0.5882352941176471,0.3049019607843137,0.4068627450980392,海悅
759.0,773.0,759.0,769.0,3632162.0,0.0755244755244755,730.0,0.09369667388257441,692.9380004882812,0.30782312925170063,715.1039998372396,0.5078431372549019,632.2644999186198,-0.003270943287852782,74.73684210526315,4828271.4,0.7522696425060115,0.1097673954352647,2357.TW,2026-07-23,-0.030783540264059717,0.1293478426725969,bull,0.082483781278962,0.10760667903525047,2026-03-31,2026-05-15,208369726000.0,30970538000.0,11895859000.0,13859608000.0,2702804000.0,9797017000.0,13.19,485857648000.0,327627459000.0,671441698000.0,354711686000.0,316730012000.0,57955263000.0,41417377000.0,275376000.0,,0.1950130191272365,9576011621.29809,343814239000.0,0.0278522833991703,0.0309317608967223,0.0145910166574134,1.1199181402487366,0.1486326185407567,0.0570901504184921,0.0470174683629425,0.4108280576281871,,,51.58078089609261,51.58078089609261,False,58.982602538688596,58.982602538688596,57.132147128039605,344.0,True,False,True,True,True,False,False,False,True,True,True,True,False,True,False,False,False,9,False,0.07536805859710949,0.2162631305394811,1.0,3712940706.6000004,0.04448563484708063,3.0,3.0,,,,,,0.06274318391733785,0.0023238031678798135,0.2986444933534342,-0.9856051346904883,0.7485294117647059,-0.9856051346904883,0.7490857700679446,-344.0,0.696078431372549,0.21568627450980393,0.8627450980392157,0.721078431372549,0.5852941176470589,華碩
140.0,143.0,138.5,142.0,3328162.0,-0.03401360544217691,139.0,0.06367041198501866,138.23165588378907,0.21367521367521358,135.210551961263,0.08812260536398475,127.62194264729818,0.004907068986689139,50.965454745768874,4995599.95,0.6662186790997946,0.027261079179858427,2359.TW,2026-07-23,-0.030783540264059717,0.1293478426725969,bull,0.12974976830398516,0.150278293135436,2026-03-31,2026-05-15,890066000.0,190817000.0,-35808000.0,156778000.0,13846000.0,134073000.0,0.78,8393550000.0,3998667000.0,10520171000.0,4283921000.0,6236250000.0,2450934000.0,650000000.0,,,0.088315962698848,-32645582.00767965,6521504000.0,-0.005005836384932,0.0214989777510523,0.0127443745923901,0.6869386249749448,0.21438522536531,-0.0402307244631297,0.1506326497136167,-0.2680432463904461,,,26.81505765819656,26.81505765819656,False,69.62230622081609,69.62230622081609,58.920494080161205,740.0,True,False,True,True,True,True,True,True,True,True,True,True,False,True,False,False,False,12,False,0.050213891891234486,0.11266132652781868,1.0,709375192.9,0.16589434661723818,2.0,3.0,,,,,,-0.027395905175104266,-0.05876436664292412,0.17145579595603236,-1.5299388779919134,0.20931372549019606,-1.5299388779919134,0.2902611324705391,-740.0,0.3333333333333333,0.30392156862745096,0.17647058823529413,0.30980392156862746,0.29313725490196074,所羅門
71.5999984741211,72.30000305175781,70.69999694824219,70.9000015258789,135466.0,0.001412407765688739,69.68000030517578,0.05820897799819269,68.66499977111816,0.10954616326832278,68.53333333333333,0.07424244736180152,65.78416652679444,0.0077786735876273425,57.36842316603557,194867.4,0.6951701516005243,0.0325493593855779,2364.TW,2026-07-23,-0.030783540264059717,0.1293478426725969,bull,0.1371640407784986,0.25139146567717996,2026-03-31,2026-05-15,338915000.0,130350000.0,30596000.0,44068000.0,-15000.0,43646000.0,0.83,1165011000.0,950493000.0,1755551000.0,1003694000.0,751857000.0,599063000.0,350000000.0,,,0.0,30596000.0,805058000.0,0.0380047151882224,0.0580509325576539,0.0248617100841843,1.3349533222407983,0.3846097103993626,0.0902763229718365,0.128781552896744,-0.1059821890200796,,,61.7822396932274,61.7822396932274,False,73.27765337910878,73.27765337910878,70.40379995763844,245.0,True,False,True,True,True,True,True,True,True,False,True,True,False,True,True,False,False,11,False,0.034533096194731216,0.07776696535329286,1.0,13816098.957344055,0.6348470806302131,1.0,3.0,,,,,,0.08566882267103465,0.04557870417777254,0.2515874590330476,0.24095261705314833,0.8696078431372549,0.24095261705314833,0.844754937405116,-245.0,0.8431372549019608,0.7058823529411765,0.9117647058823529,0.8534313725490196,0.8156862745098039,倫飛
350.5,354.5,344.5,354.5,7419955.0,0.05192878338278928,339.9,0.06137724550898205,336.225,0.2593250444049733,333.98333333333335,0.48949579831932777,288.1,0.0018623361144219307,59.75609756097561,5645049.85,1.314417976308925,0.054353483530373836,2376.TW,2026-07-23,-0.030783540264059717,0.1293478426725969,bull,0.13160333642261354,0.1261595547309833,2026-03-31,2026-05-15,105057330000.0,12614630000.0,7413710000.0,7054503000.0,1410189000.0,5268403000.0,7.86,234087870000.0,170374747000.0,247826770000.0,180781022000.0,67045748000.0,63311111000.0,69227536000.0,,9540960000.0,0.199899128258929,5931715833.835495,77452023000.0,0.0765856798063944,0.0785792262322138,0.0212584096544533,2.6963831024750444,0.1200737730532462,0.0705682316502808,0.0501478859209538,0.5978925716183887,,,59.16561347732097,59.16561347732097,False,83.66540398134767,83.66540398134767,77.540456355341,275.0,True,True,True,True,True,True,True,True,True,True,True,True,True,True,False,False,False,14,False,0.06143021108837754,0.23047552933009352,1.0,2001170171.8249998,0.07414272474513438,2.0,3.0,,,,,,0.13115730329297395,0.06706946723958984,0.3742598747340914,-0.020046334086079066,0.9700980392156863,-0.020046334086079066,0.9672918084068749,-275.0,0.8137254901960784,0.9313725490196079,1.0,0.8416666666666667,0.8862745098039215,技嘉
157.5,158.0,149.0,152.0,20353115.0,0.048275862068965614,147.2,0.13857677902621712,144.275,0.5605749242171627,130.30833320617677,0.5124378109452736,111.58166650136312,0.021235179614227568,59.78260869565217,18029000.75,1.128909765007359,0.05354357996880954,2377.TW,2026-07-23,-0.030783540264059717,0.1293478426725969,bull,0.04541241890639481,0.045454545454545456,2026-03-31,2026-05-15,56256838000.0,8440506000.0,3876357000.0,4133431000.0,716617000.0,3416814000.0,4.04,106512512000.0,56814984000.0,119099762000.0,64185562000.0,54914200000.0,25875075000.0,0.0,6305082000.0,,0.1733709840565864,3204309172.355363,62284778000.0,0.0514461040923251,0.0622209555998266,0.0286886719387398,1.1688335985956273,0.1500352010541367,0.0689046369794192,0.0607359766647389,0.0507372103469625,,,60.05362798212559,60.05362798212559,False,86.68481983074238,86.68481983074238,80.02702186858818,263.0,True,True,True,True,True,True,True,True,True,True,True,True,True,True,True,False,False,14,False,0.16646415666680503,0.36223095393671256,1.0,2740408114.0,0.057460611677479144,2.0,3.0,,,,,,0.03677922799234974,-0.02703996476996319,0.2532900333600872,-0.7216024790603205,0.5931372549019608,-0.7216024790603205,0.6136461073140864,-263.0,0.8235294117647058,0.9607843137254902,0.6666666666666666,0.7999999999999999,0.8333333333333333,微星
44.79999923706055,46.95000076293945,44.04999923706055,45.79999923706055,10818948.0,0.05651674392565553,43.05999984741211,0.08403588510417492,42.292416381835935,0.5266666412353516,37.479496542612715,0.4516640362786788,33.173914972941084,0.020176257810953703,61.31148639978112,4112371.0,2.6308297573346375,0.08293644949384049,2425.TW,2026-07-23,-0.030783540264059717,0.1293478426725969,bull,0.09453197405004633,0.05194805194805195,2026-03-31,2026-05-15,742329000.0,57186000.0,84000.0,19626000.0,14929000.0,59718000.0,0.62,6477498000.0,3530704000.0,6656471000.0,3632354000.0,3024117000.0,955233000.0,0.0,,,0.4,50400.0,3125767000.0,1.6124042515005117e-05,0.0197472518424386,0.0089714204418527,1.2011287923053242,0.0770359234247887,0.0001131573736173,0.0804468099723976,-0.0094210083147737,,,20.556959597295062,20.556959597295062,False,87.43061427119389,87.43061427119389,70.71220060271918,848.0,True,True,True,True,True,True,True,True,True,True,True,True,True,True,False,False,False,14,False,0.22200145311417807,0.3806027800583127,1.0,188346588.66250992,0.29564411492122333,1.0,3.0,,,,,,0.007076248127566851,-0.08181470664109451,0.204230016167201,-1.4296564680722637,0.2995098039215686,-1.4296564680722637,0.3376061517546337,-848.0,0.24509803921568626,0.7254901960784313,0.24509803921568626,0.24509803921568624,0.38921568627450975,承啟
86.0,87.0,80.80000305175781,82.69999694824219,2637306.0,0.023514775058452786,78.71999969482422,0.06572163111345808,78.36500053405761,0.18992801364377243,80.4233336130778,0.43826081649116855,68.61958357493083,0.00012762232562660191,60.992903580134346,2050998.25,1.285864578382746,0.055318016775876444,2465.TW,2026-07-23,-0.030783540264059717,0.1293478426725969,bull,0.12326227988878591,0.16697588126159554,2026-03-31,2026-05-15,1569188000.0,167121000.0,92107000.0,130068000.0,22277000.0,107791000.0,1.15,1574817000.0,638916000.0,1902288000.0,697716000.0,1204572000.0,319532000.0,112731000.0,0.0,,0.1712719500568933,76331654.49610972,1263372000.0,0.0604189854580517,0.0894848958800304,0.0566638700344006,0.5792231597613094,0.1065015791606869,0.0586972370423429,0.0686922153368493,0.9128577645528606,,,73.28778007996519,73.28778007996519,True,74.11188921201395,74.11188921201395,73.90586192900176,133.0,True,False,True,True,True,False,True,True,True,True,True,True,True,True,True,True,False,12,False,0.028308492484501624,0.20519526117403353,1.0,169617549.01585007,0.3049119555143652,1.0,3.0,,,,,,-0.014991411118736074,-0.11759598453525735,0.1523952250247795,-1.6480184120464603,0.1323529411764706,-1.6480184120464603,0.15602065469999474,-133.0,0.9411764705882353,0.8627450980392157,0.058823529411764705,0.8088235294117646,0.7411764705882353,麗臺
8.470000267028809,8.550000190734863,8.4399995803833,8.510000228881836,1451308.0,-0.015046308943886366,8.526000022888184,0.04674048082311133,8.425500011444091,0.06375002861022949,8.066833313306173,0.009489907569390832,8.135750015576681,0.011707491620752191,55.55557696235015,1700485.5,0.8534668481442506,0.010029104186454196,2511.TW,2026-07-23,-0.030783540264059717,0.1293478426725969,bull,0.16404077849860982,0.34137291280148424,2026-03-31,2026-05-15,2153305000.0,656416000.0,141991000.0,111197000.0,17527000.0,101951000.0,0.06,21371055000.0,5666639000.0,47461368000.0,21286102000.0,26175266000.0,7872086000.0,536900000.0,4267000000.0,4500000000.0,0.1576211588442134,119610214.0345513,41794729000.0,0.0028618492545926,0.0038949365404729,0.0021480838900387,0.8132143528168921,0.3048411627707175,0.0659409605234743,0.0473462886121566,0.2676633850236747,,,39.44861186578996,39.44861186578996,False,66.33085357648706,66.33085357648706,59.61029314881278,522.0,True,False,True,True,True,True,True,True,True,False,True,True,True,True,False,False,False,12,False,0.05493691246163013,0.04600070215881957,1.0,14471131.994210243,0.629286376274328,0.0,3.0,,,,,,0.047534421865303274,0.029037293893877075,0.1754739030657473,-1.260813314386024,0.5137254901960784,-1.260813314386024,0.5830648681490945,-522.0,0.5392156862745098,0.3235294117647059,0.6176470588235294,0.5509803921568628,0.49019607843137253,太子
35.70000076293945,35.849998474121094,34.650001525878906,35.099998474121094,1553281.0,-0.0222842066226967,35.59000015258789,0.024817473696966186,35.09749965667724,0.16999994913736982,32.818333276112874,0.06042296351051735,32.26791664759318,0.0071018607967483615,52.68817557146701,1714494.0,0.9059705079166215,7.119645183539802e-05,2520.TW,2026-07-23,-0.030783540264059717,0.1293478426725969,bull,0.23169601482854496,0.18274582560296845,2026-03-31,2026-05-15,4862541000.0,1141758000.0,658447000.0,599530000.0,162065000.0,308665000.0,0.52,53619294000.0,30715620000.0,65803063000.0,37306228000.0,28496835000.0,17736193000.0,16539209000.0,220000000.0,3700000000.0,0.2703200840658515,480455551.60709226,35087443000.0,0.0136930910470475,0.0108315537497409,0.0046907390921908,1.3091358391203796,0.2348068633251627,0.1354121230031787,0.063478127999332,0.0287244960456058,,,37.26396887406752,37.26396887406752,False,64.25104647657463,64.25104647657463,57.504277075947854,571.0,True,False,True,True,True,True,True,True,True,True,True,True,True,True,False,False,False,13,False,0.06952410345801896,0.08776773094643375,1.0,60178736.78388977,0.4309545875810936,1.0,3.0,,,,,,0.06186681611100967,0.027427504585214178,0.2141739704751006,-1.4310075696202098,0.6254901960784313,-1.4310075696202098,0.6270449959002349,-571.0,0.47058823529411764,0.23529411764705882,0.696078431372549,0.5044117647058823,0.4450980392156863,冠德
49.45000076293945,49.79999923706055,47.84999847412109,48.70000076293945,1023986.0,-0.01715435897495121,49.35,0.21295140503418408,44.19249973297119,0.4156976338010552,38.59416650136312,0.6452702748418464,34.84999993642171,0.05761636698218603,65.36885149790957,1762074.45,0.581125275382093,0.10199696910571676,2527.TW,2026-07-23,-0.030783540264059717,0.1293478426725969,bull,0.023169601482854494,0.07050092764378478,2026-03-31,2026-05-15,4588717000.0,1261812000.0,1127130000.0,1064163000.0,166487000.0,902888000.0,3.45,13282023000.0,8513905000.0,33780839000.0,11901818000.0,21879021000.0,1538877000.0,2676000000.0,3358749000.0,,0.1564487771140323,950791889.8514608,25266934000.0,0.0376298877359421,0.0412672943638565,0.0267278145459915,0.5439831151494393,0.2749814381667032,0.2456307503818605,0.1967626244983074,24.973085718167,,,82.24426248497689,82.24426248497689,False,86.18785674777439,86.18785674777439,85.20195818207502,75.0,True,True,True,True,True,True,True,True,True,True,True,True,False,True,True,False,False,13,False,0.2618487501529383,0.39741752802826014,1.0,85813027.05935611,0.3799814643188137,1.0,2.0,,,,,,0.05456486538513279,0.003255671527137287,0.3800889976362564,-1.1709654020994016,0.7230392156862746,-1.1709654020994016,0.6561238774824819,-75.0,0.9803921568627451,1.0,0.7352941176470589,0.9436274509803921,0.9372549019607843,宏璟
44.34999847412109,44.95000076293945,43.84999847412109,44.95000076293945,14206200.0,0.03690893529727646,44.08999938964844,0.03810627147694423,43.58749961853027,0.1496164326627858,43.02833334604899,0.18134038539370945,39.89166669845581,0.0044938615373411395,62.264145511288305,8978350.2,1.5822728768142729,0.0312589883873482,2542.TW,2026-07-23,-0.030783540264059717,0.1293478426725969,bull,0.18535681186283595,0.20222634508348794,2026-03-31,2026-05-15,16191907000.0,4874634000.0,3912933000.0,3918335000.0,698387000.0,2421313000.0,1.15,244126134000.0,168451704000.0,269504119000.0,203260373000.0,66243746000.0,18030010000.0,104829064000.0,11468836000.0,23019028000.0,0.1782356536641201,3215508829.0010934,101052415000.0,0.0318202076516537,0.0365515712230404,0.0089843265067128,3.068370756086167,0.3010537301134449,0.2416597995529495,0.1495384700517363,13.610654325020349,,,58.947380152838136,58.947380152838136,False,80.436220565772,80.436220565772,75.06401046253853,278.0,True,True,True,True,True,True,True,True,True,True,True,True,True,True,False,False,False,14,False,0.0446605124450381,0.12680177297980522,1.0,403576848.33993757,0.21037998146431883,1.0,3.0,,,,,,0.09104407830327614,0.11579791616764301,0.22858926488135312,0.12983458741682483,0.8779411764705882,0.12983458741682483,0.8500067196730401,-278.0,0.803921568627451,0.8823529411764706,0.9215686274509803,0.8215686274509804,0.8509803921568628,興富發
96.4000015258789,96.4000015258789,94.4000015258789,95.0,96770.0,-0.007314492900358016,96.36000061035156,0.027027027027026973,94.42499961853028,0.11241215810999705,90.2333334604899,0.06145251396648055,87.66500002543131,0.007414916032094636,49.137944642194675,131739.55,0.7345554163499117,0.006089493076967711,2546.TW,2026-07-23,-0.030783540264059717,0.1293478426725969,bull,0.2205746061167748,0.24860853432282004,2026-03-31,2026-05-15,4271987000.0,331333000.0,227648000.0,236497000.0,50162000.0,186338000.0,1.43,15279304000.0,9683343000.0,16184746000.0,9989889000.0,6194857000.0,7854449000.0,0.0,,,0.2121041704545935,179362909.8043527,6501403000.0,0.0275883389791945,0.0300794675325031,0.0115131865523252,1.6126101054471476,0.0775594588653944,0.0532885516739634,0.0436185784273219,0.0858039345262302,,,37.32527210445105,37.32527210445105,False,62.67500621484023,62.67500621484023,56.33757268724293,570.0,True,False,True,True,True,True,True,False,True,False,True,True,False,True,False,False,False,10,False,0.05282600516578784,0.08367079190601534,1.0,12515257.249999998,0.6543095458758109,1.0,3.0,,,,,,0.09270853443732846,0.08545334323348638,0.30061405812754816,0.6474567160059614,0.9529411764705882,0.6474567160059614,0.9327248202033107,-570.0,0.4803921568627451,0.18627450980392157,0.9803921568627451,0.5553921568627451,0.49215686274509807,根基
85.5,85.5999984741211,83.5999984741211,84.5,8620243.0,0.047088019770248346,82.95999908447266,0.12550308351259987,79.51539840698243,0.1266666666666667,79.90464973449707,0.10313318124344195,78.30149161020914,0.017289924948745428,62.43385837578615,9519502.0,0.9055350794610895,0.06268724917285784,2615.TW,2026-07-23,-0.030783540264059717,0.1293478426725969,bull,0.051899907321594066,0.23098330241187384,2026-03-31,2026-05-15,33640864000.0,7656632000.0,5825197000.0,9789626000.0,2113020000.0,7671518000.0,2.73,141008376000.0,35567443000.0,420232464000.0,133190864000.0,287041600000.0,99479800000.0,1000000000.0,42718782000.0,0.0,0.2158427707044171,4567870339.620942,384665021000.0,0.0118749303686256,0.0267261539790748,0.0182554149362434,0.4640124079575922,0.2275991484642011,0.1731583647792161,0.2280416460171772,-0.0929984351119866,,,48.73816272918027,48.73816272918027,False,71.29918167803109,71.29918167803109,65.65892694081839,389.0,True,False,True,True,True,False,True,True,True,False,True,True,True,True,False,False,False,11,False,0.05751042374595361,0.07916207293530908,1.0,804397919.0,0.14921223354958293,1.0,3.0,,,,,,0.051549228526969325,0.00928615021776853,0.25716987510699474,-0.9466027838756562,0.6892156862745098,-0.9466027838756562,0.6046994658755331,-389.0,0.6568627450980392,0.5980392156862745,0.6470588235294118,0.6553921568627451,0.6372549019607843,萬海
53.70000076293945,55.20000076293945,51.900001525878906,53.29999923706055,8212491.0,-0.06326893132298117,54.48000030517578,0.26753864932498916,53.79250011444092,0.10466319662301649,46.713333447774254,-0.022422070269482064,48.10724010467529,0.062148283755883736,46.498599140464215,13752790.85,0.5971508684726344,-0.00915556771543613,2630.TW,2026-07-23,-0.030783540264059717,0.1293478426725969,bull,0.013901760889712697,0.2597402597402597,2026-03-31,2026-05-15,1096139000.0,99835000.0,28684000.0,22779000.0,4780000.0,17999000.0,0.09,4412587000.0,1553773000.0,5621038000.0,2241218000.0,3379820000.0,184907000.0,488000000.0,514600000.0,,0.2098423987005575,22664880.635673206,4067265000.0,0.005572511413855,0.0053254315318567,0.0032020776233855,0.6631175624737412,0.0910787774178274,0.0261682140677414,0.0164203627459656,-0.1292073375633449,,,17.319949572923083,17.319949572923083,False,68.08944067980212,68.08944067980212,55.397067903082366,905.0,True,False,True,True,False,True,True,False,True,False,True,True,False,True,False,False,False,9,False,0.1410018361599097,0.10794132278398139,1.0,733023741.8124533,0.1603336422613531,1.0,3.0,,,,,,-0.007125118215035991,-0.07077862881893926,0.1782114400989294,-1.746299603465541,0.17647058823529413,-1.746299603465541,0.3073998314032313,-905.0,0.17647058823529413,0.12745098039215685,0.21568627450980393,0.18235294117647058,0.1696078431372549,亞航
64.30000305175781,65.0,60.20000076293945,61.900001525878906,69125327.0,-0.04031005386234254,64.80000076293945,0.27892561104118374,60.264826965332034,0.3031579268606086,51.568275705973306,0.07839721045950077,51.452471319834395,0.07042650709700522,53.135192221430415,57028864.3,1.2121112325920893,0.02713314951501511,2634.TW,2026-07-23,-0.030783540264059717,0.1293478426725969,bull,0.011121408711770158,0.11038961038961038,2026-03-31,2026-05-15,7587090000.0,591710000.0,272385000.0,343445000.0,82787000.0,260658000.0,0.28,37638357000.0,26369324000.0,51480606000.0,33336880000.0,18143726000.0,2181426000.0,5295860000.0,1125000000.0,3448642000.0,0.2410487851038739,206726926.6694813,25111282000.0,0.0082324322059495,0.0143662883797958,0.005063227111196,1.837377835181153,0.0779890577283253,0.0359011162382415,0.0343554643479911,0.0064028588028364,,,19.130159005497152,19.130159005497152,False,77.19663156723688,77.19663156723688,62.68001342680195,869.0,True,True,True,True,True,True,True,True,True,True,True,True,True,True,False,False,False,14,False,0.20035042239562117,0.2030520582986477,1.0,3530086787.189141,0.047265987025023166,1.0,3.0,,,,,,-0.012760205516883465,-0.06128813633537967,0.18600031227811753,-1.7181467408286282,0.20931372549019606,-1.7181467408286282,0.25179529721741106,-869.0,0.21568627450980393,0.4411764705882353,0.14705882352941177,0.20539215686274512,0.2696078431372549,漢翔
83.80000305175781,84.5,81.0999984741211,81.30000305175781,2326890.0,-0.014545417554450712,80.9,0.06833120475560928,78.85499992370606,0.1370629797448646,76.30443751017252,0.14507046551771574,73.57055206298828,0.013755866534588027,65.21740139996166,3009176.9,0.7732646093355297,0.03100631704289314,2637.TW,2026-07-23,-0.030783540264059717,0.1293478426725969,bull,0.12140871177015755,0.21985157699443414,2026-03-31,2026-05-15,4338022000.0,1244039000.0,1197473000.0,1201283000.0,6082000.0,1195201000.0,1.6,8930959000.0,8128467000.0,84286573000.0,33874386000.0,50412187000.0,5975075000.0,2132536000.0,18694305000.0,992902000.0,0.0050629202277897,1191410289.726068,76158106000.0,0.0156439065032167,0.0237085726909645,0.0141802063775923,0.6719483524886551,0.2867756318432686,0.276041246448266,0.2755175054437253,0.2360516073148353,,,62.80204855376821,62.80204855376821,False,73.7593074200959,73.7593074200959,71.01999270351398,238.0,True,False,True,True,True,True,True,True,True,True,True,True,False,True,True,False,False,12,False,0.06546887316899896,0.10506175055138733,1.0,244646091.1532791,0.2567191844300278,1.0,3.0,,,,,,0.023962874357710794,-0.021299890141381467,0.19451460126230605,-1.7292338146313213,0.3333333333333333,-1.7292338146313213,0.3354119882593015,-238.0,0.8529411764705882,0.7352941176470589,0.23529411764705882,0.7602941176470588,0.6941176470588235,慧洋-KY
45.79999923706055,45.79999923706055,45.20000076293945,45.79999923706055,61598.0,0.013373254267982748,45.69944839477539,0.006593389825506613,44.976562118530275,0.08788600705564997,43.611353874206536,0.06387921135275199,43.2423436164856,0.0009984526524516478,58.83689449992474,104295.35,0.590611182569501,0.01830813827789246,2704.TW,2026-07-23,-0.030783540264059717,0.1293478426725969,bull,0.3113994439295644,0.2940630797773655,2026-03-31,2026-05-15,378532000.0,113136000.0,11772000.0,102498000.0,43662000.0,58697000.0,0.16,22038050000.0,4179836000.0,34495152000.0,8091080000.0,26404072000.0,3958344000.0,340000000.0,400000000.0,,0.4,7063200.0,30315316000.0,0.0002329911388685,0.0022230283268429,0.0017016014308329,0.3064330380556453,0.2988809400526243,0.0310990880559635,0.1550648293935519,0.0078893625405718,,,28.393804821713665,28.393804821713665,False,67.42866732186413,67.42866732186413,57.669951696826516,711.0,True,False,True,True,True,True,True,True,True,False,True,True,False,True,False,False,False,11,False,0.05018521940793175,0.05914701671256961,1.0,4776726.950428963,0.7720111214087118,1.0,3.0,,,,,,0.04624057514066908,0.02871854418442322,0.19027440474564541,-1.3904749125294746,0.5181372549019608,-1.3904749125294746,0.5310020644343364,-711.0,0.3627450980392157,0.24509803921568626,0.5294117647058824,0.38774509803921564,0.3607843137254902,國賓
24.75,24.75,24.100000381469727,24.25,37881552.0,0.012526063778869334,24.189999771118163,0.03191489361702127,23.827499866485596,0.14386788336311618,22.129999955495197,0.18292682926829262,21.46208332379659,0.011998296274705153,66.6666889748497,30763637.5,1.2313742807559738,0.017731618335193877,2801.TW,2026-07-23,-0.030783540264059717,0.1293478426725969,bull,0.2057460611677479,0.21057513914656772,2026-03-31,2026-05-15,,,,,992320000.0,5221136000.0,,,,3481563454000.0,3255586729000.0,225976725000.0,40993679000.0,,,,,,3481563454000.0,,0.0231047511640855,0.0014996526902307,14.406734715710211,,,,,,,11.293260418625334,11.293260418625334,False,70.67267247070296,70.67267247070296,55.82781945768355,1022.0,True,False,True,True,True,True,True,True,True,True,True,True,True,True,False,False,False,13,False,0.09579756207719181,0.12989962969308944,1.0,746018209.375,0.15848007414272475,0.0,3.0,,,,,,0.03398750553755905,-0.06827094272343487,0.19362720331375902,-1.2323417361547857,0.37401960784313726,-1.2323417361547857,0.4348085534971867,-1022.0,0.0784313725490196,0.14705882352941177,0.4019607843137255,0.12696078431372548,0.16372549019607846,彰銀
56.59999847412109,56.70000076293945,55.79999923706055,56.70000076293945,233243.0,-0.008741258624666903,56.55999984741211,0.0017668249384157342,56.48000011444092,0.09038463005652786,54.2155979792277,0.1408450682604374,51.46654907862345,0.0008860535158356103,48.148140298973495,233882.05,0.9972676398210124,0.0038951956099992913,2832.TW,2026-07-23,-0.030783540264059717,0.1293478426725969,bull,0.33549582947173306,0.2894248608534323,2026-03-31,2026-05-15,,,514384000.0,513794000.0,96832000.0,,,,,25841065000.0,13610551000.0,12230514000.0,3713301000.0,,,,0.1884646375784847,417440805.8638287,25841065000.0,0.0161541641516643,,,1.112835568480605,,,,,,,55.14019466216183,55.14019466216183,False,58.02410322867882,58.02410322867882,57.30312608704957,306.0,True,False,True,True,True,True,True,False,True,False,True,True,True,True,False,False,False,11,False,0.045824502104793385,0.10168646971688466,1.0,13261112.413437843,0.644114921223355,1.0,3.0,,,,,,0.05230621363842646,0.01978580743469414,0.1313750956044225,-1.5448754859130112,0.4333333333333333,-1.5448754859130112,0.4487714231937835,-306.0,0.7745098039215687,0.22549019607843138,0.43137254901960786,0.7230392156862745,0.5411764705882353,台產
18.149999618530277,18.149999618530277,17.850000381469727,17.899999618530273,30794817.0,-0.0137741049726946,18.00999984741211,-0.005555576748318192,17.91500005722046,0.10153843806340146,17.02416664759318,0.12933748818436652,16.28333334128062,0.0046263833211018434,48.648617997325594,32675289.6,0.9424497036439425,-0.0008373116741432485,2834.TW,2026-07-23,-0.030783540264059717,0.1293478426725969,bull,0.37720111214087115,0.26437847866419295,2026-03-31,2026-05-15,,,,,886677000.0,3437983000.0,,,,2555347612000.0,2406237987000.0,149109625000.0,29451426000.0,,,,,,2555347612000.0,,0.0230567476780925,0.0013454071703807,16.137375350518116,,,,,,,11.10187505518378,11.10187505518378,False,57.074504669169045,57.074504669169045,45.581347265672726,1023.0,True,False,True,True,False,True,True,False,True,False,True,True,True,True,False,False,False,10,False,0.051446451921387526,0.0992834970190759,1.0,584887671.3753662,0.1835032437442076,0.0,3.0,,,,,,0.04829681011440543,-0.03437812574507157,0.1842008447050866,-1.1889404158345303,0.44901960784313727,-1.1889404158345303,0.4781714150358988,-1023.0,0.06862745098039216,0.0196078431372549,0.4803921568627451,0.13039215686274508,0.13627450980392158,臺企銀
12.800000190734863,12.850000381469728,12.699999809265137,12.850000381469728,4919360.0,0.011811068854911344,12.69000015258789,0.04471546196797305,12.480000019073486,0.08438818293742312,12.150833400090535,0.06198346912026298,12.1725000222524,0.007874014959659182,68.18185364906338,4041087.75,1.2173356047514683,0.029647464890285358,2836.TW,2026-07-23,-0.030783540264059717,0.1293478426725969,bull,0.16682113067655235,0.3079777365491651,2026-03-31,2026-05-15,,,,,96508000.0,,,,,352880627000.0,325850614000.0,27030013000.0,2536364000.0,,,,,,352880627000.0,,,,12.05514085398331,,,,,,,0.0,0.0,False,68.59783739191211,68.59783739191211,51.448378043934085,1076.0,True,False,True,True,True,True,True,True,True,False,True,True,True,True,False,False,False,12,False,0.05754066065739849,0.05565827545523083,1.0,51927979.12905265,0.448563484708063,0.0,3.0,,,,,,0.060093175254950684,0.007522262202535698,0.1949582971350002,-0.4083646991302184,0.6681372549019609,-0.4083646991302184,0.6755499218073246,-1076.0,0.0196078431372549,0.06862745098039216,0.7647058823529411,0.13137254901960782,0.18333333333333335,高雄銀
13.449999809265137,13.449999809265137,13.149999618530272,13.199999809265137,7310208.0,-0.025830286091733656,13.329999923706055,0.007633543884232319,13.234999990463256,0.068825862472909,12.665000041325888,0.04347827725853848,12.587500015894571,0.006272566651501843,51.85185708462762,11234520.45,0.6506915922699665,-0.0026445169039168714,2845.TW,2026-07-23,-0.030783540264059717,0.1293478426725969,bull,0.30676552363299353,0.3302411873840445,2026-03-31,2026-05-15,,,,,143704000.0,1221472000.0,,,,891493396000.0,820291532000.0,71201864000.0,7041472000.0,,,,,,891493396000.0,,0.0171550565024533,0.0013701413891348,11.520646875199784,,,,,,,8.670319530616531,8.670319530616531,False,57.541004606409075,57.541004606409075,45.32333333746094,1052.0,True,False,True,True,False,True,True,True,True,False,True,True,False,True,False,False,False,10,False,0.042242381854997735,0.048659367832941,1.0,148295667.79718527,0.3206672845227062,0.0,3.0,,,,,,0.04735024058402016,-0.021983396842456468,0.20419048997427236,-0.6037355203478161,0.5642156862745098,-0.6037355203478161,0.5522325815048796,-1052.0,0.0392156862745098,0.00980392156862745,0.5588235294117647,0.11715686274509804,0.13431372549019607,遠東銀
148.0,149.0,145.5,147.0,157516.0,-0.003389830508474523,146.7,0.035211267605633756,144.75,0.17131474103585664,139.89146194458007,0.25106382978723407,128.85823097229004,0.007306889352818451,58.53658536585366,232647.85,0.6770576216371653,0.015544041450777257,2850.TW,2026-07-23,-0.030783540264059717,0.1293478426725969,bull,0.19555143651529194,0.18089053803339517,2026-03-31,2026-05-15,,,1507350000.0,1508204000.0,248433000.0,,,,,58099283000.0,36260125000.0,21839158000.0,14722947000.0,,,,0.1647210854765005,1259057671.8069968,58099283000.0,0.0216707953488341,,,1.6603261444420157,,,,,,,51.89726928896828,51.89726928896828,False,73.16940286999741,73.16940286999741,67.85136947474012,341.0,True,False,True,True,True,True,True,True,True,True,True,True,False,True,False,False,False,12,False,0.05081466700402393,0.14078859294297774,1.0,34199233.95,0.5162187210379982,2.0,3.0,,,,,,-0.00861244602514857,-0.06131081339185309,0.14313709572769145,-1.7645264565870864,0.13725490196078433,-1.7645264565870864,0.17209296243427566,-341.0,0.7058823529411765,0.6470588235294118,0.09803921568627451,0.6147058823529411,0.5666666666666668,新產
9.1899995803833,9.289999961853027,9.09000015258789,9.18000030517578,9897790.0,0.030303082198378517,9.235999870300294,0.06868453342345293,8.80499987602234,0.17091838348313937,8.234166598320007,0.16645494773392056,8.050583299001058,0.01691978623596782,72.79411919389246,15522400.0,0.6376455960418492,0.04258948715883992,2867.TW,2026-07-23,-0.030783540264059717,0.1293478426725969,bull,0.12048192771084337,0.18181818181818182,2026-03-31,2026-05-15,,,-260328000.0,-260476000.0,-99972000.0,,,,,1583200325000.0,1505084533000.0,78115792000.0,70736282000.0,,,,0.3838050338610851,-160412803.14501145,1583200325000.0,-0.0001013218609243,,,19.267352918856663,,,,,,,0.0,0.0,False,70.38921155312349,70.38921155312349,52.791908664842616,1078.0,True,False,True,True,True,True,True,False,True,True,True,True,False,True,False,False,False,11,False,0.11486696261996299,0.14029008386446518,1.0,142495636.73706052,0.3253012048192771,0.0,3.0,,,,,,0.05413265642676607,0.000579298631941989,0.22753237668957182,-0.27213235099033145,0.6813725490196079,-0.27213235099033145,0.7532405100003693,-1078.0,0.00980392156862745,0.0784313725490196,0.8725490196078431,0.1392156862745098,0.20294117647058826,三商壽
41.29999923706055,41.29999923706055,39.650001525878906,41.25,30234780.0,0.04695427417448106,40.67000045776367,0.08552631578947367,38.88000011444092,0.24810895468174166,35.557499980926515,0.24810895468174166,34.956249952316284,0.01946903464802916,77.27269049193353,21560826.65,1.4023015207536118,0.060956787000594925,2880.TW,2026-07-23,-0.030783540264059717,0.1293478426725969,bull,0.08897126969416126,0.13172541743970315,2026-03-31,2026-05-15,18727437000.0,,,9327986000.0,1664716000.0,7663213000.0,,,,4445991154000.0,4202483247000.0,243507907000.0,45717871000.0,,,,0.1784646760833474,,4445991154000.0,,0.0314700787108321,0.0017236230875325,17.25809768879497,,,0.4091971047613189,0.1221769088861191,,,25.15680897546131,25.15680897546131,False,77.46997139617892,77.46997139617892,64.39168079099952,764.0,True,True,True,True,True,True,True,False,True,True,True,True,True,True,False,False,False,13,False,0.1600928080468822,0.18004648828947611,1.0,889384099.3124999,0.14087117701575533,1.0,3.0,,,,,,-0.0686395663897897,-0.1490095046310323,0.21629902928042122,-1.2292956667463861,0.28480392156862744,-1.2292956667463861,0.27938246233455655,-764.0,0.30392156862745096,0.5196078431372549,0.16666666666666666,0.2833333333333333,0.3411764705882353,華南金
30.799999237060547,31.299999237060547,30.5,30.850000381469727,42886622.0,0.009820004972217689,30.110000228881837,0.04677996249676242,29.56707830429077,0.4483568772994522,26.258650938669845,0.7044198746566377,23.07099202473959,0.005308418352028147,67.6470530486859,62059915.75,0.691051888835347,0.04339022151514982,2883.TW,2026-07-23,-0.030783540264059717,0.1293478426725969,bull,0.16311399443929564,0.061224489795918366,2026-03-31,2026-05-15,23565513000.0,,,13099615000.0,1407592000.0,11689699000.0,,,,4235032868000.0,3864021319000.0,371011549000.0,75116245000.0,,,,0.1074529289601259,,4235032868000.0,,0.0315076418281523,0.0027602380818169,10.414827596108069,,,0.4960511150340754,-0.1317078255463794,,,12.146336472811727,12.146336472811727,False,74.80620521631243,74.80620521631243,59.14123803043726,1011.0,True,False,True,True,True,True,True,True,True,True,True,True,False,True,False,False,False,12,False,0.1748509264060638,0.3371770207535296,1.0,1914548424.561479,0.0778498609823911,1.0,3.0,,,,,,-0.024388252799620737,-0.13719548249535468,0.28746818563192206,-0.9950525895142783,0.41617647058823537,-0.9950525895142783,0.4081027509527944,-1011.0,0.08823529411764706,0.3137254901960784,0.35294117647058826,0.12794117647058822,0.20882352941176474,凱基金
36.29999923706055,36.29999923706055,35.400001525878906,35.650001525878906,26113049.0,0.021489970407132075,35.91999969482422,0.04824084304037424,34.542195320129395,0.09861327234833572,33.27868649164836,0.0770393706740351,33.18059326807658,0.011601218681156501,68.93205465611786,48701015.6,0.5361910563524265,0.03207110015685477,2884.TW,2026-07-23,-0.030783540264059717,0.1293478426725969,bull,0.1603336422613531,0.27087198515769945,2026-03-31,2026-05-15,25169421000.0,,,12706707000.0,2639201000.0,10056957000.0,,,,4679436007000.0,4394289185000.0,285146822000.0,45485669000.0,,,,0.2077014131198586,,4679436007000.0,,0.0352693988642805,0.0021491814365995,15.410619533399537,,,0.3995704549580223,0.174006725249566,,,29.938092003685178,29.938092003685178,False,67.27738872060165,67.27738872060165,57.942564541372526,685.0,True,False,True,True,True,True,True,True,True,False,True,True,False,True,False,False,False,11,False,0.07125626892833203,0.07442327018842598,1.0,1736191280.4518526,0.08526413345690455,1.0,3.0,,,,,,-0.0690539830697115,-0.1585328198240508,0.1405400162009589,-1.3630604120457321,0.13137254901960785,-1.3630604120457321,0.16615392576987503,-685.0,0.38235294117647056,0.2647058823529412,0.08823529411764706,0.338235294117647,0.28823529411764703,玉山金
48.34999847412109,48.34999847412109,47.59999847412109,48.150001525878906,26223640.0,0.033261869152605206,48.14999999999999,0.032154339784273844,46.8375,0.19925279442003396,43.23000011444092,0.20375003814697257,41.339999993642174,0.015282066277355998,73.04352210470734,35499686.1,0.7387006162851676,0.028022450512493302,2886.TW,2026-07-23,-0.030783540264059717,0.1293478426725969,bull,0.20481927710843373,0.15955473098330242,2026-03-31,2026-05-15,20768442000.0,,,11219594000.0,1822242000.0,9397352000.0,,,,5003279677000.0,4601326283000.0,401953394000.0,108936088000.0,,,,0.1624160375143699,,5003279677000.0,,0.0233792079884763,0.0018782383969458,11.447412440557724,,,0.4524822805677961,0.1010590363542149,,,21.43739093265881,21.43739093265881,False,67.20175762153886,67.20175762153886,55.76066594931885,833.0,True,False,True,True,True,True,True,False,True,True,True,True,False,True,False,False,False,11,False,0.11380988661608793,0.1647315320097742,1.0,1709309939.8832223,0.0871177015755329,1.0,3.0,,,,,,-0.07570144309758207,-0.15593265283843424,0.17266425025203833,-1.4660900652163107,0.14901960784313725,-1.4660900652163107,0.16539281145246293,-833.0,0.27450980392156865,0.13725490196078433,0.0784313725490196,0.2450980392156863,0.19411764705882353,兆豐金
34.650001525878906,34.849998474121094,33.95000076293945,34.5,53452755.0,-0.007583497867953981,34.357723236083984,0.08320249880034658,34.28860540390015,0.4139344483349663,29.0353684425354,0.5065502434368252,26.532684214909874,0.017340009052898363,52.136131281157255,75924596.35,0.7040242236335578,0.006165155847248416,2887.TW,2026-07-23,-0.030783540264059717,0.1293478426725969,bull,0.09545875810936053,0.07142857142857142,2026-03-31,2026-05-15,47867456000.0,,,25588754000.0,4532177000.0,21040510000.0,,,,9064708955000.0,8465511408000.0,599197547000.0,97795796000.0,,,,0.1771159705548773,,9064708955000.0,,0.035114479532407,0.0023211456765409,14.12808088147931,,,0.439557723727787,0.933005034802805,,,37.907562917661295,37.907562917661295,False,71.01554293733922,71.01554293733922,62.73854793241974,561.0,True,False,True,True,True,True,True,True,True,True,True,True,False,True,False,False,False,12,False,0.18820603459121887,0.300283066747274,1.0,2619398574.075,0.060240963855421686,1.0,3.0,,,,,,-0.10814576292458274,-0.17977951597588906,0.15422527063659494,-1.5865109179589594,0.08823529411764706,-1.5865109179589594,0.10755153445502655,-561.0,0.5,0.45098039215686275,0.029411764705882353,0.4294117647058823,0.39117647058823524,台新新光金
15.75,15.800000190734863,15.550000190734863,15.649999618530272,3904164.0,-0.012618344361258083,15.70999984741211,0.04333330790201817,15.432500076293945,0.06462583820350587,15.009166701634724,-0.03987727907694627,15.526666704813639,0.010807267765923282,70.96768834723011,7342783.9,0.531700789941537,0.014093603833537749,2889.TW,2026-07-23,-0.030783540264059717,0.1293478426725969,bull,0.1742354031510658,0.3385899814471243,2026-03-31,2026-05-15,2670617000.0,,,1318966000.0,191865000.0,897373000.0,,,,469578158000.0,414812209000.0,54765949000.0,15724281000.0,,,,0.1454662212672654,,469578158000.0,,0.0163856012063262,0.0019110194644104,7.57427227272187,,,0.3360171076571444,0.5571184687557942,,,31.713016597318976,31.713016597318976,False,62.48265535541807,62.48265535541807,54.790245665893295,653.0,True,False,True,True,True,True,True,True,True,False,True,True,False,True,False,False,False,11,False,0.04269610229765464,0.00794329626966217,1.0,114914565.23395023,0.35125115848007415,0.0,3.0,,,,,,-0.006031557384638949,-0.08779310255359385,0.1706146030073663,-1.1721365612663517,0.2534313725490196,-1.1721365612663517,0.27695312670522754,-653.0,0.4215686274509804,0.10784313725490197,0.1568627450980392,0.3818627450980392,0.27450980392156865,國票金
34.400001525878906,34.400001525878906,33.70000076293945,34.150001525878906,35256469.0,0.0058910385403518895,34.210000610351564,0.039573915133723325,33.45249996185303,0.20671386736849917,30.825833161671955,0.15959255148319174,29.86541657447815,0.013328295294421791,68.42105263157895,39434733.8,0.8940460756958375,0.02085050638431385,2892.TW,2026-07-23,-0.030783540264059717,0.1293478426725969,bull,0.18257645968489342,0.15398886827458255,2026-03-31,2026-05-15,19296673000.0,,,10035758000.0,1792064000.0,8243694000.0,,,,5146398447000.0,4848752228000.0,297646219000.0,66304190000.0,,,,0.1785678769854753,,5146398447000.0,,0.0276962832845526,0.0016018374956578,16.290320247609124,,,0.427208047729264,0.0559316737098873,,,19.735682713005552,19.735682713005552,False,69.16491266619374,69.16491266619374,56.8076051778967,864.0,True,False,True,True,True,True,True,True,True,True,True,True,True,True,False,False,False,13,False,0.10783709711178657,0.1434630901837881,1.0,1346696219.4426284,0.09916589434661724,1.0,3.0,,,,,,-0.057264821618878435,-0.15069563352446946,0.20418230144024213,-1.0510009571171053,0.29558823529411765,-1.0510009571171053,0.30703487473968444,-864.0,0.22549019607843138,0.20588235294117646,0.20588235294117646,0.22254901960784312,0.2156862745098039,第一金
15.899999618530272,16.200000762939453,15.600000381469728,15.800000190734863,1178805.0,0.01935485101515244,15.649999809265136,0.05333334604899087,15.277500009536743,0.13669069239913334,14.42749999364217,0.006369451126407855,14.714999977747599,0.009582024163381449,67.44186355978741,868332.65,1.357550012659319,0.03420063366859494,2905.TW,2026-07-23,-0.030783540264059717,0.1293478426725969,bull,0.14828544949026876,0.22077922077922077,2026-03-31,2026-05-15,29552820000.0,,,,-68929000.0,32878000.0,0.03,133124099000.0,1468399841000.0,1617410517000.0,62246052000.0,86764624000.0,72610211000.0,2757000000.0,7269508000.0,,,,149010676000.0,,0.0003789332389661,2.032755423217024e-05,0.717412801788895,,,0.0011125165043471,-0.4161502905041906,,,21.27042291580655,21.27042291580655,False,73.70396606281376,73.70396606281376,60.59558027606195,839.0,True,False,True,True,True,True,True,True,True,True,True,True,True,True,False,False,False,13,False,0.09513084024935159,0.0737342993291219,1.0,13719656.03562131,0.6385542168674698,0.0,3.0,,,,,,0.049274125984723506,0.03162092113184923,0.1571913853891254,-1.6926730272763497,0.4303921568627451,-1.6926730272763497,0.44355127068777256,-839.0,0.2647058823529412,0.3431372549019608,0.4117647058823529,0.2867647058823529,0.3176470588235294,三商
25.799999237060547,25.799999237060547,23.799999237060547,24.0,134830.0,-0.012345648003272758,25.45,0.05726868693251119,23.660000038146972,0.0762332206771652,22.530833435058593,0.20258517001316712,21.727165333429976,0.028360311273159834,53.804347657075645,139869.3,0.9639713646954694,0.014370243504008728,2910.TW,2026-07-23,-0.030783540264059717,0.1293478426725969,bull,0.13994439295644115,0.31539888682745826,2026-03-31,2026-05-15,134947000.0,122139000.0,79615000.0,67368000.0,16123000.0,51245000.0,0.29,1046634000.0,924884000.0,6492314000.0,3855433000.0,2636881000.0,179700000.0,437000000.0,2663000000.0,,0.2393272770454815,60560958.83802399,5567430000.0,0.010877722546673,0.0194339448765416,0.0078931795350625,1.4621186925007237,0.9050886644386316,0.5899723595189222,0.3797416763618309,0.0604038975326104,,,53.55098246287692,53.55098246287692,False,66.11904706270508,66.11904706270508,62.977030912748035,319.0,True,False,True,True,True,True,True,True,True,False,True,True,True,True,False,False,False,12,False,0.0652069338303014,0.104607970330717,1.0,3356863.1999999997,0.8220574606116775,0.0,3.0,,,,,,0.05551340271134597,-0.00411554435155554,0.1467011808883258,-1.0849522614739497,0.4911764705882353,-1.0849522614739497,0.5545617365620203,-319.0,0.7450980392156863,0.46078431372549017,0.5686274509803921,0.7186274509803922,0.6245098039215686,統領
239.5,239.5,232.0,237.0,4234324.0,-0.03462321792260692,241.2,0.04867256637168138,236.675,0.05803571428571419,228.91666666666666,0.08965517241379306,225.36666666666667,0.017956989247311875,61.11111111111111,3468274.3,1.2208734470627078,0.0013731910848209239,2912.TW,2026-07-23,-0.030783540264059717,0.1293478426725969,bull,0.15848007414272475,0.35064935064935066,2026-03-31,2026-05-15,88527614000.0,30610284000.0,3773259000.0,4620847000.0,1050028000.0,3090726000.0,2.97,94109724000.0,113749838000.0,295505038000.0,238221964000.0,57283074000.0,49536616000.0,11451234000.0,19468012000.0,,0.2272371277387024,2915834462.6257915,181755200000.0,0.0160426467172647,0.0539553097307592,0.0104591313262144,4.158679822245573,0.3457710268798162,0.0426223957645577,0.0349125641181292,0.0459148681272323,,,37.38307615957289,37.38307615957289,False,73.31095186861867,73.31095186861867,64.32898294135722,569.0,True,False,True,True,True,True,True,True,True,False,True,True,True,True,False,False,False,12,False,0.03531124863487456,0.051619582901937466,1.0,821981009.0999999,0.14457831325301204,2.0,3.0,,,,,,0.04986717175698225,0.011017183746740006,0.1795425609801914,-0.19522475690014704,0.6039215686274509,-0.19522475690014704,0.590645813881108,-569.0,0.49019607843137253,0.5098039215686274,0.6274509803921569,0.5107843137254902,0.5235294117647058,統一超
31.549999237060547,33.0,29.149999618530277,30.200000762939453,252383.0,-0.15760105862375928,34.0,0.19367595547991834,29.727499961853027,0.366515848038689,25.825833225250246,0.5024875716311408,23.494166580835977,0.08415390539477005,57.55968255648258,199978.15,1.2620528792770611,0.015894400864275404,2923.TW,2026-07-23,-0.030783540264059717,0.1293478426725969,bull,0.026876737720111215,0.0862708719851577,2026-03-31,2026-05-15,2068437000.0,1223647000.0,1093718000.0,507741000.0,478663000.0,26623000.0,0.02,43331856000.0,14759908000.0,117789596000.0,69575606000.0,48213990000.0,4643421000.0,6895034000.0,45987458000.0,,0.4,656230800.0,103029688000.0,0.0063693369623714,0.00055218412747,0.0002260216598416,1.4430584566844602,0.5915805025727155,0.5287654397982632,0.0128710712484837,1.5370100759838343,,,53.57592567176444,53.57592567176444,False,81.72265853085793,81.72265853085793,74.68597531608455,317.0,True,True,True,True,True,True,True,True,True,True,True,True,True,True,False,False,False,14,False,0.16937178752523385,0.2854254973902066,1.0,6039340.28257122,0.7349397590361446,1.0,3.0,,,,,,0.06727441310371848,0.05150480361335565,0.29611906056875137,-1.3697187285635177,0.7769607843137255,-1.3697187285635177,0.7614226024132732,-317.0,0.7549019607843137,0.8725490196078431,0.8823529411764706,0.7740196078431372,0.8156862745098039,鼎固-KY
91.0,93.1999969482422,89.5999984741211,92.1999969482422,2878999.0,0.08726407582754203,85.4,0.11622274396444232,86.24000129699706,0.33817118877148067,79.39166692097982,0.3598818996786428,71.63083346684773,0.00700607182289981,56.42317360989803,2650936.2,1.0860310406565046,0.06910941050104857,3022.TW,2026-07-23,-0.030783540264059717,0.1293478426725969,bull,0.06209453197405004,0.09740259740259741,2026-03-31,2026-05-15,1592354000.0,448280000.0,36432000.0,189589000.0,22663000.0,168988000.0,0.96,10450596000.0,3234728000.0,16026933000.0,4335529000.0,11691404000.0,3432970000.0,92494000.0,,,0.1195375259113134,32077008.85599903,12792205000.0,0.0025075433716078,0.0144540381976364,0.0105440011510624,0.3708304836613293,0.281520315206292,0.0228793346203168,0.1061246431383976,-0.1038362140769989,,,30.04604328275842,30.04604328275842,False,82.09277933060295,82.09277933060295,69.08109531864181,681.0,True,True,True,True,True,True,True,True,True,True,True,True,True,True,False,False,False,14,False,0.16133091197103577,0.28715516050660383,1.0,244416309.54998478,0.25764596848934196,1.0,3.0,,,,,,0.028291688014289437,-0.047051148795210426,0.26794873684094556,-1.2091559205836275,0.4975490196078431,-1.2091559205836275,0.5228894006174218,-681.0,0.4019607843137255,0.6862745098039216,0.5098039215686274,0.4181372549019608,0.5088235294117647,威強電
104.0,105.0,102.5,104.0,642969.0,-0.004784688995215336,104.2,0.06448314481622042,102.24500007629395,0.08786612615012523,101.2183334350586,-0.03036048798201474,102.5511651357015,0.010425930646459062,54.54545454545455,1138053.65,0.5649724861389444,0.017164652769294353,3029.TW,2026-07-23,-0.030783540264059717,0.1293478426725969,bull,0.12696941612604262,0.2949907235621521,2026-03-31,2026-05-15,6876938000.0,811379000.0,385472000.0,424218000.0,78018000.0,295873000.0,1.77,12286821000.0,7803745000.0,15126326000.0,8760650000.0,6365676000.0,2911146000.0,3716000.0,,,0.1839101593991768,314579783.0360805,7322581000.0,0.0429602326059732,0.0464794312497211,0.0195601364138258,1.3762324692617092,0.1179855045952137,0.0560528537555522,0.0430239446683974,0.0168646985516829,,,48.26050505492552,48.26050505492552,False,68.07481998622227,68.07481998622227,63.121241253398075,395.0,True,False,True,True,True,True,True,True,True,False,True,True,False,True,False,False,False,11,False,0.027481845141484218,0.01412792202196167,1.0,118357579.6,0.34661723818350326,2.0,3.0,,,,,,0.034202115146673026,0.002639000194983564,0.1886562347164287,-0.8063859370580878,0.5299019607843137,-0.8063859370580878,0.4994532428543391,-395.0,0.6470588235294118,0.47058823529411764,0.49019607843137253,0.6235294117647059,0.5627450980392157,零壹
56.0,56.5,55.0,55.900001525878906,508153.0,0.03136532728800012,54.08000106811524,0.07088123963335935,53.54000034332275,0.179324888742024,53.76601219177246,0.04291050591854573,51.35342270533244,0.004216834406053908,57.92079366850925,694837.7,0.7313261787608819,0.044079214931317834,3046.TW,2026-07-23,-0.030783540264059717,0.1293478426725969,bull,0.11770157553290084,0.17068645640074212,2026-03-31,2026-05-15,1818011000.0,164863000.0,94671000.0,110981000.0,17198000.0,94001000.0,1.2,3347000000.0,2193135000.0,3800793000.0,2266693000.0,1534100000.0,1823720000.0,113083000.0,,,0.1549634622142529,80000454.06871447,1607658000.0,0.0497621098944641,0.0612743628185907,0.0247319440969292,1.4775392738413402,0.0906831696837918,0.0520739423468834,0.0517054077230555,0.0112825744495272,,,51.57995742194333,51.57995742194333,False,67.45371886661452,67.45371886661452,63.48527850544673,345.0,True,False,True,True,True,False,True,True,True,True,True,True,False,True,False,False,False,11,False,0.03969030335549051,0.08853506895995777,1.0,38841428.49023819,0.494902687673772,1.0,3.0,,,,,,0.07470574476486082,0.03729848614437856,0.30402926259007035,0.007731472398053822,0.8936274509803921,0.007731472398053822,0.890189391695109,-345.0,0.6862745098039216,0.49019607843137253,0.9607843137254902,0.7274509803921569,0.6823529411764706,建碁
363.0,363.5,334.0,341.0,3973936.0,-0.10732984293193715,353.8,0.10355987055016191,339.0,0.1453006941571655,321.0974517822266,0.24225740912135585,307.1707623799642,0.029065796463534913,54.154727793696274,4157356.05,0.9558806010853942,0.005899705014749346,3413.TW,2026-07-23,-0.030783540264059717,0.1293478426725969,bull,0.07692307692307693,0.20871985157699444,2026-03-31,2026-05-15,5561563000.0,1325901000.0,726995000.0,761237000.0,242471000.0,473092000.0,4.28,16490327000.0,10970724000.0,30215184000.0,12835834000.0,17379350000.0,7559388000.0,4044740000.0,864840000.0,,0.3185223524342616,495430842.392054,19244460000.0,0.0257440760817426,0.0272215013795107,0.0156574257499143,0.7385681282671677,0.2384043838036178,0.1307177496685733,0.085064576271095,0.1421522410183984,,,56.561036132141794,56.561036132141794,False,70.36009548044113,70.36009548044113,66.9103306433663,292.0,True,False,True,True,True,True,True,True,True,True,True,True,True,True,False,False,False,13,False,0.06198289057513806,0.1101316979452287,1.0,1417658413.05,0.09545875810936053,2.0,3.0,,,,,,0.037581050532638494,-0.005659126903242841,0.3002246771640059,-0.8867385330845358,0.6524509803921568,-0.8867385330845358,0.6258914114508987,-292.0,0.7941176470588235,0.6372549019607843,0.6862745098039216,0.7779411764705881,0.7254901960784312,京鼎
472.0,499.0,421.5,421.5,14792401.0,-0.10509554140127386,442.6,0.13306451612903225,424.9830322265625,1.3679775280898876,332.1193440755208,2.021505376344086,239.34717203776043,0.040966738385488755,48.058959761566214,7947096.5,1.8613591769019038,-0.00819569715128221,3532.TW,2026-07-23,-0.030783540264059717,0.1293478426725969,bull,0.04819277108433735,0.00463821892393321,2026-03-31,2026-05-15,3308768000.0,27622000.0,-105154000.0,-82202000.0,-13987000.0,-68215000.0,-0.18,9109304000.0,3626589000.0,51226148000.0,26972355000.0,24253793000.0,1958029000.0,0.0,20500000000.0,,0.1701540108513174,-87261625.14294055,47599559000.0,-0.0018332444034395,-0.0028125497731426,-0.0013316441439243,1.112088117516299,0.0083481223222661,-0.03178040890144,-0.0206164348784804,0.1086960163893446,,,17.44238091593533,17.44238091593533,False,76.26026825352236,76.26026825352236,61.5557964191256,901.0,True,True,True,True,False,True,True,False,True,True,True,True,True,True,False,False,False,12,False,0.26912210179529583,0.7610402346157754,1.0,3349701174.75,0.04911955514365153,2.0,3.0,,,,,,-0.15787734467015851,-0.29002254266529404,0.12045131984352649,-2.0311400282711434,0.01764705882352941,-2.0311400282711434,0.01740800476552807,-901.0,0.19607843137254902,0.39215686274509803,0.00980392156862745,0.16813725490196077,0.21764705882352942,台勝科
19.600000381469727,20.100000381469727,18.100000381469727,18.350000381469727,29018106.0,0.03672314070693439,18.640000534057616,0.06376813805621606,17.310000038146974,0.2440678224725239,17.61583333015442,0.616740067377298,18.036249971389772,0.013614415077095529,61.81818812346437,22930487.2,1.265481441667755,0.06008089780651926,3576.TW,2026-07-23,-0.030783540264059717,0.1293478426725969,bull,0.12882298424467098,0.1326530612244898,2026-03-31,2026-05-15,520029000.0,-237380000.0,-450612000.0,1756562000.0,10661000.0,1745834000.0,1.07,9492286000.0,6482798000.0,25509734000.0,12399640000.0,13110094000.0,6613378000.0,616197000.0,3678862000.0,,0.0060692420762831,-447877126.6895219,19026936000.0,-0.0235391093284552,0.1331671611202787,0.0684379539198644,0.9458086265437914,-0.4564745427658842,-0.8665132136861599,,-0.4687390816645519,,,39.4401659971228,39.4401659971228,False,74.12897285819511,74.12897285819511,65.45677114292704,523.0,True,False,True,True,True,False,True,True,True,True,True,True,True,True,False,False,False,12,False,0.04167654391112885,0.01739554566928514,1.0,420774448.8672867,0.20759962928637626,0.0,3.0,,,,,,-0.008812863122613309,-0.08099115741821847,0.08553029690806573,-0.1803943453330088,0.2852941176470588,-0.1803943453330088,0.24863780232934946,-523.0,0.5294117647058824,0.5882352941176471,0.13725490196078433,0.47058823529411764,0.46862745098039216,聯合再生
93.0,94.5,90.4000015258789,94.5,11361603.0,0.11307418494209154,85.56000213623047,0.2193548387096773,85.71000022888184,0.13038279575152223,81.26666679382325,0.5168539511599957,72.63118728001912,0.020235695438001196,57.553963810673835,10393736.05,1.0931202163826355,0.10255512481210083,3605.TW,2026-07-23,-0.030783540264059717,0.1293478426725969,bull,0.022242817423540315,0.22820037105751392,2026-03-31,2026-05-15,2821542000.0,693877000.0,147463000.0,143021000.0,35356000.0,107659000.0,0.67,7733924000.0,4283420000.0,15202980000.0,7237415000.0,7965565000.0,2596697000.0,794000000.0,2115835000.0,130740000.0,0.2472084519056642,111008900.05663504,10919560000.0,0.010166059809794,0.0135155509998349,0.007081440612301,0.9085877775148404,0.2459212019526911,0.0522632659730034,0.0381560862818983,0.0947751117457165,,,35.95481269053683,35.95481269053683,False,84.12103930580169,84.12103930580169,72.07948265198547,592.0,True,True,True,True,True,True,True,True,True,True,False,True,True,True,False,False,False,13,False,0.16283839030521885,0.301093972698929,1.0,982208056.725,0.1278962001853568,1.0,3.0,,,,,,0.023997068709876845,-0.06309888563138756,0.26012040427221406,-1.5322822001139311,0.4024509803921569,-1.5322822001139311,0.4452757831656132,-592.0,0.4411764705882353,0.803921568627451,0.4215686274509804,0.43823529411764706,0.5460784313725491,宏致
118.5,122.0,116.5,121.5,15109094.0,0.07048458149779746,113.4,0.13551401869158886,110.85,0.22110552763819102,111.475,0.9073783131049582,95.87666657765706,0.009562841530054619,62.365591397849464,13593511.85,1.111493053945438,0.09607577807848444,3702.TW,2026-07-23,-0.030783540264059717,0.1293478426725969,bull,0.04633920296570899,0.14471243042671614,2026-03-31,2026-05-15,316500457000.0,14203178000.0,8470625000.0,7205961000.0,1455173000.0,5548632000.0,3.3,434755950000.0,351739547000.0,479508376000.0,386867313000.0,92641063000.0,25004254000.0,131686606000.0,25757252000.0,5309644000.0,0.2019401714774754,6760065534.97861,127768829000.0,0.0529085661024459,0.0598938723317542,0.011571501724925,4.17598093622911,0.0448756950768004,0.0267633894759273,0.0175311974352062,0.2719338016357759,,,44.311414548255854,44.311414548255854,False,77.41011299772488,77.41011299772488,69.13543838535763,443.0,True,True,True,True,True,False,True,True,True,True,True,True,True,True,False,False,False,13,False,0.08993047768557982,0.2672530693543549,1.0,1651611689.7749999,0.08989805375347544,2.0,3.0,,,,,,0.09896504845199232,0.05342254650378925,0.3956465498987717,0.4115774007962617,0.9637254901960783,0.4115774007962617,0.9451453786963772,-443.0,0.6176470588235294,0.696078431372549,0.9901960784313726,0.6735294117647059,0.7156862745098038,大聯大
92.3000030517578,92.5,90.5999984741211,92.0,13938923.0,0.023359270728338988,90.24000091552735,0.07602339181286544,89.44500045776367,0.12195121951219523,87.34333368937175,0.10311748581266533,83.87000039418538,0.010849299049540954,53.424652523392446,19093680.65,0.7300280786879088,0.02856503470468219,3706.TW,2026-07-23,-0.030783540264059717,0.1293478426725969,bull,0.10750695088044486,0.23562152133580705,2026-03-31,2026-05-15,31863922000.0,2934046000.0,1186173000.0,1645175000.0,108264000.0,1460985000.0,1.1,82662619000.0,48216898000.0,135913012000.0,68280278000.0,67632734000.0,9782105000.0,1879510000.0,7968750000.0,,0.0658069810202562,1108114535.9022596,87696114000.0,0.0126358453682709,0.0216017439129401,0.0107494122784947,1.009574417027116,0.0920805040886052,0.0372262083744744,0.0458507587358517,0.3464486758783238,,,39.67324991044731,39.67324991044731,False,69.84762024712882,69.84762024712882,62.30402766295844,516.0,True,False,True,True,True,True,True,True,True,False,True,True,False,True,False,False,False,11,False,0.05331450167896312,0.0969357287183017,1.0,1756618619.8,0.08433734939759036,1.0,3.0,,,,,,0.03672052786713928,-0.007025470717090702,0.20241402668798478,-1.6532471617614959,0.40588235294117647,-1.6532471617614959,0.3623839511878094,-516.0,0.5490196078431373,0.43137254901960786,0.27450980392156865,0.5078431372549019,0.45882352941176474,神達
24.899999618530277,24.899999618530277,24.600000381469727,24.700000762939453,147089.0,-0.02371535542349701,24.88000030517578,0.06926408463409417,24.170000076293945,0.11261260874249546,23.531666660308836,0.06008590436570005,23.090833282470708,0.017470008709208437,64.9350906709312,242626.25,0.6062369591089175,0.021928038269446892,4106.TW,2026-07-23,-0.030783540264059717,0.1293478426725969,bull,0.11862835959221502,0.24768089053803338,2026-03-31,2026-05-15,583212000.0,288466000.0,58188000.0,61725000.0,15302000.0,46423000.0,0.46,1721731000.0,619160000.0,3208895000.0,728668000.0,2480227000.0,807797000.0,106264000.0,91028000.0,,0.2479060348319157,43762843.64520048,2589735000.0,0.0168985798335352,0.0187172383818094,0.0144669738336717,0.2937908505955302,0.4946160229899247,0.0997716096376617,0.0795988422734786,0.0484257757867525,,,56.47003550426275,56.47003550426275,False,72.70414050353529,72.70414050353529,68.64561425371716,294.0,True,False,True,True,True,True,True,True,True,False,True,True,False,True,False,False,False,11,False,0.0496494413037587,0.06968858424396207,1.0,5992868.5601091385,0.736793327154773,0.0,3.0,,,,,,0.05947074442140232,0.039697075857260136,0.1900997495303851,-1.225904522548535,0.615686274509804,-1.225904522548535,0.660636727405786,-294.0,0.7843137254901961,0.6666666666666666,0.7450980392156863,0.7784313725490196,0.7411764705882353,雃博
15.899999618530272,15.899999618530272,15.399999618530272,15.550000190734863,249497.0,-0.03715166823329086,15.829999923706055,0.03666667938232426,15.5625,0.2054264070208176,14.840833314259847,0.04713803308305731,14.306249960263568,0.012689115385357977,51.28205880612447,403867.0,0.6177702065283868,-0.0008032005953501065,4155.TW,2026-07-23,-0.030783540264059717,0.1293478426725969,bull,0.19091751621872105,0.15584415584415584,2026-03-31,2026-05-15,383779000.0,122643000.0,60100000.0,74753000.0,11183000.0,55352000.0,0.39,1271738000.0,511347000.0,3888106000.0,1297683000.0,2590423000.0,305794000.0,215000000.0,678514000.0,,0.1495993471833906,51109079.234278224,3376759000.0,0.0151355424637287,0.0213679387497717,0.0142362373865321,0.5009540912816169,0.3195667298106462,0.1566005435419864,0.1442288400355413,-0.0693423930703681,,,50.12101486575806,50.12101486575806,False,65.37637061733447,65.37637061733447,61.56253167944037,364.0,True,False,True,True,False,True,True,True,True,True,True,True,False,True,False,False,False,11,False,0.047784842094656055,0.08693754365580664,1.0,6280131.927031517,0.7303058387395737,0.0,3.0,,,,,,0.08438256474345857,0.06253210609368533,0.21039220472277043,-1.1431535660287977,0.7661764705882352,-1.1431535660287977,0.7947948089438721,-364.0,0.6764705882352942,0.4019607843137255,0.9019607843137255,0.7102941176470589,0.6392156862745099,訊映
26.299999237060547,26.700000762939453,25.600000381469727,26.700000762939453,49987.0,0.04093571773976268,26.190000534057617,0.1125000317891438,25.625,0.07228920369418934,25.00249999364217,-0.10702337446210719,26.603750006357828,0.018987977154199236,59.16666693157612,54709.2,0.9136854496135933,0.04195124928544214,4190.TW,2026-07-23,-0.030783540264059717,0.1293478426725969,bull,0.06580166821130677,0.3228200371057514,2026-03-31,2026-05-15,547291000.0,358277000.0,-2980000.0,-1118000.0,14477000.0,-15595000.0,-0.26,1622513000.0,3364541000.0,6747057000.0,5134925000.0,1612132000.0,755987000.0,400000000.0,918267000.0,0.0,0.0,-2980000.0,3382516000.0,-0.0008810010063514,-0.0096735254929497,-0.0023113781312355,3.185176524006719,0.6546371126146785,-0.0054450009227266,-0.0284948957684303,-0.0893812082993626,,,14.664956846451332,14.664956846451332,False,76.41434972377732,76.41434972377732,60.97700150444582,964.0,True,True,True,True,True,True,True,True,True,False,True,True,True,True,False,False,False,13,False,0.06789324146501086,0.0036179394468307535,1.0,1460735.6817398071,0.9110287303058388,0.0,3.0,,,,,,0.01201089579522969,-0.0554115422676665,0.20232876393850907,-1.2067318364877258,0.3656862745098039,-1.2067318364877258,0.3656862745098039,-964.0,0.11764705882352941,0.37254901960784315,0.28431372549019607,0.1426470588235294,0.22745098039215686,佐登-KY
52.70000076293945,53.20000076293945,52.0,52.5,63423.0,0.02941176470588225,51.86000061035156,0.11464971763950116,49.814999961853026,0.057401780192002594,48.308247820536295,-0.3110235944542109,55.218290615081784,0.02122874994952979,61.11111111111111,51492.2,1.2317011120130816,0.053899428690215245,4557.TW,2026-07-23,-0.030783540264059717,0.1293478426725969,bull,0.0639481000926784,0.35435992578849723,2026-03-31,2026-05-15,730462000.0,167992000.0,13627000.0,1451000.0,7135000.0,5153000.0,0.11,2969492000.0,2502190000.0,5521408000.0,2693000000.0,2828408000.0,1164370000.0,1445527000.0,91049000.0,,0.4,8176200.0,3019218000.0,0.0027080522174947,0.0018218729405375,0.0009332764396327,0.9521257187789032,0.2299804781083752,0.018655316772125,0.0070544395190988,-0.3271965802676432,,,17.877552606452653,17.877552606452653,False,80.52156372001072,80.52156372001072,64.8605609416212,894.0,True,True,True,True,True,True,True,True,True,False,True,True,True,True,False,False,False,13,False,0.08677094220092485,-0.04922808339053031,0.0,2703340.5,0.8443002780352178,1.0,3.0,,,,,,0.02749634009311206,-0.047795416883613606,0.2113430181221363,-1.1683551836109343,0.43676470588235294,-1.1683551836109343,0.3775704359413668,-894.0,0.20588235294117646,0.5588235294117647,0.3137254901960784,0.22205882352941175,0.3333333333333333,永新-KY
68.4000015258789,71.69999694824219,68.4000015258789,69.4000015258789,3004520.0,0.053110772670097006,66.8,0.10509557912420253,64.8899995803833,0.05792687713639033,65.07166646321615,0.16847322950183918,62.601662190755206,0.010590249608190888,51.85184994902175,1672741.25,1.7961654260633555,0.0695022649816599,4566.TW,2026-07-23,-0.030783540264059717,0.1293478426725969,bull,0.07228915662650602,0.3515769944341373,2026-03-31,2026-05-15,1354549000.0,296455000.0,38413000.0,65488000.0,22696000.0,40409000.0,0.37,5180146000.0,3777583000.0,10646601000.0,5592503000.0,5054098000.0,2044806000.0,832690000.0,976708000.0,0.0,0.3465673100415343,25100309.919374544,6869018000.0,0.0036541336650121,0.0079952941157848,0.0037954836477858,1.10652840526638,0.2188588231212012,0.0283585163770376,0.0298320695670662,0.0816066447931047,,,26.559226672275766,26.559226672275766,False,63.19904397162842,63.19904397162842,54.03908964679026,746.0,True,False,True,True,True,False,True,True,True,False,True,True,True,True,False,False,False,11,False,0.06651643177310507,0.10859678636660308,1.0,116088245.30240059,0.35032437442076,1.0,3.0,,,,,,0.011974384457362914,-0.05064852978545886,0.20518209072346427,-1.4729578707620117,0.3377450980392157,-1.4729578707620117,0.3685494226667333,-746.0,0.3235294117647059,0.08823529411764706,0.29411764705882354,0.31911764705882356,0.24705882352941178,時碩工業
84.69999694824219,90.4000015258789,84.69999694824219,87.19999694824219,29041286.0,0.04807692484037407,83.31999969482422,0.013953452886537043,82.9799991607666,0.05441354493418338,83.69175923665365,0.2546762150826214,79.47337951660157,0.0007839326008156206,60.11235786498626,12368347.85,2.3480327649420047,0.05085560171312742,4938.TW,2026-07-23,-0.030783540264059717,0.1293478426725969,bull,0.28637627432808155,0.3562152133580705,2026-03-31,2026-05-15,244105400000.0,10801479000.0,2829288000.0,3464858000.0,605203000.0,1561454000.0,0.58,455223337000.0,347425362000.0,623242706000.0,374551574000.0,248691132000.0,112291906000.0,50872952000.0,7687427000.0,2697039000.0,0.174668918610806,2335099324.60147,275817344000.0,0.0084661076447805,0.0062786878946692,0.0025053706765723,1.5060913953296895,0.0442492423354829,0.0115904359346413,0.0063966385012375,-0.1039816497152077,,,13.24211612714073,13.24211612714073,False,60.75502920672892,60.75502920672892,48.87680093683187,991.0,True,False,True,True,True,False,True,True,True,False,True,True,True,True,False,False,False,11,False,0.04191855618267448,0.09722271128569004,1.0,1078519894.7747977,0.11584800741427248,1.0,3.0,,,,,,0.007029525942125409,-0.06402366135375981,0.17067154237591628,-1.5533063107268257,0.21421568627450982,-1.5533063107268257,0.23683969057189022,-991.0,0.09803921568627451,0.029411764705882353,0.12745098039215685,0.10245098039215686,0.08333333333333334,和碩
55.20000076293945,55.79999923706055,53.79999923706055,54.09999847412109,461838.0,0.0018518235948350448,52.57999954223633,0.1154638860643522,51.76999931335449,0.13536194631051934,51.91333300272624,-0.14937107276607187,51.31708323160807,0.01251711265343943,56.44171491987026,548402.25,0.8421519058318963,0.045006745058340236,5258.TW,2026-07-23,-0.030783540264059717,0.1293478426725969,bull,0.06302131603336422,0.22356215213358072,2026-03-31,2026-05-15,1603796000.0,513081000.0,-24667000.0,-35975000.0,21238000.0,-66972000.0,-0.61,7950376000.0,4784173000.0,9668607000.0,5162525000.0,4506082000.0,2164530000.0,1657000000.0,127904000.0,,0.0,-24667000.0,4884434000.0,-0.0050501245384828,-0.0148625790653609,-0.0069267475656007,1.1456793285164362,0.3199166228123776,-0.0153803850365009,-0.0417584281292633,0.0169769242427029,,,22.965156464641765,22.965156464641765,False,66.20610760371042,66.20610760371042,55.395869818943254,810.0,True,False,True,True,True,False,True,True,True,True,True,True,True,True,False,False,False,12,False,0.04212146176936882,0.054229801603356,1.0,29668560.88820457,0.5347544022242817,1.0,3.0,,,,,,0.028071919030680653,-0.045662053891714176,0.21355289351970383,-1.684953961152081,0.3573529411764706,-1.684953961152081,0.2912205874606984,-810.0,0.28431372549019607,0.11764705882352941,0.18627450980392157,0.2696078431372549,0.21470588235294116,虹堡
196.0,198.5,194.5,197.5,138170.0,0.05333333333333323,191.9,0.08219178082191791,186.0,0.16176470588235303,172.525,0.2783171521035599,159.90416666666667,0.0097719869706841,62.88659793814433,168701.85,0.819018878571871,0.06182795698924726,5288.TW,2026-07-23,-0.030783540264059717,0.1293478426725969,bull,0.09823911028730306,0.18923933209647495,2026-03-31,2026-05-15,2061135000.0,478999000.0,298138000.0,346156000.0,100630000.0,249057000.0,3.59,4729511000.0,1996750000.0,8144719000.0,2033096000.0,6111623000.0,1527526000.0,170275000.0,,0.0,0.2907070800448352,211467172.5695929,6147969000.0,0.0343962652657475,0.0407513683353832,0.0305789555170657,0.3326605715044923,0.2323957431221147,0.1446474879132128,0.120834879811366,0.0892520430725782,,,70.01559901846518,70.01559901846518,False,80.37795320680151,80.37795320680151,77.78736465971743,163.0,True,True,True,True,True,True,True,True,True,True,True,True,True,True,True,False,False,14,False,0.14476162874945664,0.23511478229147675,1.0,33318615.375,0.5199258572752549,2.0,3.0,,,,,,0.03112041838226145,-0.023049221673027386,0.21910411696576304,-1.4514656269297197,0.44166666666666665,-1.4514656269297197,0.44989260702891104,-163.0,0.9117647058823529,0.9411764705882353,0.4411764705882353,0.8411764705882352,0.8264705882352942,豐祥-KY
87.9000015258789,89.30000305175781,87.69999694824219,89.0999984741211,5253622.0,0.02886836078579247,85.5,0.11097259182718688,83.40999984741211,0.157142837326248,83.47499974568684,0.12918984636424247,81.23791821797688,0.011582078836670208,67.28110842109481,4379241.4,1.1996648551961533,0.06821722379952178,5388.TW,2026-07-23,-0.030783540264059717,0.1293478426725969,bull,0.06765523632993513,0.19109461966604824,2026-03-31,2026-05-15,16646403000.0,2274636000.0,490201000.0,382940000.0,80658000.0,301579000.0,1.01,42315171000.0,32167536000.0,51409565000.0,35731734000.0,15677831000.0,4910695000.0,4793230000.0,,2861036000.0,0.210628296861127,386950798.25037867,19242029000.0,0.020109667138033,0.019236015492194,0.0058662040808942,2.2791248355719613,0.1366442948665847,0.0294478633011588,0.0181167667273224,0.466090584343525,,,33.75584177938652,33.75584177938652,False,68.56261050494015,68.56261050494015,59.86091832355174,616.0,True,False,True,True,True,False,True,True,True,True,True,True,True,True,False,False,False,12,False,0.06738542971633721,0.09677845553659736,1.0,390190402.057808,0.21316033364226136,1.0,3.0,,,,,,0.03980289187256215,-0.025449927154480377,0.1857938839955877,-1.4190712597482342,0.4142156862745098,-1.4190712597482342,0.4286090764157489,-616.0,0.43137254901960786,0.3333333333333333,0.39215686274509803,0.4254901960784314,0.3941176470588235,中磊
571.0,574.0,542.0,559.0,1101692.0,-0.06208053691275173,555.4,0.10693069306930703,534.1958129882812,0.3518742442563483,475.64027099609376,0.6888217522658611,411.61180216471354,0.029882639519880197,56.083429142780616,2183942.1,0.5044511024353622,0.046432761936048506,5434.TW,2026-07-23,-0.030783540264059717,0.1293478426725969,bull,0.06950880444856349,0.09183673469387756,2026-03-31,2026-05-15,18536692000.0,2517460000.0,1430469000.0,1720554000.0,385901000.0,1322921000.0,6.86,26594173000.0,20377745000.0,43809103000.0,24343457000.0,19465646000.0,6619207000.0,553886000.0,2499050000.0,0.0,0.2242888046524549,1109630817.8976076,23431358000.0,0.0473566584530699,0.0679618338893042,0.0301973998417634,1.25058562145844,0.1358095608428947,0.07716959422965,0.0713676960268854,0.1762262681445767,,,65.82773904429318,65.82773904429318,False,79.02535781917867,79.02535781917867,75.7259531254573,203.0,True,True,True,True,True,True,True,True,True,True,True,True,False,True,True,False,False,13,False,0.17525792933666628,0.35807573315477126,1.0,1220823633.9,0.10658016682113068,3.0,3.0,,,,,,0.051172237089920386,-0.014525917057933761,0.25304531449115547,-1.1836795538707139,0.5955882352941176,-1.1836795538707139,0.6078165025084624,-203.0,0.8725490196078431,0.8921568627450981,0.6568627450980392,0.8401960784313726,0.8352941176470587,崇越
42.45000076293945,43.150001525878906,42.0,43.150001525878906,299825.0,0.029832934474428585,42.73000030517578,0.08145363097021607,41.395000267028806,0.05759809639123081,40.659332211812334,0.2747416091870085,38.30924948056539,0.024364170372614895,64.94844266163278,482426.75,0.6214933147882036,0.04239645482616328,5515.TW,2026-07-23,-0.030783540264059717,0.1293478426725969,bull,0.10009267840593142,0.3525046382189239,2026-03-31,2026-05-15,2015280000.0,391103000.0,268702000.0,476647000.0,82479000.0,394168000.0,1.96,9114211000.0,5142167000.0,11530797000.0,5836747000.0,5694050000.0,2270517000.0,100000000.0,,,0.1730400065457246,222205804.1611507,6388630000.0,0.0347814483169553,0.0692245414072584,0.0341839336864572,1.02506072127923,0.1940688142590607,0.1333323409154063,0.1955896947322456,0.3881614203981094,,,76.63848749386133,76.63848749386133,False,72.33048308160392,72.33048308160392,73.40748418466828,104.0,True,False,True,True,True,True,True,True,True,False,True,True,False,True,True,False,False,11,False,0.06125701477563816,0.12635987681693606,1.0,20816714.9986248,0.5699721964782206,1.0,3.0,,,,,,0.07291594914362648,0.024186268303311463,0.23216104978513646,-0.8916074078046361,0.7715686274509804,-0.8916074078046361,0.7373144689599537,-104.0,0.9509803921568627,0.8431372549019608,0.8431372549019608,0.9348039215686273,0.8970588235294117,建國
45.0,45.09999847412109,44.29999923706055,44.79999923706055,17547436.0,-0.0033370750463386223,45.24000015258789,0.06666664850144155,43.55000019073486,0.1516708863689007,41.51499996185303,0.14285710115126982,40.51791664759318,0.019786911931378295,76.415052919859,13155620.35,1.3338356940347553,0.028702618618854148,5876.TW,2026-07-23,-0.030783540264059717,0.1293478426725969,bull,0.12233549582947173,0.19851576994434136,2026-03-31,2026-05-15,,,,,1276742000.0,5109024000.0,,,,2488960189000.0,2207968500000.0,280991689000.0,30954201000.0,,,,,,2488960189000.0,,0.0181821178348089,0.0020526740534378,7.857771551385635,,,,,,,9.85663137943466,9.85663137943466,False,71.54088987836812,71.54088987836812,56.11982525363476,1040.0,True,False,True,True,True,True,True,False,True,True,True,True,True,True,False,False,False,12,False,0.07912800862883329,0.10568368128872496,1.0,589371781.6430582,0.18164967562557924,1.0,3.0,,,,,,0.012605295980818741,-0.0797185724708415,0.2221489392632858,-1.2329596016797728,0.36911764705882355,-1.2329596016797728,0.4055841946264672,-1040.0,0.058823529411764705,0.16666666666666666,0.3431372549019608,0.10147058823529412,0.1480392156862745,上海商銀
64.69999694824219,64.69999694824219,63.900001525878906,64.30000305175781,316346.0,-0.013803588015484425,64.28000106811524,0.043831244229186606,63.25500049591064,0.14821434020996094,60.191666730244954,0.25341138417221853,57.12583335240682,0.010140536870696796,65.00002384188062,387337.3,0.8167196910806164,0.016520473443277117,6024.TW,2026-07-23,-0.030783540264059717,0.1293478426725969,bull,0.17330861909175163,0.20593692022263452,2026-03-31,2026-05-15,,,-200365000.0,528439000.0,90392000.0,441039000.0,1.76,83604913000.0,73607565000.0,84532833000.0,73635548000.0,10897285000.0,7933176000.0,,,,0.1710547480409281,-166091615.40877944,10925268000.0,-0.0152025209275213,0.040472374540998,0.0052173692084825,6.757237972577573,,,,,,,16.995424717797373,16.995424717797373,False,71.58455360653176,71.58455360653176,57.93727138434816,916.0,True,False,True,True,True,True,True,True,True,True,True,True,True,True,False,False,False,13,False,0.06825423758283322,0.12558538367561045,1.0,24905789.57205963,0.5560704355885079,1.0,3.0,,,,,,0.04840360658887616,-0.0010214052074104811,0.2928052804895799,-0.9917889664845266,0.6735294117647059,-0.9917889664845266,0.6341151567926733,-916.0,0.14705882352941177,0.2549019607843137,0.7058823529411765,0.23088235294117648,0.2911764705882353,群益期
48.59999847412109,48.70000076293945,47.70000076293945,48.5,785450.0,0.01041666666666674,47.83999938964844,0.05434782608695654,46.327499580383304,0.07777777777777772,45.713333447774254,-0.04715130557822644,46.42541659673055,0.0053165452272046975,72.8682202635512,1216521.0,0.6456526438918851,0.04689440266136469,6177.TW,2026-07-23,-0.030783540264059717,0.1293478426725969,bull,0.1464318813716404,0.31261595547309834,2026-03-31,2026-05-15,4844225000.0,2424809000.0,2089752000.0,2073933000.0,400120000.0,1667275000.0,3.53,41652029000.0,29793350000.0,46628913000.0,33629226000.0,12999687000.0,696289000.0,19529640000.0,800533000.0,2371735000.0,0.1929281225574789,1686580070.0292633,16835563000.0,0.1001796061129208,0.1282550110629586,0.0357562484890008,2.586925823675601,0.5005566421873467,0.4313903668801511,0.3441778612677982,7.245531466543658,,,87.89986336679576,87.89986336679576,False,66.6995115604704,66.6995115604704,71.99959951205173,43.0,True,False,True,True,True,True,True,False,True,False,True,True,False,True,True,False,False,10,False,0.06095960066901274,0.04468637128860031,1.0,59001268.5,0.43466172381835033,1.0,2.0,,,,,,0.03881085086062347,0.01934625782756308,0.36062296699275104,-0.45279418770821434,0.7387254901960785,-0.45279418770821434,0.7445634755681195,-43.0,0.9901960784313726,0.7941176470588235,0.8529411764705882,0.9696078431372549,0.9039215686274511,達麗
143.5,143.5,139.0,141.0,813790.0,0.0071428571428571175,139.7,0.08880308880308885,137.0,0.12350597609561742,133.71968104044598,0.20512820512820507,123.95984052022298,0.013704454302591627,62.71186440677966,1514638.3,0.5372833897043274,0.029197080291970767,6214.TW,2026-07-23,-0.030783540264059717,0.1293478426725969,bull,0.08526413345690455,0.23283858998144713,2026-03-31,2026-05-15,11968686000.0,2441124000.0,591731000.0,895921000.0,121622000.0,718327000.0,2.64,28637858000.0,16986250000.0,37839475000.0,17932964000.0,19906511000.0,4485498000.0,2337560000.0,448042000.0,0.0,0.1357508083860072,511403038.4029395,20853225000.0,0.0245239303946003,0.0360850276575337,0.0189835350516887,0.9008592213874144,0.203959231614899,0.0494399301644307,0.0600171982120677,0.2168964026850304,,,53.24611007538207,53.24611007538207,False,77.15212970799907,77.15212970799907,71.17562479984483,322.0,True,True,True,True,True,True,True,True,True,False,True,True,False,True,False,False,False,12,False,0.05444463300321489,0.1374651613640714,1.0,213564000.3,0.27710843373493976,2.0,3.0,,,,,,0.006812951703309118,-0.05292699386760475,0.19091380025561147,-1.0555954025111554,0.36372549019607847,-1.0555954025111554,0.36027289368080695,-322.0,0.7352941176470589,0.7450980392156863,0.2647058823529412,0.6647058823529411,0.6441176470588236,精誠
26.450000762939453,27.0,25.350000381469727,25.350000381469727,27203.0,-0.007827744092481992,25.61999969482422,0.17906978518463834,23.71999979019165,0.38147138171554307,24.341666539510094,0.4868036079654463,21.863333209355673,0.03966688270883867,59.33332841661367,24625.1,1.1046858692959622,0.06871840664821982,6225.TW,2026-07-23,-0.030783540264059717,0.1293478426725969,bull,0.030583873957367932,0.08163265306122448,2026-03-31,2026-05-15,6077000.0,806000.0,-9048000.0,-3081000.0,0.0,-3081000.0,-0.11,98414000.0,17953000.0,120780000.0,37244000.0,83536000.0,54546000.0,,18622000.0,,-0.0,-9048000.0,102827000.0,-0.087992453343966,-0.03688230224095,-0.0255091902632886,0.4458437081018961,0.1326312325160441,,-0.5069935823597169,-0.3481711895312668,,,17.320265078618256,17.320265078618256,False,76.78872627135932,76.78872627135932,61.921610973174054,904.0,True,True,True,True,True,False,True,True,True,True,True,True,True,True,False,False,False,13,False,0.0414241909165487,0.159475553829187,1.0,624246.2943937301,0.9647822057460612,0.0,3.0,,,,,,0.06802292629735017,-0.06221071157105071,0.30417785281124315,-1.1638954093972773,0.6583333333333333,-1.1638954093972773,0.6963373325087611,-904.0,0.18627450980392157,0.4215686274509804,0.803921568627451,0.278921568627451,0.3803921568627451,天瀚
51.70000076293945,52.0,46.79999923706055,47.5,2610696.0,-0.009384791569956752,49.32999954223633,0.07466061493436693,42.83499984741211,0.3970588235294117,37.171666558583574,0.31034482758620685,34.882499885559085,0.05161725322973246,60.13698839161495,2322208.1,1.1242299947192502,0.10890627218876325,6243.TW,2026-07-23,-0.030783540264059717,0.1293478426725969,bull,0.11214087117701575,0.07699443413729128,2026-03-31,2026-05-15,90026000.0,53797000.0,-16222000.0,-1659000.0,-162000.0,,-0.03,918796000.0,84467000.0,1150484000.0,381040000.0,769444000.0,591361000.0,,,291585000.0,0.0976491862567811,-14637934.900542496,1066017000.0,-0.0137314272666782,,,0.4952147264778203,0.5975718125874747,-0.1801923888654388,,-0.455927768074601,,,38.55396498905318,38.55396498905318,False,88.86278386255343,88.86278386255343,76.28557914417836,549.0,True,True,True,True,True,True,True,True,True,True,True,True,True,True,False,False,False,14,False,0.27785500080117975,0.3617143311355504,1.0,110304884.75,0.3540315106580167,1.0,3.0,,,,,,0.07309316157942956,-0.020914445522699623,0.4190020839782872,-1.152107164444299,0.7612745098039215,-1.152107164444299,0.6004211977776961,-549.0,0.5196078431372549,0.9019607843137255,0.6372549019607843,0.5372549019607844,0.657843137254902,迅杰
79.69999694824219,79.69999694824219,76.5,77.4000015258789,498028.0,0.07656035874546063,77.82000122070312,0.0870787197103915,71.98077507019043,0.09014086656167475,73.09692497253418,0.2814569465319665,68.38596245447795,0.022660835467768994,65.36827703614362,679538.25,0.7328917835015174,0.0752871367445549,6277.TW,2026-07-23,-0.030783540264059717,0.1293478426725969,bull,0.0871177015755329,0.2912801484230056,2026-03-31,2026-05-15,1293181000.0,778857000.0,186537000.0,183859000.0,52118000.0,128893000.0,1.08,3416718000.0,1638244000.0,7019344000.0,2304220000.0,4715124000.0,897714000.0,266856000.0,200000000.0,,0.2834672221648111,133659874.77904265,5381100000.0,0.0248387643379685,0.0273360785421549,0.01836254214069,0.4886870419526612,0.6022799592632431,0.1442466290488338,0.0996712757146911,0.0734456101555489,,,66.12491163281756,66.12491163281756,False,66.52475215293443,66.52475215293443,66.42479202290521,199.0,True,False,True,True,True,False,True,True,True,False,True,True,False,True,True,False,False,10,False,0.058868092672319516,0.13181124821342216,1.0,52596261.58689308,0.44670991658943465,1.0,3.0,,,,,,0.05146587958255382,-0.0030276637519398185,0.276870200274703,-1.1142804514763038,0.6549019607843137,-1.1142804514763038,0.6940577391714473,-199.0,0.8823529411764706,0.6274509803921569,0.7941176470588235,0.8691176470588236,0.788235294117647,宏正
107.5,108.5,104.5,106.5,1523880.0,0.12223391240892467,98.72000122070312,0.31157640397307307,91.66000061035156,0.3379397241398745,88.00166714986166,0.22695848220760206,84.85750026702881,0.04628732024629806,74.39999780273473,1034016.25,1.473748599212053,0.1619026760945983,6416.TW,2026-07-23,-0.030783540264059717,0.1293478426725969,bull,0.010194624652455977,0.09833024118738404,2026-03-31,2026-05-15,1057732000.0,271486000.0,132488000.0,135818000.0,38070000.0,99022000.0,1.35,4240170000.0,1810116000.0,6158927000.0,2539091000.0,3619836000.0,356630000.0,274239000.0,208323000.0,,0.2803015800556627,95351404.26158535,4348811000.0,0.0219258561159786,0.0273553829510508,0.016077800564936,0.7014381314512591,0.2566680406757099,0.1252566812765426,0.0936172867985463,-0.046140444062884,,,49.20522556408967,49.20522556408967,False,86.18381022417549,86.18381022417549,76.93916405915404,383.0,True,True,True,True,True,True,True,False,True,True,False,True,True,False,False,False,False,11,False,0.21020434554537215,0.25504521892427623,1.0,110122730.625,0.35495829471733087,2.0,3.0,,,,,,0.043416144901746376,-0.026170068066021502,0.30953083490750405,-1.2301024683379376,0.5985294117647059,-1.2301024683379376,0.6538031406419768,-383.0,0.6666666666666666,0.9215686274509803,0.7254901960784313,0.6754901960784313,0.7549019607843137,瑞祺電通
40.650001525878906,40.95000076293945,38.20000076293945,38.5,3957360.0,-0.060975609756097615,40.019999694824214,0.23794210700201157,37.61666593551636,0.1719939661589307,34.96388861338298,0.05624140450347759,35.21819429397583,0.057935688998522486,53.779173531129764,6786931.45,0.5830853058048788,0.0234825187856329,6477.TW,2026-07-23,-0.030783540264059717,0.1293478426725969,bull,0.018535681186283594,0.1790352504638219,2026-03-31,2026-05-15,225003000.0,55733000.0,28969000.0,2480000.0,2731000.0,-1883000.0,-0.02,1126619000.0,970864000.0,8000687000.0,4658638000.0,3342049000.0,436913000.0,100000000.0,2224579000.0,625813000.0,0.4,17381400.0,7029823000.0,0.0024725231346507,-0.0005634268079253,-0.0002353547889075,1.3939466477002582,0.2476989195699613,0.1287493944525184,-0.0083687773051914,0.5421093032500377,,,38.3258266980446,38.3258266980446,False,73.90178434731843,73.90178434731843,65.00779493499996,554.0,True,False,True,True,True,True,True,True,True,True,True,True,False,True,False,False,False,12,False,0.10113610147080498,0.09318495089867618,1.0,261296860.82500002,0.24837812789620017,1.0,3.0,,,,,,0.02525489727621298,-0.042336816520321154,0.2224635097652412,-1.6680685740477703,0.37254901960784315,-1.6680685740477703,0.3700674669548713,-554.0,0.5098039215686274,0.5686274509803921,0.30392156862745096,0.47892156862745094,0.4862745098039215,安集
28.0,29.700000762939453,28.0,28.350000381469727,1414886.0,0.12499998107789123,27.440000152587892,0.23799130365615384,24.432500076293945,0.29452058791279145,24.09250005086263,0.18619250351323213,23.914166593551634,0.04211985484267481,71.54471809467363,484345.95,2.9212301661653206,0.16033972343979674,6598.TW,2026-07-23,-0.030783540264059717,0.1293478426725969,bull,0.017608897126969416,0.11317254174397032,2026-03-31,2026-05-15,217115000.0,140181000.0,17966000.0,20979000.0,0.0,20979000.0,0.2,947351000.0,157433000.0,1089898000.0,414395000.0,675503000.0,434793000.0,,,,0.0,17966000.0,932465000.0,0.0192672111017571,0.0310568568903468,0.0192485902350495,0.613461376189299,0.6456532252492918,0.0827487736913617,0.0966262119153444,0.8094876945002376,,,67.77168793520316,67.77168793520316,False,81.64241954259165,81.64241954259165,78.17473664074453,181.0,True,True,True,True,True,True,True,True,True,True,False,True,True,False,True,False,False,12,False,0.1767147586020097,0.18548979202621263,1.0,13731207.867263317,0.6367006487488415,0.0,3.0,,,,,,0.05907175117641949,0.021018800963083548,0.28710935514533925,-0.7332497466697404,0.7764705882352941,-0.7332497466697404,0.7332257905954563,-181.0,0.8921568627450981,0.9509803921568627,0.8333333333333334,0.8833333333333333,0.8980392156862746,ABC-KY
5470.0,5675.0,5410.0,5470.0,2384854.0,0.06940371456500483,5055.0,0.20352035203520358,4976.25,0.1395833333333334,4779.434079996745,0.4904632152588555,4308.8420399983725,0.016436517403982904,55.01222493887531,1535428.45,1.5532172795156949,0.09922130118060779,6669.TW,2026-07-23,-0.030783540264059717,0.1293478426725969,bull,0.025949953660797033,0.21706864564007422,2026-03-31,2026-05-15,276507734000.0,20881168000.0,17458392000.0,17934386000.0,3819977000.0,14114409000.0,75.95,395619318000.0,257883938000.0,432576398000.0,292412129000.0,140164269000.0,70996229000.0,72191879000.0,9594000000.0,18686968000.0,0.2129973671805658,13739800468.793749,174692460000.0,0.0786513651979813,0.1006990519102982,0.0326287080507799,2.086210209536355,0.0755174826321494,0.0631388921656708,0.0510452593705751,0.6202705683581411,,,65.40144535951697,65.40144535951697,False,85.02028760893937,85.02028760893937,80.11557704658377,208.0,True,True,True,True,True,True,True,True,True,True,True,True,True,True,True,False,False,14,False,0.14448696403062966,0.2694826009453961,1.0,8398793621.5,0.021316033364226137,3.0,3.0,,,,,,0.06811052154643404,-0.08553416664976961,0.27600597509451624,-0.49393269786675575,0.6642156862745099,-0.49393269786675575,0.5787968835595657,-208.0,0.8627450980392157,0.9705882352941176,0.6078431372549019,0.8245098039215687,0.8441176470588235,緯穎
200.0,200.0,182.5,190.5,14245326.0,-0.21604938271604934,204.9,0.37545126353790614,210.1,0.31833910034602075,161.8154401143392,0.25742574257425743,154.01605339050292,0.08620912498384377,46.391752577319586,14276811.85,0.9977946161698559,-0.09328891004283668,8033.TW,2026-07-23,-0.030783540264059717,0.1293478426725969,bull,0.008341056533827619,0.1038961038961039,2026-03-31,2026-05-15,375050000.0,143311000.0,-2634000.0,51909000.0,1188000.0,51587000.0,0.34,1888108000.0,862133000.0,3872200000.0,1760802000.0,2111398000.0,325588000.0,470000000.0,714045000.0,,0.0228862047043865,-2573717.736808646,3010067000.0,-0.0008550366941362,0.0244326271029905,0.013322400702443,0.8339507757419492,0.3821117184375416,-0.0070230635915211,0.1375469937341688,0.1184905075182363,,,41.48554379538239,41.48554379538239,False,72.15236570658257,72.15236570658257,64.48566022878252,490.0,True,False,True,True,False,True,True,False,True,True,True,True,True,True,False,False,False,11,False,0.17726713758212576,0.23688405076185903,1.0,2719732657.4249997,0.05838739573679333,2.0,3.0,,,,,,0.009459065468898539,-0.09209729304713657,0.2844376701556914,-1.4246816872352366,0.3897058823529412,-1.4246816872352366,0.36014409474747533,-490.0,0.5784313725490197,0.5294117647058824,0.2549019607843137,0.5299019607843137,0.49901960784313726,雷虎
1280.0,1310.0,1175.0,1230.0,19025100.0,-0.03529411764705881,1196.0,0.17703349282296643,1188.25,0.3197424892703862,987.6152150472005,2.601756954612006,765.8242741902669,0.05978042407165693,51.99999999999999,17566845.8,1.083011726555942,0.03513570376604247,8046.TW,2026-07-23,-0.030783540264059717,0.1293478426725969,bull,0.03151065801668211,0.10296846011131726,2026-03-31,2026-05-15,11177241000.0,1771445000.0,1352237000.0,1598197000.0,289571000.0,1308626000.0,2.03,25923065000.0,8163676000.0,62161816000.0,15455246000.0,46706570000.0,9657576000.0,,,,0.1811860490289995,1107230520.6191726,53998140000.0,0.0205049751828335,0.0280180282988025,0.0210519267969906,0.3309008989527597,0.1584867857819295,0.1209812868846614,0.1170795189975773,0.3214942908705003,,,61.16068715346135,61.16068715346135,False,75.10020845851967,75.10020845851967,71.6153281322551,249.0,True,True,True,True,True,True,True,True,True,True,True,True,True,True,True,False,False,14,False,0.2454243122826083,0.6061125788948418,1.0,21607220334.0,0.006487488415199258,3.0,3.0,,,,,,-0.22448106918283225,-0.29178753095332366,0.1946045327493164,-1.650739653494508,0.1411764705882353,-1.650739653494508,0.1468980425037985,-249.0,0.8333333333333334,0.7647058823529411,0.049019607843137254,0.7156862745098039,0.6558823529411764,南電
103.0,108.0,95.6999969482422,98.1999969482422,76641879.0,-0.1983673718510841,103.13999938964844,0.03598597379592405,107.14849967956543,0.43777441523430305,96.35109049479166,0.3695955526906016,79.19554538726807,-0.000557724668663509,46.12756103906442,71335026.7,1.0743933596929598,-0.08351496062086083,8150.TW,2026-07-23,-0.030783540264059717,0.1293478426725969,bull,0.1936978683966636,0.06307977736549165,2026-03-31,2026-05-15,6935628000.0,955465000.0,519677000.0,598149000.0,93257000.0,504892000.0,0.72,24338841000.0,9986027000.0,44831224000.0,20223938000.0,24607286000.0,12386933000.0,2903639000.0,9181032000.0,,0.1559093135656834,438654515.6541263,34845197000.0,0.0125886651079667,0.0205179880463046,0.0112620614596648,0.8218678809194968,0.1377618580465965,0.0749286149718525,0.0727968685748428,0.2536536129791198,,,43.57847362995483,43.57847362995483,False,58.2320141780708,58.2320141780708,54.5686290410418,456.0,True,False,True,True,False,True,False,False,True,True,True,True,True,True,False,False,False,10,False,0.019189263390334776,0.23996869354257133,1.0,7005099404.242776,0.025949953660797033,1.0,3.0,,,,,,0.04240710851454533,-0.03581587851011775,0.25827364928136193,-1.4620208362395184,0.4965686274509804,-1.4620208362395184,0.47315489385513787,-456.0,0.5980392156862745,0.09803921568627451,0.47058823529411764,0.5789215686274509,0.42254901960784313,南茂
23.299999237060547,24.700000762939453,23.299999237060547,24.549999237060547,1742160.0,0.0358649133653306,24.00999984741211,0.044408119613907227,23.747500228881837,0.3676879216488842,19.687929550806682,0.05818958748818792,19.3652148326238,0.012415071846660256,51.63043050098995,1453317.9,1.1987466747640005,0.03379298875435777,8476.TW,2026-07-23,-0.030783540264059717,0.1293478426725969,bull,0.1686746987951807,0.08534322820037106,2026-03-31,2026-05-15,326235000.0,40113000.0,7631000.0,5876000.0,4616000.0,225000.0,0.0,3433683000.0,2155428000.0,4156186000.0,2316566000.0,1839620000.0,171630000.0,939067000.0,115449000.0,,0.4,4578600.0,2000758000.0,0.0022884326840127,0.0001223078679292,5.413617196150509e-05,1.259263326121699,0.1229573773506828,0.0233911137676828,0.0006896868821555,0.38142099178943,,,25.567050268345977,25.567050268345977,False,72.27848301703177,72.27848301703177,60.60062482986033,758.0,True,False,True,True,True,True,True,True,True,True,True,True,True,True,False,False,False,13,False,0.24695688156069462,0.2677369938443517,1.0,35678953.336206436,0.5088044485634847,0.0,3.0,,,,,,0.03150200909759752,-0.030671735238641983,0.23164257897588544,-1.5724678148881588,0.43235294117647055,-1.5724678148881588,0.3863777909249061,-758.0,0.3137254901960784,0.35294117647058826,0.3333333333333333,0.31666666666666665,0.32941176470588235,台境*
80.69999694824219,80.69999694824219,77.80000305175781,78.0999984741211,2285254.0,-0.07244654032316378,80.32000122070312,0.07280213187072526,77.18000030517578,0.3798586674844229,70.21833349863688,-0.13125698388738094,70.88999999364218,0.026398034801088103,53.33333559389621,4239803.55,0.5389999732416848,0.011920162805229007,9914.TW,2026-07-23,-0.030783540264059717,0.1293478426725969,bull,0.11584800741427248,0.08348794063079777,2026-03-31,2026-05-15,5323065000.0,883503000.0,277586000.0,414150000.0,86163000.0,325661000.0,1.09,16669153000.0,11726544000.0,36194817000.0,15729956000.0,20464861000.0,3921684000.0,5780249000.0,308878000.0,,0.2080478087649402,219834840.9561753,24468273000.0,0.0089844853764781,0.0159131791806453,0.0089974484468314,0.7686324378162158,0.1659763688777048,0.0521477757645266,0.0611792266297706,-0.2965963236341542,,,27.385384545181456,27.385384545181456,False,71.91219215545564,71.91219215545564,60.7804902528871,724.0,True,False,True,True,True,True,True,True,True,True,True,True,False,True,False,False,False,12,False,0.1122451158092097,0.10170684837248634,1.0,331128650.7855732,0.22520852641334568,1.0,3.0,,,,,,0.0568877935865074,0.009781892655568567,0.21991213385476957,-1.6959944379794036,0.5416666666666666,-1.6959944379794036,0.4508699728988065,-724.0,0.35294117647058826,0.3627450980392157,0.45098039215686275,0.3676470588235294,0.37549019607843137,美利達
87.19999694824219,87.80000305175781,84.5,85.5,1923040.0,-0.02840909090909094,85.03999938964844,0.1476510067114094,79.40499916076661,0.3093414395743803,74.04000002543131,-0.109375,75.80333340962729,0.03506485286275131,66.08996558061786,2646715.0,0.7265761519468473,0.0767584019098495,9921.TW,2026-07-23,-0.030783540264059717,0.1293478426725969,bull,0.04077849860982391,0.10667903525046382,2026-03-31,2026-05-15,12523541000.0,2458803000.0,-191441000.0,-170563000.0,-23472000.0,-199773000.0,-0.51,48200680000.0,28731484000.0,72341005000.0,34909460000.0,37431545000.0,13787267000.0,9060327000.0,1863857000.0,,0.1376148402643011,-165095877.36496192,43609521000.0,-0.0037857759860504,-0.0053370225567766,-0.0027615458203822,0.9326214026164296,0.1963344871869705,-0.0152864912567459,-0.0159517982973026,-0.2568048701835493,,,14.870530982450036,14.870530982450036,False,81.85068534113351,81.85068534113351,65.10564675146264,959.0,True,True,True,True,True,True,True,True,True,True,True,True,False,True,False,False,False,13,False,0.1547811989550567,0.12791873594758307,1.0,226294132.5,0.2715477293790547,1.0,3.0,,,,,,0.023286868226946176,-0.06160481864487908,0.27171329645737535,-1.5014999100660202,0.4102941176470588,-1.5014999100660202,0.40823962234323813,-959.0,0.12745098039215685,0.5784313725490197,0.3627450980392157,0.16274509803921566,0.30980392156862746,巨大
10.75,10.850000381469728,10.550000190734863,10.649999618530272,1485720.0,-0.013888941625508022,10.760000038146973,0.0441176291843044,10.473500061035157,0.1390373458847063,10.087218936284383,-0.013888941625508022,9.906859469413757,0.015373219430431309,53.1914807272597,1122514.85,1.323563781806539,0.016852012838740604,9934.TW,2026-07-23,-0.030783540264059717,0.1293478426725969,bull,0.17238183503243745,0.2189239332096475,2026-03-31,2026-05-15,4675859000.0,1599481000.0,215608000.0,179015000.0,65010000.0,114005000.0,0.28,10184466000.0,6401709000.0,16132102000.0,9818930000.0,6313172000.0,2756002000.0,2012873000.0,1745714000.0,,0.3631539256486886,137309108.39873755,9730393000.0,0.0141113630660896,0.0180582756180252,0.0070669649869558,1.5553084883478543,0.3420721197965978,0.0461108857217465,0.0243816162976685,0.0629297965528301,,,37.04526496126525,37.04526496126525,False,69.7800133451349,69.7800133451349,61.59632624916749,573.0,True,False,True,True,True,True,True,True,True,True,True,True,True,True,False,False,False,13,False,0.055791461036057255,0.07501268705898889,1.0,11954782.724294566,0.6626506024096386,0.0,3.0,,,,,,0.06847664021523793,0.043922468253979385,0.18705290581465542,-0.9535826401904061,0.7004901960784314,-0.9535826401904061,0.7649767787450041,-573.0,0.46078431372549017,0.4117647058823529,0.8921568627450981,0.5254901960784313,0.5323529411764706,成霖
47.54999923706055,47.59999847412109,46.70000076293945,46.900001525878906,2019163.0,0.00643783393951014,46.81999969482421,0.055118126454165584,45.77750015258789,0.07940162721198663,44.834166590372725,-0.1184210365923396,46.69708337783813,0.015022172039640317,57.24637520911725,1728864.1,1.1679130823527424,0.02452080977662474,9938.TW,2026-07-23,-0.030783540264059717,0.1293478426725969,bull,0.14365152919369786,0.3116883116883117,2026-03-31,2026-05-15,4039116000.0,1284918000.0,520713000.0,425166000.0,129637000.0,260126000.0,0.87,14032321000.0,11813151000.0,35752846000.0,19207493000.0,16545353000.0,5015670000.0,8240072000.0,4051483000.0,952978000.0,0.3049091413706646,361942846.2694571,23939695000.0,0.0151189414179861,0.0157219975905016,0.0072756725436626,1.1608995589275128,0.3181186180342431,0.1289175651305879,0.0644017156229234,-0.0496369830476012,,,40.748148756108165,40.748148756108165,False,72.17022862088092,72.17022862088092,64.31470865468773,498.0,True,False,True,True,True,True,True,True,True,False,True,True,True,True,False,False,False,12,False,0.046077246274714545,0.004345413746698279,1.0,81083728.92803727,0.3901760889712697,1.0,3.0,,,,,,0.05407100094311221,0.018969547389428427,0.15977597759477347,-1.7106945902190807,0.4299019607843137,-1.7106945902190807,0.4189105660612869,-498.0,0.5686274509803921,0.5,0.38235294117647056,0.5406862745098039,0.5107843137254902,百和
131.5,132.0,129.0,130.0,1668524.0,0.03585657370517925,129.7,0.06338273755452217,124.63013763427735,0.1504424778761062,123.79694137573242,0.1063829787234043,121.1984706878662,0.008001511750377152,73.52941176470588,2074349.3,0.8043601914103858,0.04308638719055513,9939.TW,2026-07-23,-0.030783540264059717,0.1293478426725969,bull,0.13067655236329936,0.2012987012987013,2026-03-31,2026-05-15,6859793000.0,1532311000.0,905992000.0,852810000.0,177064000.0,664457000.0,2.25,15830282000.0,15334754000.0,47767359000.0,28356250000.0,19411109000.0,3417062000.0,3186314000.0,8601830000.0,3723183000.0,0.2076242070332196,717886129.4215593,32432605000.0,0.0221347045487576,0.0342307593038604,0.0139102729125133,1.4608258600783706,0.2233756907825061,0.1320727899515335,0.0968625438114532,-0.0577454629967812,,,44.2251041721302,44.2251041721302,False,69.63776816251308,69.63776816251308,63.28460216491736,446.0,True,False,True,True,True,True,True,False,True,True,True,True,True,True,False,False,False,12,False,0.050106719562972524,0.07262079514848985,1.0,269665409.0,0.24559777571825764,2.0,3.0,,,,,,0.047503047615667315,0.010367009612087587,0.2488208120221274,-0.7322864838051395,0.6691176470588236,-0.7322864838051395,0.4084978461081402,-446.0,0.6078431372549019,0.4803921568627451,0.37254901960784315,0.5725490196078431,0.5225490196078431,宏全
18.100000381469727,18.25,17.899999618530273,17.899999618530273,71815.0,-0.0027855789573232315,18.110000228881837,0.0028010776466118603,17.872500038146974,0.08484846172910743,17.283669503529868,0.05917159896876778,16.93600141207377,0.007601444809749247,46.87498882413177,55620.9,1.2911513477847356,0.0015386532563772537,9944.TW,2026-07-23,-0.030783540264059717,0.1293478426725969,bull,0.33086190917516217,0.3070500927643785,2026-03-31,2026-05-15,704581000.0,244021000.0,98268000.0,114815000.0,40853000.0,68907000.0,0.65,2917115000.0,1568744000.0,5865832000.0,2336741000.0,3529091000.0,1702145000.0,1052022000.0,457500000.0,,0.3558158777163263,63302685.32857205,4297088000.0,0.0147315310574444,0.0195254245356665,0.0117471826673522,0.6621367938656159,0.3463349139417611,0.1394701247975747,0.0977985497763919,0.118185526042237,,,54.04006958175547,54.04006958175547,False,59.95237274187325,59.95237274187325,58.4742969518438,313.0,True,False,True,True,True,True,True,False,True,False,True,True,True,True,False,False,False,11,False,0.03565967949540649,0.05692005940488776,1.0,995614.0887823105,0.9425393883225208,0.0,3.0,,,,,,0.07936754732052759,0.06636555051047871,0.15891262547334573,-1.0386406231267036,0.6838235294117647,-1.0386406231267036,0.6996353212206302,-313.0,0.7647058823529411,0.27450980392156865,0.8137254901960784,0.7720588235294117,0.6274509803921569,新麗
198.0,198.5,191.5,198.0,4355082.0,-0.14470842332613387,206.5,0.1412103746397695,213.3677101135254,0.26517571884984026,179.78923670450845,0.2298136645962734,170.2237850189209,0.04136311143185246,45.65624886291969,7783998.0,0.559491664823141,-0.07202453504023065,2645.TW,2026-07-23,-0.030783540264059717,0.1293478426725969,bull,0.04448563484708063,0.12337662337662338,2026-03-31,2026-05-15,4739309000.0,1305235000.0,1129183000.0,1207034000.0,241407000.0,,2.58,13801123000.0,5763087000.0,24644332000.0,11985704000.0,12658628000.0,5852316000.0,,4064780000.0,,0.2000001656954153,903346212.8995538,18881245000.0,0.0478435724391878,,,0.9468406844722824,0.2754061826312654,0.2382589951404308,,0.1311939511921276,,,76.79149551810622,76.79149551810622,False,70.581015370172,70.581015370172,72.13363540715555,102.0,True,False,True,True,False,True,True,False,True,True,True,True,False,True,True,False,False,10,False,0.10128950781086932,0.16317469957557162,1.0,1541231604.0,0.09453197405004633,2.0,3.0,,,,,,0.1505670697895785,0.07163994804466858,0.40021922088747297,-1.385513321571009,0.875,-1.385513321571009,0.877218986836857,-102.0,0.9607843137254902,0.8235294117647058,0.9411764705882353,0.9578431372549019,0.9156862745098039,長榮航太
108.0,113.0,108.0,109.5,313671.0,0.04285714285714293,103.68000030517578,0.16737736074037346,97.17000083923338,0.10942252670404096,102.00500043233235,-0.10245901639344257,101.15250034332276,0.02408178135139666,75.65216949020608,149295.65,2.101005622066015,0.12689100601292025,6863.TW,2026-07-23,-0.030783540264059717,0.1293478426725969,bull,0.03429101019462465,0.2523191094619666,2026-03-31,2026-05-15,1157370000.0,223613000.0,68416000.0,80896000.0,34956000.0,45907000.0,0.61,5096074000.0,2474763000.0,9764137000.0,3582789000.0,6181348000.0,2521706000.0,1475885000.0,,964996000.0,0.4,41049600.0,7289374000.0,0.0056314300789066,0.0074266972187943,0.0047015931873958,0.5796128934983114,0.1932078764785678,0.0591133345429724,0.0396649299705366,0.010705512391375,,,29.24496016715193,29.24496016715193,False,68.48824510706199,68.48824510706199,58.677423872084475,694.0,True,False,True,True,True,False,True,False,True,False,True,True,True,True,False,False,False,10,False,0.07347678580364936,0.08252390824097189,1.0,16347873.674999999,0.6098239110287303,2.0,3.0,,,,,,0.017822253916018327,-0.046146498444092895,0.17908294640795863,-1.729864907195069,0.2568627450980392,-1.729864907195069,0.32634550813417607,-694.0,0.37254901960784315,0.29411764705882354,0.22549019607843138,0.35049019607843135,0.31960784313725493,永道-KY
