Open,High,Low,Close,Volume,ret5,ma5,ret20,ma20,ret60,ma60,ret120,ma120,ma20_slope,rsi14,volume_ma20,volume_ratio,ma20_deviation,symbol,date,benchmark_ret20,benchmark_ret60,market_regime,rs20_rank_pct,rs60_rank_pct,period_date,as_of_date,revenue,gross_profit,operating_income,pretax_income,tax_expense,net_income_parent,eps,current_assets,current_liabilities,assets,liabilities,equity,cash,short_borrowings,long_borrowings,bonds_payable,tax_rate,nopat,invested_capital_proxy,roic_proxy,roe,roa,debt_to_equity,gross_margin,operating_margin,net_margin,revenue_growth,pe,pb,eva_like_score,fundamental_score,fundamental_pass,technical_score,score,final_score,fundamental_rank,pass_market,pass_score,pass_rs20,pass_rs60,pass_close_ma20,pass_ma20_ma60,pass_ma20_slope,pass_rsi,pass_ret20_benchmark,pass_ret60_benchmark,pass_ret5_cap,pass_ret20_cap,pass_volume_ratio,pass_ma20_deviation,pass_fundamental_score,pass_fundamental_filter,pass_fundamental_universe,entry_pass_count,entry_all_pass,close_ma60_ratio,close_ma120_ratio,above_ma120,turnover20,liquidity_rank,price_bucket,eva_rank_bucket,forward_60d_return,forward_60d_max_drawdown,reward_60,fwd60_rank_label,top_quantile_60,reg_forward60,reg_reward60,cls_topq60,rank_forward60,ensemble_score,ranker_score,stable_ensemble_score,fundamental_rank_score,fundamental_score_rank,final_score_rank,stable_ml_rank,fund_ml_85_15,fund_final_ml,name
66.30000305175781,66.5,64.69999694824219,65.5999984741211,21929651.0,-0.0015220468609743,65.9999984741211,0.1408695386803669,62.45999946594238,0.3680917086621471,59.214064343770346,0.3781512726263247,53.72786563237508,0.0410867536237494,64.6226311544819,35514078.85,0.6174917584832698,0.050272158742026,1301.TW,2026-09-10,0.0229616180666354,0.0297169955271594,bull,0.0604651162790697,0.0251162790697674,2026-03-31,2026-05-15,41985122000.0,1555468000.0,-1301844000.0,3378716000.0,110089000.0,3268627000.0,0.51,175217601000.0,95826345000.0,593528010000.0,203311522000.0,390216488000.0,10197694000.0,31910508000.0,18393084000.0,43127284000.0,0.0325830877765399,-1259425902.676638,497701665000.0,-0.0025304836034186,0.008376445128582,0.0055071149885579,0.521022376686451,0.0370480762209051,-0.0310072696704323,0.0778520305359598,-0.110526237291801,,,17.23451320303393,17.23451320303393,False,82.72234036951713,82.72234036951713,66.35038357789632,904.0,True,True,True,True,True,True,True,True,True,True,True,True,False,True,False,False,False,13,False,0.1078448878846902,0.2209678851376548,1.0,2329723518.3698163,0.0660465116279069,1.0,3.0,,,,,,0.0032373628825661,-0.0667441262566381,0.1943181454882757,-1.823083550877504,0.2443181818181818,-1.823083550877504,0.307983692005667,-904.0,0.1477272727272727,0.4886363636363636,0.1818181818181818,0.1528409090909091,0.2568181818181818,台塑
237.0,245.5,232.0,244.0,59326788.0,0.1040723981900453,234.3,0.2910052910052909,215.2,0.9288537549407114,190.41684697469077,2.112244837386368,140.42925682067872,0.0565852461028598,68.70503597122303,99112732.2,0.5985788776388913,0.1338289962825278,1303.TW,2026-09-10,0.0229616180666354,0.0297169955271594,bull,0.015813953488372,0.0055813953488372,2026-03-31,2026-05-15,68596393000.0,8188671000.0,3741833000.0,16080166000.0,1405348000.0,14254717000.0,1.8,193418745000.0,131197270000.0,647743623000.0,247168932000.0,400574691000.0,42831248000.0,24400300000.0,40333444000.0,51357530000.0,0.0873963614554725,3414810410.6259847,516546353000.0,0.0066108499088096,0.0355856655956329,0.0220067268805825,0.6170358176722652,0.1193746586646327,0.054548538725644,0.207805634911445,0.046448302712712,,,40.56631725411971,40.56631725411971,False,85.82489543249122,85.82489543249122,74.51025088789835,499.0,True,True,True,True,True,True,True,True,True,True,False,True,False,True,False,False,False,12,False,0.2813992242631307,0.7375296681344405,1.0,24183506656.8,0.0065116279069767,2.0,3.0,,,,,,-0.1899224477205339,-0.260263631055893,0.0984421390299009,-1.8612010751314243,0.027840909090909,-1.8612010751314243,0.0706561046264363,-499.0,0.5681818181818182,0.7727272727272727,0.0113636363636363,0.4846590909090909,0.5181818181818182,南亞
14.600000381469728,14.75,14.25,14.449999809265137,1410012.0,0.0034722355596819,14.299999809265136,0.0624999561730563,14.002499961853028,0.0547445263096124,13.960057099660238,-0.1242424358021129,14.42877853711446,0.012839056915228,53.94736875127211,1774526.6,0.7945848768905465,0.0319585680150853,1308.TW,2026-09-10,0.0229616180666354,0.0297169955271594,bull,0.1376744186046511,0.1804651162790697,2026-03-31,2026-05-15,1301918000.0,73711000.0,13526000.0,-115776000.0,4459000.0,-120235000.0,-0.2,2732713000.0,1008062000.0,12537553000.0,1505156000.0,11032397000.0,726414000.0,,295229000.0,,0.0,13526000.0,11529491000.0,0.0011731654068683,-0.0108983569028561,-0.009589989370334,0.1364305508585305,0.0566172370302891,0.0103892871901302,-0.0923522065137743,-0.1515061063473556,,,14.704701931024411,14.704701931024411,False,71.18509659310983,71.18509659310983,57.06499792758847,959.0,True,False,True,True,True,True,True,True,True,True,True,True,False,True,False,False,False,12,False,0.0350960390854577,0.0014707601267902,1.0,25641909.031535912,0.481860465116279,0.0,3.0,,,,,,0.0054669154112155,-0.0440926118529489,0.13276885137942,-1.9433173708538916,0.1999999999999999,-1.9433173708538916,0.2708953936862626,-959.0,0.125,0.1136363636363636,0.1477272727272727,0.1284090909090909,0.1261363636363636,亞聚
14.600000381469728,15.5,14.5,14.949999809265137,45035814.0,0.0033557175848972,14.439999961853028,0.277777782306146,13.482499980926514,0.1283018723973688,13.164166657129924,0.0454545181720638,12.865249999364217,0.0508573664062185,70.62936764462069,36588035.85,1.2308890858376045,0.1088447862350951,1312.TW,2026-09-10,0.0229616180666354,0.0297169955271594,bull,0.0167441860465116,0.1060465116279069,2026-03-31,2026-05-15,7516970000.0,-129821000.0,-893985000.0,-1361698000.0,-33529000.0,-1295839000.0,-1.17,18480939000.0,17728005000.0,68874697000.0,36965041000.0,31909656000.0,7061166000.0,10545359000.0,14468621000.0,,0.0246229340132687,-871972466.3361479,51146692000.0,-0.0170484626129124,-0.0406096198592676,-0.0188144421165293,1.1584280632796542,-0.0172703895319523,-0.1189289035342698,-0.1723884756757044,0.3190665807523956,,,24.02948114666849,24.02948114666849,False,82.84098619614494,82.84098619614494,68.13810993377582,781.0,True,True,True,True,True,True,True,True,True,True,True,True,True,True,False,False,False,14,False,0.1356586557013828,0.1620450290514328,1.0,546991128.978886,0.1581395348837209,0.0,3.0,,,,,,0.0095974231289426,-0.065713469106394,0.1270776520929599,-1.9609713264976016,0.1767045454545454,-1.9609713264976016,0.2832137711010473,-781.0,0.2727272727272727,0.6022727272727273,0.1590909090909091,0.2556818181818181,0.3488636363636363,國喬
72.0,72.69999694824219,70.30000305175781,71.30000305175781,22234215.0,0.0229556122463499,71.08000183105469,0.1983193790211397,64.78000068664551,0.3429210618225846,62.412542470296216,0.5550710016272162,55.38728345235189,0.0488989709613274,67.39129662160273,39403837.35,0.5642652212399308,0.1006483836987117,1326.TW,2026-09-10,0.0229616180666354,0.0297169955271594,bull,0.0334883720930232,0.0297674418604651,2026-03-31,2026-05-15,81749811000.0,6327773000.0,3120431000.0,7294502000.0,759958000.0,6245039000.0,1.07,214839826000.0,114054227000.0,581165153000.0,170197763000.0,410967390000.0,16802058000.0,33492647000.0,26687136000.0,25800000000.0,0.1041823005874835,2795337319.595498,467110926000.0,0.0059843115714135,0.0151959477855408,0.0107457217070962,0.4141393384034679,0.0774041300230039,0.0381704980333226,0.0763920909859962,0.0359959953561419,,,29.94873186889634,29.94873186889634,False,84.53708740825395,84.53708740825395,70.88999852341455,682.0,True,True,True,True,True,True,True,True,True,True,True,True,False,True,False,False,False,13,False,0.1423986306228652,0.2872991525770565,1.0,2809493723.3059688,0.0604651162790697,1.0,3.0,,,,,,-0.0041787903939748,-0.0409189821341406,0.1799512991132217,-1.7660079166784977,0.2522727272727272,-1.7660079166784977,0.3170738386822411,-682.0,0.3636363636363636,0.6818181818181818,0.1931818181818181,0.3380681818181818,0.425,台化
18.100000381469727,18.100000381469727,17.850000381469727,18.0,1325192.0,-0.0055248828376879,18.05,0.0227272505602564,17.91500005722046,0.0682492339759797,17.82821617126465,0.0975610011394081,16.97035805384318,0.0063193317606132,48.148140298973495,2038411.6,0.6501101151504436,0.0047446241980491,1434.TW,2026-09-10,0.0229616180666354,0.0297169955271594,bull,0.241860465116279,0.1562790697674418,2026-03-31,2026-05-15,6979321000.0,780112000.0,198663000.0,386155000.0,49552000.0,336603000.0,0.2,15272141000.0,6346633000.0,61146600000.0,15727850000.0,45418750000.0,3214804000.0,2317516000.0,8200000000.0,,0.1283215289197343,173170260.1002188,54799967000.0,0.0031600431456504,0.0074111022430163,0.0055048522730617,0.3462853997523049,0.1117747700671741,0.0284645168204758,0.0482286170818049,-0.0921530851652357,,,20.54681103606591,20.54681103606591,False,64.23259465216302,64.23259465216302,53.31114874813874,848.0,True,False,True,True,True,True,True,False,False,True,True,True,False,True,False,False,False,10,False,0.0096355029064674,0.0606729653487565,1.0,36691408.8,0.4344186046511628,0.0,3.0,,,,,,0.0274742796968028,-0.0090781629716266,0.1860685422462392,-1.8133326397704803,0.3607954545454546,-1.8133326397704803,0.4494563925932618,-848.0,0.1931818181818181,0.0568181818181818,0.3977272727272727,0.2238636363636363,0.1931818181818181,福懋
30.14999961853028,30.5,30.0,30.299999237060547,158874.0,0.0271186182054423,30.11999969482422,0.0150753383530999,29.987499809265135,0.086021492879744,29.229166603088384,0.0821428298950195,28.109999974568684,0.001837465093672,46.03175275959576,159778.3,0.9943402827542916,0.0104209897384928,1442.TW,2026-09-10,0.0229616180666354,0.0297169955271594,bull,0.2688372093023256,0.1367441860465116,2026-03-31,2026-05-15,302076000.0,150633000.0,104031000.0,105298000.0,19596000.0,85702000.0,0.23,13238665000.0,2535144000.0,14537328000.0,6447947000.0,8089381000.0,457751000.0,970000000.0,3173770000.0,,0.186100400767346,84670789.20777223,12002184000.0,0.0070546151606884,0.01059438293239,0.0058953062075781,0.7970878117868351,0.4986592777976403,0.3443868430461208,0.2837100597200704,-0.7804954613231485,,,47.44569679476102,47.44569679476102,False,64.38469488130852,64.38469488130852,60.14994535967165,397.0,True,False,True,True,True,True,True,False,False,True,True,True,True,True,False,False,False,11,False,0.0366357566232837,0.0779081915500949,1.0,4841282.368098831,0.7023255813953488,1.0,3.0,,,,,,0.0971435666150582,0.086044616167218,0.2441514301645125,-1.6185613374387449,0.7403409090909092,-1.6185613374387449,0.7738138894914242,-397.0,0.6136363636363636,0.2386363636363636,0.8295454545454546,0.6460227272727272,0.5443181818181818,名軒
15.5,15.550000190734863,15.199999809265137,15.550000190734863,129901.0,0.0163398690773475,15.520000076293943,0.1067615643869641,15.037500047683716,0.3122362607726965,13.761395931243896,0.3523766971313156,12.6702166557312,0.0290846910305365,67.34694115870226,152460.45,0.8520308053662441,0.0340814724140325,1459.TW,2026-09-10,0.0229616180666354,0.0297169955271594,bull,0.0874418604651162,0.0344186046511627,2026-03-31,2026-05-15,231160000.0,43640000.0,24305000.0,20991000.0,11327000.0,10929000.0,0.03,2303265000.0,1144782000.0,4781139000.0,1238615000.0,3542524000.0,1064701000.0,969808000.0,0.0,,0.4,14583000.0,3636357000.0,0.0040103323188564,0.0030850884849333,0.0022858569893073,0.3496419502027368,0.1887869873680567,0.1051436234642671,0.0472789409932514,-0.1821658664987316,,,27.476121095005883,27.476121095005883,False,77.3042449279343,77.3042449279343,64.84721396970221,721.0,True,True,True,True,True,True,True,True,True,True,True,True,True,True,False,False,False,14,False,0.1299725891491949,0.2272876315576681,1.0,2370760.0265795235,0.8027906976744186,0.0,3.0,,,,,,0.0480945272721134,0.033178587013405,0.298951969750524,-1.2243790513786652,0.7647727272727273,-1.2243790513786652,0.7828377599966905,-721.0,0.3295454545454545,0.3977272727272727,0.8522727272727273,0.4079545454545454,0.4545454545454545,聯發
105.5,107.0,105.5,106.0,117521.0,0.0,106.5,0.0939112314842509,103.0449996948242,0.1648351648351649,95.1072006225586,0.13733909303523,93.3544335047404,0.0280341183388014,71.42857142857143,136158.75,0.8631175007114856,0.0286767947394561,1558.TW,2026-09-10,0.0229616180666354,0.0297169955271594,bull,0.0995348837209302,0.0846511627906976,2026-03-31,2026-05-15,1926175000.0,466203000.0,115500000.0,190949000.0,37396000.0,79533000.0,1.23,7337752000.0,2436771000.0,13553818000.0,4826378000.0,8727440000.0,2321376000.0,528924000.0,448585000.0,1225737000.0,0.1958428690383296,92880148.62607291,11117047000.0,0.0083547500182443,0.0091129815845196,0.0058679406791503,0.5530118797723044,0.2420356405830207,0.0599633989642685,0.0412906407777071,-0.0577927547617254,,,30.82891502090822,30.82891502090822,False,72.28740731355933,72.28740731355933,61.92278424039655,666.0,True,False,True,True,True,True,True,True,True,True,True,True,True,True,False,False,False,13,False,0.1145318052275605,0.1354575891097607,1.0,14432827.5,0.5637209302325581,2.0,3.0,,,,,,0.0264990059475402,-0.0029017983300583,0.2594667876363611,-1.336821476186304,0.5772727272727273,-1.336821476186304,0.6247564786898947,-666.0,0.3863636363636363,0.3181818181818182,0.5795454545454546,0.415340909090909,0.4045454545454545,伸興
21.200000762939453,21.200000762939453,20.64999961853028,20.850000381469727,167413.0,0.047738732721122,20.64000015258789,0.0321781977217949,20.379999923706052,0.0195598828169811,19.909612464904782,0.047738732721122,20.10063953399658,0.002829375376475,58.20896202217417,268968.85,0.622425236230887,0.0230618478666904,1598.TW,2026-09-10,0.0229616180666354,0.0297169955271594,bull,0.2102325581395349,0.2427906976744186,2026-03-31,2026-05-15,1638270000.0,690078000.0,57360000.0,64104000.0,29471000.0,41640000.0,0.25,4112323000.0,3729262000.0,10177038000.0,5632832000.0,4544206000.0,828820000.0,2257573000.0,1564802000.0,0.0,0.4,34416000.0,6447776000.0,0.0053376544098306,0.009163316979908,0.0040915637732707,1.2395635233085824,0.4212236078302111,0.0350125437198996,0.0254170557966635,-0.1211837067061192,,,29.108093554474383,29.108093554474383,False,71.44392316081564,71.44392316081564,60.85996575923033,694.0,True,False,True,True,True,True,True,True,True,False,True,True,False,True,False,False,False,11,False,0.0472328589128787,0.0372804480278221,1.0,5608000.625103473,0.6744186046511628,0.0,3.0,,,,,,0.0487261986210659,0.0260160171881981,0.1928615298217523,-1.455880124603281,0.5897727272727272,-1.455880124603281,0.6770202644152142,-694.0,0.3522727272727273,0.2727272727272727,0.6477272727272727,0.3965909090909091,0.3874999999999999,岱宇
23.5,23.600000381469727,23.5,23.5,151674.0,0.002132163557946,23.57999992370605,0.0151188072240642,23.339999866485595,0.0129310011721972,23.32333323160807,-0.0028747304307952,23.337674919764204,0.0041948991330357,64.28575321115402,196844.55,0.7705267938584025,0.0068551899927022,1604.TW,2026-09-10,0.0229616180666354,0.0297169955271594,bull,0.267906976744186,0.2651162790697674,2026-03-31,2026-05-15,2372906000.0,478239000.0,152503000.0,224334000.0,32077000.0,187244000.0,0.51,4163362000.0,4170169000.0,19618124000.0,10651689000.0,8966435000.0,915329000.0,1480000000.0,4918850000.0,,0.1429876880009271,130696948.6167946,15447955000.0,0.0084604692735572,0.0208827700195228,0.00954443962124,1.187951398744317,0.2015414854191443,0.064268453954771,0.0789091519006652,-0.0357932753161021,,,30.83420932595463,30.83420932595463,False,67.25531265237318,67.25531265237318,58.15003682076855,665.0,True,False,True,True,True,True,True,True,False,False,True,True,False,True,False,False,False,10,False,0.0075746792552149,0.006955494957997,1.0,4625846.925,0.7125581395348837,0.0,3.0,,,,,,0.0322992886714558,0.0221702671493707,0.148231758064096,-1.6751498279609949,0.4375,-1.6751498279609949,0.4337420842241597,-665.0,0.3977272727272727,0.1931818181818181,0.3636363636363636,0.3926136363636363,0.3295454545454546,聲寶
36.25,37.54999923706055,34.95000076293945,35.29999923706055,17901585.0,0.0553063806255806,34.53999938964844,0.1517128768810485,33.49643144607544,0.684964102698566,27.79381046295166,0.9395603163348054,23.39523859024048,0.0494220792645515,56.31667826212319,14196106.25,1.261020781666804,0.0538435801404277,1709.TW,2026-09-10,0.0229616180666354,0.0297169955271594,bull,0.053953488372093,0.0111627906976744,2026-03-31,2026-05-15,2424471000.0,492933000.0,320616000.0,344786000.0,79982000.0,264726000.0,0.55,5694389000.0,2189161000.0,12130526000.0,3134319000.0,8996207000.0,600735000.0,285000000.0,20699000.0,,0.2319757762786192,246240854.51265424,9941365000.0,0.0247693203612033,0.0294264015934715,0.021823126218929,0.34840449980753,0.2033156923716555,0.1322416312671919,0.1091891798252072,-0.0753599255550004,,,52.52750676874495,52.52750676874495,False,84.56077295379124,84.56077295379124,76.55245640752968,329.0,True,True,True,True,True,True,True,True,True,True,True,True,True,True,False,False,False,14,False,0.2700669195436307,0.508853996119802,1.0,501122539.79423046,0.1665116279069767,1.0,3.0,,,,,,0.0647811533565726,-0.0435281465277253,0.2619741638201871,-1.0618788445080698,0.6755681818181818,-1.0618788445080698,0.6948311195089545,-329.0,0.7159090909090909,0.8181818181818182,0.7159090909090909,0.7159090909090909,0.7465909090909091,和益
16.200000762939453,16.399999618530273,15.800000190734863,15.949999809265137,3477503.0,-0.0154321569074391,15.920000076293944,0.0777026759263286,15.725000095367433,0.1684981871803532,15.512499936421712,0.0390879096341729,14.558749961853028,0.0192837489576111,51.31578121819778,5046120.75,0.6891438339044899,0.014308407792251,1710.TW,2026-09-10,0.0229616180666354,0.0297169955271594,bull,0.1190697674418604,0.081860465116279,2026-03-31,2026-05-15,5345825000.0,88577000.0,-176669000.0,-219291000.0,-8101000.0,-127331000.0,-0.15,7085020000.0,12457768000.0,36888664000.0,23663579000.0,13225085000.0,2362413000.0,9628981000.0,8250000000.0,,0.0369417805564295,-170142532.57087615,24430896000.0,-0.0069642362920654,-0.0096279910488287,-0.0034517650191939,1.7892950404477552,0.0165693789078392,-0.0330480328106513,-0.0238187744641846,-0.1284074295508901,,,6.405846346837272,6.405846346837272,False,70.57376266485812,70.57376266485812,54.53178358535291,1060.0,True,False,True,True,True,True,True,True,True,True,True,True,False,True,False,False,False,12,False,0.0282030539652877,0.0955610784619198,1.0,80485625.00002885,0.3451162790697674,0.0,3.0,,,,,,0.0421850321125681,0.0132953269523369,0.2106587253797182,-1.5269135629369432,0.5431818181818182,-1.5269135629369432,0.620966124770481,-1060.0,0.0454545454545454,0.0909090909090909,0.5681818181818182,0.1238636363636363,0.1636363636363636,東聯
24.700000762939453,25.549999237060547,24.700000762939453,25.549999237060547,3183097.0,0.017928240986125,24.75999984741211,0.0365111412761931,25.01500005722046,0.1329397627615547,23.17749996185303,0.455840475656905,21.26087923049927,0.0050220972162568,48.05192939346348,2402009.9,1.3251806331023033,0.021387134863734,1904.TW,2026-09-10,0.0229616180666354,0.0297169955271594,bull,0.1944186046511627,0.1004651162790697,2026-03-31,2026-05-15,10422205000.0,2150150000.0,696170000.0,676222000.0,51875000.0,623134000.0,0.56,23384595000.0,24639229000.0,73010397000.0,42553667000.0,30456730000.0,6316415000.0,12166669000.0,15580624000.0,,0.0767129729585846,642764729.6154221,48371168000.0,0.0132881788096459,0.0204596488198174,0.0085348666163258,1.3971843661483028,0.2063047119107713,0.0667968054744653,0.0597890753444208,0.0134174531712039,,,33.04763840274124,33.04763840274124,False,71.14791380131875,71.14791380131875,61.62284495167438,630.0,True,False,True,True,True,True,True,False,True,True,True,True,True,True,False,False,False,12,False,0.1023621736215003,0.2017376591090562,1.0,61371351.11241188,0.3767441860465116,0.0,3.0,,,,,,0.061562229603016,0.0218080339282059,0.2052152644289333,-1.5915374609144894,0.6045454545454545,-1.5915374609144894,0.6866269241269242,-630.0,0.4204545454545454,0.2954545454545454,0.6818181818181818,0.4596590909090908,0.4352272727272727,正隆
64.30000305175781,64.9000015258789,64.30000305175781,64.69999694824219,112847.0,0.004658313901479,64.77999877929688,0.0172955739074223,64.31999950408935,0.040192864222476,63.49666652679444,-0.0117019801253267,63.00428787867228,0.0003888267917376,48.6485734139708,172744.35,0.6532601500425339,0.0059079205081256,2015.TW,2026-09-10,0.0229616180666354,0.0297169955271594,bull,0.2613953488372093,0.2027906976744186,2026-03-31,2026-05-15,6404574000.0,820478000.0,589291000.0,648609000.0,122645000.0,526749000.0,0.91,12172005000.0,4388066000.0,26283228000.0,5068762000.0,21214466000.0,4570295000.0,40284000.0,,,0.1890892664147429,477862397.1051897,21895162000.0,0.0218250222174738,0.0248297081812005,0.0200412597722014,0.2389295115889318,0.1281081302206829,0.0920109596672628,0.0822457512396609,-0.1410674325019171,,,42.92012472337977,42.92012472337977,False,62.58069880203372,62.58069880203372,57.66555528237024,460.0,True,False,True,True,True,True,True,False,False,True,True,True,False,True,False,False,False,10,False,0.0189510802262347,0.0269141851557046,1.0,11176558.91782608,0.5962790697674418,1.0,3.0,,,,,,0.0433710156572023,0.0130175750469232,0.1157424084166371,-1.7750250035920252,0.39375,-1.7750250035920252,0.5003279922608546,-460.0,0.6022727272727273,0.1477272727272727,0.4659090909090909,0.5818181818181818,0.4386363636363636,豐興
23.700000762939453,24.200000762939453,23.5,23.64999961853028,2618208.0,0.0106837608579286,23.490000152587893,0.0873563043002425,22.61999988555908,0.2818427447459011,19.74249989191691,0.429003063974205,18.35916663805644,0.0318166287148731,63.10680079093868,3121369.75,0.8388009783204954,0.0455349132706566,2030.TW,2026-09-10,0.0229616180666354,0.0297169955271594,bull,0.107906976744186,0.0427906976744186,2026-03-31,2026-05-15,2637279000.0,397354000.0,208556000.0,212139000.0,43592000.0,168547000.0,0.61,6688220000.0,4584464000.0,12076498000.0,7059382000.0,5017116000.0,1408221000.0,3147626000.0,2063078000.0,,0.2054879112280156,165700263.18592998,7492034000.0,0.0221168594784713,0.0335943996511143,0.0139566122563014,1.4070597530533475,0.1506681697309992,0.0790799911575529,0.0639094308944939,-0.0137930957114074,,,38.807934191914576,38.807934191914576,False,82.14670959399237,82.14670959399237,71.31201574347293,541.0,True,True,True,True,True,True,True,True,True,True,True,True,True,True,False,False,False,14,False,0.197923249234166,0.2881848116954586,1.0,73820393.39679195,0.36,0.0,3.0,,,,,,0.0940104132667134,0.050204135376078,0.3023117352529427,-0.2600938755619911,0.9130681818181818,-0.2600938755619911,0.9351971774717104,-541.0,0.5340909090909091,0.6931818181818182,0.9772727272727272,0.6005681818181817,0.6704545454545454,彰源
27.299999237060547,28.14999961853028,27.25,27.600000381469727,1189365.0,0.0802348808463222,26.420000076293945,0.339805818950212,24.1875,0.7635783421227782,18.863333304723103,0.7692307504206253,17.279166626930238,0.0738068812430633,72.40000494384842,1513980.1,0.7855882649976706,0.1410852870891876,2033.TW,2026-09-10,0.0229616180666354,0.0297169955271594,bull,0.013953488372093,0.0102325581395348,2026-03-31,2026-05-15,175517000.0,27282000.0,8642000.0,9338000.0,1877000.0,,0.09,382129000.0,130958000.0,1213456000.0,149464000.0,1063992000.0,47710000.0,72000000.0,,,0.2010066395373741,6904900.621118012,1082498000.0,0.0063786728669411,,,0.140474740411582,0.1554379347869437,0.0492373958078134,,-0.0245478897818088,,,33.37842346640696,33.37842346640696,False,84.32558139534885,84.32558139534885,71.58879191311337,619.0,True,True,True,True,True,True,True,False,True,True,True,True,False,True,False,False,False,12,False,0.4631560570770963,0.597299278221791,1.0,41785851.33753758,0.4213953488372093,0.0,3.0,,,,,,-0.0235282683900119,-0.1122876929513893,0.1881221411360532,-1.718106769121467,0.2079545454545454,-1.718106769121467,0.2678686367956579,-619.0,0.4431818181818182,0.7045454545454546,0.1363636363636363,0.3971590909090909,0.4602272727272727,佳大
23.299999237060547,24.0,22.950000762939453,23.0,1863510.0,0.0978519886589692,22.019999694824214,0.1386138183815146,21.019999980926517,0.2105263157894736,19.43333339691162,0.2201591265011264,19.20647136370341,0.025365847958049,69.92481030484598,860367.85,2.165945647550638,0.0941960047987693,2069.TW,2026-09-10,0.0229616180666354,0.0297169955271594,bull,0.0641860465116279,0.0567441860465116,2026-03-31,2026-05-15,2302863000.0,277674000.0,137979000.0,128564000.0,22373000.0,106191000.0,0.64,4252225000.0,3913450000.0,9681868000.0,5325210000.0,4356658000.0,267712000.0,2834868000.0,1356137000.0,,0.174022276842662,113967580.26352634,5768418000.0,0.019757163968271,0.0243744172712202,0.0109680280706161,1.2223153619127325,0.1205777330218949,0.0599162868134144,0.0461125998376803,-0.1384973197554728,,,30.045180578249248,30.045180578249248,False,79.87281139619053,79.87281139619053,67.41590369170521,680.0,True,True,True,True,True,True,True,True,True,True,True,True,True,True,False,False,False,14,False,0.1835334438123312,0.197513044663979,1.0,19788460.55,0.5181395348837209,0.0,3.0,,,,,,0.0644251781191546,0.0312213329729829,0.2763960000854867,-1.1638873375015966,0.8028409090909091,-1.1638873375015966,0.796319893208991,-680.0,0.375,0.5681818181818182,0.8863636363636364,0.4517045454545454,0.5352272727272728,運錩
10.75,10.75,10.5,10.600000381469728,4312127.0,0.0291262315708229,10.37000026702881,0.0392157431063138,10.392500019073486,0.0392157431063138,10.33383329709371,-0.162055280543852,10.619749935468038,0.0022663814178843,49.12281993280781,3342302.95,1.2901664105583246,0.0199663567010262,2104.TW,2026-09-10,0.0229616180666354,0.0297169955271594,bull,0.1823255813953488,0.2055813953488372,2026-03-31,2026-05-15,3507985000.0,-592275000.0,-888351000.0,-938414000.0,49297000.0,-785313000.0,-0.81,21721369000.0,16492986000.0,48325492000.0,23513335000.0,24812157000.0,10455071000.0,10483283000.0,1165000000.0,0.0,0.0,-888351000.0,31832506000.0,-0.0279070394269304,-0.0316503317305303,-0.016250491562507,0.9476538053503368,-0.1688362407478937,-0.2532368296899787,-0.2238644121910441,-0.1607508680212894,,,10.85897457486594,10.85897457486594,False,68.47261415415682,68.47261415415682,54.0692042593341,1023.0,True,False,True,True,True,True,True,False,True,True,True,True,True,True,False,False,False,12,False,0.0257568587303296,-0.0018597004749,0.0,35428412.5449874,0.4409302325581395,0.0,3.0,,,,,,-0.0065673647536756,-0.0400778649387868,0.2141758986143516,-1.5832197787679028,0.3471590909090909,-1.5832197787679028,0.3371291429082932,-1023.0,0.0681818181818181,0.0681818181818181,0.2272727272727272,0.0920454545454545,0.0999999999999999,國際中橡
26.75,27.049999237060547,26.64999961853028,27.049999237060547,268331.0,0.0112149247499269,26.799999618530272,0.056640579452506,26.6,0.0734126356393531,25.9849999109904,0.0755467056600018,25.6842911084493,0.0127546105260198,57.894726275064194,288108.85,0.931352855006016,0.0169172645511483,2107.TW,2026-09-10,0.0229616180666354,0.0297169955271594,bull,0.1451162790697674,0.1497674418604651,2026-03-31,2026-05-15,327504000.0,108944000.0,61789000.0,88780000.0,18672000.0,70108000.0,0.23,11124237000.0,2061631000.0,15861263000.0,2536045000.0,13325218000.0,807947000.0,1085000000.0,220797000.0,,0.2103176391079071,48793683.39716153,13799632000.0,0.0035358684490399,0.0052613022916398,0.0044200767618568,0.1903192127888639,0.332649372221408,0.1886663979676584,0.2140676144413503,-0.1658159366690099,,,41.47495597513323,41.47495597513323,False,74.86179348850683,74.86179348850683,66.51508411016343,489.0,True,False,True,True,True,True,True,True,True,True,True,True,True,True,False,False,False,13,False,0.0409851579649112,0.0531728955587944,1.0,7793344.172690391,0.6372093023255814,0.0,3.0,,,,,,0.0492402459681991,0.022888464516211,0.1781411691106557,-1.4258139533514385,0.5636363636363636,-1.4258139533514385,0.6132581905773906,-489.0,0.5795454545454546,0.5227272727272727,0.5568181818181818,0.5761363636363637,0.5579545454545455,厚生
30.5,30.5,30.0,30.200000762939453,2320248.0,-0.0382165245276837,30.61000022888184,0.0522648069730005,29.518087768554693,0.0728241979463375,28.42269589106242,0.0785714558192662,27.915931336085,0.0233137921969969,61.69929296227499,4477711.75,0.5181771693990798,0.0231015301442119,2201.TW,2026-09-10,0.0229616180666354,0.0297169955271594,bull,0.1516279069767442,0.1506976744186046,2026-03-31,2026-05-15,16975232000.0,5600166000.0,1529772000.0,1410701000.0,356383000.0,363664000.0,0.35,258394518000.0,257093889000.0,369722615000.0,273701167000.0,96021448000.0,11770568000.0,38309974000.0,7312596000.0,1700000000.0,0.2526283032336406,1143308295.3056672,112628726000.0,0.0101511251694853,0.0037873205161413,0.0009836130797679,2.850416992253648,0.3299021774783402,0.0901178846922386,0.0214232123602198,-0.0348376488341026,,,22.837441404461494,22.837441404461494,False,77.83185626194467,77.83185626194467,64.08325254757388,812.0,True,True,True,True,True,True,True,True,True,True,True,True,False,True,False,False,False,13,False,0.0625311855950971,0.0818195674489996,1.0,135226898.26622295,0.2855813953488372,1.0,3.0,,,,,,0.0424462707889526,0.0027245884653618,0.2908846301684693,-1.3566764981019557,0.6602272727272727,-1.3566764981019557,0.7259619857133617,-812.0,0.2386363636363636,0.3863636363636363,0.7386363636363636,0.3136363636363636,0.3829545454545454,裕隆
49.0,50.79999923706055,47.400001525878906,48.5,641933.0,0.104783560688703,47.03000030517578,0.221662445036411,42.80000019073486,0.0319148936170212,47.61833349863688,1.4871794871794872,36.43666675885518,0.0407294879206045,68.50220227302137,286776.7,2.238441965473485,0.1331775650435405,2243.TW,2026-09-10,0.0229616180666354,0.0297169955271594,bull,0.0260465116279069,0.2195348837209302,2026-03-31,2026-05-15,558167000.0,86268000.0,43442000.0,40717000.0,-5312000.0,46029000.0,0.66,2600752000.0,2072227000.0,3227888000.0,2339243000.0,888645000.0,446584000.0,352298000.0,130026000.0,,0.0,43442000.0,1155661000.0,0.0375906083185293,0.0517968367570852,0.014259788443713,2.6323706316920705,0.1545558945620217,0.0778297534608817,0.0824645670560961,1.7940481553786856,,,52.51230523945806,52.51230523945806,False,70.39445225478246,70.39445225478246,65.92391550095137,331.0,True,False,True,True,True,False,True,True,True,True,False,True,True,True,False,False,False,11,False,0.0185152741934648,0.3310767508175833,1.0,13908669.95,0.5702325581395349,1.0,3.0,,,,,,0.0462790870903606,0.0147153608111315,0.3556612617467096,0.2961370451872766,0.8113636363636364,0.2961370451872766,0.8689926458693071,-331.0,0.6931818181818182,0.4772727272727273,0.9431818181818182,0.7306818181818182,0.678409090909091,宏旭-KY
295.0,298.0,285.0,291.0,19882807.0,-0.0267558528428093,296.3,0.0897384235931897,290.3825408935547,0.3857142857142857,244.5479883829753,0.8187500000000001,217.36982752482095,0.0311185567349647,60.3448275862069,32004184.9,0.6212564719934486,0.0021263644313644,2301.TW,2026-09-10,0.0229616180666354,0.0297169955271594,bull,0.1032558139534883,0.0232558139534883,2026-03-31,2026-05-15,43407292000.0,9402933000.0,4099305000.0,4969901000.0,1195242000.0,3775414000.0,1.66,165353065000.0,116511425000.0,210691221000.0,122427807000.0,88263414000.0,71133162000.0,13521025000.0,3000000000.0,,0.2404961386554782,3113437976.3289046,94179796000.0,0.0330584489302663,0.0427743934763275,0.0179191804104642,1.3870730969006029,0.2166210460675593,0.0944381649055647,0.0869764923368175,0.1919657430575541,,,57.60700281241379,57.60700281241379,False,80.77015791984618,80.77015791984618,74.97936914298809,287.0,True,True,True,True,True,True,True,True,True,True,True,True,False,True,False,False,False,13,False,0.1899504957050737,0.3387322578924683,1.0,9313217805.9,0.0213953488372093,2.0,3.0,,,,,,0.0346578679995855,-0.0375746464789655,0.27867136052283,-1.038443443240076,0.6164772727272727,-1.038443443240076,0.6383695582285808,-287.0,0.7386363636363636,0.7840909090909091,0.6022727272727273,0.7181818181818181,0.725,光寶科
142.5,145.5,141.0,142.5,203796090.0,0.1399999999999999,138.8,0.144578313253012,126.8,0.0178571428571427,137.48456675211588,1.4653979564178092,116.12061665852865,0.0344686926371608,69.11764705882354,165171362.8,1.2338463916821298,0.1238170347003155,2303.TW,2026-09-10,0.0229616180666354,0.0297169955271594,bull,0.0586046511627907,0.2465116279069767,2026-03-31,2026-05-15,61037902000.0,17818490000.0,11276411000.0,16643830000.0,526846000.0,16171474000.0,1.29,216440269000.0,79611375000.0,599931908000.0,193195750000.0,406736158000.0,109018591000.0,3589671000.0,13091599000.0,34073429000.0,0.031654132492341,10919465992.16791,520320533000.0,0.0209860370668245,0.0397591256197094,0.0269555157582983,0.4749903498867194,0.2919250075141835,0.1847444068441277,0.264941511259676,0.0549430056265964,,,67.2329618749115,67.2329618749115,False,70.00818185498902,70.00818185498902,69.31437685996964,188.0,True,False,True,True,True,False,True,True,True,False,False,True,True,True,True,False,False,10,False,0.0364799727443365,0.2271722636389725,1.0,23536919199.0,0.0074418604651162,2.0,3.0,,,,,,-0.0308501001823012,-0.1173924109429025,0.2412674563159343,-1.2717200462588538,0.3625,-1.2717200462588538,0.3801314028575783,-188.0,0.8409090909090909,0.6704545454545454,0.2954545454545454,0.759090909090909,0.6806818181818182,聯電
239.0,248.0,232.5,235.5,10245567.0,0.0560538116591928,234.7,0.3612716763005781,212.55,0.3083333333333333,192.79525960286455,1.5625679661570355,175.83596312204998,0.081541788576517,71.42857142857143,6294267.05,1.6277617264427953,0.1079745942131262,2351.TW,2026-09-10,0.0229616180666354,0.0297169955271594,bull,0.0120930232558139,0.0353488372093023,2026-03-31,2026-05-15,2805040000.0,536428000.0,271819000.0,291916000.0,59272000.0,221741000.0,1.22,7664285000.0,3511531000.0,13387353000.0,5808485000.0,7578868000.0,1087862000.0,1177901000.0,596426000.0,1147119000.0,0.2030447114923471,216627589.5668617,9875822000.0,0.0219351452027853,0.0292577994497331,0.0165634685213723,0.7664053523560511,0.1912372016085332,0.0969037874682714,0.0790509226249893,0.1104464802119675,,,50.10730286570861,50.10730286570861,False,87.52002350283026,87.52002350283026,78.16684334354984,364.0,True,True,True,True,True,True,True,True,True,True,True,True,True,True,False,False,False,14,False,0.2215030622905467,0.3393164618806477,1.0,1482299890.275,0.0883720930232558,2.0,3.0,,,,,,0.0242382520731013,-0.0502416465662231,0.3221664867748177,-1.2037214669124832,0.5670454545454546,-1.2037214669124832,0.6125568030011485,-364.0,0.6590909090909091,0.8522727272727273,0.5454545454545454,0.6420454545454545,0.6943181818181818,順德
63.79999923706055,65.0999984741211,63.70000076293945,65.0,6830737.0,0.0204081510438047,65.05999908447265,0.0350318597080674,63.10000019073486,0.1304347826086955,58.81545480092367,0.2241054965694306,57.42022746404012,0.0095192365835378,67.910447973641,11396100.35,0.5993924930645245,0.0301109319100147,2354.TW,2026-09-10,0.0229616180666354,0.0297169955271594,bull,0.2,0.1032558139534883,2026-03-31,2026-05-15,25274831000.0,1224398000.0,373042000.0,939869000.0,285306000.0,663384000.0,0.47,119608118000.0,42954189000.0,150753789000.0,44332160000.0,106421629000.0,18348663000.0,13096824000.0,,,0.3035593258209388,259801621.9771053,107799600000.0,0.0024100425416894,0.0062335448746043,0.0044004466116602,0.4165709585219749,0.0484433704027536,0.0147594260867659,0.0262468223823138,-0.1575198993297046,,,17.738249987351253,17.738249987351253,False,71.24957345072957,71.24957345072957,57.87174258488499,893.0,True,False,True,True,True,True,True,True,True,True,True,True,False,True,False,False,False,12,False,0.1051517023885906,0.1320052683648245,1.0,740746522.75,0.135813953488372,1.0,3.0,,,,,,0.0072322149630434,-0.0372444113148236,0.1500223474163907,-1.815965020074073,0.2539772727272727,-1.815965020074073,0.3058269257721819,-893.0,0.1704545454545454,0.1818181818181818,0.1704545454545454,0.1704545454545454,0.1738636363636363,鴻準
982.0,989.0,972.0,989.0,2476420.0,0.0185375901132853,992.0,0.0554962646744929,965.25,0.2316313823163138,815.9539998372396,0.6993127147766323,739.5519999186198,0.037457007738607,62.5,3941031.4,0.6283685027224092,0.0246050246050246,2357.TW,2026-09-10,0.0229616180666354,0.0297169955271594,bull,0.1460465116279069,0.0520930232558139,2026-03-31,2026-05-15,208369726000.0,30970538000.0,11895859000.0,13859608000.0,2702804000.0,9797017000.0,13.19,485857648000.0,327627459000.0,671441698000.0,354711686000.0,316730012000.0,57955263000.0,41417377000.0,275376000.0,,0.1950130191272365,9576011621.29809,343814239000.0,0.0278522833991703,0.0309317608967223,0.0145910166574134,1.1199181402487366,0.1486326185407567,0.0570901504184921,0.0470174683629425,0.4108280576281871,,,51.58078089609261,51.58078089609261,False,79.70003112018615,79.70003112018615,72.67021856416277,343.0,True,True,True,True,True,True,True,True,True,True,True,True,False,True,False,False,False,13,False,0.2120781320972484,0.3372960929168327,1.0,3897680054.6,0.0511627906976744,3.0,3.0,,,,,,0.0825923402279305,0.0347813630102919,0.3328028177196647,-1.0898548789397555,0.8778409090909091,-1.0898548789397555,0.8961874708585235,-343.0,0.6818181818181818,0.7272727272727273,0.9659090909090908,0.7244318181818181,0.7522727272727273,華碩
98.0999984741211,99.5,96.0999984741211,96.0999984741211,27117049.0,0.0115789313065377,99.33999938964844,0.4008746444852211,89.96499977111816,0.2916666196665893,75.29416637420654,1.7490184430138245,67.29490025838216,0.0970003650592261,60.35767412895585,50931646.55,0.5324204269221687,0.0681931719958996,2426.TW,2026-09-10,0.0229616180666354,0.0297169955271594,bull,0.0093023255813953,0.0409302325581395,2026-03-31,2026-05-15,545147000.0,107038000.0,16725000.0,17730000.0,1096000.0,16634000.0,0.06,2649632000.0,798477000.0,4627612000.0,866690000.0,3760922000.0,615916000.0,52733000.0,0.0,,0.0618161308516638,15691125.211505923,3829135000.0,0.0040978250209266,0.004422851630531,0.0035945105164391,0.2304461512363191,0.1963470403395781,0.0306797982929375,0.0305128708403421,-0.0985551006369594,,,23.08242867683808,23.08242867683808,False,88.66674333932501,88.66674333932501,72.27066467370328,803.0,True,True,True,True,True,True,True,True,True,True,True,False,False,True,False,False,False,12,False,0.2763272787497384,0.4280428101556033,1.0,4894531155.739474,0.0446511627906976,1.0,3.0,,,,,,-0.0936991296071571,-0.1874041829663841,0.1601230546686215,-1.724066521611305,0.1051136363636363,-1.724066521611305,0.1661076762410961,-803.0,0.25,0.7159090909090909,0.0681818181818181,0.2227272727272727,0.3534090909090909,鼎元
4560.0,4730.0,4520.0,4720.0,6645106.0,0.0875576036866359,4646.0,0.1171597633136094,4143.0,0.0582959641255604,3985.209147135417,1.776470588235294,3496.021240234375,0.0389968652037617,77.8443113772455,7736712.1,0.8589056842376234,0.1392710596186337,2454.TW,2026-09-10,0.0229616180666354,0.0297169955271594,bull,0.08,0.1767441860465116,2026-03-31,2026-05-15,149150510000.0,69055353000.0,22890845000.0,27019390000.0,2643006000.0,24153980000.0,15.17,378185472000.0,309807293000.0,738776057000.0,340329102000.0,398446955000.0,184514674000.0,16440000000.0,120000000.0,,0.0978188626760263,20651688576.4068,428968764000.0,0.0481426395335553,0.0606203151935243,0.0326945896136425,0.8541390459364911,0.4629910618475257,0.1534748020640358,0.1619436634846237,-0.0271454326245333,,,78.23114789730103,78.23114789730103,False,78.18139534883721,78.18139534883721,78.19383348595316,95.0,True,True,True,True,True,True,True,False,True,True,True,True,True,True,True,False,False,13,False,0.1843794957142346,0.3501062137950765,1.0,36517281112.0,0.0027906976744186,3.0,2.0,,,,,,0.0272284305157534,-0.0383391784338191,0.3072071900060679,-0.6679323040279223,0.6295454545454546,-0.6679323040279223,0.6947767071699326,-95.0,0.9318181818181818,0.8636363636363636,0.7045454545454546,0.8977272727272727,0.865909090909091,聯發科
14.899999618530272,14.899999618530272,14.649999618530272,14.649999618530272,81283.0,-0.0200669026463092,14.849999809265135,0.0693430527365892,14.812499904632569,0.0464285441807337,13.803333314259849,0.003424605188641,13.666249998410542,0.0236696595003379,46.66665253815224,151268.65,0.5373420070847462,-0.0109704835205755,2509.TW,2026-09-10,0.0229616180666354,0.0297169955271594,bull,0.1274418604651162,0.1934883720930232,2026-03-31,2026-05-15,64339000.0,17741000.0,-24855000.0,-103715000.0,440000.0,-100923000.0,-0.45,11515918000.0,9505024000.0,14164161000.0,9994241000.0,4169920000.0,916570000.0,4613123000.0,0.0,486938000.0,0.0,-24855000.0,4659137000.0,-0.0053346789330298,-0.0242026225922799,-0.0071252367153974,2.396746460363748,0.2757425511742489,-0.3863131226783133,,-0.0720024231584717,,,11.364896482710066,11.364896482710066,False,66.33953488372093,66.33953488372093,52.59587528346821,1018.0,True,False,True,True,False,True,True,False,True,True,True,True,False,True,False,False,False,10,False,0.0613378149316843,0.0719838741596374,1.0,2216085.664795589,0.8111627906976744,0.0,3.0,,,,,,0.041347307790625,0.014692324334244,0.2732828158943415,-1.4149148610344784,0.6477272727272727,-1.4149148610344784,0.8236975418554365,-1018.0,0.0909090909090909,0.0454545454545454,0.9090909090909092,0.2136363636363636,0.2409090909090909,全坤建
14.800000190734863,14.800000190734863,14.350000381469728,14.699999809265137,131047.0,0.0537634415953092,14.34000015258789,0.0462633174168145,14.17750005722046,0.0888888747603804,13.995000012715655,0.0462633174168145,13.607916696866353,0.0051400205686014,59.459446920275326,132244.4,0.9909455523258452,0.0368541527022299,2516.TW,2026-09-10,0.0229616180666354,0.0297169955271594,bull,0.1674418604651162,0.1320930232558139,2026-03-31,2026-05-15,1624343000.0,91613000.0,49137000.0,56516000.0,0.0,56516000.0,0.25,5501612000.0,4873771000.0,7116682000.0,5000833000.0,2115849000.0,1859804000.0,596780000.0,,,0.0,49137000.0,2242911000.0,0.0219076904968587,0.0267107907983981,0.0079413412036676,2.363511290266933,0.0564000337367169,0.0302503843092253,0.0347931440588594,-0.2679604746075582,,,20.556737993044667,20.556737993044667,False,78.03387235236514,78.03387235236514,63.66458876253502,846.0,True,True,True,True,True,True,True,True,True,True,True,True,True,True,False,False,False,14,False,0.0503751193932779,0.0802535124755923,1.0,1943992.6547763825,0.826046511627907,0.0,3.0,,,,,,0.1652788807582272,0.101556042941075,0.3652609209650658,0.4696565116392871,0.9857954545454546,0.4696565116392871,0.942008366776408,-846.0,0.2045454545454545,0.3636363636363636,0.9886363636363636,0.3221590909090909,0.4090909090909091,新建
36.75,37.0,36.34999847412109,36.75,947107.0,-0.0040650818340401,36.82999954223632,0.0410765097529275,36.2375,0.0165974674632189,35.11084721883138,0.1119516141710061,33.19125695228577,0.0157188443061678,49.600006347652375,1559274.7,0.6074022749166648,0.0141428078647809,2520.TW,2026-09-10,0.0229616180666354,0.0297169955271594,bull,0.1767441860465116,0.2520930232558139,2026-03-31,2026-05-15,4862541000.0,1141758000.0,658447000.0,599530000.0,162065000.0,308665000.0,0.52,53619294000.0,30715620000.0,65803063000.0,37306228000.0,28496835000.0,17736193000.0,16539209000.0,220000000.0,3700000000.0,0.2703200840658515,480455551.60709226,35087443000.0,0.0136930910470475,0.0108315537497409,0.0046907390921908,1.3091358391203796,0.2348068633251627,0.1354121230031787,0.063478127999332,0.0287244960456058,,,37.26396887406752,37.26396887406752,False,64.57391615927438,64.57391615927438,57.74642933797266,569.0,True,False,True,True,True,True,True,False,True,False,True,True,False,True,False,False,False,10,False,0.0466850819905444,0.1072192912980101,1.0,57303345.225,0.3832558139534883,1.0,3.0,,,,,,0.0546444614840763,0.0208159482742126,0.2212044352194661,-1.5580536158178069,0.6198863636363636,-1.5580536158178069,0.6842040227044296,-569.0,0.4886363636363636,0.1704545454545454,0.6590909090909091,0.5142045454545454,0.4272727272727272,冠德
79.69999694824219,81.69999694824219,77.80000305175781,78.4000015258789,6463467.0,0.0025576033943977,78.53999938964844,0.1969465881813572,74.08999977111816,0.260450169842954,66.57166652679443,0.3288135851843883,65.01440960566202,0.0415407258414058,60.00001052330833,10755262.45,0.6009585568039765,0.0581725167779103,2606.TW,2026-09-10,0.0229616180666354,0.0297169955271594,bull,0.0362790697674418,0.0474418604651162,2026-03-31,2026-05-15,3891765000.0,1243986000.0,987897000.0,987799000.0,68000.0,987731000.0,1.17,29154469000.0,15158773000.0,89632874000.0,49048791000.0,40584083000.0,18437340000.0,5972000000.0,33795287000.0,,6.883991581283237e-05,987828993.2536882,74474101000.0,0.0132640606598754,0.0243378912860985,0.0110197403689186,1.2085721143434485,0.3196457134487822,0.2538429221702749,0.2538002680017935,0.1329549990000165,,,55.37983321173965,55.37983321173965,False,86.46219170829508,86.46219170829508,78.69160208415622,302.0,True,True,True,True,True,True,True,True,True,True,True,True,False,True,False,False,False,13,False,0.1776782168180166,0.205886541174576,1.0,843212592.4912281,0.1227906976744186,1.0,3.0,,,,,,0.0287022639226037,-0.0182998108765373,0.216592356313516,-1.8524677719050031,0.3886363636363636,-1.8524677719050031,0.4468762170138317,-302.0,0.7272727272727273,0.8863636363636364,0.3863636363636363,0.6761363636363636,0.7068181818181818,裕民
65.0,66.30000305175781,63.5,64.30000305175781,937377.0,0.0157978487638241,64.12000045776367,0.1973929634677742,60.93500022888183,0.1819853170623409,55.736666933695474,0.1831651939333782,55.04517904917399,0.040823300870669,64.96351950271915,1633005.4,0.5740195347792482,0.0552228244889878,2612.TW,2026-09-10,0.0229616180666354,0.0297169955271594,bull,0.0353488372093023,0.0688372093023255,2026-03-31,2026-05-15,1239781000.0,413974000.0,286693000.0,251153000.0,6735000.0,245435000.0,1.24,3774080000.0,3383047000.0,26827564000.0,13202888000.0,13624676000.0,3013054000.0,905000000.0,5029390000.0,4000000000.0,0.0268163231177807,279004947.8763941,23444517000.0,0.0119006481505417,0.018014006351417,0.0091486129713454,0.9690423464014852,0.3339089726330699,0.2312448730864564,0.1979664150362039,0.0092344987980661,,,50.30355978018509,50.30355978018509,False,82.41659613333495,82.41659613333495,74.38833704504748,361.0,True,True,True,True,True,True,True,True,True,True,True,True,False,True,False,False,False,13,False,0.1536391856414614,0.1681314179088442,1.0,105002252.203537,0.3144186046511628,1.0,3.0,,,,,,0.0521484623128961,-0.0161909084734483,0.2088474328282329,-1.392954606833677,0.5528409090909091,-1.392954606833677,0.6617326561019222,-361.0,0.6704545454545454,0.7613636363636364,0.625,0.6636363636363636,0.6886363636363636,中航
33.45000076293945,34.099998474121094,33.04999923706055,33.45000076293945,3334729.0,0.0356037632520873,32.91000061035156,0.1614583905924265,31.39000024795532,0.1094527756604342,29.870125102996827,0.0704000244140625,29.80756249427796,0.031802126997952,62.59542562683309,2633315.85,1.2663611924866514,0.0656260114275824,2617.TW,2026-09-10,0.0229616180666354,0.0297169955271594,bull,0.0493023255813953,0.12,2026-03-31,2026-05-15,1083585000.0,454984000.0,420156000.0,372514000.0,74470000.0,298044000.0,0.71,3272834000.0,1957091000.0,26562212000.0,8269177000.0,18293035000.0,921024000.0,1017237000.0,5281631000.0,,0.1999119496180009,336161794.8962992,24605121000.0,0.013662269529026,0.0162927584187096,0.0112206016577233,0.452039642410349,0.4198876876294891,0.3877462312601226,0.2750536413848475,0.0574449605745959,,,59.57860740402141,59.57860740402141,False,86.43674598131977,86.43674598131977,79.72221133699519,270.0,True,True,True,True,True,True,True,True,True,True,True,True,True,True,False,False,False,14,False,0.1198480303513513,0.1221984611912068,1.0,88084417.19156055,0.3311627906976744,1.0,3.0,,,,,,0.0305010142816092,-0.0056261496892254,0.1909435547482621,-1.9239261515672303,0.3801136363636364,-1.9239261515672303,0.394234208988201,-270.0,0.7613636363636364,0.8977272727272727,0.3409090909090909,0.6982954545454545,0.718181818181818,台航
100.0,104.0,100.0,100.5,4519917.0,0.0070139972628975,99.61999969482422,0.1795775070397285,95.21499938964844,0.2984495868052088,85.39333330790201,0.4295874201599634,79.27971878051758,0.0334292065073986,47.368422461567945,8069784.75,0.5601037871549176,0.0555059669614002,2637.TW,2026-09-10,0.0229616180666354,0.0297169955271594,bull,0.0427906976744186,0.0381395348837209,2026-03-31,2026-05-15,4338022000.0,1244039000.0,1197473000.0,1201283000.0,6082000.0,1195201000.0,1.6,8930959000.0,8128467000.0,84286573000.0,33874386000.0,50412187000.0,5975075000.0,2132536000.0,18694305000.0,992902000.0,0.0050629202277897,1191410289.726068,76158106000.0,0.0156439065032167,0.0237085726909645,0.0141802063775923,0.6719483524886551,0.2867756318432686,0.276041246448266,0.2755175054437253,0.2360516073148353,,,62.80204855376821,62.80204855376821,False,77.38828794445777,77.38828794445777,73.74172809678538,237.0,True,True,True,True,True,True,True,False,True,True,True,True,False,True,True,False,False,12,False,0.1769068627129006,0.2676634269885571,1.0,811013367.375,0.1265116279069767,2.0,3.0,,,,,,0.027107437316589,-0.0502836535647949,0.2322463766388505,-1.8009719044022354,0.3846590909090909,-1.8009719044022354,0.4366873182125476,-237.0,0.7840909090909091,0.75,0.375,0.7227272727272727,0.6920454545454544,慧洋-KY
17.850000381469727,18.049999237060547,17.75,17.899999618530273,61191381.0,0.0467835800709957,17.550000381469726,0.0881458229994465,16.835000133514406,0.0141643062551419,17.205310948689778,0.1933333079020183,16.648072139422098,0.0162994310510887,76.47058383541459,74659680.5,0.8196041101461718,0.0632610321692668,2834.TW,2026-09-10,0.0229616180666354,0.0297169955271594,bull,0.1051162790697674,0.2604651162790697,2026-03-31,2026-05-15,,,,,886677000.0,3437983000.0,,,,2555347612000.0,2406237987000.0,149109625000.0,29451426000.0,,,,,,2555347612000.0,,0.0230567476780925,0.0013454071703807,16.137375350518116,,,,,,,11.10187505518378,11.10187505518378,False,60.60663640170246,60.60663640170246,48.23044606507278,1020.0,True,False,True,True,True,False,True,False,True,False,True,True,True,True,False,False,False,10,False,0.0403764088839904,0.0751995467477373,1.0,1336408252.469592,0.0948837209302325,0.0,3.0,,,,,,0.0498681185282978,-0.0610227095865918,0.1950668728671846,-1.3771778675566355,0.4909090909090909,-1.3771778675566355,0.5315856849917,-1020.0,0.0795454545454545,0.0113636363636363,0.5,0.1426136363636363,0.1431818181818182,臺企銀
15.850000381469728,16.0,15.600000381469728,15.600000381469728,291845.0,0.0721649606165286,15.720000076293946,0.0795848157359302,14.709999990463256,0.0721649606165286,14.644123442967732,0.209302390913332,14.148311718304951,0.0211732084951469,64.86486695472784,212949.35,1.3704902128135164,0.0605030857636623,2849.TW,2026-09-10,0.0229616180666354,0.0297169955271594,bull,0.1172093023255814,0.1525581395348837,2026-03-31,2026-05-15,,,,,36199000.0,,,,,398942212000.0,362433426000.0,36508786000.0,2706824000.0,,,,,,398942212000.0,,,,9.92729328222527,,,,,,,0.0,0.0,False,81.50481307924736,81.50481307924736,61.12860980943552,1074.0,True,True,True,True,True,True,True,True,True,True,True,True,True,True,False,False,False,14,False,0.0652737558669664,0.1026050805260812,1.0,3322009.941233731,0.761860465116279,0.0,3.0,,,,,,0.0861119011777736,0.0112177230721105,0.2887773603322297,-0.7680208815121131,0.8147727272727272,-0.7680208815121131,0.8044436480611793,-1074.0,0.0113636363636363,0.2840909090909091,0.8977272727272727,0.1443181818181818,0.2704545454545455,安泰銀
146.0,149.0,146.0,148.5,12232372.0,0.0102040816326529,148.9,0.1556420233463034,139.825,0.0959409594095941,131.1616631825765,0.6760722636284797,114.76583143870036,0.0392047565960607,71.01449275362319,20830518.45,0.5872331996614324,0.0620418380118006,2881.TW,2026-09-10,0.0229616180666354,0.0297169955271594,bull,0.0530232558139534,0.1274418604651162,2026-03-31,2026-05-15,66193246000.0,,,38624861000.0,5062760000.0,33551455000.0,,,,13120104726000.0,12085399702000.0,1034705024000.0,358727505000.0,,,,0.131075164257549,,13120104726000.0,,0.0324261062058977,0.0025572551211051,11.68004351160858,,,0.5068712750542556,-0.3925800152621125,,,12.264204123597382,12.264204123597382,False,75.39340898160354,75.39340898160354,59.611107767102,1003.0,True,True,True,True,True,True,True,True,True,True,True,True,False,True,False,False,False,13,False,0.1321905837171995,0.2939391292548428,1.0,3093331989.825,0.0576744186046511,2.0,3.0,,,,,,-0.0493898849098559,-0.1602405508971585,0.3821992028306983,-1.1743668562802163,0.4494318181818182,-1.1743668562802163,0.4699221645922483,-1003.0,0.1136363636363636,0.2272727272727272,0.4318181818181818,0.1613636363636363,0.2113636363636363,富邦金
69.0,70.19999694824219,69.0,69.69999694824219,13248867.0,0.0175182036239736,69.9999984741211,0.0399999089288956,65.86961479187012,0.044977513302256,65.94852339426676,0.576922980659399,60.0538449605306,0.0158672639001324,76.63550735488103,23649363.3,0.5602208749526885,0.058150972470008,2885.TW,2026-09-10,0.0229616180666354,0.0297169955271594,bull,0.1795348837209302,0.1953488372093023,2026-03-31,2026-05-15,39984934000.0,,,18723853000.0,3129395000.0,14409154000.0,,,,4640879682000.0,4254342700000.0,386536982000.0,77947312000.0,,,,0.167134136334012,,4640879682000.0,,0.0372775560192064,0.0031048324859373,11.00630184979299,,,0.360364581319554,0.2805185364050884,,,38.0190051862678,38.0190051862678,False,59.5761469306402,59.5761469306402,54.1868614945471,558.0,True,False,True,True,True,False,True,False,True,True,True,True,False,True,False,False,False,10,False,0.0568848756710991,0.1606250523018362,1.0,1648360549.8378708,0.0790697674418604,1.0,3.0,,,,,,-0.0861433835426356,-0.1814675797718218,0.1526562319728371,-1.3950093710712843,0.1829545454545454,-1.3950093710712843,0.187225392258287,-558.0,0.5113636363636364,0.0795454545454545,0.1022727272727272,0.4499999999999999,0.3,元大金
49.59999847412109,50.400001525878906,49.5,49.900001525878906,20874090.0,-0.009920634620284,50.10999984741211,0.088331585311693,48.15249996185303,0.1064302264779923,47.72316226959228,0.2877419748613912,43.9799144744873,0.0124971790219245,68.32298784177677,31357823.85,0.6656740627108281,0.0362909831350453,2886.TW,2026-09-10,0.0229616180666354,0.0297169955271594,bull,0.1041860465116279,0.121860465116279,2026-03-31,2026-05-15,20768442000.0,,,11219594000.0,1822242000.0,9397352000.0,,,,5003279677000.0,4601326283000.0,401953394000.0,108936088000.0,,,,0.1624160375143699,,5003279677000.0,,0.0233792079884763,0.0018782383969458,11.447412440557724,,,0.4524822805677961,0.1010590363542149,,,21.43739093265881,21.43739093265881,False,73.71550241380156,73.71550241380156,60.64597454351587,830.0,True,False,True,True,True,True,True,True,True,True,True,True,False,True,False,False,False,12,False,0.0456138938151138,0.1346088804885203,1.0,1564755457.963242,0.0846511627906976,1.0,3.0,,,,,,-0.0701940408495127,-0.1632273821798817,0.1877258428713101,-1.7056164574412591,0.1647727272727272,-1.7056164574412591,0.1656077735239225,-830.0,0.2272727272727272,0.2613636363636363,0.0568181818181818,0.2017045454545454,0.2034090909090908,兆豐金
42.0,42.79999923706055,41.70000076293945,42.150001525878906,38477464.0,0.0168878347419796,41.99000015258789,0.1643646584955571,38.94000034332275,0.2929448925998847,35.81536874771118,0.7099392364368742,30.415601015090942,0.0421517405795177,77.52809374038284,64327439.55,0.598150093788398,0.0824345442797767,2887.TW,2026-09-10,0.0229616180666354,0.0297169955271594,bull,0.0465116279069767,0.04,2026-03-31,2026-05-15,47867456000.0,,,25588754000.0,4532177000.0,21040510000.0,,,,9064708955000.0,8465511408000.0,599197547000.0,97795796000.0,,,,0.1771159705548773,,9064708955000.0,,0.035114479532407,0.0023211456765409,14.12808088147931,,,0.439557723727787,0.933005034802805,,,37.907562917661295,37.907562917661295,False,79.47419651943876,79.47419651943876,69.08253811899439,559.0,True,True,True,True,True,True,True,False,True,True,True,True,False,True,False,False,False,12,False,0.1768691207059691,0.3858020265641255,1.0,2711401675.188383,0.0623255813953488,1.0,3.0,,,,,,-0.1484441632324285,-0.2161260559605788,0.1537892629842542,-1.7250014910952178,0.0903409090909091,-1.7250014910952178,0.1295539793566109,-559.0,0.5,0.6590909090909091,0.0227272727272727,0.4284090909090909,0.4522727272727272,台新新光金
16.649999618530273,16.75,16.399999618530273,16.549999237060547,13151591.0,0.0060789343150902,16.58000030517578,0.0643086195536841,15.777461194992066,0.0888157529431361,15.522487099965414,0.0,15.26749356587728,0.0203719223229592,74.73088859607711,15778193.2,0.8335295957714601,0.0489646612037741,2889.TW,2026-09-10,0.0229616180666354,0.0297169955271594,bull,0.1316279069767441,0.1330232558139535,2026-03-31,2026-05-15,2670617000.0,,,1318966000.0,191865000.0,897373000.0,,,,469578158000.0,414812209000.0,54765949000.0,15724281000.0,,,,0.1454662212672654,,469578158000.0,,0.0163856012063262,0.0019110194644104,7.57427227272187,,,0.3360171076571444,0.5571184687557942,,,31.713016597318976,31.713016597318976,False,71.8059698289967,71.8059698289967,61.78273152107727,652.0,True,False,True,True,True,True,True,False,True,True,True,True,True,True,False,False,False,12,False,0.0661950710912442,0.0840023718136457,1.0,261129085.42219388,0.2158139534883721,0.0,3.0,,,,,,-0.0488882614562409,-0.1218051489107179,0.1313845126614245,-1.6544859779989918,0.14375,-1.6544859779989918,0.1597481502536343,-652.0,0.4090909090909091,0.3068181818181818,0.0454545454545454,0.3545454545454545,0.3056818181818182,國票金
42.59999847412109,43.5,42.54999923706055,42.900001525878906,21543349.0,0.0070423254108815,42.99999999999999,0.073842320565763,40.84999961853027,0.1801926637334252,39.85274880727132,0.3343701240992747,35.7634577592214,0.0229122316193644,75.38466865500668,25320859.5,0.850814286142222,0.0501836456913629,2890.TW,2026-09-10,0.0229616180666354,0.0297169955271594,bull,0.121860465116279,0.0697674418604651,2026-03-31,2026-05-15,26199317000.0,,,13172491000.0,2157069000.0,10973530000.0,,,,3820349236000.0,3552231164000.0,268118072000.0,41779009000.0,,,,0.163755587306911,,3820349236000.0,,0.0409279759403909,0.0028723892299148,13.24875692825361,,,0.4188479417230609,0.4040584778805451,,,40.18365017296791,40.18365017296791,False,73.78197047428023,73.78197047428023,65.38239039895215,505.0,True,False,True,True,True,True,True,False,True,True,True,True,True,True,False,False,False,12,False,0.0764627989237118,0.1995484836702457,1.0,1086264911.1865654,0.1088372093023255,1.0,3.0,,,,,,-0.0915000503616346,-0.1728189744907486,0.1711926579881358,-1.5961043862219648,0.1471590909090909,-1.5961043862219648,0.1674026533894955,-505.0,0.5568181818181818,0.4545454545454545,0.0795454545454545,0.4852272727272726,0.4306818181818181,永豐金
10.850000381469728,10.899999618530272,10.75,10.800000190734863,2622288.0,-0.009174259751845,10.84000015258789,0.0640394676486413,10.462500047683717,0.0236966820360395,10.337580903371174,0.0953347430819679,10.239623792966206,0.0170109449505297,72.0000244140812,4905197.05,0.5345938141261828,0.0322580780418602,2897.TW,2026-09-10,0.0229616180666354,0.0297169955271594,bull,0.1330232558139535,0.2372093023255814,2026-03-31,2026-05-15,,,,,308566000.0,766449000.0,,,,714942709000.0,649644985000.0,65297724000.0,6137312000.0,,,,,,714942709000.0,,0.0117377598030828,0.0010720425432018,9.948968282569847,,,,,,,6.081891632619952,6.081891632619952,False,67.76724293759688,67.76724293759688,52.34590511135264,1063.0,True,False,True,True,True,True,True,False,True,False,True,True,False,True,False,False,False,10,False,0.0447318663511393,0.0547262681812188,1.0,52976129.075592086,0.3906976744186046,0.0,3.0,,,,,,0.0742790767327613,-0.0155011016878194,0.2135801598522156,-0.5088866565197409,0.6710227272727273,-0.5088866565197409,0.7598087140324867,-1063.0,0.034090909090909,0.034090909090909,0.8181818181818182,0.1517045454545454,0.1909090909090909,王道銀行
18.0,18.450000762939453,17.899999618530273,18.350000381469727,1315827.0,0.0082417369363916,18.139999771118163,0.1327160195849375,17.559140014648438,0.1915584958450145,16.308880043029784,0.2968198499058121,15.190273332595826,0.0257022233883285,65.74637162791115,1687963.85,0.7795350593556846,0.0450398120956678,2905.TW,2026-09-10,0.0229616180666354,0.0297169955271594,bull,0.0669767441860465,0.0623255813953488,2026-03-31,2026-05-15,29552820000.0,,,,-68929000.0,32878000.0,0.03,133124099000.0,1468399841000.0,1617410517000.0,62246052000.0,86764624000.0,72610211000.0,2757000000.0,7269508000.0,,,,149010676000.0,,0.0003789332389661,2.032755423217024e-05,0.717412801788895,,,0.0011125165043471,-0.4161502905041906,,,21.27042291580655,21.27042291580655,False,79.91212956093926,79.91212956093926,65.25170289965608,836.0,True,True,True,True,True,True,True,True,True,True,True,True,False,True,False,False,False,13,False,0.1251539243071624,0.2080098876228675,1.0,30974137.29140711,0.4604651162790698,0.0,3.0,,,,,,0.0259386596404003,-0.0062132729675584,0.2259443540394281,-1.751513490167403,0.4431818181818182,-1.751513490167403,0.4839710877211846,-836.0,0.2159090909090909,0.4318181818181818,0.4431818181818182,0.25,0.3261363636363636,三商
13.649999618530272,13.899999618530272,13.649999618530272,13.899999618530272,134631.0,0.007246335247339,13.810000038146972,0.0296296013726127,13.830000019073486,0.0775193821373099,13.618067328135172,0.0530302893469591,13.1677836338679,0.0070999481727575,47.826076139787176,186058.25,0.7235959706167289,0.0050614316240236,2906.TW,2026-09-10,0.0229616180666354,0.0297169955271594,bull,0.2158139534883721,0.147906976744186,2026-03-31,2026-05-15,2284987000.0,678347000.0,87656000.0,107952000.0,33901000.0,14332000.0,0.07,5399113000.0,4299259000.0,13106768000.0,6450412000.0,6656356000.0,988485000.0,2269710000.0,1295253000.0,,0.3140377204683563,60128709.57462576,8807509000.0,0.0068269824730949,0.0021531300309057,0.0010934808642374,0.9690605490451532,0.2968712732282503,0.0383617062153964,0.0062722457501946,-0.0082534614755276,,,26.85861461958869,26.85861461958869,False,65.24969294541282,65.24969294541282,55.65192336395678,736.0,True,False,True,True,True,True,True,False,True,True,True,True,False,True,False,False,False,11,False,0.0207028121980732,0.055606623333261,1.0,2586209.60402441,0.7953488372093023,0.0,3.0,,,,,,0.0587845545642852,0.0322977746028207,0.2102790710668445,-1.3870220660158614,0.6681818181818182,-1.3870220660158614,0.7514913640227803,-736.0,0.3068181818181818,0.1022727272727272,0.8068181818181818,0.3818181818181818,0.3454545454545454,高林
22.14999961853028,22.200000762939453,21.89999961853028,22.200000762939453,230300.0,0.0045249040607968,22.24000015258789,0.0136986826317262,21.99000015258789,0.0673077681360894,21.74250005086263,0.1100000381469725,21.182574590047203,0.0053720477419585,63.157884169822246,226125.55,1.018460762173934,0.0095498230511312,2908.TW,2026-09-10,0.0229616180666354,0.0297169955271594,bull,0.2790697674418604,0.1590697674418604,2026-03-31,2026-05-15,9402236000.0,2780908000.0,276866000.0,231204000.0,54293000.0,160854000.0,0.32,20114529000.0,15304252000.0,40538813000.0,31810333000.0,8728480000.0,2421634000.0,4169050000.0,9539478000.0,,0.2348272521236656,211850318.0135292,25234561000.0,0.0083952448395487,0.0184286382050483,0.0039679010828462,3.6444298434549887,0.2957709208745664,0.0294468252020051,0.0171080581257479,0.0988141239298459,,,24.019508975015057,24.019508975015057,False,71.20317198549446,71.20317198549446,59.407256232874616,782.0,True,False,True,True,True,True,True,True,False,True,True,True,True,True,False,False,False,12,False,0.0210417712317618,0.0480312800772715,1.0,5019987.382520103,0.6883720930232559,0.0,3.0,,,,,,0.0655274944667529,0.0429081132044599,0.250187927673044,-0.8711774249333761,0.8051136363636363,-0.8711774249333761,0.8329526029802171,-782.0,0.2613636363636363,0.2159090909090909,0.9204545454545454,0.3602272727272727,0.3795454545454545,特力
305.0,319.0,302.0,312.0,26080707.0,0.1263537906137184,298.5,0.1243243243243243,276.9,0.3866666666666667,241.79495340983075,0.5959079283887467,219.28914337158204,0.026220698600945,72.11155378486056,16215160.4,1.6084149867552342,0.1267605633802817,3006.TW,2026-09-10,0.0229616180666354,0.0297169955271594,bull,0.0734883720930232,0.0223255813953488,2026-03-31,2026-05-15,7266900000.0,3453448000.0,2254754000.0,2352467000.0,288641000.0,2063883000.0,7.22,17585827000.0,5859607000.0,20073767000.0,7169155000.0,12904612000.0,7031281000.0,1000000000.0,693679000.0,0.0,0.1226971515434647,1978102106.7687664,14214160000.0,0.1391641930841334,0.1599337508171497,0.1028149325435529,0.5555498297817866,0.4752298779396992,0.3102772846743453,0.2840114766957024,1.503294079957009,,,98.64788449850906,98.64788449850906,True,87.16708441269863,87.16708441269863,90.03728443415125,7.0,True,True,True,True,True,True,True,False,True,True,False,True,True,True,True,True,True,13,False,0.2903495114357293,0.422779054188382,1.0,5059130044.8,0.0437209302325581,2.0,0.0,,,,,,0.0599907859313002,-0.0289211986901413,0.2679092935234403,-1.3343849173719302,0.6596590909090909,-1.3343849173719302,0.6516821333479925,-7.0,1.0,1.0,0.6136363636363636,0.9420454545454544,0.9227272727272728,晶豪科
6770.0,6875.0,6680.0,6720.0,1752071.0,-0.0601398601398601,6830.0,0.4420600858369099,6368.0,0.3061224489795917,4982.267207845052,1.853503184713376,4000.508603922526,0.1033090390837161,60.83984375,2445274.8,0.716512925254863,0.0552763819095476,3008.TW,2026-09-10,0.0229616180666354,0.0297169955271594,bull,0.0065116279069767,0.0372093023255813,2026-03-31,2026-05-15,15544079000.0,7679569000.0,5812218000.0,7287959000.0,1112047000.0,6123204000.0,46.63,159095122000.0,39536493000.0,226385533000.0,39762818000.0,186622715000.0,119023098000.0,146000.0,,,0.1525868902390916,4925349729.988327,186849040000.0,0.026360048357692,0.0328106040039123,0.0270476824152893,0.213065263786351,0.4940510788706104,0.3739184547376528,0.3939251724080918,0.0661796222311039,,,76.94531754874203,76.94531754874203,False,88.30283237489124,88.30283237489124,85.46345366835394,100.0,True,True,True,True,True,True,True,True,True,True,True,False,False,True,True,False,False,12,False,0.348783539634069,0.6797864135102707,1.0,16432246655.999998,0.0093023255813953,3.0,2.0,,,,,,-0.0595291373456349,-0.0970864593666075,0.2597561519288082,-1.5831719701400844,0.3210227272727273,-1.5831719701400844,0.3890331034879907,-100.0,0.9204545454545454,0.9545454545454546,0.3295454545454545,0.8318181818181818,0.8125,大立光
3405.0,3470.0,3380.0,3460.0,2568451.0,0.0484848484848485,3423.0,0.0876643584886516,3226.4723510742188,0.4630021141649048,2716.0971883138022,0.6878048780487804,2590.548594156901,0.0447434392858027,70.73170731707317,3557280.65,0.7220265288880146,0.0723786301308395,3017.TW,2026-09-10,0.0229616180666354,0.0297169955271594,bull,0.1069767441860465,0.0186046511627906,2026-03-31,2026-05-15,49037946000.0,14597401000.0,12019030000.0,11979060000.0,3304089000.0,7915619000.0,20.17,135871669000.0,112699102000.0,175993383000.0,124678400000.0,51314983000.0,67880246000.0,16445795000.0,7190026000.0,,0.2758220594938167,8703916392.282032,63294281000.0,0.1375150527783392,0.1542555124689411,0.0449767989288551,2.4296685433959904,0.2976756204266794,0.2450965217833552,0.161418241294201,1.1016606943545204,,,82.5145908535667,82.5145908535667,False,77.35713390625213,77.35713390625213,78.64649814308078,70.0,True,True,True,True,True,True,True,True,True,True,True,True,False,True,True,False,False,13,False,0.2738866690363259,0.335624434069365,1.0,12308191049.0,0.0148837209302325,3.0,2.0,,,,,,0.1234910833546343,0.0121300424177018,0.3721543635513189,-0.9359875072893584,0.8744318181818181,-0.9359875072893584,0.8730190640336172,-70.0,0.9545454545454546,0.875,0.9545454545454546,0.9545454545454546,0.9306818181818182,奇鋐
13.949999809265137,14.699999809265137,13.949999809265137,14.550000190734863,1334648.0,-0.0068258996859578,14.130000114440918,0.0817844161389491,14.22999997138977,0.164000015258789,13.181882890065513,0.3598131261774424,13.137774761517845,0.0173369093762412,59.72222626945398,1445312.65,0.9234320338924592,0.0224877174974329,3024.TW,2026-09-10,0.0229616180666354,0.0297169955271594,bull,0.1125581395348837,0.0855813953488372,2026-03-31,2026-05-15,257621000.0,66335000.0,3797000.0,8577000.0,2582000.0,5995000.0,0.02,2489569000.0,1763960000.0,4904392000.0,1870820000.0,3033572000.0,719789000.0,360000000.0,0.0,,0.3010376588550775,2653960.0093272706,3140432000.0,0.0008450939263538,0.0019762181349247,0.00122237374174,0.6167053229657974,0.2574906548767375,0.0147387053074089,0.0232706184666622,-0.5896336791534654,,,20.275012830277888,20.275012830277888,False,79.93794879885638,79.93794879885638,65.02221480671176,853.0,True,True,True,True,True,True,True,True,True,True,True,True,True,True,False,False,False,14,False,0.1037876995326996,0.1074935028840349,1.0,21029299.33317151,0.5060465116279069,0.0,3.0,,,,,,0.0389802405518346,0.0053186040068072,0.2972166375882503,-1.517875980816236,0.6289772727272727,-1.517875980816236,0.6884415849572619,-853.0,0.1818181818181818,0.4204545454545454,0.6931818181818182,0.2585227272727273,0.3556818181818182,憶聲
111.0,114.5,110.5,113.0,887620.0,0.036697247706422,111.3,0.0134529147982063,111.1,0.107843137254902,106.01000010172524,0.0560747663551401,102.5525000890096,0.0045207956600361,54.34782608695652,909191.35,0.9762741363520452,0.0171017101710171,3029.TW,2026-09-10,0.0229616180666354,0.0297169955271594,bull,0.28,0.1209302325581395,2026-03-31,2026-05-15,6876938000.0,811379000.0,385472000.0,424218000.0,78018000.0,295873000.0,1.77,12286821000.0,7803745000.0,15126326000.0,8760650000.0,6365676000.0,2911146000.0,3716000.0,,,0.1839101593991768,314579783.0360805,7322581000.0,0.0429602326059732,0.0464794312497211,0.0195601364138258,1.3762324692617092,0.1179855045952137,0.0560528537555522,0.0430239446683974,0.0168646985516829,,,48.26050505492552,48.26050505492552,False,67.61058235247187,67.61058235247187,62.77306302808528,393.0,True,False,True,True,True,True,True,True,False,True,True,True,True,True,False,False,False,12,False,0.0659371747152841,0.1018746486133694,1.0,102738622.55,0.3172093023255814,2.0,3.0,,,,,,0.0487915591683065,-0.0031062129961776,0.2477621606793438,-0.587005445005428,0.6846590909090909,-0.587005445005428,0.686002076919221,-393.0,0.625,0.3522727272727273,0.6704545454545454,0.6318181818181818,0.5522727272727272,零壹
538.0,551.0,534.0,545.0,2516749.0,0.0341555977229601,537.2,0.0130111524163569,535.6,0.0582524271844659,520.3195912679037,0.4155844155844155,482.25146230061847,-0.0012121212121211,56.41025641025641,3372213.8,0.746319524580559,0.0175504107542943,3034.TW,2026-09-10,0.0229616180666354,0.0297169955271594,bull,0.2837209302325581,0.1776744186046511,2026-03-31,2026-05-15,23145303000.0,9039901000.0,4027546000.0,4389348000.0,622236000.0,3767112000.0,6.19,79261926000.0,21790635000.0,103666583000.0,31738768000.0,71927815000.0,48919537000.0,,,,0.1417604619182621,3456599218.642951,81875948000.0,0.0422175169030464,0.0523735080788982,0.036338730292673,0.4412586146263444,0.390571728527382,0.1740113750077067,0.1627592432036858,-0.1465659805926223,,,75.54535048945058,75.54535048945058,False,58.40933075771641,58.40933075771641,62.69333569064995,116.0,True,False,True,True,True,True,False,True,False,True,True,True,False,True,True,False,False,10,False,0.0474331721239933,0.1301158059739926,1.0,1837856521.0,0.0744186046511627,3.0,3.0,,,,,,0.0987827782363141,0.0520204886836579,0.3264283439032548,-0.4643167836634306,0.9352272727272728,-0.4643167836634306,0.9447007198194464,-116.0,0.8977272727272727,0.3409090909090909,1.0,0.9130681818181818,0.7511363636363637,聯詠
40.59999847412109,42.79999923706055,40.29999923706055,41.900001525878906,5598832.0,-0.0094562108367886,43.05,0.0798969677777037,39.65,0.0814271628008638,38.615000089009605,0.7642105905633223,33.784545214970905,0.0397954531959651,66.48793839867818,5513088.45,1.015552725260557,0.0567465706400733,3094.TW,2026-09-10,0.0229616180666354,0.0297169955271594,bull,0.1153488372093023,0.1432558139534883,2026-03-31,2026-05-15,47206000.0,35395000.0,2347000.0,7478000.0,1717000.0,5761000.0,0.07,792305000.0,52199000.0,1133462000.0,121752000.0,1011710000.0,710423000.0,,,,0.229606846750468,1808112.730676652,1081263000.0,0.0016722228825703,0.005694319518439,0.0050826582629148,0.1203427859762184,0.7497987543956277,0.0497182561538787,0.1220395712409439,-0.0850131803380369,,,35.49964257677029,35.49964257677029,False,76.71891713352981,76.71891713352981,66.41409849433992,594.0,True,True,True,True,True,True,True,True,True,True,True,True,True,True,False,False,False,14,False,0.0850706054459977,0.2402120928154987,1.0,230998414.4673054,0.2251162790697674,1.0,3.0,,,,,,-0.0072836505473685,-0.0644670179259945,0.222802826646846,-1.616359294402555,0.3227272727272727,-1.616359294402555,0.3526025610782606,-594.0,0.4659090909090909,0.5,0.25,0.4335227272727272,0.4329545454545454,聯傑
5895.0,6275.0,5850.0,6225.0,1825382.0,0.0732758620689655,5971.0,0.1236462093862815,5800.75,0.2266009852216748,4877.166666666667,1.3642191542586797,4447.584763590495,0.0465000902038607,64.36781609195403,2021146.5,0.9031418553776284,0.073137094341249,3443.TW,2026-09-10,0.0229616180666354,0.0297169955271594,bull,0.0753488372093023,0.0530232558139534,2026-03-31,2026-05-15,11447812000.0,3113307000.0,1824178000.0,1924721000.0,278481000.0,1646240000.0,12.28,31638843000.0,19973296000.0,35132291000.0,20548418000.0,14583873000.0,7671980000.0,,,,0.144686424681811,1560244207.1967833,15158995000.0,0.1029253065389086,0.1128808513348957,0.0468583161855285,1.4089822367487703,0.2719565101173918,0.1593473058432476,0.1438038989459295,0.6298963899650951,,,83.63888359987813,83.63888359987813,True,83.76669347019393,83.76669347019393,83.73474100261498,63.0,True,True,True,True,True,True,True,True,True,True,True,True,True,True,True,True,False,14,False,0.2763558076752213,0.3996360566211252,1.0,12581636962.5,0.013953488372093,3.0,2.0,,,,,,0.0637237091214282,-0.0586918216998079,0.4527319953372809,-0.4927504431728782,0.75625,-0.4927504431728782,0.7957498844998845,-63.0,0.9659090909090908,0.9431818181818182,0.875,0.9522727272727272,0.9409090909090908,創意
29.14999961853028,30.100000381469727,29.100000381469727,29.5,549556.0,-0.073783370591008,29.679999923706056,0.0350877192982457,28.96750011444092,0.042402854957253,28.700833225250243,0.2882096284459809,29.11833322842916,0.0127611242545321,59.88023678532964,844483.5,0.6507599023545161,0.018382666210593,3518.TW,2026-09-10,0.0229616180666354,0.0297169955271594,bull,0.1990697674418604,0.2,2026-03-31,2026-05-15,62020000.0,-8136000.0,-65733000.0,299263000.0,11897000.0,283367000.0,2.81,1286836000.0,314326000.0,2442515000.0,739644000.0,1702871000.0,660760000.0,144500000.0,19646000.0,291744000.0,0.0397543298035507,-63119828.6390232,2128189000.0,-0.0296589394264434,0.1664054411637757,0.1160144359400044,0.434351163417546,-0.1311834891970332,,,-0.1616426505177215,,,49.17067183075589,49.17067183075589,False,74.31561447799321,74.31561447799321,68.02937881618388,382.0,True,False,True,True,True,True,True,True,True,True,True,True,False,True,False,False,False,12,False,0.0278447238265777,0.0131074388282019,1.0,24912263.25,0.4883720930232558,0.0,3.0,,,,,,0.0510883125913638,-0.0168336769070034,0.0717606870876233,-1.4814201640806373,0.4369318181818182,-1.4814201640806373,0.4526472527044981,-382.0,0.6363636363636364,0.5909090909090909,0.4090909090909091,0.6022727272727273,0.5772727272727273,柏騰
56.0,56.400001525878906,55.59999847412109,56.0,244868.0,0.0017888814202411,56.17999954223633,0.0294117358316607,55.63500003814697,0.0334109889967551,54.63666661580404,0.0687022589559116,55.032280667622885,0.0105349147172134,55.99997558597468,181256.85,1.3509448056721718,0.0065606176256449,3705.TW,2026-09-10,0.0229616180666354,0.0297169955271594,bull,0.2167441860465116,0.2167441860465116,2026-03-31,2026-05-15,1840865000.0,814150000.0,297411000.0,335863000.0,82504000.0,237394000.0,0.89,7096418000.0,2695071000.0,12716314000.0,4269427000.0,8446887000.0,1125149000.0,360709000.0,848392000.0,,0.24564777900513,224352648.39830524,10021243000.0,0.0223877066346265,0.0281043181943833,0.0186684600584729,0.5054438398430097,0.4422649135053358,0.1615604620653877,0.1289578540523069,-0.1553673664341042,,,60.307644264833584,60.307644264833584,False,70.99474526793001,70.99474526793001,68.32297001715591,259.0,True,False,True,True,True,True,True,True,True,True,True,True,True,True,True,False,False,13,False,0.0249527189091292,0.0175845761912327,1.0,10150383.6,0.6083720930232558,1.0,3.0,,,,,,0.080334579314578,0.0502529864212192,0.1993042574943269,-1.145259545044637,0.7426136363636364,-1.145259545044637,0.7507994627524429,-259.0,0.7727272727272727,0.6136363636363636,0.7954545454545454,0.7761363636363635,0.7295454545454545,永信
641.0,653.0,635.0,650.0,17413144.0,0.1035653650254668,623.4,0.0383386581469649,604.25,0.0924369747899158,621.1110646565755,0.8895348837209303,557.9096989949544,0.00215606600879,66.66666666666666,17191054.8,1.0129188815104004,0.0757136946628052,3711.TW,2026-09-10,0.0229616180666354,0.0297169955271594,bull,0.1869767441860465,0.1293023255813953,2026-03-31,2026-05-15,173662152000.0,34849839000.0,17531793000.0,18200253000.0,3635258000.0,14147537000.0,3.24,337698528000.0,294501914000.0,957527444000.0,576383490000.0,381143954000.0,87811246000.0,40365151000.0,199142046000.0,1999351000.0,0.1997366739901912,14030050977.095484,663025530000.0,0.0211606496918685,0.0371186184419968,0.0147750720761586,1.5122461840231631,0.2006760747730455,0.1009534478186127,0.0814658625213857,0.1721790641369744,,,49.34794674627236,49.34794674627236,False,66.2789751397412,66.2789751397412,62.046218041374,377.0,True,False,True,True,True,False,True,True,True,True,False,True,True,True,False,False,False,11,False,0.0465117061783431,0.165063093850029,1.0,11174185620.0,0.015813953488372,3.0,3.0,,,,,,0.0011256856179857,-0.0810032519877382,0.2257098135150521,-1.0903600633443795,0.4176136363636363,-1.0903600633443795,0.3737942379872231,-377.0,0.6477272727272727,0.3295454545454545,0.2840909090909091,0.5931818181818181,0.4795454545454545,日月光投控
57.70000076293945,58.20000076293945,56.09999847412109,57.900001525878906,218946.0,0.0320856167685665,56.01999969482422,0.0508167537077683,54.14000015258789,0.3356402206206264,49.560603332519534,0.1070746151149102,47.778634929656974,0.0120572030166192,73.33335028754883,212514.75,1.0302626053015145,0.0694496003452871,4119.TW,2026-09-10,0.0229616180666354,0.0297169955271594,bull,0.1581395348837209,0.0306976744186046,2026-03-31,2026-05-15,375798000.0,82325000.0,33151000.0,28590000.0,8480000.0,20110000.0,0.17,1104577000.0,1053320000.0,6954821000.0,1544198000.0,5410623000.0,51949000.0,390000000.0,300399000.0,,0.2966072053165442,23318174.53655124,5901501000.0,0.0039512277531684,0.0037167623765322,0.0028915194222827,0.2854011451176694,0.2190671584202151,0.0882149452631466,0.0535127914464685,0.0430373141784996,,,33.11973270077256,33.11973270077256,False,75.52802716597648,75.52802716597648,64.9259535496755,627.0,True,True,True,True,True,True,True,False,True,True,True,True,True,True,False,False,False,13,False,0.1682666802380796,0.2118387561955947,1.0,12304604.349271774,0.5823255813953488,1.0,3.0,,,,,,0.0230044910963146,-0.0143710735763044,0.1868632033143353,-1.5469725495655666,0.3892045454545454,-1.5469725495655666,0.4241021083092434,-627.0,0.4318181818181818,0.4090909090909091,0.3522727272727273,0.4198863636363636,0.409090909090909,旭富
241.0,244.5,233.0,238.0,2842670.0,0.0303030303030302,240.5,0.0625,221.375,0.1840796019900497,213.0907475789388,1.0084388185654007,209.74120712280276,0.0203964047015441,67.14975845410629,3126222.45,0.9092986968985524,0.075098814229249,4576.TW,2026-09-10,0.0229616180666354,0.0297169955271594,bull,0.1367441860465116,0.0669767441860465,2026-03-31,2026-05-15,855045000.0,333579000.0,142385000.0,156336000.0,25448000.0,115509000.0,0.96,2993873000.0,1467204000.0,7172640000.0,2677573000.0,4495067000.0,739838000.0,80000000.0,1087969000.0,,0.1627776072049943,119207910.39811689,5705436000.0,0.0208937424586161,0.0256968361094506,0.0161041122933815,0.5956692080451749,0.3901303440169815,0.1665233993532504,0.135091135554269,0.454690065244945,,,70.19733381714003,70.19733381714003,False,78.64842538405057,78.64842538405057,76.53565249232294,161.0,True,True,True,True,True,True,True,True,True,True,True,True,True,True,True,False,False,14,False,0.1168950445013274,0.1347317165989792,1.0,744040943.1,0.1348837209302325,2.0,3.0,,,,,,-0.008703577195164,-0.0855636971379441,0.2174444968210744,-1.547914975737649,0.3039772727272727,-1.547914975737649,0.3399732711164964,-161.0,0.875,0.8068181818181818,0.2386363636363636,0.7795454545454545,0.7272727272727272,大銀微系統
58.20000076293945,58.400001525878906,57.59999847412109,58.29999923706055,81249.0,0.0103985869356604,58.57999954223633,0.0174520072131731,57.61499996185303,0.0373665203845676,57.05833333333333,-0.0746031867133246,59.02500009536743,0.0107894730149654,63.82979932228152,67341.05,1.206530043710337,0.0118892523763092,4737.TW,2026-09-10,0.0229616180666354,0.0297169955271594,bull,0.2595348837209302,0.2065116279069767,2026-03-31,2026-05-15,405264000.0,122255000.0,-88509000.0,-100891000.0,-21625000.0,-79924000.0,-1.09,1492041000.0,1758421000.0,5654786000.0,3442043000.0,2212743000.0,387476000.0,517663000.0,1666248000.0,,0.2143402285634992,-69537960.71007325,3896365000.0,-0.0178468805438076,-0.0361198747437004,-0.0141338681958963,1.555554802342613,0.3016675549765091,-0.2183983773540211,-0.1972146551383789,-0.1582270724761705,,,15.873895957923814,15.873895957923814,False,71.61879605044123,71.61879605044123,57.68257102731188,934.0,True,False,True,True,True,True,True,True,False,True,True,True,True,True,False,False,False,12,False,0.0217613419668856,-0.012282945483024,0.0,3925983.163622856,0.7376744186046512,1.0,3.0,,,,,,-0.0249781191367145,-0.0563924692236957,0.1409843287180794,-1.7670817074319582,0.1846590909090909,-1.7670817074319582,0.224846827713369,-934.0,0.1363636363636363,0.1590909090909091,0.1136363636363636,0.1329545454545454,0.1386363636363636,華廣
46.900001525878906,48.04999923706055,46.900001525878906,47.900001525878906,7093123.0,0.0424374478903646,47.48000030517578,0.1337278467663647,44.59250030517578,0.1191589341058274,43.66346162160237,0.2266325854475108,41.81756404240926,0.025763419772178,69.4300487411501,8661851.0,0.8188922898812274,0.0741716925058635,5876.TW,2026-09-10,0.0229616180666354,0.0297169955271594,bull,0.0660465116279069,0.1144186046511628,2026-03-31,2026-05-15,,,,,1276742000.0,5109024000.0,,,,2488960189000.0,2207968500000.0,280991689000.0,30954201000.0,,,,,,2488960189000.0,,0.0181821178348089,0.0020526740534378,7.857771551385635,,,,,,,9.85663137943466,9.85663137943466,False,76.97239308687223,76.97239308687223,60.19345266001284,1037.0,True,True,True,True,True,True,True,True,True,True,True,True,True,True,False,False,False,14,False,0.0970271194022902,0.1454517407398754,1.0,414902676.1169357,0.1758139534883721,1.0,3.0,,,,,,0.0002147827631207,-0.1029208529158541,0.2313402479354472,-1.5576559761777355,0.3352272727272727,-1.5576559761777355,0.3881089680777689,-1037.0,0.0568181818181818,0.25,0.3181818181818182,0.0960227272727272,0.1670454545454545,上海商銀
50.400001525878906,55.5,50.400001525878906,55.400001525878906,5113900.0,0.0715667448421346,51.94000091552734,0.513661306982043,49.355000495910645,0.578347690434369,40.96833349863688,1.134874755186849,36.080416711171466,0.0915021874895916,66.12903225806451,4641013.25,1.101892997181165,0.1224800115333628,6141.TW,2026-09-10,0.0229616180666354,0.0297169955271594,bull,0.0046511627906976,0.0167441860465116,2026-03-31,2026-05-15,492434000.0,34293000.0,-63612000.0,-77804000.0,15064000.0,-65599000.0,-0.58,1350221000.0,3615846000.0,5252579000.0,4716598000.0,535981000.0,92109000.0,1308939000.0,1003547000.0,,0.0,-63612000.0,1636733000.0,-0.0388652272545369,-0.1223905325002192,-0.0124889125894156,8.799935072325326,0.0696397892915598,-0.129178732581422,-0.1332137910867243,0.0266912966607733,,,4.52468916645619,4.52468916645619,False,89.59204404377654,89.59204404377654,68.32520532444646,1066.0,True,True,True,True,True,True,True,True,True,True,True,False,True,True,False,False,False,13,False,0.3522639754854124,0.5354590266892783,1.0,257112141.13162425,0.2186046511627907,1.0,3.0,,,,,,-0.1060544728927217,-0.1592579086305063,0.2202531186059216,-0.6273447699144876,0.3323863636363636,-0.6273447699144876,0.3657091172152989,-1066.0,0.0227272727272727,0.625,0.2727272727272727,0.0602272727272727,0.2534090909090909,柏承
29.39999961853028,30.75,29.25,29.799999237060547,9796732.0,0.079710102361733,29.27999954223633,0.1825396164624768,27.407499980926517,0.0681003456813078,27.01583331425985,0.2789699662161886,26.795416657129923,0.0423084161248303,71.7073155300448,5179498.85,1.891443995590423,0.0872935969278128,6168.TW,2026-09-10,0.0229616180666354,0.0297169955271594,bull,0.04,0.1572093023255814,2026-03-31,2026-05-15,502953000.0,119301000.0,-11310000.0,9301000.0,2206000.0,4900000.0,0.02,2152808000.0,496712000.0,3778323000.0,554367000.0,3223956000.0,336677000.0,16668000.0,,,0.2371787979787119,-8627507.794860767,3281611000.0,-0.0026290464637218,0.0015198718592933,0.001296871654435,0.1719524087797724,0.2372010903603318,-0.0224871906520092,0.0097424610251852,0.0779543101840838,,,27.13023348806351,27.13023348806351,False,79.715533889258,79.715533889258,66.56920878895937,732.0,True,True,True,True,True,True,True,True,True,True,True,True,True,True,False,False,False,14,False,0.1030568219167653,0.1121304668771083,1.0,154349061.77835596,0.2716279069767441,0.0,3.0,,,,,,0.0006564488879295,-0.0831781122603732,0.1845939341941676,-1.6696136123402163,0.2420454545454545,-1.6696136123402163,0.3239826748909378,-732.0,0.3181818181818182,0.5340909090909091,0.2045454545454545,0.3011363636363636,0.3602272727272727,宏齊
83.5999984741211,90.0999984741211,83.30000305175781,89.0,2258772.0,0.1180904736943551,86.34000091552734,0.4217252742712558,77.3600004196167,0.1323155436103869,69.78000005086263,1.271429992848118,68.22256628672282,0.0972271511814625,64.78260458529851,2114544.25,1.0682074872635083,0.1504653505331634,6224.TW,2026-09-10,0.0229616180666354,0.0297169955271594,bull,0.0074418604651162,0.1013953488372093,2026-03-31,2026-05-15,713234000.0,230515000.0,42553000.0,67484000.0,17642000.0,53918000.0,0.64,2519578000.0,1589974000.0,4008179000.0,1826099000.0,2182080000.0,635781000.0,633794000.0,35000000.0,,0.2614249303538616,31428584.938652128,2418205000.0,0.0129966586532788,0.0247094515324827,0.0134519940351965,0.836861618272474,0.3231968750788661,0.0596620463971151,0.0755965082988191,-0.005489625207935,,,42.538182454550814,42.538182454550814,False,88.60736220864716,88.60736220864716,77.09006727012307,469.0,True,True,True,True,True,True,True,True,True,True,False,False,True,False,False,False,False,11,False,0.2754370870611624,0.3045536813428373,1.0,188194438.25,0.2455813953488372,1.0,3.0,,,,,,0.0306475581119742,-0.0446831444778124,0.2740939372360708,-1.661900393978143,0.4869318181818182,-1.661900393978143,0.5481955428755096,-469.0,0.5909090909090909,0.8295454545454546,0.5113636363636364,0.5789772727272727,0.6465909090909091,聚鼎
87.5,87.5,82.80000305175781,86.19999694824219,43052352.0,0.1267973457286559,82.21999816894531,0.23495692234173,75.2449993133545,0.6760283087000292,69.72851810455322,0.5338077540576467,61.51261094411213,0.0415253599723554,65.66265004867188,23964537.8,1.7965024971188888,0.1455910390704646,6505.TW,2026-09-10,0.0229616180666354,0.0297169955271594,bull,0.0251162790697674,0.0130232558139534,2026-03-31,2026-05-15,161989437000.0,27190906000.0,24513957000.0,25616191000.0,5209581000.0,20407731000.0,2.14,296450387000.0,65693610000.0,463713281000.0,83114597000.0,380598684000.0,63985692000.0,123643000.0,1500200000.0,8100000000.0,0.2033706338307674,19528538027.20982,398019671000.0,0.0490642534780895,0.0536200776774099,0.0440093735421824,0.2183785716925915,0.1678560436011639,0.1513305895371437,0.1259818626321912,-0.0650893152444253,,,66.8716639923295,66.8716639923295,False,92.10268714693196,92.10268714693196,85.79493135828135,193.0,True,True,True,True,True,True,True,True,True,True,False,True,True,True,True,False,False,13,False,0.2362229872573957,0.4013386137447492,1.0,2065743085.2260344,0.0716279069767441,1.0,3.0,,,,,,0.0149522439766362,-0.0330938603583587,0.188007437262824,-1.5103663691867286,0.3767045454545454,-1.5103663691867286,0.4606864601077259,-193.0,0.8295454545454546,0.9659090909090908,0.4204545454545454,0.7681818181818182,0.7886363636363637,台塑化
993.0,1065.0,991.0,1030.0,6384486.0,0.1293859649122806,966.2,0.1907514450867051,915.2,0.1115411499284815,899.9169057210287,0.8625678119349005,860.5562082926432,0.0213715752469171,67.54176610978521,3729484.65,1.7118949665069676,0.1254370629370629,6531.TW,2026-09-10,0.0229616180666354,0.0297169955271594,bull,0.0381395348837209,0.1190697674418604,2026-03-31,2026-05-15,2099951000.0,969865000.0,588249000.0,825691000.0,165725000.0,676217000.0,4.15,13696423000.0,3453169000.0,15567366000.0,3557927000.0,12009439000.0,8765915000.0,50000000.0,,,0.2007106774810431,470181144.6824538,12114197000.0,0.0388124070198341,0.0563071264194772,0.0434381127802866,0.2962608827939423,0.4618512527197063,0.280125107681084,0.3220156089356371,1.1538842619184375,,,95.34498936770456,95.34498936770456,False,87.67798270234468,87.67798270234468,89.59473436868464,16.0,True,True,True,True,True,True,True,True,True,True,False,True,True,True,True,False,False,13,False,0.1445501172963814,0.1969003187409872,1.0,3841369189.5,0.0530232558139534,3.0,1.0,,,,,,-0.089480696054555,-0.1753808964092107,0.141688618500116,-1.703626520352536,0.1119318181818181,-1.703626520352536,0.1377881611515632,-16.0,0.9886363636363636,0.9886363636363636,0.034090909090909,0.8454545454545455,0.7977272727272727,愛普*
110.0,111.5,110.0,111.5,22111.0,0.0276497695852535,110.5,0.0372093023255815,108.875,0.0372093023255815,108.05833333333334,0.0546351104454752,107.88265698750814,0.0062384473197781,68.75,21027.95,1.0515052584774074,0.0241102181400689,6581.TW,2026-09-10,0.0229616180666354,0.0297169955271594,bull,0.1897674418604651,0.2083720930232558,2026-03-31,2026-05-15,435086000.0,230832000.0,168083000.0,168115000.0,37893000.0,130222000.0,1.17,1016241000.0,997203000.0,5502480000.0,1475139000.0,4027341000.0,626926000.0,,471956000.0,,0.2253992802545876,130197212.77696814,4505277000.0,0.0288988252613475,0.0323344857065741,0.023666056032916,0.3662811269271711,0.5305433868246737,0.3863213249794293,0.2993017472407754,-0.1170804069150392,,,69.87102388239742,69.87102388239742,False,67.92495863981101,67.92495863981101,68.41147495045762,166.0,True,False,True,True,True,True,True,True,True,True,True,True,True,True,True,False,False,13,False,0.0318500809747821,0.0335303478195825,1.0,2344616.4250000003,0.8037209302325582,2.0,3.0,,,,,,0.0570992780688013,0.0255248453184564,0.1722890093208691,-1.1866879701910749,0.6244318181818183,-1.1866879701910749,0.5179909673659674,-166.0,0.8636363636363636,0.6363636363636364,0.4886363636363636,0.8073863636363636,0.7204545454545455,鋼聯
28.39999961853028,29.89999961853028,28.100000381469727,29.25,574652.0,0.0753676168955741,28.02999992370605,0.0540540540540539,28.075,0.1987705105448627,26.825833384195967,0.1723446535299402,25.14958332379659,-0.0019552052561404,55.46875791624471,217430.05,2.6429281509156626,0.0418521816562778,6598.TW,2026-09-10,0.0229616180666354,0.0297169955271594,bull,0.1488372093023255,0.0595348837209302,2026-03-31,2026-05-15,217115000.0,140181000.0,17966000.0,20979000.0,0.0,20979000.0,0.2,947351000.0,157433000.0,1089898000.0,414395000.0,675503000.0,434793000.0,,,,0.0,17966000.0,932465000.0,0.0192672111017571,0.0310568568903468,0.0192485902350495,0.613461376189299,0.6456532252492918,0.0827487736913617,0.0966262119153444,0.8094876945002376,,,67.77168793520316,67.77168793520316,False,66.38836889509092,66.38836889509092,66.73419865511897,181.0,True,False,True,True,True,True,False,True,True,True,True,True,True,True,True,False,False,12,False,0.0903668706610321,0.1630411376368048,1.0,6359828.962499999,0.6595348837209303,0.0,3.0,,,,,,0.0492445969686257,0.0244719529432505,0.2733194466891394,-0.817171761140883,0.7676136363636363,-0.817171761140883,0.5904129245797203,-181.0,0.8522727272727273,0.5454545454545454,0.5340909090909091,0.8045454545454546,0.696590909090909,ABC-KY
44.20000076293945,44.84999847412109,44.0,44.84999847412109,27416.0,0.018161163471428,44.76999969482422,0.1022612223675485,43.71034488677979,0.0478971792897942,43.64295037587484,0.0859563995796626,42.36439186731973,0.022073282715614,62.22218454626353,31484.1,0.8707887473359569,0.0260728573588993,6666.TW,2026-09-10,0.0229616180666354,0.0297169955271594,bull,0.095813953488372,0.1897674418604651,2026-03-31,2026-05-15,227573000.0,146827000.0,8613000.0,16135000.0,5516000.0,14938000.0,0.32,887322000.0,386264000.0,2243046000.0,445810000.0,1797236000.0,431040000.0,0.0,43267000.0,,0.3418655097613883,5668512.364425163,1856782000.0,0.0030528690844833,0.0083116518921276,0.0066596940053837,0.2480531215711236,0.6451863797550677,0.0378471962842692,0.0656404758033685,-0.0829105328696296,,,36.34402763196038,36.34402763196038,False,78.19615063289713,78.19615063289713,67.73311988266295,584.0,True,True,True,True,True,True,True,True,True,True,True,True,True,True,False,False,False,14,False,0.0276573441495258,0.0586720709832442,1.0,1412061.8369590756,0.8613953488372093,1.0,3.0,,,,,,0.0209994861429416,0.0041460491519114,0.1819863886278145,-1.2876013371153374,0.4585227272727272,-1.2876013371153374,0.3252692583334701,-584.0,0.4772727272727273,0.5795454545454546,0.2159090909090909,0.4380681818181818,0.4556818181818182,羅麗芬-KY
296.0,306.0,294.0,299.0,3566857.0,0.1368821292775666,296.2,0.1304347826086955,281.325,0.3200883002207506,263.4916666666667,1.4844170069777642,225.3585386912028,0.0389622380204967,63.07053941908714,5168084.25,0.6901700567284677,0.0628276903936728,6672.TW,2026-09-10,0.0229616180666354,0.0297169955271594,bull,0.067906976744186,0.0325581395348837,2026-03-31,2026-05-15,1245827000.0,423777000.0,145352000.0,148482000.0,24894000.0,123588000.0,1.73,4606299000.0,1439948000.0,6456499000.0,2742865000.0,3713634000.0,1563255000.0,30000000.0,69263000.0,896840000.0,0.1676566856588677,120982765.42611226,5016551000.0,0.0241167219123481,0.0332795315855035,0.0191416431722517,0.7385932485538425,0.3401571807321562,0.1166710947828229,0.0992015745364324,0.2185628742514969,,,64.4879602565514,64.4879602565514,False,85.08387872090047,85.08387872090047,79.9348991048132,216.0,True,True,True,True,True,True,True,True,True,True,False,True,False,True,True,False,False,12,False,0.1347607451216039,0.3267746664336703,1.0,1545257190.75,0.0865116279069767,2.0,3.0,,,,,,0.0212344023268464,-0.0593461337049549,0.3113495586457148,-1.3489612713665098,0.5267045454545455,-1.3489612713665098,0.4997482914364358,-216.0,0.7954545454545454,0.9090909090909092,0.4545454545454545,0.7443181818181817,0.7613636363636364,騰輝電子-KY
287.5,295.0,273.5,275.0,23437759.0,-0.0614334470989761,296.7,0.1022044088176352,297.725,0.8835616438356164,220.77433344523112,1.3404255319148937,178.68716672261556,0.0582015283454771,48.6,40145017.9,0.5838273396311028,-0.0763288269376102,8039.TW,2026-09-10,0.0229616180666354,0.0297169955271594,bull,0.0967441860465116,0.0074418604651162,2026-03-31,2026-05-15,2415476000.0,532169000.0,146484000.0,219817000.0,44902000.0,171370000.0,0.65,10090538000.0,4116000000.0,15838059000.0,5212295000.0,10625764000.0,3401205000.0,544660000.0,425464000.0,0.0,0.2042699154296528,116561725.70820272,11722059000.0,0.0099437927848855,0.0161277814941118,0.0108201390081953,0.4905336689201831,0.2203164096848819,0.060643947611154,0.0709466788326607,0.0846351629146733,,,39.59205928302138,39.59205928302138,False,71.91162790697675,71.91162790697675,63.8317357509879,516.0,True,False,True,True,False,True,True,False,True,True,True,True,False,True,False,False,False,10,False,0.2456158091774785,0.5390025206840698,1.0,11039879922.5,0.0167441860465116,2.0,3.0,,,,,,-0.0252045113146002,-0.1062744655004748,0.2363090248559476,-1.9045021727379088,0.24375,-1.9045021727379088,0.2338977991440009,-516.0,0.5454545454545454,0.375,0.125,0.4823863636363635,0.4102272727272727,台虹
244.0,247.0,238.5,239.0,603174.0,0.1013824884792626,237.6,0.0669642857142858,219.475,0.1194379391100701,218.03333333333333,0.0852642902056293,223.7371726989746,0.019746776629109,65.69767441860465,530549.0,1.1368865081264878,0.0889622963891103,4770.TW,2026-09-10,0.0229616180666354,0.0297169955271594,bull,0.1293023255813953,0.1125581395348837,2026-03-31,2026-05-15,1058605000.0,369927000.0,210485000.0,236117000.0,34491000.0,201626000.0,2.52,8447386000.0,2125986000.0,10526887000.0,2447197000.0,8079690000.0,2937319000.0,150000000.0,208913000.0,,0.1460758861073112,179738217.11270258,8400901000.0,0.0213951119186742,0.024954670290568,0.0191534306390863,0.3028825363349336,0.3494476221064514,0.1988324256923026,0.1904638651810637,0.0960345809390692,,,66.86426683810382,66.86426683810382,False,81.6415841014386,81.6415841014386,77.94725478560491,194.0,True,True,True,True,True,True,True,True,True,True,False,True,True,True,True,False,False,13,False,0.0961626662589818,0.0682176641320155,1.0,126801211.0,0.2948837209302326,2.0,3.0,,,,,,0.010683236977884,-0.0663141893466017,0.2260202956806691,-1.7097541632355482,0.3477272727272727,-1.7097541632355482,0.3619196235587212,-194.0,0.8181818181818182,0.8409090909090909,0.2613636363636363,0.7346590909090909,0.7136363636363636,上品
2260.0,2310.0,2155.0,2190.0,1485791.0,0.0453460620525059,2221.0,0.2050899380100588,2055.149310302734,0.2769679300291545,1717.8819478352864,0.0949999999999999,1799.8576405843098,0.0585936490888193,64.50511945392492,1682605.25,0.88303005116619,0.0656160061078003,6805.TW,2026-09-10,0.0229616180666354,0.0297169955271594,bull,0.0316279069767441,0.0437209302325581,2026-03-31,2026-05-15,4183854000.0,1351837000.0,1120299000.0,1165338000.0,248078000.0,917260000.0,13.38,14924697000.0,8114461000.0,16208746000.0,8785852000.0,7422894000.0,8031178000.0,410000000.0,,,0.2128807264501801,881808935.0385897,8094285000.0,0.1089421653720606,0.1235717497784556,0.0565904358054595,1.1836154470210676,0.3231080721267998,0.2677672308832956,0.219238051805823,0.858077701800986,,,90.14552363242608,90.14552363242608,True,84.5315628728394,84.5315628728394,85.93505306273607,31.0,True,True,True,True,True,True,True,True,True,True,True,True,True,True,True,True,False,14,False,0.2748256670137505,0.2167628986973844,1.0,3684905497.5,0.053953488372093,3.0,2.0,,,,,,0.0781610763617595,-0.0073616820231009,0.2643902117708584,-0.8648992605149264,0.7488636363636364,-0.8648992605149264,0.7315390119358469,-31.0,0.9772727272727272,0.9772727272727272,0.75,0.943181818181818,0.9318181818181818,富世達
581.0,599.0,575.0,591.0,1684647.0,0.0016949152542373,584.4,0.4054696789536267,514.375,0.1520467836257311,453.7416666666667,0.3153201932769811,567.6103291829427,0.0887395491586411,77.10084033613445,2662046.3,0.6328391057661169,0.1489671931956258,6830.TW,2026-09-10,0.0229616180666354,0.0297169955271594,bull,0.0083720930232558,0.0902325581395348,2026-03-31,2026-05-15,578726000.0,124911000.0,-8825000.0,-21082000.0,10771000.0,-31853000.0,-0.61,1597883000.0,1337928000.0,6462425000.0,3231054000.0,3231371000.0,678445000.0,205000000.0,1336980000.0,0.0,0.0,-8825000.0,5124497000.0,-0.0017221202393132,-0.0098574258418485,-0.0049289546880621,0.9999018992248182,0.2158378921976894,-0.0152490124860469,-0.0550398634241419,0.2453942710563748,,,27.646116546874687,27.646116546874687,False,82.49302325581395,82.49302325581395,68.78129657857913,718.0,True,True,True,True,True,True,True,False,True,True,True,False,False,True,False,False,False,11,False,0.3025032599313118,0.0412072677583688,1.0,1573269363.3,0.0837209302325581,3.0,3.0,,,,,,-0.032530945004471,-0.1195872674952526,0.2195445638537358,-1.7757580340203134,0.2181818181818181,-1.7757580340203134,0.1799316834135988,-718.0,0.3409090909090909,0.6477272727272727,0.0909090909090909,0.3034090909090908,0.3829545454545454,汎銓
65.0999984741211,67.30000305175781,64.30000305175781,65.5999984741211,1835190.0,0.0580644915180821,63.67999877929688,0.1062394488720879,61.11999950408936,0.0597737779811735,60.43999996185302,-0.0641940099565233,63.84333327611287,0.0131786076102669,77.31958154740626,603360.55,3.041614172487744,0.0732984130625196,2254.TW,2026-09-10,0.0229616180666354,0.0297169955271594,bull,0.0893023255813953,0.173953488372093,2026-03-31,2026-05-15,30398000.0,-22248000.0,-62098000.0,-66601000.0,0.0,-66601000.0,-1.04,245505000.0,730335000.0,2231787000.0,1197039000.0,1034748000.0,124701000.0,488500000.0,436385000.0,,-0.0,-62098000.0,1501452000.0,-0.0413586315113636,-0.0643644636181949,-0.0298420055318899,1.1568410859455636,-0.7318902559378907,,,-0.8335851618271799,,,11.377524160829854,11.377524160829854,False,74.0802941117991,74.0802941117991,58.4046016240568,1017.0,True,False,True,True,True,True,True,False,True,True,True,True,False,True,False,False,False,11,False,0.085373899992138,0.027515248779554,1.0,39580451.15934487,0.4260465116279069,1.0,3.0,,,,,,0.0355369116010061,-0.0087615078673589,0.1885348571316971,-1.710369192504715,0.4210227272727272,-1.710369192504715,0.745103321036679,-1017.0,0.1022727272727272,0.2045454545454545,0.7613636363636364,0.2011363636363636,0.2647727272727272,巨鎧精密-創
75.5,75.80000305175781,73.4000015258789,74.69999694824219,111046.0,-0.0311284250762271,77.08000030517579,0.0232876294279751,75.88999977111817,0.0135685215930507,73.73499997456868,-0.0528789406877295,74.45911750793456,0.0150471425965929,51.21949252785192,38054.3,2.9180933560727693,-0.0156806275723414,6918.TW,2026-09-10,0.0229616180666354,0.0297169955271594,bull,0.24,0.2632558139534883,2026-03-31,2026-05-15,219385000.0,145307000.0,52877000.0,58755000.0,11065000.0,47501000.0,1.39,1203027000.0,380831000.0,1686462000.0,542764000.0,1143698000.0,607226000.0,,157857000.0,,0.1883243979235809,42918970.81099481,1305631000.0,0.0328722057081938,0.0415328172297232,0.0281660660008941,0.474569335611324,0.6623378991271053,0.2410237709961939,0.2165189051211341,0.1171055110572492,,,82.25632418471866,82.25632418471866,False,61.21860465116279,61.21860465116279,66.47803453455177,74.0,True,False,True,True,False,True,True,True,True,False,True,True,True,True,True,False,False,11,False,0.0130873665695576,0.0032350563419174,1.0,2842656.093867493,0.7776744186046511,1.0,2.0,,,,,,0.0605408087673667,0.0475062638521601,0.1947781538963509,-1.4906837372646622,0.6517045454545455,-1.4906837372646622,0.7454883356320261,-74.0,0.9431818181818182,0.5113636363636364,0.7840909090909091,0.9193181818181818,0.7818181818181819,愛派司
38.59999847412109,39.29999923706055,38.59999847412109,38.900001525878906,11327.0,0.0513513925913218,38.880001068115234,0.013020832815932,37.81750011444092,0.0805555979410808,36.552500025431314,-0.0226130082521104,37.10624996821085,-0.0001982734927174,62.74513177165075,11273.15,1.0047768369976449,0.0286243513760082,6952.TW,2026-09-10,0.0229616180666354,0.0297169955271594,bull,0.2827906976744186,0.1451162790697674,2026-03-31,2026-05-15,561789000.0,116089000.0,26679000.0,24997000.0,5359000.0,21318000.0,0.32,666816000.0,1099448000.0,3770458000.0,1979405000.0,1791053000.0,133118000.0,355000000.0,864179000.0,,0.2143857262871544,20959403.20838501,2671010000.0,0.0078469954093713,0.0119024953477088,0.0056539550367621,1.1051627171278573,0.206641639476743,0.047489359884227,0.0379466312085142,1.5078410627954626,,,38.46602708214458,38.46602708214458,False,63.37450638083683,63.37450638083683,57.14738655616377,548.0,True,False,True,True,True,True,False,True,False,True,True,True,True,True,False,False,False,11,False,0.0642227343906525,0.0483409549389866,1.0,438525.5522014618,0.9609302325581396,1.0,3.0,,,,,,0.0466912118634487,0.0132633839947486,0.2555886901806066,-1.3376243262833456,0.6590909090909091,-1.3376243262833456,0.6278345893473771,-548.0,0.5227272727272727,0.125,0.5909090909090909,0.5329545454545455,0.4170454545454545,大武山
216.0,220.0,216.0,218.5,133849.0,0.0555555555555555,210.8,0.0210280373831774,205.475,0.0186480186480186,213.975,0.1380208333333332,216.2875,0.0001216841080555,68.81720430107526,93385.55,1.4332945514589783,0.0633897067769801,1623.TW,2026-09-10,0.0229616180666354,0.0297169955271594,bull,0.2455813953488372,0.2455813953488372,2026-03-31,2026-05-15,1862335000.0,408434000.0,367855000.0,349252000.0,69188000.0,,4.33,6562360000.0,3208168000.0,8132808000.0,4134315000.0,3998493000.0,877480000.0,1306736000.0,898935000.0,,0.198103375213313,294981682.91090673,4924640000.0,0.0598991363654818,,,1.0339682975561042,0.2193128518768105,0.1975235389980857,,,,,76.38239089054767,76.38239089054767,False,61.70050419263683,61.70050419263683,65.37097586711454,109.0,True,False,True,True,True,False,True,True,False,False,True,True,True,True,True,False,False,10,False,0.0211473302955953,0.0102294399815061,1.0,20404742.675,0.5134883720930232,2.0,3.0,,,,,,0.1367049920331111,0.1050923914562719,0.2640696481375513,-1.0973169484873642,0.872159090909091,-1.0973169484873642,0.7801230882922864,-109.0,0.9090909090909092,0.4431818181818182,0.8409090909090909,0.8988636363636363,0.7556818181818181,大東電
76.69999694824219,77.0999984741211,76.19999694824219,76.4000015258789,21005.0,0.0324324530524176,76.01999969482422,0.0552486176201285,74.11499977111816,0.1185944086705663,73.73499997456868,-0.0449999809265136,75.76500002543132,0.0129151249670476,61.956534809345854,25962.75,0.8090437261075965,0.030830489938842,6934.TW,2026-09-10,0.0229616180666354,0.0297169955271594,bull,0.147906976744186,0.1153488372093023,2026-03-31,2026-05-15,3685000.0,-16447000.0,-50409000.0,-50082000.0,0.0,-50082000.0,-1.43,534649000.0,48275000.0,709636000.0,137947000.0,571689000.0,78973000.0,,41591000.0,,-0.0,-50409000.0,661361000.0,-0.0762200976471246,-0.0876035746708437,-0.0705742098766128,0.2412972787652027,,,,,,,25.0,25.0,False,79.18546080751665,79.18546080751665,65.6390956056375,766.0,True,True,True,True,True,True,True,True,True,True,True,True,True,True,False,False,False,14,False,0.0361429653791196,0.0083811984456469,1.0,1983554.1396160128,0.8241860465116279,1.0,3.0,,,,,,0.1093011926814687,0.0296808596323866,0.2233354514296985,-2.007054588762834,0.6329545454545455,-2.007054588762834,0.5500283296369897,-766.0,0.2954545454545454,0.4659090909090909,0.5227272727272727,0.3295454545454546,0.3920454545454545,心誠鎂
221.0,226.5,219.5,224.5,118858.0,0.0321839080459769,220.3,0.0369515011547343,218.95,0.175392670157068,214.59567311604815,0.3858024691358024,190.44366989135744,0.0067823887803195,59.34065934065934,72834.3,1.631895961106237,0.0253482530258051,6957.TW,2026-09-10,0.0229616180666354,0.0297169955271594,bull,0.1916279069767441,0.0753488372093023,2026-03-31,2026-05-15,1008397000.0,304729000.0,100942000.0,102458000.0,25691000.0,82568000.0,1.51,2765058000.0,1395803000.0,5405505000.0,3045045000.0,2360460000.0,1274466000.0,40000000.0,27000000.0,945042000.0,0.2507466474067423,75631131.9174686,4009702000.0,0.0188620331180393,0.0349796226159307,0.0152747985618364,1.2900218601459037,0.3021914979913665,0.1001014481399686,0.0818804498625045,0.2868739487648066,,,57.7309173012778,57.7309173012778,False,82.37028475968506,82.37028475968506,76.21044289508325,285.0,True,True,True,True,True,True,True,True,True,True,True,True,True,True,False,False,False,14,False,0.0461534323601939,0.1788262646275968,1.0,16351300.35,0.546046511627907,2.0,3.0,,,,,,0.0542351153573835,0.0133223980181001,0.3369741481282557,-0.4364549929712381,0.825,-0.4364549929712381,0.8339418568365936,-285.0,0.75,0.7954545454545454,0.9318181818181818,0.7772727272727272,0.8,裕慶-KY
34.54999923706055,35.20000076293945,34.25,34.25,109099.0,0.0269865537348461,34.58000030517578,0.0347432501176101,34.13500032424927,0.2875939664970632,30.58250010808309,0.2188611934178417,29.495000028610228,0.0058195279064999,46.06299591016788,204483.65,0.5335340991810348,0.0033689665931841,6969.TW,2026-09-10,0.0229616180666354,0.0297169955271594,bull,0.2009302325581395,0.041860465116279,2026-03-31,2026-05-15,77977000.0,24341000.0,2486000.0,-2183000.0,0.0,-2183000.0,-0.05,309483000.0,182775000.0,1118341000.0,633488000.0,484853000.0,107080000.0,21000000.0,327254000.0,,-0.0,2486000.0,935566000.0,0.0026572149907115,-0.0045023955714412,-0.0019519985406955,1.3065568326894956,0.3121561486079228,0.0318811957372045,-0.0279954345512138,0.0385025171137096,,,24.457927260122307,24.457927260122307,False,68.20632861144752,68.20632861144752,57.26922827361621,773.0,True,False,True,True,True,True,True,False,True,True,True,True,False,True,False,False,False,11,False,0.1199215197892724,0.1612137639185424,1.0,7003565.0125,0.6511627906976745,1.0,3.0,,,,,,0.0448920602951271,0.0001665303423687,0.2509495013789447,-1.4306378664676236,0.602840909090909,-1.4306378664676236,0.6724611268541573,-773.0,0.2840909090909091,0.1363636363636363,0.6363636363636364,0.3369318181818181,0.3102272727272727,成信實業*-創
324.0,330.0,300.5,308.0,6135205.0,-0.0222222222222222,314.3,0.117967332123412,292.7,0.1200000000000001,256.6102900187174,1.0465116279069768,219.3676450093587,0.0601231437884823,64.47688564476886,2838947.85,2.161084079089371,0.0522719508028699,7788.TW,2026-09-10,0.0229616180666354,0.0297169955271594,bull,0.0790697674418604,0.1116279069767441,2026-03-31,2026-05-15,1857129000.0,500235000.0,178905000.0,229341000.0,52857000.0,177273000.0,2.22,6568822000.0,3373457000.0,11007682000.0,5034895000.0,5972787000.0,2088365000.0,643000000.0,1079805000.0,,0.2304733998718066,137672156.39593443,7634225000.0,0.0180335471375201,0.0296801141577625,0.0161044804891711,0.842972468296626,0.2693593175272153,0.0963341803396533,0.0954554045518647,0.1444346257089825,,,52.52291879760674,52.52291879760674,False,80.65429827152126,80.65429827152126,73.62145340304262,330.0,True,True,True,True,True,True,True,True,True,True,True,True,True,True,False,False,False,14,False,0.2002636370409547,0.4040356771248561,1.0,874395937.8000001,0.1181395348837209,2.0,3.0,,,,,,0.0055401531134253,-0.0754547875593691,0.3401997929365903,-1.5229066615651417,0.4693181818181818,-1.5229066615651417,0.5112412423018189,-330.0,0.7045454545454546,0.7386363636363636,0.4772727272727273,0.6704545454545454,0.6693181818181818,松川精密
94.4000015258789,94.4000015258789,91.6999969482422,92.0,314290.0,0.0325477168972254,90.73999938964845,0.0154525557335278,88.82000007629395,0.1794871794871795,86.00762875874837,0.2620027170690902,80.35298099517823,0.0090315260016352,61.85565591303127,420203.7,0.7479467696262551,0.0358027462392986,4590.TW,2026-09-10,0.0229616180666354,0.0297169955271594,bull,0.2669767441860465,0.0706976744186046,2026-03-31,2026-05-15,267545000.0,80743000.0,-23964000.0,81129000.0,16211000.0,,1.21,3151635000.0,1382797000.0,6125098000.0,2598258000.0,3526840000.0,2037662000.0,565000.0,505331000.0,,0.1998175744801489,-19175571.64515771,4742301000.0,-0.0040435163531706,,,0.7367099159587619,0.3017922218692183,-0.0895699788820572,,,,,35.37011980056409,35.37011980056409,False,77.25608920830474,77.25608920830474,66.78459685636959,595.0,True,True,True,True,True,True,True,True,False,True,True,True,False,True,False,False,False,12,False,0.0696725549550987,0.1449481881141494,1.0,38658740.4,0.4297674418604651,1.0,3.0,,,,,,0.0455179726955639,0.0023166716721757,0.2981702971486843,-1.4553210340121263,0.6551136363636363,-1.4553210340121263,0.708523508278663,-595.0,0.4545454545454545,0.5568181818181818,0.7272727272727273,0.4954545454545454,0.5397727272727273,富田-創
124.5,130.0,124.0,129.0,31187.0,0.1365638766519823,125.6,0.1266375545851528,117.25,0.131578947368421,115.22436536153158,0.6538461538461537,114.57218278249104,0.0258092738407699,65.38461538461539,40831.8,0.763791946473092,0.1002132196162046,6924.TW,2026-09-10,0.0229616180666354,0.0297169955271594,bull,0.0725581395348837,0.1023255813953488,2026-03-31,2026-05-15,472287000.0,125017000.0,59395000.0,58845000.0,12219000.0,46626000.0,2.26,1163404000.0,693313000.0,1234297000.0,714916000.0,519381000.0,449993000.0,42370000.0,,,0.2076472087687993,47061794.03517717,540984000.0,0.0869929499489396,0.0897722481184332,0.0377753490448409,1.3764769985810033,0.2647055709769695,0.1257603956916027,0.0987238691727699,0.0634867021096932,,,72.40238100150462,72.40238100150462,True,83.74442304195861,83.74442304195861,80.90891253184512,143.0,True,True,True,True,True,True,True,True,True,True,False,True,False,True,True,True,False,12,False,0.1195548753533644,0.1259277502367164,1.0,5267302.2,0.68,2.0,3.0,,,,,,0.0230675166997524,-0.0113197496733354,0.2845671162015102,-0.0805151050527601,0.6386363636363637,-0.0805151050527601,0.7874948710526237,-143.0,0.8863636363636364,0.9204545454545454,0.8636363636363636,0.8829545454545454,0.8920454545454545,榮惠-KY創
36.900001525878906,37.34999847412109,36.70000076293945,36.900001525878906,42227.0,-0.0067294748245393,37.73000030517578,0.0123456996850599,37.29750003814697,0.0603448946798235,36.27983907063802,-0.1338027500565487,37.397002871831255,0.0097461939261447,48.92474706083587,35741.15,1.1814673002967169,-0.0106575108750321,6887.TW,2026-09-10,0.0229616180666354,0.0297169955271594,bull,0.2874418604651163,0.1693023255813953,2026-03-31,2026-05-15,858086000.0,204338000.0,-18684000.0,-26672000.0,19399000.0,-46071000.0,-0.62,3944924000.0,2061922000.0,5123155000.0,2160403000.0,2962752000.0,2103534000.0,392899000.0,,,0.0,-18684000.0,3061233000.0,-0.0061034230324839,-0.0155500696649601,-0.0089927007869174,0.7291879306806645,0.2381323084166389,-0.02177404129656,-0.0536904226382903,-0.397344649195627,,,17.65293207840805,17.65293207840805,False,63.65641354898426,63.65641354898426,52.15554318134021,895.0,True,False,True,True,False,True,True,False,False,True,True,True,True,True,False,False,False,10,False,0.0170938590447826,-0.0132898710534556,0.0,1318848.489536667,0.8688372093023256,1.0,3.0,,,,,,0.0248977741692249,-0.0116240130066487,0.1426797755229972,-1.8664756619721328,0.2926136363636363,-1.8664756619721328,0.3835064148407462,-895.0,0.1590909090909091,0.0227272727272727,0.3068181818181818,0.18125,0.1477272727272727,寶綠特-KY
598.0,615.0,583.0,590.0,1255308.0,0.0260869565217392,617.2,0.2004069175991862,535.55,0.6366158113730929,396.7876897176107,1.2476190476190476,376.823011525472,0.0984514408778585,65.06447831184056,1603335.35,0.7829353977631691,0.1016711791616096,7711.TW,2026-09-10,0.0229616180666354,0.0297169955271594,bull,0.0325581395348837,0.015813953488372,2026-03-31,2026-05-15,8891334000.0,1101342000.0,694694000.0,674736000.0,134950000.0,539786000.0,7.68,12044114000.0,7539833000.0,12300864000.0,7550202000.0,4750662000.0,3138201000.0,0.0,,,0.2000041497711697,555752317.178867,4761031000.0,0.116729405286138,0.1136233223917003,0.0438819582104151,1.589294713031573,0.1238669023118465,0.0781315829548187,0.0607092254098203,,,,65.22713046197059,65.22713046197059,True,87.58441822705547,87.58441822705547,81.99509628578424,209.0,True,True,True,True,True,True,True,True,True,True,True,True,False,True,True,True,False,13,False,0.4869412920040343,0.565721789684593,1.0,945967856.5,0.1125581395348837,3.0,3.0,,,,,,0.1031779797419133,0.0503485381528585,0.3685769798767945,-0.0262925518924387,0.9619318181818182,-0.0262925518924387,0.7452165637987204,-209.0,0.8068181818181818,0.9318181818181818,0.7727272727272727,0.8017045454545453,0.8374999999999999,永擎
