Open,High,Low,Close,Volume,ret5,ma5,ret20,ma20,ret60,ma60,ret120,ma120,ma20_slope,rsi14,volume_ma20,volume_ratio,ma20_deviation,symbol,date,benchmark_ret20,benchmark_ret60,market_regime,rs20_rank_pct,rs60_rank_pct,period_date,as_of_date,revenue,gross_profit,operating_income,pretax_income,tax_expense,net_income_parent,eps,current_assets,current_liabilities,assets,liabilities,equity,cash,short_borrowings,long_borrowings,bonds_payable,tax_rate,nopat,invested_capital_proxy,roic_proxy,roe,roa,debt_to_equity,gross_margin,operating_margin,net_margin,revenue_growth,pe,pb,eva_like_score,fundamental_score,fundamental_pass,technical_score,score,final_score,fundamental_rank,pass_market,pass_score,pass_rs20,pass_rs60,pass_close_ma20,pass_ma20_ma60,pass_ma20_slope,pass_rsi,pass_ret20_benchmark,pass_ret60_benchmark,pass_ret5_cap,pass_ret20_cap,pass_volume_ratio,pass_ma20_deviation,pass_fundamental_score,pass_fundamental_filter,pass_fundamental_universe,entry_pass_count,entry_all_pass,close_ma60_ratio,close_ma120_ratio,above_ma120,turnover20,liquidity_rank,price_bucket,eva_rank_bucket,forward_60d_return,forward_60d_max_drawdown,reward_60,fwd60_rank_label,top_quantile_60,reg_forward60,reg_reward60,cls_topq60,rank_forward60,ensemble_score,ranker_score,stable_ensemble_score,fundamental_rank_score,fundamental_score_rank,final_score_rank,stable_ml_rank,fund_ml_85_15,fund_final_ml,name
15.75,15.949999809265137,15.75,15.899999618530272,180055.0,-0.015479876526631964,15.899999809265136,0.019230719854141487,15.954999780654907,0.10416666942614095,15.378173844019573,-0.027522981800628177,15.43825360139211,0.0048692163396644806,47.8260725341851,271041.4,0.664308109388455,-0.003447205445362811,1110.TW,2026-08-07,-0.027882840194187408,0.0707964102687122,neutral,0.22191272051996286,0.21468401486988847,2026-03-31,2026-05-15,582643000.0,83497000.0,44070000.0,33666000.0,8657000.0,25695000.0,0.05,2827051000.0,1931603000.0,12789768000.0,3130316000.0,9659452000.0,402347000.0,1166000000.0,483161000.0,,0.2571437058159567,32737676.884690788,10858165000.0,0.0030150284955782,0.0026600887917865,0.0020090278416309,0.3240676593247732,0.1433073082487904,0.0756380836979076,0.0441007615297875,-0.2132017328270251,,,22.850230007474945,22.850230007474945,False,62.9755180126539,62.9755180126539,52.94419601135916,812.0,True,False,True,True,False,True,True,False,True,True,True,True,False,True,False,False,False,10,False,0.033932883046034146,0.02990921311828454,1.0,4309558.156605911,0.7753017641597029,0.0,3.0,,,,,,0.04548833299115809,0.019384805248174753,0.13308296084962964,-1.8220524322731273,0.2912790697674419,-1.8220524322731273,0.33035089093509357,-812.0,0.18604651162790697,0.05813953488372093,0.1511627906976744,0.1808139534883721,0.14069767441860465,東泥
45.20000076293945,45.5,44.79999923706055,45.0,119637.0,0.01925251290473584,44.66000061035156,0.00446430282021093,44.39250030517578,0.11248452784280993,43.7375,0.05017506656802784,42.66083329518636,-0.0023596814015611005,58.51062879998569,95295.55,1.2554311297851788,0.013684737076036901,1339.TW,2026-08-07,-0.027882840194187408,0.0707964102687122,neutral,0.27948003714020425,0.19981412639405205,2026-03-31,2026-05-15,394676000.0,97156000.0,-1039000.0,239290000.0,15507000.0,206388000.0,2.78,1829193000.0,837135000.0,5225726000.0,1066079000.0,4159647000.0,705809000.0,,152479000.0,,0.0648042124618663,-971668.4232521208,4388591000.0,-0.0002214078330042,0.0496167102641161,0.0394946080219284,0.2562907381323463,0.2461664757928022,-0.0026325390953592,0.5229302009749769,-0.2023637499065291,,,43.397534008094304,43.397534008094304,False,62.123265230472896,62.123265230472896,57.44183242487825,460.0,True,False,True,True,True,True,False,True,True,True,True,True,True,True,False,False,False,12,False,0.028865390111460387,0.05483171621679461,1.0,4288299.75,0.776230269266481,1.0,3.0,,,,,,0.06292940196547456,0.05134662755158047,0.15408246500614378,-1.0655340580581782,0.5482558139534883,-1.0655340580581782,0.5800743361086078,-460.0,0.46511627906976744,0.12790697674418605,0.5465116279069767,0.4773255813953488,0.3802325581395349,昭輝
19.399999618530277,19.600000381469727,18.950000762939453,19.549999237060547,428800.0,0.028947328266344607,19.41999969482422,0.007731939251534481,18.679999828338623,0.2412697928292411,17.556666580835977,0.035427460335146765,17.726759711901348,-0.0009359550322932559,58.76287362415233,298146.9,1.4382172009838101,0.046573844577989965,1414.TW,2026-08-07,-0.027882840194187408,0.0707964102687122,neutral,0.2646239554317549,0.09107806691449814,2026-03-31,2026-05-15,113452000.0,12596000.0,-7033000.0,11377000.0,382000.0,10995000.0,0.06,876335000.0,611698000.0,4159720000.0,1289474000.0,2870246000.0,113194000.0,505000000.0,,,0.033576514019513,-6796856.376900765,3548022000.0,-0.0019156748117403,0.0038306821087809,0.0026432067543007,0.4492555690348492,0.1110249268413073,-0.0619909741564714,0.0969132320276416,-0.1489036091252128,,,15.88871955373819,15.88871955373819,False,69.83159741405173,69.83159741405173,56.345877948973346,936.0,True,False,True,True,True,True,False,True,True,True,True,True,True,True,False,False,False,12,False,0.1135370798919424,0.10285238559053278,1.0,5828771.667531967,0.7363045496750232,0.0,3.0,,,,,,0.037674772016135075,0.00921057345510326,0.2070966106694024,-1.5639935460213201,0.3656976744186047,-1.5639935460213201,0.4526488407571,-936.0,0.09302325581395349,0.10465116279069768,0.38372093023255816,0.13662790697674418,0.15465116279069768,東和
22.200000762939453,22.5,22.200000762939453,22.350000381469727,32100.0,-0.04077248440762904,22.59000015258789,0.018223216611711335,22.082499980926514,0.07194244472691302,21.713333320617675,-0.28934817681127467,24.932916736602788,0.005921873288564086,67.41574767442717,61009.1,0.5261510168155242,0.01211368281554459,1438.TW,2026-08-07,-0.027882840194187408,0.0707964102687122,neutral,0.2265552460538533,0.2732342007434944,2026-03-31,2026-05-15,377477000.0,149341000.0,122347000.0,87324000.0,15498000.0,,0.65,13719838000.0,9737355000.0,14176631000.0,10964578000.0,3212053000.0,127523000.0,3403550000.0,71700000.0,910937000.0,0.1774769822729146,100633223.64985572,4439276000.0,0.0226688369116621,,,3.413573188238177,0.3956294025861178,0.3241177608172153,,1565.2946058091286,,,68.22752717503778,68.22752717503778,False,65.25335264061779,65.25335264061779,65.99689627422279,178.0,True,False,True,True,True,True,True,True,True,True,True,True,False,True,True,False,False,12,False,0.0293214796388499,-0.103594632846995,0.0,1363553.4082731246,0.9127205199628597,0.0,3.0,,,,,,0.19070921994045534,0.13907731017918545,0.328988326486373,0.11326999984297711,0.9424418604651164,0.11326999984297711,0.9545172458463439,-178.0,0.8488372093023255,0.4186046511627907,0.9651162790697675,0.8662790697674417,0.7430232558139536,三地開發
29.399999618530277,30.149999618530277,29.399999618530277,30.100000381469727,297893.0,0.05244755174800164,29.45999984741211,0.0579964700978024,29.49749994277954,0.1423149884520356,27.948333295186366,0.00668898881241109,27.72666665712993,0.008030750846518123,52.17391304347826,476462.1,0.6252186690190049,0.02042547469646383,1442.TW,2026-08-07,-0.027882840194187408,0.0707964102687122,neutral,0.11792014856081709,0.16356877323420074,2026-03-31,2026-05-15,302076000.0,150633000.0,104031000.0,105298000.0,19596000.0,85702000.0,0.23,13238665000.0,2535144000.0,14537328000.0,6447947000.0,8089381000.0,457751000.0,970000000.0,3173770000.0,,0.186100400767346,84670789.20777223,12002184000.0,0.0070546151606884,0.01059438293239,0.0058953062075781,0.7970878117868351,0.4986592777976403,0.3443868430461208,0.2837100597200704,-0.7804954613231485,,,47.44569679476102,47.44569679476102,False,69.2685358186683,69.2685358186683,63.812826062691485,399.0,True,False,True,True,True,True,True,True,True,True,True,True,False,True,False,False,False,12,False,0.07698731310943496,0.08559751353051648,1.0,14341509.391755866,0.6118848653667596,1.0,3.0,,,,,,0.0866968088213468,0.08281262927598901,0.24955111778477246,-1.7894088074107473,0.6523255813953488,-1.7894088074107473,0.6282895574402967,-399.0,0.5348837209302325,0.3023255813953488,0.627906976744186,0.5488372093023255,0.48372093023255813,名軒
14.050000190734863,14.399999618530272,14.050000190734863,14.199999809265137,36539.0,0.014285700661795575,14.100000190734864,0.06367036730390185,13.915000009536744,0.07169809881246314,13.868333355585735,0.09230767763577985,13.8237500111262,0.005600719897811428,63.829776872711676,70550.7,0.517911232631285,0.020481480383260253,1456.TW,2026-08-07,-0.027882840194187408,0.0707964102687122,neutral,0.10770659238625813,0.2741635687732342,2026-03-31,2026-05-15,218947000.0,86879000.0,54719000.0,-39896000.0,755000.0,-40651000.0,-0.43,10236670000.0,10057949000.0,13346214000.0,11450186000.0,1896028000.0,29927000.0,6954694000.0,0.0,1176530000.0,0.0,54719000.0,3288265000.0,0.0166406904553008,-0.0214400842181655,-0.0030458825251865,6.039038453018627,0.3968037926986896,0.2499189301520459,-0.1856659374186447,0.3364116900239269,,,46.62897282377846,46.62897282377846,False,73.47730651578455,73.47730651578455,66.76522309278302,407.0,True,False,True,True,True,True,True,True,True,True,True,True,False,True,False,False,False,12,False,0.02391537938809485,0.027217636157779612,1.0,1001819.9265435218,0.935933147632312,0.0,3.0,,,,,,0.0586963934270146,0.0624921436885004,0.3573461598899015,0.7308882623316708,0.836046511627907,0.7308882623316708,0.9667782678428228,-407.0,0.5232558139534884,0.47674418604651164,0.9883720930232558,0.5930232558139534,0.6023255813953489,怡華
12.800000190734863,13.050000190734863,12.800000190734863,12.899999618530272,120504.0,-0.18354433779723334,12.899999809265136,0.10729614085238026,14.021687841415405,0.10770591163611076,12.4693700949351,0.12190730952516793,12.035827294985454,0.019078160936931866,48.543212268632615,82523.15,1.4602447919159656,-0.07999666199756916,1459.TW,2026-08-07,-0.027882840194187408,0.0707964102687122,neutral,0.056638811513463325,0.20724907063197026,2026-03-31,2026-05-15,231160000.0,43640000.0,24305000.0,20991000.0,11327000.0,10929000.0,0.03,2303265000.0,1144782000.0,4781139000.0,1238615000.0,3542524000.0,1064701000.0,969808000.0,0.0,,0.4,14583000.0,3636357000.0,0.0040103323188564,0.0030850884849333,0.0022858569893073,0.3496419502027368,0.1887869873680567,0.1051436234642671,0.0472789409932514,-0.1821658664987316,,,27.476121095005883,27.476121095005883,False,71.95498215476323,71.95498215476323,60.83526688982389,724.0,True,False,True,True,False,True,True,False,True,True,True,True,True,True,False,False,False,11,False,0.03453498615540229,0.07179999366598278,1.0,1064548.6035199163,0.9312906220984215,0.0,3.0,,,,,,0.08977128978511596,0.06955537447151587,0.2551993440718987,-1.1484493312238442,0.7476744186046512,-1.1484493312238442,0.7887829430277966,-724.0,0.2441860465116279,0.23255813953488372,0.8372093023255814,0.33313953488372094,0.3593023255813954,聯發
19.25,19.450000762939453,18.25,18.25,1581182.0,0.005509663006693755,18.189999771118163,0.26736114468471617,17.01749992370606,0.24149661474807393,15.37666662534078,-0.13711582368018038,16.403333314259847,0.056331470152068845,54.32692298875049,1970517.75,0.8024195671416814,0.07242544920344152,1526.TW,2026-08-07,-0.027882840194187408,0.0707964102687122,neutral,0.01021355617455896,0.09014869888475836,2026-03-31,2026-05-15,161967000.0,20373000.0,-31597000.0,-32188000.0,-5656000.0,-26532000.0,-0.44,1390560000.0,762634000.0,2260417000.0,919977000.0,1340440000.0,321815000.0,47136000.0,137059000.0,0.0,0.1757176587548154,-26044849.136324096,1497783000.0,-0.0173889336014122,-0.0197935006415803,-0.0117376572552763,0.6863246396705559,0.1257848821056141,-0.1950829489957831,-0.1638111467150715,-0.1925147819844253,,,13.294112740747746,13.294112740747746,False,81.06079993043161,81.06079993043161,64.11912813301065,988.0,True,True,True,True,True,True,True,True,True,True,True,True,True,True,False,False,False,14,False,0.1868632158496537,0.11257874545137714,1.0,35961948.9375,0.48003714020427113,0.0,3.0,,,,,,0.01954053619452872,-0.05485861782213469,0.25876332853229433,-1.9262807892529021,0.2436046511627907,-1.9262807892529021,0.2607974243418649,-988.0,0.046511627906976744,0.313953488372093,0.11627906976744186,0.05697674418604651,0.14069767441860465,日馳
16.049999237060547,16.049999237060547,15.899999618530272,16.0,117033.0,0.0,16.129999923706055,0.009463698102218032,16.08250002861023,0.02893889413154227,15.91916667620341,-0.1280654132216157,16.328750069936117,0.0034315971515250193,54.54545454545451,150754.2,0.7763166797342959,-0.005129801241316012,1539.TW,2026-08-07,-0.027882840194187408,0.0707964102687122,neutral,0.25812441968430827,0.3745353159851301,2026-03-31,2026-05-15,241975000.0,20581000.0,-1673000.0,6693000.0,1339000.0,5354000.0,0.08,1037743000.0,398507000.0,2177403000.0,575122000.0,1602281000.0,518998000.0,130000000.0,159176000.0,,0.2000597639324667,-1338300.0149409832,1778896000.0,-0.0007523205487791,0.0033414862936026,0.0024588925430891,0.358939536822817,0.0850542411406137,-0.0069139373902262,0.022126252712057,-0.3218170454513606,,,15.741460076530684,15.741460076530684,False,60.72116733812529,60.72116733812529,49.476240522726634,942.0,True,False,True,True,False,True,True,True,True,False,True,True,False,True,False,False,False,10,False,0.005077735879065903,-0.020133204839811958,0.0,2412067.2,0.8477251624883937,0.0,3.0,,,,,,0.04332732832347324,0.025286593169390588,0.1123439491162957,-1.6982308026027977,0.3052325581395349,-1.6982308026027977,0.4412006575459234,-942.0,0.08139534883720931,0.023255813953488372,0.3488372093023256,0.12151162790697675,0.11744186046511629,巨庭
27.0,27.350000381469727,26.850000381469727,27.200000762939453,353595.0,0.034220591330309746,26.820000457763673,0.007407435664424256,26.66750020980835,0.034220591330309746,26.523333422342937,-0.035460991948418785,26.47833339373271,0.0006566611237612017,58.333343267438366,492361.5,0.7181613509585945,0.019968146580730206,1732.TW,2026-08-07,-0.027882840194187408,0.0707964102687122,neutral,0.26648096564531104,0.3596654275092937,2026-03-31,2026-05-15,170503000.0,71320000.0,13861000.0,17348000.0,2287000.0,15061000.0,0.35,446287000.0,155539000.0,676813000.0,183070000.0,493743000.0,173412000.0,,,,0.1318307585888863,12033693.855199449,521274000.0,0.0230851603095482,0.030503723597094,0.0222528231579476,0.3707799401713036,0.4182917602622827,0.081294757276998,0.0883327566083881,0.0695006366709947,,,62.10935117561258,62.10935117561258,False,66.7149956329007,66.7149956329007,65.56358451857866,241.0,True,False,True,True,True,True,True,True,True,False,True,True,False,True,True,False,False,11,False,0.02551215300964027,0.027255014825727564,1.0,13392233.175642014,0.627669452181987,0.0,3.0,,,,,,0.06449920799513525,0.026023739882468006,0.1793206051644567,-1.010527106540634,0.5436046511627907,-1.010527106540634,0.6221002701908455,-241.0,0.6976744186046512,0.3953488372093023,0.6046511627906976,0.6837209302325582,0.5883720930232558,毛寶
31.850000381469727,33.150001525878906,31.850000381469727,33.04999923706055,1599261.0,0.001515128395774168,32.570000076293944,0.09800660525595584,32.03000001907348,0.12224103160810151,30.872500069936116,0.027993706639708682,30.543333403269454,0.017229059756204295,60.86957963970636,1435255.7,1.114269046275169,0.03184512074241863,1808.TW,2026-08-07,-0.027882840194187408,0.0707964102687122,neutral,0.06685236768802229,0.18866171003717472,2026-03-31,2026-05-15,5392216000.0,1474911000.0,1229561000.0,1153602000.0,211319000.0,942283000.0,1.06,46784978000.0,26633648000.0,51660398000.0,37973630000.0,13686768000.0,5845055000.0,11570200000.0,207356000.0,10980553000.0,0.1831818946222353,1004327686.4663897,25026750000.0,0.0401301681787043,0.068846275468394,0.0182399485191732,2.774477509957062,0.2735259492572256,0.2280251755493474,0.1747487489373571,173.44891620834682,,,72.1127428848662,72.1127428848662,False,81.73897682115388,81.73897682115388,79.33241833708196,149.0,True,True,True,True,True,True,True,True,True,True,True,True,True,True,True,False,False,14,False,0.07053199974707902,0.08206916385631868,1.0,47435199.7899868,0.4428969359331476,1.0,3.0,,,,,,0.08395928456086274,0.03801027435420363,0.2247326961043616,-0.6514108944811415,0.6819767441860465,-0.6514108944811415,0.7363537573982034,-149.0,0.872093023255814,0.9651162790697675,0.7906976744186046,0.8598837209302326,0.8837209302325582,潤隆
65.4000015258789,65.80000305175781,65.19999694824219,65.80000305175781,211306.0,0.009202548030668334,64.70000076293945,0.06991874880907023,64.26000003814697,0.042789297035309204,62.7366668065389,0.04615627961804325,62.99929533004761,0.010933691130512563,59.45946131711412,385311.5,0.5484030453282603,0.023965188495123524,2015.TW,2026-08-07,-0.027882840194187408,0.0707964102687122,neutral,0.09842154131847725,0.34107806691449816,2026-03-31,2026-05-15,6404574000.0,820478000.0,589291000.0,648609000.0,122645000.0,526749000.0,0.91,12172005000.0,4388066000.0,26283228000.0,5068762000.0,21214466000.0,4570295000.0,40284000.0,,,0.1890892664147429,477862397.1051897,21895162000.0,0.0218250222174738,0.0248297081812005,0.0200412597722014,0.2389295115889318,0.1281081302206829,0.0920109596672628,0.0822457512396609,-0.1410674325019171,,,42.92012472337977,42.92012472337977,False,73.80579148119254,73.80579148119254,66.08437479173935,462.0,True,False,True,True,True,True,True,True,True,False,True,True,False,True,False,False,False,11,False,0.04882848262668027,0.044456175375257034,1.0,25353497.87587738,0.5292479108635098,1.0,3.0,,,,,,0.07090674804586013,0.03174479129093093,0.14768993540446432,-1.251860261139583,0.4831395348837209,-1.251860261139583,0.5003589594256017,-462.0,0.45348837209302323,0.4418604651162791,0.43023255813953487,0.44999999999999996,0.4453488372093023,豐興
45.95000076293945,46.84999847412109,45.900001525878906,46.59999847412109,16784668.0,0.07870364933184071,45.14999923706055,0.21098675230608133,42.8,0.1708542554626129,41.84896653493245,0.1979433585142567,39.65948324203491,0.037197780407218904,72.04300134348433,20291724.7,0.8271681312530325,0.08878501107759562,2027.TW,2026-08-07,-0.027882840194187408,0.0707964102687122,neutral,0.015784586815227482,0.13104089219330856,2026-03-31,2026-05-15,31174326000.0,8517820000.0,5633209000.0,4716863000.0,1204326000.0,2914770000.0,1.17,89517343000.0,24455518000.0,159942793000.0,66551339000.0,93391454000.0,9252095000.0,11925609000.0,29968117000.0,,0.2553235063218923,4194918326.275959,135487275000.0,0.0309617144951506,0.0312102432841446,0.0182238283159154,0.7126063054977172,0.2732318896004359,0.1807002659816927,0.0934990543179666,0.1950875950100803,,,67.77515994414823,67.77515994414823,False,78.64919101384343,78.64919101384343,75.93068324641963,180.0,True,True,True,True,True,True,True,False,True,True,True,True,True,True,True,False,False,13,False,0.11352805893600326,0.17500266429921507,1.0,945594340.0572851,0.11977715877437325,1.0,3.0,,,,,,0.03951625806795354,-0.024280480380602747,0.30130096868419953,-1.059347238570975,0.49767441860465117,-1.059347238570975,0.531983435378513,-180.0,0.8372093023255814,0.8837209302325582,0.47674418604651164,0.7831395348837209,0.7790697674418605,大成鋼
16.100000381469727,17.100000381469727,16.100000381469727,17.0,503770.0,0.11111109725963253,16.120000076293945,0.07594935409993342,15.327500009536744,0.1333333333333333,15.620833269755046,0.017964025350603707,15.809166653951008,0.0017973893664160487,75.00000000000001,136846.05,3.6812900335815324,0.10911759839651802,2033.TW,2026-08-07,-0.027882840194187408,0.0707964102687122,neutral,0.0882079851439183,0.1737918215613383,2026-03-31,2026-05-15,175517000.0,27282000.0,8642000.0,9338000.0,1877000.0,,0.09,382129000.0,130958000.0,1213456000.0,149464000.0,1063992000.0,47710000.0,72000000.0,,,0.2010066395373741,6904900.621118012,1082498000.0,0.0063786728669411,,,0.140474740411582,0.1554379347869437,0.0492373958078134,,-0.0245478897818088,,,33.37842346640696,33.37842346640696,False,67.10209810635884,67.10209810635884,58.67117944637087,621.0,True,False,True,True,True,False,True,False,True,True,False,True,False,True,False,False,False,9,False,0.08829021515230484,0.07532549767582974,1.0,2326382.8499999996,0.8495821727019499,0.0,3.0,,,,,,0.028908629060914705,-0.009898977728507037,0.1632133017055185,-1.5701623051720865,0.22965116279069767,-1.5701623051720865,0.455593215583386,-621.0,0.27906976744186046,0.1744186046511628,0.3953488372093023,0.2965116279069767,0.2709302325581395,佳大
34.45000076293945,36.25,34.45000076293945,35.5,3906882.0,0.06766917293233088,34.31999969482422,0.044117647058823595,33.704999923706055,0.09062982587049229,32.555833371480304,0.027526015219038413,33.408877801895144,0.002453710624298579,68.86791366409379,1919418.5,2.0354508409708463,0.053256195827238395,2101.TW,2026-08-07,-0.027882840194187408,0.0707964102687122,neutral,0.14391829155060354,0.23513011152416358,2026-03-31,2026-05-15,5423749000.0,2237626000.0,1648897000.0,1437849000.0,93759000.0,1344090000.0,1.86,40354728000.0,37879190000.0,52223322000.0,38754818000.0,13468504000.0,1824544000.0,7891061000.0,37500000.0,,0.0652078208490599,1541376019.8254476,14344132000.0,0.1074569043163746,0.0997950477647703,0.0257373515993486,2.8774404343644995,0.4125607582504279,0.3040142528719526,0.2478156714110479,1.6217745942925426,,,82.80478413647866,82.80478413647866,False,71.8713314827864,71.8713314827864,74.60469464620947,68.0,True,False,True,True,True,True,True,True,True,True,True,True,True,True,True,False,False,13,False,0.09043438068149268,0.06259181198795716,1.0,68139356.75,0.38997214484679665,1.0,2.0,,,,,,0.13000418992567836,0.0668131505054901,0.372603505038511,0.5165798437977939,0.9505813953488372,0.5165798437977939,0.7928423035927407,-68.0,0.9651162790697675,0.8372093023255814,0.8488372093023255,0.9476744186046511,0.9034883720930234,南港
18.049999237060547,18.399999618530277,18.0,18.049999237060547,909369.0,-0.005509663006694199,18.129999923706055,0.03735630073451568,18.007499980926514,0.07121654768094143,17.46722682317098,-0.0719795100752133,17.93486342430115,0.006849317223309765,48.648615210772725,1197865.5,0.7591578520292971,0.002360086418383922,2106.TW,2026-08-07,-0.027882840194187408,0.0707964102687122,neutral,0.15691736304549675,0.275092936802974,2026-03-31,2026-05-15,8698617000.0,1718035000.0,255513000.0,171823000.0,60640000.0,111183000.0,0.12,25478129000.0,9730576000.0,47068938000.0,27476173000.0,19592765000.0,9412275000.0,3037616000.0,14974373000.0,,0.3529213201957829,165337014.71281496,37338362000.0,0.0044280735912522,0.0056746967566854,0.0023621310512678,1.4023632192801785,0.1975066841085198,0.029373979794719,0.0127816870199021,-0.0124089540383796,,,20.024805479941964,20.024805479941964,False,63.6118295567594,63.6118295567594,52.71507353755504,860.0,True,False,True,True,True,True,True,False,True,True,True,True,False,True,False,False,False,11,False,0.0333637628794341,0.006419664874804276,1.0,21621471.36110115,0.5561745589600743,0.0,3.0,,,,,,0.02403852527715319,-0.020011066162739115,0.14886249623710454,-1.822084712763312,0.1691860465116279,-1.822084712763312,0.16699059116436757,-860.0,0.12790697674418605,0.046511627906976744,0.03488372093023256,0.11395348837209303,0.08488372093023255,建大
22.350000381469727,22.75,22.149999618530277,22.549999237060547,103854.0,0.0367815741177262,22.05,0.05373830088924314,21.9125,0.1026894081063714,21.2347843170166,-0.08146639764374453,21.687808879216515,0.008398526496379307,62.22218454626364,86416.7,1.201781600084243,0.02909294863938605,2115.TW,2026-08-07,-0.027882840194187408,0.0707964102687122,neutral,0.12534818941504178,0.21654275092936803,2026-03-31,2026-05-15,795763000.0,146418000.0,55001000.0,50773000.0,23159000.0,28129000.0,0.27,2550411000.0,942761000.0,4966182000.0,1610225000.0,3355957000.0,883919000.0,179756000.0,658841000.0,,0.4,33000600.0,4023421000.0,0.0082021245104601,0.0083818118050976,0.0056641097728597,0.4798109749320388,0.1839969940798956,0.0691173125666812,0.0353484643040704,-0.0114512019538349,,,30.9467161073479,30.9467161073479,False,78.57392843578359,78.57392843578359,66.66712535367466,666.0,True,True,True,True,True,True,True,True,True,True,True,True,True,True,False,False,False,14,False,0.06193681557622388,0.03975460880560733,1.0,1948696.51906929,0.8746518105849582,0.0,3.0,,,,,,0.055465780373038474,0.023248024247927712,0.16582019603625112,-1.7203369754727598,0.3837209302325581,-1.7203369754727598,0.4413909989482915,-666.0,0.2558139534883721,0.46511627906976744,0.36046511627906974,0.27151162790697675,0.33953488372093027,六暉-KY
228.0,233.0,228.0,228.5,71517.0,-0.006521739130434745,227.4,0.016025823041602827,224.92155380249022,0.09855769230769229,225.02894134521483,-0.15682656826568264,231.78530400594076,0.0017134372880619603,63.93442622950819,66642.25,1.0731480404698222,0.0159097522536773,2247.TW,2026-08-07,-0.027882840194187408,0.0707964102687122,neutral,0.23584029712163418,0.22490706319702602,2026-03-31,2026-05-15,8954402000.0,1071235000.0,228149000.0,239620000.0,49871000.0,189749000.0,2.35,11058769000.0,4180964000.0,21216122000.0,8824557000.0,12391565000.0,3847286000.0,1000000.0,,1957261000.0,0.2081253651615057,180665406.06376764,17035158000.0,0.0106054435223769,0.0153127550878359,0.0089436231560131,0.7121422516042163,0.1196322211131463,0.0254789767088857,0.0211905831344181,-0.3190939047800822,,,24.122169142423303,24.122169142423303,False,60.97702060980451,60.97702060980451,51.763307742959206,782.0,True,False,True,True,True,False,True,True,True,True,True,True,True,True,False,False,False,12,False,0.015424943271897806,-0.01417390986037903,0.0,15227754.125,0.6035283194057567,2.0,3.0,,,,,,0.036417267691264424,-0.002117819855789428,0.1422992040099372,-1.6210454348533152,0.24825581395348836,-1.6210454348533152,0.44365279676582076,-782.0,0.20930232558139536,0.03488372093023256,0.37209302325581395,0.23372093023255813,0.18953488372093025,汎德永業
265.5,267.0,258.0,260.0,38687190.0,0.03792415169660668,257.2,0.09473684210526323,246.175,0.0633946830265848,254.56893971761068,0.18721461187214605,236.301136525472,0.019569268999793013,63.07692307692307,55067267.4,0.7025442123173158,0.056159236315629135,2317.TW,2026-08-07,-0.027882840194187408,0.0707964102687122,neutral,0.07149489322191271,0.2908921933085502,2026-03-31,2026-05-15,2119533391000.0,130980560000.0,75648689000.0,74031230000.0,17074953000.0,49919449000.0,3.56,4052387707000.0,2792211149000.0,5230479067000.0,3241680598000.0,1988798469000.0,986317310000.0,778365706000.0,25597034000.0,289268494000.0,0.2306452695706933,58200676732.92546,2438267918000.0,0.0238696807283855,0.0251003054246619,0.0095439535003496,1.6299693752429172,0.0617968844256816,0.0356911994504171,0.0235520936881527,0.289006464874042,,,39.93908373911616,39.93908373911616,False,67.95509242257232,67.95509242257232,60.95109025170828,512.0,True,False,True,True,True,False,True,True,True,False,True,True,False,True,False,False,False,10,False,0.021334339878281705,0.10029094156292118,1.0,14317489524.0,0.012999071494893221,2.0,3.0,,,,,,0.051843366765658185,-0.002185091414860567,0.24487395786804333,-1.4495312356331072,0.44593023255813957,-1.4495312356331072,0.38364463967036055,-512.0,0.4069767441860465,0.2441860465116279,0.26744186046511625,0.386046511627907,0.3302325581395349,鴻海
14.75,15.300000190734863,14.600000381469728,15.300000190734863,6018.0,0.06250004139211573,15.0,0.10469312413919685,15.217500019073487,0.19531249708961695,14.241666650772094,-0.046728914764923135,14.328749990463256,0.025610778181204465,51.61290918006783,9616.25,0.625815676589107,0.005421401120944358,2321.TW,2026-08-07,-0.027882840194187408,0.0707964102687122,neutral,0.060352831940575676,0.11431226765799256,2026-03-31,2026-05-15,167589000.0,54806000.0,3123000.0,2338000.0,316000.0,-3670000.0,-0.12,594557000.0,366319000.0,1167997000.0,735200000.0,432797000.0,91273000.0,191000000.0,200000000.0,,0.1351582549187339,2700900.7698887936,801678000.0,0.0033690593603526,-0.0084797260609477,-0.0031421313582141,1.698717874661793,0.3270262368055183,0.0186348746039417,-0.0218988119745329,-0.0149414274882296,,,20.392509269700085,20.392509269700085,False,70.78339177707828,70.78339177707828,58.18567115023373,853.0,True,False,True,True,True,True,True,True,True,True,True,True,False,True,False,False,False,12,False,0.074312478020639,0.0677833168223354,1.0,147128.62683415413,0.9981429897864438,0.0,3.0,,,,,,0.05335246655772126,-0.001785709593955989,0.17034976866857052,-1.5846621992007839,0.33662790697674416,-1.5846621992007839,0.39549905704250865,-853.0,0.13953488372093023,0.13953488372093023,0.27906976744186046,0.16046511627906976,0.16744186046511628,東訊
37.5,37.5,36.400001525878906,36.54999923706055,30421743.0,0.01527775658501529,36.82999954223633,-0.0013660994301923912,36.072500228881836,0.20826443758877833,35.95083322525024,0.17071202338989355,32.88330556551615,0.00620641665169304,59.8173473031467,50551860.7,0.601792744693174,0.013237202998099828,2324.TW,2026-08-07,-0.027882840194187408,0.0707964102687122,neutral,0.3110492107706592,0.10315985130111524,2026-03-31,2026-05-15,201303536000.0,10597495000.0,2644084000.0,3090596000.0,699988000.0,1967195000.0,0.45,372539532000.0,285043722000.0,452433934000.0,306525209000.0,145908725000.0,84569615000.0,55846516000.0,11898445000.0,,0.2264896479513983,2045226345.6860747,167390212000.0,0.0122183150451238,0.013482367144254,0.0043480270867569,2.100801093286231,0.0526443559342146,0.0131348115017711,0.009772282390509,0.0110778585236814,,,17.5664711440274,17.5664711440274,False,72.87856909213477,72.87856909213477,59.05054460510792,900.0,True,False,True,True,True,True,True,True,True,True,True,True,False,True,False,False,False,12,False,0.01666626217134448,0.11150623723758346,1.0,1847670470.0169911,0.07706592386258125,1.0,3.0,,,,,,0.024736453758903508,-0.004043656396776352,0.2321896676720356,-1.5543187462099186,0.3226744186046512,-1.5543187462099186,0.36849629149927415,-900.0,0.10465116279069768,0.18604651162790697,0.20930232558139536,0.12034883720930233,0.15000000000000002,仁寶
92.9000015258789,94.0,90.3000030517578,93.4000015258789,5121609.0,-0.003201658827470477,94.13999938964844,0.10794778344828715,88.48999977111816,0.12124847663985716,88.25944646199544,0.41087622102011223,82.77222334543863,0.023664281934674024,66.785730731744,6790606.9,0.7542196265255761,0.05548651562278906,2347.TW,2026-08-07,-0.027882840194187408,0.0707964102687122,neutral,0.055710306406685235,0.19237918215613384,2026-03-31,2026-05-15,126357648000.0,5428837000.0,3373256000.0,3875913000.0,784782000.0,2954386000.0,1.77,208416617000.0,157729943000.0,249263901000.0,167490035000.0,81773866000.0,15304988000.0,56810338000.0,2500000000.0,,0.2024766809781334,2690250321.030425,91533958000.0,0.0293907351961162,0.036128730907745,0.0118524422836502,2.048209815590717,0.042964055487959,0.0266960967807821,0.0233811411241209,0.3825024363831348,,,42.4453478070041,42.4453478070041,False,76.71449785385741,76.71449785385741,68.14721034214408,475.0,True,True,True,True,True,True,True,True,True,True,True,True,False,True,False,False,False,13,False,0.05824368121430479,0.12839788217463588,1.0,634242694.8216438,0.1541318477251625,1.0,3.0,,,,,,0.06658827567171624,0.02130853800785269,0.33407663398692705,-0.6765494410423623,0.7168604651162791,-0.6765494410423623,0.7385889492433779,-475.0,0.4418604651162791,0.5348837209302325,0.8023255813953488,0.4959302325581395,0.541860465116279,聯強
816.0,825.0,805.0,817.0,4611192.0,0.00864197530864197,815.6,0.19444444444444442,756.8,0.20324005891016195,743.1539998372396,0.6274900398406376,658.1019999186198,0.04703929164360819,70.60702875399362,4603745.35,1.0016175199612203,0.07954545454545459,2357.TW,2026-08-07,-0.027882840194187408,0.0707964102687122,neutral,0.02321262766945218,0.10687732342007435,2026-03-31,2026-05-15,208369726000.0,30970538000.0,11895859000.0,13859608000.0,2702804000.0,9797017000.0,13.19,485857648000.0,327627459000.0,671441698000.0,354711686000.0,316730012000.0,57955263000.0,41417377000.0,275376000.0,,0.1950130191272365,9576011621.29809,343814239000.0,0.0278522833991703,0.0309317608967223,0.0145910166574134,1.1199181402487366,0.1486326185407567,0.0570901504184921,0.0470174683629425,0.4108280576281871,,,51.58078089609261,51.58078089609261,False,78.27395529621262,78.27395529621262,71.60066169618261,344.0,True,True,True,True,True,True,True,True,True,True,True,True,True,True,False,False,False,14,False,0.0993683680353381,0.2414488940939694,1.0,3761259950.95,0.04178272980501393,3.0,3.0,,,,,,0.09750410119809669,0.053288969783349766,0.343764851696371,-0.9994732643534461,0.8424418604651163,-0.9994732643534461,0.8283894608652733,-344.0,0.5581395348837209,0.686046511627907,0.8953488372093024,0.6087209302325581,0.663953488372093,華碩
71.80000305175781,74.80000305175781,70.9000015258789,72.0,418043.0,0.024182032353406546,71.2,0.05882352941176472,69.98500022888183,0.04347826086956519,69.23499997456868,0.15015977244416212,66.3616665204366,0.007848503385604244,65.32258163753758,194348.15,2.151000665558175,0.02879188061053406,2364.TW,2026-08-07,-0.027882840194187408,0.0707964102687122,neutral,0.11513463324048283,0.3382899628252788,2026-03-31,2026-05-15,338915000.0,130350000.0,30596000.0,44068000.0,-15000.0,43646000.0,0.83,1165011000.0,950493000.0,1755551000.0,1003694000.0,751857000.0,599063000.0,350000000.0,,,0.0,30596000.0,805058000.0,0.0380047151882224,0.0580509325576539,0.0248617100841843,1.3349533222407983,0.3846097103993626,0.0902763229718365,0.128781552896744,-0.1059821890200796,,,61.7822396932274,61.7822396932274,False,71.09349461722705,71.09349461722705,68.76568088622713,245.0,True,False,True,True,True,True,True,True,True,False,True,True,True,True,True,False,False,12,False,0.0399364487101459,0.08496371135928338,1.0,13993066.799999999,0.6202414113277623,1.0,3.0,,,,,,0.08298424647097512,0.044708869813265176,0.27382453296195003,0.29135245332520676,0.8011627906976745,0.29135245332520676,0.8169816612822551,-245.0,0.686046511627907,0.5813953488372093,0.8837209302325582,0.7156976744186047,0.694186046511628,倫飛
348.5,351.0,341.0,344.0,5225696.0,0.06009244992295848,337.3,0.022288261515601704,331.7598815917969,0.051987767584097844,338.4532938639323,0.5021834061135371,296.3724802652995,0.0022657933847573283,57.49251072559777,7105115.45,0.7354836155406876,0.0368945104196281,2376.TW,2026-08-07,-0.027882840194187408,0.0707964102687122,neutral,0.20705663881151345,0.31784386617100374,2026-03-31,2026-05-15,105057330000.0,12614630000.0,7413710000.0,7054503000.0,1410189000.0,5268403000.0,7.86,234087870000.0,170374747000.0,247826770000.0,180781022000.0,67045748000.0,63311111000.0,69227536000.0,,9540960000.0,0.199899128258929,5931715833.835495,77452023000.0,0.0765856798063944,0.0785792262322138,0.0212584096544533,2.6963831024750444,0.1200737730532462,0.0705682316502808,0.0501478859209538,0.5978925716183887,,,59.16561347732097,59.16561347732097,False,60.01953641145714,60.01953641145714,59.8060556779231,275.0,True,False,True,True,True,False,True,True,True,False,True,True,False,True,False,False,False,10,False,0.016388394607551593,0.16070155937577768,1.0,2444159714.8,0.06220984215413185,2.0,3.0,,,,,,0.11789359806588424,0.06468982324794166,0.3752064380677002,0.5781064004046851,0.9494186046511627,0.5781064004046851,0.9661224237478828,-275.0,0.6395348837209303,0.19767441860465115,0.9767441860465116,0.6901162790697674,0.5744186046511628,技嘉
154.0,155.5,150.5,153.0,8774364.0,0.07746478873239426,150.1,0.05517241379310356,146.2,0.3076923076923077,138.03333333333333,0.6887417502959758,116.16416657765707,0.013518197573656767,61.16504854368932,16182688.15,0.5422068273619918,0.04651162790697683,2377.TW,2026-08-07,-0.027882840194187408,0.0707964102687122,neutral,0.12349117920148561,0.0604089219330855,2026-03-31,2026-05-15,56256838000.0,8440506000.0,3876357000.0,4133431000.0,716617000.0,3416814000.0,4.04,106512512000.0,56814984000.0,119099762000.0,64185562000.0,54914200000.0,25875075000.0,0.0,6305082000.0,,0.1733709840565864,3204309172.355363,62284778000.0,0.0514461040923251,0.0622209555998266,0.0286886719387398,1.1688335985956273,0.1500352010541367,0.0689046369794192,0.0607359766647389,0.0507372103469625,,,60.05362798212559,60.05362798212559,False,83.47762329711044,83.47762329711044,77.62162446836423,263.0,True,True,True,True,True,True,True,True,True,True,True,True,False,True,True,False,False,13,False,0.10842791596232804,0.31710151682375964,1.0,2475951286.9500003,0.06128133704735376,2.0,3.0,,,,,,0.04462977257620319,-0.01177968226171995,0.2618317627826855,-0.6918008647400122,0.5122093023255814,-0.6918008647400122,0.591973620900688,-263.0,0.6627906976744186,0.9418604651162791,0.5581395348837209,0.6470930232558139,0.7255813953488371,微星
621.0,648.0,616.0,634.0,6226605.0,0.12611012433392532,608.2,0.19932447293868005,564.5098693847656,0.36344086021505384,515.3194636027018,1.2052173913043478,434.9972318013509,0.042380432038754315,73.98373983739837,4606871.85,1.3515906677543028,0.12309816778042992,2395.TW,2026-08-07,-0.027882840194187408,0.0707964102687122,neutral,0.022284122562674095,0.03903345724907063,2026-03-31,2026-05-15,20385264000.0,7979823000.0,3728486000.0,4068287000.0,750007000.0,3334165000.0,3.85,49300373000.0,29811036000.0,83769137000.0,34044129000.0,49725008000.0,10001958000.0,,43915000.0,,0.184354496130681,3041122842.1397014,53958101000.0,0.0563608204473263,0.0670520756879516,0.0398018305954375,0.6846480346468723,0.3914505595806853,0.182901040673302,0.1635576071028562,0.1748587968840969,,,87.43653384699755,87.43653384699755,False,86.28556212317888,86.28556212317888,86.57330505413356,49.0,True,True,True,True,True,True,True,False,True,True,False,True,True,True,True,False,False,12,False,0.2303047813633483,0.4574805393003678,1.0,2920756752.8999996,0.051996285979572884,3.0,2.0,,,,,,-0.017272105917425864,-0.10835140576833317,0.32273595922574827,-1.212546806467186,0.33313953488372094,-1.212546806467186,0.3578690652437645,-49.0,0.9883720930232558,1.0,0.19767441860465115,0.8697674418604651,0.8337209302325582,研華
48.20000076293945,52.900001525878906,47.54999923706055,52.900001525878906,14439972.0,0.12673057862090942,49.73000030517578,0.3208490020875585,45.494999885559075,0.502840919866542,40.250329907735185,0.8116438405378201,34.76558165550232,0.054956523751329076,72.07031977595808,6447287.65,2.2396971849084473,0.16276517549064362,2425.TW,2026-08-07,-0.027882840194187408,0.0707964102687122,neutral,0.0064995357474466105,0.024163568773234202,2026-03-31,2026-05-15,742329000.0,57186000.0,84000.0,19626000.0,14929000.0,59718000.0,0.62,6477498000.0,3530704000.0,6656471000.0,3632354000.0,3024117000.0,955233000.0,0.0,,,0.4,50400.0,3125767000.0,1.6124042515005117e-05,0.0197472518424386,0.0089714204418527,1.2011287923053242,0.0770359234247887,0.0001131573736173,0.0804468099723976,-0.0094210083147737,,,20.556959597295062,20.556959597295062,False,84.20092470824574,84.20092470824574,68.28993343050807,848.0,True,True,True,True,True,True,True,False,True,True,False,True,True,False,False,False,False,11,False,0.31427497978625873,0.5216199185180748,1.0,341061526.52278024,0.21634168987929434,1.0,3.0,,,,,,0.0034717561672451803,-0.10117301156994836,0.20585308707609173,-1.3887361052919873,0.20755813953488372,-1.3887361052919873,0.2587182579606147,-848.0,0.1511627906976744,0.5465116279069767,0.10465116279069768,0.1441860465116279,0.26046511627906976,承啟
21.850000381469727,22.450000762939453,21.399999618530277,22.350000381469727,330674.0,0.03472222160900573,21.85,0.049295830141733,21.422500133514404,0.07710845211902306,21.62999992370606,-0.014364006542399221,21.952440452575683,0.003395786314900513,72.72725170967647,146549.9,2.25639185014797,0.04329561172480956,2477.TW,2026-08-07,-0.027882840194187408,0.0707964102687122,neutral,0.1309192200557103,0.266728624535316,2026-03-31,2026-05-15,506123000.0,134705000.0,7862000.0,32092000.0,13938000.0,17501000.0,0.11,5644395000.0,2493981000.0,8543804000.0,4123384000.0,4420420000.0,2586925000.0,1388416000.0,683016000.0,,0.4,4717200.0,6049823000.0,0.0007797252911366,0.0039591260558951,0.0020483850050867,0.9328036702394796,0.2661507183036534,0.0155337734108112,0.0345785510636742,-0.0327116289114535,,,22.08324634514487,22.08324634514487,False,58.012175428679924,58.012175428679924,49.029943157796154,825.0,True,False,True,True,True,False,True,False,True,True,True,True,True,True,False,False,False,11,False,0.03328712252904631,0.018110056134893027,1.0,3275390.3209043504,0.8152274837511606,0.0,3.0,,,,,,0.04204135593517804,0.0026700746179586605,0.18745666588661358,-1.4744122664735553,0.3523255813953488,-1.4744122664735553,0.6945230415736449,-825.0,0.1744186046511628,0.011627906976744186,0.7325581395348837,0.25813953488372093,0.2372093023255814,美隆電
93.0,93.4000015258789,89.9000015258789,90.0999984741211,463946.0,0.021541968158954372,89.74000091552735,0.018079078803628246,88.1200008392334,0.1997336924736275,86.77833366394043,0.3928981882018694,78.2080322265625,0.003816144290626521,61.452518490640344,358547.6,1.2939592957810901,0.022469332910016737,2535.TW,2026-08-07,-0.027882840194187408,0.0707964102687122,neutral,0.22841225626740946,0.11059479553903345,2026-03-31,2026-05-15,7158996000.0,1023899000.0,759460000.0,917121000.0,168741000.0,748785000.0,2.88,29176307000.0,17358125000.0,31406521000.0,21164629000.0,10241892000.0,7958413000.0,1895000000.0,3752518000.0,0.0,0.1839898988246916,619727031.4385997,14048396000.0,0.0441137216973809,0.0731100269364293,0.023841704721131,2.0664764869615886,0.1430227087708946,0.10608470796743,0.1045935770881838,0.5557714720596632,,,66.50740970485359,66.50740970485359,False,79.20206930791198,79.20206930791198,76.02840440714738,196.0,True,True,True,True,True,True,True,True,True,True,True,True,True,True,True,False,False,14,False,0.038277582317312264,0.15205556141738108,1.0,32305138.212899778,0.49303621169916434,1.0,3.0,,,,,,0.09738263092849618,0.057308433112927035,0.30128696708839464,-0.4854519135549242,0.8517441860465117,-0.4854519135549242,0.8705777724415986,-196.0,0.7906976744186046,0.8953488372093024,0.9186046511627907,0.8098837209302325,0.8476744186046512,達欣工
43.400001525878906,43.400001525878906,42.75,43.29999923706055,788288.0,0.015240274042833013,42.6599998474121,0.10178117245936069,41.46500034332276,0.12031041468570547,39.21416683197022,-0.07872342048807346,42.70166673660278,0.01973562752719301,67.46986733584737,1336231.55,0.5899336832751778,0.04425416323512188,2539.TW,2026-08-07,-0.027882840194187408,0.0707964102687122,neutral,0.06313834726090993,0.19330855018587362,2026-03-31,2026-05-15,2476909000.0,1123612000.0,1002985000.0,1009807000.0,195023000.0,814784000.0,0.68,31998835000.0,10750825000.0,32104295000.0,13379256000.0,18725039000.0,5711725000.0,397000000.0,2628180000.0,,0.1931289840533884,809279525.9292122,21353470000.0,0.0378992044819512,0.0435130735909281,0.0253792833637991,0.7145115158371633,0.4536347520235907,0.4049341336318774,0.3289519316212262,-0.5500200926952697,,,74.05495514883755,74.05495514883755,False,74.77224127951116,74.77224127951116,74.59291974684277,129.0,True,False,True,True,True,True,True,True,True,True,True,True,False,True,True,False,False,12,False,0.10419276336018601,0.014011923800269166,1.0,57858825.09553623,0.415041782729805,1.0,3.0,,,,,,0.023206108472499355,-0.017175185547730017,0.17653112881263486,-1.7473942294642275,0.20988372093023255,-1.7473942294642275,0.2137551684691116,-129.0,0.8953488372093024,0.8255813953488372,0.05813953488372093,0.7697674418604652,0.7069767441860466,櫻花建
101.0,101.0,98.0,99.0999984741211,431403.0,-0.023645335230334075,100.43999938964843,0.07483732922195552,97.47000007629394,0.1672555558660831,92.80999997456868,0.14566472224417448,88.72750008900961,0.019294118444903974,55.72915507688201,237692.3,1.8149641364066065,0.016723077834731592,2546.TW,2026-08-07,-0.027882840194187408,0.0707964102687122,neutral,0.09285051067780872,0.13382899628252787,2026-03-31,2026-05-15,4271987000.0,331333000.0,227648000.0,236497000.0,50162000.0,186338000.0,1.43,15279304000.0,9683343000.0,16184746000.0,9989889000.0,6194857000.0,7854449000.0,0.0,,,0.2121041704545935,179362909.8043527,6501403000.0,0.0275883389791945,0.0300794675325031,0.0115131865523252,1.6126101054471476,0.0775594588653944,0.0532885516739634,0.0436185784273219,0.0858039345262302,,,37.32527210445105,37.32527210445105,False,77.61448742975513,77.61448742975513,67.54218359842912,570.0,True,True,True,True,True,True,True,True,True,True,True,True,True,True,False,False,False,14,False,0.06777285315457338,0.1169028584678482,1.0,23555306.567310333,0.5394614670380687,1.0,3.0,,,,,,0.0961725112727577,0.06191054788923927,0.3594677735326252,0.2194343874634236,0.9075581395348837,0.2194343874634236,0.9007080688186712,-570.0,0.313953488372093,0.5232558139534884,0.9302325581395349,0.4063953488372093,0.5,根基
32.0,32.849998474121094,31.799999237060547,32.54999923706055,4771561.0,0.07248760553341005,31.8,0.06896546540245052,31.285000038146972,0.048309179930981605,30.960822073618576,0.12241376679519123,33.39166096051534,0.010415823715339846,63.57142954456585,5496219.5,0.8681532824516924,0.04043468746591383,2605.TW,2026-08-07,-0.027882840194187408,0.0707964102687122,neutral,0.10027855153203342,0.3252788104089219,2026-03-31,2026-05-15,1366845000.0,582927000.0,482738000.0,537338000.0,149979000.0,387359000.0,0.66,9807913000.0,5258125000.0,22934806000.0,5269539000.0,17665267000.0,4877423000.0,4114000000.0,,,0.2791148215834353,347998669.2584556,17676681000.0,0.0196868783941089,0.0219277183865944,0.0168895695040978,0.2982994256469489,0.4264763012631278,0.3531768415584795,0.2833964348554518,0.4444113329930603,,,75.1720503143159,75.1720503143159,False,74.37208654423559,74.37208654423559,74.57207748675566,118.0,True,False,True,True,True,True,True,True,True,False,True,True,True,True,True,False,False,12,False,0.05132864882150834,-0.02520574596304248,0.0,178901940.5317173,0.28040854224698236,1.0,3.0,,,,,,0.007869088515725787,-0.05928169961396137,0.12509375738384376,-1.6764407458757227,0.10232558139534884,-1.6764407458757227,0.30671670404053486,-118.0,0.9069767441860465,0.813953488372093,0.13953488372093023,0.7918604651162789,0.7255813953488371,新興
64.30000305175781,67.5,64.0999984741211,67.5,8510808.0,0.07827478666640197,64.56000061035157,0.06973061223897603,63.15999965667724,0.04489166554764945,64.00881913503011,0.08000000000000007,62.9769095102946,0.007336526843378405,70.34484355260577,3857436.15,2.206338010286962,0.06871438199673796,2606.TW,2026-08-07,-0.027882840194187408,0.0707964102687122,neutral,0.09935004642525534,0.3336431226765799,2026-03-31,2026-05-15,3891765000.0,1243986000.0,987897000.0,987799000.0,68000.0,987731000.0,1.17,29154469000.0,15158773000.0,89632874000.0,49048791000.0,40584083000.0,18437340000.0,5972000000.0,33795287000.0,,6.883991581283237e-05,987828993.2536882,74474101000.0,0.0132640606598754,0.0243378912860985,0.0110197403689186,1.2085721143434485,0.3196457134487822,0.2538429221702749,0.2538002680017935,0.1329549990000165,,,55.37983321173965,55.37983321173965,False,59.404619040056005,59.404619040056005,58.39842258297692,303.0,True,False,True,True,True,False,True,True,True,False,True,True,True,True,False,False,False,11,False,0.05454218515740861,0.07182141081353044,1.0,260376940.125,0.2395543175487465,1.0,3.0,,,,,,0.029309981591279708,-0.018668524891225138,0.1734348538314847,-1.8410801574704427,0.2069767441860465,-1.8410801574704427,0.3745969617991079,-303.0,0.6046511627906976,0.16279069767441862,0.23255813953488372,0.5488372093023255,0.39767441860465114,裕民
22.049999237060547,22.549999237060547,22.0,22.5,30482654.0,0.004464302820210708,22.43000030517578,0.09300008996777742,21.50500020980835,0.21293805527753618,20.785789680480956,-0.006622499825896799,19.903311506907144,0.016568152971738262,67.41571877885136,42977325.1,0.7092729463518892,0.046268299487755016,2610.TW,2026-08-07,-0.027882840194187408,0.0707964102687122,neutral,0.07242339832869081,0.10037174721189591,2026-03-31,2026-05-15,56997031000.0,11740924000.0,6436036000.0,7021709000.0,1173546000.0,5169442000.0,0.85,86787582000.0,117191909000.0,372739998000.0,264413465000.0,108326533000.0,52710911000.0,,54806125000.0,5750000000.0,0.1671311072560825,5360374176.979992,255548089000.0,0.0209759900688593,0.0477209217062268,0.0138687611411104,2.440892897403077,0.2059918524528058,0.1129187939631452,0.0906966890959636,0.080061410563945,,,43.706898976143904,43.706898976143904,False,77.04511957287552,77.04511957287552,68.71056442369262,453.0,True,True,True,True,True,True,True,True,True,True,True,True,False,True,False,False,False,13,False,0.08247030042494785,0.13046514858553637,1.0,966989814.75,0.116991643454039,0.0,3.0,,,,,,0.05790306489709879,0.0076793981350588856,0.22284931213437562,-1.0655983422751876,0.5290697674418605,-1.0655983422751876,0.5728671058923138,-453.0,0.47674418604651164,0.5697674418604651,0.5348837209302325,0.4854651162790698,0.5162790697674419,華航
43.20000076293945,44.59999847412109,42.79999923706055,44.400001525878906,37269441.0,0.025404210351044565,43.79000015258789,0.12121220294729707,42.20500011444092,0.26857147216796884,39.95328629811605,0.15624999379118298,37.57497641245524,0.021794385836701142,65.8415963119034,47571060.35,0.7834477668942689,0.052008089218958276,2618.TW,2026-08-07,-0.027882840194187408,0.0707964102687122,neutral,0.04735376044568245,0.07434944237918216,2026-03-31,2026-05-15,60515845000.0,15865568000.0,11279920000.0,11043489000.0,2178622000.0,8268012000.0,1.53,119872996000.0,106923312000.0,391276107000.0,247236537000.0,144039570000.0,95057424000.0,110000000.0,46720454000.0,,0.1972766034357439,9054655695.373083,284352795000.0,0.0318430339162767,0.057400976689947,0.0211308890373927,1.7164487300260616,0.2621721302908354,0.1863961413742136,0.1366255730214128,0.1014063587979636,,,65.4946890287355,65.4946890287355,False,80.67510710439272,80.67510710439272,76.88000258547841,205.0,True,True,True,True,True,True,True,True,True,True,True,True,False,True,True,False,False,13,False,0.11129785906929368,0.18163750892366037,1.0,2112155152.1276777,0.07056638811513463,1.0,3.0,,,,,,0.047490881561091505,0.004055533826343372,0.29508124034600186,-0.9230355114659458,0.5819767441860466,-0.9230355114659458,0.5958677469840702,-205.0,0.7674418604651163,0.9302325581395349,0.5697674418604651,0.7377906976744185,0.7767441860465117,長榮航
85.80000305175781,88.4000015258789,85.30000305175781,87.9000015258789,3827572.0,0.1226053397185094,85.14000091552734,0.059036162962396554,82.4950008392334,0.17356474946810696,77.91110445658366,0.2310924320361476,74.62888552347819,0.013701156834358056,67.74193945337856,2776083.55,1.378766860240932,0.06551913002799759,2637.TW,2026-08-07,-0.027882840194187408,0.0707964102687122,neutral,0.11420612813370473,0.13011152416356878,2026-03-31,2026-05-15,4338022000.0,1244039000.0,1197473000.0,1201283000.0,6082000.0,1195201000.0,1.6,8930959000.0,8128467000.0,84286573000.0,33874386000.0,50412187000.0,5975075000.0,2132536000.0,18694305000.0,992902000.0,0.0050629202277897,1191410289.726068,76158106000.0,0.0156439065032167,0.0237085726909645,0.0141802063775923,0.6719483524886551,0.2867756318432686,0.276041246448266,0.2755175054437253,0.2360516073148353,,,62.80204855376821,62.80204855376821,False,79.44630221915325,79.44630221915325,75.28523880280699,238.0,True,True,True,True,True,True,True,True,True,True,False,True,True,True,True,False,False,13,False,0.1282089008873133,0.17782814133309865,1.0,244017748.28096732,0.24419684308263695,1.0,3.0,,,,,,0.01879144763786433,-0.038559985644954144,0.21548244375448422,-1.7151701619971023,0.22209302325581395,-1.7151701619971023,0.26634945893286854,-238.0,0.7093023255813954,0.8604651162790697,0.12790697674418605,0.622093023255814,0.6383720930232558,慧洋-KY
155.5,163.0,155.5,163.0,313446.0,0.012422360248447228,160.3,0.13588850174216027,152.775,0.23484848484848486,144.64146194458007,0.42358078602620086,132.84573097229003,0.025335570469798695,70.51282051282051,444429.75,0.7052768182148023,0.06692848960890196,2850.TW,2026-08-07,-0.027882840194187408,0.0707964102687122,neutral,0.0436397400185701,0.09200743494423792,2026-03-31,2026-05-15,,,1507350000.0,1508204000.0,248433000.0,,,,,58099283000.0,36260125000.0,21839158000.0,14722947000.0,,,,0.1647210854765005,1259057671.8069968,58099283000.0,0.0216707953488341,,,1.6603261444420157,,,,,,,51.89726928896828,51.89726928896828,False,76.96799605991211,76.96799605991211,70.70031436717615,341.0,True,True,True,True,True,True,True,True,True,True,True,True,False,True,False,False,False,13,False,0.1269244503519611,0.2269871136017143,1.0,72442049.25,0.3797585886722377,2.0,3.0,,,,,,0.02284876948834113,-0.047777119131285815,0.1847134423392362,-1.9069796437052582,0.16627906976744183,-1.9069796437052582,0.180259059516448,-341.0,0.5697674418604651,0.6395348837209303,0.046511627906976744,0.49127906976744184,0.486046511627907,新產
9.770000457763672,9.859999656677246,9.739999771118164,9.8100004196167,11696529.0,-0.009090828523378613,9.78600025177002,0.10722356656340226,9.366000032424926,0.2740260600802449,8.579499951998393,0.24020235257352218,8.207083320617675,0.02674853671183277,69.07898245426911,20866629.8,0.5605375238889799,0.047405550464942436,2867.TW,2026-08-07,-0.027882840194187408,0.0707964102687122,neutral,0.057567316620241414,0.0724907063197026,2026-03-31,2026-05-15,,,-260328000.0,-260476000.0,-99972000.0,,,,,1583200325000.0,1505084533000.0,78115792000.0,70736282000.0,,,,0.3838050338610851,-160412803.14501145,1583200325000.0,-0.0001013218609243,,,19.267352918856663,,,,,,,0.0,0.0,False,76.43452821073528,76.43452821073528,57.325896158051464,1076.0,True,True,True,True,True,True,True,True,True,True,True,True,False,True,False,False,False,13,False,0.14342333172129562,0.19530898327450963,1.0,204701647.09398633,0.25812441968430827,0.0,3.0,,,,,,0.040163295976036996,0.019024072652016135,0.2184370163668207,-0.6594782904994206,0.49709302325581395,-0.6594782904994206,0.6207771039719555,-1076.0,0.011627906976744186,0.11627906976744186,0.5930232558139535,0.09883720930232559,0.15930232558139537,三商壽
99.4000015258789,100.5,98.5,99.4000015258789,13843342.0,-0.02068964013912411,99.41999969482421,0.03219105270905298,97.18500022888183,0.2959583504671437,95.5549425760905,0.3044620145246857,85.06330451965331,0.008352350451351184,60.629917239146245,22146220.55,0.625088238814636,0.02279159635520389,2882.TW,2026-08-07,-0.027882840194187408,0.0707964102687122,neutral,0.1745589600742804,0.06505576208178439,2026-03-31,2026-05-15,72538053000.0,,,38391738000.0,6735806000.0,31593811000.0,,,,14450034484000.0,13633007653000.0,817026831000.0,293505959000.0,,,,0.1754493636104726,,14450034484000.0,,0.0386692453677815,0.0021864176888285,16.686119887046893,,,0.4355480977687669,-0.3173702053156907,,,13.906153918122188,13.906153918122188,False,79.62493377437869,79.62493377437869,63.195238810314564,982.0,True,True,True,True,True,True,True,True,True,True,True,True,False,True,False,False,False,13,False,0.04023924714021554,0.16854150079383756,1.0,2201334356.462451,0.06870937790157845,1.0,3.0,,,,,,-0.0015918674727650958,-0.10244485704726476,0.35849554014984303,-1.1645209587326797,0.36686046511627907,-1.1645209587326797,0.4024260045319813,-982.0,0.05813953488372093,0.27906976744186046,0.3023255813953488,0.09476744186046511,0.17325581395348838,國泰金
30.5,30.950000762939453,30.299999237060547,30.850000381469727,26865616.0,0.0,30.8,0.026622334932459468,30.222500038146972,0.3959275949758194,27.783650938669844,0.6766304902746461,24.19724206924439,0.006829350177170806,58.0246942651237,49112504.75,0.5470219068800396,0.020762688147265118,2883.TW,2026-08-07,-0.027882840194187408,0.0707964102687122,neutral,0.19220055710306408,0.03438661710037175,2026-03-31,2026-05-15,23565513000.0,,,13099615000.0,1407592000.0,11689699000.0,,,,4235032868000.0,3864021319000.0,371011549000.0,75116245000.0,,,,0.1074529289601259,,4235032868000.0,,0.0315076418281523,0.0027602380818169,10.414827596108069,,,0.4960511150340754,-0.1317078255463794,,,12.146336472811727,12.146336472811727,False,76.7986466106972,76.7986466106972,60.635569076225835,1010.0,True,True,True,True,True,True,True,True,True,True,True,True,False,True,False,False,False,13,False,0.11036524499852818,0.27493870141015964,1.0,1515120790.2724338,0.09192200557103064,1.0,3.0,,,,,,-0.06296238692779665,-0.12068185991069551,0.30847715887099464,-1.1195886573634668,0.32906976744186045,-1.1195886573634668,0.3535955278365324,-1010.0,0.03488372093023256,0.22093023255813954,0.18604651162790697,0.057558139534883715,0.12093023255813953,凱基金
51.20000076293945,51.20000076293945,50.400001525878906,50.900001525878906,22548070.0,-0.041431205488911216,50.94000015258789,0.0899357750390557,49.19250011444091,0.29516545837179975,45.2575002670288,0.30012770222328156,42.37208334604899,0.022234922862397876,63.23530676731494,33815461.75,0.666797637326363,0.034710604410543855,2886.TW,2026-08-07,-0.027882840194187408,0.0707964102687122,neutral,0.07520891364902507,0.06691449814126393,2026-03-31,2026-05-15,20768442000.0,,,11219594000.0,1822242000.0,9397352000.0,,,,5003279677000.0,4601326283000.0,401953394000.0,108936088000.0,,,,0.1624160375143699,,5003279677000.0,,0.0233792079884763,0.0018782383969458,11.447412440557724,,,0.4524822805677961,0.1010590363542149,,,21.43739093265881,21.43739093265881,False,81.47974631863748,81.47974631863748,66.46915747214281,833.0,True,True,True,True,True,True,True,True,True,True,True,True,False,True,False,False,False,13,False,0.12467549523411936,0.20126265943034194,1.0,1721207054.6732998,0.08263695450324977,1.0,3.0,,,,,,-0.07428338039856452,-0.15356882357679336,0.17994448937696597,-1.7455117204217052,0.08255813953488372,-1.7455117204217052,0.10431119803014448,-833.0,0.16279069767441862,0.45348837209302323,0.011627906976744186,0.14011627906976745,0.2197674418604651,兆豐金
35.849998474121094,35.849998474121094,35.29999923706055,35.54999923706055,32390165.0,-0.032653081984747034,35.64000015258789,0.05803573962782638,34.722500038146975,0.2050847199003576,31.98749984105428,0.23010379606601727,30.447916571299235,0.015426242083066888,63.55930559596547,42182837.05,0.7678517441016927,0.02383178624823845,2892.TW,2026-08-07,-0.027882840194187408,0.0707964102687122,neutral,0.116991643454039,0.10594795539033457,2026-03-31,2026-05-15,19296673000.0,,,10035758000.0,1792064000.0,8243694000.0,,,,5146398447000.0,4848752228000.0,297646219000.0,66304190000.0,,,,0.1785678769854753,,5146398447000.0,,0.0276962832845526,0.0016018374956578,16.290320247609124,,,0.427208047729264,0.0559316737098873,,,19.735682713005552,19.735682713005552,False,77.98386111456759,77.98386111456759,63.42181651417708,865.0,True,True,True,True,True,True,True,True,True,True,True,True,False,True,False,False,False,13,False,0.11137161121401506,0.1675675461673667,1.0,1499599824.9445493,0.09285051067780872,1.0,3.0,,,,,,-0.05577485669178101,-0.1481320891439033,0.1994694702911312,-1.1068381706371528,0.20348837209302326,-1.1068381706371528,0.2409334073769691,-865.0,0.11627906976744186,0.29069767441860467,0.09302325581395349,0.1127906976744186,0.16395348837209303,第一金
115.5,117.0,114.5,115.0,2564373.0,0.00877192982456143,114.8,0.02678571428571419,113.15,0.11111111111111116,106.98833325703939,0.08477464698520576,107.0431396484375,0.011396648044692788,60.37735849056604,4584918.4,0.5593061372695313,0.016349977905435242,3005.TW,2026-08-07,-0.027882840194187408,0.0707964102687122,neutral,0.19127205199628597,0.20260223048327136,2026-03-31,2026-05-15,9308269000.0,2890739000.0,1257624000.0,1391228000.0,215931000.0,1087413000.0,1.74,34157049000.0,19619666000.0,51413542000.0,24716257000.0,26697285000.0,14015961000.0,1317501000.0,1977017000.0,,0.1552089233396682,1062429532.993873,31793876000.0,0.0334161689815319,0.0407312204218518,0.0211503226134468,0.9257966493596632,0.3105560228222884,0.1351082569702272,0.1168222577151562,-0.0255358141879895,,,60.64311592085046,60.64311592085046,False,74.86745693744483,74.86745693744483,71.31137168329623,256.0,True,False,True,True,True,True,True,True,True,True,True,True,False,True,True,False,False,12,False,0.0748835550481246,0.07433321161631912,1.0,527265616.00000006,0.16898792943361188,2.0,3.0,,,,,,0.053877948110344104,0.025778006839021487,0.26828184328009125,-0.9260190437262744,0.6354651162790698,-0.9260190437262744,0.6759380035734011,-256.0,0.6744186046511628,0.6627906976744186,0.7093023255813954,0.6796511627906976,0.6779069767441861,神基
4605.0,4625.0,4380.0,4385.0,1660314.0,0.08674101610904583,4380.0,0.11012658227848093,4116.5,0.39872408293460926,4091.4166666666665,0.8944971280810963,3255.2162658691404,0.025216362617520704,60.944206008583684,2297968.15,0.7225139304041268,0.06522531276569898,3008.TW,2026-08-07,-0.027882840194187408,0.0707964102687122,neutral,0.05385329619312906,0.03345724907063197,2026-03-31,2026-05-15,15544079000.0,7679569000.0,5812218000.0,7287959000.0,1112047000.0,6123204000.0,46.63,159095122000.0,39536493000.0,226385533000.0,39762818000.0,186622715000.0,119023098000.0,146000.0,,,0.1525868902390916,4925349729.988327,186849040000.0,0.026360048357692,0.0328106040039123,0.0270476824152893,0.213065263786351,0.4940510788706104,0.3739184547376528,0.3939251724080918,0.0661796222311039,,,76.94531754874203,76.94531754874203,False,87.92141929411935,87.92141929411935,85.17739385777502,100.0,True,True,True,True,True,True,True,True,True,True,True,True,False,True,True,False,False,13,False,0.07175591176650298,0.34706871736191935,1.0,10076590337.75,0.019498607242339833,3.0,2.0,,,,,,-0.03287381540303426,-0.06040278779027484,0.25619945210770767,-1.1608112371938877,0.29186046511627906,-1.1608112371938877,0.43301077067986105,-100.0,0.9418604651162791,0.9883720930232558,0.3372093023255814,0.8511627906976744,0.8348837209302326,大立光
112.0,113.5,109.0,109.5,1674465.0,0.0,107.4,0.06310679611650483,104.44000015258788,0.1265432452462667,102.28166681925455,0.025476170606318016,102.35536015828451,0.010155721041206666,58.98203756952116,1418601.75,1.1803629877095527,0.04844886863289366,3029.TW,2026-08-07,-0.027882840194187408,0.0707964102687122,neutral,0.1095636025998143,0.18401486988847585,2026-03-31,2026-05-15,6876938000.0,811379000.0,385472000.0,424218000.0,78018000.0,295873000.0,1.77,12286821000.0,7803745000.0,15126326000.0,8760650000.0,6365676000.0,2911146000.0,3716000.0,,,0.1839101593991768,314579783.0360805,7322581000.0,0.0429602326059732,0.0464794312497211,0.0195601364138258,1.3762324692617092,0.1179855045952137,0.0560528537555522,0.0430239446683974,0.0168646985516829,,,48.26050505492552,48.26050505492552,False,80.41097031347128,80.41097031347128,72.37335399883483,395.0,True,True,True,True,True,True,True,True,True,True,True,True,True,True,False,False,False,14,False,0.07057308905124904,0.0698023027877277,1.0,155336891.625,0.298050139275766,2.0,3.0,,,,,,0.054039431483427595,0.005305247857950332,0.23244250311318632,-0.6335400495542156,0.5674418604651162,-0.6335400495542156,0.5447022773355239,-395.0,0.5465116279069767,0.7325581395348837,0.5116279069767442,0.5412790697674419,0.5953488372093023,零壹
541.0,546.0,532.0,542.0,3478542.0,0.044315992292870865,535.6,0.044315992292870865,499.4,0.09939148073022319,500.4612579345703,0.4748299319727891,450.9222956339518,0.009648501837372259,73.46368715083798,5357656.75,0.6492655581192281,0.0853023628354026,3034.TW,2026-08-07,-0.027882840194187408,0.0707964102687122,neutral,0.14298978644382543,0.22397769516728624,2026-03-31,2026-05-15,23145303000.0,9039901000.0,4027546000.0,4389348000.0,622236000.0,3767112000.0,6.19,79261926000.0,21790635000.0,103666583000.0,31738768000.0,71927815000.0,48919537000.0,,,,0.1417604619182621,3456599218.642951,81875948000.0,0.0422175169030464,0.0523735080788982,0.036338730292673,0.4412586146263444,0.390571728527382,0.1740113750077067,0.1627592432036858,-0.1465659805926223,,,75.54535048945058,75.54535048945058,False,62.21939426378663,62.21939426378663,65.55088332020262,116.0,True,False,True,True,True,False,True,False,True,True,True,True,False,True,True,False,False,10,False,0.0830009144701076,0.20198092941490509,1.0,2903849958.5,0.052924791086350974,3.0,3.0,,,,,,0.08568704501087901,0.04430081405997144,0.34007751685929816,-0.14862019035313792,0.8424418604651163,-0.14862019035313792,0.8446719143818177,-116.0,0.9186046511627907,0.38372093023255816,0.9069767441860465,0.9168604651162789,0.7558139534883721,聯詠
46.0,48.5,45.70000076293945,46.54999923706055,602606.0,0.07879484567671491,46.4,0.2012903028918851,41.40500030517578,0.1536555389690013,42.59750010172526,1.0195228103181857,34.73000003496806,0.04551480200054954,65.94981363361603,641215.35,0.9397872337273274,0.124260328316955,3229.TW,2026-08-07,-0.027882840194187408,0.0707964102687122,neutral,0.02135561745589601,0.14869888475836432,2026-03-31,2026-05-15,342922000.0,37599000.0,21175000.0,35503000.0,188000.0,35315000.0,0.55,692865000.0,303681000.0,941103000.0,306548000.0,634555000.0,107034000.0,151140000.0,,,0.0052953271554516,21062871.447483312,637422000.0,0.0330438413601716,0.0556531742717337,0.0375251168044305,0.4830913002025041,0.1096430091974268,0.0617487358641323,0.1029826024577017,0.4578839294444752,,,67.33482851500801,67.33482851500801,False,75.14206643112398,75.14206643112398,73.19025695209498,186.0,True,True,True,True,True,False,True,True,True,True,True,True,True,True,True,False,False,13,False,0.09278711487520375,0.34033974057562544,1.0,29848574.05329151,0.5013927576601671,1.0,3.0,,,,,,0.02485587834085618,-0.02512473228257631,0.25250817756768446,-1.486984282672305,0.3447674418604651,-1.486984282672305,0.5510396654933749,-186.0,0.8023255813953488,0.7674418604651163,0.5232558139534884,0.7604651162790698,0.7360465116279069,晟鈦
188.0,188.0,180.5,183.5,65238193.0,0.042613636363636465,189.4,0.2698961937716262,166.3,0.32971014492753614,158.76608327229818,0.42248062015503884,146.30387496948242,0.06708235734895653,69.8019801980198,97214234.65,0.6710765479446172,0.10342754058929637,3231.TW,2026-08-07,-0.027882840194187408,0.0707964102687122,neutral,0.009285051067780872,0.05111524163568773,2026-03-31,2026-05-15,846303026000.0,44093947000.0,29137265000.0,23507511000.0,5486748000.0,9630739000.0,3.06,1303491429000.0,1086171892000.0,1469121920000.0,1193994744000.0,275127176000.0,100033488000.0,354877446000.0,39108580000.0,51333618000.0,0.2334040383943668,22336509681.23316,382950028000.0,0.0583274789086401,0.0350046808898296,0.0065554389114281,4.339792096728387,0.0521018425378996,0.0344288796150422,0.0113797761606963,1.4425382266616515,,,39.08905119727999,39.08905119727999,False,82.2825511450493,82.2825511450493,71.48417615810698,532.0,True,True,True,True,True,True,True,True,True,True,True,True,False,True,False,False,False,13,False,0.1557884166310315,0.254238823396006,1.0,17838812058.275,0.01021355617455896,2.0,3.0,,,,,,0.1392425962320218,0.042074215188244425,0.3335592713937255,-0.3365579681604386,0.8656976744186046,-0.3365579681604386,0.9096268691126985,-532.0,0.36046511627906974,0.6744186046511628,0.9418604651162791,0.4476744186046511,0.5709302325581396,緯創
126.5,127.0,121.0,122.5,9961853.0,0.0888888888888888,122.1,0.1502347417840375,115.575,0.10360360360360366,113.1,0.9080997791753647,100.64666659037272,0.03261112352021448,63.114754098360656,12474270.25,0.7985920458954302,0.05991780229288346,3702.TW,2026-08-07,-0.027882840194187408,0.0707964102687122,neutral,0.039925719591457756,0.21561338289962825,2026-03-31,2026-05-15,316500457000.0,14203178000.0,8470625000.0,7205961000.0,1455173000.0,5548632000.0,3.3,434755950000.0,351739547000.0,479508376000.0,386867313000.0,92641063000.0,25004254000.0,131686606000.0,25757252000.0,5309644000.0,0.2019401714774754,6760065534.97861,127768829000.0,0.0529085661024459,0.0598938723317542,0.011571501724925,4.17598093622911,0.0448756950768004,0.0267633894759273,0.0175311974352062,0.2719338016357759,,,44.311414548255854,44.311414548255854,False,81.0553172548829,81.0553172548829,71.86934157822614,443.0,True,True,True,True,True,True,True,True,True,True,True,True,False,True,False,False,False,13,False,0.08311229000884168,0.21712923189567057,1.0,1528098105.625,0.09006499535747446,2.0,3.0,,,,,,0.09514566607521092,0.05608931935577211,0.38733658824914147,0.4245965765196936,0.905813953488372,0.4245965765196936,0.9360074532496003,-443.0,0.5,0.6976744186046512,0.9534883720930233,0.5680232558139535,0.65,大聯大
47.150001525878906,47.20000076293945,45.20000076293945,45.84999847412109,2561692.0,0.1074878450296799,46.62999954223633,0.011025358695112786,45.92749996185303,0.2493187335413225,45.56664231618245,0.2510230986415096,39.880404504140216,0.00812161048142091,52.242152926626076,4406286.05,0.5813721512701155,-0.0016874745587353024,3704.TW,2026-08-07,-0.027882840194187408,0.0707964102687122,neutral,0.24976787372330547,0.08828996282527882,2026-03-31,2026-05-15,6310208000.0,1515158000.0,115260000.0,112471000.0,-4740000.0,117068000.0,0.29,18987830000.0,11005308000.0,23813014000.0,11738856000.0,12074158000.0,2873308000.0,1672011000.0,,0.0,0.0,115260000.0,12807706000.0,0.0089992696584384,0.0096957485565453,0.0049161353535507,0.9722297819856258,0.240112211832003,0.0182656419566518,0.0185521618304816,-0.1030157436159499,,,23.73423412536793,23.73423412536793,False,65.56877352503118,65.56877352503118,55.11013867511536,792.0,True,False,True,True,False,True,True,True,True,True,False,True,False,True,False,False,False,10,False,0.006218499839695246,0.14968739771335904,1.0,202028208.669041,0.2590529247910863,1.0,3.0,,,,,,0.05011086024156196,-0.0015381238055555426,0.2723913812069038,-1.2756061739943172,0.5,-1.2756061739943172,0.6401621256102388,-792.0,0.19767441860465115,0.08139534883720931,0.6511627906976745,0.26569767441860465,0.2534883720930233,合勤控
93.5,93.6999969482422,91.1999969482422,91.6999969482422,9698047.0,0.04919903143354154,91.46000061035156,0.03382187264054326,89.86500053405761,0.12931034968748634,88.30666707356771,0.1578282889097693,84.67166703542074,0.007681101266400391,57.60366913772105,13128800.65,0.7386849155943274,0.020419478142540637,3706.TW,2026-08-07,-0.027882840194187408,0.0707964102687122,neutral,0.1680594243268338,0.17936802973977695,2026-03-31,2026-05-15,31863922000.0,2934046000.0,1186173000.0,1645175000.0,108264000.0,1460985000.0,1.1,82662619000.0,48216898000.0,135913012000.0,68280278000.0,67632734000.0,9782105000.0,1879510000.0,7968750000.0,,0.0658069810202562,1108114535.9022596,87696114000.0,0.0126358453682709,0.0216017439129401,0.0107494122784947,1.009574417027116,0.0920805040886052,0.0372262083744744,0.0458507587358517,0.3464486758783238,,,39.67324991044731,39.67324991044731,False,73.4019387471579,73.4019387471579,64.96976653798026,516.0,True,False,True,True,True,True,True,True,True,True,True,True,False,True,False,False,False,12,False,0.03842665550776059,0.08300686828194004,1.0,1203910979.5390804,0.10120705663881151,1.0,3.0,,,,,,0.05036834562185412,-5.276168617759428e-05,0.19815317463775178,-1.6720223334173965,0.36104651162790696,-1.6720223334173965,0.37639029712596,-516.0,0.38372093023255816,0.3488372093023256,0.2441860465116279,0.36279069767441857,0.3453488372093024,神達
20.299999237060547,20.5,20.100000381469727,20.350000381469727,549026.0,0.1305555767483182,19.579999923706055,0.18313950458173944,17.83499984741211,0.133704708441319,17.680000003178915,-0.21730767763577974,19.735833319028224,0.02573687679275342,72.04969341448287,996075.45,0.5511891694549846,0.14101488957526098,3712.TW,2026-08-07,-0.027882840194187408,0.0707964102687122,neutral,0.025998142989786442,0.17193308550185873,2026-03-31,2026-05-15,5952868000.0,2246677000.0,1881231000.0,1749422000.0,95514000.0,-477314000.0,-1.94,29571984000.0,46915609000.0,61775289000.0,55872481000.0,5902808000.0,6100937000.0,11857517000.0,7405579000.0,0.0,0.0545974613329431,1778520563.2191665,14859680000.0,0.1196876758597201,-0.0808621930443951,-0.0077266170296669,9.465407141821316,0.3774108547342222,0.3160209499017952,-0.0801821911723895,-0.1923537691038415,,,39.89432060139683,39.89432060139683,False,79.92172857275995,79.92172857275995,69.91487657991917,513.0,True,True,True,True,True,True,True,False,True,True,False,True,False,True,False,False,False,11,False,0.15101812091689704,0.031119388399442727,1.0,20270135.787472628,0.5663881151346333,0.0,3.0,,,,,,0.20620440992034156,0.12012357022657093,0.3177927080915705,-0.579645563354891,0.9110465116279071,-0.579645563354891,0.5397431865355502,-513.0,0.3953488372093023,0.6162790697674418,0.5,0.41104651162790695,0.4825581395348837,永崴投控
24.899999618530277,24.899999618530277,24.149999618530277,24.600000381469727,479254.0,0.03797466622607182,24.139999771118163,0.04458603730045119,24.131122398376466,0.0742358424130205,23.72787405649821,0.05579404235951313,23.114353688557948,0.005835490282851318,59.60708796111157,314960.0,1.5216344932689865,0.019430425794235262,4106.TW,2026-08-07,-0.027882840194187408,0.0707964102687122,neutral,0.14206128133704735,0.2695167286245353,2026-03-31,2026-05-15,583212000.0,288466000.0,58188000.0,61725000.0,15302000.0,46423000.0,0.46,1721731000.0,619160000.0,3208895000.0,728668000.0,2480227000.0,807797000.0,106264000.0,91028000.0,,0.2479060348319157,43762843.64520048,2589735000.0,0.0168985798335352,0.0187172383818094,0.0144669738336717,0.2937908505955302,0.4946160229899247,0.0997716096376617,0.0795988422734786,0.0484257757867525,,,56.47003550426275,56.47003550426275,False,78.41871956116033,78.41871956116033,72.93154854693593,294.0,True,True,True,True,True,True,True,True,True,True,True,True,True,True,False,False,False,14,False,0.03675535039063793,0.06427377174068272,1.0,7748016.120147705,0.7047353760445683,0.0,3.0,,,,,,0.05500919818592546,0.03254621786119293,0.17533173938794677,-1.324248170839278,0.4662790697674419,-1.324248170839278,0.5283610771113831,-294.0,0.627906976744186,0.7558139534883721,0.45348837209302323,0.6017441860465117,0.6313953488372093,雃博
48.29999923706055,51.59999847412109,48.29999923706055,51.59999847412109,474191.0,0.08975713066438251,49.119999694824216,0.13406590053013367,48.38499984741211,0.26007319933483597,44.61643657684326,-0.01149429655266121,47.53530152638753,0.02083443226286379,64.58332718364746,242285.1,1.9571612121422242,0.06644618449618389,4119.TW,2026-08-07,-0.027882840194187408,0.0707964102687122,neutral,0.04456824512534819,0.08271375464684015,2026-03-31,2026-05-15,375798000.0,82325000.0,33151000.0,28590000.0,8480000.0,20110000.0,0.17,1104577000.0,1053320000.0,6954821000.0,1544198000.0,5410623000.0,51949000.0,390000000.0,300399000.0,,0.2966072053165442,23318174.53655124,5901501000.0,0.0039512277531684,0.0037167623765322,0.0028915194222827,0.2854011451176694,0.2190671584202151,0.0882149452631466,0.0535127914464685,0.0430373141784996,,,33.11973270077256,33.11973270077256,False,85.17447273840149,85.17447273840149,72.16078772899425,629.0,True,True,True,True,True,True,True,True,True,True,True,True,True,True,False,False,False,14,False,0.1565244208880281,0.08550901787121701,1.0,12501910.790302275,0.6360259981429898,1.0,3.0,,,,,,0.014268479285690637,-0.04733356284096659,0.17262274221756993,-1.721600123974139,0.14709302325581394,-1.721600123974139,0.21973056052082027,-629.0,0.26744186046511625,0.7209302325581395,0.08139534883720931,0.2395348837209302,0.36627906976744184,旭富
102.5,105.0,102.5,104.0,50335.0,0.019607843137254832,102.1,0.0700446347515229,101.16866989135742,0.07883815719734044,94.59653409322102,0.009708737864077666,94.63993384043376,0.024808330009370834,66.30432619267191,37949.45,1.3263696838821117,0.027986234391369047,4439.TW,2026-08-07,-0.027882840194187408,0.0707964102687122,neutral,0.09749303621169916,0.26022304832713755,2026-03-31,2026-05-15,1813173000.0,351234000.0,137515000.0,120652000.0,21935000.0,98717000.0,2.59,3706764000.0,2411825000.0,6690736000.0,3165004000.0,3525732000.0,605864000.0,578186000.0,268213000.0,468173000.0,0.1818038656632297,112514241.41332096,4278911000.0,0.0262950646585827,0.0279990084328587,0.01475428114336,0.8976870618640328,0.1937123484631637,0.075842183840152,0.0544443359789716,0.0206853419814041,,,45.1072184501587,45.1072184501587,False,74.72787050080015,74.72787050080015,67.32270748813978,432.0,True,False,True,True,True,True,True,True,True,True,True,True,True,True,False,False,False,13,False,0.09940603000858617,0.09890186710556703,1.0,3946742.8,0.7892293407613742,2.0,3.0,,,,,,0.07190467348143278,0.04328679224932639,0.24691685449111733,-0.46650437286199264,0.7151162790697674,-0.46650437286199264,0.7525970245466503,-432.0,0.5116279069767442,0.5,0.813953488372093,0.5569767441860465,0.5686046511627907,冠星-KY
167.0,171.5,167.0,170.0,319228.0,0.027190332326284095,166.9,0.03990412935778931,165.12967834472656,0.12211221122112215,163.70248540242514,0.0691823899371069,159.64290936787924,0.003172530269792753,70.0,415368.55,0.7685415759089127,0.02949392080269253,4536.TW,2026-08-07,-0.027882840194187408,0.0707964102687122,neutral,0.14948932219127206,0.19052044609665428,2026-03-31,2026-05-15,2316961000.0,794900000.0,396418000.0,448947000.0,83458000.0,327949000.0,3.61,9168173000.0,3277337000.0,14414904000.0,4782570000.0,9632334000.0,5697733000.0,352903000.0,784549000.0,,0.1858972217210494,322724995.159785,11137567000.0,0.0289762562290116,0.0340466806902667,0.022750689147843,0.4965120603168453,0.3430787138842647,0.1710939459058655,0.1415427363688901,-0.0352736858453488,,,64.73287402560862,64.73287402560862,False,68.21013591540319,68.21013591540319,67.34082044295454,213.0,True,False,True,True,True,True,True,True,True,True,True,True,False,True,True,False,False,12,False,0.038469266866009155,0.06487660913428983,1.0,70612653.5,0.38440111420612816,2.0,3.0,,,,,,0.07284883986752846,0.04600093486433251,0.23421828415492882,-1.07681450161271,0.6709302325581395,-1.07681450161271,0.64764808389487,-213.0,0.7325581395348837,0.5116279069767442,0.6627906976744186,0.7220930232558139,0.6523255813953488,拓凱
69.80000305175781,76.30000305175781,69.80000305175781,76.30000305175781,9808974.0,0.14909640509602173,70.04000091552734,0.22866352538727175,68.17000026702881,0.2072785147259082,65.51166648864746,0.3019779445522506,63.57915767033895,0.02295919412184227,64.30678754865144,3293642.9,2.9781534604130884,0.11926071223240364,4566.TW,2026-08-07,-0.027882840194187408,0.0707964102687122,neutral,0.012999071494893221,0.1050185873605948,2026-03-31,2026-05-15,1354549000.0,296455000.0,38413000.0,65488000.0,22696000.0,40409000.0,0.37,5180146000.0,3777583000.0,10646601000.0,5592503000.0,5054098000.0,2044806000.0,832690000.0,976708000.0,0.0,0.3465673100415343,25100309.919374544,6869018000.0,0.0036541336650121,0.0079952941157848,0.0037954836477858,1.10652840526638,0.2188588231212012,0.0283585163770376,0.0298320695670662,0.0816066447931047,,,26.559226672275766,26.559226672275766,False,88.24874746978148,88.24874746978148,72.82636727040504,747.0,True,True,True,True,True,True,True,True,True,True,False,True,True,True,False,False,False,13,False,0.16467809691545332,0.20007885992099905,1.0,251304963.32140043,0.2414113277623027,1.0,3.0,,,,,,0.022656982022724072,-0.0421586327149084,0.24677943485558343,-1.479518108932234,0.30348837209302326,-1.479518108932234,0.3431449824949243,-747.0,0.22093023255813954,0.7441860465116279,0.1744186046511628,0.21395348837209302,0.3686046511627907,時碩工業
129.5,130.5,129.5,130.5,126568.0,0.015564202334630295,129.1,0.03571428571428581,128.975,0.069672131147541,125.75833333333334,0.0038461538461538325,125.52916666666667,0.006045241809672431,58.62068965517242,189693.3,0.6672244090856135,0.01182399689862379,4736.TW,2026-08-07,-0.027882840194187408,0.0707964102687122,neutral,0.1615598885793872,0.2815985130111524,2026-03-31,2026-05-15,1074466000.0,531890000.0,272939000.0,362978000.0,69184000.0,284846000.0,2.99,7743817000.0,2835366000.0,13071771000.0,3115964000.0,9955807000.0,2352593000.0,940000000.0,169444000.0,,0.1906010832612444,220916530.9357592,10236405000.0,0.0215814566672341,0.0286110407724858,0.0217909264169331,0.3129795505276468,0.4950272972806957,0.2540229285989505,0.2651047124804321,0.0999991809891194,,,73.12470502530472,73.12470502530472,False,71.45489543130535,71.45489543130535,71.8723478298052,136.0,True,False,True,True,True,True,True,True,True,False,True,True,False,True,True,False,False,11,False,0.03770459214101107,0.03959903076974136,1.0,24754975.65,0.5338904363974002,2.0,3.0,,,,,,0.05921909465919693,0.04480299595323293,0.17274466129517627,-1.0886594247276749,0.5430232558139535,-1.0886594247276749,0.514722188583834,-136.0,0.8837209302325582,0.7093023255813954,0.4418604651162791,0.8174418604651164,0.7430232558139536,泰博
50.0,51.70000076293945,49.5,49.900001525878906,13769035.0,0.03419692281614317,49.26000061035156,0.048319393392591614,48.44500007629394,0.18106512487287363,45.950833320617676,-0.05313091454506402,45.234166685740156,0.003105915541780752,55.158742893611745,9340322.95,1.474149777658384,0.03003408911742289,4763.TW,2026-08-07,-0.027882840194187408,0.0707964102687122,neutral,0.1327762302692665,0.12453531598513011,2026-03-31,2026-05-15,2711414000.0,1506899000.0,1344230000.0,1277102000.0,163292000.0,1114887000.0,1.13,18689835000.0,1425022000.0,23180026000.0,1425022000.0,21755004000.0,10088044000.0,,,,0.1278613611128946,1172354922.5512135,21755004000.0,0.0538889775681591,0.0512473819816351,0.0480968830664814,0.0655031826240988,0.5557613112567834,0.4957671532270616,0.4111828735855166,-0.3473205110583516,,,80.5798896395777,80.5798896395777,False,77.86713342546746,77.86713342546746,78.54532247899502,83.0,True,True,True,True,True,True,True,True,True,True,True,True,True,True,True,False,False,14,False,0.08594334247882451,0.10314846457886961,1.0,466082129.4572017,0.181058495821727,1.0,2.0,,,,,,0.05215655568347543,0.014585402839913088,0.1810836567050849,-1.1115557630020036,0.4581395348837209,-1.1115557630020036,0.4868221843716493,-83.0,0.9534883720930233,0.9534883720930233,0.4186046511627907,0.8732558139534884,0.8465116279069766,材料*-KY
188.5,194.5,188.5,192.5,257058.0,0.0888888486097974,187.19825134277343,0.013157894736842035,186.69297943115234,0.2622950819672132,177.07265981038412,0.3652482269503545,163.4821632385254,-0.0009388272641409052,54.829132781010436,207585.1,1.2383258721362949,0.031104654211108862,5288.TW,2026-08-07,-0.027882840194187408,0.0707964102687122,neutral,0.2414113277623027,0.07992565055762081,2026-03-31,2026-05-15,2061135000.0,478999000.0,298138000.0,346156000.0,100630000.0,249057000.0,3.59,4729511000.0,1996750000.0,8144719000.0,2033096000.0,6111623000.0,1527526000.0,170275000.0,,0.0,0.2907070800448352,211467172.5695929,6147969000.0,0.0343962652657475,0.0407513683353832,0.0305789555170657,0.3326605715044923,0.2323957431221147,0.1446474879132128,0.120834879811366,0.0892520430725782,,,70.01559901846518,70.01559901846518,False,63.481103223041295,63.481103223041295,65.11472717189727,163.0,True,False,True,True,True,True,False,True,True,True,True,True,True,True,True,False,False,12,False,0.08712434887540543,0.17749848782669142,1.0,39960131.75,0.4605385329619313,2.0,3.0,,,,,,0.03486311952928383,-0.0010762167458042413,0.2352132186868015,-1.4251458915103452,0.39069767441860465,-1.4251458915103452,0.47798208091739847,-163.0,0.8604651162790697,0.37209302325581395,0.4069767441860465,0.7924418604651162,0.6232558139534884,豐祥-KY
93.0999984741211,95.5999984741211,93.0999984741211,94.6999969482422,204624.0,0.06404490953081132,91.47999877929689,0.09479765258083472,91.53000030517578,0.1354915493479567,87.05582046508789,0.03691278868111403,86.69595985412597,0.013958123861998246,57.4999761581573,324046.05,0.6314658055544884,0.0346334167212623,5306.TW,2026-08-07,-0.027882840194187408,0.0707964102687122,neutral,0.07056638811513463,0.1691449814126394,2026-03-31,2026-05-15,1341388000.0,561120000.0,294671000.0,324498000.0,98836000.0,225673000.0,1.79,6076821000.0,3279027000.0,14278795000.0,5015002000.0,9263793000.0,2533303000.0,1157914000.0,920000000.0,0.0,0.304581230084623,204919744.34973404,10999768000.0,0.0186294605804171,0.0243607559020371,0.0158047650379461,0.5413551447015278,0.4183129713401342,0.219676186159411,0.1682384216945432,0.052471848048508,,,64.26179889626455,64.26179889626455,False,77.65158650150994,77.65158650150994,74.3041396001986,219.0,True,True,True,True,True,True,True,True,True,True,True,True,False,True,True,False,False,13,False,0.08780775877265867,0.09232306912091137,1.0,30687159.94608994,0.49675023212627667,1.0,3.0,,,,,,0.06220278418566394,0.021515779803821137,0.19252398139720217,-1.5696822036241045,0.45406976744186056,-1.5696822036241045,0.40183492228565665,-219.0,0.7209302325581395,0.7906976744186046,0.29069767441860467,0.6563953488372092,0.655813953488372,桂盟
94.5999984741211,95.0,90.5,91.4000015258789,5061672.0,0.11057105876895501,90.28000030517578,0.08037828811353842,86.75,0.17631924215856287,84.69833323160807,0.09638081191429215,81.80543155670166,0.020168167879876624,62.95180314510257,5220197.9,0.9696322049399697,0.05360232306488655,5388.TW,2026-08-07,-0.027882840194187408,0.0707964102687122,neutral,0.08356545961002786,0.12639405204460966,2026-03-31,2026-05-15,16646403000.0,2274636000.0,490201000.0,382940000.0,80658000.0,301579000.0,1.01,42315171000.0,32167536000.0,51409565000.0,35731734000.0,15677831000.0,4910695000.0,4793230000.0,,2861036000.0,0.210628296861127,386950798.25037867,19242029000.0,0.020109667138033,0.019236015492194,0.0058662040808942,2.2791248355719613,0.1366442948665847,0.0294478633011588,0.0181167667273224,0.466090584343525,,,33.75584177938652,33.75584177938652,False,81.63137500476606,81.63137500476606,69.66249169842118,616.0,True,True,True,True,True,True,True,True,True,True,False,True,True,True,False,False,False,13,False,0.07912396901536511,0.11728524361523562,1.0,477126096.0253899,0.17734447539461468,1.0,3.0,,,,,,0.04373709476924396,-0.025738585671578235,0.1911164697388868,-1.497490704275675,0.3,-1.497490704275675,0.33174077356481946,-616.0,0.29069767441860467,0.6046511627906976,0.16279069767441862,0.27151162790697675,0.35930232558139535,中磊
42.650001525878906,44.04999923706055,42.5,43.25,661452.0,0.00815847230005251,42.52000045776367,0.04975726211404785,42.535000228881835,0.056166036488626725,41.23016567230225,0.35367758895855905,39.22299952507019,0.009912746798990813,52.604167080587885,550547.15,1.2014447808875224,0.016809680669348515,5515.TW,2026-08-07,-0.027882840194187408,0.0707964102687122,neutral,0.12906220984215414,0.30390334572490707,2026-03-31,2026-05-15,2015280000.0,391103000.0,268702000.0,476647000.0,82479000.0,394168000.0,1.96,9114211000.0,5142167000.0,11530797000.0,5836747000.0,5694050000.0,2270517000.0,100000000.0,,,0.1730400065457246,222205804.1611507,6388630000.0,0.0347814483169553,0.0692245414072584,0.0341839336864572,1.02506072127923,0.1940688142590607,0.1333323409154063,0.1955896947322456,0.3881614203981094,,,76.63848749386133,76.63848749386133,False,67.28136004766318,67.28136004766318,69.62064190921272,104.0,True,False,True,True,True,True,True,True,True,False,True,True,True,True,True,False,False,12,False,0.04898923627305818,0.10266936551743999,1.0,23811164.2375,0.5366759517177344,1.0,3.0,,,,,,0.06984505355832395,0.04451107333447307,0.2365896790238925,-1.0058334118936645,0.6639534883720931,-1.0058334118936645,0.7001291265535523,-104.0,0.9302325581395349,0.5930232558139535,0.7441860465116279,0.9023255813953488,0.791860465116279,建國
26.100000381469727,26.25,26.049999237060547,26.200000762939453,15090941.0,-0.05072462315870885,26.470000076293946,0.04174954911870232,25.977500247955323,0.1516483851841517,24.585000165303548,0.11252660771676837,23.99125006993612,0.014052894903818098,58.53658196190519,26110744.7,0.577959042278867,0.008565124159767512,5880.TW,2026-08-07,-0.027882840194187408,0.0707964102687122,neutral,0.1467038068709378,0.15055762081784388,2026-03-31,2026-05-15,16133084000.0,,,7244382000.0,1432147000.0,5589587000.0,,,,5429875285000.0,5139559219000.0,290316066000.0,54560035000.0,,,,0.1976907070886101,,5429875285000.0,,0.0192534539235593,0.001029413514421,17.70332344955377,,,0.3464673586277738,-0.0732164392268276,,,8.548521494786451,8.548521494786451,False,74.81157446663438,74.81157446663438,58.2458112236724,1052.0,True,False,True,True,True,True,True,True,True,True,True,True,False,True,False,False,False,12,False,0.06569048553089418,0.09206484391453862,1.0,684101531.0609173,0.1457753017641597,0.0,3.0,,,,,,-0.02543314302604439,-0.14014109966411312,0.20543520520319283,-1.193037796554748,0.20116279069767443,-1.193037796554748,0.21466016079684117,-1052.0,0.023255813953488372,0.1511627906976744,0.06976744186046512,0.030232558139534883,0.07093023255813953,合庫金
47.95000076293945,49.34999847412109,47.95000076293945,48.79999923706055,2405047.0,0.031712474084454545,47.79999923706055,0.07726269445798573,47.54499969482422,0.06783366350914921,46.008333396911624,0.02198951281802186,46.35874993006389,0.012403511055094225,65.26315366792892,1400750.4,1.7169704181415906,0.026396036392717592,6177.TW,2026-08-07,-0.027882840194187408,0.0707964102687122,neutral,0.08635097493036212,0.2853159851301115,2026-03-31,2026-05-15,4844225000.0,2424809000.0,2089752000.0,2073933000.0,400120000.0,1667275000.0,3.53,41652029000.0,29793350000.0,46628913000.0,33629226000.0,12999687000.0,696289000.0,19529640000.0,800533000.0,2371735000.0,0.1929281225574789,1686580070.0292633,16835563000.0,0.1001796061129208,0.1282550110629586,0.0357562484890008,2.586925823675601,0.5005566421873467,0.4313903668801511,0.3441778612677982,7.245531466543658,,,87.89986336679576,87.89986336679576,False,76.76464992990633,76.76464992990633,79.54845328912867,43.0,True,True,True,True,True,True,True,True,True,False,True,True,True,True,True,False,False,13,False,0.06067739546367301,0.05265994684238673,1.0,68356618.45131224,0.38904363974001854,1.0,2.0,,,,,,0.032791671352038726,0.038021906594503455,0.41063260772259125,-0.516466173441313,0.6796511627906977,-0.516466173441313,0.6334741892854618,-43.0,1.0,0.9767441860465116,0.6395348837209303,0.9459302325581396,0.9209302325581394,達麗
145.0,149.0,144.5,146.5,1514731.0,-0.04870129870129869,148.7,0.020905923344947785,143.7,0.2008196721311475,137.9530143737793,0.29074889867841414,126.65150718688965,0.018426647767540712,60.0,2219089.1,0.6825913389417306,0.019485038274182465,6214.TW,2026-08-07,-0.027882840194187408,0.0707964102687122,neutral,0.21262766945218198,0.10966542750929369,2026-03-31,2026-05-15,11968686000.0,2441124000.0,591731000.0,895921000.0,121622000.0,718327000.0,2.64,28637858000.0,16986250000.0,37839475000.0,17932964000.0,19906511000.0,4485498000.0,2337560000.0,448042000.0,0.0,0.1357508083860072,511403038.4029395,20853225000.0,0.0245239303946003,0.0360850276575337,0.0189835350516887,0.9008592213874144,0.203959231614899,0.0494399301644307,0.0600171982120677,0.2168964026850304,,,53.24611007538207,53.24611007538207,False,76.3921763071063,76.3921763071063,70.60565974917525,322.0,True,True,True,True,True,True,True,True,True,True,True,True,False,True,False,False,False,13,False,0.06195577287686449,0.15671738342459274,1.0,325096553.15000004,0.22191272051996286,2.0,3.0,,,,,,0.021637248637673256,-0.04570967520290142,0.23018577147597347,-1.0942879101678393,0.3267441860465116,-1.0942879101678393,0.37908899718011857,-322.0,0.5930232558139535,0.627906976744186,0.2558139534883721,0.5424418604651163,0.536046511627907,精誠
45.29999923706055,49.79999923706055,45.29999923706055,47.900001525878906,4404420.0,-0.055226808578418884,48.25999984741211,0.21112521997203837,47.70999984741211,0.3724928203902884,39.8958332379659,0.3744620838778079,36.1849999109904,0.045755931984915336,51.80124267163693,5669033.3,0.7769261118998896,0.003982428821514672,6243.TW,2026-08-07,-0.027882840194187408,0.0707964102687122,neutral,0.014856081708449397,0.03717472118959108,2026-03-31,2026-05-15,90026000.0,53797000.0,-16222000.0,-1659000.0,-162000.0,,-0.03,918796000.0,84467000.0,1150484000.0,381040000.0,769444000.0,591361000.0,,,291585000.0,0.0976491862567811,-14637934.900542496,1066017000.0,-0.0137314272666782,,,0.4952147264778203,0.5975718125874747,-0.1801923888654388,,-0.455927768074601,,,38.55396498905318,38.55396498905318,False,73.9568185874663,73.9568185874663,65.10610518786302,549.0,True,False,True,True,True,True,True,True,True,True,True,True,False,True,False,False,False,12,False,0.20062667297034986,0.3237529817246272,1.0,271546703.7202583,0.23769730733519034,1.0,3.0,,,,,,0.0787332941720819,-0.025779298940083527,0.4030827651065285,-1.218519901356837,0.6255813953488372,-1.218519901356837,0.6731990408105288,-549.0,0.3488372093023256,0.36046511627906974,0.6976744186046512,0.40116279069767447,0.422093023255814,迅杰
75.80000305175781,80.0,75.80000305175781,79.19999694824219,489887.0,-0.012468828404636478,77.41999969482421,0.15613106625113415,76.5181983947754,0.10924363103180301,74.33359158833822,0.31999994913736973,69.95762904485066,0.029289755009190854,56.201547407542336,879527.4,0.5569889010848326,0.03504785279484435,6277.TW,2026-08-07,-0.027882840194187408,0.0707964102687122,neutral,0.03806870937790158,0.20446096654275092,2026-03-31,2026-05-15,1293181000.0,778857000.0,186537000.0,183859000.0,52118000.0,128893000.0,1.08,3416718000.0,1638244000.0,7019344000.0,2304220000.0,4715124000.0,897714000.0,266856000.0,200000000.0,,0.2834672221648111,133659874.77904265,5381100000.0,0.0248387643379685,0.0273360785421549,0.01836254214069,0.4886870419526612,0.6022799592632431,0.1442466290488338,0.0996712757146911,0.0734456101555489,,,66.12491163281756,66.12491163281756,False,76.3354549630449,76.3354549630449,73.78281913048806,199.0,True,True,True,True,True,True,True,True,True,True,True,True,False,True,True,False,False,13,False,0.0654671092290855,0.13211379558712788,1.0,69658567.39589539,0.3862581244196843,1.0,3.0,,,,,,0.07274437048247828,0.03390573584452576,0.29028202520823515,-1.1295485603522952,0.6831395348837209,-1.1295485603522952,0.7091316826928611,-199.0,0.7790697674418605,0.7790697674418605,0.7558139534883721,0.7755813953488372,0.7744186046511629,宏正
173.0,176.0,170.0,171.5,941509.0,0.11363636363636354,170.5,0.02083333333333326,163.975,0.16271186440677976,162.28731104532878,0.4351464435146444,140.12282218933106,0.00015248551387621646,60.46511627906977,1205996.75,0.780689500199731,0.04589114194236932,6579.TW,2026-08-07,-0.027882840194187408,0.0707964102687122,neutral,0.2135561745589601,0.1412639405204461,2026-03-31,2026-05-15,2410208000.0,839483000.0,209639000.0,579998000.0,59278000.0,478353000.0,3.81,8204597000.0,3230317000.0,16153300000.0,3705611000.0,12447689000.0,2371477000.0,604174000.0,110376000.0,,0.102203800702761,188213097.42447388,12922983000.0,0.0145642145799057,0.0384290610088346,0.0296133297840069,0.2976946965818314,0.3483031340033723,0.0869796299738445,0.1984695926658612,0.2307120407887111,,,67.71294718591793,67.71294718591793,False,78.2916628332728,78.2916628332728,75.64698392143407,183.0,True,True,True,True,True,True,True,True,True,True,False,True,False,True,True,False,False,12,False,0.0567677712775585,0.22392624784756876,1.0,206828442.625,0.25719591457753016,2.0,3.0,,,,,,0.008431048179261295,-0.0458920230379408,0.23732867014043155,-1.1266016167656117,0.3174418604651163,-1.1266016167656117,0.534057356100624,-183.0,0.813953488372093,0.872093023255814,0.4883720930232558,0.7651162790697674,0.7662790697674419,研揚
30.799999237060547,30.799999237060547,28.5,28.799999237060547,641066.0,-0.04318940624364542,30.579999923706055,0.2603938186546373,28.335000133514406,0.21263154682360197,25.410000069936117,0.18032785603770018,24.457916609446208,0.07238148880937686,56.95363627751288,878980.45,0.7293290766592135,0.01641076764972893,6598.TW,2026-08-07,-0.027882840194187408,0.0707964102687122,neutral,0.012070566388115135,0.10130111524163568,2026-03-31,2026-05-15,217115000.0,140181000.0,17966000.0,20979000.0,0.0,20979000.0,0.2,947351000.0,157433000.0,1089898000.0,414395000.0,675503000.0,434793000.0,,,,0.0,17966000.0,932465000.0,0.0192672111017571,0.0310568568903468,0.0192485902350495,0.613461376189299,0.6456532252492918,0.0827487736913617,0.0966262119153444,0.8094876945002376,,,67.77168793520316,67.77168793520316,False,78.97695940647404,78.97695940647404,76.17564153865632,181.0,True,True,True,True,True,True,True,True,True,True,True,True,False,True,True,False,False,13,False,0.13341200935828845,0.17753280857688947,1.0,25314636.289391134,0.5301764159702879,0.0,3.0,,,,,,0.036103045200206234,0.0009406274112395427,0.26668254941326414,-1.052566368139514,0.5040697674418605,-1.052566368139514,0.5292796929986459,-181.0,0.8255813953488372,0.9069767441860465,0.46511627906976744,0.7715116279069768,0.777906976744186,ABC-KY
138.0,141.0,137.5,141.0,627874.0,0.052238805970149294,136.5,0.11904761904761907,132.425,0.08880308880308885,134.8795399983724,-0.06000000000000005,134.53143666585285,0.016412572252727572,73.33333333333334,440311.0,1.4259784561366853,0.06475363413252766,6605.TW,2026-08-07,-0.027882840194187408,0.0707964102687122,neutral,0.05013927576601671,0.24070631970260223,2026-03-31,2026-05-15,4732845000.0,1585730000.0,866034000.0,951380000.0,217734000.0,732007000.0,4.41,15540524000.0,11970379000.0,33504289000.0,12358666000.0,21145623000.0,3981949000.0,1597489000.0,0.0,,0.228861233156047,667832390.8049359,21533910000.0,0.0310130575824332,0.0346174241354818,0.0218481580074718,0.5844550430129205,0.3350479468480375,0.1829838078365127,0.1546653228660562,-0.0451555541567658,,,64.93006759035887,64.93006759035887,False,66.42412037997079,66.42412037997079,66.0506071825678,210.0,True,False,True,True,True,False,True,False,True,True,True,True,True,True,True,False,False,11,False,0.04537723068822341,0.0480821694502056,1.0,62083851.0,0.4076137418755803,2.0,3.0,,,,,,0.07073653965809855,0.013403845294308932,0.23303907384315928,-1.3888537322420234,0.5325581395348837,-1.3888537322420234,0.6014524915428276,-210.0,0.7441860465116279,0.43023255813953487,0.5813953488372093,0.7197674418604652,0.6174418604651163,帝寶
6155.0,6265.0,6025.0,6100.0,1425253.0,0.13172541743970312,6134.0,0.21031746031746024,5411.75,0.12235510579576814,4888.684079996745,0.6576086956521738,4494.4253733317055,0.05343325709280257,69.90154711673699,1785055.65,0.7984361720039372,0.12717697602439126,6669.TW,2026-08-07,-0.027882840194187408,0.0707964102687122,neutral,0.016713091922005572,0.18773234200743494,2026-03-31,2026-05-15,276507734000.0,20881168000.0,17458392000.0,17934386000.0,3819977000.0,14114409000.0,75.95,395619318000.0,257883938000.0,432576398000.0,292412129000.0,140164269000.0,70996229000.0,72191879000.0,9594000000.0,18686968000.0,0.2129973671805658,13739800468.793749,174692460000.0,0.0786513651979813,0.1006990519102982,0.0326287080507799,2.086210209536355,0.0755174826321494,0.0631388921656708,0.0510452593705751,0.6202705683581411,,,65.40144535951697,65.40144535951697,False,79.91469078466842,79.91469078466842,76.28637942838056,208.0,True,True,True,True,True,True,True,True,True,True,False,True,False,True,True,False,False,12,False,0.24777954561630455,0.35723690868140645,1.0,10888839465.0,0.017641597028783658,3.0,3.0,,,,,,0.10990509605185768,-0.04793095571083221,0.29788590196677694,-0.42862254987883985,0.6813953488372093,-0.42862254987883985,0.7832563594616968,-208.0,0.7558139534883721,0.9186046511627907,0.8255813953488372,0.7662790697674419,0.8186046511627907,緯穎
89.9000015258789,91.9000015258789,88.80000305175781,91.1999969482422,22205864.0,0.13574089018973923,86.59999847412111,0.0729411405675553,84.38999977111817,0.07928990471292541,87.91634902954101,0.23744912787838857,84.33984133402507,-0.001242680692123432,64.34539691445198,15599078.65,1.4235368958794243,0.08069673178805603,8112.TW,2026-08-07,-0.027882840194187408,0.0707964102687122,neutral,0.09563602599814298,0.258364312267658,2026-03-31,2026-05-15,110164542000.0,4238620000.0,3418168000.0,2892239000.0,712333000.0,2102790000.0,3.91,110827396000.0,76135974000.0,112891822000.0,92125380000.0,20766442000.0,14855353000.0,53437429000.0,11508327000.0,2798432000.0,0.2462911951605659,2576303318.0203986,36755848000.0,0.0700923379055327,0.101259040908404,0.0186265928102391,4.4362621194328815,0.0384753562539206,0.0310278419711489,0.0190877206206693,1.3784680054727554,,,52.60217451052254,52.60217451052254,False,62.20890551197304,62.20890551197304,59.80722276161041,328.0,True,False,True,True,True,False,False,True,True,True,False,True,True,True,False,False,False,10,False,0.03734968472812539,0.08133944178348318,1.0,1422635925.2753901,0.0947075208913649,1.0,3.0,,,,,,0.05115142596360387,-0.004300946527258815,0.2009175971776947,-0.14974699466512464,0.48837209302325585,-0.14974699466512464,0.6477492078117244,-328.0,0.5813953488372093,0.20930232558139536,0.6744186046511628,0.5953488372093023,0.4883720930232559,至上
12.899999618530272,12.949999809265137,12.75,12.800000190734863,125859.0,-0.03759398442327189,12.94000015258789,0.03225811165403902,12.840255832672119,0.044897974753866476,12.368418582280476,0.062240662915231226,12.31837596098582,0.010426713183273251,56.23564297795296,137236.3,0.9170970071329525,-0.0031351121396525627,8411.TW,2026-08-07,-0.027882840194187408,0.0707964102687122,neutral,0.17363045496750232,0.33271375464684017,2026-03-31,2026-05-15,2726482000.0,240600000.0,69628000.0,61624000.0,19776000.0,41688000.0,0.19,5684691000.0,4777607000.0,13494274000.0,7266361000.0,6227913000.0,1476105000.0,1130770000.0,1174037000.0,1103389000.0,0.3209139296378034,47283404.90717903,8716667000.0,0.0054244821910919,0.0066937351244309,0.0030893103252535,1.16674092910418,0.0882455853367086,0.025537670888713,0.0152900330902606,0.2387255467647537,,,26.84034715613582,26.84034715613582,False,66.17951246030722,66.17951246030722,56.344721134264375,740.0,True,False,True,True,False,True,True,True,True,False,True,True,True,True,False,False,False,11,False,0.0348938391422724,0.03909802974632526,1.0,1756624.6661757468,0.8876508820798514,0.0,3.0,,,,,,0.08435869550962269,0.05680270530751453,0.2620364602662602,-1.0434873317375846,0.7587209302325582,-1.0434873317375846,0.7950358133530615,-740.0,0.23255813953488372,0.09302325581395349,0.8604651162790697,0.3267441860465116,0.3162790697674419,福貞-KY
165.0,170.5,165.0,168.5,207766.0,0.0,165.7,0.05974842767295607,161.725,0.17013888888888884,147.8950988769531,0.20357142857142851,145.45171610514322,0.015222849968612572,67.10526315789474,260782.35,0.7967026909604887,0.041892100788375464,8462.TW,2026-08-07,-0.027882840194187408,0.0707964102687122,neutral,0.11327762302692665,0.13197026022304834,2026-03-31,2026-05-15,1626910000.0,546235000.0,263101000.0,241835000.0,49259000.0,191204000.0,2.42,2261807000.0,3161235000.0,12373315000.0,9648191000.0,2725124000.0,1414659000.0,,386628000.0,,0.2036884652759112,209510361.09744248,9212080000.0,0.0227430027851953,0.0701634127474566,0.0154529323790754,3.5404594433134053,0.3357499800234801,0.161718226576762,0.1175258619100011,0.2017296409310929,,,59.6562061392525,59.6562061392525,False,75.00979747165312,75.00979747165312,71.17139963855296,269.0,True,True,True,True,True,True,True,True,True,True,True,True,False,True,False,False,False,13,False,0.13932105444677312,0.15846003410640952,1.0,43941825.975,0.45125348189415043,2.0,3.0,,,,,,0.10615265842918546,0.13074270004300448,0.45609881874753516,1.3194769902664698,0.9761627906976744,1.3194769902664698,0.9768720926180553,-269.0,0.6511627906976745,0.6511627906976745,1.0,0.7034883720930233,0.7209302325581395,柏文
381.0,383.5,373.0,381.0,552698.0,0.0,378.0,0.05833333333333335,370.475,0.16158536585365857,349.09166666666664,-0.04649791784808022,355.32007064819334,0.009675001703345402,75.60975609756098,501567.1,1.1019422924669502,0.028409474323503492,8464.TW,2026-08-07,-0.027882840194187408,0.0707964102687122,neutral,0.11606313834726091,0.14312267657992564,2026-03-31,2026-05-15,7305395000.0,4316539000.0,2053372000.0,2325863000.0,594429000.0,1647198000.0,5.62,27155869000.0,11007979000.0,42576950000.0,14807659000.0,27769291000.0,19344343000.0,569716000.0,669863000.0,,0.2555735226021481,1528584484.7473822,31568971000.0,0.048420472265231,0.0593172508437467,0.0386875527720985,0.5332386412026148,0.5908700350905051,0.2810761088209467,0.2254769249301372,0.0044846681027981,,,84.51846605538479,84.51846605538479,False,71.15701423260057,71.15701423260057,74.49737718829662,62.0,True,False,True,True,True,True,True,False,True,True,True,True,True,True,True,False,False,12,False,0.0914038815019933,0.0722726675837928,1.0,191097065.1,0.27019498607242337,2.0,2.0,,,,,,0.06832762950745622,0.026720688192731216,0.29104051418607924,-1.3498250556704228,0.6319767441860465,-1.3498250556704228,0.6607018763650891,-62.0,0.9767441860465116,0.8023255813953488,0.686046511627907,0.9331395348837208,0.8662790697674418,億豐
90.1999969482422,93.1999969482422,90.0,92.4000015258789,3041414.0,0.09349114231809352,87.13999938964844,0.27097669057210383,85.36499977111816,0.2571428779031144,77.15999972025553,0.02099449199866199,75.28083337148031,0.038566828690862184,68.72246947737632,3237407.95,0.9394596068746912,0.08241084488517636,9921.TW,2026-08-07,-0.027882840194187408,0.0707964102687122,neutral,0.008356545961002786,0.08550185873605948,2026-03-31,2026-05-15,12523541000.0,2458803000.0,-191441000.0,-170563000.0,-23472000.0,-199773000.0,-0.51,48200680000.0,28731484000.0,72341005000.0,34909460000.0,37431545000.0,13787267000.0,9060327000.0,1863857000.0,,0.1376148402643011,-165095877.36496192,43609521000.0,-0.0037857759860504,-0.0053370225567766,-0.0027615458203822,0.9326214026164296,0.1963344871869705,-0.0152864912567459,-0.0159517982973026,-0.2568048701835493,,,14.870530982450036,14.870530982450036,False,80.89880591833722,80.89880591833722,64.39173718436543,959.0,True,True,True,True,True,True,True,True,True,True,True,True,True,True,False,False,False,14,False,0.1975116881917598,0.22740407335719115,1.0,299136499.5198925,0.2330547818012999,1.0,3.0,,,,,,0.012791153408229247,-0.047856697249724994,0.2902182891500521,-1.4408549731274052,0.325,-1.4408549731274052,0.3745836892867313,-959.0,0.06976744186046512,0.3372093023255814,0.22093023255813954,0.09244186046511627,0.18023255813953487,巨大
10.850000381469728,11.149999618530272,10.850000381469728,10.949999809265137,1740560.0,0.042857124691917825,10.719999885559082,0.06310675791200149,10.672500038146973,0.15021000869125833,10.311385599772136,0.08955219914920876,9.933776140213013,0.008266410165968081,53.57141154151376,1188453.45,1.4645588348454035,0.02600138394249618,9934.TW,2026-08-07,-0.027882840194187408,0.0707964102687122,neutral,0.11049210770659239,0.1533457249070632,2026-03-31,2026-05-15,4675859000.0,1599481000.0,215608000.0,179015000.0,65010000.0,114005000.0,0.28,10184466000.0,6401709000.0,16132102000.0,9818930000.0,6313172000.0,2756002000.0,2012873000.0,1745714000.0,,0.3631539256486886,137309108.39873755,9730393000.0,0.0141113630660896,0.0180582756180252,0.0070669649869558,1.5553084883478543,0.3420721197965978,0.0461108857217465,0.0243816162976685,0.0629297965528301,,,37.04526496126525,37.04526496126525,False,75.63571208894953,75.63571208894953,65.98810030702846,573.0,True,True,True,True,True,True,True,True,True,True,True,True,True,True,False,False,False,14,False,0.06193291903535392,0.10229983590412717,1.0,13013565.050820494,0.6304549675023212,0.0,3.0,,,,,,0.07381264173549351,0.045890649830060706,0.22586595997316564,-0.7661431281252603,0.6825581395348838,-0.7661431281252603,0.7098652864435622,-573.0,0.3023255813953488,0.4069767441860465,0.7674418604651163,0.37209302325581395,0.42674418604651165,成霖
20.0,20.350000381469727,19.799999237060547,20.100000381469727,1102014.0,0.022900802629791883,19.74000015258789,0.09836072237445115,19.272500228881835,0.08943086993495575,18.91608126958211,0.020304548377620968,18.932207282384237,0.015678531331709253,77.08336147997554,353951.35,3.1134617794225115,0.042936834492693254,9935.TW,2026-08-07,-0.027882840194187408,0.0707964102687122,neutral,0.06592386258124419,0.23884758364312267,2026-03-31,2026-05-15,1207014000.0,329361000.0,129050000.0,125078000.0,35715000.0,89363000.0,0.51,4101731000.0,3844659000.0,8361229000.0,5772111000.0,2589118000.0,430540000.0,854900000.0,1461115000.0,287107000.0,0.2855418219031324,92200827.88340075,4516570000.0,0.0204139043308087,0.0345148425062125,0.0106877828606297,2.22937347776347,0.2728725598874578,0.1069167383311212,0.0740364237697325,0.0157374361805349,,,40.70851081970746,40.70851081970746,False,70.62916407254238,70.62916407254238,63.14900075933365,499.0,True,False,True,True,True,True,True,False,True,True,True,True,False,True,False,False,False,11,False,0.06258796920012233,0.06168288153976009,1.0,7114422.2700217245,0.7158774373259053,0.0,3.0,,,,,,0.10110933355675598,0.07573634396215011,0.25449172852696245,-0.5483997974573404,0.827906976744186,-0.5483997974573404,0.8157521774433825,-499.0,0.4186046511627907,0.26744186046511625,0.872093023255814,0.4866279069767442,0.46395348837209305,慶豐富
142.5,145.5,140.0,144.5,3048902.0,0.12890625,136.1,0.1795918367346938,130.1,0.19421487603305776,126.97194137573243,0.2142857142857142,122.29847068786621,0.024812918471839238,77.58620689655173,1983906.65,1.5368172690988258,0.11068408916218297,9939.TW,2026-08-07,-0.027882840194187408,0.0707964102687122,neutral,0.027855153203342618,0.11524163568773234,2026-03-31,2026-05-15,6859793000.0,1532311000.0,905992000.0,852810000.0,177064000.0,664457000.0,2.25,15830282000.0,15334754000.0,47767359000.0,28356250000.0,19411109000.0,3417062000.0,3186314000.0,8601830000.0,3723183000.0,0.2076242070332196,717886129.4215593,32432605000.0,0.0221347045487576,0.0342307593038604,0.0139102729125133,1.4608258600783706,0.2233756907825061,0.1320727899515335,0.0968625438114532,-0.0577454629967812,,,44.2251041721302,44.2251041721302,False,84.9804558510452,84.9804558510452,74.79161793131645,446.0,True,True,True,True,True,True,True,False,True,True,False,True,True,True,False,False,False,12,False,0.13804670885828974,0.1815356249940132,1.0,286674510.925,0.23491179201485607,2.0,3.0,,,,,,0.051819540200201575,-0.002988124875007817,0.2817313854597067,-0.7512423012669752,0.566860465116279,-0.7512423012669752,0.6858349311344686,-446.0,0.4883720930232558,0.8488372093023255,0.7209302325581395,0.5232558139534883,0.6430232558139535,宏全
20.5,20.950000762939453,20.450000762939453,20.799999237060547,413944.0,0.01711483917180967,20.51999969482422,0.05583748383352671,20.307499885559082,0.11827950593928871,19.514373779296875,-0.041474723236691435,19.904270251592,0.010700503485454725,55.769227947703314,574012.45,0.7211411529488603,0.02425209180238319,9940.TW,2026-08-07,-0.027882840194187408,0.0707964102687122,neutral,0.12163416898792943,0.19423791821561337,2026-03-31,2026-05-15,2876811000.0,665012000.0,209493000.0,232453000.0,69452000.0,159582000.0,0.22,16303412000.0,4204969000.0,30767900000.0,17352956000.0,13414944000.0,4695442000.0,404164000.0,8438314000.0,900000000.0,0.2987786778402516,146900958.44321218,26562931000.0,0.0055302992897588,0.0118958379550447,0.0051866393221506,1.2935541139791564,0.2311629092074522,0.0728212593736606,0.0554718401730249,0.2999785808018913,,,39.42870701490352,39.42870701490352,False,72.70406567817406,72.70406567817406,64.38522601235643,524.0,True,False,True,True,True,True,True,True,True,True,True,True,False,True,False,False,False,12,False,0.0658809486947316,0.04500185006264701,1.0,11939458.522063253,0.6425255338904364,0.0,3.0,,,,,,0.04950742719981518,0.01736208966343348,0.20236183875814048,-1.5218689816565134,0.4017441860465117,-1.5218689816565134,0.4282045043283553,-524.0,0.37209302325581395,0.32558139534883723,0.313953488372093,0.3633720930232558,0.34651162790697676,信義
82.19999694824219,84.5,82.19999694824219,84.30000305175781,2158131.0,0.028048817704363627,82.30000152587891,0.040740778416763046,82.25,0.1532148401015596,80.25500005086263,0.07662834950381647,78.35000012715658,0.0021322008197758083,58.762892273956055,1051206.1,2.0530046391473564,0.024924049261493053,9941.TW,2026-08-07,-0.027882840194187408,0.0707964102687122,neutral,0.14856081708449395,0.1496282527881041,2026-03-31,2026-05-15,9588907000.0,4187850000.0,1390166000.0,1382030000.0,301331000.0,1104074000.0,1.82,235100426000.0,237208150000.0,286724084000.0,244513555000.0,42210529000.0,7708912000.0,35439009000.0,3468847000.0,,0.2180350643618445,1087061066.716352,49515934000.0,0.0219537627365839,0.0261563649202311,0.0038506496719682,5.792714775026866,0.4367390360548913,0.1449764816782559,0.1151407558755132,-0.0112940820804001,,,41.17633903527033,41.17633903527033,False,77.61875936216576,77.61875936216576,68.50815428044191,493.0,True,True,True,True,True,True,True,True,True,True,True,True,True,True,False,False,False,14,False,0.05040188148192137,0.07594132629157357,1.0,88616677.43802644,0.362116991643454,1.0,3.0,,,,,,0.07525963672848582,0.0573918150167693,0.22115598546197587,-0.24449189828085674,0.7302325581395349,-0.24449189828085674,0.7141791258904744,-493.0,0.43023255813953487,0.5581395348837209,0.7790697674418605,0.4825581395348837,0.5383720930232558,裕融
26.399999618530277,26.950000762939453,26.399999618530277,26.75,5730475.0,-0.01109054512095975,26.63000030517578,0.034816232311370765,26.392500019073488,0.1555075784359028,25.563405640920006,-0.06631761409523362,25.79295283953349,0.009176945132225552,54.92958654560624,6359196.9,0.9011318709128191,0.01354551409181215,9945.TW,2026-08-07,-0.027882840194187408,0.0707964102687122,neutral,0.16527390900649955,0.14591078066914498,2026-03-31,2026-05-15,8802139000.0,2177505000.0,1558595000.0,3524918000.0,275592000.0,2706817000.0,0.99,56821154000.0,31229259000.0,206807304000.0,85163985000.0,121643319000.0,4687641000.0,7435539000.0,36077246000.0,,0.0781839464066965,1436737892.0502548,175578045000.0,0.0081829017520399,0.0222520811027854,0.0130885947819328,0.7001123094972441,0.247383618913539,0.1770700280920353,0.3075180930453381,0.2547092191019549,,,56.447152500431685,56.447152500431685,False,70.77790221584544,70.77790221584544,67.19521478699201,296.0,True,False,True,True,True,True,True,True,True,True,True,True,True,True,False,False,False,13,False,0.04641769472141766,0.03710498625033809,1.0,170108517.07500002,0.28690807799442897,0.0,3.0,,,,,,0.005998498602358386,-0.032203449248382185,0.09789151988129234,-1.7583241164738965,0.10581395348837211,-1.7583241164738965,0.11006389967673644,-296.0,0.6162790697674418,0.4883720930232558,0.023255813953488372,0.5273255813953488,0.4593023255813953,潤泰新
28.700000762939453,28.700000762939453,28.100000381469727,28.100000381469727,37030.0,-0.015761781702840816,28.320000076293944,-0.003546112722136785,28.294999885559086,0.07047620500837048,27.74055573145549,0.1422764205579614,27.28777791659037,8.836129220727966e-05,46.66668362088752,49078.05,0.7545124551607083,-0.0068916594761635475,2432.TW,2026-08-07,-0.027882840194187408,0.0707964102687122,neutral,0.31940575673166205,0.27973977695167285,2026-03-31,2026-05-15,950969000.0,103864000.0,18274000.0,20907000.0,4695000.0,16212000.0,0.26,1474029000.0,593217000.0,1716970000.0,616736000.0,1100234000.0,920685000.0,,,,0.224565934854355,14170282.106471518,1123753000.0,0.0126097835613978,0.0147350472717621,0.0094422150649108,0.5605498466689813,0.1092191228105227,0.019216188960944,0.0170478743260821,0.2580852139079173,,,37.70323749345623,37.70323749345623,False,58.42433287425832,58.42433287425832,53.244059029057794,564.0,True,False,True,True,False,True,True,False,True,False,True,True,False,True,False,False,False,9,False,0.012957370194522033,0.029765064321545243,1.0,1379093.2237217904,0.9117920148560817,0.0,3.0,,,,,,0.053870129590887945,0.037300127803249906,0.1687219135419356,-1.1831960702835214,0.46337209302325577,-1.1831960702835214,0.6245222768660521,-564.0,0.32558139534883723,0.06976744186046512,0.6162790697674418,0.3691860465116279,0.30697674418604654,倚天酷碁-創
37.0,38.34999847412109,36.75,38.34999847412109,55801.0,0.07573623654075323,36.359999084472655,0.08948856940077476,35.52499961853027,0.042119545358565214,35.914166641235354,-0.13528749056217204,37.867916615804035,0.007801407617880098,63.93442554605422,30315.65,1.8406664544550422,0.07952143239763076,6952.TW,2026-08-07,-0.027882840194187408,0.0707964102687122,neutral,0.07613741875580315,0.3429368029739777,2026-03-31,2026-05-15,561789000.0,116089000.0,26679000.0,24997000.0,5359000.0,21318000.0,0.32,666816000.0,1099448000.0,3770458000.0,1979405000.0,1791053000.0,133118000.0,355000000.0,864179000.0,,0.2143857262871544,20959403.20838501,2671010000.0,0.0078469954093713,0.0119024953477088,0.0056539550367621,1.1051627171278573,0.206641639476743,0.047489359884227,0.0379466312085142,1.5078410627954626,,,38.46602708214458,38.46602708214458,False,70.50321678003787,70.50321678003787,62.49391935556456,550.0,True,False,True,True,True,False,True,True,True,False,True,True,True,True,False,False,False,11,False,0.06782370470178178,0.012730614763101444,1.0,1162605.131241989,0.9229340761374187,1.0,3.0,,,,,,0.04969274149548962,-0.002605170003689528,0.2511554646693192,-1.3233003346319538,0.45348837209302323,-1.3233003346319538,0.4326693163838281,-550.0,0.3372093023255814,0.2558139534883721,0.32558139534883723,0.3354651162790698,0.3104651162790698,大武山
