Open,High,Low,Close,Volume,ret5,ma5,ret20,ma20,ret60,ma60,ret120,ma120,ma20_slope,rsi14,volume_ma20,volume_ratio,ma20_deviation,symbol,date,benchmark_ret20,benchmark_ret60,market_regime,rs20_rank_pct,rs60_rank_pct,period_date,as_of_date,revenue,gross_profit,operating_income,pretax_income,tax_expense,net_income_parent,eps,current_assets,current_liabilities,assets,liabilities,equity,cash,short_borrowings,long_borrowings,bonds_payable,tax_rate,nopat,invested_capital_proxy,roic_proxy,roe,roa,debt_to_equity,gross_margin,operating_margin,net_margin,revenue_growth,pe,pb,eva_like_score,fundamental_score,fundamental_pass,technical_score,score,final_score,fundamental_rank,pass_market,pass_score,pass_rs20,pass_rs60,pass_close_ma20,pass_ma20_ma60,pass_ma20_slope,pass_rsi,pass_ret20_benchmark,pass_ret60_benchmark,pass_ret5_cap,pass_ret20_cap,pass_volume_ratio,pass_ma20_deviation,pass_fundamental_score,pass_fundamental_filter,pass_fundamental_universe,entry_pass_count,entry_all_pass,close_ma60_ratio,close_ma120_ratio,above_ma120,turnover20,liquidity_rank,price_bucket,eva_rank_bucket,forward_60d_return,forward_60d_max_drawdown,reward_60,fwd60_rank_label,top_quantile_60,reg_forward60,reg_reward60,cls_topq60,rank_forward60,ensemble_score,ranker_score,stable_ensemble_score,fundamental_rank_score,fundamental_score_rank,final_score_rank,stable_ml_rank,fund_ml_85_15,fund_final_ml,name
75.69999694824219,76.19999694824219,75.0999984741211,76.19999694824219,14413909.0,-0.015503934805937925,76.91999816894531,0.043835574633454666,76.10999946594238,0.03252024115502006,75.94615097045899,0.08547008918566967,73.89890874226889,0.008326074622795655,51.76467737114638,14145087.15,1.0190046089606453,0.0011824659431258766,1216.TW,2026-08-31,0.04166666666666674,0.020163211169990092,bull,0.39053803339517623,0.24582560296846012,2026-03-31,2026-05-15,175017371000.0,59125238000.0,10253052000.0,13286190000.0,3522350000.0,6544541000.0,1.15,241807588000.0,273723981000.0,749062049000.0,525351793000.0,223710256000.0,107370831000.0,48103130000.0,39421781000.0,54500000000.0,0.2651136255013664,7534828211.825964,475338068000.0,0.0158515143622495,0.0292545416424716,0.0087369811469383,2.348358105673975,0.3378249693854674,0.0585830534501629,0.0373936653407963,0.033984250237258,,,36.04802884719801,36.04802884719801,False,57.395129493865745,57.395129493865745,52.05835433219882,591.0,True,False,True,True,True,True,True,True,True,True,True,True,True,True,False,False,False,13,False,0.0033424469119172073,0.031138324572540288,1.0,1077855597.6626198,0.11595547309833024,1.0,3.0,,,,,,0.0514287326774758,0.019206084590637766,0.19992374999814141,-0.6362264319938914,0.7412280701754386,-0.6362264319938914,0.736873257911133,-591.0,0.41228070175438597,0.07017543859649122,0.8508771929824561,0.4780701754385964,0.3973684210526316,統一
156.5,157.5,156.5,157.0,104038.0,0.0,156.9,0.0228013029315961,155.425,0.1029320902296389,150.7135159810384,0.04318936877076407,149.61094411214194,0.003389283408650779,60.0,173436.55,0.5998620244694675,0.010133504905903035,1232.TW,2026-08-31,0.04166666666666674,0.020163211169990092,bull,0.48515769944341375,0.13821892393320964,2026-03-31,2026-05-15,5894059000.0,806895000.0,480031000.0,487266000.0,97456000.0,372297000.0,2.33,7651568000.0,2814803000.0,10506118000.0,3994796000.0,6511322000.0,3420506000.0,220000000.0,,,0.2000057463479906,384022041.5748277,7691315000.0,0.0499293087820259,0.0571768682304453,0.0354362096447041,0.6135153506461515,0.1368997154592446,0.0814431955974651,0.0631647901726128,0.0920647302197261,,,64.65049610002629,64.65049610002629,False,66.72314354941483,66.72314354941483,66.20498168706769,215.0,True,False,False,True,True,True,True,True,False,True,True,True,False,True,True,False,False,10,False,0.04171148140258718,0.04938847175725014,1.0,27229538.349999998,0.49443413729128016,2.0,3.0,,,,,,0.025199451169638384,-0.008863613967033643,0.14990354498340003,-1.380985373101237,0.525,-1.380985373101237,0.4106052308358775,-215.0,0.7894736842105263,0.6228070175438597,0.38596491228070173,0.7289473684210526,0.6587719298245615,大統益
14.0,14.5,13.949999809265137,14.399999618530272,3015304.0,0.04727269952947433,14.020000076293945,0.14285707798134073,13.592500019073487,0.039711135156097255,13.843390417098998,-0.010309317542147478,14.483361872037252,0.02701171355253754,62.49999999999998,1619168.2,1.8622549528825973,0.05940773208193284,1308.TW,2026-08-31,0.04166666666666674,0.020163211169990092,bull,0.15306122448979592,0.23562152133580705,2026-03-31,2026-05-15,1301918000.0,73711000.0,13526000.0,-115776000.0,4459000.0,-120235000.0,-0.2,2732713000.0,1008062000.0,12537553000.0,1505156000.0,11032397000.0,726414000.0,,295229000.0,,0.0,13526000.0,11529491000.0,0.0011731654068683,-0.0108983569028561,-0.009589989370334,0.1364305508585305,0.0566172370302891,0.0103892871901302,-0.0923522065137743,-0.1515061063473556,,,14.704701931024411,14.704701931024411,False,70.61614496471705,70.61614496471705,56.63828420629389,962.0,True,False,True,True,True,False,True,True,True,True,True,True,True,True,False,False,False,12,False,0.04020757810483788,-0.00575572537947322,0.0,23316021.462336347,0.5194805194805194,0.0,3.0,,,,,,0.01641728920270556,-0.05225144529145264,0.13741030338429464,-1.9142377406892412,0.29210526315789476,-1.9142377406892412,0.2710696909808023,-962.0,0.09649122807017543,0.18421052631578946,0.18421052631578946,0.10964912280701754,0.14035087719298245,亞聚
11.850000381469728,12.25,11.850000381469728,12.149999618530272,3721316.0,0.04741372577358982,11.939999771118163,0.15165871079325166,11.60499997138977,0.07999996609157978,11.785610644022624,-0.02409640123139667,11.749888650576274,0.031097281435504297,62.31883977847099,3141111.45,1.184713137128579,0.04696248586679097,1313.TW,2026-08-31,0.04166666666666674,0.020163211169990092,bull,0.1437847866419295,0.17532467532467533,2026-03-31,2026-05-15,14431164000.0,896155000.0,195198000.0,172691000.0,70351000.0,102340000.0,0.08,19273009000.0,8329694000.0,54586668000.0,25914554000.0,28672114000.0,2987238000.0,4703421000.0,14008019000.0,2998655000.0,0.4,117118800.0,46256974000.0,0.0025319165927282,0.0035693217458608,0.0018748167592863,0.9038243221270674,0.0620985944030571,0.0135261438370459,0.0070915970465029,-0.0083447619882685,,,16.79868265460239,16.79868265460239,False,70.2907786176282,70.2907786176282,56.917754626871755,922.0,True,False,True,True,True,False,True,True,True,True,True,True,True,True,False,False,False,12,False,0.03091812427152063,0.03405231997108116,1.0,38164502.91926107,0.4489795918367347,0.0,3.0,,,,,,-0.008602846992701118,-0.057261156174379574,0.13791119894931683,-1.9711223588302027,0.2219298245614035,-1.9711223588302027,0.2906116344759481,-922.0,0.16666666666666666,0.21052631578947367,0.20175438596491227,0.1719298245614035,0.18684210526315786,聯成
8.020000457763672,8.289999961853027,8.0,8.180000305175781,23223307.0,0.02506269243411796,8.05600004196167,0.06788517860602195,7.872000002861023,0.011124864139724577,8.176666657129923,-0.08705354125562081,7.9423332969347635,0.015283419635877404,63.95350835851515,23719478.05,0.9790817045402902,0.039126054649748054,1314.TW,2026-08-31,0.04166666666666674,0.020163211169990092,bull,0.3181818181818182,0.2894248608534323,2026-03-31,2026-05-15,4092344000.0,-291527000.0,-647288000.0,-263196000.0,25000.0,-263381000.0,-0.07,57442349000.0,37332389000.0,128112754000.0,51812243000.0,76300511000.0,1367909000.0,14373487000.0,4356642000.0,,0.0,-647288000.0,90780365000.0,-0.0071302643473618,-0.0034518903811797,-0.0020558530807947,0.679054993484906,-0.0712371687228639,-0.1581704763822396,-0.0643594477883579,-0.3721140502220507,,,12.28013230960367,12.28013230960367,False,58.1977525334496,58.1977525334496,46.718347477488116,1005.0,True,False,True,True,True,False,True,True,True,False,True,True,True,True,False,False,False,11,False,0.0004077025743676188,0.029924078901692797,1.0,194025337.68761024,0.2662337662337662,0.0,3.0,,,,,,0.03192963096226663,-0.02409801414531582,0.15512243354617716,-1.8326650467096077,0.4412280701754386,-1.8326650467096077,0.5864228158188112,-1005.0,0.05263157894736842,0.017543859649122806,0.6403508771929824,0.14078947368421052,0.15964912280701754,中石化
65.4000015258789,66.5,65.19999694824219,66.0,48981.0,0.027989177225019812,65.04000091552734,0.04100943866791251,64.26786594390869,0.07317073170731714,63.43595536549886,0.06373270831455558,62.53867435455322,0.005869202865051192,63.42777564348825,59450.95,0.8238892734262447,0.02695179045781715,1315.TW,2026-08-31,0.04166666666666674,0.020163211169990092,bull,0.4025974025974026,0.18460111317254174,2026-03-31,2026-05-15,400564000.0,44047000.0,-40608000.0,22670000.0,8119000.0,13937000.0,0.15,7354156000.0,780905000.0,11315299000.0,994940000.0,10320359000.0,2244943000.0,109175000.0,,,0.3581385090427878,-26064711.42479048,10534394000.0,-0.0024742487726195,0.0013504375186948,0.001231695247293,0.0964055610856172,0.1099624529413526,-0.1013770583477297,0.0347934412478405,-0.2598363215400335,,,15.52001612125422,15.52001612125422,False,67.85550413815108,67.85550413815108,54.771632133926865,951.0,True,False,False,True,True,True,True,True,False,True,True,True,True,True,False,False,False,11,False,0.040419421757391216,0.055346962198516314,1.0,3923762.6999999997,0.7504638218923934,1.0,3.0,,,,,,0.021319131837534235,-0.010871324025160545,0.1635995075818849,-1.7034664318483006,0.47807017543859653,-1.7034664318483006,0.32940180640589867,-951.0,0.12280701754385964,0.13157894736842105,0.24561403508771928,0.1412280701754386,0.15,達新
10.949999809265137,11.050000190734863,10.75,10.949999809265137,2938164.0,-0.03097348456300908,11.3,0.08955219914920876,10.600500059127807,0.03301881275469154,10.472166728973388,-0.14785996231910448,11.010666672388712,0.03530617972615923,60.71427922670651,4315601.65,0.6808237270926059,0.03297011916304693,1316.TW,2026-08-31,0.04166666666666674,0.020163211169990092,bull,0.26437847866419295,0.24397031539888683,2026-03-31,2026-05-15,1897267000.0,610043000.0,55716000.0,79483000.0,38515000.0,-63701000.0,-0.19,17988375000.0,10662365000.0,26109463000.0,12103585000.0,14005878000.0,2458006000.0,6168829000.0,315546000.0,409198000.0,0.4,33429600.0,15447098000.0,0.0021641346484627,-0.0045481618503316,-0.002439766761959,0.8641789540077387,0.3215377698552707,0.0293664518488963,-0.0335751372895854,1.492291666119324,,,36.14498711992685,36.14498711992685,False,73.39943015947429,73.39943015947429,64.08581939958744,590.0,True,False,True,True,True,True,True,True,True,True,True,True,False,True,False,False,False,12,False,0.04562886484319684,-0.005509826509934146,0.0,47255837.244364314,0.42115027829313545,0.0,3.0,,,,,,0.004068718701909798,-0.045789702091464525,0.25845421089185483,-1.8761144014370486,0.42719298245614035,-1.8761144014370486,0.4340318753170439,-590.0,0.42105263157894735,0.5175438596491229,0.43859649122807015,0.4236842105263157,0.4535087719298246,上曜
28.100000381469727,28.600000381469727,27.899999618530277,28.350000381469727,14807294.0,-0.03735145510943383,28.479999923706053,0.05390337485137375,27.9625,0.02903815486618999,27.714470863342285,-0.008741258624666903,27.058485396703087,0.01185091579151677,57.77778845265381,18404892.35,0.8045303236995026,0.013857858970754755,1402.TW,2026-08-31,0.04166666666666674,0.020163211169990092,bull,0.3589981447124304,0.2532467532467532,2026-03-31,2026-05-15,61298588000.0,13425322000.0,4896381000.0,7132853000.0,1579509000.0,3092903000.0,0.61,166621578000.0,157755773000.0,679737079000.0,356159064000.0,323578015000.0,47148878000.0,35989865000.0,71488233000.0,85137297000.0,0.2214414064049827,3812119505.065365,521981306000.0,0.0073031724723593,0.0095584460520285,0.0045501460719932,1.1006899340797305,0.2190151916712991,0.0798775495448606,0.0504563498265245,-0.0379277396462631,,,28.35795292059996,28.35795292059996,False,65.47347335574761,65.47347335574761,56.1945932469607,712.0,True,False,True,True,True,True,True,True,True,True,True,True,True,True,False,False,False,13,False,0.022931324262374764,0.04773049806121077,1.0,521778705.1434093,0.16697588126159554,0.0,3.0,,,,,,0.0076919083960571375,-0.04154485048732581,0.14668335911670152,-1.8422503474470888,0.32149122807017544,-1.8422503474470888,0.3080685874217601,-712.0,0.3333333333333333,0.16666666666666666,0.21929824561403508,0.3162280701754386,0.26052631578947366,遠東新
19.399999618530277,19.399999618530277,19.049999237060547,19.399999618530277,234420.0,0.0025839398488296528,19.309999847412108,0.02645502698898361,19.617499828338623,0.14792899742191934,18.696666558583576,-0.042686493638090406,17.706101902325948,0.008741482568986072,51.020412135253636,376016.0,0.6234309178332836,-0.011087050424955502,1414.TW,2026-08-31,0.04166666666666674,0.020163211169990092,bull,0.4647495361781076,0.09925788497217068,2026-03-31,2026-05-15,113452000.0,12596000.0,-7033000.0,11377000.0,382000.0,10995000.0,0.06,876335000.0,611698000.0,4159720000.0,1289474000.0,2870246000.0,113194000.0,505000000.0,,,0.033576514019513,-6796856.376900765,3548022000.0,-0.0019156748117403,0.0038306821087809,0.0026432067543007,0.4492555690348492,0.1110249268413073,-0.0619909741564714,0.0969132320276416,-0.1489036091252128,,,15.88871955373819,15.88871955373819,False,58.576066790352506,58.576066790352506,47.904229981198924,937.0,True,False,False,True,False,True,True,True,False,True,True,True,False,True,False,False,False,9,False,0.037618099341018674,0.09566745552174938,1.0,7294710.25656128,0.6576994434137291,0.0,3.0,,,,,,0.017011171217198088,-0.013248115172300054,0.18174676493217784,-1.9191184486028598,0.4074561403508771,-1.9191184486028598,0.46380390290343876,-937.0,0.14912280701754385,0.03508771929824561,0.5087719298245614,0.20307017543859646,0.18684210526315792,東和
17.799999237060547,18.149999618530277,17.700000762939453,18.149999618530277,1819479.0,0.022535189776353715,17.929999923706056,0.0614034627857889,17.65250015258789,0.09337344586996421,17.61821616490682,0.08682627481123562,16.86994137763977,0.006700879507975279,58.69565397670219,2056958.3,0.884548315831196,0.028182946417901755,1434.TW,2026-08-31,0.04166666666666674,0.020163211169990092,bull,0.3358070500927644,0.15306122448979592,2026-03-31,2026-05-15,6979321000.0,780112000.0,198663000.0,386155000.0,49552000.0,336603000.0,0.2,15272141000.0,6346633000.0,61146600000.0,15727850000.0,45418750000.0,3214804000.0,2317516000.0,8200000000.0,,0.1283215289197343,173170260.1002188,54799967000.0,0.0031600431456504,0.0074111022430163,0.0055048522730617,0.3462853997523049,0.1117747700671741,0.0284645168204758,0.0482286170818049,-0.0921530851652357,,,20.54681103606591,20.54681103606591,False,70.88745228279976,70.88745228279976,58.3022919711163,852.0,True,False,True,True,True,True,True,True,True,True,True,True,True,True,False,False,False,13,False,0.030183728514053598,0.07587804914290674,1.0,37333792.36033269,0.45454545454545453,0.0,3.0,,,,,,0.023121327088047837,-0.02200804094583771,0.19792265183772548,-1.824070664904822,0.46447368421052637,-1.824070664904822,0.42263489547335303,-852.0,0.23684210526315788,0.2894736842105263,0.41228070175438597,0.2631578947368421,0.28771929824561404,福懋
31.649999618530277,32.150001525878906,31.399999618530277,32.0,180246.0,0.006289332318799801,32.00000076293945,0.04022526660195691,31.245940494537354,0.09777016873983113,30.628288936614993,0.0372771346615941,30.20206117630005,0.009758770579786361,71.62158888048633,175781.95,1.0253953833143845,0.024133039157341996,1437.TW,2026-08-31,0.04166666666666674,0.020163211169990092,bull,0.4109461966604824,0.1456400742115028,2026-03-31,2026-05-15,173801000.0,106736000.0,81756000.0,164121000.0,25845000.0,138012000.0,0.68,2289494000.0,1297708000.0,13727130000.0,5454839000.0,8272291000.0,555767000.0,882000000.0,3400000000.0,,0.157475277386806,68881451.22196428,12429422000.0,0.0055418064671039,0.0166836490640863,0.0100539588391746,0.6594109177252105,0.6141276517396332,0.4704000552355855,0.7940805864177997,-0.0904852113118288,,,51.0413507613127,51.0413507613127,False,61.25332703562967,61.25332703562967,58.70033296705043,354.0,True,False,False,True,True,True,True,True,False,True,True,True,True,True,False,False,False,11,False,0.04478575562035969,0.05953033513854411,1.0,5625022.4,0.6966604823747681,1.0,3.0,,,,,,0.01639761034078827,-0.01793058536385512,0.09445069938697247,-1.886862614138474,0.3236842105263158,-1.886862614138474,0.18052618501416168,-354.0,0.6140350877192983,0.30701754385964913,0.13157894736842105,0.5416666666666666,0.42543859649122806,勤益控
11.350000381469728,11.449999809265137,11.199999809265137,11.449999809265137,68198.0,-0.004347842672596802,11.439999771118163,0.022321428951560307,11.405000019073487,0.036199059875642536,11.321590185165405,0.03153147889793728,11.278711732228597,0.0024170478325399665,57.14283119256384,88580.5,0.7698985668403316,0.003945619475352213,1452.TW,2026-08-31,0.04166666666666674,0.020163211169990092,bull,0.48886827458256027,0.24025974025974026,2026-03-31,2026-05-15,328337000.0,10851000.0,-11536000.0,-12066000.0,-447000.0,-11619000.0,-0.09,2006413000.0,114850000.0,2816026000.0,163197000.0,2652829000.0,382433000.0,,,,0.0370462456489308,-11108634.510193933,2701176000.0,-0.0041125178478536,-0.0043798526026366,-0.004126027245487,0.0615181001112397,0.0330483618964661,-0.0351346330142506,-0.0353874220693982,-0.0621461664581511,,,15.637636912208889,15.637636912208889,False,60.3705167596022,60.3705167596022,49.187296797753866,947.0,True,False,False,True,True,True,True,True,False,True,True,True,False,True,False,False,False,10,False,0.011342013091763858,0.015186847674020232,1.0,1014246.7081046104,0.9072356215213359,0.0,3.0,,,,,,0.04929759434593563,0.022487459366722452,0.12158756158347,-1.56863868052009,0.5574561403508771,-1.56863868052009,0.6184155641507615,-947.0,0.13157894736842105,0.05263157894736842,0.6929824561403509,0.21578947368421053,0.22017543859649125,宏益
10.0,10.100000381469728,9.949999809265137,10.0,843788.0,0.0,9.97599983215332,0.162790646096578,9.725,0.09890105283544104,9.584986257553101,0.16009282282622816,9.10557645559311,0.03495981853424541,66.94913199495673,1327216.15,0.6357577851957272,0.028277634961439535,1455.TW,2026-08-31,0.04166666666666674,0.020163211169990092,bull,0.12708719851576994,0.14471243042671614,2026-03-31,2026-05-15,1265739000.0,26904000.0,-45175000.0,-32149000.0,-5368000.0,-26781000.0,-0.05,3072494000.0,1880065000.0,9399593000.0,3651618000.0,5747975000.0,484215000.0,608371000.0,1509426000.0,,0.1669725341379203,-37632015.77031945,7519528000.0,-0.0050045715329897,-0.004659206068224,-0.0028491659160135,0.6352877317664047,0.0212555669059735,-0.0356906123616322,-0.0211583904738654,-0.319428201806952,,,12.511705122929076,12.511705122929076,False,73.31589620291594,73.31589620291594,58.11484843291922,1002.0,True,False,True,True,True,True,True,True,True,True,True,True,False,True,False,False,False,12,False,0.04329831376856297,0.09822810766225465,1.0,13272161.5,0.5853432282003711,0.0,3.0,,,,,,0.0779141764884024,0.03208226425187802,0.1729766658593908,-1.4707428305610732,0.6934210526315788,-1.4707428305610732,0.6968086997439802,-1002.0,0.06140350877192982,0.2807017543859649,0.8157894736842105,0.17456140350877192,0.27807017543859647,集盛
15.199999809265137,15.850000381469728,15.199999809265137,15.5,136232.0,0.05442178238877515,15.430000114440919,0.21093748195562534,14.234999942779542,0.31914893617021267,13.26056261062622,0.330964506828092,12.407127571105956,0.004055720760446381,76.4705865853388,203124.0,0.6706839172131309,0.08886547680403112,1459.TW,2026-08-31,0.04166666666666674,0.020163211169990092,bull,0.09369202226345083,0.039888682745825604,2026-03-31,2026-05-15,231160000.0,43640000.0,24305000.0,20991000.0,11327000.0,10929000.0,0.03,2303265000.0,1144782000.0,4781139000.0,1238615000.0,3542524000.0,1064701000.0,969808000.0,0.0,,0.4,14583000.0,3636357000.0,0.0040103323188564,0.0030850884849333,0.0022858569893073,0.3496419502027368,0.1887869873680567,0.1051436234642671,0.0472789409932514,-0.1821658664987316,,,27.476121095005883,27.476121095005883,False,78.59747866378677,78.59747866378677,65.81713927159156,724.0,True,True,True,True,True,True,True,False,True,True,True,True,False,True,False,False,False,12,False,0.1688795155327143,0.24928190761065494,1.0,3148422.0,0.7820037105751392,0.0,3.0,,,,,,0.04483530696474415,0.017622947655833693,0.29007598734785456,-1.4052764711245698,0.756140350877193,-1.4052764711245698,0.7597122655316894,-724.0,0.32456140350877194,0.5964912280701754,0.868421052631579,0.406140350877193,0.5149122807017543,聯發
23.75,24.049999237060547,23.450000762939453,24.049999237060547,7000.0,0.01050420201739799,24.089999771118165,0.0344085693359375,23.594999980926517,0.0736606985102497,22.68902193705241,0.04565214074176294,22.48576103846232,0.010600700117646931,58.02468438098541,12556.5,0.5574801895432644,0.019283715045638417,1470.TW,2026-08-31,0.04166666666666674,0.020163211169990092,bull,0.43692022263450836,0.18181818181818182,2026-03-31,2026-05-15,191305000.0,51630000.0,23476000.0,33194000.0,6523000.0,26671000.0,0.31,639175000.0,186883000.0,1180792000.0,196077000.0,984715000.0,246931000.0,25000000.0,,,0.196511417726095,18862697.95746219,993909000.0,0.0189782947507892,0.0270849941353589,0.0225873820283335,0.1991205577248239,0.2698831708528266,0.1227150361987402,0.1394161156268785,-0.1058090510512195,,,51.74217296976339,51.74217296976339,False,65.64800878596387,65.64800878596387,62.17154983191375,342.0,True,False,False,True,True,True,True,True,False,True,True,True,False,True,False,False,False,10,False,0.059983956284408446,0.06956572187717214,1.0,301983.81542015076,0.9814471243042672,0.0,3.0,,,,,,0.1064832039602308,0.04917224097096519,0.25906902579587293,-0.999750590208939,0.8951754385964912,-0.999750590208939,0.8241833502090987,-342.0,0.6403508771929824,0.40350877192982454,0.9473684210526315,0.6864035087719298,0.6307017543859649,大統新創
34.25,34.349998474121094,33.099998474121094,33.400001525878906,1835052.0,0.0014993419503936956,34.61000061035156,0.13220344155521713,32.555000114440915,0.3027352484067154,32.82250010172526,0.3522267406563473,28.004698721567788,0.04678457280611162,56.21469249224346,2970674.25,0.6177223908006743,0.02595611759998606,1515.TW,2026-08-31,0.04166666666666674,0.020163211169990092,bull,0.17717996289424862,0.045454545454545456,2026-03-31,2026-05-15,1050350000.0,154824000.0,-4490000.0,14779000.0,3226000.0,12904000.0,0.07,3269060000.0,3141849000.0,7565435000.0,3655094000.0,3910341000.0,1971793000.0,512612000.0,499226000.0,,0.2182826984234386,-3509910.68407876,4423586000.0,-0.0007934537011552,0.0032999679567587,0.0017056520874212,0.934725130110136,0.1474022944732708,-0.004274765554339,0.0122854286666349,0.0353447485591325,,,19.09740408546057,19.09740408546057,False,65.39423893485603,65.39423893485603,53.820030222507164,873.0,True,False,True,True,True,False,True,True,True,True,True,True,False,True,False,False,False,11,False,0.017594681159686765,0.19265705580170844,1.0,99220524.48288918,0.3293135435992579,1.0,3.0,,,,,,0.0048181318434037486,-0.07306057547281763,0.2317166608152324,-1.8055250207651699,0.3692982456140351,-1.8055250207651699,0.4334284245203589,-873.0,0.21929824561403508,0.11403508771929824,0.4298245614035088,0.25087719298245614,0.22982456140350876,力山
102.0,103.5,102.0,103.5,90085.0,0.009756097560975618,102.7,0.13486845902789102,98.21999969482422,0.12745094291168613,93.05886726379394,0.106951871657754,92.56943346659342,0.030531950951502074,70.76923498270472,118383.35,0.7609600505476488,0.05375687560151765,1558.TW,2026-08-31,0.04166666666666674,0.020163211169990092,bull,0.1725417439703154,0.11688311688311688,2026-03-31,2026-05-15,1926175000.0,466203000.0,115500000.0,190949000.0,37396000.0,79533000.0,1.23,7337752000.0,2436771000.0,13553818000.0,4826378000.0,8727440000.0,2321376000.0,528924000.0,448585000.0,1225737000.0,0.1958428690383296,92880148.62607291,11117047000.0,0.0083547500182443,0.0091129815845196,0.0058679406791503,0.5530118797723044,0.2420356405830207,0.0599633989642685,0.0412906407777071,-0.0577927547617254,,,30.82891502090822,30.82891502090822,False,71.38140939227242,71.38140939227242,61.24328579943137,668.0,True,False,True,True,True,True,True,True,True,True,True,True,False,True,False,False,False,12,False,0.11219922446088426,0.11807965247352636,1.0,12252676.725000001,0.5936920222634509,2.0,3.0,,,,,,0.021014997323658226,-0.026935095773336904,0.25519943488933555,-1.3155644830052344,0.6144736842105263,-1.3155644830052344,0.6244092411177065,-668.0,0.3684210526315789,0.3684210526315789,0.7017543859649122,0.4184210526315789,0.4350877192982456,伸興
35.849998474121094,36.25,33.349998474121094,33.45000076293945,12661759.0,-0.005510865674648091,34.305066680908205,0.4575163246598146,30.62893142700195,0.6559405692850031,25.942977142333984,0.985163205083667,22.273988580703737,0.09741134510854361,62.458283442353114,11750231.2,1.0775753076245853,0.09210472597325081,1709.TW,2026-08-31,0.04166666666666674,0.020163211169990092,bull,0.027829313543599257,0.013914656771799629,2026-03-31,2026-05-15,2424471000.0,492933000.0,320616000.0,344786000.0,79982000.0,264726000.0,0.55,5694389000.0,2189161000.0,12130526000.0,3134319000.0,8996207000.0,600735000.0,285000000.0,20699000.0,,0.2319757762786192,246240854.51265424,9941365000.0,0.0247693203612033,0.0294264015934715,0.021823126218929,0.34840449980753,0.2033156923716555,0.1322416312671919,0.1091891798252072,-0.0753599255550004,,,52.52750676874495,52.52750676874495,False,90.51879396642491,90.51879396642491,81.02097216700491,330.0,True,True,True,True,True,True,True,True,True,True,True,False,True,True,False,False,False,13,False,0.2893663121012986,0.5017517245168048,1.0,393045242.60471493,0.1901669758812616,1.0,3.0,,,,,,0.0494186648711584,-0.06393129801807915,0.2785140946593175,-1.087747863743629,0.6925438596491228,-1.087747863743629,0.6122229857748405,-330.0,0.6491228070175439,0.9473684210526315,0.6842105263157895,0.6543859649122807,0.7456140350877193,和益
15.850000381469728,16.549999237060547,15.75,16.350000381469727,6145230.0,0.06862746259119046,15.95,0.22014931693431006,15.057499980926513,0.04140131083447529,15.232499885559083,0.18478261996307066,14.425833288828532,0.04802506078889719,66.66667423551078,4896691.2,1.2549760131902947,0.08583764915692749,1710.TW,2026-08-31,0.04166666666666674,0.020163211169990092,bull,0.08812615955473098,0.23098330241187384,2026-03-31,2026-05-15,5345825000.0,88577000.0,-176669000.0,-219291000.0,-8101000.0,-127331000.0,-0.15,7085020000.0,12457768000.0,36888664000.0,23663579000.0,13225085000.0,2362413000.0,9628981000.0,8250000000.0,,0.0369417805564295,-170142532.57087615,24430896000.0,-0.0069642362920654,-0.0096279910488287,-0.0034517650191939,1.7892950404477552,0.0165693789078392,-0.0330480328106513,-0.0238187744641846,-0.1284074295508901,,,6.405846346837272,6.405846346837272,False,69.56326548660121,69.56326548660121,53.77391070166023,1063.0,True,False,True,True,True,False,True,True,True,True,True,True,True,True,False,False,False,12,False,0.0733629085380838,0.13338342777961287,1.0,80060902.98793946,0.35714285714285715,0.0,3.0,,,,,,0.03254818778201599,0.001209702580730798,0.22582467945872872,-1.56423176595902,0.6350877192982456,-1.56423176595902,0.5474380875862626,-1063.0,0.017543859649122806,0.10526315789473684,0.5789473684210527,0.10175438596491229,0.156140350877193,東聯
16.549999237060547,16.950000762939453,16.549999237060547,16.899999618530273,9935570.0,0.015015015359025385,16.639999771118163,0.1777002905416909,16.412677621841432,0.4695651842200237,16.613392527898153,0.7512953664866779,13.182362953821817,0.05242004544801045,55.10765876260561,18080093.65,0.5495308925017653,0.029691803367923875,1714.TW,2026-08-31,0.04166666666666674,0.020163211169990092,bull,0.11224489795918367,0.021335807050092765,2026-03-31,2026-05-15,7139550000.0,802314000.0,490214000.0,535557000.0,131252000.0,223134000.0,0.23,17219321000.0,4978429000.0,25588223000.0,7499378000.0,18088845000.0,5982998000.0,888587000.0,1280870000.0,,0.2450756875551995,370074466.90081537,20609794000.0,0.01795624288631,0.0123354476197899,0.0087201835000421,0.414585784775092,0.1123759900834086,0.0686617503904307,0.0312532302456037,0.3342708703208805,,,45.10051143692903,45.10051143692903,False,67.02652901297206,67.02652901297206,61.54502461896131,433.0,True,False,True,True,True,False,True,True,True,True,True,True,False,True,False,False,False,11,False,0.017251569187378912,0.2820159540236784,1.0,305553575.7879916,0.21428571428571427,0.0,3.0,,,,,,-0.006648173057205452,-0.08391784420216396,0.25865651995966,-1.7369516165338905,0.3938596491228071,-1.7369516165338905,0.3798010115697268,-433.0,0.543859649122807,0.37719298245614036,0.35964912280701755,0.5162280701754386,0.4570175438596491,和桐
86.5999984741211,87.5,86.0,86.0999984741211,310605.0,-0.026018133620557604,86.88000030517578,0.03113770627689938,85.7350009918213,0.00937860953976588,85.28873125712077,0.2551020464905953,82.56769879659016,0.011383741385183483,53.23741875921772,475448.3,0.6532886961631791,0.004257275069427191,1723.TW,2026-08-31,0.04166666666666674,0.020163211169990092,bull,0.44990723562152135,0.2949907235621521,2026-03-31,2026-05-15,1277807000.0,319750000.0,181223000.0,217086000.0,38207000.0,178879000.0,0.77,3402849000.0,1696462000.0,11518279000.0,3468337000.0,8049942000.0,782501000.0,937470000.0,1000000000.0,,0.1759993735201717,149327865.5325539,9821817000.0,0.0152036904711779,0.0222211538915435,0.0155300110372391,0.4308524210484994,0.2502334077055455,0.1418234522114842,0.139989059380642,-0.2447011744956525,,,46.187073211591255,46.187073211591255,False,55.857697497216954,55.857697497216954,53.440041425810534,414.0,True,False,False,True,True,True,True,True,False,False,True,True,False,True,False,False,False,9,False,0.009512009441840386,0.04278064823185801,1.0,40936097.90452347,0.44434137291280146,1.0,3.0,,,,,,0.03851106032111088,0.01771330371491926,0.21622047736262584,-1.553602472506314,0.6508771929824562,-1.553602472506314,0.6068552838032055,-414.0,0.5614035087719298,0.09649122807017543,0.6666666666666666,0.5771929824561404,0.4429824561403508,中碳
41.5,41.5,40.59999847412109,41.34999847412109,152253.0,0.024783148396928967,40.74000015258788,0.032459407286519415,40.49000015258789,0.033749961853027255,39.87416667938233,-0.015476226806640847,40.380000082651776,0.005026381490076754,68.33326127812362,83272.75,1.8283652215160422,0.021239770765430155,1783.TW,2026-08-31,0.04166666666666674,0.020163211169990092,bull,0.44434137291280146,0.24211502782931354,2026-03-31,2026-05-15,190868000.0,134561000.0,58409000.0,68648000.0,15855000.0,52793000.0,0.59,1180100000.0,355506000.0,1990823000.0,364273000.0,1626550000.0,649526000.0,100000000.0,,,0.2309608437245076,44918808.07889523,1635317000.0,0.0274679515218732,0.0324570409762995,0.0265181786627942,0.223954381974117,0.7049950751304567,0.3060177714441394,0.2765942955340864,0.0772486891935364,,,77.42104017134606,77.42104017134606,False,62.335752414564595,62.335752414564595,66.10707435375997,99.0,True,False,False,True,True,True,True,True,False,True,True,True,True,True,True,False,False,11,False,0.03701222916093849,0.02402175308280996,1.0,3443328.085435867,0.7708719851576994,1.0,2.0,,,,,,0.042821059703419886,0.03548155839878677,0.1841217174752598,-1.395828456036407,0.6491228070175439,-1.395828456036407,0.5566623316291295,-99.0,0.9122807017543859,0.6052631578947368,0.6052631578947368,0.8662280701754386,0.7587719298245614,和康生
34.650001525878906,35.0,33.95000076293945,34.099998474121094,2545246.0,-0.04481799032562872,35.359999084472655,0.030211481755258784,33.85999975204468,0.07911386273645005,32.146666558583576,0.16780813640939019,31.03749998410543,0.02303798808319,57.74646979242671,2081753.85,1.2226450307753725,0.007087971761190692,1808.TW,2026-08-31,0.04166666666666674,0.020163211169990092,bull,0.4536178107606679,0.17810760667903525,2026-03-31,2026-05-15,5392216000.0,1474911000.0,1229561000.0,1153602000.0,211319000.0,942283000.0,1.06,46784978000.0,26633648000.0,51660398000.0,37973630000.0,13686768000.0,5845055000.0,11570200000.0,207356000.0,10980553000.0,0.1831818946222353,1004327686.4663897,25026750000.0,0.0401301681787043,0.068846275468394,0.0182399485191732,2.774477509957062,0.2735259492572256,0.2280251755493474,0.1747487489373571,173.44891620834682,,,72.1127428848662,72.1127428848662,False,65.76978151612775,65.76978151612775,67.35552185831236,149.0,True,False,False,True,True,True,True,True,False,True,True,True,True,True,True,False,False,11,False,0.06076312490994362,0.0986709139455173,1.0,70987803.10849571,0.3682745825602968,1.0,3.0,,,,,,0.0874126321177409,0.024662533144753793,0.23877904031373273,-0.441134338457793,0.8644736842105264,-0.441134338457793,0.7862598756546054,-149.0,0.8508771929824561,0.6666666666666666,0.8859649122807017,0.856140350877193,0.8026315789473684,潤隆
40.45000076293945,40.45000076293945,40.04999923706055,40.09999847412109,46522.0,0.002499961853027255,40.22999954223633,0.04155840192522309,39.47749977111816,0.012626263112781588,39.02611859639486,0.03350513563461166,38.99222599665324,0.01030069791729132,76.27109877192916,66134.2,0.7034484427119403,0.015768442951352935,1817.TW,2026-08-31,0.04166666666666674,0.020163211169990092,bull,0.3979591836734694,0.2857142857142857,2026-03-31,2026-05-15,611528000.0,237424000.0,117537000.0,116319000.0,27903000.0,87774000.0,1.21,1873263000.0,304617000.0,2963735000.0,558812000.0,2404923000.0,382710000.0,40000000.0,857000.0,,0.2398834240321873,89341821.9895288,2659118000.0,0.0335982916100484,0.0364976342277902,0.0296160081788688,0.2323617013933502,0.3882471448568176,0.1922021559110948,0.143532266715506,-0.0085682370507754,,,75.60284732958029,75.60284732958029,False,57.23240425955152,57.23240425955152,61.82501502705871,115.0,True,False,True,True,True,True,True,False,False,False,True,True,False,True,True,False,False,9,False,0.027516953167498137,0.028410085578672195,1.0,2651981.3190872185,0.800556586270872,1.0,3.0,,,,,,0.05994273298697813,0.05221494344017773,0.1832097640431233,-1.1845255509032637,0.7447368421052631,-1.1845255509032637,0.6274839654789466,-115.0,0.9035087719298246,0.39473684210526316,0.7105263157894737,0.8745614035087719,0.712280701754386,凱撒衛
25.100000381469727,25.399999618530277,24.850000381469727,25.200000762939453,2401850.0,-0.02135919367225425,25.300000381469726,0.1914894192650869,24.410000038146972,0.15068498638771377,22.84592526753744,0.4400000435965401,20.77921255429586,0.04438977849641392,58.75000953674315,3215966.75,0.7468516271195901,0.03236381497574348,1904.TW,2026-08-31,0.04166666666666674,0.020163211169990092,bull,0.10760667903525047,0.09554730983302412,2026-03-31,2026-05-15,10422205000.0,2150150000.0,696170000.0,676222000.0,51875000.0,623134000.0,0.56,23384595000.0,24639229000.0,73010397000.0,42553667000.0,30456730000.0,6316415000.0,12166669000.0,15580624000.0,,0.0767129729585846,642764729.6154221,48371168000.0,0.0132881788096459,0.0204596488198174,0.0085348666163258,1.3971843661483028,0.2063047119107713,0.0667968054744653,0.0597890753444208,0.0134174531712039,,,33.04763840274124,33.04763840274124,False,79.58011206081012,79.58011206081012,67.94699364629291,632.0,True,True,True,True,True,True,True,True,True,True,True,True,False,True,False,False,False,13,False,0.10304137249135636,0.2127505167528423,1.0,81042364.55358791,0.3534322820037106,0.0,3.0,,,,,,0.06146061315748679,0.011006261760243458,0.23530431858905398,-1.5987166385633964,0.7096491228070174,-1.5987166385633964,0.692279699783112,-632.0,0.38596491228070173,0.7017543859649122,0.8070175438596491,0.4491228070175438,0.5649122807017544,正隆
29.899999618530277,30.299999237060547,29.850000381469727,29.850000381469727,1102245.0,-0.037096761888073315,30.24000015258789,0.024013748614063912,30.15250015258789,0.14587336874094925,28.275000158945723,0.2233606904977372,26.55958342552185,0.012423405534999089,46.36364109259828,1545872.7,0.7130244295018601,-0.010032327985651346,1907.TW,2026-08-31,0.04166666666666674,0.020163211169990092,bull,0.48144712430426717,0.10204081632653061,2026-03-31,2026-05-15,17964361000.0,2424583000.0,-77218000.0,452137000.0,195557000.0,208827000.0,0.13,69038373000.0,57579369000.0,178076390000.0,82625870000.0,95450520000.0,10428232000.0,15812770000.0,19190444000.0,964996000.0,0.4,-46330800.0,120497021000.0,-0.0003844974723482,0.0021878036913785,0.0011726821281585,0.8656408576925511,0.1349662812943917,-0.0042983994810614,0.0116245158956669,-0.0057560278150267,,,17.0350561108219,17.0350561108219,False,58.00556586270872,58.00556586270872,47.762938424737015,916.0,True,False,False,True,False,True,True,False,False,True,True,True,False,True,False,False,False,8,False,0.05570292532874488,0.12388812366635316,1.0,46144300.68470363,0.4267161410018553,0.0,3.0,,,,,,0.00736532430563058,-0.058329768024398446,0.20067276051836425,-1.8819698401794074,0.35,-1.8819698401794074,0.36027653583115316,-916.0,0.19298245614035087,0.02631578947368421,0.3157894736842105,0.21140350877192982,0.1675438596491228,永豐餘
10.75,11.300000190734863,10.75,11.100000381469728,4401923.0,0.013698682631726689,10.970000076293946,0.10447762893605361,10.657000017166137,0.13963045608936753,10.225500059127807,0.21179045484435344,9.79399999777476,0.02387471436212849,69.23078051686247,4674754.75,0.9416372056737308,0.041568955952896,1909.TW,2026-08-31,0.04166666666666674,0.020163211169990092,bull,0.21614100185528756,0.10760667903525047,2026-03-31,2026-05-15,10760215000.0,1109471000.0,15988000.0,29258000.0,59036000.0,-27240000.0,-0.02,14658431000.0,22767425000.0,70430999000.0,49630869000.0,20800130000.0,2240646000.0,8614561000.0,26455684000.0,0.0,0.4,9592800.0,47663574000.0,0.0002012606104611,-0.0013096071995703,-0.0003867615167576,2.386084558125358,0.1031086274763097,0.0014858439166875,-0.0025315479291073,0.0525224624933875,,,8.894222198109352,8.894222198109352,False,70.1443709457987,70.1443709457987,54.831833758876364,1046.0,True,False,True,True,True,True,True,True,True,True,True,True,True,True,False,False,False,13,False,0.08552152142049008,0.13334698631730624,1.0,51889779.50827742,0.40630797773654914,0.0,3.0,,,,,,0.011341748846838546,-0.03606248847488358,0.28513313042991356,-1.3760244713685006,0.5903508771929825,-1.3760244713685006,0.599931300052923,-1046.0,0.02631578947368421,0.14035087719298245,0.6578947368421053,0.12105263157894737,0.18684210526315792,榮成
13.649999618530272,14.149999618530272,13.600000381469728,14.149999618530272,2223720.0,0.014336904085998636,13.870000076293945,0.03284670186351435,13.824999952316285,0.014336904085998636,13.789166561762492,-0.04067799196404942,13.94708325068156,0.0030836254025101238,59.99997456868478,1083826.9,2.051729847266201,0.023508113369616,2023.TW,2026-08-31,0.04166666666666674,0.020163211169990092,bull,0.4424860853432282,0.2810760667903525,2026-03-31,2026-05-15,16315401000.0,1394040000.0,85956000.0,-764265000.0,73813000.0,-745181000.0,-0.4,27193306000.0,24854621000.0,100725919000.0,68710431000.0,32015488000.0,8667067000.0,13411996000.0,43526115000.0,,0.0,85956000.0,75871298000.0,0.0011329185379166,-0.0232756408398335,-0.0073981057447587,2.146162226232504,0.085443195665249,0.0052683964065608,-0.045673471341587,-0.1203441998032832,,,4.922273942205671,4.922273942205671,False,66.78197045539932,66.78197045539932,51.317046327100904,1068.0,True,False,False,True,True,True,True,True,False,False,True,True,True,True,False,False,False,10,False,0.026167865559646897,0.014549018185490148,1.0,15336150.221552845,0.5658627087198516,0.0,3.0,,,,,,0.023078511082065326,-0.025334776676610615,0.18813295886205036,-1.3651653733250246,0.5416666666666667,-1.3651653733250246,0.566225134818024,-1068.0,0.008771929824561403,0.06140350877192982,0.6228070175438597,0.10087719298245613,0.1473684210526316,燁輝
48.400001525878906,49.45000076293945,47.84999847412109,48.79999923706055,16374112.0,-0.04313726986155786,49.29000015258789,0.0978627311464062,48.39249973297119,0.11415525312998964,43.71979986826579,0.3388202528291291,41.27656656901042,0.03160306737116445,58.3038806385398,20034539.95,0.8172941350719661,0.008420716151013696,2027.TW,2026-08-31,0.04166666666666674,0.020163211169990092,bull,0.23747680890538034,0.12708719851576994,2026-03-31,2026-05-15,31174326000.0,8517820000.0,5633209000.0,4716863000.0,1204326000.0,2914770000.0,1.17,89517343000.0,24455518000.0,159942793000.0,66551339000.0,93391454000.0,9252095000.0,11925609000.0,29968117000.0,,0.2553235063218923,4194918326.275959,135487275000.0,0.0309617144951506,0.0312102432841446,0.0182238283159154,0.7126063054977172,0.2732318896004359,0.1807002659816927,0.0934990543179666,0.1950875950100803,,,67.77515994414823,67.77515994414823,False,72.40455393646192,72.40455393646192,71.2472054383835,180.0,True,False,True,True,True,True,True,True,True,True,True,True,True,True,True,False,False,13,False,0.11619905361191374,0.18226885842047147,1.0,977685534.274859,0.11966604823747681,1.0,3.0,,,,,,0.029198870442456195,-0.03436875569717965,0.3075426447388226,-1.1478961799662533,0.7043859649122808,-1.1478961799662533,0.6522692740580078,-180.0,0.8333333333333334,0.7982456140350878,0.7456140350877193,0.8201754385964912,0.8052631578947369,大成鋼
14250.0,14310.0,13850.0,14180.0,981440.0,-0.012490227133123755,14302.758203125,0.6421540243196293,12816.438720703125,1.5231316725978647,9315.979573567709,3.6339869281045756,6720.1147867838545,0.14927609341063683,68.01863681977703,561686.35,1.7473096862688582,0.10639158888141331,2059.TW,2026-08-31,0.04166666666666674,0.020163211169990092,bull,0.012987012987012988,0.0027829313543599257,2026-03-31,2026-05-15,5449725000.0,4236615000.0,3654349000.0,4351760000.0,865950000.0,3485810000.0,36.58,34276607000.0,6265438000.0,39510069000.0,7981426000.0,31528643000.0,27231577000.0,,257007000.0,,0.1989884552456937,2927175737.561354,33244631000.0,0.088049578217949,0.1105601024439903,0.088225864652375,0.2531484149190943,0.7773997770529706,0.6705565877177289,0.6396304400680768,0.3782121233655666,,,100.0,100.0,True,89.38071599243344,89.38071599243344,92.03553699432507,1.0,True,True,True,True,True,True,True,True,True,True,True,False,True,True,True,True,True,14,False,0.5221158320519517,1.110083004517596,1.0,7964712443.0,0.030612244897959183,3.0,0.0,,,,,,-0.10943068877415514,-0.23875939147178246,0.14385223159866697,-1.8734176041162922,0.08114035087719298,-1.8734176041162922,0.0998542299051637,-1.0,1.0,0.9824561403508771,0.02631578947368421,0.8539473684210526,0.8,川湖
21.299999237060547,21.850000381469727,21.149999618530277,21.200000762939453,502158.0,0.021686783756118322,21.39000015258789,0.1397849638788169,20.17750005722046,0.09616954784670151,19.069739564259848,0.12169318470007617,19.02438804308574,0.042630151017216504,65.33335367838548,615424.3,0.8159541311579669,0.05067529192513098,2069.TW,2026-08-31,0.04166666666666674,0.020163211169990092,bull,0.1614100185528757,0.150278293135436,2026-03-31,2026-05-15,2302863000.0,277674000.0,137979000.0,128564000.0,22373000.0,106191000.0,0.64,4252225000.0,3913450000.0,9681868000.0,5325210000.0,4356658000.0,267712000.0,2834868000.0,1356137000.0,,0.174022276842662,113967580.26352634,5768418000.0,0.019757163968271,0.0243744172712202,0.0109680280706161,1.2223153619127325,0.1205777330218949,0.0599162868134144,0.0461125998376803,-0.1384973197554728,,,30.045180578249248,30.045180578249248,False,75.80884568836044,75.80884568836044,64.36792941083264,682.0,True,True,True,True,True,True,True,True,True,True,True,True,True,True,False,False,False,14,False,0.11170898225962667,0.11435914337567477,1.0,13046995.62953148,0.5871985157699443,0.0,3.0,,,,,,0.06240384793361717,0.022404412230810387,0.2648800503632705,-1.2425791824925674,0.8179824561403509,-1.2425791824925674,0.806603734070581,-682.0,0.35964912280701755,0.5263157894736842,0.9210526315789473,0.443859649122807,0.5219298245614035,運錩
14.800000190734863,14.850000381469728,14.75,14.800000190734863,83113.0,-0.0033670161246094343,14.800000190734863,0.02422148000620128,14.672500038146973,0.017182130358953218,14.600000015894572,0.03412971057222314,14.496927913029989,0.007035010663954206,58.82354921120039,78493.85,1.0588472854879714,0.008689736054278585,2109.TW,2026-08-31,0.04166666666666674,0.020163211169990092,bull,0.47959183673469385,0.2727272727272727,2026-03-31,2026-05-15,1087805000.0,247547000.0,119153000.0,187878000.0,44674000.0,113502000.0,0.41,3848121000.0,2285586000.0,8526981000.0,3577294000.0,4949687000.0,2144050000.0,1401000000.0,923772000.0,,0.2377819648921108,90820565.53721032,6241395000.0,0.0145513247498692,0.0229311469593935,0.0133109244643561,0.7227313565484039,0.2275656022908517,0.1095352567785586,0.1043403918900905,-0.1083894446516317,,,39.992057305842906,39.992057305842906,False,62.590323142478546,62.590323142478546,56.940756683319634,511.0,True,False,False,True,True,True,True,True,False,False,True,True,True,True,False,False,False,10,False,0.013698642097435432,0.020905965699979046,1.0,1161708.9949715137,0.8942486085343229,0.0,3.0,,,,,,0.06321974726116596,0.04932620884830387,0.14504249412743056,-1.2056211548864093,0.6925438596491229,-1.2056211548864093,0.6328850403014964,-511.0,0.4824561403508772,0.21929824561403508,0.7192982456140351,0.5179824561403509,0.45087719298245615,華豐
28.399999618530277,29.799999237060547,28.200000762939453,29.75,7240670.0,0.04239660286115643,28.85999984741211,0.08378867661693468,28.210587787628175,0.03658533829784494,27.999362500508628,0.0625,27.714681323369344,0.013289948599341368,68.60210315373715,2711009.1,2.6708394302328236,0.05456859757622423,2201.TW,2026-08-31,0.04166666666666674,0.020163211169990092,bull,0.28385899814471244,0.23840445269016697,2026-03-31,2026-05-15,16975232000.0,5600166000.0,1529772000.0,1410701000.0,356383000.0,363664000.0,0.35,258394518000.0,257093889000.0,369722615000.0,273701167000.0,96021448000.0,11770568000.0,38309974000.0,7312596000.0,1700000000.0,0.2526283032336406,1143308295.3056672,112628726000.0,0.0101511251694853,0.0037873205161413,0.0009836130797679,2.850416992253648,0.3299021774783402,0.0901178846922386,0.0214232123602198,-0.0348376488341026,,,22.837441404461494,22.837441404461494,False,66.62472058782632,66.62472058782632,55.67790079198511,816.0,True,False,True,True,True,True,True,True,True,True,True,True,True,True,False,False,False,13,False,0.062524191379699,0.07343828539404673,1.0,80652520.72500001,0.35528756957328383,0.0,3.0,,,,,,0.05026161925259096,-0.008538945610965618,0.28405585190726396,-1.3438333260011497,0.7517543859649123,-1.3438333260011497,0.596338363522275,-816.0,0.2631578947368421,0.15789473684210525,0.6491228070175439,0.32105263157894737,0.3087719298245614,裕隆
19.350000381469727,19.399999618530277,19.149999618530277,19.299999237060547,1703750.0,0.005208253653516293,19.24000015258789,0.02387261785061745,19.22249984741211,0.051771053724344984,19.10166660944621,-0.05853662258241232,19.603750038146977,0.007600575648869087,52.054791657195125,3394719.35,0.5018824310174566,0.0040317019255364794,2208.TW,2026-08-31,0.04166666666666674,0.020163211169990092,bull,0.48330241187384043,0.21057513914656772,2026-03-31,2026-05-15,4731963000.0,2242000.0,-179865000.0,89975000.0,4011000.0,91374000.0,0.07,29452802000.0,26569866000.0,49164218000.0,41875243000.0,7288975000.0,1600977000.0,12149843000.0,7399184000.0,,0.0445790497360377,-171846789.21922755,22594352000.0,-0.0076057409931131,0.0125359189735182,0.0018585467992188,5.7450111984195305,0.0004737991400186,-0.0380106522388277,0.0193099565655944,0.2102250493991537,,,14.203045294868932,14.203045294868932,False,55.63340394468766,55.63340394468766,45.27581428223298,979.0,True,False,False,True,True,True,True,True,False,True,True,True,False,True,False,False,False,10,False,0.010383001214996579,-0.015494525307421347,0.0,65518080.86503468,0.37940630797773656,0.0,3.0,,,,,,-0.008928576616368228,-0.07286065748896067,0.17195421426202281,-1.4418260513186723,0.33728070175438596,-1.4418260513186723,0.3579347008353365,-979.0,0.08771929824561403,0.008771929824561403,0.30701754385964913,0.12061403508771928,0.10789473684210527,台船
311.0,314.5,304.0,305.0,26191840.0,0.06271777003484313,305.3,0.3289760348583879,273.56896514892577,0.326086956521739,233.0563217163086,1.0030907465101833,208.1661262512207,0.10479811182634112,64.90445748314215,40507120.35,0.6465984195788432,0.11489254577529939,2301.TW,2026-08-31,0.04166666666666674,0.020163211169990092,bull,0.04916512059369202,0.038033395176252316,2026-03-31,2026-05-15,43407292000.0,9402933000.0,4099305000.0,4969901000.0,1195242000.0,3775414000.0,1.66,165353065000.0,116511425000.0,210691221000.0,122427807000.0,88263414000.0,71133162000.0,13521025000.0,3000000000.0,,0.2404961386554782,3113437976.3289046,94179796000.0,0.0330584489302663,0.0427743934763275,0.0179191804104642,1.3870730969006029,0.2166210460675593,0.0944381649055647,0.0869764923368175,0.1919657430575541,,,57.60700281241379,57.60700281241379,False,87.81030422501104,87.81030422501104,80.25947887186173,288.0,True,True,True,True,True,True,True,True,True,True,True,True,False,True,False,False,False,13,False,0.3086965320394355,0.46517594141093577,1.0,12354671706.75,0.016697588126159554,2.0,3.0,,,,,,0.020150406415547013,-0.05341331325424329,0.290058585707732,-1.1698557982447377,0.6302631578947369,-1.1698557982447377,0.5765969285121716,-288.0,0.6929824561403509,0.9385964912280702,0.631578947368421,0.6837719298245614,0.7543859649122806,光寶科
179.5,186.0,176.0,182.5,340675609.0,0.031073446327683607,182.1,0.27622377622377625,176.325,0.1265432098765431,174.78333333333333,0.7389146249929577,143.8604472478231,0.07466097821118392,54.12844036697247,165063723.85,2.063903570414936,0.035020558627534504,2344.TW,2026-08-31,0.04166666666666674,0.020163211169990092,bull,0.06307977736549165,0.11873840445269017,2026-03-31,2026-05-15,38253064000.0,20415002000.0,12550494000.0,12688424000.0,2570746000.0,10114310000.0,2.25,110641935000.0,75046248000.0,229813688000.0,106920169000.0,122893519000.0,25520648000.0,5251103000.0,22148521000.0,4892959000.0,0.202605619106045,10007693393.043297,154767440000.0,0.0646627830313875,0.082301410866101,0.0440109120045103,0.870022844736019,0.5336827920503309,0.3280912085891995,0.2644052251605257,0.913359516665577,,,96.98400611250784,96.98400611250784,True,76.55659710763526,76.55659710763526,81.6634493588534,11.0,True,True,True,True,True,True,True,True,True,True,True,True,True,True,True,True,True,15,True,0.04414989987603701,0.2685905229087324,1.0,30124129602.625,0.0027829313543599257,2.0,0.0,,,,,,-0.06547682886784859,-0.1524632290274443,0.19416729607593008,-1.6442650551380151,0.2364035087719298,-1.6442650551380151,0.1639156042685818,-11.0,0.9736842105263158,0.956140350877193,0.12280701754385964,0.8460526315789473,0.7982456140350876,華邦電
63.0,65.0999984741211,62.59999847412109,64.69999694824219,14081841.0,0.069421437161028,63.0,0.1471630354221687,61.33500003814697,0.06765674220061224,57.743788146972655,0.2253787477865905,56.69022747675578,0.03545201314505975,59.61537544543052,16185163.6,0.8700462564369754,0.05486258919054987,2354.TW,2026-08-31,0.04166666666666674,0.020163211169990092,bull,0.14935064935064934,0.18831168831168832,2026-03-31,2026-05-15,25274831000.0,1224398000.0,373042000.0,939869000.0,285306000.0,663384000.0,0.47,119608118000.0,42954189000.0,150753789000.0,44332160000.0,106421629000.0,18348663000.0,13096824000.0,,,0.3035593258209388,259801621.9771053,107799600000.0,0.0024100425416894,0.0062335448746043,0.0044004466116602,0.4165709585219749,0.0484433704027536,0.0147594260867659,0.0262468223823138,-0.1575198993297046,,,17.738249987351253,17.738249987351253,False,78.84509901693471,78.84509901693471,63.568386759538846,898.0,True,True,True,True,True,True,True,True,True,True,True,True,True,True,False,False,False,14,False,0.12046679001322547,0.14129012755806247,1.0,1047180035.5268005,0.11688311688311688,1.0,3.0,,,,,,0.001424068982553096,-0.06676473311668969,0.16473809252759725,-1.8277822710534848,0.2855263157894737,-1.8277822710534848,0.23345030909973588,-898.0,0.21052631578947367,0.4824561403508772,0.16666666666666666,0.2039473684210526,0.2833333333333333,鴻準
962.0,1005.0,951.0,999.0,5169509.0,0.08234019501625145,965.6,0.2503128911138923,903.95,0.1100000000000001,790.8539998372396,0.8813559322033899,712.3769999186198,0.05768443222371739,71.73913043478261,3864572.65,1.3376664040718707,0.10514962110736215,2357.TW,2026-08-31,0.04166666666666674,0.020163211169990092,bull,0.07421150278293136,0.13079777365491652,2026-03-31,2026-05-15,208369726000.0,30970538000.0,11895859000.0,13859608000.0,2702804000.0,9797017000.0,13.19,485857648000.0,327627459000.0,671441698000.0,354711686000.0,316730012000.0,57955263000.0,41417377000.0,275376000.0,,0.1950130191272365,9576011621.29809,343814239000.0,0.0278522833991703,0.0309317608967223,0.0145910166574134,1.1199181402487366,0.1486326185407567,0.0570901504184921,0.0470174683629425,0.4108280576281871,,,51.58078089609261,51.58078089609261,False,81.08006570135157,81.08006570135157,73.70524450003683,344.0,True,True,True,True,True,True,True,True,True,True,True,True,True,True,False,False,False,14,False,0.2631914363531038,0.4023473527558066,1.0,3860708077.35,0.04916512059369202,3.0,3.0,,,,,,0.06915829225219475,0.01679530185379967,0.34756705710058033,-0.9826923627017803,0.8973684210526316,-0.9826923627017803,0.851697069658442,-344.0,0.631578947368421,0.8245614035087719,0.9649122807017544,0.6815789473684211,0.756140350877193,華碩
145.5,155.0,145.0,155.0,17679339.0,0.07638888888888884,147.0,0.08391608391608396,149.05962524414062,0.09540636042402828,143.6698750813802,0.6702585657626658,123.56327075958252,0.01273910231377678,54.85870850103875,15891573.05,1.1124977335078858,0.03985233926443743,2377.TW,2026-08-31,0.04166666666666674,0.020163211169990092,bull,0.2829313543599258,0.15120593692022263,2026-03-31,2026-05-15,56256838000.0,8440506000.0,3876357000.0,4133431000.0,716617000.0,3416814000.0,4.04,106512512000.0,56814984000.0,119099762000.0,64185562000.0,54914200000.0,25875075000.0,0.0,6305082000.0,,0.1733709840565864,3204309172.355363,62284778000.0,0.0514461040923251,0.0622209555998266,0.0286886719387398,1.1688335985956273,0.1500352010541367,0.0689046369794192,0.0607359766647389,0.0507372103469625,,,60.05362798212559,60.05362798212559,False,70.16676310973078,70.16676310973078,67.63847932782949,263.0,True,False,True,True,True,True,True,True,True,True,True,True,True,True,True,False,False,13,False,0.07886221737300159,0.2544180730015153,1.0,2463193822.75,0.06307977736549165,2.0,3.0,,,,,,0.031907793525888066,-0.016589791317214345,0.2532012708582581,-0.6330614606982198,0.7114035087719298,-0.6330614606982198,0.6102948620156858,-263.0,0.7280701754385965,0.6842105263157895,0.6754385964912281,0.7201754385964912,0.7043859649122807,微星
5300.0,5500.0,5300.0,5485.0,1997692.0,0.01474134090303858,5577.55458984375,0.10140562248995977,5629.813647460937,0.12282497441146356,5286.021215820312,1.3094736842105261,4630.760607910156,0.04976550062902933,49.128035696038694,2054476.5,0.972360598916561,-0.025722636046088043,2383.TW,2026-08-31,0.04166666666666674,0.020163211169990092,bull,0.22820037105751392,0.12152133580705009,2026-03-31,2026-05-15,33067261000.0,9729153000.0,7128470000.0,7194158000.0,1855381000.0,5339793000.0,14.9,90741002000.0,68350963000.0,130976723000.0,83055788000.0,47920935000.0,22134504000.0,12291308000.0,10978888000.0,0.0,0.2579010636130038,5290030005.06661,62625760000.0,0.0844705118958494,0.1114292323386428,0.0407690227522336,1.733183795349569,0.2942231290338803,0.2155748551414645,0.1614827729457241,0.5252381635035763,,,86.0587773245522,86.0587773245522,True,65.11595547309834,65.11595547309834,70.3516609359618,55.0,True,False,True,True,False,True,True,False,True,True,True,True,True,True,True,True,False,11,False,0.03764244902842484,0.18447064411635794,1.0,11268803602.5,0.02040816326530612,3.0,2.0,,,,,,0.027334222301606887,-0.06719222265020247,0.3380456420170774,-0.6922263714745394,0.6776315789473684,-0.6922263714745394,0.6812246405367584,-55.0,0.9385964912280702,0.7807017543859649,0.7982456140350878,0.9175438596491228,0.8631578947368421,台光電
44.34999847412109,45.84999847412109,43.70000076293945,45.0,14213575.0,0.016949152542372836,45.28000030517578,0.30624089995405757,41.162499809265135,0.10565108492518838,38.42415002187093,0.23626368443987156,37.77290830612183,0.07459862423123206,65.08380185910002,5927727.55,2.3978117887688684,0.09322806458589028,2392.TW,2026-08-31,0.04166666666666674,0.020163211169990092,bull,0.05658627087198516,0.1345083487940631,2026-03-31,2026-05-15,20284345000.0,3918165000.0,2024943000.0,2036754000.0,252111000.0,-210762000.0,-0.46,65961303000.0,65464823000.0,123191294000.0,95674753000.0,27516541000.0,21416412000.0,16445470000.0,26655579000.0,0.0,0.1237807805950055,1774293974.7996078,57726471000.0,0.0307362280088039,-0.0076594656283287,-0.0017108514177958,3.476990549066469,0.1931620173094078,0.0998278721841893,-0.0103903774068129,-0.0513983335778374,,,22.851074819845003,22.851074819845003,False,83.17115091492414,83.17115091492414,68.09113189115436,812.0,True,True,True,True,True,True,True,True,True,True,True,True,True,True,False,False,False,14,False,0.1711384630339543,0.19133003038336027,1.0,266747739.75,0.22727272727272727,1.0,3.0,,,,,,0.04866249421230211,0.00416890004849803,0.3204401959471026,-1.1079210098347825,0.8201754385964912,-1.1079210098347825,0.8088156319094164,-812.0,0.2719298245614035,0.7280701754385965,0.9385964912280702,0.3719298245614035,0.5421052631578948,正崴
664.0,677.0,656.0,677.0,3302504.0,0.028875379939209633,675.8,0.17534722222222232,663.3,0.36491935483870974,564.6361302693684,0.9594790159189581,481.9638984680176,0.04629702657938309,54.166666666666664,4023138.0,0.8208776333300026,0.020654304236393806,2395.TW,2026-08-31,0.04166666666666674,0.020163211169990092,bull,0.11410018552875696,0.030612244897959183,2026-03-31,2026-05-15,20385264000.0,7979823000.0,3728486000.0,4068287000.0,750007000.0,3334165000.0,3.85,49300373000.0,29811036000.0,83769137000.0,34044129000.0,49725008000.0,10001958000.0,,43915000.0,,0.184354496130681,3041122842.1397014,53958101000.0,0.0563608204473263,0.0670520756879516,0.0398018305954375,0.6846480346468723,0.3914505595806853,0.182901040673302,0.1635576071028562,0.1748587968840969,,,87.43653384699755,87.43653384699755,False,74.9402877387952,74.9402877387952,78.06434926584579,49.0,True,False,True,True,True,True,True,True,True,True,True,True,True,True,True,False,False,13,False,0.1990022666049136,0.4046695243189977,1.0,2723664426.0,0.06029684601113173,3.0,2.0,,,,,,-0.016056801560343673,-0.0921931859449232,0.3188992844835139,-1.476328507692323,0.45175438596491224,-1.476328507692323,0.4122086556755774,-49.0,0.956140350877193,0.9122807017543859,0.39473684210526316,0.8719298245614034,0.8307017543859649,研華
546.0,558.0,531.0,543.0,158354207.0,0.08383233532934131,530.2,0.3694829760403531,500.675,0.5083333333333333,442.41414845784504,1.3506493506493507,352.9570742289225,0.08919345189536085,62.67605633802817,91774213.5,1.7254760456214642,0.08453587656663508,2408.TW,2026-08-31,0.04166666666666674,0.020163211169990092,bull,0.03525046382189239,0.01855287569573284,2026-03-31,2026-05-15,49086932000.0,33325482000.0,30111283000.0,31718134000.0,5659880000.0,26059487000.0,8.41,141606845000.0,25207062000.0,240968098000.0,47930660000.0,193037438000.0,86281008000.0,0.0,13800000000.0,3996400000.0,0.1784430319892084,24738134364.394894,215761036000.0,0.1146552446308929,0.1349970620724877,0.1081449669740099,0.2482972240856201,0.6789074126694249,0.6134276837672398,0.5308844113541258,5.829068133568171,,,100.0,100.0,True,92.61540203995933,92.61540203995933,94.4615515299695,2.0,True,True,True,True,True,True,True,True,True,True,True,True,True,True,True,True,True,15,True,0.2273567694269596,0.5384307034679763,1.0,49833397930.5,0.0009276437847866419,3.0,0.0,,,,,,-0.10487858520134655,-0.21502183278867476,0.15306287736596275,-1.7061172391474753,0.15833333333333333,-1.7061172391474753,0.10547702562372377,-2.0,0.9912280701754386,0.9912280701754386,0.043859649122807015,0.8491228070175438,0.8017543859649123,南亞科
185.0,187.0,175.0,180.0,15613867.0,-0.040000000000000036,193.2,0.22033898305084754,184.7,0.09090909090909083,165.88333333333333,1.6745912605913111,135.84666665395102,0.09080171268271077,46.19289340101523,17252897.85,0.9049996780685744,-0.02544667027612335,2464.TW,2026-08-31,0.04166666666666674,0.020163211169990092,bull,0.08719851576994433,0.15769944341372913,2026-03-31,2026-05-15,1864911000.0,348125000.0,41838000.0,53528000.0,4046000.0,49169000.0,0.24,7398797000.0,5883475000.0,11317462000.0,6229196000.0,5088266000.0,1831434000.0,460111000.0,103169000.0,0.0,0.0755866088775967,38675607.45777911,5433987000.0,0.0071173536958736,0.00966321336188,0.0043445253008139,1.2242276641983734,0.1866711065568276,0.0224343145597832,0.0263653332518281,0.0786759589539871,,,25.84400824761181,25.84400824761181,False,68.44155844155844,68.44155844155844,57.792170893071784,756.0,True,False,True,True,False,True,True,False,True,True,True,True,True,True,False,False,False,11,False,0.08509996985833412,0.325023310719305,1.0,3105521613.0000005,0.055658627087198514,2.0,3.0,,,,,,-0.11759503284909505,-0.23528690738889146,0.14401179183774085,-1.8807716766552618,0.0793859649122807,-1.8807716766552618,0.10452991806804882,-756.0,0.2807017543859649,0.2543859649122807,0.03508771929824561,0.243859649122807,0.2236842105263158,盟立
93.5999984741211,96.8000030517578,93.0999984741211,94.0,2381033.0,0.02508182255508662,93.48000030517578,0.24503311258278138,90.25,0.12845133921056195,82.03833351135253,0.8799999999999999,76.04750019709269,0.06095339143987488,56.71077534715557,4696666.25,0.5069623586730269,0.04155124653739617,2465.TW,2026-08-31,0.04166666666666674,0.020163211169990092,bull,0.07699443413729128,0.1150278293135436,2026-03-31,2026-05-15,1569188000.0,167121000.0,92107000.0,130068000.0,22277000.0,107791000.0,1.15,1574817000.0,638916000.0,1902288000.0,697716000.0,1204572000.0,319532000.0,112731000.0,0.0,,0.1712719500568933,76331654.49610972,1263372000.0,0.0604189854580517,0.0894848958800304,0.0566638700344006,0.5792231597613094,0.1065015791606869,0.0586972370423429,0.0686922153368493,0.9128577645528606,,,73.28778007996519,73.28778007996519,True,78.51126995133187,78.51126995133187,77.2053974834902,133.0,True,True,True,True,True,True,True,True,True,True,True,True,False,True,True,True,False,13,False,0.1458058199950174,0.2360695585835133,1.0,441486627.5,0.17810760667903525,1.0,3.0,,,,,,-0.03195946717893224,-0.13986996518987643,0.1516229509770445,-1.6879490826615,0.2131578947368421,-1.6879490826615,0.13409915941849143,-133.0,0.868421052631579,0.868421052631579,0.07017543859649122,0.7486842105263158,0.7087719298245614,麗臺
124.5,126.0,122.5,125.5,1338211.0,0.08658008658008653,124.7,0.07970069983644512,121.53379364013672,0.04583333333333339,122.77352981567383,0.6733333333333333,114.66593163808187,0.03020417385229233,57.499989708116296,1823004.75,0.734068849793178,0.03263459685630532,2476.TW,2026-08-31,0.04166666666666674,0.020163211169990092,bull,0.2940630797773655,0.22170686456400743,2026-03-31,2026-05-15,2167648000.0,648571000.0,386545000.0,381039000.0,105379000.0,249094000.0,1.14,8508714000.0,2022591000.0,12826616000.0,2840613000.0,9986003000.0,3388343000.0,0.0,,0.0,0.2765569928537499,279643277.1973472,10804025000.0,0.0258832497330714,0.0249443145570855,0.0194200871063731,0.2844594579032271,0.2992049447142709,0.1783246172810345,0.1149144141484226,0.3165738497392238,,,72.21370863120339,72.21370863120339,False,59.46608540628906,59.46608540628906,62.65299121251764,147.0,True,False,True,True,True,False,True,True,True,True,True,True,False,True,True,False,False,11,False,0.022207312833796955,0.0944837599725219,1.0,228787096.125,0.23933209647495363,2.0,3.0,,,,,,0.00589077131918093,-0.07423781820345707,0.2113580955748058,-1.4084222176036256,0.4179824561403509,-1.4084222176036256,0.41823975051678247,-147.0,0.8596491228070176,0.4473684210526316,0.40350877192982454,0.7912280701754385,0.6447368421052632,鉅祥
35.29999923706055,36.45000076293945,34.95000076293945,36.45000076293945,2101263.0,0.0,35.720000457763675,0.1017387714910658,35.12053871154785,0.13551409643602685,34.78168067932129,0.13728554229701917,32.9320903301239,0.01820674243895401,64.28571428571428,1537366.0,1.3667942441812815,0.03785426135717174,2520.TW,2026-08-31,0.04166666666666674,0.020163211169990092,bull,0.22727272727272727,0.11317254174397032,2026-03-31,2026-05-15,4862541000.0,1141758000.0,658447000.0,599530000.0,162065000.0,308665000.0,0.52,53619294000.0,30715620000.0,65803063000.0,37306228000.0,28496835000.0,17736193000.0,16539209000.0,220000000.0,3700000000.0,0.2703200840658515,480455551.60709226,35087443000.0,0.0136930910470475,0.0108315537497409,0.0046907390921908,1.3091358391203796,0.2348068633251627,0.1354121230031787,0.063478127999332,0.0287244960456058,,,37.26396887406752,37.26396887406752,False,77.91285146870025,77.91285146870025,67.75063082004208,571.0,True,True,True,True,True,True,True,True,True,True,True,True,True,True,False,False,False,14,False,0.04796548214560614,0.10682317452523282,1.0,56036991.872917175,0.3979591836734694,1.0,3.0,,,,,,0.05374712858814837,0.0106054686202419,0.23326761071226615,-1.5377142306445923,0.6978070175438595,-1.5377142306445923,0.6588813904525213,-571.0,0.4298245614035088,0.6929824561403509,0.7631578947368421,0.4798245614035087,0.5754385964912281,冠德
20.700000762939453,20.850000381469727,20.399999618530277,20.799999237060547,1994541.0,0.0,20.929999923706056,0.15235457707685973,20.377499961853026,0.009708682130449064,19.9793981552124,-0.08167772241180182,20.677615753809615,0.03610016230283379,46.153823581770126,1542003.7,1.2934735500310408,0.02073361678314045,2536.TW,2026-08-31,0.04166666666666674,0.020163211169990092,bull,0.14192949907235622,0.29313543599257885,2026-03-31,2026-05-15,885984000.0,198992000.0,124933000.0,51693000.0,481000.0,50662000.0,0.15,37093849000.0,23042551000.0,40456098000.0,26821064000.0,13635034000.0,3624765000.0,10389980000.0,2660000000.0,1000000000.0,0.0093049349041456,123770506.56762037,17413547000.0,0.0071077136994329,0.0037155756267274,0.0012522710420565,1.9670698290888016,0.2245999927763932,0.1410104471412576,0.0571816195326326,0.0254337628427481,,,28.43301834599211,28.43301834599211,False,67.58714344353523,67.58714344353523,57.79861216914944,710.0,True,False,True,True,True,True,True,False,True,False,True,True,True,True,False,False,False,11,False,0.041072362414183106,0.005918645781411325,1.0,32073675.78354454,0.47588126159554733,0.0,3.0,,,,,,-0.0024171285750204663,-0.06058608526325009,0.14741618696704048,-1.7502290708644044,0.28859649122807013,-1.7502290708644044,0.343329126670317,-710.0,0.34210526315789475,0.2631578947368421,0.2631578947368421,0.33026315789473687,0.3026315789473684,宏普
11.449999809265137,11.600000381469728,11.399999618530272,11.5,621218.0,0.0,11.529999732971191,0.04072396393643962,11.262499856948851,0.1330049686903545,11.139166673024496,0.13861381838151443,10.648500013351441,0.012132095759031812,64.10255657851297,1010610.2,0.6146959529994849,0.02108769332455207,2537.TW,2026-08-31,0.04166666666666674,0.020163211169990092,bull,0.40538033395176254,0.11410018552875696,2026-03-31,2026-05-15,1212617000.0,259289000.0,167409000.0,150138000.0,30818000.0,,0.4,17831477000.0,12815624000.0,18460150000.0,13906467000.0,4553683000.0,679610000.0,8130480000.0,,1090843000.0,0.205264490002531,133045876.99316628,5644526000.0,0.0235707793698117,,,3.053894397128654,0.2138259648347334,0.1380559566623262,,2.980962167272918,,,51.40705905064119,51.40705905064119,False,68.29610803303757,68.29610803303757,64.07384578743847,351.0,True,False,False,True,True,True,True,True,False,True,True,True,False,True,False,False,False,10,False,0.03239320656268907,0.07996431286856542,1.0,11622017.299999999,0.5964749536178108,0.0,3.0,,,,,,0.0964682166803804,0.09334135280127799,0.37986882374093345,-0.0007022441829459083,0.9842105263157894,-0.0007022441829459083,0.9648434007198062,-351.0,0.6228070175438597,0.5087719298245614,1.0,0.6793859649122808,0.6640350877192982,聯上發
46.900001525878906,47.150001525878906,46.5,46.650001525878906,5536087.0,-0.03416144383529507,47.380000305175784,0.06385411970790145,46.39499988555908,0.08488375641578849,44.65166651407878,0.2958333757188585,41.727916685740155,0.020343087682935582,63.46155445016268,7912744.5,0.6996418246538859,0.005496317296019626,2542.TW,2026-08-31,0.04166666666666674,0.020163211169990092,bull,0.3302411873840445,0.16883116883116883,2026-03-31,2026-05-15,16191907000.0,4874634000.0,3912933000.0,3918335000.0,698387000.0,2421313000.0,1.15,244126134000.0,168451704000.0,269504119000.0,203260373000.0,66243746000.0,18030010000.0,104829064000.0,11468836000.0,23019028000.0,0.1782356536641201,3215508829.0010934,101052415000.0,0.0318202076516537,0.0365515712230404,0.0089843265067128,3.068370756086167,0.3010537301134449,0.2416597995529495,0.1495384700517363,13.610654325020349,,,58.947380152838136,58.947380152838136,False,68.59495109885366,68.59495109885366,66.18305836234978,278.0,True,False,True,True,True,True,True,True,True,True,True,True,False,True,False,False,False,12,False,0.04475387298635436,0.11795663984875615,1.0,369129542.9988899,0.19573283858998144,1.0,3.0,,,,,,0.05886046545990807,0.104772674112329,0.23361836959587357,0.2537970401351433,0.8587719298245615,0.2537970401351433,0.8270023163392105,-278.0,0.7105263157894737,0.6140350877192983,0.956140350877193,0.7473684210526315,0.730701754385965,興富發
35.29999923706055,35.650001525878906,34.95000076293945,35.349998474121094,8856544.0,-0.034153006888342774,35.26999969482422,0.13301274390067208,34.14249973297119,0.10124611073175394,31.867488702138267,0.06636491242767328,33.710827589035034,0.03430777922310668,61.607139207877886,17126724.25,0.5171183859049987,0.03536644213498619,2605.TW,2026-08-31,0.04166666666666674,0.020163211169990092,bull,0.17625231910946196,0.14007421150278293,2026-03-31,2026-05-15,1366845000.0,582927000.0,482738000.0,537338000.0,149979000.0,387359000.0,0.66,9807913000.0,5258125000.0,22934806000.0,5269539000.0,17665267000.0,4877423000.0,4114000000.0,,,0.2791148215834353,347998669.2584556,17676681000.0,0.0196868783941089,0.0219277183865944,0.0168895695040978,0.2982994256469489,0.4264763012631278,0.3531768415584795,0.2833964348554518,0.4444113329930603,,,75.1720503143159,75.1720503143159,False,78.48317953053109,78.48317953053109,77.65539722647729,118.0,True,True,True,True,True,True,True,True,True,True,True,True,False,True,True,False,False,13,False,0.10928096043379631,0.04862446288975786,1.0,605429676.1041927,0.15213358070500926,1.0,3.0,,,,,,-0.009012834003239283,-0.08483043110500803,0.12669497661102763,-1.8177601268154437,0.193859649122807,-1.8177601268154437,0.15540935979738477,-118.0,0.8859649122807017,0.8947368421052632,0.10526315789473684,0.768859649122807,0.7324561403508771,新興
72.9000015258789,77.69999694824219,71.9000015258789,76.0999984741211,11419830.0,0.052558717316276704,74.51999969482422,0.20793648371620788,69.33500061035156,0.12159174923410876,64.81090253194174,0.24958943460425176,63.860242970784505,0.04751473109107623,66.0065940120086,9853731.5,1.1589345619981628,0.0975697382882772,2606.TW,2026-08-31,0.04166666666666674,0.020163211169990092,bull,0.09647495361781076,0.12244897959183673,2026-03-31,2026-05-15,3891765000.0,1243986000.0,987897000.0,987799000.0,68000.0,987731000.0,1.17,29154469000.0,15158773000.0,89632874000.0,49048791000.0,40584083000.0,18437340000.0,5972000000.0,33795287000.0,,6.883991581283237e-05,987828993.2536882,74474101000.0,0.0132640606598754,0.0243378912860985,0.0110197403689186,1.2085721143434485,0.3196457134487822,0.2538429221702749,0.2538002680017935,0.1329549990000165,,,55.37983321173965,55.37983321173965,False,82.93691087344577,82.93691087344577,76.04764145801924,303.0,True,True,True,True,True,True,True,True,True,True,True,True,True,True,False,False,False,14,False,0.17418513708577943,0.19166471867224444,1.0,749868952.114399,0.13079777365491652,1.0,3.0,,,,,,0.018274339068039925,-0.03389531077226755,0.20366912539195528,-1.803452813439703,0.44385964912280707,-1.803452813439703,0.3740212618105123,-303.0,0.6754385964912281,0.8508771929824561,0.34210526315789475,0.625438596491228,0.6614035087719298,裕民
52.29999923706055,52.70000076293945,51.70000076293945,52.70000076293945,1076738.0,0.007648212843480495,52.24000015258789,0.11770941797349366,50.250000381469725,0.06680160192569629,48.29356708526611,-0.03479849385128064,49.03845024108887,0.025667187369494512,74.39023028663243,624851.1,1.7231913331031985,0.04875622612678021,2607.TW,2026-08-31,0.04166666666666674,0.020163211169990092,bull,0.19666048237476808,0.1901669758812616,2026-03-31,2026-05-15,3991930000.0,868803000.0,467559000.0,709936000.0,149297000.0,553268000.0,1.04,14530568000.0,4295956000.0,44350782000.0,12631508000.0,31719274000.0,4170571000.0,346407000.0,4274711000.0,,0.2102964210858443,369233015.6535237,40054826000.0,0.0092181904785586,0.0174426438637908,0.012474819496982,0.3982281561677609,0.2176398383739193,0.1171260518095257,0.1385966186781832,-0.1369527758740344,,,38.62339041274056,38.62339041274056,False,72.38243553309711,72.38243553309711,63.942674253007965,547.0,True,False,True,True,True,True,True,False,True,True,True,True,True,True,False,False,False,12,False,0.09124266322869534,0.0746669298040461,1.0,32929653.446723554,0.4712430426716141,1.0,3.0,,,,,,0.024797205698358242,-0.021427547097232526,0.1612152406369968,-1.716480900127843,0.46842105263157896,-1.716480900127843,0.34619765059682106,-547.0,0.4473684210526316,0.5,0.2719298245614035,0.4210526315789474,0.4280701754385965,榮運
57.20000076293945,59.5,56.29999923706055,59.5,218684879.0,-0.07751937984496127,58.95999984741211,0.1712598601102433,55.714999961853025,0.09174311926605494,52.344081687927236,-0.008333333333333304,52.30079072316487,0.0395559302326851,64.47876362575906,81260065.05,2.691172827211514,0.06793502720521394,2609.TW,2026-08-31,0.04166666666666674,0.020163211169990092,bull,0.11873840445269017,0.15584415584415584,2026-03-31,2026-05-15,38660500000.0,2823780000.0,748244000.0,1901061000.0,403937000.0,1435563000.0,0.41,211388001000.0,47890391000.0,460181224000.0,130409310000.0,329771914000.0,136009607000.0,1836000000.0,0.0,1398091000.0,0.2124797678769908,589257288.564649,412290833000.0,0.0014292272381536,0.0043531997088144,0.0031195601322491,0.3954530524391473,0.0730404417945965,0.019354224596164,0.0371325513120627,-0.1505117671934875,,,16.553971895296993,16.553971895296993,False,79.3377033199065,79.3377033199065,63.64177046375412,925.0,True,True,True,True,True,True,True,True,True,True,True,True,True,True,False,False,False,14,False,0.13670921489722532,0.13765010389501597,1.0,4834973870.474999,0.039888682745825604,1.0,3.0,,,,,,-0.03358893546038972,-0.10132326660571794,0.13421326627149333,-2.050018508661224,0.12280701754385966,-2.050018508661224,0.1628513235885912,-925.0,0.15789473684210525,0.49122807017543857,0.11403508771929824,0.1513157894736842,0.24912280701754386,陽明
14.899999618530272,15.25,14.649999618530272,14.850000381469728,905554.0,-0.10271896881928533,15.250000190734863,0.10408926335004032,14.894999980926514,0.049470019915955676,14.266666650772095,0.0663219215080002,14.036285964647929,0.03222453636029081,56.896550873655805,1695148.3,0.534203408633923,-0.0030211211490035472,2611.TW,2026-08-31,0.04166666666666674,0.020163211169990092,bull,0.21799628942486085,0.21614100185528756,2026-03-31,2026-05-15,353426000.0,93706000.0,35228000.0,64426000.0,5952000.0,53112000.0,0.28,2531460000.0,477345000.0,3873907000.0,1025452000.0,2848455000.0,534450000.0,60000000.0,9174000.0,,0.0923850619315183,31973459.038276475,3396562000.0,0.0094134772273482,0.0186458975128622,0.0137101897386798,0.3600028787535699,0.2651361246767357,0.0996757454177112,0.1502775687131111,1.1037011464149238,,,54.537917356638296,54.537917356638296,False,68.49719835271178,68.49719835271178,65.0073781036934,309.0,True,False,True,True,False,True,True,True,True,True,True,True,False,True,False,False,False,11,False,0.04088787836548091,0.05797220282282911,1.0,25172952.90164776,0.5074211502782932,0.0,3.0,,,,,,0.003842382384728596,-0.055849670888491236,0.1747253119640778,-1.7220015598093024,0.3526315789473684,-1.7220015598093024,0.3543558798125157,-309.0,0.6666666666666666,0.5789473684210527,0.2894736842105263,0.6100877192982456,0.5649122807017544,志信
60.59999847412109,63.0,59.59999847412109,60.5,1478189.0,0.0033167622797669605,61.6,0.16346153846153855,57.39500007629395,0.05400694062217837,54.64000021616618,0.0413609008762692,54.580550066630046,0.04811906932476667,67.02128479846829,1428696.75,1.0346415360712482,0.05409878769193566,2612.TW,2026-08-31,0.04166666666666674,0.020163211169990092,bull,0.12523191094619665,0.20500927643784786,2026-03-31,2026-05-15,1239781000.0,413974000.0,286693000.0,251153000.0,6735000.0,245435000.0,1.24,3774080000.0,3383047000.0,26827564000.0,13202888000.0,13624676000.0,3013054000.0,905000000.0,5029390000.0,4000000000.0,0.0268163231177807,279004947.8763941,23444517000.0,0.0119006481505417,0.018014006351417,0.0091486129713454,0.9690423464014852,0.3339089726330699,0.2312448730864564,0.1979664150362039,0.0092344987980661,,,50.30355978018509,50.30355978018509,False,74.22440609284706,74.22440609284706,68.24419451468157,362.0,True,False,True,True,True,True,True,True,True,True,True,True,True,True,False,False,False,13,False,0.10724743339404386,0.1084534678771778,1.0,86436153.375,0.3450834879406308,1.0,3.0,,,,,,0.045893172038531695,-0.004233547738699588,0.19831438714897517,-1.3764845947230564,0.6346491228070176,-1.3764845947230564,0.5537795558347967,-362.0,0.6052631578947368,0.7368421052631579,0.5877192982456141,0.6026315789473684,0.6412280701754386,中航
22.899999618530277,23.5,22.649999618530277,22.700000762939453,893772.0,-0.05020915793908354,23.190000152587892,0.1350000381469727,21.864999866485597,0.013392908460632125,21.599999936421714,-0.08154153099383243,22.22240254084269,0.03551977757505381,62.35955802648945,1717041.1,0.520530347235136,0.03818892758072856,2613.TW,2026-08-31,0.04166666666666674,0.020163211169990092,bull,0.17161410018552875,0.28385899814471244,2026-03-31,2026-05-15,828689000.0,111527000.0,60198000.0,31378000.0,6342000.0,24024000.0,0.18,1631118000.0,1485031000.0,10383751000.0,7198437000.0,3185314000.0,744688000.0,370000000.0,1975783000.0,,0.202116132322009,48031013.0664797,8898720000.0,0.0053975193136181,0.0075421135875458,0.002313614800663,2.259883013103261,0.1345824549378596,0.0726424509073971,0.0289903691252086,0.0738597782535002,,,20.090954556187583,20.090954556187583,False,74.42689264311097,74.42689264311097,60.84290812138012,860.0,True,False,True,True,True,True,True,True,True,False,True,True,False,True,False,False,False,11,False,0.050925964340533536,0.02149174560306788,1.0,38976834.2799984,0.4461966604823748,0.0,3.0,,,,,,-0.005449255342920738,-0.0540378591679997,0.13985618294803018,-1.7537632256588227,0.27763157894736845,-1.7537632256588227,0.3025344172508771,-860.0,0.22807017543859648,0.3508771929824561,0.21052631578947367,0.22543859649122805,0.2614035087719298,中櫃
116.0,116.0,110.0,114.0,40379743.0,-0.08433734939759041,116.1,0.3240418353115855,101.72999992370606,0.3240418353115855,87.9013163248698,0.4393939948570944,83.0064915339152,0.08344427556682475,73.63796204262351,39420896.6,1.0243233026820602,0.12061338922142939,2615.TW,2026-08-31,0.04166666666666674,0.020163211169990092,bull,0.05194805194805195,0.03896103896103896,2026-03-31,2026-05-15,33640864000.0,7656632000.0,5825197000.0,9789626000.0,2113020000.0,7671518000.0,2.73,141008376000.0,35567443000.0,420232464000.0,133190864000.0,287041600000.0,99479800000.0,1000000000.0,42718782000.0,0.0,0.2158427707044171,4567870339.620942,384665021000.0,0.0118749303686256,0.0267261539790748,0.0182554149362434,0.4640124079575922,0.2275991484642011,0.1731583647792161,0.2280416460171772,-0.0929984351119866,,,48.73816272918027,48.73816272918027,False,82.67022665654963,82.67022665654963,74.18721067470729,389.0,True,True,True,True,True,True,True,False,True,True,True,True,True,True,False,False,False,13,False,0.2969089061041301,0.37338656162116335,1.0,4493982212.400001,0.04359925788497217,2.0,3.0,,,,,,0.07829376454850748,0.002568397658586025,0.3268161976577552,-1.0962425628183161,0.8785087719298246,-1.0962425628183161,0.807057427893924,-389.0,0.5877192982456141,0.8333333333333334,0.9298245614035088,0.6390350877192983,0.7298245614035088,萬海
30.450000762939453,31.299999237060547,30.399999618530277,30.950000762939453,1050245.0,-0.02519682636411169,31.08000030517578,0.08406310297772213,30.005000019073485,0.04560812040782469,29.5259583791097,-0.029780528744551615,29.794229125976567,0.022752450586228764,63.565897891447264,1896945.75,0.5536505195259274,0.03149477564623404,2617.TW,2026-08-31,0.04166666666666674,0.020163211169990092,bull,0.2810760667903525,0.22356215213358072,2026-03-31,2026-05-15,1083585000.0,454984000.0,420156000.0,372514000.0,74470000.0,298044000.0,0.71,3272834000.0,1957091000.0,26562212000.0,8269177000.0,18293035000.0,921024000.0,1017237000.0,5281631000.0,,0.1999119496180009,336161794.8962992,24605121000.0,0.013662269529026,0.0162927584187096,0.0112206016577233,0.452039642410349,0.4198876876294891,0.3877462312601226,0.2750536413848475,0.0574449605745959,,,59.57860740402141,59.57860740402141,False,70.75223117297244,70.75223117297244,67.95882523073469,271.0,True,False,True,True,True,True,True,True,True,True,True,True,False,True,False,False,False,12,False,0.04823018326942097,0.038791795286128306,1.0,58710472.40975475,0.39053803339517623,1.0,3.0,,,,,,0.020295570283741543,-0.01893516328022756,0.1458777165596734,-2.1899766781103898,0.35219298245614034,-2.1899766781103898,0.43741540637405124,-271.0,0.7192982456140351,0.7105263157894737,0.4473684210526316,0.6785087719298246,0.6622807017543859,台航
92.9000015258789,94.5,91.0,94.0999984741211,4937434.0,-0.030895984007657362,93.4999984741211,0.13373492137495302,90.28999938964844,0.2202874699525652,82.56839714050292,0.3797654352614521,77.36971874237061,0.03781608493848785,58.7179411437321,7423471.1,0.6651112307825917,0.04219735419457171,2637.TW,2026-08-31,0.04166666666666674,0.020163211169990092,bull,0.17532467532467533,0.06679035250463822,2026-03-31,2026-05-15,4338022000.0,1244039000.0,1197473000.0,1201283000.0,6082000.0,1195201000.0,1.6,8930959000.0,8128467000.0,84286573000.0,33874386000.0,50412187000.0,5975075000.0,2132536000.0,18694305000.0,992902000.0,0.0050629202277897,1191410289.726068,76158106000.0,0.0156439065032167,0.0237085726909645,0.0141802063775923,0.6719483524886551,0.2867756318432686,0.276041246448266,0.2755175054437253,0.2360516073148353,,,62.80204855376821,62.80204855376821,False,79.05132615911599,79.05132615911599,74.98900675777904,238.0,True,True,True,True,True,True,True,True,True,True,True,True,False,True,True,False,False,13,False,0.13966119887243744,0.21623808388731214,1.0,698548619.182682,0.13821892393320964,1.0,3.0,,,,,,0.016484716880966265,-0.05333031612013781,0.21374314182760817,-1.7411810108025347,0.4460526315789474,-1.7411810108025347,0.3792230649099559,-238.0,0.7543859649122807,0.8421052631578947,0.3508771929824561,0.6938596491228071,0.7,慧洋-KY
44.59999847412109,46.20000076293945,44.25,46.20000076293945,4597628.0,0.07817975281473055,45.35,0.32758625792549956,40.23500003814697,0.2520324892273573,37.72720184326172,0.7174721716766945,34.82235085169474,0.07336267833003697,74.99999537051352,4115877.95,1.1170467287544326,0.14825402557815437,2851.TW,2026-08-31,0.04166666666666674,0.020163211169990092,bull,0.05009276437847866,0.05844155844155844,2026-03-31,2026-05-15,,,2142185000.0,2164691000.0,325242000.0,,,,,59204658000.0,35668047000.0,23536611000.0,16387176000.0,,,,0.1502486960032633,1820324497.152249,59204658000.0,0.0307463054199595,,,1.5154283256837613,,,,,,,65.92494981784269,65.92494981784269,False,83.01156751389361,83.01156751389361,78.73991308988087,201.0,True,True,True,True,True,True,True,False,True,True,True,True,True,True,True,False,False,13,False,0.22458063428287423,0.3267341128030412,1.0,190153564.43016568,0.2699443413729128,1.0,3.0,,,,,,0.004559952588906939,-0.0725965406421973,0.19174490658234986,-1.8995643666443633,0.2899122807017544,-1.8995643666443633,0.32171615454295655,-201.0,0.8070175438596491,0.9210526315789473,0.23684210526315788,0.7214912280701753,0.7271929824561404,中再保
27.950000762939453,28.149999618530277,27.850000381469727,28.149999618530277,521334.0,-0.035958942362146584,28.829999923706055,0.042592578464084374,27.762500190734862,0.010771965276530349,26.956791496276857,0.05430707169130389,26.660895792643235,0.01899430789627555,63.551399870015025,701923.25,0.7427222278219164,0.013957656015603837,2852.TW,2026-08-31,0.04166666666666674,0.020163211169990092,bull,0.39517625231910947,0.2912801484230056,2026-03-31,2026-05-15,,,394962000.0,395700000.0,93803000.0,,,,,19910531000.0,10498172000.0,9412359000.0,2155671000.0,,,,0.2370558503917109,301333947.2175891,19910531000.0,0.0151344003440987,,,1.1153603469650912,,,,,,,53.81873474558473,53.81873474558473,False,64.19095797669075,64.19095797669075,61.597902168914246,315.0,True,False,True,True,True,True,True,True,True,False,True,True,False,True,False,False,False,11,False,0.044263729324694356,0.05585348059827555,1.0,19759139.219737533,0.5371057513914657,0.0,3.0,,,,,,0.024926497670297167,-0.004461122297980385,0.12850267504168109,-1.8533471547378806,0.40877192982456134,-1.8533471547378806,0.3658066816296387,-315.0,0.6578947368421053,0.38596491228070173,0.3333333333333333,0.6092105263157895,0.5114035087719299,第一保
143.0,145.0,142.0,144.0,33240177.0,0.09090909090909083,141.9,0.11196911196911197,131.975,0.22033898305084754,128.26166318257648,0.6308040206475773,110.86249809265136,0.030249804839968777,70.51282051282051,19963422.05,1.6650540632135762,0.09111574161773062,2881.TW,2026-08-31,0.04166666666666674,0.020163211169990092,bull,0.20500927643784786,0.06586270871985157,2026-03-31,2026-05-15,66193246000.0,,,38624861000.0,5062760000.0,33551455000.0,,,,13120104726000.0,12085399702000.0,1034705024000.0,358727505000.0,,,,0.131075164257549,,13120104726000.0,,0.0324261062058977,0.0025572551211051,11.68004351160858,,,0.5068712750542556,-0.3925800152621125,,,12.264204123597382,12.264204123597382,False,79.25401526356603,79.25401526356603,62.50656247857387,1006.0,True,True,True,True,True,True,True,True,True,True,True,True,True,True,False,False,False,14,False,0.12270491764184044,0.2989063251998394,1.0,2874732775.2000003,0.05844155844155844,2.0,3.0,,,,,,-0.045865000304326345,-0.1643464678484408,0.4002489315770655,-1.2468852252960807,0.4565789473684211,-1.2468852252960807,0.4322248259363586,-1006.0,0.043859649122807015,0.43859649122807015,0.42105263157894735,0.10043859649122805,0.237719298245614,富邦金
106.5,111.0,105.5,110.5,59901531.0,0.11729017487513138,104.8,0.09950248756218905,100.72999954223633,0.10499999999999998,99.97327575683593,0.5541491191482892,88.40997123718262,0.018864109281359783,71.54150888945244,20299686.75,2.950859869795774,0.09699196368671759,2882.TW,2026-08-31,0.04166666666666674,0.020163211169990092,bull,0.23191094619666047,0.13636363636363635,2026-03-31,2026-05-15,72538053000.0,,,38391738000.0,6735806000.0,31593811000.0,,,,14450034484000.0,13633007653000.0,817026831000.0,293505959000.0,,,,0.1754493636104726,,14450034484000.0,,0.0386692453677815,0.0021864176888285,16.686119887046893,,,0.4355480977687669,-0.3173702053156907,,,13.906153918122188,13.906153918122188,False,72.71624434556908,72.71624434556908,58.01372173870736,983.0,True,False,True,True,True,True,True,True,True,True,False,True,True,True,False,False,False,12,False,0.10529538182552023,0.24985901990121873,1.0,2243115385.875,0.06771799628942486,2.0,3.0,,,,,,-0.05992945344692807,-0.18308160582241742,0.39962180951923576,-1.1904455966106882,0.4552631578947368,-1.1904455966106882,0.5035854943016548,-983.0,0.07017543859649122,0.2719298245614035,0.543859649122807,0.1412280701754386,0.22543859649122808,國泰金
32.70000076293945,33.849998474121094,32.54999923706055,33.849998474121094,101561259.0,0.0919354346490675,32.54000015258789,0.11348680588429594,31.42249994277954,0.22644920312564687,30.09031759897868,0.7010049810554264,25.733492088317874,0.022368635148200422,71.21213259667229,42979743.05,2.3630029356352797,0.07725351374849332,2883.TW,2026-08-31,0.04166666666666674,0.020163211169990092,bull,0.20408163265306123,0.0640074211502783,2026-03-31,2026-05-15,23565513000.0,,,13099615000.0,1407592000.0,11689699000.0,,,,4235032868000.0,3864021319000.0,371011549000.0,75116245000.0,,,,0.1074529289601259,,4235032868000.0,,0.0315076418281523,0.0027602380818169,10.414827596108069,,,0.4960511150340754,-0.1317078255463794,,,12.146336472811727,12.146336472811727,False,73.71515830402565,73.71515830402565,58.32295284622217,1011.0,True,False,True,True,True,True,True,True,True,True,True,True,True,True,False,False,False,13,False,0.12494653347460938,0.31540633342521884,1.0,1454864236.6606166,0.09369202226345083,1.0,3.0,,,,,,-0.0364630677017658,-0.1595056186426415,0.32850971699735115,-1.021454412593361,0.4780701754385964,-1.021454412593361,0.4594051938297806,-1011.0,0.03508771929824561,0.2982456140350877,0.5,0.10482456140350876,0.2070175438596491,凱基金
38.5,39.75,38.5,39.75,74589219.0,0.04193966999020282,38.95,0.0338101225296612,38.025,0.19190410250978496,35.95368658701579,0.19011970610842654,34.05225992202759,0.009557940951909705,75.6756478108461,38221472.45,1.9515004058929184,0.04536489151873768,2884.TW,2026-08-31,0.04166666666666674,0.020163211169990092,bull,0.437847866419295,0.07699443413729128,2026-03-31,2026-05-15,25169421000.0,,,12706707000.0,2639201000.0,10056957000.0,,,,4679436007000.0,4394289185000.0,285146822000.0,45485669000.0,,,,0.2077014131198586,,4679436007000.0,,0.0352693988642805,0.0021491814365995,15.410619533399537,,,0.3995704549580223,0.174006725249566,,,29.938092003685178,29.938092003685178,False,65.79094073144269,65.79094073144269,56.82772854950331,685.0,True,False,False,True,True,True,True,False,False,True,True,True,True,True,False,False,False,10,False,0.10558898887312429,0.16732340499629172,1.0,1519303529.8875,0.09090909090909091,1.0,3.0,,,,,,-0.08108076458264891,-0.18534714636277805,0.1615804775638431,-1.6212549671646523,0.19342105263157894,-1.6212549671646523,0.15147112010974614,-685.0,0.3508771929824561,0.20175438596491227,0.09649122807017543,0.312719298245614,0.2552631578947368,玉山金
37.5,38.79999923706055,37.34999847412109,38.54999923706055,177819835.0,0.056164362659193,37.6,0.09206799065842208,36.50500049591064,0.3479020532474377,34.29453535079956,0.5864197714980568,29.28560099601746,0.023911365236182053,67.64705882352942,55590106.0,3.1987676907829607,0.056019688080239494,2887.TW,2026-08-31,0.04166666666666674,0.020163211169990092,bull,0.2569573283858998,0.03339517625231911,2026-03-31,2026-05-15,47867456000.0,,,25588754000.0,4532177000.0,21040510000.0,,,,9064708955000.0,8465511408000.0,599197547000.0,97795796000.0,,,,0.1771159705548773,,9064708955000.0,,0.035114479532407,0.0023211456765409,14.12808088147931,,,0.439557723727787,0.933005034802805,,,37.907562917661295,37.907562917661295,False,73.7390871671023,73.7390871671023,64.78120610474204,561.0,True,False,True,True,True,True,True,True,True,True,True,True,False,True,False,False,False,12,False,0.12408577176310298,0.3163465295557004,1.0,2142998543.888115,0.07050092764378478,1.0,3.0,,,,,,-0.14950390755716542,-0.2446024898668494,0.16318582363061507,-1.7822459341981394,0.12894736842105264,-1.7822459341981394,0.11761772808944741,-561.0,0.43859649122807015,0.5526315789473685,0.06140350877192982,0.3820175438596491,0.39736842105263154,台新新光金
15.899999618530272,16.049999237060547,15.800000190734863,15.949999809265137,29033463.0,0.019169341728267675,15.880000114440918,0.025723447821473622,15.58250002861023,0.05980063834712346,15.41416670481364,0.0,15.302500017484029,0.00516045921782124,68.29267271497434,9763533.45,2.973663494746362,0.023584134765291864,2889.TW,2026-08-31,0.04166666666666674,0.020163211169990092,bull,0.46985157699443414,0.19944341372912802,2026-03-31,2026-05-15,2670617000.0,,,1318966000.0,191865000.0,897373000.0,,,,469578158000.0,414812209000.0,54765949000.0,15724281000.0,,,,0.1454662212672654,,469578158000.0,,0.0163856012063262,0.0019110194644104,7.57427227272187,,,0.3360171076571444,0.5571184687557942,,,31.713016597318976,31.713016597318976,False,59.78074222740827,59.78074222740827,52.76381081988595,654.0,True,False,False,True,True,True,True,True,False,True,True,True,True,True,False,False,False,11,False,0.0347623789668865,0.042313333837039835,1.0,155728356.66525376,0.2884972170686456,0.0,3.0,,,,,,-0.026722509632727702,-0.11778248850270331,0.14649789460330964,-1.372055541836419,0.262719298245614,-1.372055541836419,0.25084335839599,-654.0,0.37719298245614036,0.07894736842105263,0.17543859649122806,0.34692982456140353,0.24736842105263157,國票金
39.650001525878906,41.09999847412109,39.59999847412109,41.09999847412109,62877125.0,0.05519891319815673,39.73999938964844,0.026217209914174422,39.514999580383304,0.25688065795710235,38.72191546758016,0.31309902479029206,35.0405411084493,0.0024735216408768657,66.94216595658548,23019056.0,2.731524915704623,0.04011132255014971,2890.TW,2026-08-31,0.04166666666666674,0.020163211169990092,bull,0.46660482374768086,0.05473098330241188,2026-03-31,2026-05-15,26199317000.0,,,13172491000.0,2157069000.0,10973530000.0,,,,3820349236000.0,3552231164000.0,268118072000.0,41779009000.0,,,,0.163755587306911,,3820349236000.0,,0.0409279759403909,0.0028723892299148,13.24875692825361,,,0.4188479417230609,0.4040584778805451,,,40.18365017296791,40.18365017296791,False,66.37378429909344,66.37378429909344,59.82625076756206,507.0,True,False,False,True,True,True,True,True,False,True,True,True,True,True,False,False,False,11,False,0.061414394867215893,0.17292704889795996,1.0,946083166.4757079,0.12152133580705009,1.0,3.0,,,,,,-0.09696171982473632,-0.19447998995393423,0.160013880336156,-1.6021489015432964,0.187719298245614,-1.6021489015432964,0.1506937799043062,-507.0,0.49122807017543857,0.3157894736842105,0.08771929824561403,0.43070175438596486,0.3578947368421052,永豐金
17.200000762939453,17.5,17.0,17.5,1592720.0,0.029255752056230877,17.22982749938965,0.026393007805027624,16.89414014816284,0.23239438275074464,15.874713373184203,0.12179484436341181,14.984440008799234,0.008203102946184737,64.25334870913002,1460991.4,1.090163843538025,0.03586213009503436,2905.TW,2026-08-31,0.04166666666666674,0.020163211169990092,bull,0.46567717996289426,0.059369202226345084,2026-03-31,2026-05-15,29552820000.0,,,,-68929000.0,32878000.0,0.03,133124099000.0,1468399841000.0,1617410517000.0,62246052000.0,86764624000.0,72610211000.0,2757000000.0,7269508000.0,,,,149010676000.0,,0.0003789332389661,2.032755423217024e-05,0.717412801788895,,,0.0011125165043471,-0.4161502905041906,,,21.27042291580655,21.27042291580655,False,69.67049885049092,69.67049885049092,57.570479866819824,840.0,True,False,False,True,True,True,True,True,False,True,True,True,True,True,False,False,False,11,False,0.10238210848967233,0.1678781449105584,1.0,25567349.5,0.5046382189239332,0.0,3.0,,,,,,0.02403590217411181,-0.01305874783792934,0.20309178412370585,-1.739535167136386,0.518859649122807,-1.739535167136386,0.44620523261874145,-840.0,0.24561403508771928,0.23684210526315788,0.47368421052631576,0.27982456140350875,0.2885964912280702,三商
13.949999809265137,14.0,13.800000190734863,13.800000190734863,100126.0,-0.010752660973561312,14.060000228881837,0.07812499883584678,13.59249997138977,0.08661420456614755,13.481400632858277,0.11290327542530432,13.105700294176737,0.018737125552963557,62.0689881967912,195789.1,0.5113972126129596,0.015265787734548564,2906.TW,2026-08-31,0.04166666666666674,0.020163211169990092,bull,0.29684601113172543,0.16419294990723562,2026-03-31,2026-05-15,2284987000.0,678347000.0,87656000.0,107952000.0,33901000.0,14332000.0,0.07,5399113000.0,4299259000.0,13106768000.0,6450412000.0,6656356000.0,988485000.0,2269710000.0,1295253000.0,,0.3140377204683563,60128709.57462576,8807509000.0,0.0068269824730949,0.0021531300309057,0.0010934808642374,0.9690605490451532,0.2968712732282503,0.0383617062153964,0.0062722457501946,-0.0082534614755276,,,26.85861461958869,26.85861461958869,False,72.07418023314506,72.07418023314506,60.77028882975596,739.0,True,False,True,True,True,True,True,True,True,True,True,True,False,True,False,False,False,12,False,0.023632526512123775,0.05297693987910179,1.0,2701889.617343807,0.7968460111317254,0.0,3.0,,,,,,0.05825823708395326,0.02888875062322387,0.24753921696633016,-1.3572180184349873,0.7763157894736841,-1.3572180184349873,0.7305323646696106,-739.0,0.2982456140350877,0.34210526315789475,0.8333333333333334,0.3785087719298245,0.41842105263157897,高林
57.29999923706055,57.29999923706055,55.79999923706055,56.0,4258130.0,-0.061976561401257735,58.039999389648436,0.06666666666666665,56.87999954223633,0.1428571428571428,53.07194423675537,0.08317213101750953,49.51055555343628,0.029409099938796684,57.792211974284,4030836.5,1.0563886677120244,-0.015471159446527105,2915.TW,2026-08-31,0.04166666666666674,0.020163211169990092,bull,0.3228200371057514,0.10482374768089053,2026-03-31,2026-05-15,418613000.0,187104000.0,-8207000.0,2736586000.0,18591000.0,2708283000.0,2.59,4840429000.0,1001903000.0,130249863000.0,12898049000.0,117351814000.0,3969846000.0,450000000.0,9445000000.0,,0.0067935010995452,-8151245.736476032,129247960000.0,-6.306672644176382e-05,0.0230783224194557,0.0207929815634431,0.1099092426470714,0.4469617522628298,-0.019605220095888,,-0.3549697834454577,,,42.46996725529738,42.46996725529738,False,69.60050184160984,69.60050184160984,62.81786819503172,473.0,True,False,True,True,False,True,True,True,True,True,True,True,True,True,False,False,False,12,False,0.055171443318196456,0.13107193757015567,1.0,225726844.0,0.24211502782931354,1.0,3.0,,,,,,0.06667305369965444,0.0315055824584768,0.20759131247626372,-1.371981063030192,0.7526315789473683,-1.371981063030192,0.7382609901667813,-473.0,0.5263157894736842,0.45614035087719296,0.8596491228070176,0.5763157894736841,0.5719298245614035,潤泰全
72.0999984741211,72.30000305175781,68.0999984741211,69.0,1303414.0,0.07981218078775232,68.08000030517579,0.22906284577707248,65.77142868041992,0.0969793056620416,64.20429954528808,0.3967610904597514,59.70006637573242,0.05422664556678897,46.808512710563036,1341156.95,0.9718579171513073,0.04908774804433014,3003.TW,2026-08-31,0.04166666666666674,0.020163211169990092,bull,0.08256029684601113,0.14749536178107606,2026-03-31,2026-05-15,1263159000.0,291390000.0,111988000.0,120680000.0,40410000.0,73811000.0,0.47,6542183000.0,1409389000.0,8333214000.0,1821129000.0,6512085000.0,2249606000.0,451528000.0,158298000.0,,0.3348525024859131,74488537.95160756,6923825000.0,0.0107582929885731,0.0113344650753176,0.0088574468386387,0.2796537514482689,0.2306835481518953,0.0886570890917137,0.0584336572038832,0.2552234771772852,,,47.83935568476647,47.83935568476647,False,72.92645272045361,72.92645272045361,66.65467846153183,398.0,True,False,True,True,True,True,True,False,True,True,True,True,True,True,False,False,False,12,False,0.07469438166409947,0.15577760945418184,1.0,92539829.55,0.3395176252319109,1.0,3.0,,,,,,0.02266663133342182,-0.04081737340221715,0.21851910454403722,-1.6186526185826944,0.5171052631578948,-1.6186526185826944,0.4856641829079093,-398.0,0.5701754385964912,0.6491228070175439,0.5350877192982456,0.5649122807017544,0.5868421052631578,健和興
114.5,119.0,114.5,117.0,2786881.0,0.008620689655172376,116.0,0.02183406113537112,116.05,0.07339449541284404,110.26999994913737,-0.04180064268499839,107.77773927052816,0.01066840844763766,58.064516129032256,3241191.6,0.8598322296034582,0.008186126669539107,3005.TW,2026-08-31,0.04166666666666674,0.020163211169990092,bull,0.49257884972170685,0.18274582560296845,2026-03-31,2026-05-15,9308269000.0,2890739000.0,1257624000.0,1391228000.0,215931000.0,1087413000.0,1.74,34157049000.0,19619666000.0,51413542000.0,24716257000.0,26697285000.0,14015961000.0,1317501000.0,1977017000.0,,0.1552089233396682,1062429532.993873,31793876000.0,0.0334161689815319,0.0407312204218518,0.0211503226134468,0.9257966493596632,0.3105560228222884,0.1351082569702272,0.1168222577151562,-0.0255358141879895,,,60.64311592085046,60.64311592085046,False,63.07451734521646,63.07451734521646,62.46666698912496,256.0,True,False,False,True,True,True,True,True,False,True,True,True,True,True,True,False,False,11,False,0.061032012822770154,0.08556739816487946,1.0,379219417.2,0.19387755102040816,2.0,3.0,,,,,,0.03110875763683073,-0.004847508076923046,0.2599285306734805,-1.2015677006044874,0.7153508771929825,-1.2015677006044874,0.6810294384661084,-256.0,0.7368421052631579,0.42105263157894735,0.7894736842105263,0.7447368421052631,0.6526315789473685,神基
265.5,293.5,263.5,292.5,23155060.0,0.037234042553191404,275.9,0.4772727272727273,263.7,0.3146067415730338,231.58662007649738,1.0172413793103448,212.22247670491535,0.09886446504844253,60.24590163934426,12916078.15,1.7927314879246066,0.10921501706484649,3006.TW,2026-08-31,0.04166666666666674,0.020163211169990092,bull,0.02411873840445269,0.041743970315398886,2026-03-31,2026-05-15,7266900000.0,3453448000.0,2254754000.0,2352467000.0,288641000.0,2063883000.0,7.22,17585827000.0,5859607000.0,20073767000.0,7169155000.0,12904612000.0,7031281000.0,1000000000.0,693679000.0,0.0,0.1226971515434647,1978102106.7687664,14214160000.0,0.1391641930841334,0.1599337508171497,0.1028149325435529,0.5555498297817866,0.4752298779396992,0.3102772846743453,0.2840114766957024,1.503294079957009,,,98.64788449850906,98.64788449850906,True,94.89010721195166,94.89010721195166,95.829551533591,7.0,True,True,True,True,True,True,True,True,True,True,True,False,True,True,True,True,True,14,False,0.2630263350420754,0.3782705985789927,1.0,3777952858.875,0.05009276437847866,2.0,0.0,,,,,,0.008165188555045078,-0.10442862411935623,0.2719810662463339,-1.337319122147895,0.506578947368421,-1.337319122147895,0.39408580931227066,-7.0,0.9824561403508771,1.0,0.37719298245614036,0.8916666666666666,0.8666666666666667,晶豪科
111.0,115.0,110.5,113.0,1353675.0,-0.004405286343612369,111.4,0.08653846153846145,110.075,0.051162790697674376,105.0183334350586,0.058253947748985624,102.47818864186605,0.01907142382541357,61.36363636363637,1158025.5,1.16895094279012,0.026572791278673513,3029.TW,2026-08-31,0.04166666666666674,0.020163211169990092,bull,0.27365491651205937,0.212430426716141,2026-03-31,2026-05-15,6876938000.0,811379000.0,385472000.0,424218000.0,78018000.0,295873000.0,1.77,12286821000.0,7803745000.0,15126326000.0,8760650000.0,6365676000.0,2911146000.0,3716000.0,,,0.1839101593991768,314579783.0360805,7322581000.0,0.0429602326059732,0.0464794312497211,0.0195601364138258,1.3762324692617092,0.1179855045952137,0.0560528537555522,0.0430239446683974,0.0168646985516829,,,48.26050505492552,48.26050505492552,False,74.69787522916808,74.69787522916808,68.08853268560745,395.0,True,False,True,True,True,True,True,True,True,True,True,True,True,True,False,False,False,13,False,0.07600260167789763,0.10267366644140119,1.0,130856881.5,0.30612244897959184,2.0,3.0,,,,,,0.043778425528309496,-0.01384818933159136,0.2477060982374023,-0.5859778113993914,0.7359649122807018,-0.5859778113993914,0.634345385154688,-395.0,0.5789473684210527,0.7192982456140351,0.7280701754385965,0.6013157894736842,0.6508771929824562,零壹
543.0,544.0,533.0,540.0,5481086.0,-0.0036900369003689537,549.0,0.040462427745664664,536.0,0.09756097560975618,513.827924601237,0.4044213263979193,471.90562896728517,0.020806551445031574,50.847457627118644,3759336.25,1.4579930167193744,0.00746268656716409,3034.TW,2026-08-31,0.04166666666666674,0.020163211169990092,bull,0.4090909090909091,0.14656771799628943,2026-03-31,2026-05-15,23145303000.0,9039901000.0,4027546000.0,4389348000.0,622236000.0,3767112000.0,6.19,79261926000.0,21790635000.0,103666583000.0,31738768000.0,71927815000.0,48919537000.0,,,,0.1417604619182621,3456599218.642951,81875948000.0,0.0422175169030464,0.0523735080788982,0.036338730292673,0.4412586146263444,0.390571728527382,0.1740113750077067,0.1627592432036858,-0.1465659805926223,,,75.54535048945058,75.54535048945058,False,63.50157879729061,63.50157879729061,66.5125217203306,116.0,True,False,False,True,True,True,True,True,False,True,True,True,True,True,True,False,False,11,False,0.050935486659418494,0.14429658570026405,1.0,2030041575.0,0.07328385899814471,3.0,3.0,,,,,,0.08570353808047253,0.04090195428232222,0.35385620406215645,-0.46520986204449605,0.9526315789473684,-0.46520986204449605,0.9345576627693173,-116.0,0.8947368421052632,0.6403508771929824,0.9912280701754386,0.9092105263157895,0.8377192982456141,聯詠
11.100000381469728,11.199999809265137,11.050000190734863,11.149999618530272,540732.0,-0.00888892279730924,11.199999809265137,0.056871982649093766,11.032499933242798,0.018264823082088988,10.853333298365275,-0.017621212001541653,10.847083322207133,0.015182881277884799,63.999945068484934,407348.6,1.3274428830736131,0.010650322773483767,3052.TW,2026-08-31,0.04166666666666674,0.020163211169990092,bull,0.3469387755102041,0.2680890538033395,2026-03-31,2026-05-15,871124000.0,84606000.0,43642000.0,49244000.0,10109000.0,39093000.0,0.19,11542706000.0,8128121000.0,11782392000.0,8138924000.0,3643468000.0,859342000.0,750076000.0,9917000.0,0.0,0.205283892453903,34683000.365526766,3654271000.0,0.0094910860101855,0.0107296125559494,0.0033179171088519,2.233839847090739,0.0971227976728915,0.0500984934406582,0.0448765043782515,0.1339674489624569,,,21.68414340880005,21.68414340880005,False,68.17255568136423,68.17255568136423,56.550452613223186,830.0,True,False,True,True,True,True,True,True,True,False,True,True,True,True,False,False,False,12,False,0.027334120496389946,0.027926059690440486,1.0,4541936.73460884,0.7309833024118738,0.0,3.0,,,,,,0.05697922393201206,0.035025466044277226,0.22430682441952363,-1.2734039886981956,0.7666666666666666,-1.2734039886981956,0.7674103073176559,-830.0,0.2543859649122807,0.17543859649122806,0.8771929824561403,0.3478070175438597,0.35526315789473684,夆典
40.0,40.95000076293945,39.70000076293945,40.5,4244419.0,0.06578947368421062,39.179999542236324,0.1522047863975824,37.249999809265134,0.271585542069972,37.26742382049561,0.8080357450763789,32.529128551483154,0.042906135335131365,62.18488661046988,2239159.65,1.8955410347806152,0.0872483277147964,3094.TW,2026-08-31,0.04166666666666674,0.020163211169990092,bull,0.14285714285714285,0.05009276437847866,2026-03-31,2026-05-15,47206000.0,35395000.0,2347000.0,7478000.0,1717000.0,5761000.0,0.07,792305000.0,52199000.0,1133462000.0,121752000.0,1011710000.0,710423000.0,,,,0.229606846750468,1808112.730676652,1081263000.0,0.0016722228825703,0.005694319518439,0.0050826582629148,0.1203427859762184,0.7497987543956277,0.0497182561538787,0.1220395712409439,-0.0850131803380369,,,35.49964257677029,35.49964257677029,False,77.95327794625179,77.95327794625179,67.33986910388141,596.0,True,True,True,True,True,False,True,True,True,True,True,True,True,True,False,False,False,13,False,0.08673999563464863,0.24503796454004356,1.0,90685965.825,0.3423005565862709,1.0,3.0,,,,,,-0.012717028190474117,-0.09415451812604266,0.2301628194731467,-1.5136743563425454,0.3771929824561403,-1.5136743563425454,0.4390361404093084,-596.0,0.40350877192982454,0.6578947368421053,0.4649122807017544,0.412719298245614,0.49210526315789477,聯傑
844.0,899.0,810.0,819.0,31798669.0,0.03148614609571787,869.6,0.17335243553008595,847.15,0.1502808988764044,772.7993326822917,1.989051094890511,623.5246663411458,0.0777304242732651,47.174447174447174,16991186.65,1.8714801770481406,-0.03322906214956023,3189.TW,2026-08-31,0.04166666666666674,0.020163211169990092,bull,0.11688311688311688,0.09647495361781076,2026-03-31,2026-05-15,11104965000.0,2349499000.0,890638000.0,964461000.0,88658000.0,549232000.0,1.17,33407134000.0,17816161000.0,83654067000.0,32183791000.0,51470276000.0,11635037000.0,1278540000.0,7562530000.0,,0.0919249197220001,808766173.3486372,65837906000.0,0.0122842025587605,0.0106708578753298,0.0065655146210643,0.6252888754666869,0.2115719410191747,0.0802017836166075,0.0494582378242524,0.2883172632505095,,,45.18411999125517,45.18411999125517,False,71.81929784432671,71.81929784432671,65.16050338105883,430.0,True,False,True,True,False,True,True,False,True,True,True,True,True,True,False,False,False,11,False,0.05978352382545604,0.3135005625453553,1.0,13915781866.349998,0.013914656771799629,3.0,3.0,,,,,,-0.12110983069800178,-0.25060441605688877,0.1521234351295207,-1.8511908676425397,0.0969298245614035,-1.8511908676425397,0.07620593937872625,-430.0,0.5526315789473685,0.5877192982456141,0.017543859649122806,0.4723684210526316,0.45614035087719307,景碩
55.400001525878906,56.900001525878906,53.20000076293945,53.400001525878906,1118431.0,-0.10552762406280336,55.880000305175784,0.1253951668550164,53.20250015258789,0.2040587004087191,45.61916688283284,1.731457985156827,39.248750082651775,0.07246887801658616,53.614459630971744,1933316.15,0.5785039348065241,0.0037122573699464034,3229.TW,2026-08-31,0.04166666666666674,0.020163211169990092,bull,0.18181818181818182,0.07328385899814471,2026-03-31,2026-05-15,342922000.0,37599000.0,21175000.0,35503000.0,188000.0,35315000.0,0.55,692865000.0,303681000.0,941103000.0,306548000.0,634555000.0,107034000.0,151140000.0,,,0.0052953271554516,21062871.447483312,637422000.0,0.0330438413601716,0.0556531742717337,0.0375251168044305,0.4830913002025041,0.1096430091974268,0.0617487358641323,0.1029826024577017,0.4578839294444752,,,67.33482851500801,67.33482851500801,False,69.81655688574286,69.81655688574286,69.19612479305914,186.0,True,False,True,True,True,True,True,True,True,True,True,True,False,True,True,False,False,12,False,0.1705606475241026,0.3605529198618247,1.0,103239085.36000633,0.32560296846011133,1.0,3.0,,,,,,-0.04648297240048038,-0.1213718704540143,0.2061404292961016,-1.6919345102193146,0.2719298245614035,-1.6919345102193146,0.1942703452244928,-186.0,0.8245614035087719,0.7543859649122807,0.14912280701754385,0.7232456140350877,0.6684210526315789,晟鈦
5850.0,6100.0,5680.0,6100.0,2035818.0,0.13699906803355089,5946.0,0.4575866188769415,5309.25,0.3895216400911161,4682.833333333333,1.729528020933781,4211.23149617513,0.1193864642631246,67.1150971599402,2341627.0,0.8694031970078924,0.1489381739417055,3443.TW,2026-08-31,0.04166666666666674,0.020163211169990092,bull,0.026901669758812616,0.029684601113172542,2026-03-31,2026-05-15,11447812000.0,3113307000.0,1824178000.0,1924721000.0,278481000.0,1646240000.0,12.28,31638843000.0,19973296000.0,35132291000.0,20548418000.0,14583873000.0,7671980000.0,,,,0.144686424681811,1560244207.1967833,15158995000.0,0.1029253065389086,0.1128808513348957,0.0468583161855285,1.4089822367487703,0.2719565101173918,0.1593473058432476,0.1438038989459295,0.6298963899650951,,,83.63888359987813,83.63888359987813,True,86.65628247947274,86.65628247947274,85.90193275957408,63.0,True,True,True,True,True,True,True,True,True,True,False,False,True,True,True,True,False,12,False,0.3026301740399331,0.44850740348526386,1.0,14283924700.0,0.012987012987012988,3.0,2.0,,,,,,0.05594014270819015,-0.06511810915897268,0.4078653794270571,-0.609240538399167,0.7653508771929824,-0.609240538399167,0.7909938146752735,-63.0,0.9298245614035088,0.9736842105263158,0.8947368421052632,0.9245614035087719,0.9359649122807018,創意
393.0,394.5,367.5,379.0,4397077.0,0.006640106241699861,386.4,0.4301886792452829,345.125,0.306896551724138,368.19434407552086,2.19831223628692,284.62217203776044,0.07273292408112511,73.98989898989899,8221087.15,0.53485347129546,0.0981528431727634,3532.TW,2026-08-31,0.04166666666666674,0.020163211169990092,bull,0.030612244897959183,0.04359925788497217,2026-03-31,2026-05-15,3308768000.0,27622000.0,-105154000.0,-82202000.0,-13987000.0,-68215000.0,-0.18,9109304000.0,3626589000.0,51226148000.0,26972355000.0,24253793000.0,1958029000.0,0.0,20500000000.0,,0.1701540108513174,-87261625.14294055,47599559000.0,-0.0018332444034395,-0.0028125497731426,-0.0013316441439243,1.112088117516299,0.0083481223222661,-0.03178040890144,-0.0206164348784804,0.1086960163893446,,,17.44238091593533,17.44238091593533,False,71.1710548036672,71.1710548036672,57.738886331734236,903.0,True,False,True,True,True,False,True,False,True,True,True,False,False,True,False,False,False,9,False,0.029347696667124223,0.3315898662656491,1.0,3115792029.85,0.05473098330241188,2.0,3.0,,,,,,-0.16568320839806588,-0.3175667109062817,0.09109505410291409,-2.182848572922721,0.010526315789473684,-2.182848572922721,0.01809355672409346,-903.0,0.20175438596491227,0.24561403508771928,0.008771929824561403,0.17280701754385963,0.1763157894736842,台勝科
17.350000381469727,18.200000762939453,17.100000381469727,18.200000762939453,37788496.0,0.07058828017290897,17.379999923706055,0.09309316395924339,17.32249984741211,0.06122455788714265,17.449166568120322,-0.08080800685720757,18.264583293596903,0.01598240710823313,60.97562223725357,12004888.75,3.1477589494529883,0.050656713710892864,3576.TW,2026-08-31,0.04166666666666674,0.020163211169990092,bull,0.25139146567717996,0.19573283858998144,2026-03-31,2026-05-15,520029000.0,-237380000.0,-450612000.0,1756562000.0,10661000.0,1745834000.0,1.07,9492286000.0,6482798000.0,25509734000.0,12399640000.0,13110094000.0,6613378000.0,616197000.0,3678862000.0,,0.0060692420762831,-447877126.6895219,19026936000.0,-0.0235391093284552,0.1331671611202787,0.0684379539198644,0.9458086265437914,-0.4564745427658842,-0.8665132136861599,,-0.4687390816645519,,,39.4401659971228,39.4401659971228,False,66.75924147112454,66.75924147112454,59.9294726026241,523.0,True,False,True,True,True,False,True,True,True,True,True,True,False,True,False,False,False,11,False,0.04302980270650325,-0.0035359432853905304,0.0,218488984.40900326,0.24675324675324675,0.0,3.0,,,,,,-0.021232234854964126,-0.0978190770107372,0.09258586741351067,-0.2516138791424517,0.30964912280701756,-0.2516138791424517,0.28556415879442193,-523.0,0.4649122807017544,0.3333333333333333,0.19298245614035087,0.42412280701754385,0.37105263157894736,聯合再生
244.0,254.0,240.0,254.0,754184.0,-0.013592233009708687,249.0,0.15981735159817356,244.375,0.17050691244239635,224.23826319376627,0.35828877005347604,206.65663159688313,0.04211087420042644,65.625,788260.0,0.9567706086824145,0.039386189258312054,3617.TW,2026-08-31,0.04166666666666674,0.020163211169990092,bull,0.13079777365491652,0.08719851576994433,2026-03-31,2026-05-15,2931932000.0,1579254000.0,476843000.0,521769000.0,118652000.0,388950000.0,4.13,10475363000.0,3752308000.0,14792411000.0,5524979000.0,9267432000.0,4373481000.0,0.0,,1434491000.0,0.2274033144935785,368407321.3069385,11040103000.0,0.033369917047598,0.0419695553201793,0.026293888129528,0.5961715176329322,0.5386393681708853,0.1626378101538507,0.1326599661929403,0.0219561852265348,,,74.61371274804436,74.61371274804436,False,77.03939744540767,77.03939744540767,76.43297627106685,123.0,True,True,True,True,True,True,True,True,True,True,True,True,True,True,True,False,False,14,False,0.13272372155556855,0.22909193882278944,1.0,200218040.0,0.2569573283858998,2.0,3.0,,,,,,0.043188914762213565,-0.0023590127802980074,0.29122273789121633,-1.4092522904368563,0.7276315789473685,-1.4092522904368563,0.7009549311381545,-123.0,0.8771929824561403,0.8596491228070176,0.8245614035087719,0.869298245614035,0.8614035087719298,碩天
53.59999847412109,55.400001525878906,53.59999847412109,55.400001525878906,285553.0,0.0674373775934245,53.42000045776367,0.1364102877103366,52.34250011444092,0.3414044200796431,47.72560329437256,0.03358214744403187,47.63696826299031,0.02281388001030167,61.68223799279987,203526.55,1.4030257968800632,0.05841336208154191,4119.TW,2026-08-31,0.04166666666666674,0.020163211169990092,bull,0.16883116883116883,0.03432282003710575,2026-03-31,2026-05-15,375798000.0,82325000.0,33151000.0,28590000.0,8480000.0,20110000.0,0.17,1104577000.0,1053320000.0,6954821000.0,1544198000.0,5410623000.0,51949000.0,390000000.0,300399000.0,,0.2966072053165442,23318174.53655124,5901501000.0,0.0039512277531684,0.0037167623765322,0.0028915194222827,0.2854011451176694,0.2190671584202151,0.0882149452631466,0.0535127914464685,0.0430373141784996,,,33.11973270077256,33.11973270077256,False,86.5452807007109,86.5452807007109,73.18889370072631,629.0,True,True,True,True,True,True,True,True,True,True,True,True,True,True,False,False,False,14,False,0.1608025399735753,0.16296237031775562,1.0,11275371.18055687,0.6020408163265306,1.0,3.0,,,,,,0.00767603214679481,-0.045031449966107855,0.1828815739725011,-1.7314994012267426,0.38815789473684204,-1.7314994012267426,0.3882149602876753,-629.0,0.39473684210526316,0.8070175438596491,0.3684210526315789,0.3907894736842105,0.513157894736842,旭富
57.79999923706055,58.400001525878906,56.79999923706055,57.59999847412109,54002.0,0.019468999541966125,57.49999923706055,0.04918027091437227,56.53499984741211,0.04727269952947433,56.63000005086263,-0.06796117823284342,59.24500007629395,0.004084890018714425,59.99998612837347,51786.05,1.0427904812203286,0.018837863793816245,4737.TW,2026-08-31,0.04166666666666674,0.020163211169990092,bull,0.3692022263450835,0.21985157699443414,2026-03-31,2026-05-15,405264000.0,122255000.0,-88509000.0,-100891000.0,-21625000.0,-79924000.0,-1.09,1492041000.0,1758421000.0,5654786000.0,3442043000.0,2212743000.0,387476000.0,517663000.0,1666248000.0,,0.2143402285634992,-69537960.71007325,3896365000.0,-0.0178468805438076,-0.0361198747437004,-0.0141338681958963,1.555554802342613,0.3016675549765091,-0.2183983773540211,-0.1972146551383789,-0.1582270724761705,,,15.873895957923814,15.873895957923814,False,59.24292658707792,59.24292658707792,48.40066892978939,938.0,True,False,True,True,True,False,True,True,True,True,True,True,True,True,False,False,False,12,False,0.017128702496684634,-0.02776608321469287,0.0,2982876.4009807585,0.7884972170686456,1.0,3.0,,,,,,-0.033303291830117814,-0.05998553507477628,0.14567624243009877,-1.7751733051460248,0.23464912280701755,-1.7751733051460248,0.44734784163174873,-938.0,0.14035087719298245,0.043859649122807015,0.49122807017543857,0.19298245614035087,0.18157894736842106,華廣
98.0,98.9000015258789,95.3000030517578,98.4000015258789,735999.0,0.09454949783903133,94.9,0.13625869814863845,91.87000045776367,0.06148872454461052,88.3800001780192,0.15034374781759974,90.45439027150472,0.03784455470714112,68.4000260010003,575991.85,1.27779412156613,0.07107870943265482,4912.TW,2026-08-31,0.04166666666666674,0.020163211169990092,bull,0.16975881261595546,0.19480519480519481,2026-03-31,2026-05-15,1740520000.0,347686000.0,96486000.0,119505000.0,29737000.0,88059000.0,1.35,5718665000.0,3540355000.0,8497344000.0,4357124000.0,4140220000.0,1833571000.0,1475118000.0,85900000.0,,0.2488347767875821,72476927.72687335,4956989000.0,0.0146211596852188,0.0212691596098758,0.010363120523307,1.052389486549024,0.1997598418863328,0.0554351573093098,0.0505935007928665,0.1385875004742698,,,39.66467030210741,39.66467030210741,False,75.05303143827457,75.05303143827457,66.20594115423279,517.0,True,True,True,True,True,True,True,True,True,True,True,True,True,True,False,False,False,14,False,0.11337408155325801,0.08784107913971795,1.0,56677598.918893814,0.39517625231910947,1.0,3.0,,,,,,0.04535333665794386,-0.009322531461674744,0.23597740451445792,-1.540276610924732,0.6552631578947369,-1.540276610924732,0.5433626137848035,-517.0,0.47368421052631576,0.631578947368421,0.5614035087719298,0.48684210526315785,0.5385964912280702,聯德控股-KY
61.400001525878906,61.59999847412109,59.59999847412109,61.20000076293945,2874065.0,0.09090913418065405,60.2,0.12293579381540276,57.39500007629393,0.19531249708961695,57.69008967081705,0.49268294543754765,51.400044759114586,0.04649466672354337,68.11594803827748,3263461.2,0.8806799970534351,0.06629498530512445,5471.TW,2026-08-31,0.04166666666666674,0.020163211169990092,bull,0.18831168831168832,0.075139146567718,2026-03-31,2026-05-15,762695000.0,324634000.0,69170000.0,100354000.0,20035000.0,80319000.0,0.48,2907264000.0,471709000.0,4129482000.0,577986000.0,3551496000.0,1448788000.0,,,,0.1996432628495127,55360675.5086992,3657773000.0,0.0151350768647204,0.0226155400428439,0.019450139266862,0.1627443758911737,0.4256406558322789,0.0906915608467342,0.1053094618425451,0.2391711942393677,,,64.00671286733612,64.00671286733612,False,65.09014386379735,65.09014386379735,64.81928611468204,224.0,True,False,True,True,True,False,True,True,True,True,True,True,True,True,True,False,False,12,False,0.06084079799754427,0.19066045661540154,1.0,199723827.9298233,0.2588126159554731,1.0,3.0,,,,,,0.009062478024273745,-0.06504588761389088,0.2167686822838685,-1.5868111833875669,0.44649122807017544,-1.5868111833875669,0.4463017257785653,-224.0,0.7719298245614035,0.5614035087719298,0.4824561403508772,0.7285087719298244,0.650877192982456,松翰
10.699999809265137,10.699999809265137,10.5,10.649999618530272,2106025.0,-0.03619914618100928,10.760000038146973,0.0492610855952329,10.589999961853026,0.0492610855952329,10.391759618123372,-0.3716814667161491,11.164629824956258,0.022842519556990164,56.5217192997877,2236602.95,0.9416177332682136,0.005665689980488553,5521.TW,2026-08-31,0.04166666666666674,0.020163211169990092,bull,0.3682745825602968,0.21706864564007422,2026-03-31,2026-05-15,2612835000.0,137924000.0,51483000.0,62397000.0,-996000.0,63393000.0,0.13,12921452000.0,8050714000.0,13909364000.0,8217996000.0,5691368000.0,1805939000.0,1207000000.0,45836000.0,,0.0,51483000.0,5858650000.0,0.0087875193090558,0.0111384468549564,0.0045575771832558,1.44394036723684,0.0527871067250706,0.0197038848606972,0.0242621520302659,0.2132778029044353,,,26.7192956803025,26.7192956803025,False,64.02131976921628,64.02131976921628,54.69581374698783,745.0,True,False,True,True,True,True,True,True,True,True,True,True,True,True,False,False,False,13,False,0.02485045939251007,-0.046094694987167006,0.0,23819820.56430368,0.5139146567717996,0.0,3.0,,,,,,-0.012334154712767026,-0.06351248127645169,0.21179558455579467,-1.2304824966333427,0.4508771929824562,-1.2304824966333427,0.5540767920345874,-745.0,0.2894736842105263,0.12280701754385964,0.5964912280701754,0.3355263157894737,0.30087719298245613,工信
16.950000762939453,17.5,16.799999237060547,16.950000762939453,7747663.0,-0.05833329094780815,17.14000015258789,0.2840909854439675,15.545000028610229,0.12624588359635203,14.696666717529297,0.021084359844980805,15.180833379427591,0.06948744677053013,67.04545590010524,15332598.4,0.5053065891297329,0.09038280680240285,5608.TW,2026-08-31,0.04166666666666674,0.020163211169990092,bull,0.06029684601113173,0.11966604823747681,2026-03-31,2026-05-15,768625000.0,88536000.0,9188000.0,-74001000.0,-7798000.0,-41753000.0,-0.11,2021604000.0,3457460000.0,17703610000.0,7965748000.0,9737862000.0,1521109000.0,643510000.0,3211737000.0,579455000.0,0.1053769543654815,8219796.543289956,14246150000.0,0.0005769837144274,-0.0042876968270858,-0.002358445537379,0.8180181645622007,0.1151875101642543,0.0119538136282322,-0.0543216783216783,-0.0190303955402176,,,15.2626130103749,15.2626130103749,False,81.01417075825687,81.01417075825687,64.57628132128637,956.0,True,True,True,True,True,True,True,True,True,True,True,True,False,True,False,False,False,13,False,0.1533227968436215,0.11653954294165181,1.0,259887554.57784423,0.2300556586270872,0.0,3.0,,,,,,-0.020376302059953753,-0.06578271956922935,0.19998410442938797,-2.010767408695569,0.256140350877193,-2.010767408695569,0.36243502145944806,-956.0,0.11403508771929824,0.543859649122807,0.32456140350877194,0.1456140350877193,0.2850877192982456,四維航
61.70000076293945,63.79999923706055,61.70000076293945,63.5,565415.0,0.012759158330559517,62.42000045776367,0.08919383929655145,61.325,0.05132447675175755,61.08263994852702,0.16942911403689886,58.763820012410484,0.02171471446962581,61.44580915822845,342495.3,1.6508693695942689,0.0354667753770892,6024.TW,2026-08-31,0.04166666666666674,0.020163211169990092,bull,0.2653061224489796,0.21150278293135436,2026-03-31,2026-05-15,,,-200365000.0,528439000.0,90392000.0,441039000.0,1.76,83604913000.0,73607565000.0,84532833000.0,73635548000.0,10897285000.0,7933176000.0,,,,0.1710547480409281,-166091615.40877944,10925268000.0,-0.0152025209275213,0.040472374540998,0.0052173692084825,6.757237972577573,,,,,,,16.995424717797373,16.995424717797373,False,78.7895564455759,78.7895564455759,63.341023513631264,918.0,True,True,True,True,True,True,True,True,True,True,True,True,True,True,False,False,False,14,False,0.03957523861951673,0.08059687043131758,1.0,21748451.55,0.5287569573283859,1.0,3.0,,,,,,0.027548802501924097,-0.025979917371673846,0.25526560325452496,-1.099138354925006,0.6723684210526315,-1.099138354925006,0.6605348881570079,-918.0,0.18421052631578946,0.4649122807017544,0.7719298245614035,0.27236842105263154,0.38596491228070173,群益期
26.0,26.149999618530277,23.700000762939453,23.850000381469727,5625339.0,0.01923080214852213,23.79000015258789,0.41124265797728277,21.937500095367433,0.2168367304736405,19.3025000890096,0.5142857385060144,18.79625009695689,0.09033300259352005,64.8275882026951,3905010.35,1.440543941195956,0.08717949984219753,6108.TW,2026-08-31,0.04166666666666674,0.020163211169990092,bull,0.03153988868274583,0.06771799628942486,2026-03-31,2026-05-15,1005533000.0,-58176000.0,-188023000.0,-163927000.0,2837000.0,-166764000.0,-1.08,5952056000.0,4035658000.0,7430512000.0,4257488000.0,3173024000.0,3009763000.0,2815370000.0,,,0.0,-188023000.0,3394854000.0,-0.055384708738579,-0.0525568038565103,-0.0224431371620152,1.3417761731395663,-0.0578558833971634,-0.186988393220312,-0.1658463720235934,0.0519018870845751,,,14.198738437467275,14.198738437467275,False,89.0441354816591,89.0441354816591,70.33278622061114,980.0,True,True,True,True,True,True,True,True,True,True,True,False,True,True,False,False,False,13,False,0.23559125872245779,0.2688701341195199,1.0,93134498.33714323,0.3385899814471243,0.0,3.0,,,,,,-0.04441859969027918,-0.17838553376064908,0.15638783117723604,-1.9821851678132445,0.12938596491228072,-1.9821851678132445,0.13441898546193598,-980.0,0.07894736842105263,0.7719298245614035,0.07894736842105263,0.07894736842105263,0.28684210526315784,競國
28.200000762939453,28.950000762939453,28.049999237060547,28.450000762939453,2176226.0,0.047882179104043354,28.64000015258789,0.21063833033784918,25.85500020980835,0.09213057950744563,26.63833332061768,0.5092838295593296,26.375833336512247,0.0766187861005092,72.78107043128433,3481718.15,0.6250437014839929,0.10036745434435024,6168.TW,2026-08-31,0.04166666666666674,0.020163211169990092,bull,0.09461966604823747,0.1549165120593692,2026-03-31,2026-05-15,502953000.0,119301000.0,-11310000.0,9301000.0,2206000.0,4900000.0,0.02,2152808000.0,496712000.0,3778323000.0,554367000.0,3223956000.0,336677000.0,16668000.0,,,0.2371787979787119,-8627507.794860767,3281611000.0,-0.0026290464637218,0.0015198718592933,0.001296871654435,0.1719524087797724,0.2372010903603318,-0.0224871906520092,0.0097424610251852,0.0779543101840838,,,27.13023348806351,27.13023348806351,False,66.6524517457645,66.6524517457645,56.77189718133925,735.0,True,False,True,True,True,False,True,False,True,True,True,True,False,True,False,False,False,10,False,0.06800978952086201,0.07863893435950398,1.0,99054884.02384014,0.3302411873840445,0.0,3.0,,,,,,0.006071322331549536,-0.08963372232749042,0.18604054705716935,-1.7273582728360908,0.32719298245614037,-1.7273582728360908,0.3319372826763878,-735.0,0.30701754385964913,0.19298245614035087,0.2543859649122807,0.29912280701754385,0.26228070175438595,宏齊
1030.0,1040.0,994.0,1035.0,321873.0,0.024752475247524774,1032.0,0.10813704496788001,1012.2,0.11530172413793105,1002.5621154785156,0.2637362637362637,878.2227244059245,0.026780279975654384,53.52112676056338,486383.25,0.6617682660741299,0.022525192649673897,6409.TW,2026-08-31,0.04166666666666674,0.020163211169990092,bull,0.21150278293135436,0.1261595547309833,2026-03-31,2026-05-15,4204594000.0,1097283000.0,761311000.0,497580000.0,106071000.0,391509000.0,4.46,12925624000.0,6848461000.0,17835228000.0,7506620000.0,10328608000.0,7086998000.0,,489300000.0,,0.2131737610032557,599019470.8368503,10986767000.0,0.0545219053827982,0.0379053014694719,0.0219514435139264,0.7267794459814914,0.2609724030429573,0.1810664715784687,0.0931145789581586,-0.1581824756109622,,,62.88856390334461,62.88856390334461,False,69.06816787632803,69.06816787632803,67.52326688308217,235.0,True,False,True,True,True,True,True,True,True,True,True,True,False,True,True,False,False,12,False,0.03235498730769626,0.1785165325801923,1.0,503406663.75,0.17161410018552875,3.0,3.0,,,,,,0.08794697332734734,0.038856053378918634,0.28969577568991256,-0.5235043882842627,0.918859649122807,-0.5235043882842627,0.9049164649245602,-235.0,0.7631578947368421,0.6754385964912281,0.9824561403508771,0.7960526315789473,0.7807017543859649,旭隼
99.0,102.0,99.0,102.0,347601.0,0.030303030303030276,100.7,0.09795477206301362,99.26499977111817,0.16704803454492012,92.30515047709147,0.2993630573248407,88.0159086227417,0.02525304371924772,53.92491947474357,669765.1,0.518989418827586,0.02755251332481845,6416.TW,2026-08-31,0.04166666666666674,0.020163211169990092,bull,0.23562152133580705,0.08812615955473098,2026-03-31,2026-05-15,1057732000.0,271486000.0,132488000.0,135818000.0,38070000.0,99022000.0,1.35,4240170000.0,1810116000.0,6158927000.0,2539091000.0,3619836000.0,356630000.0,274239000.0,208323000.0,,0.2803015800556627,95351404.26158535,4348811000.0,0.0219258561159786,0.0273553829510508,0.016077800564936,0.7014381314512591,0.2566680406757099,0.1252566812765426,0.0936172867985463,-0.046140444062884,,,49.20522556408967,49.20522556408967,False,70.16304256450746,70.16304256450746,64.92358831440302,383.0,True,False,True,True,True,True,True,True,True,True,True,True,False,True,False,False,False,12,False,0.10503042866838319,0.15888140673747553,1.0,68316040.2,0.37291280148423006,2.0,3.0,,,,,,0.06588875793509008,0.0015794129390326501,0.3216980532916898,-1.394040921053707,0.8118421052631579,-1.394040921053707,0.7325608224356269,-383.0,0.5964912280701754,0.5701754385964912,0.8421052631578947,0.6333333333333332,0.637719298245614,瑞祺電通
20.200000762939453,20.200000762939453,19.399999618530277,20.100000381469727,145423.0,0.020304548377620968,19.90999984741211,0.10136988391614943,19.427499961853027,0.08648650710647177,18.511666774749756,-0.17791412047983746,19.809166701634727,0.04099129065521903,59.48276627503521,106056.2,1.3711881059287434,0.034615901219260836,6431.TW,2026-08-31,0.04166666666666674,0.020163211169990092,bull,0.22912801484230055,0.16512059369202226,2026-03-31,2026-05-15,85846000.0,19557000.0,-32996000.0,-38222000.0,0.0,-38722000.0,-0.4,453102000.0,370475000.0,1190820000.0,633837000.0,556983000.0,188041000.0,205018000.0,5667000.0,,-0.0,-32996000.0,820345000.0,-0.0402221016767335,-0.0695209728124556,-0.0325170890646781,1.1379826673345506,0.2278149243995061,-0.3843626959904946,-0.4510635323719218,-0.2172834778485918,,,15.06887924885221,15.06887924885221,False,78.29022211348081,78.29022211348081,62.484886397323656,957.0,True,True,True,True,True,True,True,True,True,True,True,True,True,True,False,False,False,14,False,0.08580176091363567,0.014681772545788174,1.0,2131729.6604572297,0.8218923933209648,0.0,3.0,,,,,,-0.0015073058916281043,-0.0794880821479296,0.20231393871703118,-1.644137652386713,0.3548245614035088,-1.644137652386713,0.35775117806324336,-957.0,0.10526315789473684,0.4298245614035088,0.2982456140350877,0.13421052631578945,0.24122807017543857,光麗-KY
444.5,444.5,433.0,433.0,760523.0,-0.04415011037527594,446.9,0.09205548549810838,428.775,0.1655450874831763,415.1021687825521,-0.05869565217391304,414.31358439127604,0.041879349910584555,53.380782918149464,1204416.05,0.6314454212064012,0.009853652848230476,6472.TW,2026-08-31,0.04166666666666674,0.020163211169990092,bull,0.25788497217068646,0.08998144712430427,2026-03-31,2026-05-15,4001231000.0,1442628000.0,407236000.0,221152000.0,174254000.0,25838000.0,0.21,19812444000.0,14337765000.0,45331756000.0,28703088000.0,16628668000.0,4832012000.0,3410000000.0,3908546000.0,8410772000.0,0.4,244341600.0,30993991000.0,0.0078835152271935,0.0015538225912021,0.0005699757141549,1.7261206970997316,0.3605460419555881,0.1017776779196202,0.0064575127004664,-0.1067853383739788,,,27.229352834015025,27.229352834015025,False,67.36925563651263,67.36925563651263,57.33427993588823,730.0,True,False,True,True,True,True,True,True,True,True,True,True,False,True,False,False,False,12,False,0.043116689247710394,0.04510210698540984,1.0,521512149.65000004,0.1679035250463822,2.0,3.0,,,,,,-0.04299512479688507,-0.06384198649038757,0.19811509882308176,-1.7668938044123397,0.28771929824561404,-1.7668938044123397,0.35070721028067914,-730.0,0.3157894736842105,0.22807017543859648,0.2807017543859649,0.3105263157894737,0.2824561403508772,保瑞
375.5,399.5,374.5,399.5,1312652.0,0.09153005464480879,380.6,0.15261878651511274,372.8170501708984,0.23112480739599395,349.37399037679035,0.4267857142857143,320.7619951883952,0.04184498476630979,63.190184049079754,487296.75,2.693742570620469,0.07157116289845167,6491.TW,2026-08-31,0.04166666666666674,0.020163211169990092,bull,0.14100185528756956,0.061224489795918366,2026-03-31,2026-05-15,1885667000.0,1005547000.0,542809000.0,566411000.0,88526000.0,472275000.0,6.06,6983966000.0,4705377000.0,16639674000.0,5326767000.0,11312907000.0,1204500000.0,831456000.0,457203000.0,,0.1562928686060122,457971824.2848391,11934297000.0,0.0383744282788369,0.0417465643446021,0.0283824671084301,0.4708574904752598,0.5332579930602805,0.2878604758952667,0.2504551439888379,0.1833499738625503,,,86.74813401220891,86.74813401220891,False,82.77005783903509,82.77005783903509,83.76457688232856,52.0,True,True,True,True,True,True,True,True,True,True,True,True,True,True,True,False,False,14,False,0.14347378741373995,0.24547173914839604,1.0,194675051.625,0.26437847866419295,2.0,2.0,,,,,,0.035550488336072626,-0.024968881236598368,0.3168974924580967,-1.290966339474396,0.7179824561403508,-1.290966339474396,0.6524362370447572,-52.0,0.9473684210526315,0.9649122807017544,0.7543859649122807,0.9184210526315789,0.9140350877192982,晶碩
71.9000015258789,73.9000015258789,71.0999984741211,73.5,17096059.0,0.05150212296902845,71.8,0.08567213165743581,70.79499969482421,0.3291139423875853,65.91355539957682,0.1970683741599124,59.985944461822506,-0.0003530076264859512,54.95868302720637,20804258.25,0.8217576803056653,0.03820891753423572,6505.TW,2026-08-31,0.04166666666666674,0.020163211169990092,bull,0.2764378478664193,0.03710575139146568,2026-03-31,2026-05-15,161989437000.0,27190906000.0,24513957000.0,25616191000.0,5209581000.0,20407731000.0,2.14,296450387000.0,65693610000.0,463713281000.0,83114597000.0,380598684000.0,63985692000.0,123643000.0,1500200000.0,8100000000.0,0.2033706338307674,19528538027.20982,398019671000.0,0.0490642534780895,0.0536200776774099,0.0440093735421824,0.2183785716925915,0.1678560436011639,0.1513305895371437,0.1259818626321912,-0.0650893152444253,,,66.8716639923295,66.8716639923295,False,62.25072282619194,62.25072282619194,63.40595811772633,193.0,True,False,True,True,True,True,False,True,True,True,True,True,True,True,True,False,False,12,False,0.11509688036752275,0.22528703447819165,1.0,1529112981.375,0.08905380333951762,1.0,3.0,,,,,,0.02057156672392566,-0.028645615196932966,0.1564390708555643,-1.5031423085938203,0.4587719298245614,-1.5031423085938203,0.4658108917255778,-193.0,0.8157894736842105,0.47368421052631576,0.5263157894736842,0.7723684210526316,0.6552631578947369,台塑化
262.5,262.5,254.0,261.0,906762.0,0.05882352941176472,263.1,0.12742980561555073,249.4,0.17832957110609482,221.26666666666668,0.41081081081081083,217.5625,0.05443399217841666,58.87096774193549,1543568.15,0.5874453939724009,0.04651162790697683,6533.TW,2026-08-31,0.04166666666666674,0.020163211169990092,bull,0.17996289424860853,0.08256029684601113,2026-03-31,2026-05-15,326356000.0,325982000.0,-202956000.0,-191919000.0,-25688000.0,-166231000.0,-3.28,1735463000.0,291379000.0,6111740000.0,1760341000.0,4351399000.0,1046856000.0,,,1419903000.0,0.1338481338481338,-175790718.14671814,5820361000.0,-0.0302027173480679,-0.0382017369586195,-0.0271986373765899,0.4045459862448835,0.9988540121830148,-0.621885303165868,-0.5093548149873145,0.2031025355560307,,,38.84336576062605,38.84336576062605,False,79.04748334579007,79.04748334579007,68.99645394949907,540.0,True,True,True,True,True,True,True,True,True,True,True,True,False,True,False,False,False,13,False,0.17957216028924372,0.19965527147371454,1.0,402871287.15,0.18738404452690166,2.0,3.0,,,,,,-0.06104139930085247,-0.11294458577529425,0.12913778514019134,-1.881279655180146,0.11535087719298245,-1.881279655180146,0.11602831788490293,-540.0,0.45614035087719296,0.7456140350877193,0.05263157894736842,0.3956140350877193,0.4622807017543859,晶心科
7100.0,7360.0,7035.0,7095.0,1914140.0,0.1261904761904762,6867.0,0.1974683544303797,6391.25,0.25353356890459366,5189.100746663412,0.7916666666666667,4832.133706665039,0.06383421414006908,77.67220902612827,1473206.0,1.2993023378943611,0.11011148053980047,6669.TW,2026-08-31,0.04166666666666674,0.020163211169990092,bull,0.10204081632653061,0.0575139146567718,2026-03-31,2026-05-15,276507734000.0,20881168000.0,17458392000.0,17934386000.0,3819977000.0,14114409000.0,75.95,395619318000.0,257883938000.0,432576398000.0,292412129000.0,140164269000.0,70996229000.0,72191879000.0,9594000000.0,18686968000.0,0.2129973671805658,13739800468.793749,174692460000.0,0.0786513651979813,0.1006990519102982,0.0326287080507799,2.086210209536355,0.0755174826321494,0.0631388921656708,0.0510452593705751,0.6202705683581411,,,65.40144535951697,65.40144535951697,False,82.17107050455449,82.17107050455449,77.97866421829511,208.0,True,True,True,True,True,True,True,False,True,True,False,True,True,True,True,False,False,12,False,0.3672889285416321,0.46829546339203176,1.0,10452396570.0,0.02411873840445269,3.0,3.0,,,,,,0.10073464988930947,-0.025501048749246705,0.29914148326925827,-0.1883370691629196,0.8535087719298244,-0.1883370691629196,0.8661006076102676,-208.0,0.7982456140350878,0.9035087719298246,0.9736842105263158,0.824561403508772,0.8649122807017545,緯穎
274.5,288.0,272.5,287.5,604354.0,0.08286252354048962,273.2,0.10789980732177273,266.575,0.04166666666666674,264.7504069010417,0.06284658040665425,264.70020345052086,0.010615107572741964,65.04065040650406,229717.65,2.630855748350203,0.07849573290818723,6670.TW,2026-08-31,0.04166666666666674,0.020163211169990092,bull,0.21335807050092764,0.2300556586270872,2026-03-31,2026-05-15,8468855000.0,2032739000.0,1265065000.0,1332547000.0,298511000.0,970370000.0,6.96,20003146000.0,8031634000.0,30684051000.0,10347885000.0,20336166000.0,9145558000.0,1517321000.0,68804000.0,1552151000.0,0.2240153630603648,981671004.7300396,22652417000.0,0.0433362587634705,0.047716467302637,0.0316245726485072,0.5088414895905158,0.2400252454434513,0.149378516930565,0.1145810147888941,-0.0012569118061379,,,69.78295043229787,69.78295043229787,False,74.89956593219497,74.89956593219497,73.6204120572207,168.0,True,False,True,True,True,True,True,True,True,True,True,True,True,True,True,False,False,13,False,0.08592845376612268,0.08613441263841337,1.0,66043824.375,0.37569573283859,2.0,3.0,,,,,,0.0650877666585723,-0.0030817733456204453,0.2695060565708796,-0.9640924456672054,0.8232456140350878,-0.9640924456672054,0.6518757295336243,-168.0,0.8421052631578947,0.8157894736842105,0.7368421052631579,0.8263157894736841,0.8131578947368421,復盛應用
285.0,291.5,273.0,275.0,3567881.0,0.061776061776061875,278.6,0.30023640661938544,263.725,0.2557077625570776,254.98333333333332,2.041719338336931,212.9955790837606,0.08595841054148663,57.56302521008404,4563988.4,0.7817462901527094,0.042752867570385655,6672.TW,2026-08-31,0.04166666666666674,0.020163211169990092,bull,0.0575139146567718,0.05658627087198516,2026-03-31,2026-05-15,1245827000.0,423777000.0,145352000.0,148482000.0,24894000.0,123588000.0,1.73,4606299000.0,1439948000.0,6456499000.0,2742865000.0,3713634000.0,1563255000.0,30000000.0,69263000.0,896840000.0,0.1676566856588677,120982765.42611226,5016551000.0,0.0241167219123481,0.0332795315855035,0.0191416431722517,0.7385932485538425,0.3401571807321562,0.1166710947828229,0.0992015745364324,0.2185628742514969,,,64.4879602565514,64.4879602565514,False,81.60380387501162,81.60380387501162,77.32484297039656,216.0,True,True,True,True,True,True,True,True,True,True,True,True,False,True,True,False,False,13,False,0.07850186286685412,0.291106609737924,1.0,1255096810.0,0.10482374768089053,2.0,3.0,,,,,,-0.01463983794824849,-0.16238526329269765,0.3067776361873966,-1.244230315504008,0.46403508771929824,-1.244230315504008,0.46525989575838744,-216.0,0.7807017543859649,0.8771929824561403,0.5175438596491229,0.7412280701754386,0.757017543859649,騰輝電子-KY
99.3000030517578,100.5,98.0999984741211,100.5,82503.0,0.021341447576795014,100.88000030517578,0.053459102647263945,99.2900001525879,0.05456449928357365,97.69833323160807,0.4070149856027214,91.75322615305582,0.029018551099306844,51.42856727652149,134824.75,0.611927706151875,0.012186522767172914,6756.TW,2026-08-31,0.04166666666666674,0.020163211169990092,bull,0.3608534322820037,0.20408163265306123,2026-03-31,2026-05-15,414892000.0,185087000.0,-50699000.0,46990000.0,8682000.0,44595000.0,0.64,1744541000.0,848091000.0,3944534000.0,980235000.0,2964299000.0,833541000.0,,113508000.0,,0.1847627154713768,-41331715.08831666,3096443000.0,-0.0133481272183329,0.0150440289592918,0.0113055179648597,0.3306802046622152,0.4461088668858401,-0.1221980660027187,0.1074858035344137,0.0636156451162206,,,42.16370730947515,42.16370730947515,False,60.087899779144436,60.087899779144436,55.60685166172711,478.0,True,False,True,True,True,True,True,True,True,True,True,True,False,True,False,False,False,12,False,0.028676709987980775,0.09532933296921331,1.0,13549887.375,0.5825602968460112,2.0,3.0,,,,,,0.006928397085423935,-0.0504177132252639,0.2559413503811453,-1.3729105342589583,0.5342105263157895,-1.3729105342589583,0.5581374304807286,-478.0,0.5175438596491229,0.14912280701754385,0.6140350877192983,0.5320175438596492,0.4263157894736842,威鋒電子
187.5,192.5,187.0,187.0,4715805.0,0.0108108108108107,189.4,0.08405797101449286,186.45,0.39033457249070636,180.69166666666666,0.36496350364963503,161.45355339050292,0.035689487571170575,49.03846153846154,8385922.3,0.5623478052020587,0.002949852507374784,8033.TW,2026-08-31,0.04166666666666674,0.020163211169990092,bull,0.2820037105751391,0.0287569573283859,2026-03-31,2026-05-15,375050000.0,143311000.0,-2634000.0,51909000.0,1188000.0,51587000.0,0.34,1888108000.0,862133000.0,3872200000.0,1760802000.0,2111398000.0,325588000.0,470000000.0,714045000.0,,0.0228862047043865,-2573717.736808646,3010067000.0,-0.0008550366941362,0.0244326271029905,0.013322400702443,0.8339507757419492,0.3821117184375416,-0.0070230635915211,0.1375469937341688,0.1184905075182363,,,41.48554379538239,41.48554379538239,False,66.06678579181741,66.06678579181741,59.92147529270866,490.0,True,False,True,True,True,True,True,False,True,True,True,True,False,True,False,False,False,11,False,0.034912143153622566,0.15822783749892855,1.0,1568167470.1,0.08534322820037106,2.0,3.0,,,,,,-0.01591507105482315,-0.11616326976124265,0.2049574260397294,-1.7869473516048966,0.2802631578947368,-1.7869473516048966,0.31553413714138195,-490.0,0.5087719298245614,0.32456140350877194,0.22807017543859648,0.4666666666666667,0.3973684210526316,雷虎
1220.0,1325.0,1155.0,1230.0,20581788.0,0.08370044052863435,1221.0,0.2906610703043022,1182.25,0.45562130177514804,1094.3152150472006,1.8738317757009346,922.7076075236002,0.06966749604161954,55.88235294117647,10765437.65,1.9118394132355594,0.04038908860224155,8046.TW,2026-08-31,0.04166666666666674,0.020163211169990092,bull,0.059369202226345084,0.023191094619666047,2026-03-31,2026-05-15,11177241000.0,1771445000.0,1352237000.0,1598197000.0,289571000.0,1308626000.0,2.03,25923065000.0,8163676000.0,62161816000.0,15455246000.0,46706570000.0,9657576000.0,,,,0.1811860490289995,1107230520.6191726,53998140000.0,0.0205049751828335,0.0280180282988025,0.0210519267969906,0.3309008989527597,0.1584867857819295,0.1209812868846614,0.1170795189975773,0.3214942908705003,,,61.16068715346135,61.16068715346135,False,82.7199676644712,82.7199676644712,77.33014753671874,249.0,True,True,True,True,True,True,True,True,True,True,True,True,True,True,True,False,False,14,False,0.12399058615569647,0.33303333577266514,1.0,13241488309.5,0.014842300556586271,3.0,3.0,,,,,,-0.14278756172178036,-0.2226555951155032,0.2203461856033351,-1.7983085491354236,0.20701754385964913,-1.7983085491354236,0.19212934846951993,-249.0,0.7456140350877193,0.8859649122807017,0.14035087719298245,0.6548245614035088,0.6666666666666666,南電
45.25,45.95000076293945,45.04999923706055,45.29999923706055,127504.0,-0.02494825710587767,45.82999877929687,0.02257336381991215,44.19849758148193,0.0902527092384442,43.35699914296468,-0.26817450532498444,46.250999514261885,0.009939782634026806,55.992193763203026,101555.95,1.2555049704128611,0.02492169905884123,8442.TW,2026-08-31,0.04166666666666674,0.020163211169990092,bull,0.487012987012987,0.15862708719851576,2026-03-31,2026-05-15,1984281000.0,309762000.0,14442000.0,9791000.0,7672000.0,2119000.0,0.03,5623110000.0,3304700000.0,7633369000.0,4004645000.0,3628724000.0,869779000.0,847304000.0,355784000.0,0.0,0.4,8665200.0,4328669000.0,0.0020018162626895,0.0005839518243878,0.0002775969562063,1.1035959196676297,0.1561079302780201,0.0072782030367674,0.0010678931058655,0.0007857880298962,,,16.87489657354098,16.87489657354098,False,65.06572039932813,65.06572039932813,53.01801444288134,921.0,True,False,False,True,True,True,True,True,False,True,True,True,True,True,False,False,False,11,False,0.04481398926362612,-0.020561723793841247,0.0,4600484.4575189585,0.7282003710575139,1.0,3.0,,,,,,0.015632597913445838,-0.041013659430217106,0.20382491797176036,-1.6535571930393638,0.45921052631578946,-1.6535571930393638,0.5365771991856852,-921.0,0.17543859649122806,0.08771929824561403,0.5526315789473685,0.23201754385964912,0.22456140350877193,威宏-KY
86.5,86.9000015258789,85.4000015258789,86.9000015258789,2260218.0,0.011641443332206736,86.64000091552734,0.061050059912637344,84.98000030517578,0.061050059912637344,83.0433334350586,0.13892526933361493,79.72500012715658,0.01414165794859968,58.42697207125345,1259373.0,1.7947168948357635,0.02259356570732085,9941.TW,2026-08-31,0.04166666666666674,0.020163211169990092,bull,0.33766233766233766,0.19758812615955473,2026-03-31,2026-05-15,9588907000.0,4187850000.0,1390166000.0,1382030000.0,301331000.0,1104074000.0,1.82,235100426000.0,237208150000.0,286724084000.0,244513555000.0,42210529000.0,7708912000.0,35439009000.0,3468847000.0,,0.2180350643618445,1087061066.716352,49515934000.0,0.0219537627365839,0.0261563649202311,0.0038506496719682,5.792714775026866,0.4367390360548913,0.1449764816782559,0.1151407558755132,-0.0112940820804001,,,41.17633903527033,41.17633903527033,False,72.33166314729021,72.33166314729021,64.54283211928524,493.0,True,False,True,True,True,True,True,True,True,True,True,True,True,True,False,False,False,13,False,0.046441633919191094,0.08999688162155706,1.0,109439515.6216507,0.3181818181818182,1.0,3.0,,,,,,0.04789570450513334,0.015462786049854866,0.23933006873313248,-0.3685188900774052,0.7925438596491229,-0.3685188900774052,0.8018840532277232,-493.0,0.5,0.5350877192982456,0.9122807017543859,0.5618421052631579,0.5929824561403509,裕融
27.899999618530277,28.0,27.700000762939453,27.799999237060547,4467872.0,-0.041379336653084575,28.40999984741211,0.031539831170987576,28.230000019073486,0.10536777967096955,26.875905640920003,-0.0035842431124377683,25.759202845891316,0.01674770253537608,55.90550968241905,8607071.0,0.5190931967448624,-0.015232050362111615,9945.TW,2026-08-31,0.04166666666666674,0.020163211169990092,bull,0.44805194805194803,0.13543599257884972,2026-03-31,2026-05-15,8802139000.0,2177505000.0,1558595000.0,3524918000.0,275592000.0,2706817000.0,0.99,56821154000.0,31229259000.0,206807304000.0,85163985000.0,121643319000.0,4687641000.0,7435539000.0,36077246000.0,,0.0781839464066965,1436737892.0502548,175578045000.0,0.0081829017520399,0.0222520811027854,0.0130885947819328,0.7001123094972441,0.247383618913539,0.1770700280920353,0.3075180930453381,0.2547092191019549,,,56.447152500431685,56.447152500431685,False,62.51199694665815,62.51199694665815,60.995785835101536,296.0,True,False,False,True,False,True,True,True,False,True,True,True,False,True,False,False,False,9,False,0.03438371932418027,0.0792259140695708,1.0,239276567.23332596,0.23654916512059368,0.0,3.0,,,,,,-0.018953871572453963,-0.06548634311158417,0.10748240409666945,-1.8840135213276985,0.17456140350877192,-1.8840135213276985,0.20105239557112475,-296.0,0.6842105263157895,0.35964912280701755,0.15789473684210525,0.6052631578947368,0.48157894736842105,潤泰新
205.0,218.0,205.0,215.0,607278.0,0.07231920199501252,208.8,0.15281501340482584,201.75,0.09693877551020402,196.2903605143229,0.24637681159420288,193.29934692382812,0.0334229734921245,65.88235294117646,260841.05,2.328153486577362,0.06567534076827752,4771.TW,2026-08-31,0.04166666666666674,0.020163211169990092,bull,0.1391465677179963,0.14842300556586271,2026-03-31,2026-05-15,1030727000.0,422528000.0,298124000.0,310643000.0,69136000.0,214777000.0,3.66,2662213000.0,1036935000.0,7439213000.0,2725761000.0,4713452000.0,939697000.0,0.0,1180020000.0,,0.2225577270371455,231774200.18477803,6402278000.0,0.0362018331888709,0.0455668159981262,0.0288709302986754,0.5782939976900158,0.4099320188565934,0.2892366261871475,0.208374283394148,0.2716625438753415,,,87.83714193650803,87.83714193650803,False,77.16313629202949,77.16313629202949,79.83163770314913,44.0,True,True,True,True,True,True,True,True,True,True,True,True,True,True,True,False,False,14,False,0.09531614001142907,0.11226449246475356,1.0,56080825.75,0.3970315398886827,2.0,2.0,,,,,,0.02297222535561441,-0.030451076769273243,0.28439926185108916,-1.3676402816967002,0.6359649122807018,-1.3676402816967002,0.5439604164189955,-44.0,0.9649122807017544,0.9298245614035088,0.5701754385964912,0.9057017543859649,0.875438596491228,望隼
77.0,77.5,76.9000015258789,77.19999694824219,25150.0,0.036241569775062876,76.33999938964844,0.09659084197411016,73.90000038146972,0.04043126850925116,73.25666669209798,-0.0009135062070436684,74.630735206604,0.020084200628231588,68.47823382775144,33862.45,0.7427105835519876,0.04465489241864651,6918.TW,2026-08-31,0.04166666666666674,0.020163211169990092,bull,0.23933209647495363,0.23469387755102042,2026-03-31,2026-05-15,219385000.0,145307000.0,52877000.0,58755000.0,11065000.0,47501000.0,1.39,1203027000.0,380831000.0,1686462000.0,542764000.0,1143698000.0,607226000.0,,157857000.0,,0.1883243979235809,42918970.81099481,1305631000.0,0.0328722057081938,0.0415328172297232,0.0281660660008941,0.474569335611324,0.6623378991271053,0.2410237709961939,0.2165189051211341,0.1171055110572492,,,82.25632418471866,82.25632418471866,False,67.36478250436149,67.36478250436149,71.08766792445078,74.0,True,False,True,True,True,True,True,True,True,True,True,True,False,True,True,False,False,12,False,0.05382896102437007,0.03442632227225917,1.0,2614181.0366600035,0.8033395176252319,1.0,2.0,,,,,,0.0734187960615984,0.05783985124764529,0.23540931695977663,-1.334937335102701,0.8210526315789473,-1.334937335102701,0.6794259961121762,-74.0,0.9210526315789473,0.7894736842105263,0.7807017543859649,0.8999999999999999,0.8535087719298246,愛派司
227.0,227.0,218.0,219.5,174763.0,0.018561484918793614,222.2,0.030516431924882736,216.375,0.14621409921671025,210.70400644938152,0.32228915662650603,186.72283655802408,0.012505886650923233,55.4054054054054,79766.0,2.1909460171000177,0.01444251877527436,6957.TW,2026-08-31,0.04166666666666674,0.020163211169990092,bull,0.45269016697588127,0.10111317254174397,2026-03-31,2026-05-15,1008397000.0,304729000.0,100942000.0,102458000.0,25691000.0,82568000.0,1.51,2765058000.0,1395803000.0,5405505000.0,3045045000.0,2360460000.0,1274466000.0,40000000.0,27000000.0,945042000.0,0.2507466474067423,75631131.9174686,4009702000.0,0.0188620331180393,0.0349796226159307,0.0152747985618364,1.2900218601459037,0.3021914979913665,0.1001014481399686,0.0818804498625045,0.2868739487648066,,,57.7309173012778,57.7309173012778,False,63.95424254973646,63.95424254973646,62.398411237621794,286.0,True,False,False,True,True,True,True,True,False,True,True,True,True,True,False,False,False,11,False,0.0417457346865,0.17553912550910944,1.0,17508637.0,0.5528756957328386,2.0,3.0,,,,,,0.042126766252579204,-0.00024342002615842089,0.334529245493683,-0.44335195082450896,0.8254385964912281,-0.44335195082450896,0.7922644431582989,-286.0,0.7017543859649122,0.41228070175438597,0.9035087719298246,0.7320175438596491,0.6552631578947368,裕慶-KY
545.0,557.0,508.0,508.0,1492131.0,-0.10563380281690138,549.6,0.31776913099870296,515.325,0.33684210526315783,480.375,0.287787147320848,432.87010650634767,0.1030072773972604,56.666666666666664,1502640.35,0.9930060776020023,-0.014214330762140515,7795.TW,2026-08-31,0.04166666666666674,0.020163211169990092,bull,0.05380333951762523,0.03525046382189239,2026-03-31,2026-05-15,417748000.0,164583000.0,45923000.0,46458000.0,30360000.0,16098000.0,0.21,3862664000.0,1062319000.0,4174097000.0,1361173000.0,2812924000.0,2813974000.0,298396000.0,,,0.4,27553800.0,3111778000.0,0.008854680507414,0.0057228705787998,0.0038566425265153,0.4838996716583882,0.3939767515344178,0.1099299098978331,0.0385351934659172,,,,44.88151404428712,44.88151404428712,False,77.6898234041091,77.6898234041091,69.48774606415361,435.0,True,True,True,True,False,True,True,True,True,True,True,True,True,True,False,False,False,13,False,0.05750715586781152,0.17356221269243655,1.0,763341297.8000001,0.12987012987012986,3.0,3.0,,,,,,0.00820698713715836,-0.1260625146535082,0.26544167615714304,-1.7224213173239613,0.4236842105263158,-1.7224213173239613,0.43846531546676404,-435.0,0.5350877192982456,0.7631578947368421,0.45614035087719296,0.5232456140350876,0.5877192982456141,長廣
