Open,High,Low,Close,Volume,ret5,ma5,ret20,ma20,ret60,ma60,ret120,ma120,ma20_slope,rsi14,volume_ma20,volume_ratio,ma20_deviation,symbol,date,benchmark_ret20,benchmark_ret60,market_regime,rs20_rank_pct,rs60_rank_pct,period_date,as_of_date,revenue,gross_profit,operating_income,pretax_income,tax_expense,net_income_parent,eps,current_assets,current_liabilities,assets,liabilities,equity,cash,short_borrowings,long_borrowings,bonds_payable,tax_rate,nopat,invested_capital_proxy,roic_proxy,roe,roa,debt_to_equity,gross_margin,operating_margin,net_margin,revenue_growth,pe,pb,eva_like_score,fundamental_score,fundamental_pass,technical_score,score,final_score,fundamental_rank,pass_market,pass_score,pass_rs20,pass_rs60,pass_close_ma20,pass_ma20_ma60,pass_ma20_slope,pass_rsi,pass_ret20_benchmark,pass_ret60_benchmark,pass_ret5_cap,pass_ret20_cap,pass_volume_ratio,pass_ma20_deviation,pass_fundamental_score,pass_fundamental_filter,pass_fundamental_universe,entry_pass_count,entry_all_pass,close_ma60_ratio,close_ma120_ratio,above_ma120,turnover20,liquidity_rank,price_bucket,eva_rank_bucket,forward_60d_return,forward_60d_max_drawdown,reward_60,fwd60_rank_label,top_quantile_60,reg_forward60,reg_reward60,cls_topq60,rank_forward60,ensemble_score,ranker_score,stable_ensemble_score,fundamental_rank_score,fundamental_score_rank,final_score_rank,stable_ml_rank,fund_ml_85_15,fund_final_ml,name
194.0,203.0,193.5,197.5,234000.0,0.1100945033539479,192.56300354003903,0.1095505617977528,181.51732940673827,0.2993421052631579,178.90577646891276,0.3036303630363035,168.00705490112304,0.0126400609896727,69.2558259113029,127970.45,1.8285471372492637,0.0880503842002229,1256.TW,2026-07-09,0.0553616264514493,0.2731649217142393,bull,0.1588180978762696,0.1783733826247689,2026-03-31,2026-05-15,1141779000.0,346948000.0,151285000.0,174206000.0,58207000.0,115743000.0,3.24,2430207000.0,781250000.0,5176169000.0,991394000.0,4184775000.0,989715000.0,0.0,107227000.0,,0.3341274123738562,100736534.41902116,4394919000.0,0.022921135615701,0.0276581178199544,0.0223607459493691,0.2369049709960511,0.3038661597384433,0.1324993715946781,0.1013707556365986,0.5529168389441386,,,69.59406160604887,69.59406160604887,False,77.03595513625305,77.03595513625305,75.175481753702,169.0,True,True,True,True,True,True,True,True,True,True,False,True,True,True,True,False,False,13,False,0.1039330529068647,0.1755458728577463,1.0,25274163.875,0.579870729455217,2.0,3.0,,,,,,0.0603432767427393,0.0759822723415027,0.2747000011751207,-1.24903076946468,0.8602564102564103,-1.24903076946468,0.8523903216299586,-169.0,0.7350427350427351,0.7435897435897436,0.9487179487179488,0.767094017094017,0.7803418803418803,鮮活果汁-KY
9.600000381469728,9.609999656677246,8.829999923706055,8.899999618530273,155187693.0,-0.0100111406984715,9.729999923706057,0.1513582919236555,8.443999934196473,0.1337579269622746,7.729333313306173,0.1337579269622746,7.987666630744934,0.0553680740363561,62.06895949299056,92124038.35,1.6845515652538696,0.0540028052922045,1314.TW,2026-07-09,0.0553616264514493,0.2731649217142393,bull,0.123730378578024,0.2920517560073937,2026-03-31,2026-05-15,4092344000.0,-291527000.0,-647288000.0,-263196000.0,25000.0,-263381000.0,-0.07,57442349000.0,37332389000.0,128112754000.0,51812243000.0,76300511000.0,1367909000.0,14373487000.0,4356642000.0,,0.0,-647288000.0,90780365000.0,-0.0071302643473618,-0.0034518903811797,-0.0020558530807947,0.679054993484906,-0.0712371687228639,-0.1581704763822396,-0.0643594477883579,-0.3721140502220507,,,12.28013230960367,12.28013230960367,False,81.59469936971973,81.59469936971973,64.26605760469072,1009.0,True,True,True,True,True,True,True,True,True,False,True,True,True,True,False,False,False,13,False,0.1514576041388693,0.1142177096216963,1.0,819903906.1724682,0.1662049861495844,0.0,3.0,,,,,,0.0433502661439467,0.0237454588291268,0.2042364061199113,-1.3967184728018367,0.629059829059829,-1.3967184728018367,0.4105732003234394,-1009.0,0.0769230769230769,0.2905982905982906,0.3333333333333333,0.1153846153846153,0.1923076923076923,中石化
29.39999961853028,29.39999961853028,26.5,26.549999237060547,77154979.0,-0.0585106908240706,29.75,0.0432219426776177,27.419999980926512,0.5436045383362642,21.883333269755045,0.8184930509151025,18.698333326975504,0.0381448208208885,52.51989081264079,51604359.45,1.4951252146585845,-0.0317286923585391,1409.TW,2026-07-09,0.0553616264514493,0.2731649217142393,bull,0.3268698060941828,0.0933456561922366,2026-03-31,2026-05-15,10013245000.0,,,,209690000.0,627489000.0,0.39,169282176000.0,19925661000.0,238947734000.0,165890727000.0,53131346000.0,8882755000.0,11746175000.0,14983665000.0,,,,219022073000.0,,0.0118101468763844,0.0026260512686008,3.1222760100976927,,,0.0626658990167523,-0.0458954689862156,,,9.260580144399032,9.260580144399032,False,67.56396432634656,67.56396432634656,52.98811828085968,1047.0,True,False,True,True,False,True,True,True,False,True,True,True,True,True,False,False,False,11,False,0.2132520631011594,0.4199126078663753,1.0,1370095704.0264983,0.1228070175438596,0.0,3.0,,,,,,-0.0509843277552878,-0.0641166350929772,0.2227638162973998,-0.8910767251840956,0.4226495726495727,-0.8910767251840956,0.4305255940787543,-1047.0,0.0427350427350427,0.0512820512820512,0.376068376068376,0.0927350427350427,0.1119658119658119,新纖
8.600000381469727,8.600000381469727,8.210000038146973,8.229999542236328,4604190.0,-0.1770000457763672,8.97199993133545,0.2138642017046435,7.957999992370605,0.2247023510698076,6.842666649818421,0.3785594357570532,6.565166672070821,0.067328325976114,61.97182612119568,8195009.25,0.5618285299677972,0.0341793855398957,1444.TW,2026-07-09,0.0553616264514493,0.2731649217142393,bull,0.0831024930747922,0.2144177449168207,2026-03-31,2026-05-15,2121686000.0,116113000.0,-14004000.0,72822000.0,9996000.0,71838000.0,0.07,6820119000.0,7923737000.0,20165805000.0,9203887000.0,10961918000.0,670143000.0,4936000000.0,843136000.0,,0.1372662107604844,-12081723.984510174,12242068000.0,-0.0009869022116614,0.0065534151961362,0.0035623670862631,0.8396237775177665,0.0547267597561561,-0.0066004111824275,0.0338589216311933,0.0980839687584587,,,21.371607472143435,21.371607472143435,False,78.91495691183181,78.91495691183181,64.52911955190972,836.0,True,True,True,True,True,True,True,True,True,False,True,True,False,True,False,False,False,12,False,0.202747402937526,0.2535857737242148,1.0,67444922.37612247,0.4487534626038781,0.0,3.0,,,,,,0.0318683505066622,0.0412503273284973,0.2312526110822688,-1.4348385638167949,0.6705128205128205,-1.4348385638167949,0.5743332166461166,-836.0,0.1538461538461538,0.2991452991452991,0.6153846153846154,0.2230769230769231,0.2897435897435897,力麗
8.449999809265137,8.739999771118164,8.3100004196167,8.40999984741211,628000.0,-0.0475651279640856,8.931999969482423,0.1051247963025008,7.789000034332275,0.1912181183532799,7.424000024795532,0.1632088278320418,7.417916695276896,0.0394341717400199,63.17015759966646,795858.45,0.7890850439547384,0.0797277969370391,1467.TW,2026-07-09,0.0553616264514493,0.2731649217142393,bull,0.1662049861495844,0.2412199630314233,2026-03-31,2026-05-15,1182469000.0,233654000.0,6454000.0,43184000.0,15488000.0,25429000.0,0.11,4780307000.0,3706895000.0,8859724000.0,5854515000.0,3005209000.0,1788594000.0,1910806000.0,1915954000.0,,0.3586513523527232,4139264.171915524,5152829000.0,0.0008032993471965,0.00846164110383,0.0028701797031149,1.948122410121892,0.197598414842165,0.0054580712052493,0.0215050035138341,-0.0488497818933252,,,14.540544369959688,14.540544369959688,False,78.21604819596185,78.21604819596185,62.29717223946131,972.0,True,True,True,True,True,True,True,True,True,False,True,True,False,True,False,False,False,12,False,0.1328124756631763,0.1337414792979392,1.0,6693169.443061638,0.7368421052631579,0.0,3.0,,,,,,0.0572172451971944,0.0897295486193333,0.3032909959228893,-1.1148984211190014,0.9128205128205128,-1.1148984211190014,0.8332332273783823,-972.0,0.094017094017094,0.2393162393162393,0.9230769230769232,0.2183760683760683,0.3034188034188034,南緯
706.0,736.0,700.0,709.0,794621.0,-0.0780234070221066,721.6,0.1642036124794745,714.45,0.4095427435387673,651.7333333333333,0.6374133949191685,551.0333333333333,0.019332287059495,51.73745173745174,1341472.8,0.5923496920697907,-0.0076282455035342,1560.TW,2026-07-09,0.0553616264514493,0.2731649217142393,bull,0.1154201292705447,0.1293900184842883,2026-03-31,2026-05-15,2293229000.0,802560000.0,444439000.0,531951000.0,89799000.0,436359000.0,2.94,5759371000.0,3216860000.0,13961884000.0,5383626000.0,8578258000.0,1772650000.0,642250000.0,940383000.0,555943000.0,0.1688106611323223,369412958.57701176,10745024000.0,0.0343799100473867,0.050868020057219,0.0312535901315323,0.6275896574805747,0.3499694099455396,0.193804892577235,0.1902814764683335,0.2944197621734146,,,86.28355650333096,86.28355650333096,False,68.30264565977645,68.30264565977645,72.79787337066507,54.0,True,False,True,True,False,True,True,True,True,True,True,True,False,True,True,False,False,11,False,0.0878682487725039,0.2866735224729297,1.0,951104215.2,0.1588180978762696,3.0,2.0,,,,,,-0.009040213366589,-0.0752157403943922,0.319542797170189,-1.4347457289546632,0.4957264957264957,-1.4347457289546632,0.541995019993381,-54.0,0.8974358974358975,0.6410256410256411,0.5384615384615384,0.8435897435897435,0.7487179487179487,中砂
68.5,70.19999694824219,66.5999984741211,67.69999694824219,2621171.0,0.0561622240221193,69.73999938964843,0.1672413266938308,65.46999931335449,0.5671295313105842,54.56249993642171,0.4118872965809732,49.369583225250246,0.0287554925961335,50.0,2846341.85,0.920891143135179,0.0340613664010351,1563.TW,2026-07-09,0.0553616264514493,0.2731649217142393,bull,0.1126500461680517,0.0896487985212569,2026-03-31,2026-05-15,1871936000.0,411927000.0,163156000.0,163478000.0,32736000.0,130706000.0,0.6,10888013000.0,5754269000.0,19938639000.0,11683940000.0,8254699000.0,2764628000.0,2859266000.0,5833677000.0,,0.2002471280539277,130484479.57523336,14184370000.0,0.009199173426471,0.0158341327769795,0.0065554123328076,1.415428957494392,0.2200539975725665,0.0871589626995794,0.0698239683407979,-0.0241387938944032,,,30.55810984175432,30.55810984175432,False,72.21772585201329,72.21772585201329,61.80282184944854,673.0,True,False,True,True,True,True,True,True,True,True,True,True,True,True,False,False,False,13,False,0.2407788687675378,0.3712896185361514,1.0,192697334.55865404,0.322253000923361,1.0,3.0,,,,,,0.0348262074543447,0.0093985278597345,0.2557188467250191,-1.585438689331956,0.6363247863247863,-1.585438689331956,0.5670910521616311,-673.0,0.2393162393162393,0.2051282051282051,0.5897435897435898,0.2918803418803419,0.2991452991452991,巧新
39.54999923706055,40.20000076293945,39.09999847412109,39.09999847412109,8495998.0,0.0249016228111487,40.81999969482422,0.0668484814799315,38.138305473327634,0.1499999551212083,36.23360176086426,0.0103358579663048,36.968467537562056,0.0141600446323711,54.59880771374693,10703692.55,0.7937445849002828,0.0252159341863267,1609.TW,2026-07-09,0.0553616264514493,0.2731649217142393,bull,0.234533702677747,0.2754158964879852,2026-03-31,2026-05-15,8341066000.0,1571949000.0,1174452000.0,812240000.0,208683000.0,518017000.0,0.66,27273354000.0,21118265000.0,64366592000.0,44130594000.0,20235998000.0,7223949000.0,12688199000.0,17013046000.0,3856138000.0,0.2569228306904363,872708467.6499557,43248327000.0,0.0201790110320326,0.0255987868747565,0.0080479171555331,2.180796519153639,0.188459005119969,0.1408035855369085,0.0621044120739483,0.1677023450738217,,,42.70370888004448,42.70370888004448,False,66.067483482714,66.067483482714,60.22653983204661,468.0,True,False,True,True,True,True,True,True,True,False,True,True,False,True,False,False,False,11,False,0.0791087988484988,0.0576580821045198,1.0,418514362.37246126,0.2446906740535549,1.0,3.0,,,,,,0.0347643000367625,0.028058823875706,0.1782810924795367,-1.564060978721007,0.5482905982905983,-1.564060978721007,0.6065503304009245,-468.0,0.4273504273504273,0.1452991452991453,0.6581196581196581,0.4619658119658119,0.3888888888888888,大亞
24.700000762939453,24.700000762939453,23.5,23.5,955315.0,0.0538116952463909,24.770000457763672,0.4551083935033932,19.435000133514404,0.5259740637735657,16.72500006357829,0.6262975993212214,16.116250014305116,0.1200115297177253,73.39742715855871,1562235.45,0.6115051351574438,0.2091587259356775,1617.TW,2026-07-09,0.0553616264514493,0.2731649217142393,bull,0.0277008310249307,0.0951940850277264,2026-03-31,2026-05-15,911155000.0,75347000.0,14007000.0,16464000.0,3663000.0,13556000.0,0.08,2297558000.0,1064440000.0,3434420000.0,1140178000.0,2294242000.0,694430000.0,745000000.0,0.0,0.0,0.2224854227405247,10890646.68367347,2369980000.0,0.0045952483496373,0.0059087053588941,0.003947100238177,0.4969737281420181,0.0826939434015068,0.0153727960665309,0.0148778199098945,0.184011674370313,,,27.96265695638479,27.96265695638479,False,81.78912294355891,81.78912294355891,68.33250644676538,720.0,True,True,True,True,True,True,True,False,True,True,True,False,False,False,False,False,False,10,False,0.4050822069158313,0.4581555870094418,1.0,36712533.075,0.5346260387811634,0.0,3.0,,,,,,-0.0165729667946546,-0.0241960308042504,0.2515328106102331,-1.4798041792592609,0.4461538461538461,-1.4798041792592609,0.5762201520979776,-720.0,0.2051282051282051,0.5299145299145299,0.6239316239316239,0.2679487179487179,0.3863247863247863,榮星
59.59999847412109,60.20000076293945,58.5,58.79999923706055,7122539.0,0.0315789339835184,60.24000015258789,0.264516112624958,52.9875,0.4855461536482124,43.969797897338864,0.8848864472129843,39.82408409118652,0.0689968241601449,68.64034838220049,12805377.15,0.5562146992289094,0.1096956685456107,1708.TW,2026-07-09,0.0553616264514493,0.2731649217142393,bull,0.0637119113573407,0.1053604436229205,2026-03-31,2026-05-15,1553624000.0,474907000.0,259013000.0,341041000.0,63456000.0,277585000.0,1.11,3498403000.0,3484718000.0,12753792000.0,5350520000.0,7403272000.0,1675166000.0,1151880000.0,1099410000.0,,0.1860656050152327,210819589.4481896,9269074000.0,0.0227444067711822,0.0374949076570467,0.0217648994118768,0.7227236821772859,0.3056769205419072,0.1667153699994336,0.1786693562921273,0.0231199407842921,,,61.66803457963997,61.66803457963997,False,81.10666130061824,81.10666130061824,76.24700462037367,246.0,True,True,True,True,True,True,True,True,True,True,True,True,False,True,True,False,False,13,False,0.337281544353408,0.4764934480959875,1.0,752956166.6502726,0.1745152354570637,1.0,3.0,,,,,,0.0298333685646643,0.0289411911015635,0.2871243674175884,-1.0924784358490922,0.7884615384615384,-1.0924784358490922,0.7340364477600648,-246.0,0.6324786324786325,0.811965811965812,0.8376068376068376,0.6632478632478632,0.7273504273504274,東鹼
23.950000762939453,25.0,23.5,24.39999961853028,3836222.0,0.0427350434317148,24.280000305175783,0.1536643053720225,22.2,0.2609818675712594,20.085000038146973,0.4654654761297891,18.733333285649618,0.0449517542918743,74.80314511257713,2508220.45,1.5294596613308051,0.0990990819157782,1709.TW,2026-07-09,0.0553616264514493,0.2731649217142393,bull,0.1218836565096952,0.1968576709796672,2026-03-31,2026-05-15,2424471000.0,492933000.0,320616000.0,344786000.0,79982000.0,264726000.0,0.55,5694389000.0,2189161000.0,12130526000.0,3134319000.0,8996207000.0,600735000.0,285000000.0,20699000.0,,0.2319757762786192,246240854.51265424,9941365000.0,0.0247693203612033,0.0294264015934715,0.021823126218929,0.34840449980753,0.2033156923716555,0.1322416312671919,0.1091891798252072,-0.0753599255550004,,,52.52750676874495,52.52750676874495,False,79.09246920095569,79.09246920095569,72.451228592903,330.0,True,True,True,True,True,True,True,False,True,False,True,True,True,True,False,False,False,12,False,0.2148369216922043,0.3024910861550476,1.0,61200578.02318984,0.458910433979686,0.0,3.0,,,,,,0.07390178093719,0.082157825624274,0.268423855832143,-0.9788587240748536,0.8876068376068376,-0.9788587240748536,0.8601793319733335,-330.0,0.5384615384615384,0.6239316239316239,0.9572649572649572,0.6012820512820513,0.6478632478632479,和益
17.100000381469727,17.25,16.25,16.399999618530273,10487345.0,-0.108695654427397,17.70999984741211,0.1508771662126506,15.41749987602234,0.1271477253294781,13.98583329518636,0.3497942496655077,13.751249980926511,0.047028864230969,65.363127181996,14765327.35,0.7102683707178358,0.0637262688768327,1710.TW,2026-07-09,0.0553616264514493,0.2731649217142393,bull,0.1246537396121883,0.3040665434380776,2026-03-31,2026-05-15,5345825000.0,88577000.0,-176669000.0,-219291000.0,-8101000.0,-127331000.0,-0.15,7085020000.0,12457768000.0,36888664000.0,23663579000.0,13225085000.0,2362413000.0,9628981000.0,8250000000.0,,0.0369417805564295,-170142532.57087615,24430896000.0,-0.0069642362920654,-0.0096279910488287,-0.0034517650191939,1.7892950404477552,0.0165693789078392,-0.0330480328106513,-0.0238187744641846,-0.1284074295508901,,,6.405846346837272,6.405846346837272,False,74.12132754097846,74.12132754097846,57.19245724244316,1067.0,True,False,True,True,True,True,True,True,True,False,True,True,False,True,False,False,False,11,False,0.1726151222018941,0.1926188267450357,1.0,242151362.9074746,0.296398891966759,0.0,3.0,,,,,,0.0316196956032039,0.0615460571100454,0.2697203804796652,-1.242681350993205,0.7850427350427351,-1.242681350993205,0.6601425147771571,-1067.0,0.0256410256410256,0.0854700854700854,0.7350427350427351,0.132051282051282,0.1854700854700854,東聯
23.89999961853028,24.799999237060547,23.450000762939453,23.850000381469727,12899332.0,0.1276596128433913,23.870000457763677,0.1413593951509517,21.24250011444092,0.3786127996108568,19.68719399770101,0.3551136286667558,19.078597005208337,0.0306666461406718,69.45812159895489,7721406.05,1.6705936608527407,0.1227492175111812,1810.TW,2026-07-09,0.0553616264514493,0.2731649217142393,bull,0.1301939058171745,0.1386321626617375,2026-03-31,2026-05-15,1034852000.0,179603000.0,-198009000.0,1214854000.0,120841000.0,1098423000.0,3.64,4420438000.0,1355686000.0,10192500000.0,2087067000.0,8105433000.0,789858000.0,199591000.0,341555000.0,,0.0994695658902222,-178313130.727643,8836814000.0,-0.020178441090606,0.1355168810845762,0.107767770419426,0.2574898836373084,0.1735542860235086,-0.1913404042317162,1.0614300402376378,-0.0814045247519216,,,46.52348272920723,46.52348272920723,False,82.64218536410749,82.64218536410749,73.61250970538242,408.0,True,True,True,True,True,True,True,True,True,True,False,True,True,True,False,False,False,13,False,0.211447420300467,0.2500919420311056,1.0,184155537.23798263,0.3277931671283471,0.0,3.0,,,,,,0.0044092084484919,-0.0394920639987568,0.1647289755411859,-1.818285374116433,0.294017094017094,-1.818285374116433,0.3726030669405989,-408.0,0.4957264957264957,0.7008547008547008,0.2735042735042735,0.4623931623931624,0.5128205128205128,和成
23.200000762939453,23.600000381469727,22.600000381469727,23.39999961853028,3429421.0,0.0660591710793474,23.50999984741211,0.0308812152298323,22.37347383499145,0.2380952429008529,20.156758530934653,0.368420999796438,19.17046256065369,0.0163858495454418,55.813956239191626,3554400.75,0.9648380250876326,0.0458813768085206,1904.TW,2026-07-09,0.0553616264514493,0.2731649217142393,bull,0.3730378578024007,0.2088724584103512,2026-03-31,2026-05-15,10422205000.0,2150150000.0,696170000.0,676222000.0,51875000.0,623134000.0,0.56,23384595000.0,24639229000.0,73010397000.0,42553667000.0,30456730000.0,6316415000.0,12166669000.0,15580624000.0,,0.0767129729585846,642764729.6154221,48371168000.0,0.0132881788096459,0.0204596488198174,0.0085348666163258,1.3971843661483028,0.2063047119107713,0.0667968054744653,0.0597890753444208,0.0134174531712039,,,33.04763840274124,33.04763840274124,False,66.64823002770329,66.64823002770329,58.24808212146279,632.0,True,False,True,True,True,True,True,True,False,False,True,True,True,True,False,False,False,11,False,0.160900924750287,0.2206278040759162,1.0,83172976.19410373,0.4238227146814404,0.0,3.0,,,,,,0.0485610827436035,0.0538290496317079,0.2182739400967014,-1.5808483446963897,0.6807692307692307,-1.5808483446963897,0.5818392933050031,-632.0,0.2649572649572649,0.1025641025641025,0.6324786324786325,0.32008547008547,0.2897435897435897,正隆
8255.0,8545.0,8005.0,8250.0,662808.0,0.0469543147208122,8078.0,0.2951334379905808,7381.75,1.3947750362844702,5604.666666666667,1.5741029641185649,4456.125,0.0732407676650189,70.82706766917293,580058.3,1.1426575570076318,0.1176211602939683,2059.TW,2026-07-09,0.0553616264514493,0.2731649217142393,bull,0.0544783010156971,0.0175600739371534,2026-03-31,2026-05-15,5449725000.0,4236615000.0,3654349000.0,4351760000.0,865950000.0,3485810000.0,36.58,34276607000.0,6265438000.0,39510069000.0,7981426000.0,31528643000.0,27231577000.0,,257007000.0,,0.1989884552456937,2927175737.561354,33244631000.0,0.088049578217949,0.1105601024439903,0.088225864652375,0.2531484149190943,0.7773997770529706,0.6705565877177289,0.6396304400680768,0.3782121233655666,,,100.0,100.0,True,83.91722545399455,83.91722545399455,87.93791909049591,1.0,True,True,True,True,True,True,True,True,True,True,True,True,True,True,True,True,True,15,True,0.4719876293564886,0.8513843305562567,1.0,4785480975.0,0.0406278855032317,3.0,0.0,,,,,,-0.0766621756851529,-0.1287685800563398,0.1477561774099291,-1.8086109581537024,0.1145299145299145,-1.8086109581537024,0.1446967395370466,-1.0,1.0,0.9914529914529916,0.1025641025641025,0.8653846153846153,0.817948717948718,川湖
23.700000762939453,23.700000762939453,22.5,23.049999237060547,7553707.0,0.0771027872870395,23.839999771118165,0.0950118799281858,21.914840412139892,0.155388388750334,20.65744679768881,0.5627118126820709,19.309556770324708,0.0281494014685782,60.433059948711424,7282209.35,1.0372823187237814,0.0517986352431669,2103.TW,2026-07-09,0.0553616264514493,0.2731649217142393,bull,0.1819021237303786,0.2698706099815157,2026-03-31,2026-05-15,10330865000.0,1265731000.0,651038000.0,844918000.0,343164000.0,435719000.0,0.53,20606457000.0,11013075000.0,44846222000.0,22698723000.0,22147499000.0,6501177000.0,5243271000.0,6369581000.0,,0.4,390622800.0,33833147000.0,0.0115455650637524,0.0196735080561466,0.0097158462980449,1.0248887696078008,0.1225193630930227,0.0630187307645584,0.0421764295632553,-0.0044362000632366,,,30.459795491848286,30.459795491848286,False,76.79347657452553,76.79347657452553,65.21005630385622,675.0,True,True,True,True,True,True,True,True,True,False,True,True,True,True,False,False,False,13,False,0.1158203365015768,0.1937093901857043,1.0,167854919.96161518,0.3324099722991689,0.0,3.0,,,,,,0.0222526865862947,0.0247447878306609,0.2266162391301292,-1.7561796124954254,0.5547008547008546,-1.7561796124954254,0.5142882830514321,-675.0,0.2307692307692307,0.3247863247863248,0.4871794871794871,0.2692307692307692,0.3102564102564102,台橡
34.79999923706055,37.70000076293945,33.54999923706055,36.0,5328800.0,-0.0425531526343628,38.20000076293945,0.589404000278565,34.86500024795532,1.0111732272179723,24.156666707992557,2.050847408313308,19.253333338101704,0.1254034934309217,54.39251925958102,5976110.5,0.89168364607716,0.0325541300436744,2305.TW,2026-07-09,0.0553616264514493,0.2731649217142393,bull,0.0175438596491228,0.0351201478743068,2026-03-31,2026-05-15,246934000.0,104237000.0,18562000.0,63999000.0,14151000.0,32176000.0,0.16,1660268000.0,336947000.0,3155900000.0,667749000.0,2488151000.0,393143000.0,0.0,,,0.221112829887967,14457703.651619555,2818953000.0,0.0051287494511684,0.0129316910428667,0.0101955068284799,0.2683715739117119,0.4221249402674399,0.0751698834506386,0.1303020240226133,0.4915977046209605,,,55.093877523246825,55.093877523246825,False,78.96687941684264,78.96687941684264,72.99862894344369,307.0,True,True,True,True,True,True,True,True,True,True,True,False,True,True,False,False,False,13,False,0.490271834072576,0.8698060937197405,1.0,215139978.0,0.3139427516158818,1.0,3.0,,,,,,-0.0081908392538871,-0.0130955018090922,0.2174367328376461,-1.7755278371075578,0.3786324786324786,-1.7755278371075578,0.2367554622775088,-307.0,0.5555555555555556,0.6495726495726496,0.1794871794871795,0.4991452991452991,0.5085470085470085,全友
217.5,223.5,207.0,208.0,3226728.0,-0.02803738317757,213.8,0.3248407643312101,205.0,0.7552742616033756,159.75833333333333,1.1311475743019788,129.7516667683919,0.0649350649350649,50.97276264591439,4551617.5,0.708918972211527,0.0146341463414634,2316.TW,2026-07-09,0.0553616264514493,0.2731649217142393,bull,0.0443213296398892,0.0582255083179297,2026-03-31,2026-05-15,1022324000.0,63362000.0,-73021000.0,821202000.0,181542000.0,639660000.0,3.53,7528022000.0,3322172000.0,20029645000.0,6292603000.0,13737042000.0,1075192000.0,849278000.0,1341050000.0,,0.2210686286687075,-56878347.66598231,16707473000.0,-0.0034043656791175,0.046564609760966,0.0319356633629802,0.458075544939005,0.0619783943250867,-0.0714264753639746,0.6256920506610428,0.1737561496466644,,,45.827164257188265,45.827164257188265,False,73.43423459797702,73.43423459797702,66.53246701277983,418.0,True,False,True,True,True,True,True,True,True,True,True,True,False,True,False,False,False,12,False,0.3019665119190444,0.603062258701325,1.0,946736440.0,0.1597414589104339,2.0,3.0,,,,,,-0.1485918703608137,-0.2205085306206741,0.0930426756934755,-1.62564533953425,0.0871794871794871,-1.62564533953425,0.0748531608803886,-418.0,0.4871794871794871,0.4102564102564102,0.0683760683760683,0.4243589743589743,0.3803418803418803,楠梓電
2450.0,2460.0,2415.0,2415.0,27134789.0,-0.0202839756592292,2445.0,0.0738105824811026,2411.25,0.1751824817518248,2293.084513346354,0.4210435357491178,2061.7327036539714,0.0136813492050641,50.413223140495866,32247854.6,0.8414447825003527,0.0015552099533437,2330.TW,2026-07-09,0.0553616264514493,0.2731649217142393,bull,0.2206832871652816,0.255083179297597,2026-03-31,2026-05-15,1134103440000.0,751295421000.0,658966142000.0,687799687000.0,114998383000.0,572479752000.0,22.08,4265512176000.0,1714253448000.0,8660949685000.0,2728560764000.0,5932388921000.0,3035637228000.0,,40991672000.0,860026070000.0,0.167197492487373,548788655423.5218,6946696237000.0,0.0789999500050863,0.096500711538565,0.0660989582922395,0.4599430010971123,0.6624575805889452,0.5810458894296273,0.5047861877572649,0.351323787607557,,,99.15374073493592,99.15374073493592,True,62.13202273204694,62.13202273204694,71.38745223276919,5.0,True,False,True,True,True,True,True,True,True,False,True,True,True,True,True,True,True,13,False,0.0531665910890182,0.1713448575171454,1.0,77878568859.0,0.0009233610341643,3.0,0.0,,,,,,-0.0449130845718282,-0.1275887869623,0.1418127399269415,-1.6729157597514428,0.1495726495726496,-1.6729157597514428,0.2068665172262997,-5.0,0.9829059829059827,0.5726495726495726,0.1623931623931624,0.8598290598290598,0.6957264957264957,台積電
2485.0,2540.0,2465.0,2470.0,2765797.0,-0.1018181818181818,2544.0,0.0443974630021142,2481.0,0.306878306878307,2417.25,0.9919354838709676,1908.0416666666667,0.0093572009764035,51.42857142857142,3369365.55,0.8208658155242313,-0.0044336960902862,2345.TW,2026-07-09,0.0553616264514493,0.2731649217142393,bull,0.3213296398891966,0.1728280961182994,2026-03-31,2026-05-15,70120741000.0,13708805000.0,10048687000.0,10361703000.0,2028594000.0,8341044000.0,14.92,143785613000.0,93448561000.0,164483519000.0,99078985000.0,65404534000.0,25097469000.0,580523000.0,2402068000.0,,0.195778049226078,8081374661.85655,71034958000.0,0.1137661637226075,0.1275300577785632,0.0507105152583706,1.5148641682853363,0.195502854141259,0.1433054878869577,0.118952593498691,0.640229727043816,,,78.68494419785428,78.68494419785428,True,61.03940840036661,61.03940840036661,65.45079234973853,93.0,True,False,True,True,False,True,True,True,False,True,True,True,True,True,True,True,False,11,False,0.0218223187506463,0.294520996658878,1.0,8322332908.5,0.025854108956602,3.0,2.0,,,,,,0.0160399209224713,-0.0243017675175946,0.3154312436773484,-0.775224587188141,0.7055555555555555,-0.775224587188141,0.7054148362614793,-93.0,0.8547008547008547,0.358974358974359,0.811965811965812,0.8482905982905983,0.6974358974358974,智邦
33.95000076293945,34.29999923706055,33.0,33.0,20131558.0,0.0344827709913435,33.890000915527345,0.096345501055727,31.79750003814697,0.3636363206457873,28.5808334350586,0.38075316011362,26.61500004132589,0.0212783103896474,56.86900685901918,21684627.1,0.9283792572112064,0.0378174372328141,2352.TW,2026-07-09,0.0553616264514493,0.2731649217142393,bull,0.1791320406278855,0.1423290203327172,2026-03-31,2026-05-15,51541496000.0,8592872000.0,692353000.0,694389000.0,319139000.0,317514000.0,0.2,124175179000.0,108440981000.0,212242628000.0,151802424000.0,60440204000.0,22472608000.0,44759544000.0,32099394000.0,3962934000.0,0.4,415411800.0,103801647000.0,0.004001976962851,0.0052533575167946,0.0014959954227479,2.511613362522734,0.1667175512328939,0.013432924026885,0.0061603566958941,0.0360722174845842,,,13.246699508454135,13.246699508454135,False,74.62927399671244,74.62927399671244,59.28363037464786,993.0,True,False,True,True,True,True,True,True,True,True,True,True,True,True,False,False,False,13,False,0.1546199334943341,0.239902308801801,1.0,715592694.3000001,0.1809787626962142,1.0,3.0,,,,,,-0.0052935974557272,-0.0192346295243292,0.3285169941956029,-1.572651545256083,0.5538461538461539,-1.572651545256083,0.5093646575469195,-993.0,0.0854700854700854,0.1367521367521367,0.4615384615384615,0.1418803418803418,0.176068376068376,佳世達
42.04999923706055,45.34999847412109,41.59999847412109,42.5,44503056.0,0.0638297669177045,41.85,0.3665594687684543,39.230000019073486,0.3260530736879314,34.70833346048991,0.7525773195876289,31.58416668574016,0.0596974591632897,61.23259991087418,31929242.25,1.393802447660655,0.0833545750531901,2369.TW,2026-07-09,0.0553616264514493,0.2731649217142393,bull,0.0378578024007386,0.1617375231053604,2026-03-31,2026-05-15,1689388000.0,122483000.0,26360000.0,41085000.0,6924000.0,35715000.0,0.1,3843835000.0,1552915000.0,7605865000.0,2586551000.0,5019314000.0,1316036000.0,94202000.0,856519000.0,,0.1685286600949251,21917584.519897774,6052950000.0,0.0036209756432644,0.0071155141917799,0.0046957183699684,0.5153196233588893,0.0725014028748872,0.0156032835559386,0.0211407918133667,0.3962553576948315,,,32.23206079275766,32.23206079275766,False,89.79028515653272,89.79028515653272,75.40072906558895,645.0,True,True,True,True,True,True,True,True,True,True,True,True,True,True,False,False,False,14,False,0.2244897914323573,0.3456109329358434,1.0,1356992795.625,0.1246537396121883,1.0,3.0,,,,,,-0.0426394616072997,-0.0756363468085359,0.190454809055653,-1.639203253322006,0.2205128205128205,-1.639203253322006,0.1956224075914157,-645.0,0.2564102564102564,0.7692307692307693,0.1367521367521367,0.2384615384615384,0.3863247863247863,菱生
143.5,147.5,141.5,145.0,19742558.0,0.0139860139860139,141.9,0.0984848484848484,138.7,0.6310460912398332,121.42999992370603,0.5135698891539799,107.5691665649414,0.0089107110383705,58.44155844155844,16632067.35,1.18701768003603,0.0454217736121125,2377.TW,2026-07-09,0.0553616264514493,0.2731649217142393,bull,0.175438596491228,0.0711645101663586,2026-03-31,2026-05-15,56256838000.0,8440506000.0,3876357000.0,4133431000.0,716617000.0,3416814000.0,4.04,106512512000.0,56814984000.0,119099762000.0,64185562000.0,54914200000.0,25875075000.0,0.0,6305082000.0,,0.1733709840565864,3204309172.355363,62284778000.0,0.0514461040923251,0.0622209555998266,0.0286886719387398,1.1688335985956273,0.1500352010541367,0.0689046369794192,0.0607359766647389,0.0507372103469625,,,60.05362798212559,60.05362798212559,False,80.45864497636765,80.45864497636765,75.35739072780714,263.0,True,True,True,True,True,True,True,True,True,True,True,True,True,True,True,False,False,14,False,0.194103599531441,0.3479699121073039,1.0,2411649765.75,0.074792243767313,2.0,3.0,,,,,,0.0283412672485878,0.0174905206266288,0.2124934325939346,-0.873013924672238,0.6752136752136753,-0.873013924672238,0.6402426461428788,-263.0,0.6068376068376068,0.7606837606837606,0.717948717948718,0.6235042735042734,0.6752136752136751,微星
820.0,848.0,811.0,840.0,6876746.0,0.0357583230579532,797.0,0.3023255813953489,774.15,0.6030534351145038,640.1833333333333,0.640625,566.4375,0.0563553251006344,52.17391304347826,5968263.2,1.152218957099613,0.085061034683201,2379.TW,2026-07-09,0.0553616264514493,0.2731649217142393,bull,0.0512465373961218,0.0757855822550831,2026-03-31,2026-05-15,36422566000.0,18086981000.0,4331688000.0,4977325000.0,647630000.0,4329661000.0,8.44,108499843000.0,94606737000.0,143076312000.0,97865250000.0,45211062000.0,10988581000.0,9771140000.0,,,0.1301160764065035,3768065753.2228656,48469575000.0,0.0777408457413308,0.0957655230483194,0.0302612007499885,2.16463063840438,0.4965872256227087,0.1189286883301961,0.1188730360183848,0.0399792749759324,,,74.41354387638152,74.41354387638152,False,80.11811190281196,80.11811190281196,78.69196989620436,127.0,True,True,True,True,True,True,True,True,True,True,True,True,True,True,True,False,False,14,False,0.3121241311082763,0.4829526646805693,1.0,5013341088.0,0.0350877192982456,3.0,3.0,,,,,,0.0462154180937376,0.0091936042619455,0.3203330842849377,-0.981258898480986,0.8405982905982907,-0.981258898480986,0.8412182199671248,-127.0,0.7948717948717948,0.8717948717948718,0.9316239316239316,0.8153846153846154,0.8452991452991453,瑞昱
12.75,13.149999618530272,12.600000381469728,12.899999618530272,1585700.0,0.0705393704847379,13.049999809265136,0.1168830654114054,12.362499952316284,0.2772276367630288,11.071833340326943,0.3298968940399973,10.692083358764648,0.0191673441285675,56.626497441165135,1481202.4,1.0705491700526546,0.0434782340373864,2390.TW,2026-07-09,0.0553616264514493,0.2731649217142393,bull,0.1532779316712834,0.188539741219963,2026-03-31,2026-05-15,148356000.0,34460000.0,-10060000.0,106739000.0,2535000.0,104204000.0,0.54,1736331000.0,343966000.0,2788406000.0,357128000.0,2431278000.0,330191000.0,179250000.0,,,0.023749519856847,-9821079.83024012,2444440000.0,-0.004017721780956,0.0428597634659631,0.0373704546611935,0.1468890024094324,0.2322791124052953,-0.0678098627625441,0.702391544662838,-0.2235881494041731,,,41.62410520689323,41.62410520689323,False,75.03981715198911,75.03981715198911,66.68588916571514,488.0,True,True,True,True,True,True,True,True,True,True,True,True,True,True,False,False,False,14,False,0.165118659395332,0.2065000978462932,1.0,19107510.39496612,0.6168051708217913,0.0,3.0,,,,,,0.0583493608349221,0.0653461457463314,0.1368325357657447,-1.2111271281187428,0.6854700854700854,-1.2111271281187428,0.66086286993508,-488.0,0.4017094017094017,0.4188034188034188,0.7435897435897436,0.452991452991453,0.4752136752136752,云辰
547.0,562.0,537.0,540.0,6665905.0,0.0588235294117647,523.7,0.1600429645542427,493.825,0.569767441860465,458.2083333333333,0.875,387.47083333333336,0.0179859822716964,61.05769230769231,2828194.75,2.356946953529279,0.0935047840834304,2395.TW,2026-07-09,0.0553616264514493,0.2731649217142393,bull,0.1191135734072022,0.088724584103512,2026-03-31,2026-05-15,20385264000.0,7979823000.0,3728486000.0,4068287000.0,750007000.0,3334165000.0,3.85,49300373000.0,29811036000.0,83769137000.0,34044129000.0,49725008000.0,10001958000.0,,43915000.0,,0.184354496130681,3041122842.1397014,53958101000.0,0.0563608204473263,0.0670520756879516,0.0398018305954375,0.6846480346468723,0.3914505595806853,0.182901040673302,0.1635576071028562,0.1748587968840969,,,87.43653384699755,87.43653384699755,False,86.93644097137945,86.93644097137945,87.06146419028397,49.0,True,True,True,True,True,True,True,True,True,True,True,True,True,True,True,False,False,14,False,0.1785032281531327,0.3936532857311841,1.0,1527225165.0,0.1117266851338873,3.0,2.0,,,,,,-0.0278952489481421,-0.0748770606741365,0.274775840736713,-1.5707439206764926,0.4029914529914529,-1.5707439206764926,0.4216728885359284,-49.0,0.9145299145299144,0.9743589743589745,0.3504273504273504,0.8299145299145299,0.8196581196581196,研華
32.0,34.20000076293945,31.850000381469727,33.0,12923756.0,-0.0379008532354694,32.48000030517578,0.3017751283397316,32.06500005722046,0.5034168042361733,28.16750001907349,0.6136918713374477,24.75958336194357,0.0486468807854273,52.16138300017216,17203648.25,0.7512218229642076,0.0291595178890073,2401.TW,2026-07-09,0.0553616264514493,0.2731649217142393,bull,0.0526315789473684,0.099815157116451,2026-03-31,2026-05-15,1739082000.0,864981000.0,136169000.0,147902000.0,55276000.0,-13071000.0,-0.02,8420093000.0,2112087000.0,13991066000.0,3521723000.0,10469343000.0,4482097000.0,135979000.0,837500000.0,,0.3737339589728333,85278020.54062825,11878979000.0,0.0071789015319101,-0.0012485024131886,-0.0009342390351099,0.3363843366293377,0.4973779269752663,0.0782993556370545,-0.0075160343215558,0.1277895912328384,,,43.7050877891644,43.7050877891644,False,73.53494797238736,73.53494797238736,66.07748292658162,454.0,True,False,True,True,True,True,True,True,True,True,True,True,False,True,False,False,False,12,False,0.1715629707164003,0.332817257770269,1.0,567720392.25,0.2068328716528162,1.0,3.0,,,,,,-0.0061302105600313,-0.0354253518986086,0.2179171958443062,-1.5725973761136047,0.4098290598290598,-1.5725973761136047,0.3376275211557915,-454.0,0.452991452991453,0.3846153846153846,0.2393162393162393,0.4209401709401709,0.3897435897435897,凌陽
1220.0,1245.0,1200.0,1215.0,1926834.0,-0.1227436823104692,1269.0,0.0565217391304346,1294.25,0.3278688524590163,1139.5833333333333,0.1911764705882352,1056.1166666666666,0.0180924287118977,45.37037037037037,3474970.55,0.5544893035136658,-0.0612323739617539,2404.TW,2026-07-09,0.0553616264514493,0.2731649217142393,bull,0.2714681440443213,0.1608133086876155,2026-03-31,2026-05-15,20288456000.0,4731351000.0,3970281000.0,4415769000.0,1328758000.0,3081118000.0,16.31,80001823000.0,69797396000.0,85443204000.0,70802446000.0,14640758000.0,30246120000.0,,,,0.3009120268745942,2775575697.0283093,15645808000.0,0.1774005981045088,0.2104479836358199,0.0360604220787413,4.8359822626670015,0.2332040939931555,0.1956916287764825,0.1518655732106967,0.7615308303510635,,,76.52353900012174,76.52353900012174,False,62.83562296147997,62.83562296147997,66.25760197114042,107.0,True,False,True,True,False,True,True,False,True,True,True,True,False,True,True,False,False,10,False,0.0661791590493601,0.1504410813199299,1.0,4222089218.25,0.0461680517082179,3.0,3.0,,,,,,0.0386902105538269,0.0029593770428366,0.2924207557608351,-0.4195146596408263,0.8021367521367521,-0.4195146596408263,0.6489473663849294,-107.0,0.8461538461538461,0.4017094017094017,0.7264957264957265,0.8282051282051281,0.6888888888888889,漢唐
414.0,435.5,412.5,435.5,83436696.0,0.0734635940679335,412.3681884765625,0.3078078078078077,427.4174453735352,0.9795454545454544,335.38914845784507,0.9059080962800876,293.3612408955892,0.0327824913939093,45.94440973244301,104043117.4,0.8019434450356059,0.018910212285325,2408.TW,2026-07-09,0.0553616264514493,0.2731649217142393,bull,0.0489381348107109,0.0397412199630314,2026-03-31,2026-05-15,49086932000.0,33325482000.0,30111283000.0,31718134000.0,5659880000.0,26059487000.0,8.41,141606845000.0,25207062000.0,240968098000.0,47930660000.0,193037438000.0,86281008000.0,0.0,13800000000.0,3996400000.0,0.1784430319892084,24738134364.394894,215761036000.0,0.1146552446308929,0.1349970620724877,0.1081449669740099,0.2482972240856201,0.6789074126694249,0.6134276837672398,0.5308844113541258,5.829068133568171,,,100.0,100.0,True,74.11417648037998,74.11417648037998,80.58563236028499,2.0,True,False,True,True,True,True,True,False,True,True,True,True,True,True,True,True,True,13,False,0.2984916238419617,0.4845178547461888,1.0,45310777627.700005,0.002770083102493,2.0,0.0,,,,,,-0.0999947993078858,-0.1304315928944542,0.1738615177155575,-1.673643373433236,0.135042735042735,-1.673643373433236,0.1351646433906034,-2.0,0.9914529914529916,0.9145299145299144,0.094017094017094,0.8568376068376068,0.7888888888888889,南亞科
30.0,32.349998474121094,29.39999961853028,31.450000762939453,584096995.0,0.0311475659980149,30.410000228881835,0.3703703580579451,28.72000007629395,0.5883839381202134,23.357500076293945,1.069079023525326,19.527083373069765,0.0442687034466105,57.39910405952978,504682580.65,1.1573551721315984,0.0950557339621631,2409.TW,2026-07-09,0.0553616264514493,0.2731649217142393,bull,0.0360110803324099,0.0850277264325323,2026-03-31,2026-05-15,69031355000.0,8183487000.0,-635608000.0,-501422000.0,538028000.0,-1143537000.0,-0.15,139726713000.0,124948160000.0,376390658000.0,214627241000.0,161763417000.0,53064131000.0,12198589000.0,72270609000.0,,0.0,-635608000.0,251442498000.0,-0.0025278463468017,-0.0070691941429501,-0.0030381652033457,1.3267971521645094,0.118547390529999,-0.0092075260582672,-0.0165654723132698,-0.0425858019689946,,,11.660468541521832,11.660468541521832,False,87.02558320441328,87.02558320441328,68.18430453869041,1022.0,True,True,True,True,True,True,True,True,True,True,True,True,True,True,False,False,False,14,False,0.3464626205806489,0.6105836269595104,1.0,15872267546.48475,0.012927054478301,1.0,3.0,,,,,,-0.0808606685464709,-0.1538487791046907,0.2113859297859943,-1.750514078097296,0.1837606837606837,-1.750514078097296,0.1519510242817198,-1022.0,0.0683760683760683,0.4957264957264957,0.1111111111111111,0.0747863247863247,0.2051282051282051,友達
38.400001525878906,38.84999847412109,37.09999847412109,38.29999923706055,919520.0,0.0213333129882813,38.630001068115234,0.4344568592755362,33.90500030517578,0.311643775217663,29.538333479563395,0.4674328995126176,28.69000012079875,0.0903682301978347,72.91066405977313,1360137.45,0.6760493213388103,0.1296268660175721,2415.TW,2026-07-09,0.0553616264514493,0.2731649217142393,bull,0.0313942751615881,0.1709796672828096,2026-03-31,2026-05-15,616855000.0,153539000.0,68694000.0,63743000.0,21189000.0,31052000.0,0.35,8700617000.0,6499060000.0,10396905000.0,7194884000.0,3202021000.0,670954000.0,4442658000.0,608333000.0,,0.3324129708360133,45859223.38139091,3897845000.0,0.0117652762953352,0.009697625343494,0.0029866580487173,2.24698214034199,0.2489061448800771,0.1113616652211621,0.0503392207244814,0.1450722474679973,,,33.42135071039564,33.42135071039564,False,79.78368006308212,79.78368006308212,68.1930977249105,620.0,True,True,True,True,True,True,True,False,True,True,True,False,False,True,False,False,False,11,False,0.296620178777488,0.3349598841338117,1.0,52093263.29729748,0.481994459833795,1.0,3.0,,,,,,0.0682052729516161,0.0654494821368503,0.3251502281540303,-1.1744305521063885,0.9273504273504274,-1.1744305521063885,0.8305174252477266,-620.0,0.282051282051282,0.5042735042735043,0.9145299145299144,0.3769230769230769,0.4752136752136752,錩新
74.5999984741211,79.69999694824219,74.5999984741211,79.69999694824219,350692.0,0.0887978179096917,75.25999908447265,0.0770269857870566,74.9667179107666,0.6020099889093906,70.52390581766764,0.4543795266030239,60.17278626759847,-0.0021961450748238,58.44558403298126,159432.8,2.199622662337988,0.0631384055403043,2423.TW,2026-07-09,0.0553616264514493,0.2731649217142393,bull,0.2123730378578024,0.0767097966728281,2026-03-31,2026-05-15,820800000.0,461178000.0,213132000.0,243452000.0,55144000.0,188308000.0,1.3,2664242000.0,1034835000.0,3975985000.0,1167087000.0,2808898000.0,648483000.0,5955000.0,,,0.2265087162972577,164855744.27813286,2941150000.0,0.0560514575176828,0.0670398141904761,0.047361345679121,0.4154963975195966,0.5618640350877193,0.2596637426900585,0.2294200779727095,0.2750548748945609,,,96.18369172987968,96.18369172987968,False,69.1375022596332,69.1375022596332,75.89904962719481,15.0,True,False,True,True,True,True,False,True,True,True,True,True,True,True,True,False,True,13,False,0.1301132009661858,0.3245189709813825,1.0,12706793.673449706,0.6657433056325023,1.0,0.0,,,,,,0.056992148600988,0.0366192316115896,0.1952787104373593,-0.9642734007867132,0.7217948717948719,-0.9642734007867132,0.6235420956629992,-15.0,0.9487179487179488,0.7863247863247863,0.6666666666666666,0.9064102564102564,0.8435897435897435,固緯
25.450000762939453,25.799999237060547,24.64999961853028,25.25,1901080.0,0.0412371134020619,25.649999618530277,0.1322870342541009,23.19499979019165,0.1297538957061785,22.168333276112875,-0.032567063948137,23.64166668256124,0.0247404438504366,66.12022006005122,2576314.15,0.7379069047150171,0.0885966901658406,2427.TW,2026-07-09,0.0553616264514493,0.2731649217142393,bull,0.1394275161588181,0.300369685767098,2026-03-31,2026-05-15,1890793000.0,357573000.0,67436000.0,69774000.0,14029000.0,55745000.0,0.28,4940961000.0,2339035000.0,7300949000.0,3856451000.0,3444498000.0,346523000.0,200000000.0,804109000.0,439525000.0,0.2010634333705964,53877086.30722045,4961914000.0,0.0108581257771135,0.0161837806263786,0.0076353087797216,1.1195973985178682,0.1891127161989705,0.0356654588841824,0.0294823388916713,0.7052790975371306,,,39.51920272248769,39.51920272248769,False,75.00185648482115,75.00185648482115,66.13119304423779,520.0,True,True,True,True,True,True,True,True,True,False,True,True,False,True,False,False,False,12,False,0.1390121072930514,0.0680296080235793,1.0,65051932.2875,0.4506001846722068,0.0,3.0,,,,,,0.0220128585042657,0.0011892502991111,0.1977500351869955,-1.884677568348436,0.4448717948717949,-1.884677568348436,0.8476911892652813,-520.0,0.3846153846153846,0.3931623931623931,0.9401709401709402,0.4679487179487179,0.4982905982905983,三商電
310.0,331.0,308.5,325.0,3738741.0,0.045016077170418,324.2,0.1363636363636364,307.35,0.7567567567567568,249.00833333333333,0.8207282913165266,208.90833333333333,0.0380815671704805,52.67857142857143,2801933.35,1.3343433026342328,0.0574263868553766,2428.TW,2026-07-09,0.0553616264514493,0.2731649217142393,bull,0.1338873499538319,0.0573012939001848,2026-03-31,2026-05-15,2053739000.0,697718000.0,408603000.0,362327000.0,77885000.0,283006000.0,2.21,11421979000.0,3081899000.0,17353650000.0,5491553000.0,11862097000.0,3511782000.0,945000000.0,390554000.0,,0.2149577591512639,320770614.7375161,14271751000.0,0.0224759116619618,0.023858007568139,0.0163081541923457,0.4629495948313354,0.3397306084171357,0.1989556608702469,0.1378003728808772,0.083226526493898,,,64.00836216806215,64.00836216806215,False,77.87654183441533,77.87654183441533,74.40949691782704,223.0,True,True,True,True,True,True,True,True,True,True,True,True,True,True,True,False,False,14,False,0.305177202904856,0.5557062507479358,1.0,910628338.75,0.1634349030470914,2.0,3.0,,,,,,0.0101952423694773,-0.0562404723543423,0.2396427017681794,-1.3952311433492834,0.4961538461538461,-1.3952311433492834,0.5565783471367998,-223.0,0.6666666666666666,0.7264957264957265,0.5726495726495726,0.6525641025641026,0.6658119658119658,興勤
140.0,148.0,138.5,144.5,13838757.0,0.0176056338028169,140.6,0.1991701244813277,135.1,0.5914096381432072,116.5766668955485,0.6109253613841032,104.01833356221518,0.0250379362670711,57.03703703703704,11347309.0,1.2195628937222032,0.069578090303479,2441.TW,2026-07-09,0.0553616264514493,0.2731649217142393,bull,0.0951061865189289,0.0822550831792976,2026-03-31,2026-05-15,4722344000.0,1115834000.0,923616000.0,1008584000.0,210655000.0,797945000.0,1.4,12295231000.0,3780793000.0,29303556000.0,4066699000.0,25236857000.0,6332374000.0,,,,0.2088621274975609,730707597.2492127,25522763000.0,0.0286296431639949,0.0316182399416852,0.0272303129353993,0.1611412625589628,0.2362881653687236,0.1955842268161743,0.1689722307396496,0.2119643633492949,,,73.76313956490999,73.76313956490999,False,83.31501011685468,83.31501011685468,80.9270424788685,132.0,True,True,True,True,True,True,True,True,True,True,True,True,True,True,True,False,False,14,False,0.2395276331709717,0.3891781866854464,1.0,1639686150.5,0.1052631578947368,2.0,3.0,,,,,,-0.0159969698396847,-0.067513568005105,0.208081958495884,-1.3370138120173467,0.3769230769230769,-1.3370138120173467,0.4287255484577084,-132.0,0.7863247863247863,0.9230769230769232,0.3675213675213675,0.7235042735042735,0.7435897435897436,超豐
184.5,187.0,180.0,183.5,6277608.0,-0.0107816711590296,184.1,0.2525597269624573,172.1,0.3443223443223444,156.575,0.6284795863455239,139.23764616648356,0.041137326073805,56.14973262032085,8744288.3,0.7179095410200507,0.0662405578152236,2458.TW,2026-07-09,0.0553616264514493,0.2731649217142393,bull,0.0692520775623268,0.1534195933456562,2026-03-31,2026-05-15,3224766000.0,1535871000.0,778771000.0,839901000.0,164027000.0,705046000.0,2.46,8628282000.0,4973856000.0,16710597000.0,6912540000.0,9798057000.0,3790288000.0,247000000.0,927254000.0,,0.1952932548002681,626682276.6659404,11736741000.0,0.0533949140281736,0.0719577361103328,0.0421915506669211,0.705501100881532,0.4762736272957479,0.2414969024109036,0.2186347784614449,0.0339486816438188,,,86.91654017956604,86.91654017956604,False,79.21780834666947,79.21780834666947,81.14249130489361,50.0,True,True,True,True,True,True,True,True,True,True,True,True,False,True,True,False,False,13,False,0.1719623183777743,0.3178907073780381,1.0,1604576903.0500002,0.1080332409972299,2.0,2.0,,,,,,0.011579352365963,-0.02222749524916,0.2653682522460972,-1.4530156628662607,0.5495726495726496,-1.4530156628662607,0.6243299491906769,-50.0,0.905982905982906,0.9316239316239316,0.6752136752136753,0.8713675213675213,0.8675213675213675,義隆
362.0,384.0,352.5,376.0,8026914.0,-0.1214953271028037,385.2,0.1207153502235469,387.9,1.1064425770308124,296.96666666666664,2.3422222222222224,208.51666666666668,0.0217978268027658,45.79288025889968,12950015.0,0.6198382009596128,-0.0306780097963391,2472.TW,2026-07-09,0.0553616264514493,0.2731649217142393,bull,0.1449676823638042,0.0295748613678373,2026-03-31,2026-05-15,2943086000.0,883334000.0,549622000.0,520427000.0,122244000.0,262833000.0,1.6,11680366000.0,3302511000.0,18688580000.0,4096143000.0,14592437000.0,4465054000.0,1452324000.0,282000000.0,,0.2348917331345222,420520335.8511376,15386069000.0,0.0273312394381656,0.0180115905245984,0.0140638293546112,0.2807031478018373,0.3001386979517418,0.1867502342778974,0.0893052394663288,0.0925167204371126,,,62.238957459260455,62.238957459260455,False,69.91159799488995,69.91159799488995,67.99343786098257,240.0,True,False,True,True,False,True,True,False,True,True,True,True,False,True,True,False,False,10,False,0.2661353687282524,0.8032131724082805,1.0,4869205640.0,0.0397045244690674,2.0,3.0,,,,,,-0.052833281265694,-0.1261403884435241,0.2359222959201601,-1.3822756324115162,0.3307692307692307,-1.3822756324115162,0.3590772509382077,-240.0,0.6410256410256411,0.4786324786324786,0.2564102564102564,0.5833333333333334,0.5153846153846154,立隆電
133.0,133.0,128.0,129.0,2623065.0,-0.0373134328358208,132.2,0.0886075949367088,127.75,0.2227488151658767,121.775,0.444568819613951,104.0875,0.0232278734481378,55.55555555555556,4773751.65,0.5494766364731185,0.009784735812133,2476.TW,2026-07-09,0.0553616264514493,0.2731649217142393,bull,0.1920590951061865,0.2190388170055452,2026-03-31,2026-05-15,2167648000.0,648571000.0,386545000.0,381039000.0,105379000.0,249094000.0,1.14,8508714000.0,2022591000.0,12826616000.0,2840613000.0,9986003000.0,3388343000.0,0.0,,0.0,0.2765569928537499,279643277.1973472,10804025000.0,0.0258832497330714,0.0249443145570855,0.0194200871063731,0.2844594579032271,0.2992049447142709,0.1783246172810345,0.1149144141484226,0.3165738497392238,,,72.21370863120339,72.21370863120339,False,68.52826865663748,68.52826865663748,69.44962865027895,147.0,True,False,True,True,True,True,True,True,True,False,True,True,False,True,True,False,False,11,False,0.0593307329090535,0.2393418998438812,1.0,615813962.85,0.2031394275161588,2.0,3.0,,,,,,-0.015528037325919,-0.0533437977897835,0.2171890783734692,-1.3010205100761576,0.4252136752136752,-1.3010205100761576,0.469232767674852,-147.0,0.7692307692307693,0.5470085470085471,0.4273504273504273,0.717948717948718,0.6341880341880343,鉅祥
91.5,95.6999969482422,90.4000015258789,90.6999969482422,49711140.0,0.0342075268459873,92.46000061035156,0.5611015375265769,76.46500034332276,1.632801014211159,56.09666665395101,3.4790121949749238,42.04999995231629,0.1371951277023097,63.37448111762117,54863502.7,0.9060876093133586,0.1861635590270745,2484.TW,2026-07-09,0.0553616264514493,0.2731649217142393,bull,0.0212373037857802,0.0092421441774491,2026-03-31,2026-05-15,558493000.0,124006000.0,38190000.0,65062000.0,13230000.0,51853000.0,0.33,2364630000.0,488834000.0,4989053000.0,883613000.0,4105440000.0,608103000.0,70000000.0,152941000.0,,0.2033445021671636,30424273.46223602,4500219000.0,0.0067606206414034,0.0126303148992556,0.0103933552119009,0.2152297926653416,0.2220368026098805,0.0683804452338704,0.0928444940223064,-0.0665818752496527,,,33.91916811523335,33.91916811523335,False,91.49351492907796,91.49351492907796,77.0999282256168,614.0,True,True,True,True,True,True,True,True,True,True,True,False,True,False,False,False,False,12,False,0.6168518088205157,1.1569559346276783,1.0,4976119527.459878,0.0360110803324099,1.0,3.0,,,,,,-0.0954586353852784,-0.1215103255505175,0.1388688575273483,-1.656107617511274,0.138034188034188,-1.656107617511274,0.177502616294567,-614.0,0.2905982905982906,0.8376068376068376,0.1196581196581196,0.2649572649572649,0.4205128205128206,希華
271.5,288.5,265.0,274.0,3766136.0,-0.1429266643801022,280.9,0.5180055401662049,267.0361129760742,0.9712230215827338,184.0120376586914,1.3025210084033612,148.47935218811034,0.1114412551758481,50.1406337928309,3986534.3,0.9447143098706062,0.0260784466427195,2493.TW,2026-07-09,0.0553616264514493,0.2731649217142393,bull,0.0249307479224376,0.0415896487985212,2026-03-31,2026-05-15,937502000.0,273627000.0,168457000.0,191698000.0,32214000.0,159484000.0,1.26,4686325000.0,2916731000.0,5991089000.0,3087310000.0,2903779000.0,1134124000.0,,,,0.1680455716804557,140148547.13142547,3074358000.0,0.0455862808207194,0.054922912521924,0.0266202021034907,1.0632041901260392,0.2918681773478883,0.1796870833342222,0.1701159037527386,0.0124310063488737,,,71.53758613339757,71.53758613339757,False,75.38554022925713,75.38554022925713,74.42355170529224,153.0,True,True,True,True,True,True,True,True,True,True,True,False,True,True,True,False,False,13,False,0.4890330191779071,0.8453744306000608,1.0,1092310398.2,0.1458910433979686,2.0,3.0,,,,,,0.0170660323244729,-0.0357731238619217,0.2530392851348494,-1.3420527258796076,0.5722222222222222,-1.3420527258796076,0.5022605324706884,-153.0,0.7606837606837606,0.7350427350427351,0.452991452991453,0.7145299145299144,0.6914529914529914,揚博
51.400001525878906,55.59999847412109,51.0,52.5,17739589.0,0.0479042235324342,51.75999984741211,0.0914761261010479,51.31249961853028,0.2773723101974568,45.87416655222575,0.7326733109546149,39.6083332379659,0.0131299662640968,51.587307834602,10741747.7,1.6514620800486686,0.0231425167414935,2495.TW,2026-07-09,0.0553616264514493,0.2731649217142393,bull,0.1892890120036934,0.1876155268022181,2026-03-31,2026-05-15,370134000.0,147360000.0,46525000.0,102513000.0,12200000.0,90313000.0,0.33,6699309000.0,2713603000.0,7458195000.0,2779672000.0,4678523000.0,278672000.0,2380000000.0,,,0.1190092963819222,40988092.48583107,4744592000.0,0.008638907726066,0.0193037418005639,0.0121092301823698,0.594134516384765,0.3981260840668514,0.1256977202850859,0.2440008213241691,0.3507110561290958,,,59.87100186749289,59.87100186749289,False,71.13063386455264,71.13063386455264,68.3157258652877,265.0,True,False,True,True,True,True,True,True,True,True,True,True,True,True,False,False,False,13,False,0.1444349608015445,0.3254786482577108,1.0,563941754.25,0.2077562326869806,1.0,3.0,,,,,,-0.0266511404204966,-0.0574939588220085,0.1971222454640924,-1.4781641598498478,0.3277777777777778,-1.4781641598498478,0.373093724303022,-265.0,0.5982905982905983,0.5213675213675214,0.2905982905982906,0.5521367521367521,0.5136752136752136,普安
45.20000076293945,45.650001525878906,44.650001525878906,45.150001525878906,4612379.0,0.0379310695604346,44.76000061035156,0.0919098880662936,44.91498432159424,0.1175742529850476,43.577911440531416,-0.0728952603992992,43.53187246322632,0.0044447013382837,48.08184098308772,8657804.85,0.532742315160869,0.0052324899548428,2498.TW,2026-07-09,0.0553616264514493,0.2731649217142393,bull,0.1883656509695291,0.3207024029574861,2026-03-31,2026-05-15,652623000.0,272171000.0,-562777000.0,-228481000.0,13193000.0,-241674000.0,-0.29,20180322000.0,9046502000.0,39013876000.0,11931784000.0,27082092000.0,2751079000.0,1000000000.0,2700000000.0,,0.0,-562777000.0,29967374000.0,-0.0187796568361311,-0.0089237567023995,-0.0061945652362251,0.4405783718628531,0.4170416917577223,-0.8623309322533836,-0.3703118032922529,-0.0786221326195235,,,27.24588585457637,27.24588585457637,False,61.76751122654722,61.76751122654722,53.13710488355451,730.0,True,False,True,True,True,True,True,False,True,False,True,True,False,True,False,False,False,10,False,0.0360753885025637,0.0371711339552303,1.0,390899902.1882618,0.2539242843951985,1.0,3.0,,,,,,-0.0021049684285403,-0.0503841722027942,0.106878446613148,-1.9963717294310288,0.2311965811965812,-1.9963717294310288,0.198249875788797,-730.0,0.1965811965811965,0.0598290598290598,0.1452991452991453,0.1888888888888888,0.1452991452991453,宏達電
41.70000076293945,42.95000076293945,41.20000076293945,42.59999847412109,764250.0,0.0390243530273435,42.05999908447266,0.2312138830290282,40.01000003814697,0.1299734114594108,36.74333330790202,0.4614064847891392,33.44958330790202,0.0426737897810181,66.86748233862323,1378834.8,0.5542723464768948,0.0647337773932696,2527.TW,2026-07-09,0.0553616264514493,0.2731649217142393,bull,0.0766389658356417,0.299445471349353,2026-03-31,2026-05-15,4588717000.0,1261812000.0,1127130000.0,1064163000.0,166487000.0,902888000.0,3.45,13282023000.0,8513905000.0,33780839000.0,11901818000.0,21879021000.0,1538877000.0,2676000000.0,3358749000.0,,0.1564487771140323,950791889.8514608,25266934000.0,0.0376298877359421,0.0412672943638565,0.0267278145459915,0.5439831151494393,0.2749814381667032,0.2456307503818605,0.1967626244983074,24.973085718167,,,82.24426248497689,82.24426248497689,False,74.08975086994359,74.08975086994359,76.12837877370191,75.0,True,False,True,True,True,True,True,True,True,False,True,True,False,True,True,False,False,11,False,0.1593939536498048,0.2735584202048162,1.0,58738360.37606505,0.4644506001846722,1.0,2.0,,,,,,0.0513072585390281,0.0539500360744164,0.3677550861745356,-1.281119200008885,0.8829059829059829,-1.281119200008885,0.8291107527270928,-75.0,0.8888888888888888,0.7948717948717948,0.905982905982906,0.8914529914529914,0.8641025641025641,宏璟
53.400001525878906,57.79999923706055,52.59999847412109,53.900001525878906,10022752.0,0.0610236680192071,55.14000015258789,0.3715013377163203,45.87250022888183,0.1641469203899033,45.5716667175293,0.0633011127305696,47.846184984842935,0.0860609652970026,75.45454545454547,6765749.7,1.4813956241981578,0.1749959399846026,2630.TW,2026-07-09,0.0553616264514493,0.2731649217142393,bull,0.0350877192982456,0.2624768946395563,2026-03-31,2026-05-15,1096139000.0,99835000.0,28684000.0,22779000.0,4780000.0,17999000.0,0.09,4412587000.0,1553773000.0,5621038000.0,2241218000.0,3379820000.0,184907000.0,488000000.0,514600000.0,,0.2098423987005575,22664880.635673206,4067265000.0,0.005572511413855,0.0053254315318567,0.0032020776233855,0.6631175624737412,0.0910787774178274,0.0261682140677414,0.0164203627459656,-0.1292073375633449,,,17.319949572923083,17.319949572923083,False,81.39707625671504,81.39707625671504,65.37779458576705,908.0,True,True,True,True,True,True,True,False,True,False,True,True,True,False,False,False,False,11,False,0.1827524733728047,0.1265266299278353,1.0,364673919.1537148,0.260387811634349,1.0,3.0,,,,,,-0.0160777312869102,-0.0698734132267608,0.2163523041792467,-1.6301514845685785,0.3170940170940171,-1.6301514845685785,0.6022034379782614,-908.0,0.1196581196581196,0.3504273504273504,0.6495726495726496,0.1991452991452991,0.2948717948717949,亞航
59.09999847412109,62.400001525878906,58.0,58.0,30754327.0,0.0766136935520234,58.7838737487793,0.2446352338876107,51.94232692718506,0.2210526315789474,48.99744237263997,0.1132437946002924,50.647471300760905,0.0639262965360241,71.51730904718731,22355289.25,1.375706959372042,0.1166230592885613,2634.TW,2026-07-09,0.0553616264514493,0.2731649217142393,bull,0.0720221606648199,0.22181146025878,2026-03-31,2026-05-15,7587090000.0,591710000.0,272385000.0,343445000.0,82787000.0,260658000.0,0.28,37638357000.0,26369324000.0,51480606000.0,33336880000.0,18143726000.0,2181426000.0,5295860000.0,1125000000.0,3448642000.0,0.2410487851038739,206726926.6694813,25111282000.0,0.0082324322059495,0.0143662883797958,0.005063227111196,1.837377835181153,0.0779890577283253,0.0359011162382415,0.0343554643479911,0.0064028588028364,,,19.130159005497152,19.130159005497152,False,80.14352827573303,80.14352827573303,64.89018595817406,872.0,True,True,True,True,True,True,True,True,True,False,True,True,True,True,False,False,False,13,False,0.1837352561975158,0.1451706967871588,1.0,1296606776.5,0.1292705447830101,1.0,3.0,,,,,,-0.0345354577967153,-0.0411136438652785,0.1904204857891434,-1.8002035177699578,0.2487179487179487,-1.8002035177699578,0.2940330368434923,-872.0,0.1452991452991453,0.3076923076923077,0.2051282051282051,0.1542735042735042,0.205982905982906,漢翔
24.0,24.25,23.89999961853028,24.049999237060547,21468880.0,0.0299785372229086,23.649999618530277,0.076062587318803,23.252499961853022,0.1344338854507631,21.679999987284344,0.1731706944907582,21.16416665712993,0.0214144477666252,67.64702417449769,33212368.55,0.6464121933272958,0.0342973562634496,2801.TW,2026-07-09,0.0553616264514493,0.2731649217142393,bull,0.2160664819944598,0.2911275415896488,2026-03-31,2026-05-15,,,,,992320000.0,5221136000.0,,,,3481563454000.0,3255586729000.0,225976725000.0,40993679000.0,,,,,,3481563454000.0,,0.0231047511640855,0.0014996526902307,14.406734715710211,,,,,,,11.293260418625334,11.293260418625334,False,66.71234760627058,66.71234760627058,52.85757580935927,1026.0,True,False,True,True,True,True,True,True,True,False,True,True,False,True,False,False,False,11,False,0.1093173086331293,0.1363546520249319,1.0,798757438.2884737,0.1698984302862419,0.0,3.0,,,,,,0.0209418300555357,-0.0102147770524929,0.2049410433014195,-1.0023976359106288,0.5858974358974359,-1.0023976359106288,0.4115406999053491,-1026.0,0.0598290598290598,0.0427350427350427,0.3418803418803419,0.1021367521367521,0.1111111111111111,彰銀
56.400001525878906,56.70000076293945,55.900001525878906,56.29999923706055,266000.0,-0.0053003400202865,56.62000045776367,0.0953306919400496,55.61159400939941,0.1729166507720947,53.2097646077474,0.1282564632360281,50.909882354736325,0.0247368991233325,50.0,411958.85,0.6456955591559691,0.0123788076915181,2832.TW,2026-07-09,0.0553616264514493,0.2731649217142393,bull,0.1809787626962142,0.2587800369685767,2026-03-31,2026-05-15,,,514384000.0,513794000.0,96832000.0,,,,,25841065000.0,13610551000.0,12230514000.0,3713301000.0,,,,0.1884646375784847,417440805.8638287,25841065000.0,0.0161541641516643,,,1.112835568480605,,,,,,,55.14019466216183,55.14019466216183,False,64.13270350252566,64.13270350252566,61.8845762924347,306.0,True,False,True,True,True,True,True,True,True,False,True,True,False,True,False,False,False,11,False,0.0580764574339651,0.1058756499330775,1.0,23193282.940700337,0.5918744228993537,1.0,3.0,,,,,,0.0334004174816223,0.0357027066536766,0.1652273361256407,-1.7319180263245395,0.5055555555555555,-1.7319180263245395,0.5356584874490908,-306.0,0.5641025641025641,0.2136752136752136,0.5128205128205128,0.5564102564102563,0.4487179487179487,台產
18.25,18.25,17.950000762939453,17.950000762939453,23543830.0,0.0112676486163072,18.05000038146973,0.0589970474919661,17.70249996185303,0.1693811281339381,16.754166634877524,0.1114551818530005,16.119166652361553,0.0165087568549963,60.97565287293866,37756126.25,0.6235764189394297,0.0139811214020484,2834.TW,2026-07-09,0.0553616264514493,0.2731649217142393,bull,0.2613111726685134,0.2606284658040665,2026-03-31,2026-05-15,,,,,886677000.0,3437983000.0,,,,2555347612000.0,2406237987000.0,149109625000.0,29451426000.0,,,,,,2555347612000.0,,0.0230567476780925,0.0013454071703807,16.137375350518116,,,,,,,11.10187505518378,11.10187505518378,False,71.78299426161215,71.78299426161215,56.61271446000505,1027.0,True,False,True,True,True,True,True,True,True,False,True,True,False,True,False,False,False,11,False,0.0713753273512591,0.1135811887837061,1.0,677722494.9931383,0.1920590951061865,0.0,3.0,,,,,,0.045984989792879,0.0136814538364087,0.2143015128334226,-0.8944029537249132,0.717948717948718,-0.8944029537249132,0.6306138784309422,-1027.0,0.0512820512820512,0.0769230769230769,0.6923076923076923,0.1474358974358974,0.1871794871794871,臺企銀
24.549999237060547,24.700000762939453,23.799999237060547,23.799999237060547,3268872.0,0.0438596505904498,23.9,0.0993071434832764,22.7649998664856,0.1306413349012556,21.283333269755044,0.2395832443402907,20.45666654904684,0.0279972942952364,60.19416432970235,2613668.55,1.2506834502791109,0.0454645014998953,2838.TW,2026-07-09,0.0553616264514493,0.2731649217142393,bull,0.1726685133887349,0.2966728280961183,2026-03-31,2026-05-15,,,,,280906000.0,1507841000.0,,,,1066591884000.0,980485941000.0,86105943000.0,8264919000.0,,,799208000.0,,,1066591884000.0,,0.0175114625943995,0.0014137000502433,11.386971756409428,,,,,,,8.867220581270256,8.867220581270256,False,77.38548813958815,77.38548813958815,60.25592125000868,1052.0,True,True,True,True,True,True,True,True,True,False,True,True,True,True,False,False,False,13,False,0.1182458562955381,0.1634348724411061,1.0,62205309.49592914,0.4552169898430286,0.0,3.0,,,,,,0.0128333114151822,-0.0219237277032673,0.2120980417645295,-0.9121664228383132,0.5478632478632479,-0.9121664228383132,0.5341940410933737,-1052.0,0.0341880341880341,0.1538461538461538,0.4957264957264957,0.1034188034188034,0.1623931623931624,聯邦銀
8.949999809265137,8.979999542236328,8.760000228881836,8.859999656677246,13399357.0,0.0423529007855583,8.749999809265137,0.0857842919552427,8.541999864578248,0.1229404064139372,8.037499952316285,0.1130652781679868,7.946166642506918,0.0187846572630875,54.47760397354482,17513410.05,0.7650912621668445,0.037227791751399,2867.TW,2026-07-09,0.0553616264514493,0.2731649217142393,bull,0.1966759002770083,0.3151571164510166,2026-03-31,2026-05-15,,,-260328000.0,-260476000.0,-99972000.0,,,,,1583200325000.0,1505084533000.0,78115792000.0,70736282000.0,,,,0.3838050338610851,-160412803.14501145,1583200325000.0,-0.0001013218609243,,,19.267352918856663,,,,,,,0.0,0.0,False,67.07600436363627,67.07600436363627,50.3070032727272,1082.0,True,False,True,True,True,True,True,True,True,False,True,True,False,True,False,False,False,11,False,0.1023327787546586,0.1150030014827407,1.0,155168807.03024784,0.3416435826408125,0.0,3.0,,,,,,0.0452002295674275,0.0606927106610482,0.221122670842054,-0.2810706266964348,0.8102564102564103,-0.2810706266964348,0.6778969687098719,-1082.0,0.0085470085470085,0.0256410256410256,0.7863247863247863,0.1252136752136752,0.1692307692307692,三商壽
71.9000015258789,72.30000305175781,68.30000305175781,68.30000305175781,28925941.0,0.0379939192105129,69.04000091552734,0.0963082486063342,66.76000022888184,0.3784057336709976,59.45416673024495,0.688504369926606,51.83624998728434,0.0205610315447528,51.03449328192349,29113629.4,0.9935532462331886,0.0230677474175582,2885.TW,2026-07-09,0.0553616264514493,0.2731649217142393,bull,0.1800554016620498,0.1395563770794824,2026-03-31,2026-05-15,39984934000.0,,,18723853000.0,3129395000.0,14409154000.0,,,,4640879682000.0,4254342700000.0,386536982000.0,77947312000.0,,,,0.167134136334012,,4640879682000.0,,0.0372775560192064,0.0031048324859373,11.00630184979299,,,0.360364581319554,0.2805185364050884,,,38.0190051862678,38.0190051862678,False,68.03174080794795,68.03174080794795,60.52855690252792,560.0,True,False,True,True,True,True,True,True,True,True,True,True,True,True,False,False,False,13,False,0.1487841274716392,0.3176108045723234,1.0,1988460976.8677456,0.0886426592797784,1.0,3.0,,,,,,-0.1475551193969879,-0.1699230490715318,0.1568808422866674,-1.2338585926313956,0.2136752136752137,-1.2338585926313956,0.2062098873712391,-560.0,0.376068376068376,0.1623931623931624,0.1538461538461538,0.3427350427350427,0.2675213675213675,元大金
29.5,29.5,26.549999237060547,27.14999961853028,91000.0,0.0284090913195911,27.40999984741211,0.2340908917513762,25.762499809265137,0.2093540621766747,24.64916652043661,0.3574999809265138,22.4699999332428,0.0397538108060093,63.74045506994219,123079.0,0.73936252325742,0.0538573437957345,2923.TW,2026-07-09,0.0553616264514493,0.2731649217142393,bull,0.0757156048014773,0.232902033271719,2026-03-31,2026-05-15,2068437000.0,1223647000.0,1093718000.0,507741000.0,478663000.0,26623000.0,0.02,43331856000.0,14759908000.0,117789596000.0,69575606000.0,48213990000.0,4643421000.0,6895034000.0,45987458000.0,,0.4,656230800.0,103029688000.0,0.0063693369623714,0.00055218412747,0.0002260216598416,1.4430584566844602,0.5915805025727155,0.5287654397982632,0.0128710712484837,1.5370100759838343,,,53.57592567176444,53.57592567176444,False,78.34914292942703,78.34914292942703,72.15583861501138,317.0,True,True,True,True,True,True,True,True,True,False,True,True,False,True,False,False,False,12,False,0.1014571059033671,0.208277690217691,1.0,3341594.803049088,0.8347183748845799,0.0,3.0,,,,,,0.0680393466974093,0.0869845322802736,0.335021584955851,-1.153562858575613,0.941025641025641,-1.153562858575613,0.8644636940577378,-317.0,0.5470085470085471,0.5982905982905983,0.9658119658119658,0.6098290598290599,0.6461538461538462,鼎固-KY
145.5,159.5,145.0,153.5,1689570.0,0.1245421245421245,151.0,0.1673003802281369,137.625,0.3175965665236051,127.05833333333334,0.3658502542662896,117.65998204549152,0.0394637462235649,62.837837837837846,982905.55,1.718954583174345,0.1153496821071753,3004.TW,2026-07-09,0.0553616264514493,0.2731649217142393,bull,0.1117266851338873,0.166358595194085,2026-03-31,2026-05-15,1204086000.0,303961000.0,167853000.0,159650000.0,36009000.0,123641000.0,1.92,4115707000.0,2713494000.0,8426161000.0,4784576000.0,3641585000.0,220728000.0,677601000.0,1977017000.0,,0.2255496398371437,129993816.30441593,5712667000.0,0.0227553638789756,0.0339525234204336,0.0146734675494569,1.3138718442656152,0.252441270806238,0.1394028333524349,0.1026845258561265,0.2866173569808965,,,59.60481555561746,59.60481555561746,False,89.06837783990093,89.06837783990093,81.70248726883007,270.0,True,True,True,True,True,True,True,True,True,True,False,True,True,True,False,False,False,13,False,0.2081065127566077,0.3046066923642012,1.0,150876001.925,0.3481071098799631,2.0,3.0,,,,,,0.0076105459170255,-0.0152734377257344,0.2828365712375275,-0.7196501451705386,0.6611111111111111,-0.7196501451705386,0.721035146611911,-270.0,0.5897435897435898,0.9401709401709402,0.8290598290598291,0.6256410256410256,0.7427350427350428,豐達科
114.0,116.5,112.0,112.0,12316089.0,0.0926829268292683,108.7,0.0769230769230768,103.28499984741212,0.1416921686247094,101.97499987284344,0.0244617795772619,106.33219935099284,0.0051089918331994,64.78873239436619,6238649.15,1.9741595822871365,0.0843781784911941,3005.TW,2026-07-09,0.0553616264514493,0.2731649217142393,bull,0.2132963988919667,0.2828096118299446,2026-03-31,2026-05-15,9308269000.0,2890739000.0,1257624000.0,1391228000.0,215931000.0,1087413000.0,1.74,34157049000.0,19619666000.0,51413542000.0,24716257000.0,26697285000.0,14015961000.0,1317501000.0,1977017000.0,,0.1552089233396682,1062429532.993873,31793876000.0,0.0334161689815319,0.0407312204218518,0.0211503226134468,0.9257966493596632,0.3105560228222884,0.1351082569702272,0.1168222577151562,-0.0255358141879895,,,60.64311592085046,60.64311592085046,False,76.23468343229221,76.23468343229221,72.33679155443177,256.0,True,True,True,True,True,True,True,True,True,False,True,True,True,True,True,False,False,13,False,0.0983084102932791,0.0533027689035028,1.0,698728704.8000001,0.1865189289012003,2.0,3.0,,,,,,0.0040178745669146,-0.0033847465818611,0.2031555719160852,-1.092834488516491,0.5243589743589744,-1.092834488516491,0.3811718094338467,-256.0,0.6153846153846154,0.6068376068376068,0.3076923076923077,0.5692307692307692,0.5512820512820513,神基
219.0,237.0,219.0,237.0,20918106.0,0.0871559633027523,220.4,0.1732673267326732,225.8598602294922,0.4766355140186915,213.3116200764974,0.6401384083044983,187.30164337158203,0.0024410826913646,49.77080506399945,12808316.4,1.6331659327216494,0.0493232385745237,3006.TW,2026-07-09,0.0553616264514493,0.2731649217142393,bull,0.1089566020313942,0.1090573012939001,2026-03-31,2026-05-15,7266900000.0,3453448000.0,2254754000.0,2352467000.0,288641000.0,2063883000.0,7.22,17585827000.0,5859607000.0,20073767000.0,7169155000.0,12904612000.0,7031281000.0,1000000000.0,693679000.0,0.0,0.1226971515434647,1978102106.7687664,14214160000.0,0.1391641930841334,0.1599337508171497,0.1028149325435529,0.5555498297817866,0.4752298779396992,0.3102772846743453,0.2840114766957024,1.503294079957009,,,98.64788449850906,98.64788449850906,True,77.83875651524058,77.83875651524058,83.0410385110577,7.0,True,True,True,True,True,True,True,False,True,True,True,True,True,True,True,True,True,14,False,0.1110505837188218,0.2653386042631933,1.0,3035570986.8,0.0609418282548476,2.0,0.0,,,,,,0.0045074727430157,-0.0638361321145777,0.2465736969875565,-1.3965769376528818,0.4837606837606837,-1.3965769376528818,0.3884625783466241,-7.0,0.9743589743589745,0.9487179487179488,0.3162393162393162,0.8756410256410256,0.835042735042735,晶豪科
120.0,127.0,118.5,121.5,9366471.0,-0.0932835820895522,124.7,0.1796116504854368,126.4144344329834,0.9983552882339488,110.84981129964191,1.1353250745474956,85.26823886235555,0.0352128724173049,48.03340581263917,14271820.2,0.6562912697008333,-0.0388755797945582,3016.TW,2026-07-09,0.0553616264514493,0.2731649217142393,bull,0.1061865189289012,0.0378927911275415,2026-03-31,2026-05-15,1058983000.0,188227000.0,112229000.0,125822000.0,25166000.0,100656000.0,0.35,4149251000.0,1259785000.0,7114003000.0,2217982000.0,4896021000.0,2593190000.0,337440000.0,,483682000.0,0.2000127163771041,89781772.85371397,5854218000.0,0.0153362537667223,0.0205587353485616,0.0141489960012667,0.4530172562576835,0.1777431743474635,0.1059780940770531,0.0950496844614125,0.1805514679651827,,,49.37869687987665,49.37869687987665,False,70.86708465394443,70.86708465394443,65.49498771042748,378.0,True,False,True,True,False,True,True,False,True,True,True,True,False,True,False,False,False,10,False,0.0960776439354431,0.4249150870364715,1.0,1734026154.3,0.0997229916897507,2.0,3.0,,,,,,0.005643402585814,-0.0640618949126848,0.2309403959288768,-1.5106783539786437,0.4401709401709401,-1.5106783539786437,0.372896065019172,-378.0,0.5213675213675214,0.3675213675213675,0.282051282051282,0.4854700854700855,0.4273504273504274,嘉晶
94.0,94.0,89.0,89.0,4391921.0,0.0229885057471264,88.96000061035156,0.0470588235294118,85.10000038146973,0.3165680770550807,76.57500012715657,0.4104596220632424,70.00833342870077,0.024375564137243,58.754864852829854,2591202.4,1.6949355249130675,0.0458284324447486,3022.TW,2026-07-09,0.0553616264514493,0.2731649217142393,bull,0.3065558633425669,0.1672828096118299,2026-03-31,2026-05-15,1592354000.0,448280000.0,36432000.0,189589000.0,22663000.0,168988000.0,0.96,10450596000.0,3234728000.0,16026933000.0,4335529000.0,11691404000.0,3432970000.0,92494000.0,,,0.1195375259113134,32077008.85599903,12792205000.0,0.0025075433716078,0.0144540381976364,0.0105440011510624,0.3708304836613293,0.281520315206292,0.0228793346203168,0.1061246431383976,-0.1038362140769989,,,30.04604328275842,30.04604328275842,False,77.15456591424724,77.15456591424724,65.37743525637504,682.0,True,True,True,True,True,True,True,True,False,True,True,True,True,True,False,False,False,13,False,0.1622592210540137,0.2712772271695496,1.0,230617013.6,0.3028624192059095,1.0,3.0,,,,,,0.0215000877046143,-0.0053620459810082,0.2617283461410642,-1.331549234399974,0.6427350427350427,-1.331549234399974,0.6862887691110534,-682.0,0.2222222222222222,0.3418803418803419,0.7948717948717948,0.3081196581196581,0.3726495726495726,威強電
321.0,333.0,320.5,326.0,1776598.0,-0.012121212121212,327.6,0.0636215334420879,322.2,0.2164179104477612,306.9916666666667,0.6632653061224489,270.09166666666664,0.0060104597611428,49.38271604938272,2131145.55,0.8336352249615236,0.0117939168218497,3023.TW,2026-07-09,0.0553616264514493,0.2731649217142393,bull,0.2419205909510618,0.2264325323475046,2026-03-31,2026-05-15,8292838000.0,2032426000.0,955920000.0,1115731000.0,253177000.0,865006000.0,3.6,26277086000.0,13869565000.0,32645613000.0,14861895000.0,17783718000.0,6352840000.0,3453676000.0,0.0,,0.2269158067670433,739006641.995248,18776048000.0,0.0393590089882198,0.0486403349400839,0.0264968527317897,0.8357023542546053,0.2450820816709551,0.1152705503230619,0.1043075965067688,0.0164281431445099,,,64.45244261187088,64.45244261187088,False,63.06439536460134,63.06439536460134,63.41140717641872,217.0,True,False,True,True,True,True,True,False,True,False,True,True,True,True,True,False,False,11,False,0.0619180759521158,0.2069976242633675,1.0,694753449.3,0.1874422899353647,2.0,3.0,,,,,,-0.0079549684809367,-0.0040627111016261,0.2063951241374613,-1.4238973992543529,0.4452991452991453,-1.4238973992543529,0.5389298683541719,-217.0,0.6752136752136753,0.2735042735042735,0.5299145299145299,0.6534188034188035,0.5256410256410257,信邦
966.0,1045.0,948.0,1005.0,18630875.0,0.117908787541713,955.2,0.5755516371234148,853.1707550048828,3.379084967320262,549.3612019856771,8.481132075471699,335.1472676595052,0.1060624052367271,57.92079133130137,7330188.1,2.541663971760834,0.1779588014526449,3026.TW,2026-07-09,0.0553616264514493,0.2731649217142393,bull,0.0184672206832871,0.0018484288354898,2026-03-31,2026-05-15,3618451000.0,877039000.0,483360000.0,568645000.0,113236000.0,474578000.0,2.86,11840787000.0,5803981000.0,16266013000.0,6345747000.0,9920266000.0,4380883000.0,2093681000.0,400780000.0,,0.199133026756588,387107060.1869356,10462032000.0,0.0370011351701978,0.047839241407438,0.029176049471988,0.639675085325333,0.2423796812503471,0.1335820216993404,0.1311550163315739,0.0636271337498735,,,68.80894924877691,68.80894924877691,False,90.97842969339344,90.97842969339344,85.43605958223931,175.0,True,True,True,True,True,True,True,True,True,True,False,False,True,False,True,False,False,11,False,0.8293974826897264,1.998681764641553,1.0,7366839040.5,0.0286241920590951,3.0,3.0,,,,,,-0.0271168060561614,-0.1252669309570594,0.2866800205584263,-1.5198180055696755,0.4038461538461538,-1.5198180055696755,0.4322743581154646,-175.0,0.7264957264957265,0.9658119658119658,0.3846153846153846,0.6752136752136751,0.7299145299145298,禾伸堂
525.7029520295204,525.7029520295204,512.2970479704798,519.0,6479060.0,0.0018484597602126,515.744287109375,0.0846394984326019,517.5768463134766,0.302383939774153,478.31728210449216,0.373015873015873,430.7253077189128,0.0162698250029972,50.77172792822327,6130553.5,1.0568474771486784,0.0027496471232437,3034.TW,2026-07-09,0.0553616264514493,0.2731649217142393,bull,0.1994459833795014,0.1737523105360443,2026-03-31,2026-05-15,23145303000.0,9039901000.0,4027546000.0,4389348000.0,622236000.0,3767112000.0,6.19,79261926000.0,21790635000.0,103666583000.0,31738768000.0,71927815000.0,48919537000.0,,,,0.1417604619182621,3456599218.642951,81875948000.0,0.0422175169030464,0.0523735080788982,0.036338730292673,0.4412586146263444,0.390571728527382,0.1740113750077067,0.1627592432036858,-0.1465659805926223,,,75.54535048945058,75.54535048945058,False,65.37567897172315,65.37567897172315,67.91809685115501,116.0,True,False,True,True,True,True,True,True,True,True,True,True,True,True,True,False,False,13,False,0.0850538322941474,0.2049442897808422,1.0,3181757266.5,0.0581717451523545,3.0,3.0,,,,,,0.0390056167882751,0.0339800222494686,0.3158267535834401,-0.685872478641402,0.8636752136752137,-0.685872478641402,0.9118778058832158,-116.0,0.8205128205128205,0.4615384615384615,1.0,0.8474358974358974,0.7487179487179487,聯詠
218.5,220.0,214.0,216.0,7215414.0,-0.0357142857142857,212.9,0.2489515954779755,211.07371292114257,0.411764705882353,195.2016749064128,0.263157894736842,177.75917078653973,0.0375292235568156,53.18181818181818,10453070.5,0.6902674195108509,0.0233391785773811,3035.TW,2026-07-09,0.0553616264514493,0.2731649217142393,bull,0.0710987996306555,0.1284658040665434,2026-03-31,2026-05-15,2588502000.0,1224435000.0,95883000.0,179218000.0,44045000.0,104263000.0,0.4,13023994000.0,5732857000.0,20895528000.0,6486089000.0,14409439000.0,8381209000.0,25000000.0,,,0.245762144427457,72318588.30586214,15162671000.0,0.0047695151009912,0.0072357431819517,0.0049897279456159,0.4501277947045683,0.4730284156628042,0.037041887547315,0.0402792812213396,-0.6519697207840671,,,34.50118854665805,34.50118854665805,False,72.91345377066315,72.91345377066315,63.31038746466188,609.0,True,False,True,True,True,True,True,True,True,True,True,True,False,True,False,False,False,12,False,0.1065478823558188,0.2151271804670003,1.0,2257863228.0,0.0803324099722991,2.0,3.0,,,,,,-0.0085486419504566,-0.0482188321780034,0.3137674871157105,-1.4493773318784788,0.5290598290598291,-1.4493773318784788,0.5738595253999847,-609.0,0.3076923076923077,0.2649572649572649,0.6068376068376068,0.3525641025641026,0.3547008547008547,智原
37.29999923706055,38.900001525878906,36.79999923706055,37.150001525878906,7943194.0,0.0150274064122355,36.45999984741211,0.2744426076171584,36.16499996185303,0.190705147994967,31.385833199818933,0.1240545350518746,31.627083269755044,0.0443257303358001,48.110831815141935,8574322.3,0.9263932147733704,0.027236321445178,3060.TW,2026-07-09,0.0553616264514493,0.2731649217142393,bull,0.0609418282548476,0.2421441774491682,2026-03-31,2026-05-15,1081252000.0,166540000.0,47262000.0,66259000.0,16879000.0,45734000.0,0.33,2994981000.0,1413440000.0,4510523000.0,1760816000.0,2749707000.0,514060000.0,220000000.0,88940000.0,,0.2547427519280399,35222348.058376975,3097083000.0,0.0113727491508548,0.0166323175523792,0.0101394006859071,0.6403649552479591,0.1540251486240025,0.043710439379534,0.0422972628027508,0.0742991359918607,,,34.65673853142626,34.65673853142626,False,69.3878341698902,69.3878341698902,60.70506026027421,606.0,True,False,True,True,True,True,True,False,True,False,True,True,True,True,False,False,False,11,False,0.1836550997184687,0.174626228065913,1.0,318536086.52837753,0.2677746999076639,1.0,3.0,,,,,,0.003349472652099,-0.0245422757642722,0.1870100402406436,-1.6286353543652068,0.352991452991453,-1.6286353543652068,0.3627391343312077,-606.0,0.3162393162393162,0.1709401709401709,0.2649572649572649,0.3085470085470085,0.2623931623931623,銘異
41.34999847412109,42.09999847412109,40.20000076293945,40.34999847412109,3034275.0,0.011278118572259,40.85,0.4053792058947347,39.12882375717163,0.7658642363456165,33.42659041086833,0.6812499364217119,28.87912855148316,0.0702699227429502,53.68916575620956,6009183.75,0.5049396267837541,0.0312090832202855,3094.TW,2026-07-09,0.0553616264514493,0.2731649217142393,bull,0.0332409972299169,0.055452865064695,2026-03-31,2026-05-15,47206000.0,35395000.0,2347000.0,7478000.0,1717000.0,5761000.0,0.07,792305000.0,52199000.0,1133462000.0,121752000.0,1011710000.0,710423000.0,,,,0.229606846750468,1808112.730676652,1081263000.0,0.0016722228825703,0.005694319518439,0.0050826582629148,0.1203427859762184,0.7497987543956277,0.0497182561538787,0.1220395712409439,-0.0850131803380369,,,35.49964257677029,35.49964257677029,False,77.09405623174176,77.09405623174176,66.69545281799888,596.0,True,True,True,True,True,True,True,True,True,True,True,False,False,True,False,False,False,12,False,0.2071227719654493,0.3972027723131839,1.0,242470555.14321324,0.2954755309325946,1.0,3.0,,,,,,0.0104048235569733,-0.0207902142673028,0.2582573978849883,-1.48579179931357,0.5337606837606838,-1.48579179931357,0.4593488669164292,-596.0,0.3418803418803419,0.4273504273504273,0.4102564102564102,0.3521367521367521,0.3811965811965812,聯傑
87.0,92.6999969482422,86.0,89.5,14127337.0,-0.011049723756906,87.25999908447265,0.0888078263111653,92.04999961853028,1.0813953488372094,70.14249986012777,1.3007711179769124,59.2362499554952,-0.0009225617737298,45.91381983388103,14990766.2,0.9424025971400982,-0.0277023316577716,3149.TW,2026-07-09,0.0553616264514493,0.2731649217142393,bull,0.1911357340720221,0.0314232902033271,2026-03-31,2026-05-15,590082000.0,-24432000.0,-93184000.0,-84552000.0,0.0,-84552000.0,-0.37,3053025000.0,1223931000.0,4981618000.0,2501468000.0,2480150000.0,728242000.0,568000000.0,1205163000.0,,-0.0,-93184000.0,3757687000.0,-0.0247982335942296,-0.0340914864020321,-0.0169727987974991,1.0085954478559764,-0.041404414979613,-0.1579170352595063,-0.1432885598950654,0.2536877731437907,,,23.16823820563286,23.16823820563286,False,58.48034572275616,58.48034572275616,49.65231884347533,805.0,True,False,True,True,False,True,False,False,True,True,True,True,True,True,False,False,False,10,False,0.2759739127985645,0.5108991549472202,1.0,1341673574.9,0.1265004616805171,1.0,3.0,,,,,,-0.1257204755309858,-0.2076447956399982,0.1301261268684602,-1.937711514182212,0.0576923076923076,-1.937711514182212,0.0309320750288436,-805.0,0.1794871794871795,0.0085470085470085,0.017094017094017,0.1551282051282051,0.0957264957264957,正達
187.0,189.0,181.0,181.5,394291.0,0.0168067226890755,184.9,0.0401146131805156,174.76408004760742,0.1238390092879258,171.0380266825358,0.2263513513513513,159.6815133412679,0.0109912944289914,54.33014678251911,474693.1,0.8306229856722165,0.0385429314225076,3416.TW,2026-07-09,0.0553616264514493,0.2731649217142393,bull,0.3370267774699907,0.3133086876155268,2026-03-31,2026-05-15,946676000.0,345733000.0,142827000.0,161912000.0,16386000.0,144945000.0,1.8,2786217000.0,1757760000.0,5068550000.0,1824098000.0,3244452000.0,394852000.0,,12996000.0,,0.101203122683927,128372461.59642276,3310790000.0,0.0387739668165068,0.044674724730093,0.0285969360073393,0.5622206770203412,0.3652073148574591,0.1508721040778471,0.1531094059636031,0.1820639382069682,,,79.62654194597235,79.62654194597235,False,62.85744241796452,62.85744241796452,67.04971729996647,88.0,True,False,True,True,True,True,True,True,False,False,True,True,True,True,True,False,False,11,False,0.0611675281829735,0.1366375242956403,1.0,86156797.64999999,0.4210526315789473,2.0,2.0,,,,,,1.7183100093054038e-05,-0.0179812152494258,0.242818509246263,-1.2634004219119896,0.5380341880341881,-1.2634004219119896,0.4886635192885192,-88.0,0.8632478632478633,0.4444444444444444,0.4358974358974359,0.7991452991452992,0.6521367521367522,融程電
66.19999694824219,67.5,64.80000305175781,65.30000305175781,379401297.0,-0.0340236016905203,65.97999877929688,0.508083237929192,63.05499973297119,1.3963303872204702,45.56504316329956,1.9885584398953424,35.27252151171366,0.0716545726261858,51.57895046808356,512129199.05,0.7408312154506903,0.0356038907032572,3481.TW,2026-07-09,0.0553616264514493,0.2731649217142393,bull,0.0267774699907663,0.0166358595194085,2026-03-31,2026-05-15,66644538000.0,9618800000.0,1498477000.0,2407624000.0,615513000.0,1629503000.0,0.2,182233903000.0,124944734000.0,387253843000.0,158168711000.0,229085132000.0,58551743000.0,32901792000.0,18391019000.0,,0.2556516299887358,1115388912.4493692,262309109000.0,0.0042521928296793,0.0071130892946819,0.0042078420381227,0.6904363876395087,0.1443299074261719,0.0224846183193587,0.0244506609078751,0.1915219048549084,,,29.43055491864947,29.43055491864947,False,76.7477703042299,76.7477703042299,64.9184664578348,693.0,True,True,True,True,True,True,True,True,True,True,True,False,False,True,False,False,False,12,False,0.4331162338139471,0.8512995457405084,1.0,33442038260.859283,0.0064635272391505,1.0,3.0,,,,,,-0.1194802417344817,-0.155036571568386,0.2001070022139709,-1.6570697756193662,0.1632478632478632,-1.6570697756193662,0.1119968711130021,-693.0,0.2136752136752136,0.3162393162393162,0.0854700854700854,0.1944444444444444,0.2188034188034188,群創
415.0,450.0,408.5,423.5,8933891.0,0.0405405405405405,412.4,0.5685185185185184,377.55,1.3659217877094971,286.05,2.903225806451613,211.60416666666663,0.09665238544768,55.99284436493739,4485013.55,1.9919429228926189,0.1217057343398224,3532.TW,2026-07-09,0.0553616264514493,0.2731649217142393,bull,0.0203139427516158,0.0184842883548983,2026-03-31,2026-05-15,3308768000.0,27622000.0,-105154000.0,-82202000.0,-13987000.0,-68215000.0,-0.18,9109304000.0,3626589000.0,51226148000.0,26972355000.0,24253793000.0,1958029000.0,0.0,20500000000.0,,0.1701540108513174,-87261625.14294055,47599559000.0,-0.0018332444034395,-0.0028125497731426,-0.0013316441439243,1.112088117516299,0.0083481223222661,-0.03178040890144,-0.0206164348784804,0.1086960163893446,,,17.44238091593533,17.44238091593533,False,90.09877722329324,90.09877722329324,71.93467814645376,904.0,True,True,True,True,True,True,True,True,True,True,True,False,True,True,False,False,False,13,False,0.4805104002796714,1.0013783597518953,1.0,1899403238.425,0.0904893813481071,2.0,3.0,,,,,,-0.2075006101968738,-0.3149814197406685,0.0967922467365444,-2.12378919958488,0.017094017094017,-2.12378919958488,0.0159095971299463,-904.0,0.1282051282051282,0.5897435897435898,0.0085470085470085,0.1102564102564102,0.2427350427350427,台勝科
56.59999847412109,59.5,56.20000076293945,57.59999847412109,1409100.0,0.0052355888491268,57.69999923706055,0.0847457651471144,57.069999885559085,0.1743119137624866,55.83583323160807,0.0786516259968037,52.918333244323726,0.0157515323807286,48.92472743381706,1635204.35,0.861727159666619,0.009286816008845,3545.TW,2026-07-09,0.0553616264514493,0.2731649217142393,bull,0.1975992613111726,0.2569316081330868,2026-03-31,2026-05-15,2473850000.0,569501000.0,-145545000.0,-43671000.0,-48601000.0,4930000.0,0.02,7929350000.0,3606208000.0,12781182000.0,4080852000.0,8700330000.0,3562776000.0,222222000.0,,,0.4,-87327000.0,9174974000.0,-0.0095179561271781,0.000566645173229,0.0003857233235548,0.4690456568888766,0.230208379651151,-0.0588333973361359,0.0019928451603775,-0.1733359620660503,,,18.99078497275508,18.99078497275508,False,63.42263329140807,63.42263329140807,52.31467121174482,877.0,True,False,True,True,True,True,True,False,True,False,True,True,True,True,False,False,False,11,False,0.0315955747484815,0.0884696274952978,1.0,94187768.06487615,0.4062788550323176,1.0,3.0,,,,,,0.0405943036882179,0.0004399209082522,0.263813252122991,-1.4589530450989607,0.6615384615384615,-1.4589530450989607,0.6692187078211613,-877.0,0.1367521367521367,0.0341880341880341,0.7521367521367521,0.229059829059829,0.229059829059829,敦泰
95.6999969482422,96.5,90.1999969482422,91.1999969482422,27604833.0,0.0122086403190899,88.55999908447265,0.3333332589727646,80.59999961853028,0.4177055846762407,78.7899887084961,0.4476189991784476,70.58035386403402,0.050984481145932,64.8199441299931,8398331.85,3.2869423943994307,0.1315136151349925,3605.TW,2026-07-09,0.0553616264514493,0.2731649217142393,bull,0.0424746075715604,0.1256931608133087,2026-03-31,2026-05-15,2821542000.0,693877000.0,147463000.0,143021000.0,35356000.0,107659000.0,0.67,7733924000.0,4283420000.0,15202980000.0,7237415000.0,7965565000.0,2596697000.0,794000000.0,2115835000.0,130740000.0,0.2472084519056642,111008900.05663504,10919560000.0,0.010166059809794,0.0135155509998349,0.007081440612301,0.9085877775148404,0.2459212019526911,0.0522632659730034,0.0381560862818983,0.0947751117457165,,,35.95481269053683,35.95481269053683,False,86.33905038586146,86.33905038586146,73.74299096203029,592.0,True,True,True,True,True,True,True,True,True,True,True,True,False,True,False,False,False,13,False,0.1575074250316259,0.2921442293124494,1.0,765927839.0903252,0.1726685133887349,1.0,3.0,,,,,,0.014883246045254,-0.0099995452201004,0.273265910675383,-1.6156152424257295,0.5598290598290598,-1.6156152424257295,0.5380649435339743,-592.0,0.358974358974359,0.7094017094017094,0.5213675213675214,0.3833333333333333,0.4965811965811966,宏致
245.0,247.5,235.0,242.0,2330161.0,0.10250569476082,227.3,0.1388235294117648,217.425,0.3481894150417828,205.2,0.1551312649164677,194.91666666666663,0.0149375656435991,70.19867549668874,629974.25,3.698819435873768,0.1130274807404851,3617.TW,2026-07-09,0.0553616264514493,0.2731649217142393,bull,0.1329639889196676,0.1487985212569316,2026-03-31,2026-05-15,2931932000.0,1579254000.0,476843000.0,521769000.0,118652000.0,388950000.0,4.13,10475363000.0,3752308000.0,14792411000.0,5524979000.0,9267432000.0,4373481000.0,0.0,,1434491000.0,0.2274033144935785,368407321.3069385,11040103000.0,0.033369917047598,0.0419695553201793,0.026293888129528,0.5961715176329322,0.5386393681708853,0.1626378101538507,0.1326599661929403,0.0219561852265348,,,74.61371274804436,74.61371274804436,False,76.71007402936044,76.71007402936044,76.18598370903142,123.0,True,True,True,True,True,True,True,True,True,True,False,True,False,True,True,False,False,12,False,0.1793372319688109,0.2415562206070971,1.0,152453768.5,0.3444136657433056,2.0,3.0,,,,,,0.0014025175987017,0.007087212968005,0.2173228741421498,-1.374057055886766,0.5123931623931623,-1.374057055886766,0.5667014741137952,-123.0,0.8034188034188035,0.8034188034188035,0.5811965811965812,0.7700854700854701,0.758974358974359,碩天
632.0,685.0,627.0,677.0,30934462.0,-0.0602640858703537,662.8,0.2560296846011132,639.1331939697266,0.5966981132075471,567.7027313232422,1.4935543278084715,450.4221989949544,0.0403689728040677,59.195960349998224,26631614.75,1.1615691459339694,0.0592471278092732,3711.TW,2026-07-09,0.0553616264514493,0.2731649217142393,bull,0.0674053554939981,0.077634011090573,2026-03-31,2026-05-15,173662152000.0,34849839000.0,17531793000.0,18200253000.0,3635258000.0,14147537000.0,3.24,337698528000.0,294501914000.0,957527444000.0,576383490000.0,381143954000.0,87811246000.0,40365151000.0,199142046000.0,1999351000.0,0.1997366739901912,14030050977.095484,663025530000.0,0.0211606496918685,0.0371186184419968,0.0147750720761586,1.5122461840231631,0.2006760747730455,0.1009534478186127,0.0814658625213857,0.1721790641369744,,,49.34794674627236,49.34794674627236,False,85.31617075813628,85.31617075813628,76.3241147551703,379.0,True,True,True,True,True,True,True,True,True,True,True,True,True,True,False,False,False,14,False,0.1925255290246708,0.5030342676507018,1.0,18029603185.75,0.0120036934441366,3.0,3.0,,,,,,-0.0359502269044213,-0.1120803524459002,0.2031110300150439,-1.296862990706206,0.3230769230769231,-1.296862990706206,0.2876118587123843,-379.0,0.5128205128205128,0.8205128205128205,0.1965811965811965,0.4653846153846153,0.5418803418803418,日月光投控
173.5,173.5,171.5,171.5,244034.0,0.026946107784431,173.1,0.0489296636085627,167.225,0.1136363636363635,159.925,0.0619195046439629,159.60833333333332,0.0161020811180313,69.76744186046511,251345.2,0.9709117182265664,0.0255643593960233,4536.TW,2026-07-09,0.0553616264514493,0.2731649217142393,bull,0.2982456140350877,0.3257855822550832,2026-03-31,2026-05-15,2316961000.0,794900000.0,396418000.0,448947000.0,83458000.0,327949000.0,3.61,9168173000.0,3277337000.0,14414904000.0,4782570000.0,9632334000.0,5697733000.0,352903000.0,784549000.0,,0.1858972217210494,322724995.159785,11137567000.0,0.0289762562290116,0.0340466806902667,0.022750689147843,0.4965120603168453,0.3430787138842647,0.1710939459058655,0.1415427363688901,-0.0352736858453488,,,64.73287402560862,64.73287402560862,False,60.29675323838877,60.29675323838877,61.40578343519373,213.0,True,False,True,True,True,True,True,True,False,False,True,True,True,True,True,False,False,11,False,0.0723776770361106,0.0745052994308985,1.0,43105701.8,0.5115420129270545,2.0,3.0,,,,,,0.0420241338559648,0.0583236704693228,0.2156753324610741,-1.3523024750600463,0.6982905982905983,-1.3523024750600463,0.7054720385524103,-213.0,0.6837606837606838,0.188034188034188,0.8205128205128205,0.7042735042735043,0.5623931623931624,拓凱
48.900001525878906,48.900001525878906,47.20000076293945,47.59999847412109,8207679.0,-0.038383869209675,49.4,0.0757061802061263,46.57749996185303,0.1346840907848827,44.23250001271565,-0.1168831701931031,45.71666669845581,0.0295645490163937,59.21787614251795,10619745.6,0.7728696438829947,0.0219526276228969,4763.TW,2026-07-09,0.0553616264514493,0.2731649217142393,bull,0.2188365650969529,0.2902033271719039,2026-03-31,2026-05-15,2711414000.0,1506899000.0,1344230000.0,1277102000.0,163292000.0,1114887000.0,1.13,18689835000.0,1425022000.0,23180026000.0,1425022000.0,21755004000.0,10088044000.0,,,,0.1278613611128946,1172354922.5512135,21755004000.0,0.0538889775681591,0.0512473819816351,0.0480968830664814,0.0655031826240988,0.5557613112567834,0.4957671532270616,0.4111828735855166,-0.3473205110583516,,,80.5798896395777,80.5798896395777,False,71.02906788361074,71.02906788361074,73.41677332260248,83.0,True,False,True,True,True,True,True,True,True,False,True,True,False,True,True,False,False,11,False,0.0761317687319813,0.0411957369527313,1.0,505499874.3555541,0.2206832871652816,1.0,2.0,,,,,,0.0150285790499881,0.0281381945179377,0.1338023528218593,-1.3935602477609972,0.4974358974358974,-1.3935602477609972,0.5356276432653947,-83.0,0.8803418803418803,0.6837606837606838,0.5042735042735043,0.8239316239316239,0.7461538461538461,材料*-KY
320.0,347.5,310.0,336.0,4531530.0,0.1070840197693574,311.4,0.3023255813953489,304.075,0.8001085455815822,289.86895650227865,1.6063347387989348,209.8283405303955,0.0320746711921934,49.31129476584022,2087139.3,2.1711679713951053,0.1049905450957824,4764.TW,2026-07-09,0.0553616264514493,0.2731649217142393,bull,0.0512465373961218,0.0517560073937153,2026-03-31,2026-05-15,822846000.0,218329000.0,120547000.0,115287000.0,27069000.0,88084000.0,1.03,2840679000.0,2079398000.0,5020994000.0,2594448000.0,2426546000.0,1073448000.0,1121743000.0,492211000.0,,0.2347966379557105,92242969.68435296,2941596000.0,0.0313581367680514,0.0363001566836153,0.0175431398643376,1.0691938252973567,0.2653339750086893,0.1465000741329483,0.1070479773858048,0.2466117024661169,,,65.41829051610917,65.41829051610917,False,81.15818268962944,81.15818268962944,77.22320964624937,207.0,True,True,True,True,True,True,True,False,True,True,False,True,True,True,True,False,False,12,False,0.1591444770573724,0.6013089516443437,1.0,701278804.8000001,0.1846722068328716,2.0,3.0,,,,,,0.0020033523732599,-0.0652795047907257,0.2840819908642373,-1.3004540854728834,0.5307692307692308,-1.3004540854728834,0.5447654384841668,-207.0,0.6923076923076923,0.8461538461538461,0.5470085470085471,0.6705128205128206,0.7094017094017094,雙鍵
58.5,60.59999847412109,57.79999923706055,57.79999923706055,2391454.0,-0.0334448164802068,58.1,0.2258748115911777,56.83474178314209,0.3729216468402074,51.96241391499837,0.6213182822756012,46.45079024632772,0.0442813279713493,51.74002609037876,2285986.35,1.0461366053213748,0.0169835812327867,4952.TW,2026-07-09,0.0553616264514493,0.2731649217142393,bull,0.0794090489381348,0.1414048059149723,2026-03-31,2026-05-15,586800000.0,217186000.0,50714000.0,57361000.0,2716000.0,54645000.0,0.5,1968997000.0,498939000.0,2855009000.0,669784000.0,2185225000.0,875328000.0,135979000.0,,,0.0473492442600373,48312730.42659647,2356070000.0,0.0205056430524545,0.0250065782699722,0.0191400447424158,0.3065057373954627,0.3701192910702113,0.0864246762099522,0.0931237218813905,0.1151907683185478,,,59.13696523613547,59.13696523613547,False,70.88237853105866,70.88237853105866,67.94602520732786,276.0,True,False,True,True,True,True,True,True,True,True,True,True,True,True,False,False,False,13,False,0.1123424583702263,0.2443275761412922,1.0,132130009.28593084,0.3628808864265928,1.0,3.0,,,,,,0.0195128163802512,0.0129197448445516,0.2688205798944951,-1.2945754645283298,0.6867521367521368,-1.2945754645283298,0.7004721452657998,-276.0,0.5811965811965812,0.4700854700854701,0.8034188034188035,0.6145299145299146,0.5923076923076923,凌通
175.0,178.5,174.5,176.0,623159.0,0.0602409638554217,175.2,0.0764525993883791,168.02123794555663,0.1503267973856208,166.46541264851888,0.1851851851851851,157.04937299092612,0.0146440524862482,52.26213356308128,1064553.35,0.5853713202818815,0.0474866281905903,4961.TW,2026-07-09,0.0553616264514493,0.2731649217142393,bull,0.2142197599261311,0.2744916820702403,2026-03-31,2026-05-15,4501219000.0,1251280000.0,294573000.0,378167000.0,58735000.0,224263000.0,1.86,18756288000.0,2898638000.0,26661399000.0,3800040000.0,22861359000.0,2014179000.0,,,,0.155314979889837,248821400.42891103,23762761000.0,0.0104710643863695,0.0098096967901164,0.0084115240914402,0.1662210894811634,0.2779869186547022,0.0654429389016619,0.049822725799389,-0.0343346930509377,,,36.99914354663914,36.99914354663914,False,65.95959368087735,65.95959368087735,58.7194811473178,576.0,True,False,True,True,True,True,True,True,True,False,True,True,False,True,False,False,False,11,False,0.0572766870894243,0.1206666836560297,1.0,187361389.6,0.3259464450600184,2.0,3.0,,,,,,-0.0313163895706615,-0.0643248603968097,0.1930084395513221,-1.6465496891149782,0.2581196581196581,-1.6465496891149782,0.2974066225383808,-576.0,0.3675213675213675,0.1111111111111111,0.2136752136752136,0.3444444444444444,0.2598290598290598,天鈺
1525.0,1525.0,1475.0,1480.0,564687.0,-0.0263157894736841,1511.0,0.1169811320754716,1446.75,0.2436974789915966,1416.1666666666667,0.2436974789915966,1328.1666666666667,0.0103002793296089,53.24675324675325,1017262.85,0.5551043174337882,0.0229825470883013,5269.TW,2026-07-09,0.0553616264514493,0.2731649217142393,bull,0.1523545706371191,0.2060998151571164,2026-03-31,2026-05-15,3497963000.0,1778068000.0,807599000.0,1936464000.0,82474000.0,1853990000.0,24.85,10669746000.0,3568387000.0,41500017000.0,4404988000.0,37095029000.0,5726443000.0,,,,0.0425899990911269,773203359.324005,37931630000.0,0.020384132169485,0.0499794729908419,0.0446744395309524,0.1187487412396954,0.508315268057438,0.2308769418087041,0.5300199001533178,0.3940900795771613,,,87.63352452318074,87.63352452318074,False,68.57736114459834,68.57736114459834,73.34140198924393,47.0,True,False,True,True,True,True,True,True,True,False,True,True,False,True,True,False,False,11,False,0.0450747322584441,0.114317982180951,1.0,1505549018.0,0.113573407202216,3.0,2.0,,,,,,0.0239660146379564,-0.0151623977065461,0.2987390633223142,-1.127453898517797,0.7200854700854701,-1.127453898517797,0.6277547346124196,-47.0,0.9230769230769232,0.6752136752136753,0.6837606837606838,0.8871794871794871,0.8008547008547009,祥碩
514.0,525.0,509.0,509.0,1050611.0,-0.0591497227356746,517.4,0.1323692992213569,502.075,0.2693266832917707,454.675,0.6826446280991736,392.65,0.0330229926444113,58.656330749354005,1678383.35,0.6259660523920235,0.0137927600458098,5434.TW,2026-07-09,0.0553616264514493,0.2731649217142393,bull,0.1385041551246537,0.1940850277264325,2026-03-31,2026-05-15,18536692000.0,2517460000.0,1430469000.0,1720554000.0,385901000.0,1322921000.0,6.86,26594173000.0,20377745000.0,43809103000.0,24343457000.0,19465646000.0,6619207000.0,553886000.0,2499050000.0,0.0,0.2242888046524549,1109630817.8976076,23431358000.0,0.0473566584530699,0.0679618338893042,0.0301973998417634,1.25058562145844,0.1358095608428947,0.07716959422965,0.0713676960268854,0.1762262681445767,,,65.82773904429318,65.82773904429318,False,74.53806937842151,74.53806937842151,72.36048679488943,203.0,True,False,True,True,True,True,True,True,True,False,True,True,False,True,True,False,False,11,False,0.1194809479298399,0.2963198777537248,1.0,854297125.1500001,0.1652816251154201,3.0,3.0,,,,,,0.0276547246853938,0.0178334558619937,0.2136824647317664,-0.9555297581594272,0.6722222222222223,-0.9555297581594272,0.6353113853806509,-203.0,0.7008547008547008,0.6153846153846154,0.7094017094017094,0.7021367521367521,0.676923076923077,崇越
63.59999847412109,68.80000305175781,62.5,67.5999984741211,16860777.0,0.0645669051042692,63.57999954223633,0.3952527845124396,60.74499988555908,0.6368038673826475,52.27833321889241,1.0993787848578322,45.53249988555908,0.0600759080983262,62.00716561641693,7250779.45,2.3253744119882174,0.1128487711165779,5471.TW,2026-07-09,0.0553616264514493,0.2731649217142393,bull,0.0341643582640812,0.0693160813308687,2026-03-31,2026-05-15,762695000.0,324634000.0,69170000.0,100354000.0,20035000.0,80319000.0,0.48,2907264000.0,471709000.0,4129482000.0,577986000.0,3551496000.0,1448788000.0,,,,0.1996432628495127,55360675.5086992,3657773000.0,0.0151350768647204,0.0226155400428439,0.019450139266862,0.1627443758911737,0.4256406558322789,0.0906915608467342,0.1053094618425451,0.2391711942393677,,,64.00671286733612,64.00671286733612,False,90.52715857139074,90.52715857139074,83.89704714537709,224.0,True,True,True,True,True,True,True,True,True,True,True,True,True,True,True,False,False,14,False,0.2930786869404573,0.4846537889205784,1.0,490152679.7561886,0.2253000923361034,1.0,3.0,,,,,,0.0161765048873815,-0.058778320763352,0.2342243073719016,-1.5364532689483157,0.4841880341880342,-1.5364532689483157,0.4630114967943283,-224.0,0.6581196581196581,0.9572649572649572,0.4188034188034188,0.6222222222222222,0.7000000000000001,松翰
64.4000015258789,64.5999984741211,63.79999923706055,64.5,397150.0,0.0453808622761378,63.12000045776367,0.0643564624435493,61.91500015258789,0.1415929203539823,58.78499997456869,0.2524271844660195,56.08166666030884,0.010115021913474,67.60563758648888,436042.0,0.9108067571472472,0.0417507848024136,6024.TW,2026-07-09,0.0553616264514493,0.2731649217142393,bull,0.2409972299168975,0.2846580406654344,2026-03-31,2026-05-15,,,-200365000.0,528439000.0,90392000.0,441039000.0,1.76,83604913000.0,73607565000.0,84532833000.0,73635548000.0,10897285000.0,7933176000.0,,,,0.1710547480409281,-166091615.40877944,10925268000.0,-0.0152025209275213,0.040472374540998,0.0052173692084825,6.757237972577573,,,,,,,16.995424717797373,16.995424717797373,False,66.79326683440404,66.79326683440404,54.343806305252365,919.0,True,False,True,True,True,True,True,True,True,False,True,True,True,True,False,False,False,12,False,0.0972186787089175,0.1501084728933197,1.0,28124709.0,0.5650969529085873,1.0,3.0,,,,,,0.0143873145803294,0.0129892041193697,0.2858226682188126,-0.8468842459119826,0.7264957264957266,-0.8468842459119826,0.7522224613567913,-919.0,0.1111111111111111,0.0683760683760683,0.8632478632478633,0.2239316239316239,0.2487179487179487,群益期
869.0,906.0,860.0,875.0,3202715.0,-0.0681576144834931,900.8,0.1872455902306649,863.4,0.3779527559055118,774.7833333333333,0.451077943615257,669.9583333333334,0.0395521040274517,57.10382513661202,5419161.45,0.5909982622865019,0.0134352559647903,6139.TW,2026-07-09,0.0553616264514493,0.2731649217142393,bull,0.1034164358264081,0.1404805914972273,2026-03-31,2026-05-15,20346268000.0,3810888000.0,3500691000.0,3755759000.0,771489000.0,2227075000.0,9.45,80079673000.0,54933867000.0,86440236000.0,56432727000.0,30007509000.0,42080764000.0,1694774000.0,301468000.0,0.0,0.2054149374334189,2781596777.261268,31506369000.0,0.0882868088436743,0.0742172567539678,0.0257643327119097,1.8806201807687533,0.1873015729469404,0.1720556811696376,0.1094586486327615,0.6849960227627989,,,75.64712525562624,75.64712525562624,False,75.1760136199674,75.1760136199674,75.29379152888211,113.0,True,True,True,True,True,True,True,True,True,True,True,True,False,True,True,False,False,13,False,0.1293479897605782,0.3060513713539399,1.0,4741766268.75,0.0415512465373961,3.0,3.0,,,,,,0.0414996484796543,0.0584210072228389,0.4094543446595056,-0.7978064896903198,0.9068376068376068,-0.7978064896903198,0.9021806657779472,-113.0,0.8290598290598291,0.7521367521367521,0.9914529914529916,0.8534188034188035,0.8384615384615384,亞翔
35.599998474121094,39.04999923706055,35.599998474121094,39.04999923706055,1676226.0,0.0051480249882811,36.95999984741211,0.2015384380634015,36.75749940872193,0.6617020951940658,35.0933331489563,2.7368421004599632,25.65291655063629,0.0051958696855686,59.72222639209552,1462821.0,1.1458859286269476,0.0623682205050828,6141.TW,2026-07-09,0.0553616264514493,0.2731649217142393,bull,0.0932594644506001,0.065619223659889,2026-03-31,2026-05-15,492434000.0,34293000.0,-63612000.0,-77804000.0,15064000.0,-65599000.0,-0.58,1350221000.0,3615846000.0,5252579000.0,4716598000.0,535981000.0,92109000.0,1308939000.0,1003547000.0,,0.0,-63612000.0,1636733000.0,-0.0388652272545369,-0.1223905325002192,-0.0124889125894156,8.799935072325326,0.0696397892915598,-0.129178732581422,-0.1332137910867243,0.0266912966607733,,,4.52468916645619,4.52468916645619,False,85.55505480240569,85.55505480240569,65.29746339341831,1073.0,True,True,True,True,True,True,True,True,True,True,True,True,True,True,False,False,False,14,False,0.1127469445922928,0.5222440364618874,1.0,57123158.93395615,0.469067405355494,1.0,3.0,,,,,,-0.0371781578154289,-0.0544193543701813,0.3232852722341136,-0.0362779372707739,0.5858974358974358,-0.0362779372707739,0.5120660501358245,-1073.0,0.017094017094017,0.3333333333333333,0.4700854700854701,0.085042735042735,0.2025641025641025,柏承
15.0,15.449999809265137,14.600000381469728,14.949999809265137,2305127.0,-0.0567823691194849,15.599999809265135,0.2056451829985708,13.9375,0.2154471201168288,12.940000009536742,0.1912350264585727,12.619166692097982,0.053676049117987,58.51063818994175,2573038.0,0.8958775579684404,0.0726457262253013,6164.TW,2026-07-09,0.0553616264514493,0.2731649217142393,bull,0.0895660203139427,0.2273567467652495,2026-03-31,2026-05-15,183889000.0,55679000.0,-4775000.0,5477000.0,1454000.0,4004000.0,0.05,873770000.0,489194000.0,1500360000.0,554408000.0,945952000.0,452028000.0,188000000.0,23203000.0,,0.2654737995252875,-3507362.607266752,1011166000.0,-0.0034686318638747,0.0042327729102533,0.00266869284705,0.5860847062007375,0.3027859197668158,-0.025966751681721,0.0217740049703897,-0.1186470734840206,,,23.075673331588646,23.075673331588646,False,79.9169536734942,79.9169536734942,65.70663358801781,809.0,True,True,True,True,True,True,True,True,True,False,True,True,True,True,False,False,False,13,False,0.1553322873452109,0.1847057871599955,1.0,38466917.60923195,0.5300092336103417,0.0,3.0,,,,,,0.0460488083010974,0.0572316120380702,0.2948881774840639,-1.376882500004185,0.8230769230769232,-1.376882500004185,0.8060173827293642,-809.0,0.1709401709401709,0.376068376068376,0.8888888888888888,0.2786324786324786,0.376068376068376,華興
546.0,580.0,546.0,549.0,1854531.0,-0.0663265306122449,563.0,0.098,551.3682830810546,0.6586102719033233,470.7394276936849,0.8547297297297298,378.9655471801758,0.0279179484015593,46.8798155178092,2098362.9,0.8837989844368674,-0.0042952834860587,6196.TW,2026-07-09,0.0553616264514493,0.2731649217142393,bull,0.1782086795937211,0.0674676524953789,2026-03-31,2026-05-15,14308544000.0,1941121000.0,1179768000.0,1386251000.0,277186000.0,1112712000.0,5.08,46337341000.0,36023511000.0,57381180000.0,39725563000.0,17655617000.0,12671163000.0,1883857000.0,1404012000.0,0.0,0.1999536880406218,943869037.3676916,21357669000.0,0.0441934481411661,0.0630231160995393,0.0193915844881544,2.2500240574996613,0.1356616717955369,0.0824519951156455,0.0777655644068327,0.0790146048289421,,,51.54752142541584,51.54752142541584,False,67.96704829980389,67.96704829980389,63.86216658120688,346.0,True,False,True,True,False,True,True,False,True,True,True,True,True,True,False,False,False,11,False,0.1662503026137851,0.4486805042965629,1.0,1152001232.1,0.1403508771929824,3.0,3.0,,,,,,0.0426662173915844,0.0079926377506476,0.2387462335424751,-1.1723785649186538,0.7123931623931624,-1.1723785649186538,0.6757837132185976,-346.0,0.5299145299145299,0.282051282051282,0.7692307692307693,0.5658119658119658,0.5034188034188034,帆宣
370.5,376.0,358.0,358.5,3191009.0,-0.0137551581843191,366.5,0.1013824884792626,347.9725051879883,0.9972144846796658,277.55750172932943,1.39,218.10791753133137,0.0289032291783659,54.341215532641016,3880455.3,0.8223285035650327,0.0302538121692239,6197.TW,2026-07-09,0.0553616264514493,0.2731649217142393,bull,0.1698984302862419,0.0388170055452865,2026-03-31,2026-05-15,2025886000.0,724668000.0,458448000.0,506606000.0,96522000.0,391675000.0,3.21,6657237000.0,3109326000.0,9069219000.0,4243979000.0,4825240000.0,2462563000.0,,,965928000.0,0.1905267604410528,371101387.7293202,5959893000.0,0.0622664513824862,0.0811721282257462,0.0431872909894446,0.8795373908862565,0.3577042340980687,0.2262950629995962,0.1933351629854789,0.2107817033776495,,,89.98012274352672,89.98012274352672,True,74.05512355870593,74.05512355870593,78.03637335491112,33.0,True,False,True,True,True,True,True,True,True,True,True,True,True,True,True,True,False,13,False,0.2916242499891235,0.6436817336009877,1.0,1391143225.05,0.1191135734072022,2.0,2.0,,,,,,0.0043310160480829,-0.0708264859973463,0.1835309888279711,-1.682284258402792,0.282051282051282,-1.682284258402792,0.2787755583521424,-33.0,0.9401709401709402,0.8547008547008547,0.188034188034188,0.8273504273504273,0.764102564102564,佳必琪
69.0999984741211,74.80000305175781,67.5,73.30000305175781,30532711.0,0.0486409363613551,68.44000091552735,0.4514852089456993,66.39500045776367,0.4400786022469989,59.58833363850911,0.9651475750950784,54.65291690826416,0.0596074052527084,57.07865754156479,10962120.25,2.785292471134861,0.1039988334420853,6202.TW,2026-07-09,0.0553616264514493,0.2731649217142393,bull,0.0286241920590951,0.1201478743068391,2026-03-31,2026-05-15,825585000.0,330355000.0,55209000.0,86457000.0,15086000.0,68431000.0,0.3,4419323000.0,1032349000.0,5479665000.0,1377619000.0,4102046000.0,932254000.0,400000000.0,,,0.1744913656499762,45575506.19383046,4447316000.0,0.0102478677462609,0.0166821629986596,0.0124881721784087,0.335837043270602,0.4001465627403598,0.0668725812605607,0.0828878916162478,0.0849555614839034,,,49.258241412318746,49.258241412318746,False,85.44709965802416,85.44709965802416,76.3998850965978,381.0,True,True,True,True,True,True,True,True,True,True,True,False,True,True,False,False,False,13,False,0.2301066093982446,0.3411910506953013,1.0,803523447.7787361,0.1671283471837488,1.0,3.0,,,,,,-0.0161182626853202,-0.0704159704869844,0.229478257482516,-1.5929839902390095,0.3495726495726495,-1.5929839902390095,0.3481663317667751,-381.0,0.5042735042735043,0.8290598290598291,0.2478632478632478,0.4658119658119657,0.5504273504273505,盛群
395.0,404.5,381.5,385.0,29499555.0,0.0739191073919107,389.5,0.515748031496063,325.59268951416016,0.71875,287.2225631713867,2.26271186440678,211.61544825236004,0.1162182023020988,72.30876065466626,23214914.15,1.270715661897031,0.1824589814178128,6213.TW,2026-07-09,0.0553616264514493,0.2731649217142393,bull,0.025854108956602,0.0609981515711645,2026-03-31,2026-05-15,9143071000.0,1044251000.0,424199000.0,483404000.0,168881000.0,314523000.0,0.87,27657471000.0,15422932000.0,39926715000.0,18831086000.0,21095629000.0,3563235000.0,3355253000.0,1984813000.0,,0.3493578869847994,276001733.69893503,24503783000.0,0.0112636376880637,0.0149093918934581,0.0078775075785723,0.8926534496790781,0.11421228162835,0.0463956804010381,0.0344001484840268,0.206199391931416,,,35.19697595463791,35.19697595463791,False,84.95538679116476,84.95538679116476,72.51578408203304,601.0,True,True,True,True,True,True,True,False,True,True,True,False,True,False,False,False,False,11,False,0.3404239407552016,0.8193378752805978,1.0,8937741947.75,0.0240073868882733,2.0,3.0,,,,,,-0.1637071246180061,-0.211314220578156,0.1371750462484303,-2.2184267723799183,0.0371794871794871,-2.2184267723799183,0.0435642142849273,-601.0,0.3247863247863248,0.6324786324786325,0.0427350427350427,0.2824786324786325,0.3606837606837607,聯茂
245.5,249.5,242.0,244.5,5942846.0,-0.0104931172264971,250.0577178955078,0.2014742014742014,234.2698303222656,0.3434065934065933,214.92327677408852,1.1077586206896552,175.62413838704427,0.0414056716964733,54.02629529252388,11563116.0,0.5139484893172394,0.0436683189792794,6257.TW,2026-07-09,0.0553616264514493,0.2731649217142393,bull,0.0941828254847645,0.1543438077634011,2026-03-31,2026-05-15,5293776000.0,1675935000.0,1184017000.0,1379715000.0,258007000.0,1005655000.0,2.1,19127174000.0,10312177000.0,43878954000.0,19347117000.0,24531837000.0,11717635000.0,668430000.0,8022848000.0,,0.1870002138122728,962605567.8426342,33566777000.0,0.0286773307977299,0.0409938725746465,0.0229188462423238,0.7886534139290099,0.3165859303453716,0.2236620892157129,0.1899693149086776,0.1299871008670361,,,71.51600240927145,71.51600240927145,False,74.20638583689409,74.20638583689409,73.53378997998843,155.0,True,False,True,True,True,True,True,True,True,True,True,True,False,True,True,False,False,12,False,0.1376152628502882,0.3921776485027679,1.0,2827181862.0,0.0655586334256694,2.0,3.0,,,,,,-0.0334087552975232,-0.0913753705833744,0.2227153029754054,-1.5352209107362238,0.3217948717948717,-1.5352209107362238,0.3764472609702937,-155.0,0.7521367521367521,0.6923076923076923,0.2991452991452991,0.6841880341880341,0.6435897435897435,矽格
257.5,266.5,251.0,252.0,9389439.0,-0.0454545454545454,261.0,0.1200000000000001,252.35,0.4318181818181819,219.02385431925453,0.9310344827586208,184.75359382629395,0.0313115013562271,52.08791208791209,17493389.3,0.5367421280677724,-0.001386962552011,6271.TW,2026-07-09,0.0553616264514493,0.2731649217142393,bull,0.1468144044321329,0.121996303142329,2026-03-31,2026-05-15,2819237000.0,788543000.0,393499000.0,465740000.0,71043000.0,394293000.0,1.89,11855565000.0,4582832000.0,34771625000.0,8286661000.0,26484964000.0,4593272000.0,0.0,3342284000.0,0.0,0.1525378966805513,333475490.1940997,30188793000.0,0.0110463339887122,0.0148874282026586,0.0113395045529221,0.3128817165845496,0.2797008552313977,0.1395764173072359,0.1398580537925687,-0.0307443766240285,,,45.5192454868206,45.5192454868206,False,67.64334038615789,67.64334038615789,62.11231666132357,426.0,True,False,True,True,False,True,True,True,True,True,True,True,False,True,False,False,False,11,False,0.1505596081451412,0.3639788800911303,1.0,4408334103.6,0.0443213296398892,2.0,3.0,,,,,,-0.0270846237751675,-0.0828529345252291,0.2022820389045664,-1.6638493601160111,0.2521367521367521,-1.6638493601160111,0.328467586972366,-426.0,0.4786324786324786,0.2222222222222222,0.2222222222222222,0.4401709401709401,0.3504273504273504,同欣電
204.5,212.0,199.5,199.5,8420322.0,-0.0543321533730851,197.29517211914063,0.0611702127659574,201.9426742553711,0.5960000000000001,196.26422475179035,1.080291937703091,146.9946123123169,-0.0039518182515376,47.259908331357096,8969159.4,0.9388083793002944,-0.0120958795082715,6278.TW,2026-07-09,0.0553616264514493,0.2731649217142393,bull,0.2539242843951985,0.0794824399260628,2026-03-31,2026-05-15,12555084000.0,1419454000.0,723987000.0,799040000.0,170919000.0,627376000.0,2.17,37797116000.0,26839243000.0,53112334000.0,30850052000.0,22262282000.0,9566156000.0,4162457000.0,1773538000.0,,0.2139054365238286,569122244.7274228,26273091000.0,0.0216617924677162,0.0281811181800679,0.0118122468502325,1.3857542546626622,0.113058104589344,0.0576648471647023,0.0499698767447513,0.0113360711318526,,,34.433104916963885,34.433104916963885,False,55.39521046999248,55.39521046999248,50.154684081735326,610.0,True,False,True,True,False,True,False,False,True,True,True,True,True,True,False,False,False,10,False,0.0164868317305502,0.3571925995228031,1.0,1789347300.3000002,0.0951061865189289,2.0,3.0,,,,,,0.0171241405788962,-0.0022670983170375,0.2125210998948019,-0.7634229291540041,0.6230769230769231,-0.7634229291540041,0.5917183264789598,-610.0,0.2991452991452991,0.017094017094017,0.6410256410256411,0.3504273504273504,0.2829059829059829,台表科
1135.0,1145.0,1105.0,1105.0,696406.0,-0.0675105485232067,1195.0,0.2923976608187135,1030.6,0.5157750342935528,853.7833333333333,0.0833333333333332,857.1833333333333,0.0803501231720738,63.62252663622527,1390976.15,0.500659914262369,0.0721909567242384,6409.TW,2026-07-09,0.0553616264514493,0.2731649217142393,bull,0.0554016620498614,0.0979667282809611,2026-03-31,2026-05-15,4204594000.0,1097283000.0,761311000.0,497580000.0,106071000.0,391509000.0,4.46,12925624000.0,6848461000.0,17835228000.0,7506620000.0,10328608000.0,7086998000.0,,489300000.0,,0.2131737610032557,599019470.8368503,10986767000.0,0.0545219053827982,0.0379053014694719,0.0219514435139264,0.7267794459814914,0.2609724030429573,0.1810664715784687,0.0931145789581586,-0.1581824756109622,,,62.88856390334461,62.88856390334461,False,83.99077650713859,83.99077650713859,78.7152233561901,235.0,True,True,True,True,True,True,True,True,True,True,True,True,False,True,True,False,False,13,False,0.2942393659593574,0.2891057922264783,1.0,1537028645.75,0.1108033240997229,3.0,3.0,,,,,,0.062812485886425,0.0500909757144632,0.2324359947019805,-0.8399313849481258,0.8252136752136752,-0.8399313849481258,0.8062249351955234,-235.0,0.6495726495726496,0.8803418803418803,0.8974358974358975,0.6867521367521368,0.7683760683760684,旭隼
405.0,412.5,393.0,394.0,2024942.0,0.0548862115127175,391.5,0.0535296643947864,376.3188186645508,0.3401360544217686,353.1621780395508,0.3922261484098939,317.0185890197754,0.0124970551288299,56.707317073170735,1708367.15,1.1853084391139224,0.0469845791879202,6414.TW,2026-07-09,0.0553616264514493,0.2731649217142393,bull,0.2816251154201292,0.1580406654343807,2026-03-31,2026-05-15,37112748000.0,7463263000.0,1991965000.0,2414012000.0,571474000.0,751782000.0,5.15,113547832000.0,89321445000.0,170294132000.0,107066225000.0,63227907000.0,26537871000.0,13786805000.0,9111537000.0,0.0,0.236732046071022,1520403049.848137,80972687000.0,0.0187767394930112,0.0118900345697035,0.0044146089543472,1.693338117296845,0.2010970192775808,0.0536733361808724,0.0202567053240034,0.0767958564505,,,30.957982203301764,30.957982203301764,False,73.29020079666901,73.29020079666901,62.7071461483272,665.0,True,False,True,True,True,True,True,True,False,True,True,True,True,True,False,False,False,12,False,0.1156347550780927,0.2428293281420874,1.0,673096657.0999999,0.1939058171745152,2.0,3.0,,,,,,0.0188601258976673,0.0081328594539143,0.1871410461512876,-1.7440909478793307,0.4512820512820512,-1.7440909478793307,0.451161201747041,-665.0,0.2478632478632478,0.2564102564102564,0.4017094017094017,0.2709401709401709,0.2811965811965812,樺漢
1400.0,1400.0,1245.0,1285.0,6218925.0,0.0229130056737374,1313.302294921875,0.3032454361054766,1149.6883117675782,1.0015576323987538,896.0127705891927,1.5699999999999998,773.3897186279297,0.0843939810571649,71.91841289381081,3152856.8,1.9724730282707417,0.1176942366443545,6446.TW,2026-07-09,0.0553616264514493,0.2731649217142393,bull,0.0498614958448753,0.0369685767097966,2026-03-31,2026-05-15,5121378000.0,4500097000.0,2087077000.0,2335581000.0,185954000.0,2149627000.0,5.79,30923112000.0,4737365000.0,40089669000.0,5635458000.0,34454211000.0,24175410000.0,,43340000.0,,0.0796178766653779,1920908360.822853,35352304000.0,0.0543361575761187,0.0623908351870254,0.0536204726459577,0.1635636932739513,0.8786887044853944,0.4075225456898514,0.4197360554132111,0.572274143110902,,,96.8555062833974,96.8555062833974,False,84.28385185834885,84.28385185834885,87.426765464611,13.0,True,True,True,True,True,True,True,True,True,True,True,True,True,True,True,False,True,15,True,0.434131345198373,0.6615167864911855,1.0,4051420988.0,0.0498614958448753,3.0,0.0,,,,,,-0.0360397904529108,-0.0686856503812097,0.1850275122028945,-1.6292362080902425,0.2393162393162393,-1.6292362080902425,0.3346211311477707,-13.0,0.9572649572649572,0.9829059829059827,0.2307692307692307,0.8482905982905983,0.8196581196581196,藥華藥
172.5,172.5,165.5,168.0,698552.0,0.0402476780185758,169.9,0.0578890506942835,162.22784118652345,0.4297872340425532,149.15397771199545,0.5342465753424657,131.4311555226644,0.0183031364514806,50.0,757349.9,0.9223636261125802,0.0355805684847889,6579.TW,2026-07-09,0.0553616264514493,0.2731649217142393,bull,0.2668513388734995,0.1229205175600739,2026-03-31,2026-05-15,2410208000.0,839483000.0,209639000.0,579998000.0,59278000.0,478353000.0,3.81,8204597000.0,3230317000.0,16153300000.0,3705611000.0,12447689000.0,2371477000.0,604174000.0,110376000.0,,0.102203800702761,188213097.42447388,12922983000.0,0.0145642145799057,0.0384290610088346,0.0296133297840069,0.2976946965818314,0.3483031340033723,0.0869796299738445,0.1984695926658612,0.2307120407887111,,,67.71294718591793,67.71294718591793,False,66.88649426852558,66.88649426852558,67.09310749787366,183.0,True,False,True,True,True,True,True,True,True,True,True,True,True,True,True,False,False,13,False,0.1263527971368938,0.2782357374239896,1.0,127234783.2,0.3702677746999077,2.0,3.0,,,,,,0.0068854998853796,-0.0161503062401531,0.2391021569937138,-1.1805376397984286,0.5675213675213675,-1.1805376397984286,0.5727305134525308,-183.0,0.717948717948718,0.452991452991453,0.5982905982905983,0.7,0.6145299145299146,研揚
104.0,104.0,99.6999969482422,99.6999969482422,200113.0,0.0121827101344385,100.55999908447264,0.0628997196644955,99.60999946594238,0.3843267075428926,95.531667582194,0.2458939839958143,86.20479615529378,0.0159102444257254,45.43268930982602,275961.85,0.7251473346768766,0.0009034984718636,6756.TW,2026-07-09,0.0553616264514493,0.2731649217142393,bull,0.2465373961218836,0.1367837338262477,2026-03-31,2026-05-15,414892000.0,185087000.0,-50699000.0,46990000.0,8682000.0,44595000.0,0.64,1744541000.0,848091000.0,3944534000.0,980235000.0,2964299000.0,833541000.0,,113508000.0,,0.1847627154713768,-41331715.08831666,3096443000.0,-0.0133481272183329,0.0150440289592918,0.0113055179648597,0.3306802046622152,0.4461088668858401,-0.1221980660027187,0.1074858035344137,0.0636156451162206,,,42.16370730947515,42.16370730947515,False,64.25957631000927,64.25957631000927,58.735609059875735,478.0,True,False,True,True,True,True,True,False,True,True,True,True,False,True,False,False,False,11,False,0.0436329593269355,0.1565481434308768,1.0,27513395.60283127,0.5706371191135734,1.0,3.0,,,,,,0.0102576598318186,-0.006199930705445,0.2938346246169488,-1.3652490640244277,0.6324786324786325,-1.3652490640244277,0.6703045391355944,-478.0,0.4188034188034188,0.1196581196581196,0.7606837606837606,0.4700854700854701,0.3974358974358974,威鋒電子
357.0,376.5,351.0,363.0,3374910.0,0.1083969465648855,346.6,0.3194282262935373,317.10595855712893,0.7881773399014778,280.87032318115234,1.0110803324099722,237.54766159057615,0.0527096250542694,72.40143369175627,3213717.85,1.0501575301640125,0.1447277801139235,8016.TW,2026-07-09,0.0553616264514493,0.2731649217142393,bull,0.0452446906740535,0.0536044362292051,2026-03-31,2026-05-15,5328772000.0,1669417000.0,614352000.0,795608000.0,114691000.0,541690000.0,4.6,16315655000.0,7568958000.0,23295165000.0,7934322000.0,15360843000.0,6140979000.0,0.0,,,0.1441551618384933,525789988.014198,15726207000.0,0.0334339989302059,0.0352643406354716,0.0232533231681338,0.5165290733067189,0.3132836233188434,0.1152896014316244,0.1016538144247868,0.2299945941628962,,,70.50462844759238,70.50462844759238,False,82.7205277920817,82.7205277920817,79.66655295595936,160.0,True,True,True,True,True,True,True,False,True,True,False,True,True,True,True,False,False,12,False,0.2924113729376694,0.528114390053001,1.0,1166579579.55,0.1394275161588181,2.0,3.0,,,,,,0.0233718352419232,-0.0036296888844585,0.2572317546045528,-1.3859331057085476,0.6329059829059829,-1.3859331057085476,0.6760364682018657,-160.0,0.7435897435897436,0.905982905982906,0.7777777777777778,0.7487179487179487,0.7991452991452991,矽創
143.0,154.0,142.0,154.0,16316409.0,0.0405405405405405,147.1,0.193798449612403,144.82300033569337,0.1240875912408758,142.92433344523113,0.8289786886175772,122.42883326212564,0.0216934277218562,55.82366583505691,8383863.45,1.946168266850768,0.0633670041570382,8039.TW,2026-07-09,0.0553616264514493,0.2731649217142393,bull,0.0978762696214219,0.310536044362292,2026-03-31,2026-05-15,2415476000.0,532169000.0,146484000.0,219817000.0,44902000.0,171370000.0,0.65,10090538000.0,4116000000.0,15838059000.0,5212295000.0,10625764000.0,3401205000.0,544660000.0,425464000.0,0.0,0.2042699154296528,116561725.70820272,11722059000.0,0.0099437927848855,0.0161277814941118,0.0108201390081953,0.4905336689201831,0.2203164096848819,0.060643947611154,0.0709466788326607,0.0846351629146733,,,39.59205928302138,39.59205928302138,False,75.94467651947117,75.94467651947117,66.85652221035873,518.0,True,True,True,True,True,True,True,True,True,False,True,True,True,True,False,False,False,13,False,0.0774932181790659,0.2578736225500007,1.0,1291114971.3,0.1311172668513388,2.0,3.0,,,,,,-0.0459463278618973,-0.0855107564808733,0.1850002396170609,-1.5977983858696352,0.2141025641025641,-1.5977983858696352,0.2249015110293021,-518.0,0.3931623931623931,0.4358974358974359,0.1709401709401709,0.3598290598290598,0.3615384615384615,台虹
1110.0,1215.0,1090.0,1215.0,22490869.0,0.0611353711790392,1122.0,0.4344746162927981,1011.3456451416016,0.8808049535603715,913.5818817138672,3.969325153374233,684.7451075236003,0.0684030191057069,70.33905172756542,18564395.55,1.211505590872847,0.2013696858603511,8046.TW,2026-07-09,0.0553616264514493,0.2731649217142393,bull,0.0304709141274238,0.0452865064695009,2026-03-31,2026-05-15,11177241000.0,1771445000.0,1352237000.0,1598197000.0,289571000.0,1308626000.0,2.03,25923065000.0,8163676000.0,62161816000.0,15455246000.0,46706570000.0,9657576000.0,,,,0.1811860490289995,1107230520.6191726,53998140000.0,0.0205049751828335,0.0280180282988025,0.0210519267969906,0.3309008989527597,0.1584867857819295,0.1209812868846614,0.1170795189975773,0.3214942908705003,,,61.16068715346135,61.16068715346135,False,84.71625650504681,84.71625650504681,78.82736416715045,249.0,True,True,True,True,True,True,True,True,True,True,True,False,True,False,True,False,False,12,False,0.329930052597668,0.7743828859093003,1.0,22555740593.25,0.0083102493074792,3.0,3.0,,,,,,-0.2486858812594555,-0.3021432438328671,0.1750109262065164,-1.826004312902342,0.0645299145299145,-1.826004312902342,0.0534264177949918,-249.0,0.6239316239316239,0.8888888888888888,0.0512820512820512,0.538034188034188,0.5888888888888888,南電
75.5999984741211,78.5,74.69999694824219,76.0,7445359.0,0.0795454311469374,77.4,0.1360238903821391,74.31000022888183,0.2218649367812062,68.59500007629394,0.1209439023473553,67.86666673024496,0.0305804051167224,50.1278753414936,9210022.55,0.8083974778107356,0.0227425617805518,8131.TW,2026-07-09,0.0553616264514493,0.2731649217142393,bull,0.1357340720221606,0.2208872458410351,2026-03-31,2026-05-15,2944616000.0,575751000.0,474525000.0,532938000.0,106587000.0,,0.96,10084552000.0,1987699000.0,15073124000.0,2470053000.0,12603071000.0,3860003000.0,,,,0.1999988741654751,379620534.236628,13085425000.0,0.0290109441792397,,,0.1959881841497203,0.1955266832755103,0.1611500446917357,,0.3203354134130391,,,75.64747800444505,75.64747800444505,False,67.30101017502196,67.30101017502196,69.38762713237773,112.0,True,False,True,True,True,True,True,True,True,False,True,True,True,True,True,False,False,12,False,0.1079524734378589,0.1198428280275389,1.0,699961713.8000001,0.185595567867036,1.0,3.0,,,,,,0.055610095252694,0.0336686472707399,0.2732268644341658,-1.4885577154544531,0.7504273504273505,-1.4885577154544531,0.7997306809614796,-112.0,0.8376068376068376,0.5384615384615384,0.8803418803418803,0.844017094017094,0.7564102564102564,福懋科
108.5,117.0,108.5,117.0,65043855.0,0.0783410138248847,110.6,0.3250282667761566,102.37827110290527,0.8571428571428572,89.99942410786947,1.2718446601941746,75.24304539362589,0.04368291313531,58.28261365611193,60456019.1,1.0758871650548356,0.1428206272637455,8150.TW,2026-07-09,0.0553616264514493,0.2731649217142393,bull,0.0433979686057248,0.0471349353049907,2026-03-31,2026-05-15,6935628000.0,955465000.0,519677000.0,598149000.0,93257000.0,504892000.0,0.72,24338841000.0,9986027000.0,44831224000.0,20223938000.0,24607286000.0,12386933000.0,2903639000.0,9181032000.0,,0.1559093135656834,438654515.6541263,34845197000.0,0.0125886651079667,0.0205179880463046,0.0112620614596648,0.8218678809194968,0.1377618580465965,0.0749286149718525,0.0727968685748428,0.2536536129791198,,,43.57847362995483,43.57847362995483,False,90.13276244145146,90.13276244145146,78.4941902385773,456.0,True,True,True,True,True,True,True,True,True,True,True,True,True,True,False,False,False,14,False,0.3000083184951139,0.5549609852701614,1.0,7073354234.7,0.0295475530932594,2.0,3.0,,,,,,0.0136944224033617,-0.0509751641379791,0.2419955722612881,-1.5936932297908566,0.4786324786324786,-1.5936932297908566,0.4227693679191172,-456.0,0.4444444444444444,0.8632478632478633,0.358974358974359,0.4316239316239316,0.552991452991453,南茂
40.59999847412109,43.0,39.95000076293945,40.0,2891050.0,-0.0171990356220548,42.12999954223633,0.162790646096578,37.66499996185303,0.1527377268164527,36.78666636149089,-0.0012484204247944,37.98791643778483,0.0427740831200353,61.96473643610776,2191002.65,1.3195100425825592,0.0619938946106957,8222.TW,2026-07-09,0.0553616264514493,0.2731649217142393,bull,0.1172668513388735,0.2726432532347504,2026-03-31,2026-05-15,234428000.0,59230000.0,30441000.0,31763000.0,6251000.0,,0.37,1130042000.0,553253000.0,2167379000.0,1240916000.0,926463000.0,201023000.0,300000000.0,681477000.0,,0.1968013096999653,24450171.33142336,1614126000.0,0.0151476225099052,,,1.3394123672505,0.2526575323766785,0.1298522360810142,,-0.074709104974818,,,42.06809671107272,42.06809671107272,False,81.42272532792461,81.42272532792461,71.58406817371164,479.0,True,True,True,True,True,True,True,True,True,False,True,True,True,True,False,False,False,13,False,0.0873504983281905,0.05296641013493,1.0,87640106.0,0.4173591874422899,1.0,3.0,,,,,,0.0422725040445408,0.0592753821460989,0.2012508432313188,-1.5968602679673995,0.6188034188034188,-1.5968602679673995,0.5132617034525515,-479.0,0.4102564102564102,0.5811965811965812,0.4786324786324786,0.4205128205128204,0.4752136752136752,寶一
24.14999961853028,24.549999237060547,23.200000762939453,24.100000381469727,1562000.0,0.0040810601729102,23.83000030517578,0.2650919342077835,22.64128856658936,0.2956989186666567,18.79542956352234,0.3971014713895493,19.13646482626597,0.0777055840143309,69.52710278063147,1986404.8,0.7863452605430675,0.0644270669750184,8476.TW,2026-07-09,0.0553616264514493,0.2731649217142393,bull,0.0627885503231763,0.1792975970425138,2026-03-31,2026-05-15,326235000.0,40113000.0,7631000.0,5876000.0,4616000.0,225000.0,0.0,3433683000.0,2155428000.0,4156186000.0,2316566000.0,1839620000.0,171630000.0,939067000.0,115449000.0,,0.4,4578600.0,2000758000.0,0.0022884326840127,0.0001223078679292,5.413617196150509e-05,1.259263326121699,0.1229573773506828,0.0233911137676828,0.0006896868821555,0.38142099178943,,,25.567050268345977,25.567050268345977,False,74.528267167014,74.528267167014,62.28796294234699,760.0,True,False,True,True,True,True,True,True,True,True,True,True,False,True,False,False,False,12,False,0.2822266338749901,0.2593757833678349,1.0,47872356.4377533,0.4986149584487535,0.0,3.0,,,,,,0.018436420121817,0.03704914540795,0.2653623714946539,-1.6357079343756589,0.6277777777777778,-1.6357079343756589,0.5538911011259399,-760.0,0.188034188034188,0.2307692307692307,0.5641025641025641,0.2444444444444444,0.2760683760683761,台境*
119.5,120.0,117.0,117.0,1486115.0,0.0,118.7,0.0540540540540539,115.825,0.1304347826086955,109.0,-0.176056338028169,118.18333333333334,0.0067362016514559,53.125,2602326.15,0.5710717697702881,0.0101446147204835,9958.TW,2026-07-09,0.0553616264514493,0.2731649217142393,bull,0.2788550323176362,0.2975970425138632,2026-03-31,2026-05-15,4568125000.0,1516193000.0,1316782000.0,1340499000.0,303816000.0,650007000.0,2.63,23815943000.0,19309253000.0,49410163000.0,24635619000.0,24774544000.0,14755629000.0,3404048000.0,3025790000.0,0.0,0.22664395870493,1018341314.7686048,30100910000.0,0.033830914572636,0.0262368905760687,0.0131553300077152,0.9943924295841732,0.3319070734710631,0.2882543713230264,0.1422918593514844,0.1662781732212701,,,66.90499552840554,66.90499552840554,False,61.28980752766463,61.28980752766463,62.69360452784986,192.0,True,False,True,True,True,True,True,True,False,False,True,True,False,True,True,False,False,10,False,0.073394495412844,-0.0100126921449725,0.0,304472159.55,0.2760849492151431,2.0,3.0,,,,,,-0.0119741657322725,-0.0126696134428864,0.1535302924636636,-1.962707836357018,0.2700854700854701,-1.962707836357018,0.4406589588915804,-192.0,0.7094017094017094,0.2478632478632478,0.3931623931623931,0.661965811965812,0.5076923076923077,世紀鋼
102.5,103.0,97.5999984741211,98.5999984741211,559000.0,-0.0380487953744284,103.11999969482422,0.1668638872677053,98.8300003051758,0.2739017639573806,95.33833363850913,0.2113021698503767,88.23833363850912,0.0297473291206913,48.82032404015027,905943.45,0.6170363061844534,-0.0023272470944497,6799.TW,2026-07-09,0.0553616264514493,0.2731649217142393,bull,0.113573407202216,0.1913123844731978,2026-03-31,2026-05-15,242388000.0,113488000.0,49667000.0,63060000.0,13944000.0,49116000.0,1.14,1710624000.0,310261000.0,1904766000.0,313766000.0,1591000000.0,292416000.0,0.0,,,0.2211227402473834,38684496.86013321,1594505000.0,0.024261132364046,0.0308711502199874,0.0257858445604341,0.1972130735386549,0.4682079970955657,0.2049070085977853,0.2026337937521659,-0.0142341228526808,,,72.37657902476806,72.37657902476806,False,66.80998817210357,66.80998817210357,68.2016358852697,144.0,True,False,True,True,False,True,True,False,True,True,True,True,False,True,True,False,False,10,False,0.0342114730888742,0.1174281563165187,1.0,89326022.78763999,0.4145891043397968,1.0,3.0,,,,,,0.0441818034745211,0.0446889948309425,0.2408142760432957,-1.1927174203289166,0.767948717948718,-1.1927174203289166,0.7422597821666062,-144.0,0.7777777777777778,0.5128205128205128,0.8547008547008547,0.7893162393162393,0.7136752136752136,來頡
71.5,74.30000305175781,70.9000015258789,71.0999984741211,149184647.0,-0.0481927526264217,71.67999877929688,0.1040372172281676,74.68499908447265,0.3021978106431735,67.31499970753988,0.4890052036465151,64.62374979654948,-0.0004015298858443,45.91028912206538,218437100.7,0.6829638670442214,-0.0480016155091163,6770.TW,2026-07-09,0.0553616264514493,0.2731649217142393,bull,0.1680517082179132,0.1765249537892791,2026-03-31,2026-05-15,13572462000.0,1388213000.0,14226108000.0,14331913000.0,100704000.0,14231209000.0,3.36,73060915000.0,23437313000.0,172678080000.0,76101188000.0,96576892000.0,25559039000.0,1800000000.0,30244117000.0,,0.0070265567478675,14126147444.836708,149240767000.0,0.0946534095796807,0.1473562537092206,0.0824146817013485,0.7879854737922194,0.1022815904734159,1.048159722237572,1.0485355567766557,0.2209320651616573,,,80.40162331663433,80.40162331663433,True,55.54532490873063,55.54532490873063,61.75939951070655,85.0,True,False,True,True,False,True,False,False,True,True,True,True,False,True,True,True,False,9,False,0.0562281628615568,0.1002146841983071,1.0,15530877526.461435,0.0138504155124653,1.0,2.0,,,,,,-0.0912506074647716,-0.1182258859374855,0.1588329698427899,-1.761454580328536,0.1393162393162393,-1.761454580328536,0.0379399398799869,-85.0,0.8717948717948718,0.1965811965811965,0.0256410256410256,0.7448717948717949,0.5,力積電
150.0,160.0,148.0,148.0,4754269.0,0.0571428571428571,151.2,0.2282157676348548,132.35,0.1428571428571428,132.3,0.1254752851711027,135.19166666666666,0.0585882823435312,69.34306569343066,3148445.75,1.5100368173725085,0.1182470721571591,6753.TW,2026-07-09,0.0553616264514493,0.2731649217142393,bull,0.0784856879039704,0.2800369685767098,2026-03-31,2026-05-15,1324923000.0,438584000.0,383922000.0,397302000.0,80176000.0,,2.7,6070732000.0,3773290000.0,10821486000.0,5807108000.0,5014378000.0,2838935000.0,477922000.0,894768000.0,506599000.0,0.2018011487483073,306446099.3702524,7048196000.0,0.0434786574281209,,,1.1580913923920375,0.3310260294371824,0.2897692922532102,,0.071119170347758,,,75.40121337756102,75.40121337756102,False,80.47866164696323,80.47866164696323,79.20929957961268,117.0,True,True,True,True,True,True,True,True,True,False,True,True,True,True,True,False,False,13,False,0.1186696900982613,0.09474203291623,1.0,465969971.0,0.2299168975069252,2.0,3.0,,,,,,0.0797284322050752,0.1020919169482428,0.331353309400539,-1.2676038096222253,0.9337606837606838,-1.2676038096222253,0.8879393117859463,-117.0,0.811965811965812,0.8974358974358975,0.9829059829059827,0.8376068376068375,0.8717948717948718,龍德造船
812.0,821.0,779.0,782.0,860699.0,-0.1820083682008367,831.6,0.069767441860465,813.6,0.7243660418963616,694.1833333333333,1.670531889127478,498.8554973602295,0.0301342111927071,50.726978998384496,1333803.5,0.645296702250369,-0.0388397246804326,6831.TW,2026-07-09,0.0553616264514493,0.2731649217142393,bull,0.2289935364727608,0.0600739371534195,2026-03-31,2026-05-15,854383000.0,155509000.0,55957000.0,55735000.0,11147000.0,44588000.0,0.66,3596183000.0,2191667000.0,5114412000.0,2438729000.0,2675683000.0,1447373000.0,496322000.0,,,0.2,44765600.0,2922745000.0,0.0153162865730674,0.0166641564041779,0.0087181087483761,0.9114416767606626,0.1820132188959752,0.065494046580983,0.0521873679602707,0.5068217491754996,,,44.89172928329525,44.89172928329525,False,66.62834547698168,66.62834547698168,61.19419142856008,434.0,True,False,True,True,False,True,True,True,True,True,True,True,False,True,False,False,False,11,False,0.1265035653405681,0.5675882177064764,1.0,1043034337.0,0.149584487534626,3.0,3.0,,,,,,-0.0917021034475317,-0.1940677452130521,0.1837110812541958,-2.0335364862436625,0.0978632478632478,-2.0335364862436625,0.0842067728761205,-434.0,0.4700854700854701,0.1794871794871795,0.0769230769230769,0.4111111111111111,0.3042735042735042,邁科
213.5,215.5,210.0,213.0,205027.0,0.0570719602977667,213.5,0.1210526315789473,196.725,0.1240105540897098,193.8083333333333,0.2456140350877194,187.46666666666667,0.0235431841831425,77.92207792207792,221321.65,0.9263757070309208,0.0827296988181471,4771.TW,2026-07-09,0.0553616264514493,0.2731649217142393,bull,0.1440443213296399,0.3123844731977819,2026-03-31,2026-05-15,1030727000.0,422528000.0,298124000.0,310643000.0,69136000.0,214777000.0,3.66,2662213000.0,1036935000.0,7439213000.0,2725761000.0,4713452000.0,939697000.0,0.0,1180020000.0,,0.2225577270371455,231774200.18477803,6402278000.0,0.0362018331888709,0.0455668159981262,0.0288709302986754,0.5782939976900158,0.4099320188565934,0.2892366261871475,0.208374283394148,0.2716625438753415,,,87.83714193650803,87.83714193650803,False,69.76320009834518,69.76320009834518,74.2816855578859,44.0,True,False,True,True,True,True,True,False,True,False,True,True,True,True,True,False,False,11,False,0.0990239497785612,0.1362019914651493,1.0,47141511.45,0.5013850415512465,2.0,2.0,,,,,,0.0087539517591632,0.0158465799803398,0.25940335255998,-1.3314455928344826,0.6294871794871795,-1.3314455928344826,0.5529603444824943,-44.0,0.9316239316239316,0.717948717948718,0.5555555555555556,0.8752136752136752,0.7923076923076924,望隼
276.5,278.5,272.0,272.5,535200.0,-0.0072859744990892,272.6,0.0623781676413255,268.94428329467775,0.1847826086956521,260.1314277648926,0.2442922374429224,242.3865472157796,0.0075865631549911,48.18400675677174,1050248.05,0.5095939002219523,0.0132210161218646,3592.TW,2026-07-09,0.0553616264514493,0.2731649217142393,bull,0.247460757156048,0.2486136783733826,2026-03-31,2026-05-15,5437400000.0,1553819000.0,286924000.0,336693000.0,47137000.0,289556000.0,3.82,17056365000.0,8492555000.0,19504737000.0,8749927000.0,10754810000.0,3213554000.0,669826000.0,,,0.1399999405987056,246754657.0436569,11012182000.0,0.0224074263432675,0.0269233952064239,0.0148454193460798,0.8135826667323737,0.2857650715415455,0.0527686026409681,0.0532526575201383,-0.0667512942144896,,,42.81837874113815,42.81837874113815,False,62.46258666947272,62.46258666947272,57.55153468738908,464.0,True,False,True,True,True,True,True,False,True,False,True,True,False,True,False,False,False,10,False,0.047547396873115,0.1242373107341328,1.0,286192593.625,0.2843951985226223,2.0,3.0,,,,,,0.0177370671812553,0.0262399536231629,0.3055505107814629,-1.3694206911906743,0.726068376068376,-1.3694206911906743,0.7583459835101432,-464.0,0.4358974358974359,0.094017094017094,0.8717948717948718,0.5012820512820513,0.4205128205128206,瑞鼎
2700.0,2730.0,2600.0,2650.0,775512.0,0.0621242484969939,2526.0,0.536231884057971,2233.25,3.4093178036605654,1437.6166666666666,17.15068493150685,862.7791666666667,0.0911200684011237,60.50156739811912,433707.9,1.7880974729766277,0.1866114407254002,7610.TW,2026-07-09,0.0553616264514493,0.2731649217142393,bull,0.0240073868882733,0.0009242144177449,2026-03-31,2026-05-15,1001764000.0,740089000.0,667242000.0,666352000.0,140963000.0,525047000.0,10.87,2527668000.0,1267996000.0,4013567000.0,1876768000.0,2136799000.0,206574000.0,620705000.0,569903000.0,,0.2115443489326962,526090725.5294499,2745571000.0,0.1916143219495871,0.2457166069433765,0.1308180478860823,0.8783081609454142,0.7387857818807624,0.6660670577101993,0.5241224480017249,4.837751528254497,,,96.94016846060627,96.94016846060627,True,97.13538008934644,97.13538008934644,97.0865771821614,12.0,True,True,True,True,True,True,True,True,True,True,True,False,True,False,True,True,True,13,False,0.8433286573843284,2.0714696209439456,1.0,1149325935.0,0.1412742382271468,3.0,0.0,,,,,,-0.052729389163729,-0.1751331554201156,0.2258583782382304,-1.79786244983739,0.2123931623931624,-1.79786244983739,0.1914591204890066,-12.0,0.9658119658119658,1.0,0.1282051282051282,0.8401709401709402,0.8085470085470086,聯友金屬-創
969.0,972.0,920.0,925.0,201100.0,0.0393258426966292,922.4,0.2758620689655173,861.8,0.1828644501278773,765.1,1.8996865203761757,660.1583333333333,0.0750327449635127,51.90217391304348,265677.35,0.7569331747700736,0.0733348804827107,6949.TW,2026-07-09,0.0553616264514493,0.2731649217142393,bull,0.0590951061865189,0.2495378927911275,2026-03-31,2026-05-15,6368000.0,-1205000.0,-88755000.0,-87174000.0,0.0,-76584000.0,-1.18,2495035000.0,259818000.0,3291024000.0,368950000.0,2922074000.0,2248325000.0,100000000.0,,,-0.0,-88755000.0,3031206000.0,-0.0292804250189528,-0.026208781844676,-0.0232705686740661,0.1262630583619716,-0.1892273869346733,,,-0.4668452779638312,,,16.666666666666664,16.666666666666664,False,73.09993953485214,73.09993953485214,58.99162131780577,925.0,True,False,True,True,True,True,True,True,True,False,True,True,False,True,False,False,False,11,False,0.2089922885897268,0.4011790100859642,1.0,245751548.75,0.2945521698984303,3.0,3.0,,,,,,-0.1553061911452914,-0.2652110928039611,0.0658279314357001,-1.8054353696736765,0.041025641025641,-1.8054353696736765,0.0403287978481383,-925.0,0.1025641025641025,0.1282051282051282,0.0341880341880341,0.0923076923076923,0.0965811965811965,沛爾生醫-創
210.0,211.5,206.5,209.5,72000.0,0.1143617021276595,206.1,0.1084656084656083,193.775,0.3259493670886075,175.45,0.0607594936708861,175.17916666666667,0.0190638969234814,67.85714285714286,138472.25,0.519959775334047,0.081150819249129,6957.TW,2026-07-09,0.0553616264514493,0.2731649217142393,bull,0.1615881809787627,0.1626617375231053,2026-03-31,2026-05-15,1008397000.0,304729000.0,100942000.0,102458000.0,25691000.0,82568000.0,1.51,2765058000.0,1395803000.0,5405505000.0,3045045000.0,2360460000.0,1274466000.0,40000000.0,27000000.0,945042000.0,0.2507466474067423,75631131.9174686,4009702000.0,0.0188620331180393,0.0349796226159307,0.0152747985618364,1.2900218601459037,0.3021914979913665,0.1001014481399686,0.0818804498625045,0.2868739487648066,,,57.7309173012778,57.7309173012778,False,75.22933178427262,75.22933178427262,70.8547281635239,286.0,True,True,True,True,True,True,True,True,True,True,False,True,False,True,False,False,False,12,False,0.1940723852949559,0.1959184644292746,1.0,29009936.375,0.5595567867036011,2.0,3.0,,,,,,0.0149256460300313,0.0047831960057464,0.285422917609369,-0.6528702307134782,0.7264957264957265,-0.6528702307134782,0.7358908003486473,-286.0,0.5726495726495726,0.5555555555555556,0.8461538461538461,0.6136752136752136,0.6222222222222222,裕慶-KY
92.0,92.9000015258789,89.5,90.4000015258789,446320.0,0.0537607068833005,90.27838439941408,0.2134228392735424,80.67788619995117,0.187910687759353,76.78762855529786,-0.0098576286505563,78.85964756011963,0.0522293478480971,63.98048349473509,461257.35,0.96761601739246,0.1205053303185528,4590.TW,2026-07-09,0.0553616264514493,0.2731649217142393,bull,0.0849492151431209,0.2449168207024029,2026-03-31,2026-05-15,267545000.0,80743000.0,-23964000.0,81129000.0,16211000.0,,1.21,3151635000.0,1382797000.0,6125098000.0,2598258000.0,3526840000.0,2037662000.0,565000.0,505331000.0,,0.1998175744801489,-19175571.64515771,4742301000.0,-0.0040435163531706,,,0.7367099159587619,0.3017922218692183,-0.0895699788820572,,,,,35.37011980056409,35.37011980056409,False,83.01695470066285,83.01695470066285,71.10524597563817,597.0,True,True,True,True,True,True,True,True,True,False,True,True,True,True,False,False,False,13,False,0.1772729960110466,0.1463404202632447,1.0,41697665.143822856,0.5170821791320406,1.0,3.0,,,,,,0.0016345118030724,0.0138954007492387,0.2889500445823499,-1.7014807410037545,0.55,-1.7014807410037545,0.6332822836791253,-597.0,0.3333333333333333,0.5641025641025641,0.7008547008547008,0.3884615384615384,0.476068376068376,富田-創
586.0,586.0,546.0,552.0,578500.0,-0.0965630114566284,606.2,0.541899441340782,489.275,0.4524436640092775,422.8634480794271,1.0858400961740822,394.7656542460124,0.1329744124117169,65.7079646017699,833376.25,0.6941642505410971,0.1281998875887793,7795.TW,2026-07-09,0.0553616264514493,0.2731649217142393,bull,0.0221606648199446,0.1164510166358595,2026-03-31,2026-05-15,417748000.0,164583000.0,45923000.0,46458000.0,30360000.0,16098000.0,0.21,3862664000.0,1062319000.0,4174097000.0,1361173000.0,2812924000.0,2813974000.0,298396000.0,,,0.4,27553800.0,3111778000.0,0.008854680507414,0.0057228705787998,0.0038566425265153,0.4838996716583882,0.3939767515344178,0.1099299098978331,0.0385351934659172,,,,44.88151404428712,44.88151404428712,False,86.19283285976083,86.19283285976083,75.86500315589241,435.0,True,True,True,True,True,True,True,True,True,True,True,False,False,True,False,False,False,12,False,0.3053859407974109,0.3982979371756627,1.0,460023690.0,0.2308402585410895,3.0,3.0,,,,,,-0.0110939616664609,-0.1217716168045437,0.2753307012312084,-1.6328286759371584,0.3876068376068377,-1.6328286759371584,0.4934989272797622,-435.0,0.4615384615384615,0.7777777777777778,0.4444444444444444,0.4589743589743589,0.552991452991453,長廣
166.5,185.0,166.5,185.0,960230.0,0.1419753086419752,168.5,0.189710610932476,166.2,0.4624505928853755,150.83333333333334,0.9680851063829788,141.8375,0.015737203972498,62.893081761006286,660944.95,1.4528138841215144,0.1131167268351385,7827.TW,2026-07-09,0.0553616264514493,0.2731649217142393,bull,0.1015697137580794,0.1146025878003696,2026-03-31,2026-05-15,0.0,0.0,-319867000.0,-320859000.0,9489000.0,-273651000.0,-2.1,880888000.0,384114000.0,965156000.0,384114000.0,581042000.0,816012000.0,95154000.0,,,0.0,-319867000.0,581042000.0,-0.5505058154143763,-0.4709659542683661,-0.2835303308480701,0.6610778566781748,,,,,,,21.65668651223912,21.65668651223912,False,90.18426265062666,90.18426265062666,73.05236861602977,832.0,True,True,True,True,True,True,True,True,True,True,False,True,True,True,False,False,False,13,False,0.2265193370165745,0.3043095091213537,1.0,122274815.75,0.3776546629732225,2.0,3.0,,,,,,-0.0418310542277491,-0.1524369472300539,0.301326494884555,-1.9538627716532664,0.3162393162393162,-1.9538627716532664,0.3949764884289503,-832.0,0.1623931623931624,0.6581196581196581,0.3247863247863248,0.1867521367521367,0.3435897435897436,漢康-KY創
27.299999237060547,27.549999237060547,25.200000762939453,25.450000762939453,8665200.0,-0.1085813855328237,27.770000076293947,0.259900980282737,24.597500133514405,0.1647597399825571,22.889759985605878,0.5331325408491447,20.97154658635457,0.0671366563980147,61.60000256347579,11544133.55,0.7506150169234658,0.0346580190994085,3717.TW,2026-07-09,0.0553616264514493,0.2731649217142393,bull,0.0655586334256694,0.2615526802218114,2026-03-31,2026-05-15,1850293000.0,319561000.0,106263000.0,108598000.0,10292000.0,98315000.0,0.47,5410382000.0,3588169000.0,8696071000.0,5329732000.0,3366339000.0,664883000.0,1418325000.0,839196000.0,652405000.0,0.0947715427540102,96192291.5523306,5107902000.0,0.0188320550300946,0.0292053177056737,0.0113056804619005,1.583242804720499,0.1727083224116396,0.0574303637315819,0.0531348278353752,,,,35.88555464698735,35.88555464698735,False,78.71592273499556,78.71592273499556,68.00833071299351,593.0,True,True,True,True,True,True,True,True,True,False,True,True,False,True,False,False,False,12,False,0.1118509228119288,0.2135490655466891,1.0,293798207.65497494,0.2807017543859649,0.0,3.0,,,,,,0.044708012071898,0.0449545550941755,0.2912105555501076,-0.4494082504180555,0.879059829059829,-0.4494082504180555,0.8787241241265159,-593.0,0.3504273504273504,0.4871794871794871,0.9743589743589745,0.444017094017094,0.5162393162393162,聯嘉投控
440.0,459.0,430.0,435.5,1551216.0,0.0942211055276383,432.9,0.2790014684287811,394.35,0.1311688311688312,366.2083333333333,0.1123882503192847,395.8625,0.044635761589404,63.0550621669627,1033929.2,1.5003116267535537,0.1043489286167109,7799.TW,2026-07-09,0.0553616264514493,0.2731649217142393,bull,0.0581717451523545,0.2957486136783734,2026-03-31,2026-05-15,2885000.0,-17000.0,-88494000.0,-57578000.0,0.0,-57578000.0,-0.37,10455995000.0,34213000.0,11666612000.0,290333000.0,11376279000.0,2207595000.0,,,,-0.0,-88494000.0,11632399000.0,-0.0076075450988226,-0.0050612331149754,-0.0049352802681703,0.0255209106598036,-0.0058925476603119,,,11.59825327510917,,,33.33333333333333,33.33333333333333,False,86.4427375034059,86.4427375034059,73.16538646088775,625.0,True,True,True,True,True,True,True,True,True,False,True,True,True,True,False,False,False,13,False,0.1892137899647286,0.1001294641447472,1.0,450276166.6,0.2382271468144044,2.0,3.0,,,,,,-0.1436407642289935,-0.1812837906721036,0.1534360724607893,-2.0310595877183624,0.0675213675213675,-2.0310595877183624,0.0706987392283786,-625.0,0.2735042735042735,0.6666666666666666,0.0598290598290598,0.2414529914529914,0.3487179487179487,禾榮科
