Open,High,Low,Close,Volume,ret5,ma5,ret20,ma20,ret60,ma60,ret120,ma120,ma20_slope,rsi14,volume_ma20,volume_ratio,ma20_deviation,symbol,date,benchmark_ret20,benchmark_ret60,market_regime,rs20_rank_pct,rs60_rank_pct,period_date,as_of_date,revenue,gross_profit,operating_income,pretax_income,tax_expense,net_income_parent,eps,current_assets,current_liabilities,assets,liabilities,equity,cash,short_borrowings,long_borrowings,bonds_payable,tax_rate,nopat,invested_capital_proxy,roic_proxy,roe,roa,debt_to_equity,gross_margin,operating_margin,net_margin,revenue_growth,pe,pb,eva_like_score,fundamental_score,fundamental_pass,technical_score,score,final_score,fundamental_rank,pass_market,pass_score,pass_rs20,pass_rs60,pass_close_ma20,pass_ma20_ma60,pass_ma20_slope,pass_rsi,pass_ret20_benchmark,pass_ret60_benchmark,pass_ret5_cap,pass_ret20_cap,pass_volume_ratio,pass_ma20_deviation,pass_fundamental_score,pass_fundamental_filter,pass_fundamental_universe,entry_pass_count,entry_all_pass,close_ma60_ratio,close_ma120_ratio,above_ma120,turnover20,liquidity_rank,price_bucket,eva_rank_bucket,forward_60d_return,forward_60d_max_drawdown,reward_60,fwd60_rank_label,top_quantile_60,reg_forward60,reg_reward60,cls_topq60,rank_forward60,ensemble_score,ranker_score,stable_ensemble_score,fundamental_rank_score,fundamental_score_rank,final_score_rank,stable_ml_rank,fund_ml_85_15,fund_final_ml,name
52.5,57.70000076293945,51.29999923706055,57.70000076293945,67308726.0,0.1201426043172309,54.48915252685547,0.29662923062785285,51.3337007522583,0.27937921763009355,49.11706689198812,0.8201892547080523,44.17186673482259,0.04845219949226797,52.14823345557781,42269205.95,1.5923820778563738,0.12401794371704411,1326.TW,2026-06-24,0.07042960199025838,0.41358835371965186,bull,0.05740740740740741,0.24374420759962928,2026-03-31,2026-05-15,81749811000.0,6327773000.0,3120431000.0,7294502000.0,759958000.0,6245039000.0,1.07,214839826000.0,114054227000.0,581165153000.0,170197763000.0,410967390000.0,16802058000.0,33492647000.0,26687136000.0,25800000000.0,0.1041823005874835,2795337319.595498,467110926000.0,0.0059843115714135,0.0151959477855408,0.0107457217070962,0.4141393384034679,0.0774041300230039,0.0381704980333226,0.0763920909859962,0.0359959953561419,,,29.94873186889634,29.94873186889634,False,82.28539374278773,82.28539374278773,69.20122827431489,683.0,True,True,True,True,True,True,True,True,True,False,False,True,True,True,False,False,False,12,False,0.1747444302776835,0.3062613158128553,1.0,2438933215.563845,0.0962962962962963,1.0,3.0,,,,,,-0.08089589341543843,-0.18258325409830825,0.14426722561825014,-1.6941600599874496,0.2988235294117647,-1.6941600599874496,0.262152584837071,-683.0,0.25882352941176473,0.5294117647058824,0.24705882352941178,0.2570588235294118,0.3376470588235294,台化
15.100000381469728,15.149999618530272,14.649999618530272,14.949999809265137,1642428.0,0.07942233916954433,14.5,0.22540983958963245,14.055000066757202,0.2669491158994721,13.61583333015442,0.35294113585629816,12.493749976158142,0.03899464474947902,57.24138157829833,3252255.45,0.5050119909861324,0.06367838763834532,1449.TW,2026-06-24,0.07042960199025838,0.41358835371965186,bull,0.08981481481481482,0.247451343836886,2026-03-31,2026-05-15,793579000.0,79835000.0,-60098000.0,-13956000.0,13943000.0,-28630000.0,-0.23,3129642000.0,2835420000.0,8151609000.0,5196103000.0,2955506000.0,561503000.0,1095690000.0,1616535000.0,,0.0,-60098000.0,5316189000.0,-0.0113047147119863,-0.0096870045264668,-0.0035121900473881,1.758109440481596,0.1006012003845868,-0.0757303305657029,-0.036077063531167,0.2225572087491565,,,18.11528862493889,18.11528862493889,False,77.24956157204922,77.24956157204922,62.465993335271634,893.0,True,True,True,True,True,True,True,True,True,False,True,True,False,True,False,False,False,12,False,0.09798639912520035,0.19659828616662445,1.0,48621218.357181504,0.5138888888888888,0.0,3.0,,,,,,-0.04517310780878966,-0.16019083046075805,0.2418485471671231,-1.6428988817225247,0.5005882352941177,-1.6428988817225247,0.4593405517304762,-893.0,0.12941176470588237,0.21176470588235294,0.5058823529411764,0.18588235294117647,0.22941176470588237,佳和
246.0,250.0,243.0,248.0,10463886.0,0.1046770601336302,242.6,0.2216748768472907,231.325,0.28165374677002575,205.30833333333334,0.4805970149253731,203.54166666666666,0.05519443494127036,51.694915254237294,9450836.0,1.1071915754331152,0.07208472927699128,1503.TW,2026-06-24,0.07042960199025838,0.41358835371965186,bull,0.09074074074074075,0.24189063948100092,2026-03-31,2026-05-15,11558778000.0,2747719000.0,1854855000.0,1927337000.0,411704000.0,1453522000.0,2.79,28792860000.0,19094196000.0,60430370000.0,21584140000.0,38846230000.0,3256770000.0,1059729000.0,,,0.2136128762120999,1458634088.4936054,41336174000.0,0.0352871092639973,0.0374173246670268,0.0240528396566163,0.5556302374773562,0.2377170839339591,0.1604715481169376,0.1257504902334831,0.1227894203404509,,,68.39751670215361,68.39751670215361,False,73.13083569244465,73.13083569244465,71.94750594487189,177.0,True,False,True,True,True,True,True,True,True,False,False,True,True,True,True,False,False,11,False,0.20793927832122416,0.21842374616171956,1.0,2343807328.0,0.1,2.0,3.0,,,,,,-0.07583113754272829,-0.191245958781712,0.20399172364229545,-1.5355657035364643,0.41823529411764704,-1.5355657035364643,0.3622798226295599,-177.0,0.7176470588235294,0.6,0.32941176470588235,0.6594117647058824,0.6047058823529412,士電
183.0,185.0,179.0,185.0,21167561.0,0.09792284866468837,179.3,0.1212121212121211,172.45,0.2052117263843649,158.90833333333333,0.2802768166089966,159.65833333333333,0.033563080611327505,50.5050505050505,19965550.05,1.0602042491686825,0.07277471730936513,1513.TW,2026-06-24,0.07042960199025838,0.41358835371965186,bull,0.18425925925925926,0.29008341056533826,2026-03-31,2026-05-15,6490639000.0,1685977000.0,1203389000.0,1218211000.0,257948000.0,956493000.0,1.94,23811521000.0,21444785000.0,48754126000.0,26877788000.0,21876338000.0,2658244000.0,1188636000.0,1600850000.0,0.0,0.2117432858511374,948579458.9828856,27309341000.0,0.034734615492292,0.0437227199543177,0.0196187087837447,1.2286237303519447,0.2597551643220336,0.1854037791964705,0.1473649974987054,0.0066661414113464,,,62.38485994052645,62.38485994052645,False,68.78639881027489,68.78639881027489,67.18601409283778,239.0,True,False,True,True,True,True,True,True,True,False,True,True,True,True,True,False,False,12,False,0.1641931931406997,0.1587243593089409,1.0,3693626759.25,0.06388888888888888,2.0,3.0,,,,,,-0.08112661706981643,-0.20112566335742668,0.25610656217861993,-1.092289462166139,0.5464705882352942,-1.092289462166139,0.4315162495086115,-239.0,0.6705882352941176,0.38823529411764707,0.47058823529411764,0.6405882352941176,0.5458823529411765,中興電
69.0,69.0,64.69999694824219,64.80000305175781,4508529.0,-0.015197567684205215,65.9999984741211,0.28063250999699507,64.14500007629394,0.6119403438294759,50.10833339691162,0.6179776351105315,47.57624998092651,0.08147523142244688,46.32352968675728,3653825.4,1.2339202086667853,0.01021128653339809,1563.TW,2026-06-24,0.07042960199025838,0.41358835371965186,bull,0.06574074074074074,0.11214087117701575,2026-03-31,2026-05-15,1871936000.0,411927000.0,163156000.0,163478000.0,32736000.0,130706000.0,0.6,10888013000.0,5754269000.0,19938639000.0,11683940000.0,8254699000.0,2764628000.0,2859266000.0,5833677000.0,,0.2002471280539277,130484479.57523336,14184370000.0,0.009199173426471,0.0158341327769795,0.0065554123328076,1.415428957494392,0.2200539975725665,0.0871589626995794,0.0698239683407979,-0.0241387938944032,,,30.55810984175432,30.55810984175432,False,73.02453161502542,73.02453161502542,62.40792617170765,671.0,True,False,True,True,True,True,True,False,True,True,True,True,True,True,False,False,False,12,False,0.2931981301088673,0.36202418386771473,1.0,236767897.0705902,0.325,1.0,3.0,,,,,,-0.041536889600991535,-0.16158913757685092,0.25301753316682657,-1.5740690347972697,0.5535294117647058,-1.5740690347972697,0.5525205297946653,-671.0,0.2823529411764706,0.2,0.6470588235294118,0.33705882352941174,0.3305882352941176,巧新
48.79999923706055,52.5,48.79999923706055,52.20000076293945,11715075.0,0.13478262528129248,49.83999938964843,0.4221014867410888,45.09499969482422,0.2755617973076758,40.86500142415365,0.6862690055308702,37.50018390019735,0.07207885709854356,64.97462354875294,13033751.8,0.8988260003539426,0.15755629484859957,1708.TW,2026-06-24,0.07042960199025838,0.41358835371965186,bull,0.03425925925925926,0.24559777571825764,2026-03-31,2026-05-15,1553624000.0,474907000.0,259013000.0,341041000.0,63456000.0,277585000.0,1.11,3498403000.0,3484718000.0,12753792000.0,5350520000.0,7403272000.0,1675166000.0,1151880000.0,1099410000.0,,0.1860656050152327,210819589.4481896,9269074000.0,0.0227444067711822,0.0374949076570467,0.0217648994118768,0.7227236821772859,0.3056769205419072,0.1667153699994336,0.1786693562921273,0.0231199407842921,,,61.66803457963997,61.66803457963997,False,83.4160294417625,83.4160294417625,77.97903072623187,246.0,True,True,True,True,True,True,True,True,True,False,False,False,True,False,True,False,False,10,False,0.27737670240447243,0.3919931940031032,1.0,680361853.9039636,0.21203703703703702,1.0,3.0,,,,,,-0.030698622779706967,-0.1097972987282976,0.2810679095588472,-1.152378071713896,0.7629411764705882,-1.152378071713896,0.7321344741721444,-246.0,0.6470588235294118,0.8352941176470589,0.788235294117647,0.668235294117647,0.7317647058823531,東鹼
9.039999961853027,9.40999984741211,8.960000038146973,9.229999542236328,16057448.0,0.002171498806353922,9.581999778747559,0.4444444029875527,8.794999957084656,0.2290278643054826,7.47333333492279,0.34941510765086603,7.320500004291534,0.09841388340419123,55.33497990066168,26979124.3,0.5951804744085041,0.04945987348200798,1718.TW,2026-06-24,0.07042960199025838,0.41358835371965186,bull,0.032407407407407406,0.27247451343836887,2026-03-31,2026-05-15,11169810000.0,,,,475722000.0,228005000.0,0.17,795306498000.0,35343746000.0,1040445392000.0,911432986000.0,93668660000.0,12983763000.0,20743976000.0,9186778000.0,,,,1005101646000.0,,0.0024341652800413,0.0002191417269499,9.730394200151895,,,0.0204126122109507,-0.0279676816817611,,,5.445314650694486,5.445314650694486,False,75.04310428827665,75.04310428827665,57.64365687888111,1068.0,True,True,True,True,True,True,True,True,True,False,True,False,False,True,False,False,False,11,False,0.23505792242728685,0.2608427753330207,1.0,249017304.938937,0.32037037037037036,0.0,3.0,,,,,,-0.0310189480217239,-0.13983861052375995,0.3100748854675825,-0.37405041327044636,0.7947058823529412,-0.37405041327044636,0.7505798427150686,-1068.0,0.023529411764705882,0.07058823529411765,0.8352941176470589,0.14529411764705882,0.2,中纖
85.4000015258789,87.5,85.4000015258789,86.5999984741211,480621.0,-0.020362025120903016,87.5,0.056097542367330444,85.5200008392334,0.17983646694596067,82.40499992370606,0.2735293893253101,76.8574998219808,0.017852896611489227,56.34517864791617,957709.55,0.5018442178006891,0.012628597103476968,1723.TW,2026-06-24,0.07042960199025838,0.41358835371965186,bull,0.337037037037037,0.3169601482854495,2026-03-31,2026-05-15,1277807000.0,319750000.0,181223000.0,217086000.0,38207000.0,178879000.0,0.77,3402849000.0,1696462000.0,11518279000.0,3468337000.0,8049942000.0,782501000.0,937470000.0,1000000000.0,,0.1759993735201717,149327865.5325539,9821817000.0,0.0152036904711779,0.0222211538915435,0.0155300110372391,0.4308524210484994,0.2502334077055455,0.1418234522114842,0.139989059380642,-0.2447011744956525,,,46.187073211591255,46.187073211591255,False,62.845244549171476,62.845244549171476,58.68070171477642,412.0,True,False,True,True,True,True,True,True,False,False,True,True,False,True,False,False,False,10,False,0.05090708760753526,0.1267605461367609,1.0,82937645.5686512,0.44814814814814813,1.0,3.0,,,,,,0.0073059620098916605,-0.082159420407559,0.2500239295981148,-1.4208164055046126,0.78,-1.4208164055046126,0.7779723724185912,-412.0,0.5058823529411764,0.08235294117647059,0.8588235294117647,0.5588235294117647,0.44941176470588234,中碳
36.84999847412109,36.900001525878906,35.599998474121094,36.0,562181.0,0.06508878143781804,37.14000015258789,0.16693677649429328,33.54999990463257,0.17647057356902263,31.94083331425985,0.40900199902086953,30.325416644414265,0.04876524053322401,54.94792142676058,403079.05,1.3947164954368132,0.07302533837054148,1725.TW,2026-06-24,0.07042960199025838,0.41358835371965186,bull,0.13055555555555556,0.32252085264133457,2026-03-31,2026-05-15,2199773000.0,105909000.0,47412000.0,57337000.0,15741000.0,41596000.0,0.23,8253269000.0,2493582000.0,9302017000.0,2580906000.0,6721111000.0,696516000.0,1490591000.0,,,0.2745347681252943,34395757.57364354,6808435000.0,0.0050519330174472,0.0061888577647356,0.0044717183380765,0.3839999071582064,0.0481454222776622,0.0215531329823577,0.0189092238153664,0.0314086980169121,,,23.69650729024193,23.69650729024193,False,75.67052926210808,75.67052926210808,62.67702376914154,794.0,True,True,True,True,True,True,True,True,True,False,True,True,True,True,False,False,False,13,False,0.12708393190004696,0.1871230137453348,1.0,14510845.799999999,0.6851851851851852,1.0,3.0,,,,,,-0.030386653872154334,-0.11110443938074106,0.16506484976212504,-1.512764877226261,0.548235294117647,-1.512764877226261,0.5316557966618307,-794.0,0.2,0.2235294117647059,0.6,0.26,0.28705882352941176,元禎
53.5,56.900001525878906,53.0,54.29999923706055,9859763.0,0.09696968155677865,53.560000610351565,0.10141987986566381,51.510000228881836,0.978141993728888,38.1791667620341,2.138728418018514,30.945416752497355,0.054992320074921074,47.397257095653416,15172845.7,0.6498295174780563,0.054164220457804335,1809.TW,2026-06-24,0.07042960199025838,0.41358835371965186,bull,0.21574074074074073,0.05931417979610751,2026-03-31,2026-05-15,592290000.0,114707000.0,-256000.0,3358000.0,3747000.0,8923000.0,0.05,2099014000.0,975481000.0,4529074000.0,1191709000.0,3337365000.0,567681000.0,445000000.0,137500000.0,,0.4,-153600.0,3553593000.0,-4.322385821899131e-05,0.0026736662007302,0.0019701599046515,0.3570808107593865,0.193666953688227,-0.0004322207026963,0.0150652551959344,0.0288581965233976,,,23.82453060425707,23.82453060425707,False,71.55860832102545,71.55860832102545,59.62508889183335,789.0,True,False,True,True,True,True,True,False,True,True,True,True,False,True,False,False,False,11,False,0.422241600386555,0.7547024708490453,1.0,823885509.9340373,0.18888888888888888,1.0,3.0,,,,,,-0.10909919151895828,-0.26032044471297633,0.20491077684880663,-1.5548595935498644,0.2858823529411765,-1.5548595935498644,0.23913212084756658,-789.0,0.2235294117647059,0.10588235294117647,0.23529411764705882,0.2252941176470588,0.19058823529411764,中釉
19.850000381469727,19.850000381469727,19.200000762939453,19.299999237060547,2294117.0,0.04043126850925116,19.20999984741211,0.07520882544519858,18.437500095367433,0.1876922607421876,17.187500031789146,0.3884891918508735,16.486666663487753,0.021892746624126543,59.9369679713495,2097528.0,1.0937241362213044,0.046779614222745014,2030.TW,2026-06-24,0.07042960199025838,0.41358835371965186,bull,0.27314814814814814,0.3086190917516219,2026-03-31,2026-05-15,2637279000.0,397354000.0,208556000.0,212139000.0,43592000.0,168547000.0,0.61,6688220000.0,4584464000.0,12076498000.0,7059382000.0,5017116000.0,1408221000.0,3147626000.0,2063078000.0,,0.2054879112280156,165700263.18592998,7492034000.0,0.0221168594784713,0.0335943996511143,0.0139566122563014,1.4070597530533475,0.1506681697309992,0.0790799911575529,0.0639094308944939,-0.0137930957114074,,,38.807934191914576,38.807934191914576,False,72.58826721700409,72.58826721700409,64.1431839607317,541.0,True,False,True,True,True,True,True,True,True,False,True,True,True,True,False,False,False,12,False,0.12290904444300965,0.1706428977425345,1.0,40482288.799713135,0.5398148148148149,0.0,3.0,,,,,,0.01658060829295978,-0.0698269942048527,0.28913044393621834,-0.017734858392555994,0.9252941176470588,-0.017734858392555994,0.9349155244406269,-541.0,0.4117647058823529,0.29411764705882354,0.9647058823529412,0.49470588235294116,0.48705882352941177,彰源
1005.0,1075.0,985.0,1050.0,49034604.0,0.10526315789473695,1039.8,0.5885022692889561,863.9831756591797,3.00763358778626,534.0193918863932,3.81651376146789,398.36802927652997,0.1402961071525966,71.11807705542115,48444292.3,1.012185371526214,0.21530144287693798,2327.TW,2026-06-24,0.07042960199025838,0.41358835371965186,bull,0.012962962962962963,0.0037071362372567192,2026-03-31,2026-05-15,38165648000.0,14541815000.0,9612910000.0,10324689000.0,2287159000.0,8000823000.0,3.9,175966941000.0,150655819000.0,401694878000.0,232595483000.0,169099395000.0,86640739000.0,13141550000.0,57817960000.0,4994099000.0,0.2215232826867715,7483426620.627508,251039059000.0,0.0298098098775438,0.0473143206692135,0.0199176624801275,1.375495654493619,0.381018422640171,0.2518733600435658,0.2096341453445255,0.2270454683920995,,,74.6112580577189,74.6112580577189,False,84.61997746789814,84.61997746789814,82.11779761535333,124.0,True,True,True,True,True,True,True,True,True,True,False,False,True,False,True,False,False,11,False,0.966220732717092,1.6357536821086995,1.0,50866506915.0,0.005555555555555556,3.0,3.0,,,,,,-0.14262769182680862,-0.2798247376475468,0.23358823570203416,-1.2532185041449349,0.34411764705882353,-1.2532185041449349,0.3678496772840057,-124.0,0.8235294117647058,0.9294117647058824,0.3411764705882353,0.7511764705882352,0.7588235294117647,國巨*
2435.0,2445.0,2390.0,2390.0,65632286.0,-0.004166666666666652,2437.0,0.052863436123347984,2359.2535400390625,0.298913043478261,2195.251180013021,0.6767816010052359,1979.9816874186197,0.020216185268719763,47.62299130965086,37162021.9,1.76611181642945,0.01303228306713855,2330.TW,2026-06-24,0.07042960199025838,0.41358835371965186,bull,0.35,0.22613531047265986,2026-03-31,2026-05-15,1134103440000.0,751295421000.0,658966142000.0,687799687000.0,114998383000.0,572479752000.0,22.08,4265512176000.0,1714253448000.0,8660949685000.0,2728560764000.0,5932388921000.0,3035637228000.0,,40991672000.0,860026070000.0,0.167197492487373,548788655423.5218,6946696237000.0,0.0789999500050863,0.096500711538565,0.0660989582922395,0.4599430010971123,0.6624575805889452,0.5810458894296273,0.5047861877572649,0.351323787607557,,,99.15374073493592,99.15374073493592,True,63.54837569019963,63.54837569019963,72.44971695138369,5.0,True,False,True,True,True,True,True,False,False,False,True,True,True,True,True,True,True,11,False,0.08871368422898374,0.20708187110353404,1.0,88817232341.0,0.000925925925925926,3.0,0.0,,,,,,-0.08290421772687191,-0.2352091439129665,0.1450298753269763,-1.6026657965721949,0.25470588235294117,-1.6026657965721949,0.19274504879950166,-5.0,0.9882352941176471,0.611764705882353,0.16470588235294117,0.8647058823529411,0.7105882352941177,台積電
18.100000381469727,18.799999237060547,18.0,18.450000762939453,10376117.0,0.11144580355159794,18.810000228881837,0.1903226298670615,16.820000076293944,0.20588238777357137,15.362500031789144,0.1826923276780854,15.490833314259849,0.05936073476246849,59.52381438949614,13291636.7,0.7806500609514854,0.09690848271414865,2332.TW,2026-06-24,0.07042960199025838,0.41358835371965186,bull,0.11203703703703703,0.2891566265060241,2026-03-31,2026-05-15,3440889000.0,869521000.0,31548000.0,25642000.0,45353000.0,-29102000.0,-0.05,10255657000.0,3980490000.0,15469266000.0,4795742000.0,10673524000.0,3116133000.0,151000000.0,381849000.0,,0.4,18928800.0,11488776000.0,0.001647590657177,-0.0027265596629566,-0.001881278659246,0.4493119610730252,0.2527024266112623,0.0091685607992585,-0.0084576979960702,0.0312619414904058,,,25.00480773275497,25.00480773275497,False,80.84547388519083,80.84547388519083,66.88530734708186,768.0,True,True,True,True,True,True,True,True,True,False,False,True,False,True,False,False,False,11,False,0.2009764507574574,0.19102700214039414,1.0,245230707.25571403,0.3212962962962963,0.0,3.0,,,,,,-0.0518377907114458,-0.17081892481601713,0.2542433404036825,-1.4789651325305864,0.5429411764705883,-1.4789651325305864,0.380963926655796,-768.0,0.23529411764705882,0.3764705882352941,0.3764705882352941,0.2564705882352941,0.3058823529411765,友訊
169.0,174.0,166.0,172.0,113888435.0,0.033033033033033066,172.0,0.07165109034267902,159.475,0.34375,150.65833333333333,3.5322792237719467,118.27666680018108,0.037573194534808105,54.76190476190476,103666741.0,1.0986014791378462,0.07853895594920846,2337.TW,2026-06-24,0.07042960199025838,0.41358835371965186,bull,0.287962962962963,0.2020389249304912,2026-03-31,2026-05-15,10468868000.0,4271356000.0,1932572000.0,2066366000.0,286997000.0,1775820000.0,0.9,32339811000.0,13877364000.0,82152781000.0,31504611000.0,50648170000.0,15969434000.0,400000000.0,14616312000.0,110265000.0,0.1388897223434764,1664157611.511223,68275417000.0,0.0243741845108206,0.0350618788398475,0.0216160667768508,0.6220286142618776,0.4080055264809911,0.1846018117718171,0.1696286551707405,0.7057560583291527,,,77.76234428788656,77.76234428788656,False,71.74551304521464,71.74551304521464,73.24972085588261,98.0,True,False,True,True,True,True,True,True,True,False,True,True,True,True,True,False,False,12,False,0.14165606504784556,0.454217510970107,1.0,17830679452.0,0.012037037037037037,2.0,2.0,,,,,,-0.12622904162721882,-0.3095297781029108,0.2120241018421355,-1.5633722776489103,0.23705882352941177,-1.5633722776489103,0.2328748129334423,-98.0,0.8705882352941177,0.6705882352941176,0.21176470588235294,0.7717647058823529,0.6788235294117647,旺宏
42.70000076293945,44.54999923706055,41.54999923706055,42.0,16303206.0,0.07416883987344192,41.35999984741211,0.07692307692307687,37.43499946594238,0.5107914083684306,35.37833312352498,0.5819209494128024,31.13666648864746,0.027234677649547463,60.88889597198352,11574033.1,1.4086019850764036,0.12194472015982694,2340.TW,2026-06-24,0.07042960199025838,0.41358835371965186,bull,0.26851851851851855,0.13160333642261354,2026-03-31,2026-05-15,954029000.0,-37817000.0,-255186000.0,-223331000.0,14681000.0,-215090000.0,-0.49,5468504000.0,4374534000.0,14636848000.0,7853545000.0,6783303000.0,2380873000.0,1369339000.0,3251596000.0,,0.0,-255186000.0,10262314000.0,-0.0248663215723081,-0.0317087413019881,-0.0146951037545788,1.1577759389489162,-0.0396392562490238,-0.2674824350203191,-0.2254543624984146,-0.0130492849997362,,,12.85259993281939,12.85259993281939,False,86.93592865616415,86.93592865616415,68.41509647532796,996.0,True,True,True,True,True,True,True,True,True,True,True,True,True,True,False,False,False,14,False,0.18716729398627074,0.34889198929864085,1.0,486109390.2,0.2518518518518518,1.0,3.0,,,,,,-0.11075311388508757,-0.26713445234147826,0.1750428337566536,-1.7846234723657635,0.1664705882352941,-1.7846234723657635,0.11735291788089497,-996.0,0.058823529411764705,0.4588235294117647,0.07058823529411765,0.060588235294117644,0.1811764705882353,台亞
208.5,217.0,201.0,205.0,249387483.0,0.04060913705583746,211.2,0.45390070921985815,177.925,1.1465968586387434,127.99166666666666,1.7660843528406303,116.26301771799723,0.13817367663521526,60.78431372549019,271212953.95,0.9195264435856421,0.1521708585077981,2344.TW,2026-06-24,0.07042960199025838,0.41358835371965186,bull,0.030555555555555555,0.04077849860982391,2026-03-31,2026-05-15,38253064000.0,20415002000.0,12550494000.0,12688424000.0,2570746000.0,10114310000.0,2.25,110641935000.0,75046248000.0,229813688000.0,106920169000.0,122893519000.0,25520648000.0,5251103000.0,22148521000.0,4892959000.0,0.202605619106045,10007693393.043297,154767440000.0,0.0646627830313875,0.082301410866101,0.0440109120045103,0.870022844736019,0.5336827920503309,0.3280912085891995,0.2644052251605257,0.913359516665577,,,96.98400611250784,96.98400611250784,True,92.82421945196572,92.82421945196572,93.86416611710123,11.0,True,True,True,True,True,True,True,True,True,True,True,False,True,False,True,True,True,13,False,0.6016667751806759,0.7632434115656581,1.0,55598655559.75,0.004629629629629629,2.0,0.0,,,,,,-0.14851891318318122,-0.2451711191621478,0.18091460093316752,-1.8360729119372108,0.15058823529411763,-1.8360729119372108,0.14219556787614213,-11.0,0.9647058823529412,1.0,0.08235294117647059,0.8323529411764705,0.7988235294117647,華邦電
5440.0,5575.0,5345.0,5560.0,1750118.0,0.0859375,5577.0,0.051039697542533125,5134.5,0.8879456706281834,4475.916666666667,2.7066666666666666,3255.7083333333335,0.03009328919650918,66.07929515418502,2227110.9,0.7858243610589846,0.08287077612230997,2383.TW,2026-06-24,0.07042960199025838,0.41358835371965186,bull,0.35648148148148145,0.06765523632993513,2026-03-31,2026-05-15,33067261000.0,9729153000.0,7128470000.0,7194158000.0,1855381000.0,5339793000.0,14.9,90741002000.0,68350963000.0,130976723000.0,83055788000.0,47920935000.0,22134504000.0,12291308000.0,10978888000.0,0.0,0.2579010636130038,5290030005.06661,62625760000.0,0.0844705118958494,0.1114292323386428,0.0407690227522336,1.733183795349569,0.2942231290338803,0.2155748551414645,0.1614827729457241,0.5252381635035763,,,86.0587773245522,86.0587773245522,True,73.87641137507188,73.87641137507188,76.92200286244196,55.0,True,False,True,True,True,True,True,True,False,True,True,True,False,True,True,True,False,11,False,0.2422036454357579,0.7077696865761418,1.0,12382736604.0,0.022222222222222223,3.0,2.0,,,,,,-0.07836580619705275,-0.2217905783648844,0.2872885888943503,-1.1471799303447017,0.5494117647058823,-1.1471799303447017,0.5077023009394901,-55.0,0.9058823529411765,0.788235294117647,0.5411764705882353,0.8511764705882353,0.7976470588235295,台光電
51.59999847412109,55.20000076293945,51.09999847412109,54.29999923706055,20739821.0,0.02840909131959113,51.35,0.07524750964476334,49.04250030517578,0.8564102303268564,43.235000197092695,1.2438015506270999,34.48958339691162,0.028198540253189325,55.373134498315835,12452318.2,1.6655389516146482,0.10720291378231206,2399.TW,2026-06-24,0.07042960199025838,0.41358835371965186,bull,0.2722222222222222,0.07136237256719184,2026-03-31,2026-05-15,434635000.0,71576000.0,-38003000.0,293376000.0,30236000.0,263140000.0,1.48,2477133000.0,591690000.0,3098844000.0,636030000.0,2462814000.0,675875000.0,60000000.0,,,0.1030622818499127,-34086324.10285777,2507154000.0,-0.0135956244023533,0.1068452591222885,0.0849155362451288,0.2582533638350277,0.1646807091007397,-0.0874365847205126,0.60542754265073,-0.1279866459882791,,,45.4971718000302,45.4971718000302,False,82.18461945790841,82.18461945790841,73.01275754343885,425.0,True,True,True,True,True,True,True,True,True,True,True,True,True,True,False,False,False,14,False,0.2559268876957681,0.5743883772722769,1.0,676160868.7596351,0.21388888888888888,1.0,3.0,,,,,,-0.18758169899161697,-0.3160568975719489,0.07601467055427046,-1.6636352914048853,0.08823529411764706,-1.6636352914048853,0.08046889769497058,-425.0,0.47058823529411764,0.6588235294117647,0.047058823529411764,0.40705882352941175,0.44235294117647056,映泰
32.349998474121094,35.099998474121094,32.150001525878906,34.79999923706055,21907954.0,0.13170729226213163,33.06999969482422,0.15614613940285027,29.767499923706055,0.7017113906483026,25.907499980926517,0.7227721743905786,23.63250001271566,0.03224967225682033,63.79746412470717,15715854.0,1.3940034057328352,0.16906019404561223,2401.TW,2026-06-24,0.07042960199025838,0.41358835371965186,bull,0.14444444444444443,0.09823911028730306,2026-03-31,2026-05-15,1739082000.0,864981000.0,136169000.0,147902000.0,55276000.0,-13071000.0,-0.02,8420093000.0,2112087000.0,13991066000.0,3521723000.0,10469343000.0,4482097000.0,135979000.0,837500000.0,,0.3737339589728333,85278020.54062825,11878979000.0,0.0071789015319101,-0.0012485024131886,-0.0009342390351099,0.3363843366293377,0.4973779269752663,0.0782993556370545,-0.0075160343215558,0.1277895912328384,,,43.7050877891644,43.7050877891644,False,88.38575715202752,88.38575715202752,77.21558981131174,452.0,True,True,True,True,True,True,True,True,True,True,False,True,True,False,False,False,False,12,False,0.3432403459492741,0.4725483642583781,1.0,546911707.209755,0.2388888888888889,1.0,3.0,,,,,,-0.08888061477522233,-0.24050075126296236,0.2151905200982017,-1.5824577931795833,0.31823529411764706,-1.5824577931795833,0.29185013972723167,-452.0,0.4470588235294118,0.8117647058823529,0.25882352941176473,0.4188235294117647,0.5188235294117647,凌陽
440.0,457.0,435.0,443.5,124092793.0,0.043529411764705817,459.9,0.4612850082372324,390.5,0.9667405764966741,295.89166666666665,1.6088235294117648,271.8125,0.11755026114330683,56.01719197707737,134014098.85,0.9259681933831099,0.1357234314980793,2408.TW,2026-06-24,0.07042960199025838,0.41358835371965186,bull,0.027777777777777776,0.060240963855421686,2026-03-31,2026-05-15,49086932000.0,33325482000.0,30111283000.0,31718134000.0,5659880000.0,26059487000.0,8.41,141606845000.0,25207062000.0,240968098000.0,47930660000.0,193037438000.0,86281008000.0,0.0,13800000000.0,3996400000.0,0.1784430319892084,24738134364.394894,215761036000.0,0.1146552446308929,0.1349970620724877,0.1081449669740099,0.2482972240856201,0.6789074126694249,0.6134276837672398,0.5308844113541258,5.829068133568171,,,100.0,100.0,True,87.1241892114782,87.1241892114782,90.34314190860864,2.0,True,True,True,True,True,True,True,True,True,True,True,False,True,True,True,True,True,14,False,0.4988593798405949,0.6316394573465165,1.0,59435252839.975,0.002777777777777778,2.0,0.0,,,,,,-0.1552293213729152,-0.30513163449789027,0.17773531415102356,-1.6740359595660321,0.1423529411764706,-1.6740359595660321,0.09721346429982589,-2.0,1.0,0.9764705882352941,0.058823529411764705,0.8588235294117647,0.8047058823529412,南亞科
60.29999923706055,61.79999923706055,60.09999847412109,60.5,417374.0,0.004983375967749781,61.7,0.19801980198019797,56.695000076293944,0.39561711948195466,49.75583349863688,0.4702308081799713,45.720833428700765,0.05430032684879489,68.44444587613354,831674.05,0.5018480497257308,0.06711350063648824,2414.TW,2026-06-24,0.07042960199025838,0.41358835371965186,bull,0.10185185185185185,0.17516218721038,2026-03-31,2026-05-15,8173355000.0,667003000.0,256658000.0,257181000.0,49401000.0,189595000.0,1.17,10526345000.0,7572401000.0,12337526000.0,7788440000.0,4549086000.0,631577000.0,2226858000.0,0.0,,0.1920865071681034,207357461.2432489,4765125000.0,0.0435156394099313,0.0416776029294675,0.0153673435014442,1.712088977873797,0.0816070022652876,0.0314017927766504,0.0231967166481818,0.2916284367786956,,,50.75190410598769,50.75190410598769,False,74.88657495485502,74.88657495485502,68.8529072426382,356.0,True,False,True,True,True,True,True,True,True,False,True,True,False,True,False,False,False,11,False,0.2159378256955029,0.3232479695355197,1.0,50316280.025000006,0.5083333333333333,1.0,3.0,,,,,,0.011249206104774657,-0.06928480570793684,0.312325175195193,-0.6857256017621048,0.9323529411764705,-0.6857256017621048,0.932698616562219,-356.0,0.5647058823529412,0.4823529411764706,0.9529411764705882,0.6229411764705882,0.6176470588235294,精技
39.04999923706055,40.25,38.34999847412109,38.5,1479785.0,-0.025316455696202556,39.56999969482421,0.10315181423277697,36.79249992370605,0.3508771929824561,32.75,0.32302403763939447,31.16916669209798,0.037431263651673624,55.907780599653,2627904.9,0.5631044715507019,0.04640891703022798,2425.TW,2026-06-24,0.07042960199025838,0.41358835371965186,bull,0.21203703703703702,0.1974050046339203,2026-03-31,2026-05-15,742329000.0,57186000.0,84000.0,19626000.0,14929000.0,59718000.0,0.62,6477498000.0,3530704000.0,6656471000.0,3632354000.0,3024117000.0,955233000.0,0.0,,,0.4,50400.0,3125767000.0,1.6124042515005117e-05,0.0197472518424386,0.0089714204418527,1.2011287923053242,0.0770359234247887,0.0001131573736173,0.0804468099723976,-0.0094210083147737,,,20.556959597295062,20.556959597295062,False,71.91315196961878,71.91315196961878,59.07410387653785,848.0,True,False,True,True,True,True,True,True,True,False,True,True,False,True,False,False,False,11,False,0.17557251908396942,0.23519503682337883,1.0,101174338.64999999,0.42685185185185187,1.0,3.0,,,,,,-0.052637503369105956,-0.1852004227131726,0.20141902271625287,-1.5923661178596742,0.4041176470588236,-1.5923661178596742,0.3806249359814535,-848.0,0.16470588235294117,0.09411764705882353,0.36470588235294116,0.19470588235294117,0.18352941176470589,承啟
135.0,143.0,134.5,142.5,13027216.0,0.1354581673306774,136.0,0.047794117647058876,132.075,0.4921465968586387,107.84166704813639,0.7086330622641828,99.43083349863689,0.035070532915360456,55.23809523809524,11070756.8,1.1767231667486362,0.07893242475866002,2441.TW,2026-06-24,0.07042960199025838,0.41358835371965186,bull,0.3685185185185185,0.1380908248378128,2026-03-31,2026-05-15,4722344000.0,1115834000.0,923616000.0,1008584000.0,210655000.0,797945000.0,1.4,12295231000.0,3780793000.0,29303556000.0,4066699000.0,25236857000.0,6332374000.0,,,,0.2088621274975609,730707597.2492127,25522763000.0,0.0286296431639949,0.0316182399416852,0.0272303129353993,0.1611412625589628,0.2362881653687236,0.1955842268161743,0.1689722307396496,0.2119643633492949,,,73.76313956490999,73.76313956490999,False,72.14045254084303,72.14045254084303,72.54612429685977,132.0,True,False,True,True,True,True,True,True,False,True,False,True,True,True,True,False,False,11,False,0.3213816505302487,0.4331570498396109,1.0,1577582844.0,0.13240740740740742,2.0,3.0,,,,,,-0.07468398228177288,-0.20747958779878353,0.20825124887579316,-1.3542645266095081,0.4335294117647059,-1.3542645266095081,0.40852619498268605,-132.0,0.788235294117647,0.6235294117647059,0.43529411764705883,0.7352941176470588,0.668235294117647,超豐
361.5,371.5,350.0,361.0,8786243.0,0.03884892086330938,377.0,0.17589576547231278,365.55,1.8537549407114624,249.25,2.4879227053140096,181.59166666666667,0.07617575623758004,50.331125827814574,8544989.1,1.0282333771496561,-0.012446997674736782,2472.TW,2026-06-24,0.07042960199025838,0.41358835371965186,bull,0.12268518518518519,0.008341056533827619,2026-03-31,2026-05-15,2943086000.0,883334000.0,549622000.0,520427000.0,122244000.0,262833000.0,1.6,11680366000.0,3302511000.0,18688580000.0,4096143000.0,14592437000.0,4465054000.0,1452324000.0,282000000.0,,0.2348917331345222,420520335.8511376,15386069000.0,0.0273312394381656,0.0180115905245984,0.0140638293546112,0.2807031478018373,0.3001386979517418,0.1867502342778974,0.0893052394663288,0.0925167204371126,,,62.238957459260455,62.238957459260455,False,71.34619617401255,71.34619617401255,69.06938649532452,240.0,True,False,True,True,False,True,True,True,True,True,True,True,True,True,True,False,False,12,False,0.448345035105316,0.9879766876233307,1.0,3084741065.1,0.07592592592592592,2.0,3.0,,,,,,-0.08468713917908563,-0.23207803834790275,0.2516239019208192,-1.334194948064247,0.4458823529411765,-1.334194948064247,0.396569930159175,-240.0,0.6588235294117647,0.5058823529411764,0.4,0.6199999999999999,0.5611764705882354,立隆電
63.0,69.30000305175781,63.0,69.30000305175781,27474777.0,-0.015624977986921418,67.98000030517578,0.23750005449567513,60.525,1.4661922459423535,46.460833326975504,2.315789680221587,36.27791659037272,0.08152781248666616,64.34108653210939,40282040.25,0.6820602141670319,0.14498146306084791,2484.TW,2026-06-24,0.07042960199025838,0.41358835371965186,bull,0.08333333333333333,0.021316033364226137,2026-03-31,2026-05-15,558493000.0,124006000.0,38190000.0,65062000.0,13230000.0,51853000.0,0.33,2364630000.0,488834000.0,4989053000.0,883613000.0,4105440000.0,608103000.0,70000000.0,152941000.0,,0.2033445021671636,30424273.46223602,4500219000.0,0.0067606206414034,0.0126303148992556,0.0103933552119009,0.2152297926653416,0.2220368026098805,0.0683804452338704,0.0928444940223064,-0.0665818752496527,,,33.91916811523335,33.91916811523335,False,88.25478079688392,88.25478079688392,74.67087762647128,612.0,True,True,True,True,True,True,True,True,True,True,True,True,False,True,False,False,False,13,False,0.491578994376791,0.9102531116725803,1.0,2791545512.256031,0.0824074074074074,1.0,3.0,,,,,,-0.11885977193748744,-0.2708301525684567,0.13309598250122692,-1.5959782305771484,0.1723529411764706,-1.5959782305771484,0.1452619761753911,-612.0,0.3411764705882353,0.7529411764705882,0.09411764705882353,0.3041176470588235,0.4152941176470588,希華
52.20000076293945,53.79999923706055,51.70000076293945,53.20000076293945,15195843.0,0.07474749016039306,52.73999938964844,0.1552660509085233,50.69499969482422,0.5331411986526093,42.95916665395101,0.7442623200963756,37.79166661898295,0.050945834564897055,50.86956824607243,14801621.6,1.0266336628954222,0.04941317848298521,2495.TW,2026-06-24,0.07042960199025838,0.41358835371965186,bull,0.14537037037037037,0.12511584800741427,2026-03-31,2026-05-15,370134000.0,147360000.0,46525000.0,102513000.0,12200000.0,90313000.0,0.33,6699309000.0,2713603000.0,7458195000.0,2779672000.0,4678523000.0,278672000.0,2380000000.0,,,0.1190092963819222,40988092.48583107,4744592000.0,0.008638907726066,0.0193037418005639,0.0121092301823698,0.594134516384765,0.3981260840668514,0.1256977202850859,0.2440008213241691,0.3507110561290958,,,59.87100186749289,59.87100186749289,False,71.85070475308083,71.85070475308083,68.85577903168385,265.0,True,False,True,True,True,True,True,True,True,True,True,True,True,True,False,False,False,13,False,0.23838530648141854,0.40771777279112675,1.0,787446280.4127411,0.1962962962962963,1.0,3.0,,,,,,-0.07958719645625201,-0.22623816793874502,0.21495878877965957,-1.460260163926552,0.40294117647058825,-1.460260163926552,0.31891855585963963,-265.0,0.6235294117647059,0.49411764705882355,0.2823529411764706,0.5723529411764706,0.5164705882352941,普安
39.25,39.95000076293945,39.09999847412109,39.70000076293945,950965.0,-0.006257822158339477,39.470000457763675,0.12944520738386456,37.27249984741211,0.34576273772676114,34.982500076293945,0.4003527417547539,32.32333332697551,0.03808662093332795,60.25104856284881,1109915.8,0.8567902177804838,0.0651284707348625,2527.TW,2026-06-24,0.07042960199025838,0.41358835371965186,bull,0.16944444444444445,0.20111214087117701,2026-03-31,2026-05-15,4588717000.0,1261812000.0,1127130000.0,1064163000.0,166487000.0,902888000.0,3.45,13282023000.0,8513905000.0,33780839000.0,11901818000.0,21879021000.0,1538877000.0,2676000000.0,3358749000.0,,0.1564487771140323,950791889.8514608,25266934000.0,0.0376298877359421,0.0412672943638565,0.0267278145459915,0.5439831151494393,0.2749814381667032,0.2456307503818605,0.1967626244983074,24.973085718167,,,82.24426248497689,82.24426248497689,False,79.48406744262445,79.48406744262445,80.17411620321256,75.0,True,True,True,True,True,True,True,True,True,False,True,True,True,True,True,False,False,13,False,0.13485316019029603,0.22821493567334938,1.0,44063658.10679855,0.525,1.0,2.0,,,,,,-2.567543746922909e-05,-0.10209309916798136,0.3965677200400955,-1.2713029528414896,0.8758823529411764,-1.2713029528414896,0.882416192998466,-75.0,0.8941176470588236,0.8941176470588236,0.9176470588235294,0.8976470588235295,0.8988235294117648,宏璟
22.600000381469727,23.600000381469727,22.25,23.25,146055964.0,0.09669807373989481,22.239999771118164,0.24664881906481373,20.3375,0.24,18.98833328882853,0.1862244667087387,19.78916670481364,0.046975541835399315,76.61289379822595,81272240.45,1.797119941462128,0.14320835894283968,2610.TW,2026-06-24,0.07042960199025838,0.41358835371965186,bull,0.07685185185185185,0.2632066728452271,2026-03-31,2026-05-15,56997031000.0,11740924000.0,6436036000.0,7021709000.0,1173546000.0,5169442000.0,0.85,86787582000.0,117191909000.0,372739998000.0,264413465000.0,108326533000.0,52710911000.0,,54806125000.0,5750000000.0,0.1671311072560825,5360374176.979992,255548089000.0,0.0209759900688593,0.0477209217062268,0.0138687611411104,2.440892897403077,0.2059918524528058,0.1129187939631452,0.0906966890959636,0.080061410563945,,,43.706898976143904,43.706898976143904,False,79.4716114444627,79.4716114444627,70.530433327383,451.0,True,True,True,True,True,True,True,False,True,False,True,True,True,True,False,False,False,12,False,0.22443606009795225,0.1748852463981987,1.0,1889579590.4625,0.11851851851851852,0.0,3.0,,,,,,-0.02600842667575211,-0.10074698092264842,0.2718712414711835,-0.854105491373469,0.8076470588235294,-0.854105491373469,0.8004395081912514,-451.0,0.4588235294117647,0.5529411764705883,0.8705882352941177,0.5205882352941176,0.5694117647058823,華航
42.95000076293945,44.79999923706055,42.54999923706055,44.0,89405968.0,0.10691823899371067,42.74000015258789,0.24999997290698017,38.74250030517578,0.2446959518884102,36.05416673024495,0.22733617497256287,36.31749998728434,0.05149952569941962,77.39131011674635,73832400.9,1.2109313378701192,0.13570367563814267,2618.TW,2026-06-24,0.07042960199025838,0.41358835371965186,bull,0.075,0.2594995366079703,2026-03-31,2026-05-15,60515845000.0,15865568000.0,11279920000.0,11043489000.0,2178622000.0,8268012000.0,1.53,119872996000.0,106923312000.0,391276107000.0,247236537000.0,144039570000.0,95057424000.0,110000000.0,46720454000.0,,0.1972766034357439,9054655695.373083,284352795000.0,0.0318430339162767,0.057400976689947,0.0211308890373927,1.7164487300260616,0.2621721302908354,0.1863961413742136,0.1366255730214128,0.1014063587979636,,,65.4946890287355,65.4946890287355,False,78.0202727337184,78.0202727337184,74.88887680747267,205.0,True,True,True,True,True,True,True,False,True,False,False,True,True,True,True,False,False,11,False,0.2203859911450814,0.21153713816770137,1.0,3248625639.6000004,0.07314814814814814,1.0,3.0,,,,,,-0.051546027761046366,-0.14988947171854983,0.2598864337057616,-0.9968336252447371,0.6505882352941177,-0.9968336252447371,0.7458727674957062,-205.0,0.6941176470588235,0.7764705882352941,0.8235294117647058,0.7135294117647059,0.7447058823529411,長榮航
56.400001525878906,56.70000076293945,55.79999923706055,56.0,237026.0,0.02752293577981657,56.42000045776367,0.05660377358490565,52.961794090271,0.18143456112392253,51.53726463317871,0.10671940096284183,50.36821568806966,0.015239580873628939,70.11708352789356,439175.0,0.5397074059315763,0.05736599301282186,2832.TW,2026-06-24,0.07042960199025838,0.41358835371965186,bull,0.3351851851851852,0.31417979610750696,2026-03-31,2026-05-15,,,514384000.0,513794000.0,96832000.0,,,,,25841065000.0,13610551000.0,12230514000.0,3713301000.0,,,,0.1884646375784847,417440805.8638287,25841065000.0,0.0161541641516643,,,1.112835568480605,,,,,,,55.14019466216183,55.14019466216183,False,61.870448959491924,61.870448959491924,60.187885385159404,306.0,True,False,True,True,True,True,True,True,False,False,True,True,False,True,False,False,False,10,False,0.08659239869607416,0.11181226563211966,1.0,24593800.0,0.6129629629629629,1.0,3.0,,,,,,-0.00939556429020144,-0.10589688540144444,0.17257019596841558,-1.6733634251776142,0.5405882352941176,-1.6733634251776142,0.5085186104418368,-306.0,0.6,0.11764705882352941,0.5529411764705883,0.5929411764705883,0.44588235294117645,台產
17.600000381469727,17.850000381469727,17.5,17.799999237060547,34912829.0,0.01714281354631697,17.60999984741211,0.11249995231628418,16.964999961853028,0.18272418680889113,16.263333304723105,0.11249995231628418,15.956249944368999,0.024147298576586086,66.10170258630444,47945385.85,0.7281791225797383,0.04921893764132457,2834.TW,2026-06-24,0.07042960199025838,0.41358835371965186,bull,0.19537037037037036,0.3123262279888786,2026-03-31,2026-05-15,,,,,886677000.0,3437983000.0,,,,2555347612000.0,2406237987000.0,149109625000.0,29451426000.0,,,,,,2555347612000.0,,0.0230567476780925,0.0013454071703807,16.137375350518116,,,,,,,11.10187505518378,11.10187505518378,False,69.76375289671681,69.76375289671681,55.098283436333546,1024.0,True,False,True,True,True,True,True,True,True,False,True,True,False,True,False,False,False,11,False,0.09448653013162889,0.11555028901651232,1.0,853427831.5505736,0.18425925925925926,0.0,3.0,,,,,,-0.011315010900625831,-0.16034763174890482,0.20294495128820778,-0.9516274684902817,0.6388235294117648,-0.9516274684902817,0.6265332265717414,-1024.0,0.047058823529411764,0.03529411764705882,0.7294117647058823,0.14941176470588236,0.18,臺企銀
38.45000076293945,39.0,38.400001525878906,38.650001525878906,3787559.0,-0.027672917587952095,39.3,0.09957325314547005,37.152499961853025,0.2610114847281111,33.524999904632566,0.47519085497700764,30.523333311080936,0.02908385848928629,59.20399218537381,2662664.15,1.4224696719636984,0.04030688555449746,2851.TW,2026-06-24,0.07042960199025838,0.41358835371965186,bull,0.2175925925925926,0.24930491195551435,2026-03-31,2026-05-15,,,2142185000.0,2164691000.0,325242000.0,,,,,59204658000.0,35668047000.0,23536611000.0,16387176000.0,,,,0.1502486960032633,1820324497.152249,59204658000.0,0.0307463054199595,,,1.5154283256837613,,,,,,,65.92494981784269,65.92494981784269,False,77.12352291409975,77.12352291409975,74.32387964003549,201.0,True,True,True,True,True,True,True,True,True,False,True,True,True,True,True,False,False,13,False,0.1528710405913576,0.26624445410251885,1.0,102911973.46040305,0.42314814814814816,1.0,3.0,,,,,,-0.00847560810003169,-0.14773971614676235,0.222562775383107,-1.7787872175167732,0.5547058823529412,-1.7787872175167732,0.5487786516182759,-201.0,0.7058823529411765,0.7294117647058823,0.6235294117647059,0.6935294117647058,0.6964705882352942,中再保
110.5,114.0,110.0,110.0,34245052.0,0.004566210045662045,113.1,0.32370640216384694,99.92000007629395,0.5536722494148103,83.77333335876465,0.47849459333328337,79.46999982198079,0.0897589739962916,68.80165211091503,49598145.2,0.690450254982519,0.10088070372307323,2882.TW,2026-06-24,0.07042960199025838,0.41358835371965186,bull,0.05185185185185185,0.1195551436515292,2026-03-31,2026-05-15,72538053000.0,,,38391738000.0,6735806000.0,31593811000.0,,,,14450034484000.0,13633007653000.0,817026831000.0,293505959000.0,,,,0.1754493636104726,,14450034484000.0,,0.0386692453677815,0.0021864176888285,16.686119887046893,,,0.4355480977687669,-0.3173702053156907,,,13.906153918122188,13.906153918122188,False,80.19378881795117,80.19378881795117,63.621880092993926,984.0,True,True,True,True,True,True,True,True,True,True,True,True,False,True,False,False,False,13,False,0.31306700580861424,0.384170130192637,1.0,5455795972.0,0.04259259259259259,2.0,3.0,,,,,,-0.11035785111301477,-0.3046537347296357,0.3490550294652973,-1.3313188995034229,0.4611764705882353,-1.3313188995034229,0.42720023937907114,-984.0,0.09411764705882353,0.25882352941176473,0.4588235294117647,0.1488235294117647,0.21647058823529414,國泰金
67.9000015258789,67.9000015258789,65.5999984741211,66.0999984741211,50615001.0,0.010703317001685253,67.58000030517579,0.15357765016109948,63.640000343322754,0.43539629900633137,55.659166653951004,0.6840763942451233,49.31666663487752,0.0491262826129535,55.76921913046636,37281771.85,1.3576339988250854,0.03865490442374653,2885.TW,2026-06-24,0.07042960199025838,0.41358835371965186,bull,0.14629629629629629,0.15755329008341057,2026-03-31,2026-05-15,39984934000.0,,,18723853000.0,3129395000.0,14409154000.0,,,,4640879682000.0,4254342700000.0,386536982000.0,77947312000.0,,,,0.167134136334012,,4640879682000.0,,0.0372775560192064,0.0031048324859373,11.00630184979299,,,0.360364581319554,0.2805185364050884,,,38.0190051862678,38.0190051862678,False,77.06182547395417,77.06182547395417,67.30112040203258,558.0,True,True,True,True,True,True,True,True,True,True,True,True,True,True,False,False,False,14,False,0.18758512654499016,0.3403176448136933,1.0,2464325062.397531,0.09351851851851851,1.0,3.0,,,,,,-0.20755241008962658,-0.3254915715382971,0.1604023805425172,-1.2765939683144074,0.1988235294117647,-1.2765939683144074,0.1700621688332141,-558.0,0.4,0.4,0.12941176470588237,0.3594117647058824,0.3458823529411765,元大金
39.59999847412109,40.900001525878906,38.900001525878906,39.54999923706055,65761891.0,0.12039660316870582,39.05999908447266,0.3384094842025702,34.089999961853025,0.2535657747529425,32.225,0.370883837577465,31.213333304723104,0.07607322399254668,77.17841318764258,61099957.45,1.0763001112368205,0.16016424996530665,2890.TW,2026-06-24,0.07042960199025838,0.41358835371965186,bull,0.049074074074074076,0.2548656163113994,2026-03-31,2026-05-15,26199317000.0,,,13172491000.0,2157069000.0,10973530000.0,,,,3820349236000.0,3552231164000.0,268118072000.0,41779009000.0,,,,0.163755587306911,,3820349236000.0,,0.0409279759403909,0.0028723892299148,13.24875692825361,,,0.4188479417230609,0.4040584778805451,,,40.18365017296791,40.18365017296791,False,77.79197163029963,77.79197163029963,68.3898912659667,505.0,True,True,True,True,True,True,True,False,True,False,False,True,True,False,False,False,False,10,False,0.22730796701506728,0.2670866917976993,1.0,2416503270.531932,0.09722222222222222,1.0,3.0,,,,,,-0.19201603254318722,-0.3593811002164714,0.17626269327592342,-1.6372537314867364,0.12470588235294118,-1.6372537314867364,0.15080406954369854,-505.0,0.4235294117647059,0.4470588235294118,0.10588235294117647,0.37588235294117645,0.36705882352941177,永豐金
71.5,72.0,69.9000015258789,69.9000015258789,53246057.0,-0.012711885410809476,71.14000091552734,0.2135417253054972,67.23999977111816,0.31886795331846995,58.62666651407878,0.41641344857455564,54.957499980926514,0.05317566754290085,48.557695658250005,62821373.15,0.8475786874773208,0.03955981207339776,2891.TW,2026-06-24,0.07042960199025838,0.41358835371965186,bull,0.09537037037037037,0.2159406858202039,2026-03-31,2026-05-15,59859484000.0,,,28299359000.0,4691107000.0,23103564000.0,,,,9627795130000.0,9033405624000.0,594389506000.0,137297531000.0,,,,0.165767252890781,,9627795130000.0,,0.0388694009008967,0.0023996734130756,15.197787869424465,,,0.3859633003184591,-0.0259120213272754,,,18.776914292805223,18.776914292805223,False,70.03702274950027,70.03702274950027,57.22199563532651,882.0,True,False,True,True,True,True,True,False,True,False,True,True,True,True,False,False,False,11,False,0.19229022699240317,0.2718919446870458,1.0,4391214079.042808,0.05555555555555555,1.0,3.0,,,,,,-0.16071620979438075,-0.3335659631979628,0.21710251553900903,-1.3942984673459182,0.2623529411764706,-1.3942984673459182,0.22729186874066615,-882.0,0.15294117647058825,0.058823529411764705,0.18823529411764706,0.15823529411764706,0.13176470588235295,中信金
25.549999237060547,26.399999618530277,25.200000762939453,25.399999618530277,78643.0,-0.013592247824066872,24.80999984741211,0.10434780950131639,24.51749992370606,0.38043479049588846,23.232499885559083,0.26368154907830954,21.87708330154419,0.03209850568086385,49.612401725366425,129128.85,0.6090273397463076,0.035994685329678644,2923.TW,2026-06-24,0.07042960199025838,0.41358835371965186,bull,0.20925925925925926,0.18628359592215013,2026-03-31,2026-05-15,2068437000.0,1223647000.0,1093718000.0,507741000.0,478663000.0,26623000.0,0.02,43331856000.0,14759908000.0,117789596000.0,69575606000.0,48213990000.0,4643421000.0,6895034000.0,45987458000.0,,0.4,656230800.0,103029688000.0,0.0063693369623714,0.00055218412747,0.0002260216598416,1.4430584566844602,0.5915805025727155,0.5287654397982632,0.0128710712484837,1.5370100759838343,,,53.57592567176444,53.57592567176444,False,67.06468943497502,67.06468943497502,63.69249849417237,317.0,True,False,True,True,True,True,True,False,True,False,True,True,False,True,False,False,False,10,False,0.0932960182351481,0.1610322668898656,1.0,3279872.7407412534,0.862037037037037,0.0,3.0,,,,,,-0.006477139755564686,-0.05396648008811762,0.31559433257548214,-1.2058037994886492,0.8835294117647059,-1.2058037994886492,0.8845990477789825,-317.0,0.5882352941176471,0.27058823529411763,0.9294117647058824,0.6394117647058823,0.5611764705882354,鼎固-KY
67.69999694824219,70.4000015258789,67.4000015258789,70.19999694824219,2107205.0,0.04154295784827533,68.81999969482422,0.11961716258440314,64.74499988555908,0.38461530358707186,58.362499872843415,0.4904458433647998,53.62833325068156,0.031053424745536243,66.96428115270609,2192683.15,0.9610166430110981,0.08425356509885185,3003.TW,2026-06-24,0.07042960199025838,0.41358835371965186,bull,0.18796296296296297,0.18535681186283595,2026-03-31,2026-05-15,1263159000.0,291390000.0,111988000.0,120680000.0,40410000.0,73811000.0,0.47,6542183000.0,1409389000.0,8333214000.0,1821129000.0,6512085000.0,2249606000.0,451528000.0,158298000.0,,0.3348525024859131,74488537.95160756,6923825000.0,0.0107582929885731,0.0113344650753176,0.0088574468386387,0.2796537514482689,0.2306835481518953,0.0886570890917137,0.0584336572038832,0.2552234771772852,,,47.83935568476647,47.83935568476647,False,75.1213421808822,75.1213421808822,68.30084555685326,396.0,True,True,True,True,True,True,True,True,True,False,True,True,True,True,False,False,False,13,False,0.20282710818058813,0.3090094860882149,1.0,153926350.43846205,0.3731481481481482,1.0,3.0,,,,,,-0.0339761962111018,-0.15453753957682995,0.20843856732373928,-1.4886831628704085,0.5441176470588236,-1.4886831628704085,0.4938248241114014,-396.0,0.5176470588235295,0.43529411764705883,0.5294117647058824,0.5194117647058824,0.49529411764705883,健和興
241.0,254.0,240.0,246.5,15729735.0,0.09799554565701563,241.6,0.06479481641468676,233.725,0.4629080118694362,201.7,2.0245398773006134,176.88249994913738,0.014211325667172947,45.185185185185176,18720772.65,0.8402289421531969,0.05465825221948872,3006.TW,2026-06-24,0.07042960199025838,0.41358835371965186,bull,0.30648148148148147,0.14828544949026876,2026-03-31,2026-05-15,7266900000.0,3453448000.0,2254754000.0,2352467000.0,288641000.0,2063883000.0,7.22,17585827000.0,5859607000.0,20073767000.0,7169155000.0,12904612000.0,7031281000.0,1000000000.0,693679000.0,0.0,0.1226971515434647,1978102106.7687664,14214160000.0,0.1391641930841334,0.1599337508171497,0.1028149325435529,0.5555498297817866,0.4752298779396992,0.3102772846743453,0.2840114766957024,1.503294079957009,,,98.64788449850906,98.64788449850906,True,66.6532736699229,66.6532736699229,74.65192637706943,7.0,True,False,True,True,True,True,True,False,False,True,True,True,True,True,True,True,True,12,False,0.2221120475954388,0.3935804846204749,1.0,4614670458.224999,0.05277777777777778,2.0,0.0,,,,,,-0.0640918232250877,-0.21044536818466492,0.1960524663378094,-1.4679008465640857,0.3947058823529412,-1.4679008465640857,0.3706516180650755,-7.0,0.9764705882352941,0.7411764705882353,0.35294117647058826,0.8829411764705882,0.7811764705882352,晶豪科
4870.0,4985.0,4825.0,4900.0,2048225.0,0.008230452674897082,5085.0,0.33697135061391537,4203.0,1.2171945701357467,3208.3333333333335,1.466354653010355,2773.9907287597657,0.10105442399633244,66.97588126159555,2517948.5,0.8134499176611436,0.16583392814656195,3008.TW,2026-06-24,0.07042960199025838,0.41358835371965186,bull,0.05,0.033364226135310475,2026-03-31,2026-05-15,15544079000.0,7679569000.0,5812218000.0,7287959000.0,1112047000.0,6123204000.0,46.63,159095122000.0,39536493000.0,226385533000.0,39762818000.0,186622715000.0,119023098000.0,146000.0,,,0.1525868902390916,4925349729.988327,186849040000.0,0.026360048357692,0.0328106040039123,0.0270476824152893,0.213065263786351,0.4940510788706104,0.3739184547376528,0.3939251724080918,0.0661796222311039,,,76.94531754874203,76.94531754874203,False,86.02602627817774,86.02602627817774,83.75584909581882,100.0,True,True,True,True,True,True,True,True,True,True,True,True,True,False,True,False,False,13,False,0.5272727272727271,0.7664082108128603,1.0,12337947650.0,0.023148148148148147,3.0,2.0,,,,,,-0.11596852261538818,-0.19293519516177932,0.24587554165554434,-1.554655543833563,0.40352941176470586,-1.554655543833563,0.3202766679116068,-100.0,0.8588235294117647,0.9529411764705882,0.29411764705882354,0.7741176470588235,0.7741176470588235,大立光
161.0,170.5,158.5,166.0,6706351.0,0.10666666666666669,159.3,0.09933774834437092,151.075,0.4310344827586208,135.80833333333334,0.45614035087719307,126.82916666666667,0.02233124682794778,64.15094339622641,3197171.55,2.0975887265104682,0.09879199073307965,3014.TW,2026-06-24,0.07042960199025838,0.41358835371965186,bull,0.21851851851851853,0.15848007414272475,2026-03-31,2026-05-15,1734052000.0,992099000.0,498325000.0,506561000.0,47858000.0,458703000.0,2.85,7276847000.0,3534436000.0,9867430000.0,3664549000.0,6202881000.0,2464625000.0,,,,0.0944762822246481,451245106.6604022,6332994000.0,0.0712530450305814,0.0739499919472903,0.04648657249152,0.5907817673755147,0.572127594789545,0.2873760417796006,0.264526669327102,0.0068170034331778,,,86.91029224348934,86.91029224348934,False,80.06748754634971,80.06748754634971,81.77818872063462,51.0,True,True,True,True,True,True,True,True,True,True,False,True,True,True,True,False,False,13,False,0.2223108547585444,0.3088472026019251,1.0,530730477.29999995,0.24444444444444444,2.0,2.0,,,,,,-0.042362142111592754,-0.13008926357091322,0.2743006055519944,-1.6034416327540542,0.6064705882352942,-1.6034416327540542,0.6150365909976783,-51.0,0.9176470588235294,0.9176470588235294,0.7176470588235294,0.8876470588235293,0.8776470588235294,聯陽
82.4000015258789,84.19999694824219,81.19999694824219,82.80000305175781,1361493.0,0.0024213629701141937,83.21999969482422,0.10400004069010427,80.70499992370605,0.3226837870609123,72.42666657765706,0.23582094107101215,68.09833329518636,0.03727266888816509,61.0038691927129,2433115.45,0.5595677755447239,0.025958777399569533,3022.TW,2026-06-24,0.07042960199025838,0.41358835371965186,bull,0.2101851851851852,0.21223354958294718,2026-03-31,2026-05-15,1592354000.0,448280000.0,36432000.0,189589000.0,22663000.0,168988000.0,0.96,10450596000.0,3234728000.0,16026933000.0,4335529000.0,11691404000.0,3432970000.0,92494000.0,,,0.1195375259113134,32077008.85599903,12792205000.0,0.0025075433716078,0.0144540381976364,0.0105440011510624,0.3708304836613293,0.281520315206292,0.0228793346203168,0.1061246431383976,-0.1038362140769989,,,30.04604328275842,30.04604328275842,False,75.54753805182055,75.54753805182055,64.17216435955503,680.0,True,True,True,True,True,True,True,True,True,False,True,True,False,True,False,False,False,12,False,0.14322537491047305,0.2158888337669589,1.0,201461966.6852791,0.34074074074074073,1.0,3.0,,,,,,-0.019846691071292947,-0.1344809512177774,0.2422484986827409,-1.3268693108325698,0.7005882352941176,-1.3268693108325698,0.6400882600152175,-680.0,0.27058823529411763,0.3058823529411765,0.7411764705882353,0.3411764705882353,0.37529411764705883,威強電
800.0,800.0,758.0,796.0,2535286.0,-0.016991960110643634,857.4877197265625,0.39649122807017534,716.8586059570313,4.433447098976109,418.9112019856771,6.96,263.80810101826984,0.15183603613758745,64.46685923330463,3550372.05,0.7140902317547255,0.11040028449865957,3026.TW,2026-06-24,0.07042960199025838,0.41358835371965186,bull,0.03796296296296296,0.0018535681186283596,2026-03-31,2026-05-15,3618451000.0,877039000.0,483360000.0,568645000.0,113236000.0,474578000.0,2.86,11840787000.0,5803981000.0,16266013000.0,6345747000.0,9920266000.0,4380883000.0,2093681000.0,400780000.0,,0.199133026756588,387107060.1869356,10462032000.0,0.0370011351701978,0.047839241407438,0.029176049471988,0.639675085325333,0.2423796812503471,0.1335820216993404,0.1311550163315739,0.0636271337498735,,,68.80894924877691,68.80894924877691,False,89.16272980158412,89.16272980158412,84.07428466338231,175.0,True,True,True,True,True,True,True,True,True,True,True,True,False,True,True,False,False,13,False,0.9001640353060214,2.0173447931565742,1.0,2826096151.7999997,0.08148148148148149,3.0,3.0,,,,,,-0.09270731111994529,-0.22934771503848964,0.28801859118011236,-1.4904153018569364,0.44529411764705884,-1.4904153018569364,0.4025012160570892,-175.0,0.7294117647058823,0.9647058823529412,0.4235294117647059,0.6835294117647058,0.7388235294117647,禾伸堂
540.0,546.0,525.0,543.0,5264227.0,0.08600000000000008,537.0,0.10478128179043744,500.825,0.38520408163265296,455.15833333333336,0.43841059602649013,417.525,0.02685939822645951,62.65822784810126,6417947.0,0.8202353494037891,0.08421105176458843,3034.TW,2026-06-24,0.07042960199025838,0.41358835371965186,bull,0.2074074074074074,0.1835032437442076,2026-03-31,2026-05-15,23145303000.0,9039901000.0,4027546000.0,4389348000.0,622236000.0,3767112000.0,6.19,79261926000.0,21790635000.0,103666583000.0,31738768000.0,71927815000.0,48919537000.0,,,,0.1417604619182621,3456599218.642951,81875948000.0,0.0422175169030464,0.0523735080788982,0.036338730292673,0.4412586146263444,0.390571728527382,0.1740113750077067,0.1627592432036858,-0.1465659805926223,,,75.54535048945058,75.54535048945058,False,79.36530894444245,79.36530894444245,78.41031933069448,116.0,True,True,True,True,True,True,True,True,True,False,True,True,True,True,True,False,False,13,False,0.19299144986176975,0.3005209268906055,1.0,3484945221.0,0.06759259259259259,3.0,3.0,,,,,,0.0058392782459604975,-0.08480882452913731,0.3104585469263288,-0.9152727885028139,0.8964705882352941,-0.9152727885028139,0.8778201749013181,-116.0,0.8352941176470589,0.8470588235294118,0.9058823529411765,0.8458823529411764,0.8529411764705882,聯詠
229.5,233.0,221.0,230.5,15399318.0,0.1467661691542288,220.8,0.10817307692307687,200.68002471923828,0.5264900662251655,182.8350082397461,0.37202380952380953,173.4341707865397,0.017492265718219865,63.12960500907416,11426487.15,1.3476861084117178,0.14859463627474345,3035.TW,2026-06-24,0.07042960199025838,0.41358835371965186,bull,0.20277777777777778,0.12696941612604262,2026-03-31,2026-05-15,2588502000.0,1224435000.0,95883000.0,179218000.0,44045000.0,104263000.0,0.4,13023994000.0,5732857000.0,20895528000.0,6486089000.0,14409439000.0,8381209000.0,25000000.0,,,0.245762144427457,72318588.30586214,15162671000.0,0.0047695151009912,0.0072357431819517,0.0049897279456159,0.4501277947045683,0.4730284156628042,0.037041887547315,0.0402792812213396,-0.6519697207840671,,,34.50118854665805,34.50118854665805,False,86.27358771241973,86.27358771241973,73.33048792097931,607.0,True,True,True,True,True,True,True,True,True,True,False,True,True,True,False,False,False,13,False,0.26069948101926,0.329034520444625,1.0,2633805288.0750003,0.09074074074074075,2.0,3.0,,,,,,-0.04295337390043065,-0.19242085103461604,0.32004280095802334,-1.4771520820591315,0.6264705882352941,-1.4771520820591315,0.5606930836624291,-607.0,0.36470588235294116,0.6823529411764706,0.6705882352941176,0.41058823529411764,0.5211764705882354,智原
523.0,536.0,516.0,526.0,2749898.0,-0.03663003663003661,553.4,0.031372549019607954,517.775,0.4775280898876404,465.775,0.7562604340567614,409.39166666666665,0.03209249015797073,53.63636363636364,4410179.2,0.6235342999214182,0.0158852783544976,3044.TW,2026-06-24,0.07042960199025838,0.41358835371965186,bull,0.42314814814814816,0.14272474513438368,2026-03-31,2026-05-15,20964231000.0,5558653000.0,3845829000.0,4106800000.0,1160501000.0,2946230000.0,5.61,70597125000.0,38074338000.0,103583725000.0,45274053000.0,58309672000.0,21846246000.0,4498565000.0,1000000000.0,,0.2825803545339437,2759073277.703078,65509387000.0,0.042117220203924,0.050527295025772,0.0284429817522009,0.7764415653032657,0.2651493870679063,0.1834471772420366,0.1405360396954221,0.2239921180540351,,,79.90151858407886,79.90151858407886,False,61.879391941585915,61.879391941585915,66.38492360220916,86.0,True,False,False,True,True,True,True,True,False,True,True,True,False,True,True,False,False,10,False,0.12930062798561548,0.2848331874529282,1.0,2319754259.2000003,0.10092592592592593,3.0,2.0,,,,,,-0.04701870496509245,-0.1485845310966249,0.25275171569316934,-1.2417360633489596,0.6347058823529411,-1.2417360633489596,0.5829152756468752,-86.0,0.8823529411764706,0.36470588235294116,0.6941176470588235,0.8541176470588235,0.6894117647058823,健鼎
27.149999618530277,29.899999618530277,27.0,29.450000762939453,12579402.0,0.10714286994729183,27.910000228881835,0.04432623993552354,27.862499904632568,0.45073900836283154,25.40166670481364,0.5918919331318624,23.65874999364217,0.0033309333617098347,46.42857386141473,3782781.8,3.3254368517898656,0.056976253521419995,3051.TW,2026-06-24,0.07042960199025838,0.41358835371965186,bull,0.375,0.15384615384615385,2026-03-31,2026-05-15,376381000.0,114752000.0,46037000.0,69167000.0,-5152000.0,74319000.0,0.45,1296235000.0,1199950000.0,3899942000.0,1348223000.0,2551719000.0,172380000.0,286756000.0,76000000.0,,0.0,46037000.0,2699992000.0,0.0170507912616037,0.0291250721572398,0.0190564372495796,0.528358726019597,0.3048825525199199,0.122314888371092,0.1974568323055627,-0.1771294271972016,,,49.92521743642782,49.92521743642782,False,64.65186728063115,64.65186728063115,60.97020481958032,371.0,True,False,True,True,True,True,True,False,False,True,False,True,False,True,False,False,False,9,False,0.15937277286449292,0.24478261830627424,1.0,111402926.89603347,0.4166666666666667,0.0,3.0,,,,,,0.01568316580177462,-0.10386381878907636,0.2981230769266059,-0.8187040346251538,0.89,-0.8187040346251538,0.8632188373796319,-371.0,0.5411764705882353,0.15294117647058825,0.8941176470588236,0.5941176470588235,0.49529411764705883,力特
39.0,40.95000076293945,37.70000076293945,38.59999847412109,10260003.0,0.13864297158376981,38.970000457763675,0.36155195607514057,32.9125,0.20436815578724077,30.134166622161867,0.10443483924189345,31.30999994277954,0.0902691545830616,60.12525583951197,8788326.6,1.167458091509708,0.1728066380287454,3060.TW,2026-06-24,0.07042960199025838,0.41358835371965186,bull,0.044444444444444446,0.2928637627432808,2026-03-31,2026-05-15,1081252000.0,166540000.0,47262000.0,66259000.0,16879000.0,45734000.0,0.33,2994981000.0,1413440000.0,4510523000.0,1760816000.0,2749707000.0,514060000.0,220000000.0,88940000.0,,0.2547427519280399,35222348.058376975,3097083000.0,0.0113727491508548,0.0166323175523792,0.0101394006859071,0.6403649552479591,0.1540251486240025,0.043710439379534,0.0422972628027508,0.0742991359918607,,,34.65673853142626,34.65673853142626,False,86.76861873790106,86.76861873790106,73.74064868628236,604.0,True,True,True,True,True,True,True,True,True,False,False,True,True,False,False,False,False,11,False,0.2809379784119568,0.23283291423393004,1.0,339229393.35007775,0.28888888888888886,1.0,3.0,,,,,,-0.05833032577186931,-0.1978296987057753,0.1915663326634042,-1.6668184073065235,0.35529411764705887,-1.6668184073065235,0.43567820140620217,-604.0,0.3764705882352941,0.6941176470588235,0.49411764705882355,0.3941176470588235,0.49529411764705883,銘異
27.950000762939453,28.450000762939453,27.399999618530277,28.0,352378.0,0.13590265449543493,28.89000015258789,0.4070352028513229,23.86500005722046,0.29629627340288023,21.889999993642174,0.14754100154721894,22.768333323796593,0.10755308600047128,68.45425499282969,375535.55,0.9383345997469481,0.17326628673225075,3296.TW,2026-06-24,0.07042960199025838,0.41358835371965186,bull,0.037037037037037035,0.22984244670991658,2026-03-31,2026-05-15,333302000.0,47985000.0,-28246000.0,-32519000.0,3415000.0,-35934000.0,-0.37,1498700000.0,959362000.0,2232887000.0,971754000.0,1261133000.0,733229000.0,480000000.0,,,0.0,-28246000.0,1273525000.0,-0.022179383993247,-0.0284934261493434,-0.0160930669577099,0.770540458460765,0.1439685330421059,-0.0847459661208153,-0.107812134340628,-0.1210969740918979,,,13.590716232084937,13.590716232084937,False,79.86032217355243,79.86032217355243,63.29292068818555,987.0,True,True,True,True,True,True,True,True,True,False,False,False,True,False,False,False,False,10,False,0.2791228875346021,0.2297782012324754,1.0,10514995.4,0.7277777777777777,0.0,3.0,,,,,,-0.03577197495969746,-0.1380780303818894,0.2831932597746783,-1.3714377424898672,0.693529411764706,-1.3714377424898672,0.5776552106024767,-987.0,0.08235294117647059,0.24705882352941178,0.6823529411764706,0.1723529411764706,0.25176470588235295,勝德
62.0,64.5999984741211,61.0,62.5,5353732.0,0.1160714285714286,63.5,0.18371213831630095,60.05999965667725,0.7780938061691087,48.09583314259847,0.7680340225687643,43.01916662851969,0.06569666826779152,45.24362109132917,7880904.9,0.6793296033809518,0.040626046574602004,3312.TW,2026-06-24,0.07042960199025838,0.41358835371965186,bull,0.1175925925925926,0.08433734939759036,2026-03-31,2026-05-15,5660657000.0,301744000.0,160684000.0,226668000.0,39318000.0,187350000.0,1.03,10336444000.0,7108420000.0,12207790000.0,8087399000.0,4120391000.0,2758471000.0,2819263000.0,,972693000.0,0.1734607443485626,132811633.75509556,5099370000.0,0.0260447141029373,0.0454689858316844,0.0153467580946264,1.9627746492990592,0.0533054731986057,0.0283861042984939,0.0330968649045508,-0.0081485333691245,,,34.16306358317863,34.16306358317863,False,72.7492923684993,72.7492923684993,63.102735172169126,610.0,True,False,True,True,True,True,True,False,True,True,False,True,False,True,False,False,False,10,False,0.299488872865449,0.45284078930914085,1.0,492556556.25,0.2490740740740741,1.0,3.0,,,,,,-0.005022264055383432,-0.12395783425466392,0.36862361782406067,-0.5167024597981611,0.8958823529411766,-0.5167024597981611,0.8884068232982477,-610.0,0.35294117647058826,0.23529411764705882,0.9411764705882353,0.4411764705882353,0.43529411764705883,弘憶股
24.299999237060547,25.450000762939453,24.100000381469727,25.049999237060547,1368106.0,0.01212118129537565,24.570000076293944,0.5510835807276766,23.705000019073488,0.3324468220019572,19.47083328564962,0.3359999593098959,19.879166626930235,0.09758074230246834,56.97674246678477,1879242.6,0.7280092522381091,0.056739051546291774,3346.TW,2026-06-24,0.07042960199025838,0.41358835371965186,bull,0.016666666666666666,0.20759962928637626,2026-03-31,2026-05-15,1694217000.0,150618000.0,-85958000.0,-73986000.0,6956000.0,-80942000.0,-0.67,8045104000.0,4455060000.0,10175277000.0,6596575000.0,3578702000.0,2217836000.0,1818987000.0,1589910000.0,285973000.0,0.0,-85958000.0,5720217000.0,-0.0150270522953936,-0.0226176977015688,-0.0079547711575812,1.8432870353552768,0.0889012446457567,-0.0507361217600815,-0.0477754620571036,-0.1732498100523655,,,6.120174416109647,6.120174416109647,False,79.567977415348,79.567977415348,61.20602666553841,1066.0,True,True,True,True,True,True,True,True,True,False,True,False,False,True,False,False,False,11,False,0.28653966009368914,0.26011314795889895,1.0,47075025.69625168,0.5157407407407407,0.0,3.0,,,,,,0.10362664762032495,-0.09372671129670175,0.5475290405581114,-0.8842351035020124,0.9552941176470588,-0.8842351035020124,0.9501855161252054,-1066.0,0.03529411764705882,0.16470588235294117,0.9882352941176471,0.17823529411764705,0.2647058823529412,麗清
735.0,746.0,723.0,733.0,2566022.0,-0.014784946236559127,744.6,0.2784665051533728,669.1367370605469,0.6631378711896403,556.1387573242188,0.8005708855277587,493.6459063212077,0.07320338633111823,66.29256224464334,4614290.75,0.5561032321164417,0.09544127440976902,3406.TW,2026-06-24,0.07042960199025838,0.41358835371965186,bull,0.06759259259259259,0.10472659870250231,2026-03-31,2026-05-15,6140741000.0,2060873000.0,1200606000.0,1239328000.0,347909000.0,890873000.0,7.9,22697154000.0,9791281000.0,44791309000.0,18698861000.0,26092448000.0,12605348000.0,216960000.0,2871110000.0,,0.2807239084407033,863567191.1826409,35000028000.0,0.0246733285808411,0.0341429443492615,0.019889416493722,0.7166388144186394,0.3356065660479737,0.1955148409613758,0.1450758141403456,0.1539913322030344,,,69.07874706062229,69.07874706062229,False,82.42687207253671,82.42687207253671,79.0898408195581,173.0,True,True,True,True,True,True,True,True,True,True,True,True,False,True,True,False,False,13,False,0.31801639491324707,0.4848700062409681,1.0,3382275119.75,0.06944444444444445,3.0,3.0,,,,,,-0.00851872439578776,-0.14833931145472284,0.30906337712303944,-1.5481362754989927,0.7123529411764706,-1.5481362754989927,0.6792940801590274,-173.0,0.7411764705882353,0.8705882352941177,0.7529411764705882,0.7429411764705882,0.7823529411764707,玉晶光
86.0,89.5999984741211,85.0999984741211,87.80000305175781,1969381.0,-0.017897074349131126,88.73999938964843,0.09339974738439083,81.65499992370606,0.5819820369686093,70.92500019073486,0.7249508923318593,63.28583332697551,0.01820561702859927,53.889947963777324,3456658.15,0.5697355406695337,0.07525568714461217,3504.TW,2026-06-24,0.07042960199025838,0.41358835371965186,bull,0.22870370370370371,0.11677479147358666,2026-03-31,2026-05-15,684957000.0,124843000.0,-9502000.0,7393000.0,1414000.0,5979000.0,0.05,2230493000.0,1016643000.0,4251347000.0,1422483000.0,2828864000.0,1174939000.0,85127000.0,112000000.0,,0.1912620045989449,-7684628.432300826,3234704000.0,-0.002375682112583,0.0021135692631388,0.0014063777903803,0.5028460187552318,0.1822639961340638,-0.0138724036691354,0.0087290151060577,0.0537005671880119,,,23.10660181855068,23.10660181855068,False,73.59076854607504,73.59076854607504,60.96972686419395,805.0,True,False,True,True,True,True,True,True,True,True,True,True,False,True,False,False,False,12,False,0.23792742778486975,0.38735635506490484,1.0,303494596.1188835,0.2962962962962963,1.0,3.0,,,,,,-0.03806258475351095,-0.20327772158399263,0.27450528621790926,-1.5090440668159801,0.5729411764705882,-1.5090440668159801,0.5426068500014603,-805.0,0.18823529411764706,0.1411764705882353,0.611764705882353,0.25176470588235295,0.25882352941176473,揚明光
72.0,73.80000305175781,70.19999694824219,73.19999694824219,562705.0,0.1385290863081199,71.93043212890625,0.035360680451375304,66.76184730529785,0.24067791437698616,65.12728226979574,0.018080603543455753,66.10864121119181,0.010942103428782782,60.00543254060013,479725.5,1.1729728771974806,0.09643456409321738,3530.TW,2026-06-24,0.07042960199025838,0.41358835371965186,bull,0.40370370370370373,0.26135310472659873,2026-03-31,2026-05-15,541943000.0,110894000.0,23483000.0,42509000.0,8278000.0,34231000.0,0.44,2398033000.0,279133000.0,2778295000.0,288417000.0,2489878000.0,1182498000.0,,,,0.1947352325389917,18910032.534286857,2499162000.0,0.0075665493210471,0.0137480631581145,0.0123208658547778,0.1158357959707262,0.204622995407266,0.043331125229037,0.0631634692209328,0.5639813572284027,,,45.71786081999293,45.71786081999293,False,74.72764063358228,74.72764063358228,67.47519568018495,421.0,True,False,False,True,True,True,True,True,False,False,False,True,True,True,False,False,False,9,False,0.12395288728622944,0.10726821194821134,1.0,35115905.13599396,0.562962962962963,1.0,3.0,,,,,,-0.028097770424995772,-0.12039941861755102,0.22396709897842434,-1.7538325951778095,0.5552941176470588,-1.7538325951778095,0.5252145487976646,-421.0,0.4823529411764706,0.4117647058823529,0.5882352941176471,0.49823529411764705,0.4823529411764706,晶相光
49.150001525878906,49.70000076293945,47.59999847412109,48.59999847412109,3695783.0,0.040685175163625464,48.87999954223632,0.07403311545018987,47.3474998474121,0.4839694190571324,40.01416664123535,0.5428570944165425,36.94958340326945,0.03446580223920976,48.83720700997635,5966564.2,0.6194156094054933,0.02645332131042699,3704.TW,2026-06-24,0.07042960199025838,0.41358835371965186,bull,0.2777777777777778,0.14087117701575533,2026-03-31,2026-05-15,6310208000.0,1515158000.0,115260000.0,112471000.0,-4740000.0,117068000.0,0.29,18987830000.0,11005308000.0,23813014000.0,11738856000.0,12074158000.0,2873308000.0,1672011000.0,,0.0,0.0,115260000.0,12807706000.0,0.0089992696584384,0.0096957485565453,0.0049161353535507,0.9722297819856258,0.240112211832003,0.0182656419566518,0.0185521618304816,-0.1030157436159499,,,23.73423412536793,23.73423412536793,False,65.34933068380838,65.34933068380838,54.94555654419826,792.0,True,False,True,True,True,True,True,False,True,True,True,True,False,True,False,False,False,11,False,0.2145698024868492,0.3153057219535731,1.0,289975011.0157455,0.3037037037037037,1.0,3.0,,,,,,-0.023531162640879136,-0.14930502608481633,0.3217162512358998,-1.2717598173574793,0.7705882352941177,-1.2717598173574793,0.7424541705882766,-792.0,0.21176470588235294,0.023529411764705882,0.8117647058823529,0.30176470588235293,0.2752941176470588,合勤控
636.0,659.0,618.0,653.0,35834274.0,0.10304054054054057,639.4,0.06873977086743044,601.0,0.818941504178273,515.1916666666667,1.9414414414414414,412.4625,0.036385583721331306,55.972696245733786,25804082.65,1.388705596941653,0.08652246256239593,3711.TW,2026-06-24,0.07042960199025838,0.41358835371965186,bull,0.2935185185185185,0.07506950880444857,2026-03-31,2026-05-15,173662152000.0,34849839000.0,17531793000.0,18200253000.0,3635258000.0,14147537000.0,3.24,337698528000.0,294501914000.0,957527444000.0,576383490000.0,381143954000.0,87811246000.0,40365151000.0,199142046000.0,1999351000.0,0.1997366739901912,14030050977.095484,663025530000.0,0.0211606496918685,0.0371186184419968,0.0147750720761586,1.5122461840231631,0.2006760747730455,0.1009534478186127,0.0814658625213857,0.1721790641369744,,,49.34794674627236,49.34794674627236,False,79.18123218541754,79.18123218541754,71.72291082563125,377.0,True,True,True,True,True,True,True,True,False,True,False,True,True,True,False,False,False,12,False,0.26748944567555744,0.5831742279601178,1.0,16850065970.449999,0.012962962962962963,3.0,3.0,,,,,,-0.12524348191380594,-0.29356328257767167,0.16632418077006073,-1.3310247408000528,0.25411764705882356,-1.3310247408000528,0.2267216771714266,-377.0,0.5294117647058824,0.5764705882352941,0.17647058823529413,0.47647058823529415,0.4729411764705882,日月光投控
56.0,59.09999847412109,56.0,57.900001525878906,1183392.0,0.052067656665021556,57.53379440307617,0.05272730047052554,53.24974174499512,0.39518075965973276,48.83158060709635,0.6286920609978153,44.43579025268555,0.0209648419982321,59.35688923316159,1901384.75,0.6223842912382672,0.08732924571077105,4952.TW,2026-06-24,0.07042960199025838,0.41358835371965186,bull,0.3509259259259259,0.17608897126969417,2026-03-31,2026-05-15,586800000.0,217186000.0,50714000.0,57361000.0,2716000.0,54645000.0,0.5,1968997000.0,498939000.0,2855009000.0,669784000.0,2185225000.0,875328000.0,135979000.0,,,0.0473492442600373,48312730.42659647,2356070000.0,0.0205056430524545,0.0250065782699722,0.0191400447424158,0.3065057373954627,0.3701192910702113,0.0864246762099522,0.0931237218813905,0.1151907683185478,,,59.13696523613547,59.13696523613547,False,75.52175645322367,75.52175645322367,71.42555864895162,276.0,True,True,True,True,True,True,True,True,False,False,True,True,False,True,False,False,False,11,False,0.18570811769842055,0.3030037543302073,1.0,110090179.92628288,0.4185185185185185,1.0,3.0,,,,,,-0.02771143870607016,-0.1430271717823605,0.260552753980919,-1.2731645412720771,0.7135294117647059,-1.2731645412720771,0.6837909164829747,-276.0,0.611764705882353,0.5647058823529412,0.7647058823529411,0.6347058823529412,0.6282352941176471,凌通
575.0,603.0,575.0,587.0,27062625.0,-0.059294871794871806,615.4,0.09446753460166457,550.5306915283203,1.7048623794058937,416.1450564066569,3.267237914821478,294.7757026672363,0.05767703525003972,62.92673766928821,26043880.8,1.0391164514928972,0.06624391524918938,4958.TW,2026-06-24,0.07042960199025838,0.41358835371965186,bull,0.22592592592592592,0.013901760889712697,2026-03-31,2026-05-15,40728186000.0,8811686000.0,2503378000.0,2400190000.0,352753000.0,1425634000.0,1.33,132303699000.0,83301038000.0,298402969000.0,123677759000.0,174725210000.0,82443029000.0,32052909000.0,19106770000.0,11406206000.0,0.1469687816381203,2135459585.3603256,215101931000.0,0.0099276634822972,0.0081592919533477,0.0047775462984753,0.7078415244142502,0.2163535100728522,0.061465492226931,0.035003621325045,0.0161248203146593,,,31.59280514295768,31.59280514295768,False,81.5801552673102,81.5801552673102,69.08331773622207,653.0,True,True,True,True,True,True,True,True,True,True,True,True,True,True,False,False,False,14,False,0.4105658374717869,0.9913445873883546,1.0,15287758029.6,0.016666666666666666,3.0,3.0,,,,,,-0.20232810235168977,-0.34481142712599633,0.12543460071256088,-1.804783597316732,0.041176470588235294,-1.804783597316732,0.050885979148316426,-653.0,0.29411764705882354,0.5176470588235295,0.023529411764705882,0.2535294117647059,0.3070588235294118,臻鼎-KY
38.79999923706055,40.20000076293945,38.59999847412109,38.84999847412109,3061856.0,0.02102494751908801,40.91000061035156,0.20652166315584197,35.227499866485594,0.3489583160866183,31.499166774749757,0.2928452399495416,30.976666673024496,0.06515987690728223,58.43372571080498,5126798.1,0.5972257811361833,0.10283155549968037,4976.TW,2026-06-24,0.07042960199025838,0.41358835371965186,bull,0.09907407407407408,0.19925857275254866,2026-03-31,2026-05-15,255023000.0,-36041000.0,-86075000.0,-69043000.0,-1135000.0,,-0.49,1541919000.0,276027000.0,2513042000.0,337040000.0,2176002000.0,819216000.0,,57046000.0,,0.0164390307489535,-84660010.42828383,2237015000.0,-0.0378450794600321,,,0.1548895635206217,-0.1413245079855542,-0.337518576755822,,0.009124831333072,,,25.456241566653603,25.456241566653603,False,82.76419387372074,82.76419387372074,68.43720579695396,760.0,True,True,True,True,True,True,True,True,True,False,True,True,False,True,False,False,False,12,False,0.23336590938855806,0.25416975571335265,1.0,199176098.36212686,0.3425925925925926,1.0,3.0,,,,,,-0.082392294760504,-0.1913041189006065,0.12241581008729749,-1.728547966239881,0.26294117647058823,-1.728547966239881,0.23303324258735475,-760.0,0.24705882352941178,0.47058823529411764,0.2235294117647059,0.24352941176470588,0.3094117647058824,佳凌
182.0,184.5,176.5,180.5,195131.0,-0.013661202185792365,186.4,0.17589576547231278,174.75,0.2801418439716312,162.15,0.3884615384615384,152.60833333333332,0.05366294844739226,63.46153846153846,320891.5,0.6080902735036608,0.03290414878397718,5288.TW,2026-06-24,0.07042960199025838,0.41358835371965186,bull,0.12268518518518519,0.2428174235403151,2026-03-31,2026-05-15,2061135000.0,478999000.0,298138000.0,346156000.0,100630000.0,249057000.0,3.59,4729511000.0,1996750000.0,8144719000.0,2033096000.0,6111623000.0,1527526000.0,170275000.0,,0.0,0.2907070800448352,211467172.5695929,6147969000.0,0.0343962652657475,0.0407513683353832,0.0305789555170657,0.3326605715044923,0.2323957431221147,0.1446474879132128,0.120834879811366,0.0892520430725782,,,70.01559901846518,70.01559901846518,False,75.25597851955858,75.25597851955858,73.94588364428523,163.0,True,True,True,True,True,True,True,True,True,False,True,True,False,True,True,False,False,12,False,0.1131668208448966,0.18276634085076182,1.0,57920915.75,0.4935185185185185,2.0,3.0,,,,,,-0.020059874976555654,-0.09633588550145536,0.21294382865409783,-1.5779533623925572,0.628235294117647,-1.5779533623925572,0.5522035850481207,-163.0,0.7529411764705882,0.7058823529411765,0.6352941176470588,0.7352941176470589,0.7152941176470589,豐祥-KY
61.29999923706055,64.30000305175781,60.79999923706055,62.400001525878906,4236201.0,0.08521741784137227,62.380000305175784,0.19540231061033175,55.28250007629394,0.5445544348781157,48.0783332824707,0.9024391151623403,42.864583269755045,0.04528480408969869,67.70073772652037,6345977.75,0.6675411050724217,0.12874782145818808,5471.TW,2026-06-24,0.07042960199025838,0.41358835371965186,bull,0.10648148148148148,0.12233549582947173,2026-03-31,2026-05-15,762695000.0,324634000.0,69170000.0,100354000.0,20035000.0,80319000.0,0.48,2907264000.0,471709000.0,4129482000.0,577986000.0,3551496000.0,1448788000.0,,,,0.1996432628495127,55360675.5086992,3657773000.0,0.0151350768647204,0.0226155400428439,0.019450139266862,0.1627443758911737,0.4256406558322789,0.0906915608467342,0.1053094618425451,0.2391711942393677,,,64.00671286733612,64.00671286733612,False,81.30190401924057,81.30190401924057,76.97810623126446,224.0,True,True,True,True,True,True,True,True,True,True,True,True,False,True,True,False,False,13,False,0.29788196190715,0.4557473038565132,1.0,395989021.2831936,0.275,1.0,3.0,,,,,,-0.049710033725210094,-0.2052101835256437,0.23734095270590028,-1.5365600120834124,0.4747058823529412,-1.5365600120834124,0.41544263201786846,-224.0,0.6823529411764706,0.8,0.4470588235294118,0.6470588235294117,0.6705882352941177,松翰
35.0,38.75,35.0,38.75,2707567.0,0.08848319272172867,35.90999908447266,0.08391608391608396,37.414999675750735,0.810747695829225,32.11833321253459,2.506787269785829,23.13708326816559,0.011899926227262537,46.47887248270223,2841413.65,0.9528943453903659,0.035680885629260084,6141.TW,2026-06-24,0.07042960199025838,0.41358835371965186,bull,0.2537037037037037,0.07692307692307693,2026-03-31,2026-05-15,492434000.0,34293000.0,-63612000.0,-77804000.0,15064000.0,-65599000.0,-0.58,1350221000.0,3615846000.0,5252579000.0,4716598000.0,535981000.0,92109000.0,1308939000.0,1003547000.0,,0.0,-63612000.0,1636733000.0,-0.0388652272545369,-0.1223905325002192,-0.0124889125894156,8.799935072325326,0.0696397892915598,-0.129178732581422,-0.1332137910867243,0.0266912966607733,,,4.52468916645619,4.52468916645619,False,68.43921910158363,68.43921910158363,52.46058661780177,1070.0,True,False,True,True,True,True,True,False,True,True,True,True,True,True,False,False,False,12,False,0.20647605663662905,0.6748005593823612,1.0,110104778.9375,0.41759259259259257,1.0,3.0,,,,,,-0.10082897057849578,-0.213726271809096,0.2925628479370394,-0.10532943438428274,0.5664705882352942,-0.10532943438428274,0.4860110093414661,-1070.0,0.011764705882352941,0.011764705882352941,0.5176470588235295,0.08764705882352941,0.11294117647058825,柏承
23.799999237060547,24.649999618530277,23.100000381469727,23.25,17193029.0,0.006493489872433145,24.070000076293944,0.25336932378678734,20.99250011444092,0.42201831544605883,18.92416672706604,0.5551839663296187,17.475,0.06995413011263495,64.42687639762295,19186465.25,0.8961019539542334,0.10753840053601471,6153.TW,2026-06-24,0.07042960199025838,0.41358835371965186,bull,0.07407407407407407,0.16126042632066728,2026-03-31,2026-05-15,1180166000.0,-102687000.0,-360714000.0,-355056000.0,864000.0,-355920000.0,-0.56,4873823000.0,3351720000.0,15425541000.0,6914052000.0,8511489000.0,2724425000.0,955889000.0,3356827000.0,,0.0,-360714000.0,12073821000.0,-0.0298757120881616,-0.0418164201351843,-0.0230734208933093,0.812319912532343,-0.0870106408759445,-0.3056468327337002,-0.3015846923229444,-0.0499135784479864,,,13.36382768753306,13.36382768753306,False,83.90016005595905,83.90016005595905,66.26607696385256,989.0,True,True,True,True,True,True,True,True,True,True,True,True,True,True,False,False,False,14,False,0.22858778065757535,0.33047210300429164,1.0,446085317.0625,0.262037037037037,0.0,3.0,,,,,,-0.10781561411690843,-0.25992522081662955,0.20379186311492425,-1.7763432434756474,0.22058823529411764,-1.7763432434756474,0.16848586348288594,-989.0,0.07058823529411765,0.35294117647058826,0.11764705882352941,0.0776470588235294,0.16470588235294117,嘉聯益
155.0,157.0,149.0,154.0,2157784.0,0.11594202898550732,153.3,0.1578947368421053,137.125,1.5752508689759277,101.81500002543132,1.3404254233676052,82.19583336512248,0.056229539765068455,66.66666666666666,3344615.1,0.6451516648358132,0.1230628988149498,6166.TW,2026-06-24,0.07042960199025838,0.41358835371965186,bull,0.1425925925925926,0.016682113067655237,2026-03-31,2026-05-15,3443841000.0,1293055000.0,417400000.0,440128000.0,100613000.0,342530000.0,1.57,9685113000.0,6814747000.0,14840413000.0,9041778000.0,5798635000.0,2371557000.0,1276966000.0,2103192000.0,,0.2285994074451068,321982607.3324124,8025666000.0,0.0401191137697995,0.0590707985586263,0.023080894042504,1.5592942132070735,0.3754688442352594,0.1212018789485345,0.0994616185822748,0.2873272036683791,,,76.55639090357866,76.55639090357866,False,84.00887309923455,84.00887309923455,82.14575255032057,106.0,True,True,True,True,True,True,True,True,True,True,False,True,False,True,True,False,False,12,False,0.5125472667242934,0.8735742883208679,1.0,515070725.40000004,0.24537037037037038,2.0,3.0,,,,,,-0.04687248436619272,-0.21412375696689046,0.23743721897314063,-0.9175061324854109,0.5570588235294118,-0.9175061324854109,0.5587218810311193,-106.0,0.8470588235294118,0.9411764705882353,0.6588235294117647,0.8188235294117647,0.8376470588235294,凌華
350.0,361.5,346.5,359.5,3762503.0,0.12168486739469575,348.6,0.28622540250447237,324.35,1.1209439528023597,243.65,1.7338403041825097,198.49166666666667,0.07963718066073067,61.33828996282528,5583754.3,0.6738303295329453,0.10837058732850302,6197.TW,2026-06-24,0.07042960199025838,0.41358835371965186,bull,0.06388888888888888,0.042632066728452274,2026-03-31,2026-05-15,2025886000.0,724668000.0,458448000.0,506606000.0,96522000.0,391675000.0,3.21,6657237000.0,3109326000.0,9069219000.0,4243979000.0,4825240000.0,2462563000.0,,,965928000.0,0.1905267604410528,371101387.7293202,5959893000.0,0.0622664513824862,0.0811721282257462,0.0431872909894446,0.8795373908862565,0.3577042340980687,0.2262950629995962,0.1933351629854789,0.2107817033776495,,,89.98012274352672,89.98012274352672,True,90.67253620602474,90.67253620602474,90.49943284040023,33.0,True,True,True,True,True,True,True,True,True,True,False,True,False,True,True,True,False,12,False,0.4754771188179765,0.8111591586548552,1.0,2007359670.85,0.11481481481481481,2.0,2.0,,,,,,-0.08636604799956349,-0.23566140874268193,0.16629404716057883,-1.7470362988689205,0.21764705882352942,-1.7470362988689205,0.17280416602275916,-33.0,0.9411764705882353,0.9882352941176471,0.1411764705882353,0.8211764705882352,0.7952941176470588,佳必琪
83.0,84.30000305175781,78.9000015258789,79.0,14893914.0,0.07776257450108659,81.96000061035156,0.23052965350901067,72.23000068664551,0.2908496571104553,65.82166697184245,0.4337568455125107,62.44750000635783,0.07581174139551476,51.4177695397614,13746572.6,1.0834638155550134,0.09372835731685347,6269.TW,2026-06-24,0.07042960199025838,0.41358835371965186,bull,0.08518518518518518,0.23632993512511585,2026-03-31,2026-05-15,5467013000.0,-75600000.0,-999753000.0,-981765000.0,-164328000.0,-829726000.0,-2.6,17426263000.0,6996989000.0,34912338000.0,12380381000.0,22531957000.0,3093415000.0,100000000.0,730035000.0,2916556000.0,0.1673801775373944,-832414165.3664573,27915349000.0,-0.0298192283165242,-0.036824408993857,-0.0237659821006545,0.549458753183312,-0.0138283922134445,-0.1828700608540715,-0.1517695311864083,0.0572209060440906,,,18.580859061451324,18.580859061451324,False,75.04242430567945,75.04242430567945,60.927032994622415,885.0,True,True,True,True,True,True,True,True,True,False,True,True,True,True,False,False,False,13,False,0.20021269035612632,0.26506265249941063,1.0,1085979235.3999999,0.15648148148148147,1.0,3.0,,,,,,-0.052162103954040175,-0.20577948812812516,0.21105995454710372,-1.7474112893919007,0.35647058823529415,-1.7474112893919007,0.29892950054395845,-885.0,0.1411764705882353,0.12941176470588237,0.27058823529411763,0.16058823529411764,0.16352941176470587,台郡
370.5,383.0,359.0,376.0,2029527.0,-0.09265773147347622,410.3382629394531,0.06818181818181812,393.1960906982422,1.4336569579288025,260.7570302327474,1.3281733746130029,214.36184844970703,0.06945128603654319,48.545581657853056,1531422.5,1.3252560935992517,-0.04373413445618235,6449.TW,2026-06-24,0.07042960199025838,0.41358835371965186,bull,0.2962962962962963,0.024096385542168676,2026-03-31,2026-05-15,1128235000.0,415123000.0,216692000.0,240119000.0,58463000.0,186006000.0,2.11,5034223000.0,3924300000.0,9837837000.0,4063555000.0,5774282000.0,1908235000.0,2250000000.0,25000000.0,,0.2434751102578305,163932891.40801018,5913537000.0,0.0277216311334502,0.0322128361586773,0.0189072049069322,0.7037333819165742,0.3679401897654301,0.1920628237911428,0.1648645893807584,0.2466423356857701,,,73.77806181220707,73.77806181220707,False,68.21916891921732,68.21916891921732,69.60889214246475,131.0,True,False,True,True,False,True,True,False,False,True,True,True,True,True,True,False,False,10,False,0.441955369964095,0.7540434677125676,1.0,575814860.0,0.23333333333333334,2.0,3.0,,,,,,-0.008595565258062364,-0.15352664943359967,0.31117827201098575,-1.2834572328400402,0.7576470588235295,-1.2834572328400402,0.684517303351601,-131.0,0.8,0.5411764705882353,0.7764705882352941,0.7964705882352942,0.7176470588235294,鈺邦
9405.0,9615.0,9005.0,9500.0,318550.0,-0.04474610356963293,9462.0,0.06681639528354855,9013.25,0.1663597298956414,9210.916666666666,2.7109375,6890.125,0.012724719101123596,66.84210526315789,381428.5,0.8351499691292077,0.054003827698111184,6515.TW,2026-06-24,0.07042960199025838,0.41358835371965186,bull,0.30185185185185187,0.3345690454124189,2026-03-31,2026-05-15,2980415000.0,1281756000.0,776696000.0,874028000.0,175477000.0,698551000.0,19.54,11332666000.0,4908751000.0,14312784000.0,7816016000.0,6496768000.0,3172211000.0,,0.0,2826897000.0,0.2007681676101909,620760167.2898351,9404033000.0,0.0660099945725238,0.1075228482839467,0.0488060883193654,1.2030621995429112,0.4300595722407785,0.2605999500069621,0.2343804470182843,0.2973516382442573,,,94.31341376511172,94.31341376511172,True,55.589309213801144,55.589309213801144,65.27033535162879,19.0,True,False,True,True,True,False,True,True,False,False,True,True,True,True,True,True,False,10,False,0.031384860355918365,0.37878485513688065,1.0,3623570750.0,0.06481481481481481,3.0,1.0,,,,,,-0.1261620080395692,-0.25144372196745496,0.12827498045656704,-1.3740780327094444,0.23294117647058823,-1.3740780327094444,0.33244352827482465,-19.0,0.9529411764705882,0.32941176470588235,0.3058823529411765,0.8558823529411764,0.636470588235294,穎崴
17.100000381469727,17.100000381469727,16.0,16.0,111955.0,0.10344827586206895,15.84000015258789,0.3502109269987683,13.63499994277954,0.17216120491897557,13.155000003178914,-0.09348439967092026,15.030833339691162,0.07765264060661596,70.35175624127015,142834.85,0.7838073131312141,0.17345068332566105,6645.TW,2026-06-24,0.07042960199025838,0.41358835371965186,bull,0.046296296296296294,0.3262279888785913,2026-03-31,2026-05-15,123596000.0,14404000.0,-42376000.0,-47338000.0,375000.0,-45795000.0,-0.76,387891000.0,355675000.0,1024358000.0,556505000.0,467853000.0,80895000.0,188000000.0,63445000.0,66916000.0,0.0,-42376000.0,668683000.0,-0.0633723303867453,-0.0978833095010612,-0.0447060500332891,1.189486868738685,0.116540988381501,-0.3428589922003948,-0.3705216997313829,0.2087628361858191,,,21.28182108935012,21.28182108935012,False,75.45541138914632,75.45541138914632,61.91201381419727,838.0,True,True,True,True,True,True,True,True,True,False,False,True,False,False,False,False,False,10,False,0.21626757857343892,0.06447857137432345,1.0,2285357.6,0.8972222222222223,0.0,3.0,,,,,,-0.04007343907602053,-0.14002208097727845,0.2574943400656561,-1.7370095923537976,0.5599999999999999,-1.7370095923537976,0.8589284049284049,-838.0,0.17647058823529413,0.18823529411764706,0.8823529411764706,0.2823529411764706,0.3211764705882353,金萬林-創
701.0,764.0,694.0,758.0,1351274.0,0.06760563380281681,724.2,0.1661538461538461,673.8,0.28474576271186436,644.9833333333333,0.2782462057335582,623.3583333333333,0.03557980481057401,66.96696696696696,908253.4,1.4877720248556185,0.12496289700207774,6691.TW,2026-06-24,0.07042960199025838,0.41358835371965186,bull,0.13425925925925927,0.24096385542168675,2026-03-31,2026-05-15,6977227000.0,1283352000.0,1098330000.0,1100675000.0,233735000.0,866940000.0,7.19,21151608000.0,15975842000.0,22175970000.0,16220137000.0,5955833000.0,7596288000.0,0.0,,,0.2123560542394439,865092974.9471915,6200128000.0,0.1395282444083721,0.1455615024800057,0.0390936676050698,2.723403594425834,0.1839343911270193,0.1574164062599654,0.1242528012919746,0.7680019541905503,,,72.9382876924978,72.9382876924978,False,82.38292941384691,82.38292941384691,80.02176898350963,138.0,True,True,True,True,True,True,True,True,True,False,True,True,True,True,True,False,False,13,False,0.17522416599912138,0.21599401093539017,1.0,688456077.2,0.20925925925925926,3.0,3.0,,,,,,0.0028204046392577564,-0.04745694702202344,0.4234336835209322,-0.852168047377138,0.9529411764705882,-0.852168047377138,0.9505351538359715,-138.0,0.7764705882352941,0.8823529411764706,1.0,0.81,0.8529411764705883,洋基工程
61.29999923706055,64.30000305175781,60.70000076293945,62.79999923706055,8516077.0,0.1134751336530555,60.05999984741211,0.13768112987461456,56.57500019073486,0.17823640029987953,52.88333358764648,-0.05847073297781347,57.73416652679443,0.02723558418294295,67.31707589389556,5478063.75,1.55457792910862,0.11003091516286267,6757.TW,2026-06-24,0.07042960199025838,0.41358835371965186,bull,0.15925925925925927,0.31881371640407785,2026-03-31,2026-05-15,5537922000.0,2253068000.0,1689426000.0,1668696000.0,333742000.0,,2.91,12967760000.0,11530974000.0,27907974000.0,20364319000.0,7543655000.0,12137944000.0,,0.0,,0.2000016779569196,1351537965.215953,16377000000.0,0.0825265900479912,,,2.699529472119284,0.4068435777896474,0.3050649684123395,,0.1964432856722493,,,74.5817906283807,74.5817906283807,False,79.02363176949115,79.02363176949115,77.91317148421354,125.0,True,True,True,True,True,True,True,True,True,False,False,True,True,True,True,False,False,12,False,0.18751967730965036,0.08774410396857579,1.0,344022399.32056904,0.28703703703703703,1.0,3.0,,,,,,0.06454910931656645,-0.019383799118272715,0.3570526995278314,-0.7543388080896914,0.9729411764705882,-0.7543388080896914,0.9494228522905175,-125.0,0.8117647058823529,0.8235294117647058,0.9764705882352941,0.8364705882352941,0.8482352941176471,台灣虎航
310.0,327.0,308.0,315.0,3076565.0,0.13105924596050267,309.3,0.08808290155440424,292.66096954345704,0.5789473684210527,255.69532318115233,0.726027397260274,223.32266159057616,0.015792526078441158,62.03737192998098,2556508.4,1.2034245614057049,0.07633074711462617,8016.TW,2026-06-24,0.07042960199025838,0.41358835371965186,bull,0.24444444444444444,0.11862835959221502,2026-03-31,2026-05-15,5328772000.0,1669417000.0,614352000.0,795608000.0,114691000.0,541690000.0,4.6,16315655000.0,7568958000.0,23295165000.0,7934322000.0,15360843000.0,6140979000.0,0.0,,,0.1441551618384933,525789988.014198,15726207000.0,0.0334339989302059,0.0352643406354716,0.0232533231681338,0.5165290733067189,0.3132836233188434,0.1152896014316244,0.1016538144247868,0.2299945941628962,,,70.50462844759238,70.50462844759238,False,81.60442247037102,81.60442247037102,78.82947396467637,160.0,True,True,True,True,True,True,True,True,True,True,False,True,True,True,True,False,False,13,False,0.23193492974774554,0.4105151611415887,1.0,805300146.0,0.19074074074074074,2.0,3.0,,,,,,-0.03261227974957648,-0.134242774437904,0.2454208670841368,-1.451340885627232,0.65,-1.451340885627232,0.6053030375988123,-160.0,0.7647058823529411,0.8588235294117647,0.7058823529411765,0.7558823529411763,0.7811764705882352,矽創
906.0,956.0,887.0,955.0,24624943.0,0.058758314855875904,897.4,0.03579175704989157,873.2,0.6783831282952548,819.4333333333333,3.072494669509595,603.9208333333333,0.0026409461476634153,55.23613963039014,17364556.8,1.4181152610816994,0.09367842418689865,8046.TW,2026-06-24,0.07042960199025838,0.41358835371965186,bull,0.4,0.10287303058387395,2026-03-31,2026-05-15,11177241000.0,1771445000.0,1352237000.0,1598197000.0,289571000.0,1308626000.0,2.03,25923065000.0,8163676000.0,62161816000.0,15455246000.0,46706570000.0,9657576000.0,,,,0.1811860490289995,1107230520.6191726,53998140000.0,0.0205049751828335,0.0280180282988025,0.0210519267969906,0.3309008989527597,0.1584867857819295,0.1209812868846614,0.1170795189975773,0.3214942908705003,,,61.16068715346135,61.16068715346135,False,75.31471412709234,75.31471412709234,71.77620738368459,249.0,True,True,True,True,True,True,True,True,False,True,True,True,True,True,True,False,False,13,False,0.16543953138347645,0.581333094155553,1.0,16583151744.0,0.013888888888888888,3.0,3.0,,,,,,-0.23586239311167223,-0.3792743277598421,0.15017550810930633,-1.852791376412631,0.041176470588235294,-1.852791376412631,0.037670381161857634,-249.0,0.6352941176470588,0.5882352941176471,0.011764705882352941,0.5417647058823528,0.49647058823529416,南電
58.70000076293945,59.70000076293945,57.0,57.79999923706055,17082780.0,0.04866967699328706,56.57999954223633,0.16649848894103458,56.78217830657959,0.2873050617547641,49.88405920664469,0.3166286384520429,47.18494640986125,0.051041486338327925,45.29274784580388,16623889.6,1.0276042737916162,0.0179250067685941,8070.TW,2026-06-24,0.07042960199025838,0.41358835371965186,bull,0.13240740740740742,0.2381835032437442,2026-03-31,2026-05-15,5422396000.0,1004058000.0,657730000.0,750657000.0,152248000.0,362396000.0,0.51,26759286000.0,10365387000.0,43046000000.0,20605742000.0,22440258000.0,7447009000.0,3020106000.0,9600974000.0,,0.2028196633082752,524329422.8522481,32680613000.0,0.0160440510357699,0.0161493686926415,0.0084188077870185,0.9182488900083056,0.1851686966425912,0.1212987764080675,0.066833185920025,0.2039412318869702,,,46.00824904913665,46.00824904913665,False,66.7969763756638,66.7969763756638,61.599794544032015,413.0,True,False,True,True,True,True,True,False,True,False,True,True,True,True,False,False,False,11,False,0.15868676599921572,0.22496693617057595,1.0,960860806.1969787,0.1638888888888889,1.0,3.0,,,,,,-0.04065350185203775,-0.16971320368509485,0.23699474010624713,-1.6680062435252212,0.49058823529411766,-1.6680062435252212,0.4335209848891923,-413.0,0.49411764705882355,0.17647058823529413,0.4823529411764706,0.49235294117647055,0.39647058823529413,長華*
21.149999618530277,23.5,21.100000381469727,23.5,36324061.0,0.08294927068088831,22.21999969482422,0.41566261807033533,20.582499980926514,0.8146718413993193,16.379166666666666,1.1266967958701155,14.606249984105428,0.07256382847368888,60.740737810383855,22950139.05,1.5827381664600415,0.14174663047623404,8105.TW,2026-06-24,0.07042960199025838,0.41358835371965186,bull,0.03611111111111111,0.07599629286376275,2026-03-31,2026-05-15,2127313000.0,184229000.0,11272000.0,193328000.0,3672000.0,189656000.0,0.43,5147644000.0,2542344000.0,10820597000.0,2769008000.0,8051589000.0,2373786000.0,,27742000.0,,0.0189936274104113,11057903.831829844,8278253000.0,0.0013357774680031,0.023555101980491,0.0175273138811102,0.343908264567404,0.0866017365568677,0.0052987031057488,0.0891528421064507,0.0389918719517377,,,32.04706238803459,32.04706238803459,False,96.58484163266613,96.58484163266613,80.45039682150825,648.0,True,True,True,True,True,True,True,True,True,True,True,False,True,True,False,False,False,13,False,0.4347494276265582,0.608900301280122,1.0,539328267.6750001,0.24166666666666667,0.0,3.0,,,,,,-0.11046924291532793,-0.2709040088274792,0.1914127845032062,-1.564899354721616,0.24176470588235294,-1.564899354721616,0.2313835466813156,-648.0,0.3058823529411765,0.9058823529411765,0.2,0.29000000000000004,0.4647058823529412,凌巨
103.0,106.0,98.4000015258789,103.0,37139083.0,0.08879494356627093,104.48000030517578,0.2060889714245231,99.25500030517578,0.7606837606837606,81.72666714986165,1.304250519955176,70.07500022252401,0.06479643551481125,54.91803090738728,59983465.65,0.6191553388512823,0.03773109347951831,8150.TW,2026-06-24,0.07042960199025838,0.41358835371965186,bull,0.1,0.08804448563484708,2026-03-31,2026-05-15,6935628000.0,955465000.0,519677000.0,598149000.0,93257000.0,504892000.0,0.72,24338841000.0,9986027000.0,44831224000.0,20223938000.0,24607286000.0,12386933000.0,2903639000.0,9181032000.0,,0.1559093135656834,438654515.6541263,34845197000.0,0.0125886651079667,0.0205179880463046,0.0112620614596648,0.8218678809194968,0.1377618580465965,0.0749286149718525,0.0727968685748428,0.2536536129791198,,,43.57847362995483,43.57847362995483,False,76.18540221285232,76.18540221285232,68.03367006712796,454.0,True,True,True,True,True,True,True,True,True,True,True,True,False,True,False,False,False,13,False,0.2602985487115188,0.4698537234808742,1.0,6178296961.95,0.03888888888888889,2.0,3.0,,,,,,-0.051829369685864754,-0.2162554750652933,0.2365338137742429,-1.614209011121216,0.4111764705882353,-1.614209011121216,0.3839317946603001,-454.0,0.43529411764705883,0.4235294117647059,0.38823529411764707,0.42823529411764705,0.4223529411764706,南茂
82.19999694824219,83.80000305175781,80.80000305175781,81.9000015258789,8454176.0,0.0664062274930386,80.3,0.1921398131586738,73.45000038146972,0.8107211563195531,57.28000011444092,1.0373134321276645,50.506465975443525,0.06410720717921099,69.10299584362626,13967591.9,0.6052708341228097,0.11504426277090918,8926.TW,2026-06-24,0.07042960199025838,0.41358835371965186,bull,0.10925925925925926,0.0778498609823911,2026-03-31,2026-05-15,13705478000.0,1167742000.0,1158449000.0,2000219000.0,215282000.0,1543873000.0,2.11,25838478000.0,15258593000.0,79198716000.0,50673668000.0,28525048000.0,9791059000.0,,27061536000.0,6097731000.0,0.1076292146010012,1033766043.9746848,63940123000.0,0.0161677206028315,0.0541234146214232,0.019493661993207,1.776462146531708,0.0852025737446005,0.0845245236977506,0.1126464177316544,5.978828992827919,,,50.60223107136166,50.60223107136166,False,80.35966888009793,80.35966888009793,72.92030942791386,358.0,True,True,True,True,True,True,True,True,True,True,True,True,False,True,False,False,False,13,False,0.4298184595364729,0.6215745834543058,1.0,1143945797.922854,0.1527777777777778,1.0,3.0,,,,,,-0.08487740827329243,-0.21901430836475363,0.21827787236313548,-1.254279059490086,0.43647058823529417,-1.254279059490086,0.40051834223264954,-358.0,0.5529411764705883,0.6352941176470588,0.4117647058823529,0.5317647058823529,0.5494117647058824,台汽電
70.0,74.4000015258789,68.80000305175781,70.30000305175781,6313692.0,0.14495116131434838,69.34000091552734,0.1795302827446006,61.11500015258789,0.7104624248592788,49.50666675567627,0.5282609359077786,46.91708332697551,0.041141402916011115,60.47059003044578,4187383.95,1.5077891292963475,0.1502904831258678,6742.TW,2026-06-24,0.07042960199025838,0.41358835371965186,bull,0.12037037037037036,0.0963855421686747,2026-03-31,2026-05-15,85699000.0,-7604000.0,-30773000.0,-23739000.0,717000.0,-24456000.0,-0.35,1026905000.0,385812000.0,1661168000.0,423370000.0,1237798000.0,729435000.0,275000000.0,23356000.0,,0.0,-30773000.0,1275356000.0,-0.0241289490934295,-0.0197576664366883,-0.0147221713878427,0.3420348069717353,-0.0887291566996114,-0.3590823696892612,-0.2853708911422537,-0.429430289149728,,,14.063307899620447,14.063307899620447,False,92.62259311263689,92.62259311263689,72.98277180938278,982.0,True,True,True,True,True,True,True,True,True,True,False,True,True,False,False,False,False,12,False,0.4200108320501592,0.49838817903111265,1.0,294373104.4638817,0.30092592592592593,1.0,3.0,,,,,,-0.11762488716275629,-0.27181686720613335,0.1366475355137548,-1.6726914419860264,0.15176470588235297,-1.6726914419860264,0.1834692759866033,-982.0,0.10588235294117647,0.6470588235294118,0.15294117647058825,0.11294117647058824,0.2776470588235294,澤米
17.0,17.399999618530273,16.649999618530273,17.25,2545652.0,0.10932474523556901,16.85,0.3476562299183572,15.115000009536743,0.2321428571428572,14.270833333333334,0.055045846943850174,15.297916666666667,0.058102902987281865,76.36362375307125,3622325.45,0.7027673341720303,0.14125041277645978,6901.TW,2026-06-24,0.07042960199025838,0.41358835371965186,bull,0.04722222222222222,0.2715477293790547,2026-03-31,2026-05-15,-336282000.0,-336282000.0,-368333000.0,-355932000.0,,,-0.42,3753329000.0,61616000.0,8991685000.0,124302000.0,8867383000.0,2733439000.0,,,,,-294666400.0,8930069000.0,-0.0329971022620317,,,0.0140178900584309,,,,-0.3844968362944836,,,33.33333333333333,33.33333333333333,False,76.79464009885697,76.79464009885697,65.92931340747606,622.0,True,True,True,True,True,True,True,False,True,False,False,True,False,True,False,False,False,10,False,0.20875912408759123,0.12760452131281497,1.0,62485114.0125,0.49074074074074076,0.0,3.0,,,,,,-0.0269783826192546,-0.1625898413547757,0.19880189615679672,-1.5735629376509164,0.5105882352941176,-1.5735629376509164,0.5105882352941176,-622.0,0.32941176470588235,0.3411764705882353,0.5647058823529412,0.36470588235294116,0.38,鑽石投資
1040.0,1045.0,989.0,999.0,697222.0,0.0010020040080160886,1039.8,0.050473186119873725,965.05,0.2857142857142858,925.6166666666667,0.46266471449487545,828.675,0.031422006092021566,62.6865671641791,798329.3,0.8733513851990651,0.035179524376975246,6944.TW,2026-06-24,0.07042960199025838,0.41358835371965186,bull,0.36018518518518516,0.24003707136237257,2026-03-31,2026-05-15,4706862000.0,1277717000.0,1059601000.0,1065706000.0,292637000.0,773069000.0,10.08,14742669000.0,8305817000.0,17618791000.0,8758959000.0,8859832000.0,7117376000.0,1066667000.0,108500000.0,,0.2745944941663085,768640399.3868853,9312974000.0,0.0825343654333068,0.0872554919777259,0.0438775282594588,0.9886145696667836,0.2714583516576436,0.2251183484878035,0.1642429712194663,0.5484097000990853,,,89.06912245037437,89.06912245037437,True,69.25118117604518,69.25118117604518,74.20566649462748,38.0,True,False,True,True,True,True,True,True,False,False,True,True,True,True,True,True,False,11,False,0.07928047968021312,0.20553896280206363,1.0,797530970.7,0.1925925925925926,3.0,2.0,,,,,,-0.04297619440869164,-0.10243823700777907,0.3177282044412528,-1.1087167419637163,0.7752941176470588,-1.1087167419637163,0.7576642440520699,-38.0,0.9294117647058824,0.7176470588235294,0.8470588235294118,0.9170588235294118,0.8494117647058824,兆聯實業
29.450000762939453,31.950000762939453,29.0,31.950000762939453,546268.0,0.14107145581926628,29.2,0.21946564246416034,28.03750009536743,0.168190139572588,27.608333492279055,0.2554027428347021,26.5354167620341,0.027296875617940166,75.00001135326872,127703.35,4.277632497503002,0.13954527523010074,2432.TW,2026-06-24,0.07042960199025838,0.41358835371965186,bull,0.09166666666666666,0.33271547729379053,2026-03-31,2026-05-15,950969000.0,103864000.0,18274000.0,20907000.0,4695000.0,16212000.0,0.26,1474029000.0,593217000.0,1716970000.0,616736000.0,1100234000.0,920685000.0,,,,0.224565934854355,14170282.106471518,1123753000.0,0.0126097835613978,0.0147350472717621,0.0094422150649108,0.5605498466689813,0.1092191228105227,0.019216188960944,0.0170478743260821,0.2580852139079173,,,37.70323749345623,37.70323749345623,False,73.93211306765524,73.93211306765524,64.87489417410549,562.0,True,False,True,True,True,True,True,False,True,False,False,True,False,True,False,False,False,9,False,0.15725930258972665,0.20405121387248548,1.0,4080122.1299299244,0.837037037037037,1.0,3.0,,,,,,0.0017070906579924267,-0.05562437986365109,0.2456167900998194,-1.268720730458469,0.8052941176470587,-1.268720730458469,0.7336569152062671,-562.0,0.38823529411764707,0.3176470588235294,0.8,0.45,0.4494117647058824,倚天酷碁-創
834.0,860.0,809.0,860.0,172420.0,0.05651105651105648,877.0,0.28742514970059885,735.3,0.4853195164075994,713.7166666666667,1.3056300268096517,609.2708333333334,0.07539305301645331,76.59574468085107,251893.35,0.684496037708022,0.16959064327485396,6949.TW,2026-06-24,0.07042960199025838,0.41358835371965186,bull,0.06296296296296296,0.13901760889712697,2026-03-31,2026-05-15,6368000.0,-1205000.0,-88755000.0,-87174000.0,0.0,-76584000.0,-1.18,2495035000.0,259818000.0,3291024000.0,368950000.0,2922074000.0,2248325000.0,100000000.0,,,-0.0,-88755000.0,3031206000.0,-0.0292804250189528,-0.026208781844676,-0.0232705686740661,0.1262630583619716,-0.1892273869346733,,,-0.4668452779638312,,,16.666666666666664,16.666666666666664,False,79.63567088868294,79.63567088868294,63.89341983317887,923.0,True,True,True,True,True,True,True,False,True,True,True,True,False,False,False,False,False,11,False,0.20495995142797097,0.41152333732261925,1.0,216628281.0,0.337037037037037,3.0,3.0,,,,,,-0.1477250136422361,-0.34520852371482685,0.07983331319343798,-1.7552629327383213,0.06294117647058824,-1.7552629327383213,0.0532205149036184,-923.0,0.11764705882352941,0.2823529411764706,0.03529411764705882,0.10529411764705882,0.15058823529411763,沛爾生醫-創
275.5,278.5,263.0,265.0,1899561.0,-0.03284671532846717,278.4,0.3910761154855642,237.85,0.7905405405405406,190.99166666666667,0.9776119402985075,173.77083333333334,0.10281673814767582,69.27536231884058,3116095.2,0.6095965874213342,0.11414757199915915,7788.TW,2026-06-24,0.07042960199025838,0.41358835371965186,bull,0.03888888888888889,0.08155699721964782,2026-03-31,2026-05-15,1857129000.0,500235000.0,178905000.0,229341000.0,52857000.0,177273000.0,2.22,6568822000.0,3373457000.0,11007682000.0,5034895000.0,5972787000.0,2088365000.0,643000000.0,1079805000.0,,0.2304733998718066,137672156.39593443,7634225000.0,0.0180335471375201,0.0296801141577625,0.0161044804891711,0.842972468296626,0.2693593175272153,0.0963341803396533,0.0954554045518647,0.1444346257089825,,,52.52291879760674,52.52291879760674,False,82.11185904850475,82.11185904850475,74.71462398578025,330.0,True,True,True,True,True,True,True,True,True,True,True,True,False,True,False,False,False,13,False,0.3874950914088746,0.5249970027574631,1.0,825765228.0,0.18796296296296297,2.0,3.0,,,,,,-0.05924085506359833,-0.19324075291746404,0.3174978545029569,-1.4623235876725813,0.5770588235294118,-1.4623235876725813,0.5169123419781856,-330.0,0.5764705882352941,0.7647058823529411,0.5764705882352941,0.5764705882352941,0.6329411764705881,松川精密
38.79999923706055,40.09999847412109,38.5,39.900001525878906,4710765.0,0.0783784196183488,39.28000030517578,0.03100777104088892,37.26749992370605,0.1769911424758983,36.263333257039385,0.019157087375954118,36.29833331108093,0.0014780062005937758,54.77706867084809,4697879.35,1.0027428652462096,0.07063799845876728,6962.TW,2026-06-24,0.07042960199025838,0.41358835371965186,bull,0.425,0.3215940685820204,2026-03-31,2026-05-15,3917703000.0,1070692000.0,147132000.0,281092000.0,1797000.0,279295000.0,0.58,12445934000.0,4725736000.0,25721147000.0,5358866000.0,20362281000.0,3075022000.0,0.0,,,0.0063929247363852,146191396.19768617,20995411000.0,0.006963016641955,0.0137162923937647,0.0108585748528244,0.263176114699527,0.2732958572918876,0.0375556799481737,0.0712904985395779,-0.1437178924508573,,,32.85920203095255,32.85920203095255,False,63.205137223896386,63.205137223896386,55.61865342566043,634.0,True,False,False,True,True,True,True,True,False,False,True,True,True,True,False,False,False,10,False,0.10028499705369964,0.09922406585259047,1.0,187445393.23339498,0.3490740740740741,1.0,3.0,,,,,,-0.03712104412948265,-0.14423230555825395,0.13954687449737044,-1.6868384070022153,0.4241176470588236,-1.6868384070022153,0.34009633138879203,-634.0,0.3176470588235294,0.047058823529411764,0.3176470588235294,0.3176470588235294,0.2364705882352941,奕力-KY
