Open,High,Low,Close,Volume,ret5,ma5,ret20,ma20,ret60,ma60,ret120,ma120,ma20_slope,rsi14,volume_ma20,volume_ratio,ma20_deviation,symbol,date,benchmark_ret20,benchmark_ret60,market_regime,rs20_rank_pct,rs60_rank_pct,period_date,as_of_date,revenue,gross_profit,operating_income,pretax_income,tax_expense,net_income_parent,eps,current_assets,current_liabilities,assets,liabilities,equity,cash,short_borrowings,long_borrowings,bonds_payable,tax_rate,nopat,invested_capital_proxy,roic_proxy,roe,roa,debt_to_equity,gross_margin,operating_margin,net_margin,revenue_growth,pe,pb,eva_like_score,fundamental_score,fundamental_pass,technical_score,score,final_score,fundamental_rank,pass_market,pass_score,pass_rs20,pass_rs60,pass_close_ma20,pass_ma20_ma60,pass_ma20_slope,pass_rsi,pass_ret20_benchmark,pass_ret60_benchmark,pass_ret5_cap,pass_ret20_cap,pass_volume_ratio,pass_ma20_deviation,pass_fundamental_score,pass_fundamental_filter,pass_fundamental_universe,entry_pass_count,entry_all_pass,close_ma60_ratio,close_ma120_ratio,above_ma120,turnover20,liquidity_rank,price_bucket,eva_rank_bucket,forward_60d_return,forward_60d_max_drawdown,reward_60,fwd60_rank_label,top_quantile_60,reg_forward60,reg_reward60,cls_topq60,rank_forward60,ensemble_score,ranker_score,stable_ensemble_score,fundamental_rank_score,fundamental_score_rank,final_score_rank,stable_ml_rank,fund_ml_85_15,fund_final_ml,name
25.299999237060547,25.399999618530277,24.649999618530277,24.799999237060547,43506941.0,0.020576132333265162,24.57999954223633,0.031185032174315674,24.45749988555908,0.035490540586386565,23.99611218770345,-0.011952236647400971,24.147222757339478,0.006481484672024179,60.27396830771739,54771145.05,0.7943405411788083,0.014003857839275602,1101.TW,2026-09-02,0.028901733254324657,0.0318840874565971,bull,0.3803339517625232,0.2717996289424861,2026-03-31,2026-05-15,33168148000.0,6208390000.0,2792191000.0,2132735000.0,927996000.0,718189000.0,0.1,184722314000.0,82516661000.0,597615286000.0,292869670000.0,304745616000.0,97044326000.0,5704442000.0,70674580000.0,98473452000.0,0.4,1675314600.0,515098625000.0,0.0032524152049522,0.0023566836150975,0.0012017580822054,0.961029969336786,0.1871792781435972,0.0841829034289162,0.021652972604922,-0.0511527050022949,,,23.33964555046912,23.33964555046912,False,67.15527699652111,67.15527699652111,56.201369135008115,803.0,True,False,True,True,True,True,True,True,True,True,True,True,False,True,False,False,False,12,False,0.033500720577937626,0.027033190784752303,1.0,1358324355.4529324,0.09833024118738404,0.0,3.0,,,,,,0.0019257966774307792,-0.057396758767740114,0.15228743704832368,-2.0063330797174004,0.24541284403669728,-2.0063330797174004,0.2616484042607505,-803.0,0.24770642201834864,0.14678899082568808,0.1926605504587156,0.23944954128440366,0.20642201834862386,台泥
75.69999694824219,76.5999984741211,75.5,76.5999984741211,7491992.0,-0.014156995074965484,76.35999755859375,0.04644811021348749,76.39499931335449,0.033738192327670724,76.04281756083171,0.09272468104831155,74.00307540893554,0.008115589736970205,51.76467737114638,12895756.25,0.5809656955946263,0.002683410728570701,1216.TW,2026-09-02,0.028901733254324657,0.0318840874565971,bull,0.3116883116883117,0.27736549165120594,2026-03-31,2026-05-15,175017371000.0,59125238000.0,10253052000.0,13286190000.0,3522350000.0,6544541000.0,1.15,241807588000.0,273723981000.0,749062049000.0,525351793000.0,223710256000.0,107370831000.0,48103130000.0,39421781000.0,54500000000.0,0.2651136255013664,7534828211.825964,475338068000.0,0.0158515143622495,0.0292545416424716,0.0087369811469383,2.348358105673975,0.3378249693854674,0.0585830534501629,0.0373936653407963,0.033984250237258,,,36.04802884719801,36.04802884719801,False,58.938830918784724,58.938830918784724,53.21613040088805,591.0,True,False,True,True,True,True,True,True,True,True,True,True,False,True,False,False,False,12,False,0.007327199743008661,0.03509209652213974,1.0,987814909.0726376,0.11781076066790352,1.0,3.0,,,,,,0.05505487154815834,0.02618139594563379,0.20185981617550444,-0.6362264319938914,0.7422018348623853,-0.6362264319938914,0.7332584306716177,-591.0,0.44036697247706424,0.09174311926605505,0.8715596330275229,0.5050458715596331,0.42201834862385323,統一
157.0,157.0,156.0,156.5,90262.0,-0.006349206349206327,156.8,0.026229508196721207,155.9,0.10682309957786673,151.2332613627116,0.043333333333333224,149.71927744547526,0.005157962604771189,58.33333333333333,158646.8,0.5689493894613695,0.0038486209108401503,1232.TW,2026-09-02,0.028901733254324657,0.0318840874565971,bull,0.3979591836734694,0.15769944341372913,2026-03-31,2026-05-15,5894059000.0,806895000.0,480031000.0,487266000.0,97456000.0,372297000.0,2.33,7651568000.0,2814803000.0,10506118000.0,3994796000.0,6511322000.0,3420506000.0,220000000.0,,,0.2000057463479906,384022041.5748277,7691315000.0,0.0499293087820259,0.0571768682304453,0.0354362096447041,0.6135153506461515,0.1368997154592446,0.0814431955974651,0.0631647901726128,0.0920647302197261,,,64.65049610002629,64.65049610002629,False,66.4764938507264,66.4764938507264,66.01999441305136,215.0,True,False,True,True,True,True,True,True,False,True,True,True,False,True,True,False,False,11,False,0.03482526654408957,0.04528957573278536,1.0,24828224.2,0.5037105751391465,2.0,3.0,,,,,,0.027738358229302314,-0.0031191569221613357,0.14945867462279855,-1.380985373101237,0.5036697247706422,-1.380985373101237,0.4420981031627501,-215.0,0.7522935779816514,0.5412844036697247,0.3761467889908257,0.6958715596330275,0.6137614678899082,大統益
69.0,70.5999984741211,65.5,66.80000305175781,53402433.0,0.11148094422201571,65.32000045776367,0.19285719735281814,59.464999771118165,0.4665203989160063,57.20906454722087,0.444324390308277,52.78286568323771,0.04618226970643416,69.9570854799871,32089834.1,1.664154225091491,0.12334992531526456,1301.TW,2026-09-02,0.028901733254324657,0.0318840874565971,bull,0.0686456400742115,0.022263450834879406,2026-03-31,2026-05-15,41985122000.0,1555468000.0,-1301844000.0,3378716000.0,110089000.0,3268627000.0,0.51,175217601000.0,95826345000.0,593528010000.0,203311522000.0,390216488000.0,10197694000.0,31910508000.0,18393084000.0,43127284000.0,0.0325830877765399,-1259425902.676638,497701665000.0,-0.0025304836034186,0.008376445128582,0.0055071149885579,0.521022376686451,0.0370480762209051,-0.0310072696704323,0.0778520305359598,-0.110526237291801,,,17.23451320303393,17.23451320303393,False,86.89710878448692,86.89710878448692,69.48145988912367,909.0,True,True,True,True,True,True,True,True,True,True,False,True,True,True,False,False,False,13,False,0.16764718284495794,0.2655622650850413,1.0,2143601015.810402,0.07142857142857142,1.0,3.0,,,,,,-0.005493702371428705,-0.0802094945954911,0.19034224380901912,-1.7907508715205183,0.27889908256880735,-1.7907508715205183,0.29643136311530804,-909.0,0.1743119266055046,0.6697247706422018,0.22018348623853212,0.1811926605504587,0.33211009174311923,台塑
240.0,248.0,232.0,237.5,127640256.0,0.1473429951690821,232.5,0.3418079096045197,201.55,1.3941532994594357,178.15351371765138,2.064516129032258,133.05009009043377,0.0937457604124271,66.66666666666666,105697827.6,1.2075958314208532,0.17836765070702043,1303.TW,2026-09-02,0.028901733254324657,0.0318840874565971,bull,0.02411873840445269,0.0027829313543599257,2026-03-31,2026-05-15,68596393000.0,8188671000.0,3741833000.0,16080166000.0,1405348000.0,14254717000.0,1.8,193418745000.0,131197270000.0,647743623000.0,247168932000.0,400574691000.0,42831248000.0,24400300000.0,40333444000.0,51357530000.0,0.0873963614554725,3414810410.6259847,516546353000.0,0.0066108499088096,0.0355856655956329,0.0220067268805825,0.6170358176722652,0.1193746586646327,0.054548538725644,0.207805634911445,0.046448302712712,,,40.56631725411971,40.56631725411971,False,89.64053352955158,89.64053352955158,77.37197946069361,501.0,True,True,True,True,True,True,True,True,True,True,False,True,True,False,False,False,False,12,False,0.3331199314788962,0.7850420081532596,1.0,25103234055.0,0.00463821892393321,2.0,3.0,,,,,,-0.1890394339096058,-0.2566680626737588,0.09578873382244382,-1.8760946471896065,0.03256880733944954,-1.8760946471896065,0.1035948803490088,-501.0,0.5504587155963303,0.8073394495412844,0.045871559633027525,0.4747706422018349,0.526605504587156,南亞
14.699999809265137,15.050000190734863,14.449999809265137,14.600000381469728,1940914.0,0.035460991948418785,14.29000015258789,0.12307695242074823,13.760000038146973,0.08955229829111544,13.881723769505818,-0.048859933639180064,14.479611873626709,0.03032572208873604,65.62500558793747,1780009.6,1.0903952428121735,0.06104653640944879,1308.TW,2026-09-02,0.028901733254324657,0.0318840874565971,bull,0.1345083487940631,0.18181818181818182,2026-03-31,2026-05-15,1301918000.0,73711000.0,13526000.0,-115776000.0,4459000.0,-120235000.0,-0.2,2732713000.0,1008062000.0,12537553000.0,1505156000.0,11032397000.0,726414000.0,,295229000.0,,0.0,13526000.0,11529491000.0,0.0011731654068683,-0.0108983569028561,-0.009589989370334,0.1364305508585305,0.0566172370302891,0.0103892871901302,-0.0923522065137743,-0.1515061063473556,,,14.704701931024411,14.704701931024411,False,67.12090495057078,67.12090495057078,54.01685419568418,962.0,True,False,True,True,True,False,True,True,True,True,True,True,True,True,False,False,False,12,False,0.05174260948353959,0.00831434633011785,1.0,25988140.83901978,0.4972170686456401,0.0,3.0,,,,,,0.00322221366389761,-0.04717162315245809,0.1269797344805118,-1.9800373291091675,0.24587155963302754,-1.9800373291091675,0.30174967827118276,-962.0,0.13761467889908258,0.11009174311926606,0.22935779816513763,0.15137614678899083,0.14770642201834863,亞聚
12.25,12.399999618530272,11.949999809265137,12.050000190734863,2254425.0,0.012605090505298566,12.069999885559081,0.09545456279407838,11.72999997138977,0.12544282775577953,11.830395126342774,-0.03599998474121091,11.744888647397358,0.03302509482046497,51.72414586887692,3193008.15,0.7060504997458275,0.02728049617438999,1313.TW,2026-09-02,0.028901733254324657,0.0318840874565971,bull,0.17068645640074212,0.1326530612244898,2026-03-31,2026-05-15,14431164000.0,896155000.0,195198000.0,172691000.0,70351000.0,102340000.0,0.08,19273009000.0,8329694000.0,54586668000.0,25914554000.0,28672114000.0,2987238000.0,4703421000.0,14008019000.0,2998655000.0,0.4,117118800.0,46256974000.0,0.0025319165927282,0.0035693217458608,0.0018748167592863,0.9038243221270674,0.0620985944030571,0.0135261438370459,0.0070915970465029,-0.0083447619882685,,,16.79868265460239,16.79868265460239,False,58.83645445856466,58.83645445856466,48.32701150757409,922.0,True,False,True,True,True,False,True,True,True,True,True,True,False,True,False,False,False,11,False,0.018562783579653575,0.025978240620026405,1.0,38475748.81651797,0.44805194805194803,0.0,3.0,,,,,,-0.00662643709425572,-0.04244123321663152,0.1357761160786385,-1.9847394576660942,0.2353211009174312,-1.9847394576660942,0.24442891607203535,-922.0,0.1651376146788991,0.027522935779816515,0.1834862385321101,0.16788990825688074,0.12752293577981652,聯成
8.300000190734863,8.329999923706055,8.140000343322754,8.220000267028809,16912931.0,0.02878604536911733,8.17400016784668,0.04846940140881051,7.921500015258789,0.05655527575253094,8.189333327611287,-0.06802714836231838,7.935416638851166,0.017860589100281238,67.07319980717152,22687628.95,0.7454693056411257,0.0376822888588062,1314.TW,2026-09-02,0.028901733254324657,0.0318840874565971,bull,0.3033395176252319,0.22634508348794063,2026-03-31,2026-05-15,4092344000.0,-291527000.0,-647288000.0,-263196000.0,25000.0,-263381000.0,-0.07,57442349000.0,37332389000.0,128112754000.0,51812243000.0,76300511000.0,1367909000.0,14373487000.0,4356642000.0,,0.0,-647288000.0,90780365000.0,-0.0071302643473618,-0.0034518903811797,-0.0020558530807947,0.679054993484906,-0.0712371687228639,-0.1581704763822396,-0.0643594477883579,-0.3721140502220507,,,12.28013230960367,12.28013230960367,False,56.633378336532246,56.633378336532246,45.5450668298001,1005.0,True,False,True,True,True,False,True,True,True,True,True,True,False,True,False,False,False,11,False,0.003744741872226065,0.035862468365472244,1.0,186492316.02725053,0.26437847866419295,0.0,3.0,,,,,,0.03437288118322252,-0.014160076565470575,0.1560977532711234,-1.8647356516038187,0.3857798165137615,-1.8647356516038187,0.4957607387270825,-1005.0,0.08256880733944955,0.01834862385321101,0.5137614678899083,0.14724770642201834,0.14954128440366973,中石化
25.25,26.600000381469727,25.25,25.350000381469727,25480136.0,0.05845518132674532,24.979999923706053,0.12168141387531972,24.12374715805054,0.01807232007363413,25.04791568120321,0.6044303845220833,21.503124499320982,0.03641050616714198,51.508031289873074,15189943.15,1.6774345860537339,0.05083178891675466,1409.TW,2026-09-02,0.028901733254324657,0.0318840874565971,bull,0.13543599257884972,0.3181818181818182,2026-03-31,2026-05-15,10013245000.0,,,,209690000.0,627489000.0,0.39,169282176000.0,19925661000.0,238947734000.0,165890727000.0,53131346000.0,8882755000.0,11746175000.0,14983665000.0,,,,219022073000.0,,0.0118101468763844,0.0026260512686008,3.1222760100976927,,,0.0626658990167523,-0.0458954689862156,,,9.260580144399032,9.260580144399032,False,61.57306896070417,61.57306896070417,48.49494675662788,1043.0,True,False,True,True,True,False,True,True,True,False,True,True,True,True,False,False,False,11,False,0.012060272962880036,0.17889846111760277,1.0,385065064.6470035,0.19109461966604824,0.0,3.0,,,,,,-0.030128673807938523,-0.09146655289653086,0.22011568064420214,-1.4467192261795208,0.3587155963302753,-1.4467192261795208,0.40883528965730137,-1043.0,0.027522935779816515,0.03669724770642202,0.3302752293577982,0.07293577981651377,0.0908256880733945,新纖
18.450000762939453,18.450000762939453,18.100000381469727,18.25,1544926.0,0.019553094353555345,18.129999923706055,0.05797101449275366,17.752500152587892,0.11620792502755162,17.68654950459798,0.09609612120885802,16.896608050664266,0.012403759387913448,63.265304533653044,2072044.75,0.7456045531835159,0.02802421310440506,1434.TW,2026-09-02,0.028901733254324657,0.0318840874565971,bull,0.2717996289424861,0.14192949907235622,2026-03-31,2026-05-15,6979321000.0,780112000.0,198663000.0,386155000.0,49552000.0,336603000.0,0.2,15272141000.0,6346633000.0,61146600000.0,15727850000.0,45418750000.0,3214804000.0,2317516000.0,8200000000.0,,0.1283215289197343,173170260.1002188,54799967000.0,0.0031600431456504,0.0074111022430163,0.0055048522730617,0.3462853997523049,0.1117747700671741,0.0284645168204758,0.0482286170818049,-0.0921530851652357,,,20.54681103606591,20.54681103606591,False,73.116119709558,73.116119709558,59.973792541184984,852.0,True,False,True,True,True,True,True,True,True,True,True,True,False,True,False,False,False,12,False,0.03185757036755743,0.0800984401885636,1.0,37814816.6875,0.4489795918367347,0.0,3.0,,,,,,0.02441846129987645,-0.014188385200087653,0.20927730810444717,-1.814609467029482,0.44311926605504587,-1.814609467029482,0.44706130065293587,-852.0,0.21100917431192662,0.25688073394495414,0.4036697247706422,0.23990825688073394,0.263302752293578,福懋
30.0,30.0,29.100000381469727,29.25,25117.0,-0.010152258707482376,29.250000381469725,0.022727259086031903,29.089999866485595,0.18421048973761533,26.563221645355224,0.07142860137125107,26.628277476628625,0.014232186228593766,60.41667660078348,45749.85,0.5490072645046924,0.005500176495316422,1439.TW,2026-09-02,0.028901733254324657,0.0318840874565971,bull,0.41929499072356213,0.08256029684601113,2026-03-31,2026-05-15,75912000.0,22864000.0,4904000.0,59736000.0,1630000.0,54161000.0,0.59,3556714000.0,2128037000.0,6084300000.0,2619482000.0,3464818000.0,685342000.0,1313697000.0,338000000.0,,0.0272867282710593,4770185.884558725,3956263000.0,0.0012057302268728,0.0156317012899378,0.0089017635553802,0.7560229714807531,0.3011908525661292,0.0646011170829381,0.7134708609969438,-0.4434481696811513,,,31.08546525604612,31.08546525604612,False,70.16735378817864,70.16735378817864,60.39688165514551,661.0,True,False,False,True,True,True,True,True,False,True,True,True,False,True,False,False,False,10,False,0.10114655483118251,0.09845633183267055,1.0,1338183.1125,0.8747680890538033,0.0,3.0,,,,,,0.05034672789261631,0.0389290453133274,0.15990010130420612,-1.3465207820764251,0.6243119266055046,-1.3465207820764251,0.5919519822247163,-661.0,0.3394495412844037,0.28440366972477066,0.6330275229357798,0.38348623853211006,0.381651376146789,雋揚
13.949999809265137,14.600000381469728,13.949999809265137,14.199999809265137,7126800.0,0.0327272588556462,13.9,0.154471511306274,13.565000057220459,0.07169809881246314,13.248441775639852,0.12252966304159862,13.002970870335897,0.03175508787694435,60.78432472520144,2408942.5,2.9584765929448293,0.04681162914604453,1440.TW,2026-09-02,0.028901733254324657,0.0318840874565971,bull,0.10111317254174397,0.2077922077922078,2026-03-31,2026-05-15,3372657000.0,294268000.0,-129416000.0,-64775000.0,8778000.0,-78150000.0,-0.05,12562200000.0,9846736000.0,45799105000.0,17769583000.0,28029522000.0,4400648000.0,5866840000.0,3989879000.0,,0.0,-129416000.0,35952369000.0,-0.0035996515278311,-0.002788131741954,-0.0017063652226391,0.6339595445116759,0.0872510901642236,-0.0383721202600798,-0.0231716418242353,-0.1955247737019332,,,12.51873256872129,12.51873256872129,False,80.43312953022557,80.43312953022557,63.4545302898495,1001.0,True,True,True,True,True,True,True,True,True,True,True,True,True,True,False,False,False,14,False,0.07182414730273656,0.09205811124748897,1.0,34206983.04053068,0.46567717996289426,0.0,3.0,,,,,,0.0382233359010714,-0.004296343344132795,0.2288219299364072,-1.6474393008428267,0.5568807339449541,-1.6474393008428267,0.5024129192915141,-1001.0,0.10091743119266056,0.4036697247706422,0.5412844036697247,0.1669724770642202,0.2798165137614679,南紡
10.300000190734863,10.300000190734863,10.0,10.149999618530272,1291787.0,0.016016001108896782,10.069999885559081,0.14689256282773777,9.865999984741212,0.019076263017630213,9.592319583892822,0.15079364736106826,9.129076453049978,0.036998102705350804,62.03699370310539,1504625.3,0.8585439843394896,0.028785691691495474,1455.TW,2026-09-02,0.028901733254324657,0.0318840874565971,bull,0.10760667903525047,0.3144712430426716,2026-03-31,2026-05-15,1265739000.0,26904000.0,-45175000.0,-32149000.0,-5368000.0,-26781000.0,-0.05,3072494000.0,1880065000.0,9399593000.0,3651618000.0,5747975000.0,484215000.0,608371000.0,1509426000.0,,0.1669725341379203,-37632015.77031945,7519528000.0,-0.0050045715329897,-0.004659206068224,-0.0028491659160135,0.6352877317664047,0.0212555669059735,-0.0356906123616322,-0.0211583904738654,-0.319428201806952,,,12.511705122929076,12.511705122929076,False,75.156610968161,75.156610968161,59.49538450685302,1002.0,True,True,True,True,True,True,True,True,True,False,True,True,True,True,False,False,False,13,False,0.05813818334137788,0.11183203150185128,1.0,15271946.221030995,0.5658627087198516,0.0,3.0,,,,,,0.0777424270671735,0.03241977846437692,0.1709441465520927,-1.594596642151276,0.6513761467889909,-1.594596642151276,0.6944391097519538,-1002.0,0.09174311926605505,0.23853211009174313,0.8073394495412844,0.19908256880733946,0.27889908256880735,集盛
14.25,14.399999618530272,13.899999618530272,14.399999618530272,91549.0,0.01766784499927554,14.019999694824216,0.021276541059871423,13.877499961853028,0.028571401323590928,14.058333349227905,0.07063195708082604,13.927083325386047,0.00018017055628209084,61.97182871571169,65006.45,1.4083064065181226,0.0376508490804186,1456.TW,2026-09-02,0.028901733254324657,0.0318840874565971,bull,0.43506493506493504,0.29267161410018555,2026-03-31,2026-05-15,218947000.0,86879000.0,54719000.0,-39896000.0,755000.0,-40651000.0,-0.43,10236670000.0,10057949000.0,13346214000.0,11450186000.0,1896028000.0,29927000.0,6954694000.0,0.0,1176530000.0,0.0,54719000.0,3288265000.0,0.0166406904553008,-0.0214400842181655,-0.0030458825251865,6.039038453018627,0.3968037926986896,0.2499189301520459,-0.1856659374186447,0.3364116900239269,,,46.62897282377846,46.62897282377846,False,60.09157605577578,60.09157605577578,56.72592524777645,407.0,True,False,False,True,True,False,True,True,False,False,True,True,True,True,False,False,False,9,False,0.024303469039673287,0.03395659249644911,1.0,936092.8552020071,0.9146567717996289,0.0,3.0,,,,,,0.06397703451403007,0.05105896824269133,0.3491635672433119,0.6910921352732597,0.9366972477064222,0.6910921352732597,0.9384071362861472,-407.0,0.5963302752293578,0.1651376146788991,0.9908256880733946,0.6555045871559633,0.5458715596330275,怡華
73.4000015258789,73.5999984741211,72.4000015258789,72.5999984741211,5913864.0,0.016806679588196483,72.91999969482421,0.09172930036272331,70.69000015258788,0.021617326068796405,68.87236773173014,0.023977389445071884,68.24592876434326,0.030691835292024766,59.016383190813706,9837065.15,0.6011817457567615,0.02701935659089516,1504.TW,2026-09-02,0.028901733254324657,0.0318840874565971,bull,0.17810760667903525,0.3098330241187384,2026-03-31,2026-05-15,14235194000.0,3341581000.0,1178530000.0,1581890000.0,343200000.0,1188154000.0,0.51,62376471000.0,29514331000.0,143191254000.0,52445953000.0,90745301000.0,27625447000.0,3014665000.0,7416112000.0,6000000000.0,0.2169556669553508,922841237.8231103,113676923000.0,0.0081181053591951,0.0130932840258031,0.0082976715882382,0.5779467633260702,0.2347408121027363,0.0827898797866752,0.0834659506572232,0.0453859488824619,,,37.679082544571614,37.679082544571614,False,71.95854056902809,71.95854056902809,63.38867606291397,565.0,True,False,True,True,True,True,True,True,True,False,True,True,False,True,False,False,False,11,False,0.05412374897449035,0.06379969895072657,1.0,714170914.8798298,0.14192949907235622,1.0,3.0,,,,,,0.0044663492054260335,-0.041420739318729104,0.18054139798164476,-1.9572399396247326,0.3284403669724771,-1.9572399396247326,0.4125458763666314,-565.0,0.46788990825688076,0.3853211009174312,0.3394495412844037,0.4486238532110092,0.41743119266055045,東元
104.0,105.5,103.5,105.5,328377.0,0.029268292682926855,103.2,0.15934065934065944,99.5099998474121,0.16962309943909548,93.53053398132325,0.12353565799383004,92.74026679992676,0.03023087362266532,70.6730778048026,135914.15,2.416061903782645,0.060194956906571395,1558.TW,2026-09-02,0.028901733254324657,0.0318840874565971,bull,0.09461966604823747,0.09183673469387756,2026-03-31,2026-05-15,1926175000.0,466203000.0,115500000.0,190949000.0,37396000.0,79533000.0,1.23,7337752000.0,2436771000.0,13553818000.0,4826378000.0,8727440000.0,2321376000.0,528924000.0,448585000.0,1225737000.0,0.1958428690383296,92880148.62607291,11117047000.0,0.0083547500182443,0.0091129815845196,0.0058679406791503,0.5530118797723044,0.2420356405830207,0.0599633989642685,0.0412906407777071,-0.0577927547617254,,,30.82891502090822,30.82891502090822,False,74.88173806008689,74.88173806008689,63.86853230029222,668.0,True,False,True,True,True,True,True,True,True,True,True,True,True,True,False,False,False,13,False,0.12797388734107829,0.13758568570436025,1.0,14338942.825,0.5788497217068646,2.0,3.0,,,,,,0.025574547576919862,-0.008143191764527893,0.26095414064297645,-1.3201710472689447,0.629816513761468,-1.3201710472689447,0.6489217068534392,-668.0,0.3302752293577982,0.43119266055045874,0.7522935779816514,0.39357798165137614,0.44495412844036697,伸興
739.0,739.0,702.0,704.0,1078469.0,0.032258064516129004,703.2,0.03529411764705892,698.95,0.05864661654135328,693.6696970621745,0.5438596491228069,630.6348485310872,0.019546349646269553,49.35622317596566,1156035.1,0.93290333485549,0.0072251233993847475,1560.TW,2026-09-02,0.028901733254324657,0.0318840874565971,bull,0.3608534322820037,0.22170686456400743,2026-03-31,2026-05-15,2293229000.0,802560000.0,444439000.0,531951000.0,89799000.0,436359000.0,2.94,5759371000.0,3216860000.0,13961884000.0,5383626000.0,8578258000.0,1772650000.0,642250000.0,940383000.0,555943000.0,0.1688106611323223,369412958.57701176,10745024000.0,0.0343799100473867,0.050868020057219,0.0312535901315323,0.6275896574805747,0.3499694099455396,0.193804892577235,0.1902814764683335,0.2944197621734146,,,86.28355650333096,86.28355650333096,False,59.2338190340551,59.2338190340551,65.99625340137406,54.0,True,False,True,True,True,True,True,False,True,True,True,True,True,True,True,False,False,12,False,0.014892250564751963,0.11633539066196441,1.0,813848710.4000001,0.12708719851576994,3.0,2.0,,,,,,0.006719379834393878,-0.0768969541181657,0.2960165151135014,-1.4186464616593581,0.5270642201834863,-1.4186464616593581,0.4878088524400586,-54.0,0.9174311926605505,0.5321100917431193,0.48623853211009177,0.8527522935779817,0.7155963302752293,中砂
19.299999237060547,19.600000381469727,18.75,19.0,2399762.0,0.06741577608840488,18.460000228881835,0.02425880223436394,18.185000133514404,0.14803630669983026,18.926279322306314,0.25412544411953086,17.046056334177653,0.020196355468212995,53.508771636295734,709681.85,3.3814617071015696,0.044817149326470185,1617.TW,2026-09-02,0.028901733254324657,0.0318840874565971,bull,0.4090909090909091,0.10760667903525047,2026-03-31,2026-05-15,911155000.0,75347000.0,14007000.0,16464000.0,3663000.0,13556000.0,0.08,2297558000.0,1064440000.0,3434420000.0,1140178000.0,2294242000.0,694430000.0,745000000.0,0.0,0.0,0.2224854227405247,10890646.68367347,2369980000.0,0.0045952483496373,0.0059087053588941,0.003947100238177,0.4969737281420181,0.0826939434015068,0.0153727960665309,0.0148778199098945,0.184011674370313,,,27.96265695638479,27.96265695638479,False,55.44828112448146,55.44828112448146,48.57687508245729,719.0,True,False,False,True,True,False,True,True,False,True,True,True,False,True,False,False,False,9,False,0.003895148985083363,0.1146273148179533,1.0,13483955.15,0.5862708719851577,0.0,3.0,,,,,,0.007267679261041518,-0.03732005694261635,0.19788260686827816,-1.5401406521268268,0.45825688073394494,-1.5401406521268268,0.474983332517398,-719.0,0.28440366972477066,0.045871559633027525,0.47706422018348627,0.31330275229357796,0.25137614678899084,榮星
34.75,35.400001525878906,33.849998474121094,35.0,14074788.0,-0.028145318493132954,34.83000106811524,0.3358778236948894,31.62893142700195,0.728395061728395,26.462143834431966,1.011494296972654,22.58315526644389,0.09361570483000957,58.56938936159419,13553180.9,1.038485954245619,0.10658180409219042,1709.TW,2026-09-02,0.028901733254324657,0.0318840874565971,bull,0.02504638218923933,0.011131725417439703,2026-03-31,2026-05-15,2424471000.0,492933000.0,320616000.0,344786000.0,79982000.0,264726000.0,0.55,5694389000.0,2189161000.0,12130526000.0,3134319000.0,8996207000.0,600735000.0,285000000.0,20699000.0,,0.2319757762786192,246240854.51265424,9941365000.0,0.0247693203612033,0.0294264015934715,0.021823126218929,0.34840449980753,0.2033156923716555,0.1322416312671919,0.1091891798252072,-0.0753599255550004,,,52.52750676874495,52.52750676874495,False,90.47217020483194,90.47217020483194,80.98600434581019,330.0,True,True,True,True,True,True,True,True,True,True,True,True,True,True,False,False,False,14,False,0.32264415986050077,0.5498277183616671,1.0,474361331.5,0.17532467532467533,1.0,3.0,,,,,,0.05148499643761867,-0.05874633731797156,0.28126367164360694,-1.0696952165318308,0.6752293577981652,-1.0696952165318308,0.6551036551623708,-330.0,0.6697247706422018,0.8899082568807339,0.7614678899082569,0.6834862385321101,0.7541284403669726,和益
16.100000381469727,16.399999618530273,15.949999809265137,16.350000381469727,3907208.0,0.03481013823388324,16.100000190734864,0.17625905253071572,15.310000038146972,0.11604101073075679,15.28416657447815,0.16785717010498047,14.467083295186361,0.0482711481084364,69.62025652633166,4870511.0,0.8022172622133489,0.06792948012615607,1710.TW,2026-09-02,0.028901733254324657,0.0318840874565971,bull,0.07792207792207792,0.14285714285714285,2026-03-31,2026-05-15,5345825000.0,88577000.0,-176669000.0,-219291000.0,-8101000.0,-127331000.0,-0.15,7085020000.0,12457768000.0,36888664000.0,23663579000.0,13225085000.0,2362413000.0,9628981000.0,8250000000.0,,0.0369417805564295,-170142532.57087615,24430896000.0,-0.0069642362920654,-0.0096279910488287,-0.0034517650191939,1.7892950404477552,0.0165693789078392,-0.0330480328106513,-0.0238187744641846,-0.1284074295508901,,,6.405846346837272,6.405846346837272,False,75.17363629438692,75.17363629438692,57.98168880749951,1063.0,True,True,True,True,True,True,True,True,True,True,True,True,True,True,False,False,False,14,False,0.06973450608496568,0.13015181069081616,1.0,79632856.7079525,0.35714285714285715,0.0,3.0,,,,,,0.041698437361380174,0.011709090638832105,0.22377603703442844,-1.581564207060177,0.605045871559633,-1.581564207060177,0.6397951490854891,-1063.0,0.009174311926605505,0.1834862385321101,0.7247706422018348,0.1165137614678899,0.20458715596330276,東聯
18.549999237060547,18.549999237060547,17.200000762939453,17.350000381469727,57375542.0,0.04833843995700793,17.20999984741211,0.17627121230303233,16.7426775932312,0.24820150054826007,16.769225867589316,0.8920392843095517,13.322779615720114,0.05265580309944701,57.38689001427857,20538024.4,2.7936251745810567,0.03627393437260351,1714.TW,2026-09-02,0.028901733254324657,0.0318840874565971,bull,0.07699443413729128,0.059369202226345084,2026-03-31,2026-05-15,7139550000.0,802314000.0,490214000.0,535557000.0,131252000.0,223134000.0,0.23,17219321000.0,4978429000.0,25588223000.0,7499378000.0,18088845000.0,5982998000.0,888587000.0,1280870000.0,,0.2450756875551995,370074466.90081537,20609794000.0,0.01795624288631,0.0123354476197899,0.0087201835000421,0.414585784775092,0.1123759900834086,0.0686617503904307,0.0312532302456037,0.3342708703208805,,,45.10051143692903,45.10051143692903,False,70.21419813380467,70.21419813380467,63.93577645958576,433.0,True,False,True,True,True,False,True,True,True,True,True,True,True,True,False,False,False,12,False,0.03463335269416934,0.30228082141340273,1.0,356334731.1746345,0.20037105751391465,0.0,3.0,,,,,,0.0045818569039162305,-0.08961858604415084,0.2547414092802069,-1.6825557755380487,0.394954128440367,-1.6825557755380487,0.3890047991673734,-433.0,0.5688073394495413,0.44954128440366975,0.3211009174311927,0.531651376146789,0.4834862385321101,和桐
84.5,84.5,80.0,80.80000305175781,25348701.0,0.12378305058415795,80.3,0.2150376398760574,73.64499931335449,0.11756569351615465,70.51363697052003,0.29082906063172453,72.17804085413614,0.06824775116566835,54.57747651811552,19833355.25,1.278084352368972,0.0971553235808893,1717.TW,2026-09-02,0.028901733254324657,0.0318840874565971,bull,0.0575139146567718,0.14007421150278293,2026-03-31,2026-05-15,10243036000.0,2269956000.0,534996000.0,622227000.0,192450000.0,428283000.0,0.37,32875604000.0,19435870000.0,62816878000.0,32795852000.0,30021026000.0,7384161000.0,3858120000.0,10885733000.0,0.0,0.3092922679343712,369525873.8241831,43381008000.0,0.0085181486291001,0.0142661013650899,0.0068179606124328,1.092429419300993,0.2216096868155105,0.0522302176815545,0.0418121150799431,0.0181282449431219,,,30.66980834742356,30.66980834742356,False,83.0502366387823,83.0502366387823,69.95512956594261,672.0,True,True,True,True,True,True,True,True,True,True,False,True,True,True,False,False,False,13,False,0.14587768441923177,0.11945409013034447,1.0,1602535164.7265968,0.0862708719851577,1.0,3.0,,,,,,0.0012562512907814602,-0.07980937278406565,0.26395693654155883,-1.660817332468055,0.41834862385321103,-1.660817332468055,0.3325311651329273,-672.0,0.3211009174311927,0.6880733944954128,0.25688073394495414,0.3114678899082569,0.41834862385321103,長興
85.30000305175781,87.0,85.0999984741211,87.0,253110.0,-0.011363636363636354,86.31999969482422,0.03942656119567656,86.01500091552734,0.0381861197101121,85.3637311299642,0.23755328909369955,82.83936545054118,0.009151169292306197,61.97184536387672,480702.1,0.5265423221575275,0.011451480253310775,1723.TW,2026-09-02,0.028901733254324657,0.0318840874565971,bull,0.34415584415584416,0.26437847866419295,2026-03-31,2026-05-15,1277807000.0,319750000.0,181223000.0,217086000.0,38207000.0,178879000.0,0.77,3402849000.0,1696462000.0,11518279000.0,3468337000.0,8049942000.0,782501000.0,937470000.0,1000000000.0,,0.1759993735201717,149327865.5325539,9821817000.0,0.0152036904711779,0.0222211538915435,0.0155300110372391,0.4308524210484994,0.2502334077055455,0.1418234522114842,0.139989059380642,-0.2447011744956525,,,46.187073211591255,46.187073211591255,False,67.94032454774384,67.94032454774384,62.5020117137057,414.0,True,False,True,True,True,True,True,True,True,True,True,True,False,True,False,False,False,12,False,0.01916819764525779,0.05022533099849613,1.0,41821082.699999996,0.4359925788497217,1.0,3.0,,,,,,0.04514880602858742,0.023945472118753208,0.20978294293600924,-1.5677995134986042,0.621559633027523,-1.5677995134986042,0.6086157446793111,-414.0,0.5871559633027523,0.3577981651376147,0.6513761467889908,0.596788990825688,0.5311926605504587,中碳
94.9000015258789,96.5,93.4000015258789,94.1999969482422,3181069.0,-0.002118692525464372,96.88000030517578,0.274695466890545,86.86999969482422,0.013993491937684732,85.78733628590902,0.7034357730173699,78.64200140635172,0.08573927825779969,73.92472208600748,5723372.9,0.5558032047850665,0.08437892574154926,1727.TW,2026-09-02,0.028901733254324657,0.0318840874565971,bull,0.03432282003710575,0.3302411873840445,2026-03-31,2026-05-15,519337000.0,93230000.0,43151000.0,41099000.0,5200000.0,,0.28,1123188000.0,1095199000.0,3624612000.0,1513893000.0,2110719000.0,149557000.0,500000000.0,406375000.0,,0.1265237597021825,37691373.24509112,2529413000.0,0.014901233307922,,,0.7172404284985353,0.1795173461548089,0.0830886303113392,,0.1494054192828735,,,48.38391394144922,48.38391394144922,False,72.74586285941481,72.74586285941481,66.65537562992341,392.0,True,False,True,True,True,True,True,False,True,False,True,True,False,True,False,False,False,10,False,0.09806413191681074,0.19783315866416773,1.0,539141709.7136521,0.16233766233766234,1.0,3.0,,,,,,0.01300333961239977,-0.049905862350712524,0.2704133780692142,-1.5816341813947226,0.5229357798165137,-1.5816341813947226,0.46808511849243556,-392.0,0.6055045871559633,0.5871559633027523,0.45871559633027525,0.5834862385321101,0.5706422018348625,中華化
32.29999923706055,32.29999923706055,32.0,32.25,131032.0,-0.0015479640322461075,32.18000030517578,0.012558857574237026,31.680000019073486,0.1256544652496716,30.876666673024495,0.09322033898305082,30.048514477411906,0.0021352319200786053,69.49150131477634,150434.4,0.8710241806395346,0.01799242362952458,1733.TW,2026-09-02,0.028901733254324657,0.0318840874565971,bull,0.4935064935064935,0.13172541743970315,2026-03-31,2026-05-15,519723000.0,175664000.0,87211000.0,86914000.0,5544000.0,81275000.0,0.81,1759309000.0,560904000.0,2489266000.0,666458000.0,1822808000.0,593961000.0,,,,0.0637871919368571,81648055.20399475,1928362000.0,0.0423406265026974,0.0445878007996453,0.0326501868422257,0.3656216123694871,0.3379954321821432,0.1678028488252396,0.1563813800813125,-0.0698519739491331,,,72.99324516078546,72.99324516078546,False,58.96603693374373,58.96603693374373,62.47283899050416,137.0,True,False,False,True,True,True,True,True,False,True,True,True,True,True,True,False,False,11,False,0.0444780306604573,0.07326437133000363,1.0,4851509.399999999,0.7152133580705009,1.0,3.0,,,,,,0.06341808380028183,0.04780989470606945,0.17155763631409457,-1.1698898174852905,0.7077981651376146,-1.1698898174852905,0.6189272789693823,-137.0,0.8256880733944955,0.3486238532110092,0.6788990825688074,0.8036697247706422,0.653211009174312,五鼎
34.75,35.45000076293945,34.75,35.45000076293945,2104998.0,-0.004213419034011512,35.029999542236325,0.09413577448829491,34.132499599456786,0.14539579609278874,32.29166653951009,0.15284555326632376,31.10916663805644,0.017513781873294682,60.352430902738696,2159539.7,0.9747438308265414,0.03859960972514398,1808.TW,2026-09-02,0.028901733254324657,0.0318840874565971,bull,0.17346938775510204,0.11224489795918367,2026-03-31,2026-05-15,5392216000.0,1474911000.0,1229561000.0,1153602000.0,211319000.0,942283000.0,1.06,46784978000.0,26633648000.0,51660398000.0,37973630000.0,13686768000.0,5845055000.0,11570200000.0,207356000.0,10980553000.0,0.1831818946222353,1004327686.4663897,25026750000.0,0.0401301681787043,0.068846275468394,0.0182399485191732,2.774477509957062,0.2735259492572256,0.2280251755493474,0.1747487489373571,173.44891620834682,,,72.1127428848662,72.1127428848662,False,79.48690884295013,79.48690884295013,77.64336735342914,149.0,True,True,True,True,True,True,True,True,True,True,True,True,True,True,True,False,False,14,False,0.09780647956230504,0.13953553225603899,1.0,76555684.01259804,0.36178107606679033,1.0,3.0,,,,,,0.090701432160646,0.018270881053004735,0.2604777710075215,-0.5297075277207977,0.8532110091743119,-0.5297075277207977,0.8449549376529409,-149.0,0.8165137614678899,0.8256880733944955,0.963302752293578,0.8385321100917431,0.8486238532110091,潤隆
24.799999237060547,24.950000762939453,24.5,24.549999237060547,1879232.0,-0.03155823007379366,25.04000015258789,0.1552940817440258,24.75,0.10786492714892959,22.9453083674113,0.40285709926060265,20.897962554295862,0.04046242774566468,48.57142390037314,3290872.3,0.571043732082828,-0.008080838906644572,1904.TW,2026-09-02,0.028901733254324657,0.0318840874565971,bull,0.09925788497217068,0.1567717996289425,2026-03-31,2026-05-15,10422205000.0,2150150000.0,696170000.0,676222000.0,51875000.0,623134000.0,0.56,23384595000.0,24639229000.0,73010397000.0,42553667000.0,30456730000.0,6316415000.0,12166669000.0,15580624000.0,,0.0767129729585846,642764729.6154221,48371168000.0,0.0132881788096459,0.0204596488198174,0.0085348666163258,1.3971843661483028,0.2063047119107713,0.0667968054744653,0.0597890753444208,0.0134174531712039,,,33.04763840274124,33.04763840274124,False,68.10296846011131,68.10296846011131,59.3391359457688,632.0,True,False,True,True,False,True,True,False,True,True,True,True,False,True,False,False,False,10,False,0.06993546758902358,0.1747556333913498,1.0,80790912.45426369,0.35528756957328383,0.0,3.0,,,,,,0.06392077743454656,0.02175419964295398,0.23355831012217781,-1.5868325024697383,0.7091743119266054,-1.5868325024697383,0.7107200115928125,-632.0,0.3669724770642202,0.22935779816513763,0.8256880733944955,0.4357798165137615,0.4174311926605505,正隆
10.899999618530272,11.399999618530272,10.899999618530272,11.350000381469728,3891571.0,0.03181821649724803,11.040000152587892,0.13613620035141816,10.77000002861023,0.17738588975584668,10.278000052769979,0.2178112396047449,9.824000000953674,0.024543378185042247,70.00001271565759,4712282.9,0.8258356050737106,0.053853328813253665,1909.TW,2026-09-02,0.028901733254324657,0.0318840874565971,bull,0.11966604823747681,0.0862708719851577,2026-03-31,2026-05-15,10760215000.0,1109471000.0,15988000.0,29258000.0,59036000.0,-27240000.0,-0.02,14658431000.0,22767425000.0,70430999000.0,49630869000.0,20800130000.0,2240646000.0,8614561000.0,26455684000.0,0.0,0.4,9592800.0,47663574000.0,0.0002012606104611,-0.0013096071995703,-0.0003867615167576,2.386084558125358,0.1031086274763097,0.0014858439166875,-0.0025315479291073,0.0525224624933875,,,8.894222198109352,8.894222198109352,False,73.74102415435124,73.74102415435124,57.52932366529077,1046.0,True,False,True,True,True,True,True,True,True,True,True,True,True,True,False,False,False,13,False,0.10430047900328998,0.1553339149397308,1.0,53484412.71259328,0.4044526901669759,0.0,3.0,,,,,,0.01169681066704081,-0.029275916730579776,0.2882475012926332,-1.4921895059775716,0.5756880733944953,-1.4921895059775716,0.6139816636542486,-1046.0,0.01834862385321101,0.1743119266055046,0.6605504587155964,0.11467889908256881,0.19357798165137616,榮成
21.899999618530277,22.149999618530277,21.75,21.75,531654.0,-0.031180433815174657,22.0,0.0714286116963132,21.710000133514406,0.058394199877892516,20.96864372889201,0.04819277108433728,20.70598856608073,0.01745752498885916,56.86273923154182,408380.0,1.3018610118027327,0.0018424627471027577,2029.TW,2026-09-02,0.028901733254324657,0.0318840874565971,bull,0.23654916512059368,0.22356215213358072,2026-03-31,2026-05-15,3111785000.0,440347000.0,145201000.0,173680000.0,32998000.0,134373000.0,0.42,8418174000.0,1415146000.0,11631228000.0,1524045000.0,10107183000.0,2662689000.0,204353000.0,,,0.1899930907415937,117613813.23122984,10216082000.0,0.011512614447616,0.0132948023202904,0.011552778434057,0.1507883057029837,0.1415094551840824,0.0466616427548818,0.0431819679058803,-0.1807433477529307,,,30.0830240796116,30.0830240796116,False,70.3865618275927,70.3865618275927,60.31067739059743,680.0,True,False,True,True,True,True,True,True,True,True,True,True,True,True,False,False,False,13,False,0.03726308106572418,0.05042074811291575,1.0,8882265.0,0.634508348794063,0.0,3.0,,,,,,0.044499270746568974,0.018170728420563918,0.14369790575394967,-1.603672248867065,0.5119266055045872,-1.603672248867065,0.5322752487022798,-680.0,0.30275229357798167,0.27522935779816515,0.5596330275229358,0.3412844036697248,0.3458715596330275,盛餘
20.600000381469727,20.700000762939453,20.450000762939453,20.5,983356.0,0.007370988487393815,20.49000015258789,0.08179415169691628,20.200000190734862,0.022443929180190114,19.887992032368977,0.009852254702272356,20.173162666956582,0.02382159521377482,63.63637414516193,1387054.35,0.7089527530049561,0.014851475565962557,2034.TW,2026-09-02,0.028901733254324657,0.0318840874565971,bull,0.20222634508348794,0.3051948051948052,2026-03-31,2026-05-15,2833548000.0,238436000.0,35902000.0,-13678000.0,-15456000.0,1778000.0,0.0,10115642000.0,9094633000.0,22657796000.0,13057364000.0,9600432000.0,611722000.0,7049733000.0,1733334000.0,1869816000.0,0.4,21541200.0,13563163000.0,0.0015882136047469,0.0001851999993333,7.847188667423786e-05,1.3600808796937471,0.084147506941827,0.0126703341535064,0.0006274818707853,-0.2200071185015801,,,9.314478880448952,9.314478880448952,False,69.61165787571997,69.61165787571997,54.537363126902214,1042.0,True,False,True,True,True,True,True,True,True,False,True,True,False,True,False,False,False,11,False,0.03077273797349389,0.01620159111584285,1.0,28434614.175,0.49165120593692024,0.0,3.0,,,,,,0.049426164453388585,-0.006869491317836269,0.2534413814034922,-1.1805685859606856,0.6830275229357798,-1.1805685859606856,0.7171210686377099,-1042.0,0.03669724770642202,0.12844036697247707,0.8623853211009175,0.16055045871559634,0.22935779816513763,允強
14220.0,14220.0,13600.0,13865.0,437579.0,-0.04108167923092887,14167.0,0.46409714889123554,13268.938720703125,1.0404709345106697,9566.646240234375,3.2142857142857144,6898.1981201171875,0.11910998367816228,66.20214788731028,520763.0,0.8402651494057758,0.04492154887767019,2059.TW,2026-09-02,0.028901733254324657,0.0318840874565971,bull,0.015769944341372914,0.0074211502782931356,2026-03-31,2026-05-15,5449725000.0,4236615000.0,3654349000.0,4351760000.0,865950000.0,3485810000.0,36.58,34276607000.0,6265438000.0,39510069000.0,7981426000.0,31528643000.0,27231577000.0,,257007000.0,,0.1989884552456937,2927175737.561354,33244631000.0,0.088049578217949,0.1105601024439903,0.088225864652375,0.2531484149190943,0.7773997770529706,0.6705565877177289,0.6396304400680768,0.3782121233655666,,,100.0,100.0,True,82.30467100004037,82.30467100004037,86.72850325003029,1.0,True,True,True,True,True,True,True,True,True,True,True,False,True,True,True,True,True,14,False,0.44930623039953854,1.0099451709810356,1.0,7220378995.0,0.03153988868274583,3.0,0.0,,,,,,-0.11377136364562332,-0.21002406285920489,0.1343805519509062,-1.838217230545274,0.07706422018348624,-1.838217230545274,0.08937610451105568,-1.0,1.0,0.9908256880733946,0.027522935779816515,0.8541284403669724,0.8027522935779816,川湖
21.299999237060547,21.299999237060547,20.700000762939453,20.799999237060547,457976.0,-0.045871561238404746,21.279999923706054,0.12432428308435384,20.42250003814697,0.09157914166238257,19.134532769521076,0.09186352073943849,19.05730470021566,0.03720162411365253,58.10808581623679,642662.3,0.7126230992544607,0.018484475368267805,2069.TW,2026-09-02,0.028901733254324657,0.0318840874565971,bull,0.1326530612244898,0.18089053803339517,2026-03-31,2026-05-15,2302863000.0,277674000.0,137979000.0,128564000.0,22373000.0,106191000.0,0.64,4252225000.0,3913450000.0,9681868000.0,5325210000.0,4356658000.0,267712000.0,2834868000.0,1356137000.0,,0.174022276842662,113967580.26352634,5768418000.0,0.019757163968271,0.0243744172712202,0.0109680280706161,1.2223153619127325,0.1205777330218949,0.0599162868134144,0.0461125998376803,-0.1384973197554728,,,30.045180578249248,30.045180578249248,False,74.82527967782696,74.82527967782696,63.63025490293253,682.0,True,False,True,True,True,True,True,True,True,True,True,True,False,True,False,False,False,12,False,0.08703982938074928,0.0914449637164676,1.0,13367375.349687578,0.5871985157699443,0.0,3.0,,,,,,0.0636385194339355,0.03776050585132335,0.24229238747628573,-1.2494821928472317,0.7862385321100918,-1.2494821928472317,0.7965880388185299,-682.0,0.29357798165137616,0.42201834862385323,0.8990825688073395,0.3844036697247707,0.45321100917431195,運錩
28.649999618530277,29.049999237060547,27.950000762939453,28.299999237060547,5044919.0,0.0035460450856623638,28.289999771118165,0.26339284459851164,27.555000019073486,0.34441806473967373,24.077446746826173,0.3573140872559384,22.0349733988444,0.06636996741700109,51.56249115243501,8836406.6,0.5709242714114129,0.027036807021280085,2103.TW,2026-09-02,0.028901733254324657,0.0318840874565971,bull,0.03896103896103896,0.03896103896103896,2026-03-31,2026-05-15,10330865000.0,1265731000.0,651038000.0,844918000.0,343164000.0,435719000.0,0.53,20606457000.0,11013075000.0,44846222000.0,22698723000.0,22147499000.0,6501177000.0,5243271000.0,6369581000.0,,0.4,390622800.0,33833147000.0,0.0115455650637524,0.0196735080561466,0.0097158462980449,1.0248887696078008,0.1225193630930227,0.0630187307645584,0.0421764295632553,-0.0044362000632366,,,30.459795491848286,30.459795491848286,False,75.11021010891619,75.11021010891619,63.94760645464922,674.0,True,True,True,True,True,True,True,True,True,True,True,True,False,True,False,False,False,13,False,0.17537376511032998,0.2843219152034333,1.0,250070300.03835678,0.23283858998144713,0.0,3.0,,,,,,0.040883979726258735,-0.013318376254333042,0.2511057899216036,-1.806358338868639,0.5389908256880733,-1.806358338868639,0.5783103109438781,-674.0,0.3119266055045872,0.45871559633027525,0.6055045871559633,0.3559633027522936,0.41467889908256883,台橡
30.299999237060547,30.649999618530277,30.149999618530277,30.549999237060547,670047.0,-0.003262655227221356,30.429999923706056,0.11293254600948632,29.907500076293946,0.04623282324822764,28.87083346048991,0.2521503772047782,27.830017312367758,0.026955101353958216,51.67785303629545,1236600.15,0.5418461254432163,0.021482877509908516,2108.TW,2026-09-02,0.028901733254324657,0.0318840874565971,bull,0.1437847866419295,0.24675324675324675,2026-03-31,2026-05-15,2595684000.0,706987000.0,322249000.0,400150000.0,120689000.0,166573000.0,0.34,14271694000.0,1850566000.0,18859782000.0,2404041000.0,16455741000.0,9490424000.0,110000000.0,24000000.0,,0.3016093964763214,225055673.59490192,17009216000.0,0.0132313960616939,0.0101224855204028,0.0088321805628506,0.1460913246021555,0.272370211474124,0.1241480087714837,0.0641730657506846,0.1428634327678053,,,48.999527692236406,48.999527692236406,False,66.30786502440333,66.30786502440333,61.980780691361595,387.0,True,False,True,True,True,True,True,True,True,True,True,True,False,True,False,False,False,12,False,0.05816131975783101,0.09773554555009278,1.0,37778133.63904896,0.44990723562152135,1.0,3.0,,,,,,0.01888643966006462,-0.025708524601732174,0.19967781689532152,-1.5635227348161367,0.49036697247706423,-1.5635227348161367,0.4881835376202619,-387.0,0.6238532110091743,0.3302752293577982,0.4954128440366973,0.6045871559633027,0.5100917431192661,南帝
14.800000190734863,14.850000381469728,14.699999809265137,14.75,130098.0,-0.006734032249218758,14.79000015258789,0.024305582690387073,14.71000008583069,0.03146851771069881,14.617500019073486,0.016894262825271067,14.502637497584026,0.007016950541708908,50.0,86099.15,1.5110253701691598,0.0027192327624687707,2109.TW,2026-09-02,0.028901733254324657,0.0318840874565971,bull,0.40816326530612246,0.2857142857142857,2026-03-31,2026-05-15,1087805000.0,247547000.0,119153000.0,187878000.0,44674000.0,113502000.0,0.41,3848121000.0,2285586000.0,8526981000.0,3577294000.0,4949687000.0,2144050000.0,1401000000.0,923772000.0,,0.2377819648921108,90820565.53721032,6241395000.0,0.0145513247498692,0.0229311469593935,0.0133109244643561,0.7227313565484039,0.2275656022908517,0.1095352567785586,0.1043403918900905,-0.1083894446516317,,,39.992057305842906,39.992057305842906,False,60.097392379574586,60.097392379574586,55.071058611141666,511.0,True,False,False,True,True,True,True,True,False,False,True,True,True,True,False,False,False,10,False,0.009064476193167303,0.017056380431296203,1.0,1269962.4625,0.8812615955473099,0.0,3.0,,,,,,0.05897968452480927,0.05321257509209265,0.12863401506390346,-1.328593627649369,0.6431192660550459,-1.328593627649369,0.6437391369414753,-511.0,0.5321100917431193,0.13761467889908258,0.7431192660550459,0.5637614678899082,0.45596330275229363,華豐
31.0,32.0,30.850000381469727,31.950000762939453,9941516.0,0.10937505587935603,30.05,0.168190139572588,28.65558776855469,0.15135137884466499,28.137695852915446,0.14107145581926628,27.772181336085,0.023392363308063914,74.52557635829874,3792425.45,2.6214136918630793,0.11496581473020417,2201.TW,2026-09-02,0.028901733254324657,0.0318840874565971,bull,0.08441558441558442,0.1038961038961039,2026-03-31,2026-05-15,16975232000.0,5600166000.0,1529772000.0,1410701000.0,356383000.0,363664000.0,0.35,258394518000.0,257093889000.0,369722615000.0,273701167000.0,96021448000.0,11770568000.0,38309974000.0,7312596000.0,1700000000.0,0.2526283032336406,1143308295.3056672,112628726000.0,0.0101511251694853,0.0037873205161413,0.0009836130797679,2.850416992253648,0.3299021774783402,0.0901178846922386,0.0214232123602198,-0.0348376488341026,,,22.837441404461494,22.837441404461494,False,79.45061443098022,79.45061443098022,65.29732117435054,816.0,True,True,True,True,True,True,True,False,True,True,False,True,True,True,False,False,False,12,False,0.1354874588861903,0.15043180714890836,1.0,121167996.02089101,0.3098330241187384,1.0,3.0,,,,,,0.03748282784564682,-0.010981618450315039,0.3398193643140637,-1.3478794143957342,0.6926605504587156,-1.3478794143957342,0.6388795417121106,-816.0,0.22935779816513763,0.5045871559633027,0.7064220183486238,0.30091743119266057,0.40733944954128437,裕隆
63.20000076293945,63.5,62.70000076293945,63.29999923706055,443153.0,-0.004716969249340619,63.23999938964844,0.042833582231328826,62.660000228881835,0.0343137001297682,62.23296413421631,0.08576329443279929,60.531481965382895,0.0015184190048393776,74.99994039544042,660767.0,0.6706645458989327,0.010213836671576049,2206.TW,2026-09-02,0.028901733254324657,0.0318840874565971,bull,0.32838589981447125,0.2755102040816326,2026-03-31,2026-05-15,14947523000.0,3169197000.0,1407602000.0,1401468000.0,300076000.0,1061801000.0,1.37,35643431000.0,24328027000.0,96546885000.0,53175170000.0,43371715000.0,7860863000.0,8468755000.0,18068499000.0,,0.2141154846204123,1106212615.6173384,72218858000.0,0.0153175035752758,0.0244814160565243,0.0109977758474548,1.226033372210437,0.212021550326432,0.0941695824786488,0.0710352477798495,-0.00921030321598,,,38.16659350871173,38.16659350871173,False,59.11182095948972,59.11182095948972,53.87551409679523,559.0,True,False,True,True,True,True,True,False,True,True,True,True,False,True,False,False,False,11,False,0.017145818420973624,0.0457368163109062,1.0,41826550.59587479,0.43506493506493504,1.0,3.0,,,,,,0.055349490515389774,0.02871868467734433,0.1694835322516814,-1.5657855040588906,0.6215596330275229,-1.5657855040588906,0.5323888143905283,-559.0,0.48623853211009177,0.10091743119266056,0.5688073394495413,0.4986238532110092,0.3871559633027523,三陽工業
297.0,328.0,296.5,315.0,46633412.0,0.026058631921824116,307.8,0.2650602409638554,279.2939651489258,0.40625,235.9396550496419,1.0103993493906187,210.68796463012694,0.0791093496112953,68.32711571578633,35981800.55,1.2960277497841892,0.12784391826022778,2301.TW,2026-09-02,0.028901733254324657,0.0318840874565971,bull,0.038033395176252316,0.029684601113172542,2026-03-31,2026-05-15,43407292000.0,9402933000.0,4099305000.0,4969901000.0,1195242000.0,3775414000.0,1.66,165353065000.0,116511425000.0,210691221000.0,122427807000.0,88263414000.0,71133162000.0,13521025000.0,3000000000.0,,0.2404961386554782,3113437976.3289046,94179796000.0,0.0330584489302663,0.0427743934763275,0.0179191804104642,1.3870730969006029,0.2166210460675593,0.0944381649055647,0.0869764923368175,0.1919657430575541,,,57.60700281241379,57.60700281241379,False,87.44254134754432,87.44254134754432,79.98365671376169,288.0,True,True,True,True,True,True,True,True,True,True,True,True,True,True,False,False,False,14,False,0.335087143082089,0.4951020128415875,1.0,11334267173.25,0.017625231910946195,2.0,3.0,,,,,,0.027381179954475334,-0.036241300004703186,0.29061715853396414,-1.12986899372425,0.6577981651376147,-1.12986899372425,0.5982326024298501,-288.0,0.6880733944954128,0.8715596330275229,0.6422018348623854,0.6811926605504587,0.7339449541284403,光寶科
40.70000076293945,41.150001525878906,39.650001525878906,39.70000076293945,80797352.0,-0.030525029956318672,39.880000305175784,0.07442489697478516,39.52999992370605,0.03250975228080688,37.25416660308838,0.25992383157815224,34.38589417139689,0.025089144096629913,51.31579475719949,104403950.55,0.7738917117059226,0.0043005524806858375,2324.TW,2026-09-02,0.028901733254324657,0.0318840874565971,bull,0.2300556586270872,0.2820037105751391,2026-03-31,2026-05-15,201303536000.0,10597495000.0,2644084000.0,3090596000.0,699988000.0,1967195000.0,0.45,372539532000.0,285043722000.0,452433934000.0,306525209000.0,145908725000.0,84569615000.0,55846516000.0,11898445000.0,,0.2264896479513983,2045226345.6860747,167390212000.0,0.0122183150451238,0.013482367144254,0.0043480270867569,2.100801093286231,0.0526443559342146,0.0131348115017711,0.009772282390509,0.0110778585236814,,,17.5664711440274,17.5664711440274,False,61.40661685019939,61.40661685019939,50.44658042365639,901.0,True,False,True,True,True,True,True,True,True,True,True,True,False,True,False,False,False,12,False,0.0656526338626593,0.15454321371008506,1.0,4144836916.488893,0.04452690166975881,1.0,3.0,,,,,,-0.004279753275203724,-0.0470602162723877,0.22446570139838865,-1.6458791002390931,0.4022935779816514,-1.6458791002390931,0.38485009524471925,-901.0,0.1834862385321101,0.07339449541284404,0.3119266055045872,0.20275229357798166,0.1761467889908257,仁寶
173.5,180.0,171.5,179.0,83355718.0,-0.01377410468319562,181.0,0.059171597633136175,177.775,0.1437699680511182,175.525,0.6507996727936476,144.970126024882,0.05567102137767221,51.58730158730159,158508411.35,0.5258756761869471,0.0068907326676979075,2344.TW,2026-09-02,0.028901733254324657,0.0318840874565971,bull,0.2662337662337662,0.11317254174397032,2026-03-31,2026-05-15,38253064000.0,20415002000.0,12550494000.0,12688424000.0,2570746000.0,10114310000.0,2.25,110641935000.0,75046248000.0,229813688000.0,106920169000.0,122893519000.0,25520648000.0,5251103000.0,22148521000.0,4892959000.0,0.202605619106045,10007693393.043297,154767440000.0,0.0646627830313875,0.082301410866101,0.0440109120045103,0.870022844736019,0.5336827920503309,0.3280912085891995,0.2644052251605257,0.913359516665577,,,96.98400611250784,96.98400611250784,True,64.75790119169591,64.75790119169591,72.8144274218989,11.0,True,False,True,True,True,True,True,True,True,True,True,True,False,True,True,True,True,13,False,0.019797749608317927,0.2347371483230778,1.0,28373005631.649998,0.0037105751391465678,2.0,0.0,,,,,,-0.05989747001369484,-0.1345036002439032,0.185063213875789,-1.6156314687979156,0.23073394495412847,-1.6156314687979156,0.21541601292912685,-11.0,0.9724770642201835,0.7614678899082569,0.1559633027522936,0.85,0.7458715596330274,華邦電
65.4000015258789,67.0,65.19999694824219,66.30000305175781,15372834.0,0.07804883010988317,65.04000091552734,0.19459464958122186,62.37000026702881,0.1275510869389629,58.02712154388428,0.230055680423781,56.8893941561381,0.03975994377536242,65.21741293779885,17766163.8,0.8652871927253085,0.06301110738982252,2354.TW,2026-09-02,0.028901733254324657,0.0318840874565971,bull,0.06771799628942486,0.13079777365491652,2026-03-31,2026-05-15,25274831000.0,1224398000.0,373042000.0,939869000.0,285306000.0,663384000.0,0.47,119608118000.0,42954189000.0,150753789000.0,44332160000.0,106421629000.0,18348663000.0,13096824000.0,,,0.3035593258209388,259801621.9771053,107799600000.0,0.0024100425416894,0.0062335448746043,0.0044004466116602,0.4165709585219749,0.0484433704027536,0.0147594260867659,0.0262468223823138,-0.1575198993297046,,,17.738249987351253,17.738249987351253,False,80.26342701043082,80.26342701043082,64.63213275466093,898.0,True,True,True,True,True,True,True,True,True,True,True,True,True,True,False,False,False,14,False,0.14256922087057156,0.16541939029604436,1.0,1177896714.1580293,0.11038961038961038,1.0,3.0,,,,,,-0.0031772341603499405,-0.05439202744322952,0.16635593888796876,-1.8143218906877192,0.2802752293577982,-1.8143218906877192,0.2700806425129202,-898.0,0.1926605504587156,0.47706422018348627,0.2018348623853211,0.19403669724770642,0.2798165137614679,鴻準
1000.0,1020.0,993.0,1010.0,3727556.0,0.040164778578784865,990.4,0.20525059665871126,922.75,0.18823529411764706,796.2873331705729,0.7383820998278829,719.5019999186198,0.05499342594180532,62.989323843416365,3872067.45,0.9626784781344653,0.09455432132213493,2357.TW,2026-09-02,0.028901733254324657,0.0318840874565971,bull,0.06307977736549165,0.07884972170686456,2026-03-31,2026-05-15,208369726000.0,30970538000.0,11895859000.0,13859608000.0,2702804000.0,9797017000.0,13.19,485857648000.0,327627459000.0,671441698000.0,354711686000.0,316730012000.0,57955263000.0,41417377000.0,275376000.0,,0.1950130191272365,9576011621.29809,343814239000.0,0.0278522833991703,0.0309317608967223,0.0145910166574134,1.1199181402487366,0.1486326185407567,0.0570901504184921,0.0470174683629425,0.4108280576281871,,,51.58078089609261,51.58078089609261,False,86.80553058719003,86.80553058719003,77.99934316441568,344.0,True,True,True,True,True,True,True,True,True,True,True,True,True,True,False,False,False,14,False,0.26838637000351184,0.4037487041234593,1.0,3910788124.5,0.04823747680890538,3.0,3.0,,,,,,0.08011768995794054,0.03532318860836036,0.35315203404172824,-1.1122033100712878,0.9045871559633027,-1.1122033100712878,0.8795923279114467,-344.0,0.6605504587155964,0.8348623853211009,0.981651376146789,0.7087155963302753,0.7770642201834863,華碩
5600.0,5670.0,5445.0,5445.0,1484135.0,-0.07211824048810445,5507.0,0.03813155386081979,5664.813647460937,0.07502467917077982,5306.854549153646,1.0942307692307693,4681.052274576823,0.028224931443441213,45.89214254370166,1944739.15,0.7631537628066983,-0.03880333249081569,2383.TW,2026-09-02,0.028901733254324657,0.0318840874565971,bull,0.34879406307977734,0.2012987012987013,2026-03-31,2026-05-15,33067261000.0,9729153000.0,7128470000.0,7194158000.0,1855381000.0,5339793000.0,14.9,90741002000.0,68350963000.0,130976723000.0,83055788000.0,47920935000.0,22134504000.0,12291308000.0,10978888000.0,0.0,0.2579010636130038,5290030005.06661,62625760000.0,0.0844705118958494,0.1114292323386428,0.0407690227522336,1.733183795349569,0.2942231290338803,0.2155748551414645,0.1614827729457241,0.5252381635035763,,,86.0587773245522,86.0587773245522,True,59.50371057513915,59.50371057513915,66.1424772624924,55.0,True,False,True,True,False,True,True,False,True,True,True,True,False,True,True,True,False,10,False,0.026031512559240078,0.16319999876357705,1.0,10589104671.75,0.01855287569573284,3.0,2.0,,,,,,0.038590019813157794,-0.052645700763361156,0.3469667802365592,-0.6800458740585992,0.6995412844036698,-0.6800458740585992,0.6987777792054641,-55.0,0.908256880733945,0.5504587155963303,0.8165137614678899,0.8944954128440367,0.7825688073394494,台光電
705.0,709.0,688.0,692.0,3177970.0,0.005813953488372103,684.8,0.09320695102685628,673.0,0.41368743615934633,572.0111302693684,1.0057971014492755,487.8972318013509,0.040909442425179875,48.55769230769231,4013718.55,0.7917769919368164,0.028231797919762158,2395.TW,2026-09-02,0.028901733254324657,0.0318840874565971,bull,0.17625231910946196,0.0287569573283859,2026-03-31,2026-05-15,20385264000.0,7979823000.0,3728486000.0,4068287000.0,750007000.0,3334165000.0,3.85,49300373000.0,29811036000.0,83769137000.0,34044129000.0,49725008000.0,10001958000.0,,43915000.0,,0.184354496130681,3041122842.1397014,53958101000.0,0.0563608204473263,0.0670520756879516,0.0398018305954375,0.6846480346468723,0.3914505595806853,0.182901040673302,0.1635576071028562,0.1748587968840969,,,87.43653384699755,87.43653384699755,False,71.34615632015334,71.34615632015334,75.3687507018644,49.0,True,False,True,True,True,True,True,False,True,True,True,True,False,True,True,False,False,11,False,0.20976666952988676,0.4183314741202513,1.0,2777493236.6,0.06215213358070501,3.0,2.0,,,,,,-0.011656324335922789,-0.08365783527636951,0.31750133601332936,-1.4673529262277143,0.4665137614678899,-1.4673529262277143,0.44263757710661195,-49.0,0.9357798165137615,0.7798165137614679,0.3853211009174312,0.853211009174312,0.7788990825688074,研華
509.0,524.0,502.0,518.0,52726668.0,0.0019342359767891004,532.0,0.16404494382022472,508.425,0.42699724517906334,447.9724817911784,1.162839248434238,357.47790756225584,0.07324924798142379,51.0,85359026.2,0.6177046569915063,0.0188326695186114,2408.TW,2026-09-02,0.028901733254324657,0.0318840874565971,bull,0.08812615955473098,0.025974025974025976,2026-03-31,2026-05-15,49086932000.0,33325482000.0,30111283000.0,31718134000.0,5659880000.0,26059487000.0,8.41,141606845000.0,25207062000.0,240968098000.0,47930660000.0,193037438000.0,86281008000.0,0.0,13800000000.0,3996400000.0,0.1784430319892084,24738134364.394894,215761036000.0,0.1146552446308929,0.1349970620724877,0.1081449669740099,0.2482972240856201,0.6789074126694249,0.6134276837672398,0.5308844113541258,5.829068133568171,,,100.0,100.0,True,73.27625369055838,73.27625369055838,79.95719026791878,2.0,True,False,True,True,True,True,True,True,True,True,True,True,False,True,True,True,True,13,False,0.15632102652560875,0.44904059535424223,1.0,44215975571.6,0.0009276437847866419,3.0,0.0,,,,,,-0.10608698025762012,-0.20972122762411077,0.15405548836200586,-1.733452680181919,0.12889908256880733,-1.733452680181919,0.1402427946101988,-2.0,0.9908256880733946,0.8623853211009175,0.09174311926605505,0.8559633027522936,0.7724770642201836,南亞科
175.0,178.5,166.0,168.0,6782623.0,0.10891089108910901,169.5,0.19572953736654797,153.225,0.08555475056801587,143.53333333333333,0.1914893617021276,144.6460915883382,0.06369316209649414,65.54621848739495,5164852.3,1.3132269048623133,0.09642682329906993,2421.TW,2026-09-02,0.028901733254324657,0.0318840874565971,bull,0.06679035250463822,0.18831168831168832,2026-03-31,2026-05-15,5019470000.0,1589335000.0,788361000.0,804772000.0,155735000.0,649037000.0,2.36,14963066000.0,7265103000.0,19420226000.0,8096459000.0,11323767000.0,6013084000.0,462398000.0,0.0,,0.1935144363869518,635801765.4155462,12155123000.0,0.0523073082366625,0.0573163506455051,0.0334206718294627,0.7149969617001127,0.3166340270984785,0.157060606000235,0.1293038906498096,0.2059937007805909,,,81.54483186948244,81.54483186948244,False,83.88293615762713,83.88293615762713,83.29841008559096,79.0,True,True,True,True,True,True,True,True,True,True,False,True,True,True,True,False,False,13,False,0.1704598235020902,0.16145550947983334,1.0,867695186.4,0.12523191094619665,2.0,2.0,,,,,,0.00751223113991063,-0.06631880822361463,0.26886299816126713,-1.3379206510206931,0.5339449541284405,-1.3379206510206931,0.3229297974901641,-79.0,0.8623853211009175,0.9541284403669725,0.23853211009174313,0.7688073394495414,0.7651376146788992,建準
66.80000305175781,67.0,66.5,66.9000015258789,61598.0,-0.005943558807438354,66.93999938964843,0.04043543313719966,66.47999954223633,0.037307852599345104,65.12772089640299,0.021374069097387816,65.66335016886393,0.010948900494143767,62.16216773512425,89119.2,0.691186635427607,0.006317719412373579,2459.TW,2026-09-02,0.028901733254324657,0.0318840874565971,bull,0.33766233766233766,0.2680890538033395,2026-03-31,2026-05-15,1246416000.0,380276000.0,186277000.0,194518000.0,45242000.0,148975000.0,1.41,6078446000.0,3159848000.0,9214633000.0,3255851000.0,5958782000.0,822536000.0,1819298000.0,61941000.0,,0.2325851592140573,142951734.29708305,6054785000.0,0.0236097126978221,0.0250009146164434,0.0161672201160914,0.546395387513757,0.3050955700183566,0.1494501033362858,0.1195226954724586,0.0636655026574228,,,58.06746252476306,58.06746252476306,False,67.4030826592728,67.4030826592728,65.06917762564537,283.0,True,False,True,True,True,True,True,True,True,True,True,True,False,True,False,False,False,12,False,0.027212385219114843,0.018833205339580328,1.0,5962074.615985108,0.6808905380333952,1.0,3.0,,,,,,0.057861496979249444,0.048640595173911776,0.1918162872042669,-1.4091252924178856,0.6940366972477063,-1.4091252924178856,0.6909084955788949,-283.0,0.7064220183486238,0.48623853211009177,0.7889908256880734,0.7188073394495412,0.6568807339449542,敦吉
181.5,202.0,181.5,202.0,27586168.0,0.05477834732265641,193.10882568359375,0.18823529411764706,187.25406875610352,0.3466666666666667,167.29302291870118,1.9532163083881509,137.89234479268393,0.0651426911454572,52.70668990525594,17641936.75,1.5636700431997637,0.07874825546836539,2464.TW,2026-09-02,0.028901733254324657,0.0318840874565971,bull,0.07050092764378478,0.03710575139146568,2026-03-31,2026-05-15,1864911000.0,348125000.0,41838000.0,53528000.0,4046000.0,49169000.0,0.24,7398797000.0,5883475000.0,11317462000.0,6229196000.0,5088266000.0,1831434000.0,460111000.0,103169000.0,0.0,0.0755866088775967,38675607.45777911,5433987000.0,0.0071173536958736,0.00966321336188,0.0043445253008139,1.2242276641983734,0.1866711065568276,0.0224343145597832,0.0263653332518281,0.0786759589539871,,,25.84400824761181,25.84400824761181,False,84.00214437410156,84.00214437410156,69.46261034247912,756.0,True,True,True,True,True,True,True,True,True,True,True,True,True,True,False,False,False,14,False,0.20746219104526098,0.4649109078803437,1.0,3563671223.5,0.05194805194805195,2.0,3.0,,,,,,-0.104169184273004,-0.20624225332909746,0.15648027649909874,-1.8249172322698766,0.11697247706422019,-1.8249172322698766,0.1020385003885004,-756.0,0.27522935779816515,0.6605504587155964,0.03669724770642202,0.23944954128440368,0.3431192660550459,盟立
99.1999969482422,105.0,99.1999969482422,105.0,8502278.0,0.12179489008251232,97.04000091552734,0.22377618024861867,92.1,0.30272955319860473,82.71833356221516,0.8584070796460177,76.79166688919068,0.06038800392494586,50.0,5068404.9,1.67750567836441,0.14006514657980462,2465.TW,2026-09-02,0.028901733254324657,0.0318840874565971,bull,0.05473098330241188,0.04916512059369202,2026-03-31,2026-05-15,1569188000.0,167121000.0,92107000.0,130068000.0,22277000.0,107791000.0,1.15,1574817000.0,638916000.0,1902288000.0,697716000.0,1204572000.0,319532000.0,112731000.0,0.0,,0.1712719500568933,76331654.49610972,1263372000.0,0.0604189854580517,0.0894848958800304,0.0566638700344006,0.5792231597613094,0.1065015791606869,0.0586972370423429,0.0686922153368493,0.9128577645528606,,,73.28778007996519,73.28778007996519,True,86.48306183304858,86.48306183304858,83.18424139477773,133.0,True,True,True,True,True,True,True,True,True,True,False,True,True,True,True,True,False,13,False,0.26936793185063457,0.3673358614745732,1.0,532182514.50000006,0.16512059369202226,2.0,3.0,,,,,,-0.03278168276455011,-0.1615073860238125,0.15777985783449905,-1.7819781322080637,0.1651376146788991,-1.7819781322080637,0.16074038696008477,-133.0,0.8348623853211009,0.9357798165137615,0.11926605504587157,0.7275229357798165,0.7220183486238532,麗臺
100.5,108.5,99.5,104.0,1931487.0,-0.00952380952380949,102.5,0.07995842891202942,98.00499954223633,1.3636363636363638,88.09999987284343,1.2958057781801502,70.00916665395101,0.02077908642215579,63.57142792267065,1861764.9,1.0374494652896293,0.061170353408144695,2466.TW,2026-09-02,0.028901733254324657,0.0318840874565971,bull,0.21150278293135436,0.0037105751391465678,2026-03-31,2026-05-15,158640000.0,11405000.0,-51413000.0,20961000.0,15743000.0,5218000.0,0.03,1081532000.0,970641000.0,4505403000.0,2468383000.0,2037020000.0,165962000.0,307514000.0,701925000.0,,0.4,-30847800.0,3534762000.0,-0.0087269807698509,0.0025615850605295,0.001158164985463,1.211761789280419,0.0718923348461926,-0.3240859808371155,0.0328920827029752,-0.2206720377284339,,,10.470510874095902,10.470510874095902,False,81.11461832537229,81.11461832537229,63.45359146255319,1032.0,True,True,True,True,True,True,True,True,True,True,True,True,True,True,False,False,False,14,False,0.18047673269132103,0.4855197536354432,1.0,193623549.6,0.2597402597402597,2.0,3.0,,,,,,0.05172919803223371,-0.0803267465864776,0.37944495133247047,-0.9030358425286439,0.7123853211009175,-0.9030358425286439,0.6816299261730455,-1032.0,0.045871559633027525,0.3944954128440367,0.7706422018348624,0.15458715596330275,0.29541284403669726,冠西電
617.0,630.0,608.0,609.0,950837.0,0.06842105263157894,608.2,0.17794970986460346,561.7,0.07104531366365685,560.5403259277343,0.6684931506849314,543.3556894938151,0.0566215199398044,62.05533596837945,1319774.85,0.7204539471259056,0.08420865230550101,2467.TW,2026-09-02,0.028901733254324657,0.0318840874565971,bull,0.075139146567718,0.20964749536178107,2026-03-31,2026-05-15,2261506000.0,1118836000.0,551124000.0,613560000.0,131154000.0,466168000.0,3.06,8668744000.0,7397306000.0,20907953000.0,12303757000.0,8604196000.0,2586058000.0,930000000.0,2672580000.0,1609684000.0,0.2137590455701153,433316259.7692157,13510647000.0,0.0320722064434971,0.0541791470115278,0.0222962047025837,1.4299717254232702,0.4947305025942889,0.243697783689276,0.2061316662436447,0.7275418248873835,,,82.91061822425604,82.91061822425604,False,83.3494303906274,83.3494303906274,83.23972734903457,67.0,True,True,True,True,True,True,True,True,True,True,True,True,False,True,True,False,False,13,False,0.08645171779935978,0.12081277839814009,1.0,803742883.6500001,0.12987012987012986,3.0,2.0,,,,,,-0.002642017791046507,-0.0647378362672534,0.26912437225032376,-0.6565904816726758,0.5527522935779816,-0.6565904816726758,0.4960758116855157,-67.0,0.8899082568807339,0.944954128440367,0.5229357798165137,0.8348623853211009,0.8330275229357798,志聖
76.69999694824219,77.80000305175781,74.5,74.5,8673699.0,-0.0286831425785683,75.57999877929687,0.05673758865248235,74.02648391723633,0.22532896274427316,74.22882792154948,1.769516767899137,57.09066392580668,0.03872788006081476,49.0654838422793,16269051.35,0.5331410426705673,0.006396576707507373,2484.TW,2026-09-02,0.028901733254324657,0.0318840874565971,bull,0.2782931354359926,0.06771799628942486,2026-03-31,2026-05-15,558493000.0,124006000.0,38190000.0,65062000.0,13230000.0,51853000.0,0.33,2364630000.0,488834000.0,4989053000.0,883613000.0,4105440000.0,608103000.0,70000000.0,152941000.0,,0.2033445021671636,30424273.46223602,4500219000.0,0.0067606206414034,0.0126303148992556,0.0103933552119009,0.2152297926653416,0.2220368026098805,0.0683804452338704,0.0928444940223064,-0.0665818752496527,,,33.91916811523335,33.91916811523335,False,55.49130408864355,55.49130408864355,50.098270095291,614.0,True,False,True,True,True,False,True,False,True,True,True,True,False,True,False,False,False,10,False,0.0036531908968995275,0.30494190953564626,1.0,1212044325.575,0.10575139146567718,1.0,3.0,,,,,,-0.06457222212288212,-0.17956457232042095,0.12143629767952219,-1.7289935002199985,0.11559633027522936,-1.7289935002199985,0.14314957757359267,-614.0,0.3853211009174312,0.05504587155963303,0.10091743119266056,0.3426605504587156,0.22935779816513763,希華
15.199999809265137,15.300000190734863,14.649999618530272,14.850000381469728,280030.0,-0.041935459260017516,15.25,0.13358778236948887,14.369999933242799,0.14230772165151762,13.707499996821086,0.0569395145818159,13.629583350817363,0.03904555046783293,68.25397402070536,161040.1,1.7388836693469514,0.03340295410277094,2509.TW,2026-09-02,0.028901733254324657,0.0318840874565971,bull,0.12337662337662338,0.11781076066790352,2026-03-31,2026-05-15,64339000.0,17741000.0,-24855000.0,-103715000.0,440000.0,-100923000.0,-0.45,11515918000.0,9505024000.0,14164161000.0,9994241000.0,4169920000.0,916570000.0,4613123000.0,0.0,486938000.0,0.0,-24855000.0,4659137000.0,-0.0053346789330298,-0.0242026225922799,-0.0071252367153974,2.396746460363748,0.2757425511742489,-0.3863131226783133,,-0.0720024231584717,,,11.364896482710066,11.364896482710066,False,76.9196767452263,76.9196767452263,60.53098167959724,1021.0,True,True,True,True,True,True,True,True,True,True,True,True,True,True,False,False,False,14,False,0.08334855990615364,0.08954177095803728,1.0,2391445.5464319233,0.8079777365491652,0.0,3.0,,,,,,0.05315719520362414,0.018235038381844936,0.36081582895714315,-1.2506162129526528,0.8119266055045871,-1.2506162129526528,0.6360448403689893,-1021.0,0.05504587155963303,0.29357798165137616,0.6972477064220184,0.15137614678899083,0.25504587155963304,全坤建
35.900001525878906,36.20000076293945,35.45000076293945,35.849998474121094,904362.0,0.0013966267632985474,35.869999694824216,0.09623991652683506,35.45730361938477,0.10648138227668191,34.916680590311685,0.07657655541993469,32.98125697771708,0.020946539222362896,54.07406612025162,1564752.5,0.5779584950335597,0.011075147138984276,2520.TW,2026-09-02,0.028901733254324657,0.0318840874565971,bull,0.16883116883116883,0.15862708719851576,2026-03-31,2026-05-15,4862541000.0,1141758000.0,658447000.0,599530000.0,162065000.0,308665000.0,0.52,53619294000.0,30715620000.0,65803063000.0,37306228000.0,28496835000.0,17736193000.0,16539209000.0,220000000.0,3700000000.0,0.2703200840658515,480455551.60709226,35087443000.0,0.0136930910470475,0.0108315537497409,0.0046907390921908,1.3091358391203796,0.2348068633251627,0.1354121230031787,0.063478127999332,0.0287244960456058,,,37.26396887406752,37.26396887406752,False,69.19683459474142,69.19683459474142,61.21361816457295,571.0,True,False,True,True,True,True,True,True,True,True,True,True,False,True,False,False,False,12,False,0.026729857135055823,0.08698096310708237,1.0,56096374.73737717,0.39888682745825604,1.0,3.0,,,,,,0.055044262799976984,0.01899375797979358,0.2220087946441798,-1.576234265320517,0.6651376146788991,-1.576234265320517,0.6924980803330506,-571.0,0.45871559633027525,0.30275229357798167,0.7981651376146789,0.5096330275229357,0.4798165137614679,冠德
11.699999809265137,11.699999809265137,11.5,11.550000190734863,808154.0,-0.008583642151914872,11.569999885559081,0.05479455633981356,11.33249988555908,0.14356433212868192,11.190833330154419,0.14356433212868192,10.671833340326945,0.012734581991312707,62.79069870597517,1048480.25,0.7707860973060771,0.019192614813342335,2537.TW,2026-09-02,0.028901733254324657,0.0318840874565971,bull,0.2829313543599258,0.11410018552875696,2026-03-31,2026-05-15,1212617000.0,259289000.0,167409000.0,150138000.0,30818000.0,,0.4,17831477000.0,12815624000.0,18460150000.0,13906467000.0,4553683000.0,679610000.0,8130480000.0,,1090843000.0,0.205264490002531,133045876.99316628,5644526000.0,0.0235707793698117,,,3.053894397128654,0.2138259648347334,0.1380559566623262,,2.980962167272918,,,51.40705905064119,51.40705905064119,False,73.26927406990053,73.26927406990053,67.8037203150857,351.0,True,False,True,True,True,True,True,True,True,True,True,True,False,True,False,False,False,12,False,0.03209473771829363,0.08228828378433195,1.0,12109947.087481737,0.5946196660482375,0.0,3.0,,,,,,0.09429759298474058,0.0983790058417926,0.37987620795633587,0.004039392737879585,0.9848623853211009,0.004039392737879585,0.9785573006174733,-351.0,0.6513761467889908,0.6238532110091743,1.0,0.7036697247706422,0.7128440366972477,聯上發
47.54999923706055,48.0,47.54999923706055,47.95000076293945,4249168.0,-0.0010416507720947266,47.45000076293945,0.08853579099719311,46.777499961853025,0.10995370176185149,44.830833180745444,0.31369865103943706,41.91416670481364,0.01834114099211291,60.6896555352865,7978914.8,0.5325496143911701,0.025065486655819535,2542.TW,2026-09-02,0.028901733254324657,0.0318840874565971,bull,0.18831168831168832,0.15398886827458255,2026-03-31,2026-05-15,16191907000.0,4874634000.0,3912933000.0,3918335000.0,698387000.0,2421313000.0,1.15,244126134000.0,168451704000.0,269504119000.0,203260373000.0,66243746000.0,18030010000.0,104829064000.0,11468836000.0,23019028000.0,0.1782356536641201,3215508829.0010934,101052415000.0,0.0318202076516537,0.0365515712230404,0.0089843265067128,3.068370756086167,0.3010537301134449,0.2416597995529495,0.1495384700517363,13.610654325020349,,,58.947380152838136,58.947380152838136,False,77.24489101542143,77.24489101542143,72.6705132997756,278.0,True,True,True,True,True,True,True,True,True,True,True,True,False,True,False,False,False,13,False,0.06957639108821367,0.1440046297623907,1.0,382588970.7474289,0.19202226345083487,1.0,3.0,,,,,,0.06398862910523181,0.10389508880054209,0.24921652720113152,0.32840578894737016,0.8692660550458715,0.32840578894737016,0.8397164408715947,-278.0,0.7155963302752294,0.7522935779816514,0.944954128440367,0.75,0.7724770642201835,興富發
237.0,240.0,231.0,234.5,10434006.0,0.015151515151515138,234.0,0.14390243902439015,229.875,0.13895128413151947,208.20975087483723,0.10874704491725762,208.38935203552245,0.0329139519209166,63.768115942028984,17484992.3,0.596740668853483,0.020119630233822683,2603.TW,2026-09-02,0.028901733254324657,0.0318840874565971,bull,0.11038961038961038,0.12059369202226346,2026-03-31,2026-05-15,86511471000.0,13386693000.0,8948352000.0,10639378000.0,1948722000.0,8303529000.0,3.84,244500947000.0,151671937000.0,935103407000.0,330097608000.0,605005799000.0,183466379000.0,21757000.0,72484631000.0,,0.1831612712698054,7309360471.910295,783431470000.0,0.0093299296132567,0.0137247097692695,0.0088797976115169,0.5456106512460056,0.1547389362966675,0.1034354392147603,0.0959818265025224,-0.2133215452088127,,,31.8537233857576,31.8537233857576,False,77.27442086054147,77.27442086054147,65.9192464918455,652.0,True,True,True,True,True,True,True,True,True,True,True,True,False,True,False,False,False,13,False,0.12626809750599444,0.12529741903524272,1.0,4100230694.3500004,0.04638218923933209,2.0,3.0,,,,,,0.06632220819744893,0.0010329471598312112,0.21856671905958874,-1.563322874155457,0.668348623853211,-1.563322874155457,0.6155462568773533,-652.0,0.3577981651376147,0.5229357798165137,0.6697247706422018,0.40458715596330275,0.4697247706422018,長榮
115.5,117.0,110.5,112.0,20618445.0,-0.02608695652173909,113.1,0.31147538640336503,104.47999992370606,0.32231409723001625,88.85464973449707,0.3999999999999999,83.56232484181722,0.07115029904524206,70.58823529411765,40807917.0,0.5052560021625215,0.07197549848569329,2615.TW,2026-09-02,0.028901733254324657,0.0318840874565971,bull,0.030612244897959183,0.041743970315398886,2026-03-31,2026-05-15,33640864000.0,7656632000.0,5825197000.0,9789626000.0,2113020000.0,7671518000.0,2.73,141008376000.0,35567443000.0,420232464000.0,133190864000.0,287041600000.0,99479800000.0,1000000000.0,42718782000.0,0.0,0.2158427707044171,4567870339.620942,384665021000.0,0.0118749303686256,0.0267261539790748,0.0182554149362434,0.4640124079575922,0.2275991484642011,0.1731583647792161,0.2280416460171772,-0.0929984351119866,,,48.73816272918027,48.73816272918027,False,79.03599160231737,79.03599160231737,71.46153438403309,389.0,True,True,True,True,True,True,True,True,True,True,True,True,False,True,False,False,False,13,False,0.2604855270338986,0.3403169456093409,1.0,4570486704.0,0.041743970315398886,2.0,3.0,,,,,,0.07907986573258165,0.01974863341339674,0.3056882380148197,-1.1015565387820407,0.8623853211009174,-1.1015565387820407,0.84044881699662,-389.0,0.6146788990825688,0.7339449541284404,0.9541284403669725,0.6655963302752294,0.7183486238532111,萬海
26.200000762939453,26.25,26.049999237060547,26.200000762939453,1880041.0,-0.005692585061052191,26.210000228881835,0.011583055939295761,26.034999942779546,0.03149610852062934,25.945869604746502,0.0076923370361328125,26.055434799194337,0.002213460578115622,59.25924356094342,3434320.15,0.5474274144185423,0.006337653947476429,2633.TW,2026-09-02,0.028901733254324657,0.0318840874565971,bull,0.4972170686456401,0.2847866419294991,2026-03-31,2026-05-15,13890559000.0,6507585000.0,6005315000.0,2459406000.0,361594000.0,,0.37,31298888000.0,26659970000.0,385590683000.0,310720108000.0,74870575000.0,6412502000.0,,200986207000.0,19480536000.0,0.1470249320364348,5122383970.267617,358930713000.0,0.0142712333738562,,,4.150096456451683,0.4684897850403284,0.4323306930988163,,0.0386525457478499,,,54.06824397432061,54.06824397432061,False,61.55778590017571,61.55778590017571,59.685400418711936,312.0,True,False,False,True,True,True,True,True,False,False,True,True,False,True,False,False,False,9,False,0.009794667207703167,0.005548399589539121,1.0,89979190.55017833,0.3432282003710575,0.0,3.0,,,,,,0.05395363932630457,0.0006044483453703618,0.1651083370244169,-1.007971250566458,0.6330275229357798,-1.007971250566458,0.684800002083124,-312.0,0.6788990825688074,0.24770642201834864,0.7798165137614679,0.6940366972477064,0.569724770642202,台灣高鐵
38.0,38.04999923706055,37.70000076293945,37.84999847412109,99006.0,-0.007863775616216206,37.90999908447266,0.11160056746563929,36.402499771118165,0.06022402423625639,35.6531104405721,0.10997067940768135,35.21697181065877,0.02383630570188933,71.57892200757307,132896.3,0.744986880748373,0.03976371711020166,2739.TW,2026-09-02,0.028901733254324657,0.0318840874565971,bull,0.1456400742115028,0.21985157699443414,2026-03-31,2026-05-15,1423271000.0,578036000.0,170254000.0,150826000.0,31760000.0,119066000.0,1.3,1661188000.0,2505476000.0,11529842000.0,10032415000.0,1497427000.0,761384000.0,,,,0.210573773752536,134402972.72353572,9024366000.0,0.0148933423936413,0.079513725877789,0.0103267677041888,6.699769003764457,0.4061320718260963,0.1196216321417354,0.0836565910497719,0.0170115129792549,,,49.01608685942811,49.01608685942811,False,68.44815144131087,68.44815144131087,63.59013529584018,386.0,True,False,True,True,True,True,True,True,True,True,True,True,False,True,False,False,False,12,False,0.06161841158882453,0.074765845218566,1.0,5030124.752216338,0.7068645640074211,1.0,3.0,,,,,,0.0686105290699641,0.050545470264450235,0.22897642947023739,-0.33398946116432715,0.8399082568807339,-0.33398946116432715,0.8147307558664277,-386.0,0.6330275229357798,0.41284403669724773,0.9174311926605505,0.6756880733944954,0.6238532110091743,寒舍
144.5,145.0,142.5,143.5,13003615.0,0.036101083032491044,143.6,0.10810810810810811,133.5,0.1479999999999999,129.05332984924317,0.6051453864736298,111.77833143870036,0.029496818970503092,69.23076923076923,19358058.2,0.6717417039277215,0.07490636704119846,2881.TW,2026-09-02,0.028901733254324657,0.0318840874565971,bull,0.15213358070500926,0.10853432282003711,2026-03-31,2026-05-15,66193246000.0,,,38624861000.0,5062760000.0,33551455000.0,,,,13120104726000.0,12085399702000.0,1034705024000.0,358727505000.0,,,,0.131075164257549,,13120104726000.0,,0.0324261062058977,0.0025572551211051,11.68004351160858,,,0.5068712750542556,-0.3925800152621125,,,12.264204123597382,12.264204123597382,False,74.81953261648286,74.81953261648286,59.18070049326149,1006.0,True,False,True,True,True,True,True,True,True,True,True,True,False,True,False,False,False,12,False,0.11194341260030294,0.28379085778978475,1.0,2777881351.7,0.061224489795918366,2.0,3.0,,,,,,-0.04450250947470049,-0.1475969535470757,0.39822606369247615,-1.284612327954707,0.4692660550458716,-1.284612327954707,0.4583137374827607,-1006.0,0.07339449541284404,0.22018348623853212,0.44036697247706424,0.12844036697247707,0.1908256880733945,富邦金
109.5,110.0,108.0,109.0,23830374.0,0.06341463414634152,107.7,0.08457711442786064,101.74499969482422,0.04807692307692313,100.32327575683594,0.5034482758620689,89.04080454508464,0.020869917402435753,67.27272727272728,20746361.1,1.1486531968249603,0.0713057184818573,2882.TW,2026-09-02,0.028901733254324657,0.0318840874565971,bull,0.19666048237476808,0.24118738404452691,2026-03-31,2026-05-15,72538053000.0,,,38391738000.0,6735806000.0,31593811000.0,,,,14450034484000.0,13633007653000.0,817026831000.0,293505959000.0,,,,0.1754493636104726,,14450034484000.0,,0.0386692453677815,0.0021864176888285,16.686119887046893,,,0.4355480977687669,-0.3173702053156907,,,13.906153918122188,13.906153918122188,False,73.28172380497625,73.28172380497625,58.437831333262736,983.0,True,False,True,True,True,True,True,True,True,True,True,True,True,True,False,False,False,13,False,0.08648764883031479,0.22415785163766433,1.0,2261353359.9,0.06957328385899815,2.0,3.0,,,,,,-0.03190303863224687,-0.14955220955732013,0.37248569477537263,-1.1709179356039374,0.48211009174311925,-1.1709179356039374,0.4903658885776533,-983.0,0.11009174311926606,0.1926605504587156,0.5045871559633027,0.16926605504587156,0.21376146788990827,國泰金
34.849998474121094,35.599998474121094,34.599998474121094,35.5,47073869.0,0.10077519379844957,33.84000015258789,0.12341770795728335,31.8375,0.2220310131612968,30.33448429107666,0.7749999999999999,25.985992097854616,0.027181804148795986,75.64104068914992,42984032.65,1.0951478048442251,0.11503729878288182,2883.TW,2026-09-02,0.028901733254324657,0.0318840874565971,bull,0.13358070500927643,0.0686456400742115,2026-03-31,2026-05-15,23565513000.0,,,13099615000.0,1407592000.0,11689699000.0,,,,4235032868000.0,3864021319000.0,371011549000.0,75116245000.0,,,,0.1074529289601259,,4235032868000.0,,0.0315076418281523,0.0027602380818169,10.414827596108069,,,0.4960511150340754,-0.1317078255463794,,,12.146336472811727,12.146336472811727,False,79.65577778680844,79.65577778680844,62.778417458309264,1011.0,True,True,True,True,True,True,True,False,True,True,False,True,True,True,False,False,False,12,False,0.17028526542127032,0.3661206340061518,1.0,1525933159.075,0.08998144712430427,1.0,3.0,,,,,,-0.045724639934166374,-0.1590012701712243,0.3184539363410075,-0.9665154889523558,0.4596330275229358,-0.9665154889523558,0.46187650085518406,-1011.0,0.06422018348623854,0.3669724770642202,0.44954128440366975,0.12201834862385322,0.23211009174311928,凱基金
40.20000076293945,41.20000076293945,39.75,41.20000076293945,80419941.0,0.09866668701171877,38.96999969482422,0.15406162135743173,37.017500495910646,0.3942471007331836,34.69786869684855,0.6713996511370308,29.556434329350793,0.026624137284792338,73.80952380952381,59780494.25,1.3452538659798718,0.11298710639555076,2887.TW,2026-09-02,0.028901733254324657,0.0318840874565971,bull,0.10204081632653061,0.030612244897959183,2026-03-31,2026-05-15,47867456000.0,,,25588754000.0,4532177000.0,21040510000.0,,,,9064708955000.0,8465511408000.0,599197547000.0,97795796000.0,,,,0.1771159705548773,,9064708955000.0,,0.035114479532407,0.0023211456765409,14.12808088147931,,,0.439557723727787,0.933005034802805,,,37.907562917661295,37.907562917661295,False,83.4661771372166,83.4661771372166,72.07652358232778,561.0,True,True,True,True,True,True,True,False,True,True,True,True,True,True,False,False,False,13,False,0.18739283737855228,0.39394354216895855,1.0,2462956408.7088976,0.06493506493506493,1.0,3.0,,,,,,-0.15490765274520069,-0.2463747856498366,0.16336619761462975,-1.66469077092812,0.1261467889908257,-1.66469077092812,0.13529957740486614,-561.0,0.47706422018348627,0.7431192660550459,0.07339449541284404,0.41651376146788993,0.4761467889908257,台新新光金
15.600000381469728,16.149999618530273,15.600000381469728,16.0,22640351.0,0.058387917487558116,15.553971290588379,0.042345250969175297,15.404961109161377,0.06666666666666665,15.37248706817627,-0.033232583831721785,15.255826870600382,0.0007140987235352583,58.09589988281459,11345164.55,1.995594766406451,0.03862644550817795,2889.TW,2026-09-02,0.028901733254324657,0.0318840874565971,bull,0.33116883116883117,0.212430426716141,2026-03-31,2026-05-15,2670617000.0,,,1318966000.0,191865000.0,897373000.0,,,,469578158000.0,414812209000.0,54765949000.0,15724281000.0,,,,0.1454662212672654,,469578158000.0,,0.0163856012063262,0.0019110194644104,7.57427227272187,,,0.3360171076571444,0.5571184687557942,,,31.713016597318976,31.713016597318976,False,71.44964389467549,71.44964389467549,61.51548707033636,654.0,True,False,True,True,True,True,True,True,True,True,True,True,True,True,False,False,False,13,False,0.0408205210413084,0.048779599802205365,1.0,181522632.8,0.2662337662337662,0.0,3.0,,,,,,-0.04770145337005386,-0.13065905055200153,0.135402568774668,-1.4661062371179923,0.21651376146788992,-1.4661062371179923,0.24160225104044514,-654.0,0.3486238532110092,0.3119266055045872,0.1743119266055046,0.32247706422018346,0.30275229357798167,國票金
41.5,42.29999923706055,40.95000076293945,42.150001525878906,29076519.0,0.07662834950381647,40.779999542236325,0.06573962930401311,39.739999771118164,0.23065697885777836,39.01358216603597,0.3213166780539565,35.20720779101054,0.00664936213096182,67.74196128570208,23079807.1,1.2598250442049839,0.060644231722222,2890.TW,2026-09-02,0.028901733254324657,0.0318840874565971,bull,0.24953617810760667,0.06493506493506493,2026-03-31,2026-05-15,26199317000.0,,,13172491000.0,2157069000.0,10973530000.0,,,,3820349236000.0,3552231164000.0,268118072000.0,41779009000.0,,,,0.163755587306911,,3820349236000.0,,0.0409279759403909,0.0028723892299148,13.24875692825361,,,0.4188479417230609,0.4040584778805451,,,40.18365017296791,40.18365017296791,False,75.61836461673067,75.61836461673067,66.75968600578999,507.0,True,True,True,True,True,True,True,True,True,True,True,True,True,True,False,False,False,14,False,0.08039301150288658,0.19719807875934636,1.0,972813904.4819909,0.11966604823747681,1.0,3.0,,,,,,-0.10969188208497666,-0.1993757210175263,0.16413404704453785,-1.62000092460975,0.1724770642201835,-1.62000092460975,0.16017631990243972,-507.0,0.5412844036697247,0.5963302752293578,0.11009174311926606,0.47660550458715595,0.4715596330275229,永豐金
17.350000381469727,17.899999618530273,17.299999237060547,17.799999237060547,1548806.0,0.031986938943053156,17.390171432495116,0.08868494322692344,17.01914005279541,0.2318338734957932,15.988880030314128,0.14838704755229326,15.017773334185282,0.010391938348334693,69.23655509590071,1456416.6,1.0634361074983627,0.04588123617543638,2905.TW,2026-09-02,0.028901733254324657,0.0318840874565971,bull,0.18738404452690166,0.0640074211502783,2026-03-31,2026-05-15,29552820000.0,,,,-68929000.0,32878000.0,0.03,133124099000.0,1468399841000.0,1617410517000.0,62246052000.0,86764624000.0,72610211000.0,2757000000.0,7269508000.0,,,,149010676000.0,,0.0003789332389661,2.032755423217024e-05,0.717412801788895,,,0.0011125165043471,-0.4161502905041906,,,21.27042291580655,21.27042291580655,False,72.97863582820793,72.97863582820793,60.05158260010758,840.0,True,False,True,True,True,True,True,True,True,True,True,True,True,True,False,False,False,13,False,0.11327367541145006,0.1852622117116407,1.0,25924214.36884232,0.49814471243042674,0.0,3.0,,,,,,0.026935566664611412,-0.004643170047897523,0.20813079606517407,-1.7495190212725584,0.48302752293577983,-1.7495190212725584,0.5080058069291745,-840.0,0.22018348623853212,0.26605504587155965,0.5504587155963303,0.26972477064220185,0.30000000000000004,三商
276.0,284.5,271.0,281.5,9151280.0,0.02925045703839113,279.2,0.17782426778242688,268.875,0.31235431235431244,233.89495340983072,0.7217125382262997,214.19747670491537,0.07981927710843373,51.55038759689923,12854639.55,0.7119048312793803,0.04695490469549046,3006.TW,2026-09-02,0.028901733254324657,0.0318840874565971,bull,0.07606679035250463,0.045454545454545456,2026-03-31,2026-05-15,7266900000.0,3453448000.0,2254754000.0,2352467000.0,288641000.0,2063883000.0,7.22,17585827000.0,5859607000.0,20073767000.0,7169155000.0,12904612000.0,7031281000.0,1000000000.0,693679000.0,0.0,0.1226971515434647,1978102106.7687664,14214160000.0,0.1391641930841334,0.1599337508171497,0.1028149325435529,0.5555498297817866,0.4752298779396992,0.3102772846743453,0.2840114766957024,1.503294079957009,,,98.64788449850906,98.64788449850906,True,75.49454137768542,75.49454137768542,81.28287715789133,7.0,True,True,True,True,True,True,True,True,True,True,True,True,False,True,True,True,True,14,False,0.2035317389116802,0.31420782508938006,1.0,3618581033.3250003,0.05102040816326531,2.0,0.0,,,,,,0.006637399699827362,-0.10515899252338483,0.25964742784494665,-1.3470148222248153,0.47155963302752296,-1.3470148222248153,0.45051932998943245,-7.0,0.981651376146789,0.8990825688073395,0.42201834862385323,0.8977064220183486,0.844954128440367,晶豪科
3365.0,3490.0,3280.0,3310.0,3018361.0,0.04912836767036444,3369.0,0.21245421245421237,3070.2915649414062,0.300589390962672,2613.2638549804688,0.7653333333333334,2516.3819274902344,0.07974210850147091,55.21109012951464,4177142.5,0.7225899044622012,0.07807350865166729,3017.TW,2026-09-02,0.028901733254324657,0.0318840874565971,bull,0.059369202226345084,0.05009276437847866,2026-03-31,2026-05-15,49037946000.0,14597401000.0,12019030000.0,11979060000.0,3304089000.0,7915619000.0,20.17,135871669000.0,112699102000.0,175993383000.0,124678400000.0,51314983000.0,67880246000.0,16445795000.0,7190026000.0,,0.2758220594938167,8703916392.282032,63294281000.0,0.1375150527783392,0.1542555124689411,0.0449767989288551,2.4296685433959904,0.2976756204266794,0.2450965217833552,0.161418241294201,1.1016606943545204,,,82.5145908535667,82.5145908535667,False,82.04060846640289,82.04060846640289,82.15910406319384,70.0,True,True,True,True,True,True,True,True,True,True,True,True,False,True,True,False,False,13,False,0.266615307019864,0.31538061207636203,1.0,13826341675.0,0.012987012987012988,3.0,2.0,,,,,,0.08124416989279787,-0.013447425426124699,0.3638153787841055,-1.0063430682443957,0.85,-1.0063430682443957,0.8472409997409998,-70.0,0.8807339449541285,0.9174311926605505,0.9724770642201835,0.8944954128440368,0.9100917431192661,奇鋐
127.0,142.0,127.0,142.0,4302009.0,0.11811023622047245,128.8,0.2678571428571428,117.25,0.6173120166783077,122.69818000793457,1.4108658119068034,102.42159001032512,0.06994570573765352,66.90647482014388,2247862.4,1.9138222161641212,0.21108742004264403,3055.TW,2026-09-02,0.028901733254324657,0.0318840874565971,bull,0.036178107606679034,0.013914656771799629,2026-03-31,2026-05-15,84070000.0,26798000.0,-54195000.0,-15984000.0,508000.0,-17388000.0,-0.15,1123572000.0,157618000.0,1932560000.0,284996000.0,1647564000.0,837950000.0,0.0,5887000.0,,0.0,-54195000.0,1774942000.0,-0.0305333920770368,-0.0105537630101167,-0.0089973920602723,0.1729802302065352,0.3187581777090519,-0.6446413702866659,-0.2068276436303081,0.2642485488285362,,,36.22349624220495,36.22349624220495,False,79.38885541764375,79.38885541764375,68.59751562378405,589.0,True,True,True,True,True,False,True,True,True,True,False,True,True,False,False,False,False,11,False,0.15731137976795773,0.38642643592708326,1.0,319196460.8,0.21150278293135436,2.0,3.0,,,,,,-0.11539621125268927,-0.2072158032934488,0.11999522753485661,-1.753482517445098,0.08256880733944955,-1.753482517445098,0.11992577745246921,-589.0,0.44954128440366975,0.6513761467889908,0.05504587155963303,0.3903669724770642,0.4311926605504587,蔚華科
40.59999847412109,42.59999847412109,40.29999923706055,41.20000076293945,5483582.0,0.07994755216435823,40.35999984741211,0.14285718820722026,37.79749984741211,0.361939356980159,37.647293154398604,0.7720430435672883,32.82662855784098,0.03939226968408573,62.500009934109045,2659288.9,2.062048241543068,0.09001920574808331,3094.TW,2026-09-02,0.028901733254324657,0.0318840874565971,bull,0.11131725417439703,0.03525046382189239,2026-03-31,2026-05-15,47206000.0,35395000.0,2347000.0,7478000.0,1717000.0,5761000.0,0.07,792305000.0,52199000.0,1133462000.0,121752000.0,1011710000.0,710423000.0,,,,0.229606846750468,1808112.730676652,1081263000.0,0.0016722228825703,0.005694319518439,0.0050826582629148,0.1203427859762184,0.7497987543956277,0.0497182561538787,0.1220395712409439,-0.0850131803380369,,,35.49964257677029,35.49964257677029,False,87.76374154080322,87.76374154080322,74.69771679979499,596.0,True,True,True,True,True,True,True,True,True,True,True,True,True,True,False,False,False,14,False,0.09436820846509542,0.2550786533056377,1.0,109562704.70887642,0.32189239332096475,1.0,3.0,,,,,,-0.012485851418711974,-0.07524016319275909,0.23145260748899588,-1.6188209728912457,0.3706422018348624,-1.6188209728912457,0.44037976973756787,-596.0,0.42201834862385323,0.7706422018348624,0.3669724770642202,0.41376146788990825,0.5155963302752293,聯傑
850.0,864.0,837.0,847.0,14863127.0,-0.0385925085130534,870.6,0.022946859903381744,853.45,0.18627450980392157,777.9493326822917,1.9307958477508649,633.0371663411458,0.052213044014301595,49.57081545064378,17560490.05,0.8463959125104256,-0.007557560489776849,3189.TW,2026-09-02,0.028901733254324657,0.0318840874565971,bull,0.4165120593692022,0.07977736549165121,2026-03-31,2026-05-15,11104965000.0,2349499000.0,890638000.0,964461000.0,88658000.0,549232000.0,1.17,33407134000.0,17816161000.0,83654067000.0,32183791000.0,51470276000.0,11635037000.0,1278540000.0,7562530000.0,,0.0919249197220001,808766173.3486372,65837906000.0,0.0122842025587605,0.0106708578753298,0.0065655146210643,0.6252888754666869,0.2115719410191747,0.0802017836166075,0.0494582378242524,0.2883172632505095,,,45.18411999125517,45.18411999125517,False,60.51020408163265,60.51020408163265,56.67868305903828,430.0,True,False,False,True,False,True,True,False,False,True,True,True,True,True,False,False,False,9,False,0.08875985159551258,0.33799411003863367,1.0,14873735072.35,0.012059369202226345,3.0,3.0,,,,,,-0.11794696219928376,-0.23780655428872682,0.14335008793052076,-1.9209890184604814,0.06834862385321101,-1.9209890184604814,0.07565402564695603,-430.0,0.5779816513761468,0.1559633027522936,0.01834862385321101,0.4940366972477064,0.33944954128440363,景碩
62.70000076293945,63.5,62.5,63.20000076293945,743765.0,0.01935485101515244,62.380000305175784,0.106830165531143,61.62999992370605,0.05333334604899087,59.70666662851969,0.3886152914382097,55.96462319691976,0.022480300601056644,51.578942718930406,671181.25,1.1081432921435157,0.025474620171620277,3356.TW,2026-09-02,0.028901733254324657,0.0318840874565971,bull,0.15306122448979592,0.23098330241187384,2026-03-31,2026-05-15,281264000.0,139594000.0,10233000.0,198018000.0,20957000.0,176986000.0,2.21,2893011000.0,391712000.0,3096581000.0,420305000.0,2676276000.0,809972000.0,50000000.0,,,0.1058338130876991,9150002.590673575,2704869000.0,0.0033827895512402,0.0661314453367291,0.0571552948235489,0.157048450907156,0.4963095170373741,0.0363821889754821,0.6292522327777462,0.0806540849572754,,,63.62657398368869,63.62657398368869,False,67.65765982050694,67.65765982050694,66.64988836130237,230.0,True,False,True,True,True,True,True,True,True,True,True,True,True,True,True,False,False,13,False,0.058508276071655985,0.12928484375854632,1.0,42418655.512070656,0.4322820037105751,1.0,3.0,,,,,,0.04994161646731739,0.008138848621680373,0.1780470810484796,-1.6640036457174707,0.5311926605504587,-1.6640036457174707,0.5381284073988125,-230.0,0.7339449541284404,0.5779816513761468,0.5779816513761468,0.7105504587155964,0.6559633027522935,奇偶
5955.0,6080.0,5860.0,5895.0,1156879.0,-0.03755102040816327,5985.0,0.34282460136674264,5477.0,0.3677494199535962,4738.25,1.5859635455684677,4271.616133626302,0.09979919678714859,55.98650927487353,2248245.5,0.5145696944573002,0.0763191528208873,3443.TW,2026-09-02,0.028901733254324657,0.0318840874565971,bull,0.023191094619666047,0.03339517625231911,2026-03-31,2026-05-15,11447812000.0,3113307000.0,1824178000.0,1924721000.0,278481000.0,1646240000.0,12.28,31638843000.0,19973296000.0,35132291000.0,20548418000.0,14583873000.0,7671980000.0,,,,0.144686424681811,1560244207.1967833,15158995000.0,0.1029253065389086,0.1128808513348957,0.0468583161855285,1.4089822367487703,0.2719565101173918,0.1593473058432476,0.1438038989459295,0.6298963899650951,,,83.63888359987813,83.63888359987813,True,84.25877190670212,84.25877190670212,84.10379982999612,63.0,True,True,True,True,True,True,True,True,True,True,True,True,False,True,True,True,False,13,False,0.24413021685221348,0.3800397356856031,1.0,13253407222.5,0.014842300556586271,3.0,2.0,,,,,,0.08411514432903108,-0.04243843892394006,0.44810886335665623,-0.5589550679957933,0.8532110091743119,-0.5589550679957933,0.8012547522094742,-63.0,0.8990825688073395,0.963302752293578,0.908256880733945,0.9004587155963303,0.9201834862385321,創意
619.0,626.0,601.0,602.0,11002693.0,0.04878048780487809,617.2,0.2673684210526315,550.5,0.18975862412542832,504.07018686930337,1.1930783242258651,435.76477737426757,0.10647706145419833,60.99706744868035,12694005.85,0.8667628745420817,0.09355131698455943,3450.TW,2026-09-02,0.028901733254324657,0.0318840874565971,bull,0.03710575139146568,0.07606679035250463,2026-03-31,2026-05-15,2086881000.0,517637000.0,265998000.0,305196000.0,125755000.0,100381000.0,0.69,7884253000.0,4106443000.0,13684502000.0,5884300000.0,7800202000.0,2629692000.0,117848000.0,986625000.0,,0.4,159598800.0,9578059000.0,0.0166629585388855,0.0128690256995908,0.0073353783718252,0.7543778994441426,0.248043371902854,0.1274619875306737,0.048100969820512,-0.243335936667196,,,38.19504843746604,38.19504843746604,False,89.77784239113487,89.77784239113487,76.88214390271766,557.0,True,True,True,True,True,True,True,True,True,True,True,True,True,True,False,False,False,14,False,0.1942781296765883,0.38147925499485047,1.0,7641791521.7,0.029684601113172542,3.0,3.0,,,,,,0.020984131609766796,-0.10755202538309541,0.2873994573172087,-1.466392873473069,0.5087155963302752,-1.466392873473069,0.5639305307642142,-557.0,0.4954128440366973,0.7981651376146789,0.5871559633027523,0.5091743119266054,0.6045871559633027,聯鈞
86.5,95.3000030517578,86.30000305175781,94.3000030517578,9554422.0,0.10163556930747997,91.08000030517579,0.2326797784543504,80.85999946594238,0.17727846252362256,77.27166633605957,0.6543860184518913,71.88333326975504,0.062130568169348414,70.93821274586895,3861480.5,2.47428984815539,0.16621325345761662,3504.TW,2026-09-02,0.028901733254324657,0.0318840874565971,bull,0.05009276437847866,0.08719851576994433,2026-03-31,2026-05-15,684957000.0,124843000.0,-9502000.0,7393000.0,1414000.0,5979000.0,0.05,2230493000.0,1016643000.0,4251347000.0,1422483000.0,2828864000.0,1174939000.0,85127000.0,112000000.0,,0.1912620045989449,-7684628.432300826,3234704000.0,-0.002375682112583,0.0021135692631388,0.0014063777903803,0.5028460187552318,0.1822639961340638,-0.0138724036691354,0.0087290151060577,0.0537005671880119,,,23.10660181855068,23.10660181855068,False,81.31725417439704,81.31725417439704,66.76459108543546,806.0,True,True,True,True,True,True,True,True,True,True,False,True,True,False,False,False,False,12,False,0.2203697360639394,0.31184794530715765,1.0,364137622.9343032,0.19758812615955473,1.0,3.0,,,,,,0.016802986376608976,-0.0853807349824065,0.27704234460849,-1.6551681176977344,0.46376146788990824,-1.6551681176977344,0.4705363866091335,-806.0,0.23853211009174313,0.6055045871559633,0.46788990825688076,0.2729357798165138,0.3944954128440367,揚明光
47.900001525878906,49.79999923706055,47.25,48.650001525878906,3678469.0,0.07871403928749254,50.869999694824216,0.460961040255367,43.2774995803833,0.46504044531198296,34.628818384806316,0.011434575243359557,38.21827271779378,0.1190768680078823,65.13274467731722,3935597.65,0.9346659204352356,0.12414076593119172,3543.TW,2026-09-02,0.028901733254324657,0.0318840874565971,bull,0.016697588126159554,0.02411873840445269,2026-03-31,2026-05-15,836726000.0,78715000.0,-50443000.0,-19959000.0,3504000.0,-16915000.0,-0.16,3789651000.0,1258588000.0,5554278000.0,1844510000.0,3709768000.0,1331306000.0,149106000.0,65113000.0,380511000.0,0.0,-50443000.0,4295690000.0,-0.0117427002414047,-0.0045595843190194,-0.0030454003202576,0.497203598715607,0.0940750018524582,-0.060286162973303,-0.0202156978509093,-0.0602944925557016,,,14.660362838801094,14.660362838801094,False,89.30416536575143,89.30416536575143,70.64321473401385,965.0,True,True,True,True,True,True,True,True,True,True,True,False,True,True,False,False,False,13,False,0.4048992658445574,0.2729513414987039,1.0,191466831.67774543,0.2625231910946197,1.0,3.0,,,,,,-0.03941830114221286,-0.11935730453089273,0.1926205560567071,-2.0259751474165575,0.19036697247706424,-2.0259751474165575,0.22511787778989617,-965.0,0.11926605504587157,0.7064220183486238,0.1651376146788991,0.1261467889908257,0.30458715596330277,州巧
123.5,134.0,120.0,127.0,19945817.0,0.1339285714285714,128.4,0.2692066490115852,119.44161186218261,0.746905162739085,95.26651369730631,1.1166666666666667,83.67266190846762,0.09655373420109797,46.79487179487179,13668221.9,1.4592839614346618,0.06328102928264734,3605.TW,2026-09-02,0.028901733254324657,0.0318840874565971,bull,0.03525046382189239,0.01020408163265306,2026-03-31,2026-05-15,2821542000.0,693877000.0,147463000.0,143021000.0,35356000.0,107659000.0,0.67,7733924000.0,4283420000.0,15202980000.0,7237415000.0,7965565000.0,2596697000.0,794000000.0,2115835000.0,130740000.0,0.2472084519056642,111008900.05663504,10919560000.0,0.010166059809794,0.0135155509998349,0.007081440612301,0.9085877775148404,0.2459212019526911,0.0522632659730034,0.0381560862818983,0.0947751117457165,,,35.95481269053683,35.95481269053683,False,82.78816949670303,82.78816949670303,71.07983029516149,592.0,True,True,True,True,True,True,True,False,True,True,False,True,True,True,False,False,False,12,False,0.33310221053665967,0.5178195255569811,1.0,1735864181.3,0.08070500927643785,2.0,3.0,,,,,,0.022662630384529973,-0.04314917144188751,0.30061022719800295,-1.6050510066451589,0.560091743119266,-1.6050510066451589,0.5902907080726832,-592.0,0.43119266055045874,0.7155963302752294,0.6238532110091743,0.4600917431192661,0.555045871559633,宏致
5755.0,5850.0,5660.0,5770.0,1287195.0,0.007860262008733576,5815.0,0.32949308755760365,5154.75,0.4663278271918678,4057.8979614257814,0.6773255813953489,4055.9073140462237,0.1102794679877228,68.88519134775375,1500244.05,0.8579904049611128,0.11935593384742238,3653.TW,2026-09-02,0.028901733254324657,0.0318840874565971,bull,0.025974025974025976,0.023191094619666047,2026-03-31,2026-05-15,5305216000.0,2216652000.0,1696566000.0,1775586000.0,371056000.0,1398199000.0,9.53,20477674000.0,8468040000.0,30307238000.0,8909881000.0,21397357000.0,10253854000.0,,,,0.2089766420776014,1342023334.256972,21839198000.0,0.0614502114160498,0.0653444722168256,0.0461341610871963,0.4164010069094047,0.4178250235240186,0.3197920687866432,0.2635517573648274,0.116346562150301,,,88.8947474261209,88.8947474261209,False,84.82600595617971,84.82600595617971,85.84319132366501,39.0,True,True,True,True,True,True,True,True,True,True,True,True,True,True,True,False,False,14,False,0.4219184550349451,0.422616335441792,1.0,8656408168.5,0.025974025974025976,3.0,2.0,,,,,,0.0058866717489571485,-0.06621320259214512,0.2250985336722485,-1.6403367758173437,0.41651376146788993,-1.6403367758173437,0.3760608765222904,-39.0,0.944954128440367,0.981651376146789,0.28440366972477066,0.8458715596330275,0.8238532110091743,健策
95.0999984741211,95.3000030517578,93.8000030517578,94.6999969482422,12671859.0,0.03497264424308422,93.27999877929688,0.03046784957424431,91.95999908447266,0.031590346406081826,89.57666664123535,0.14096381865352048,86.56083348592122,0.012217935834927382,62.29510042049278,10843213.3,1.1686442615677402,0.02979554035502585,3706.TW,2026-09-02,0.028901733254324657,0.0318840874565971,bull,0.3812615955473098,0.28385899814471244,2026-03-31,2026-05-15,31863922000.0,2934046000.0,1186173000.0,1645175000.0,108264000.0,1460985000.0,1.1,82662619000.0,48216898000.0,135913012000.0,68280278000.0,67632734000.0,9782105000.0,1879510000.0,7968750000.0,,0.0658069810202562,1108114535.9022596,87696114000.0,0.0126358453682709,0.0216017439129401,0.0107494122784947,1.009574417027116,0.0920805040886052,0.0372262083744744,0.0458507587358517,0.3464486758783238,,,39.67324991044731,39.67324991044731,False,68.91500725539868,68.91500725539868,61.604567919160836,516.0,True,False,True,True,True,True,True,True,True,False,True,True,True,True,False,False,False,12,False,0.0571949202745663,0.09402824735559867,1.0,1026852266.4191393,0.11595547309833024,1.0,3.0,,,,,,0.03638282018266034,-0.0137187479935853,0.20325533565815362,-1.7836624245437267,0.47339449541284406,-1.7836624245437267,0.44439034681955836,-516.0,0.5229357798165137,0.3211009174311927,0.3944954128440367,0.5036697247706422,0.436697247706422,神達
56.5,56.5,55.20000076293945,55.900001525878906,178776.0,0.07088123963335935,55.060000610351565,0.15020582882620825,53.12250022888183,0.3076023748743604,48.19810333251953,0.04681647806299116,47.668634923299145,0.03366250538004619,54.08164695221357,215871.5,0.8281593447953991,0.05228483759292257,4119.TW,2026-09-02,0.028901733254324657,0.0318840874565971,bull,0.1038961038961039,0.04638218923933209,2026-03-31,2026-05-15,375798000.0,82325000.0,33151000.0,28590000.0,8480000.0,20110000.0,0.17,1104577000.0,1053320000.0,6954821000.0,1544198000.0,5410623000.0,51949000.0,390000000.0,300399000.0,,0.2966072053165442,23318174.53655124,5901501000.0,0.0039512277531684,0.0037167623765322,0.0028915194222827,0.2854011451176694,0.2190671584202151,0.0882149452631466,0.0535127914464685,0.0430373141784996,,,33.11973270077256,33.11973270077256,False,77.39357300955886,77.39357300955886,66.32511293236229,629.0,True,True,True,True,True,True,True,True,True,True,True,True,True,True,False,False,False,14,False,0.1597967069414299,0.17267888236834095,1.0,12067217.179393768,0.5955473098330241,1.0,3.0,,,,,,0.01796883643342857,-0.02742475376992038,0.18674436455360952,-1.6712478936751354,0.42293577981651376,-1.6712478936751354,0.41956027605741586,-629.0,0.3761467889908257,0.5596330275229358,0.3577981651376147,0.37339449541284403,0.42752293577981654,旭富
26.450000762939453,26.450000762939453,25.799999237060547,25.799999237060547,8956.0,-0.0057804054515917525,25.960000228881835,0.019762846445765092,25.327500152587895,0.02584491564172242,25.27177038192749,-0.10104534664764542,25.64838520685832,0.0077703875896953396,76.59571877754476,9625.95,0.9304016746399056,0.018655575229534538,4190.TW,2026-09-02,0.028901733254324657,0.0318840874565971,bull,0.44155844155844154,0.300556586270872,2026-03-31,2026-05-15,547291000.0,358277000.0,-2980000.0,-1118000.0,14477000.0,-15595000.0,-0.26,1622513000.0,3364541000.0,6747057000.0,5134925000.0,1612132000.0,755987000.0,400000000.0,918267000.0,0.0,0.0,-2980000.0,3382516000.0,-0.0008810010063514,-0.0096735254929497,-0.0023113781312355,3.185176524006719,0.6546371126146785,-0.0054450009227266,-0.0284948957684303,-0.0893812082993626,,,14.664956846451332,14.664956846451332,False,55.793963365602835,55.793963365602835,45.511711735814956,964.0,True,False,False,True,True,True,True,False,False,False,True,True,True,True,False,False,False,9,False,0.020901933151102448,0.0059112505126321935,1.0,248349.502655983,0.9833024118738405,0.0,3.0,,,,,,-0.015204074739815589,-0.051371824281028954,0.17495761809345978,-1.0368901763495384,0.40321100917431196,-1.0368901763495384,0.36322731890055665,-964.0,0.12844036697247707,0.009174311926605505,0.27522935779816515,0.15045871559633028,0.12201834862385322,佐登-KY
57.0,57.79999923706055,56.5,57.400001525878906,53200.0,-0.0034721693322966596,57.57999954223633,0.05709028236417657,56.814999961853026,0.051282108608207144,56.740000089009605,-0.023809485192973434,59.203333441416426,0.010224036410118644,51.21954169609105,52295.95,1.0172871895433586,0.010296604143600563,4737.TW,2026-09-02,0.028901733254324657,0.0318840874565971,bull,0.2755102040816326,0.23191094619666047,2026-03-31,2026-05-15,405264000.0,122255000.0,-88509000.0,-100891000.0,-21625000.0,-79924000.0,-1.09,1492041000.0,1758421000.0,5654786000.0,3442043000.0,2212743000.0,387476000.0,517663000.0,1666248000.0,,0.2143402285634992,-69537960.71007325,3896365000.0,-0.0178468805438076,-0.0361198747437004,-0.0141338681958963,1.555554802342613,0.3016675549765091,-0.2183983773540211,-0.1972146551383789,-0.1582270724761705,,,15.873895957923814,15.873895957923814,False,61.939030480795886,61.939030480795886,50.42274685007787,938.0,True,False,True,True,True,True,True,True,True,True,True,True,True,True,False,False,False,13,False,0.011632030945257998,-0.030459972618298137,0.0,3001787.609797287,0.7829313543599258,1.0,3.0,,,,,,-0.029667839871404828,-0.047676730386624636,0.1398311899617628,-1.742211355531291,0.24770642201834864,-1.742211355531291,0.28503617833866085,-938.0,0.1559633027522936,0.06422018348623854,0.21100917431192662,0.1642201834862385,0.13944954128440368,華廣
50.59999847412109,51.900001525878906,49.59999847412109,51.5,16149501.0,0.10515025077951634,47.85,0.0629514796497912,49.275,0.13561194559661138,47.97083326975505,0.20892023109544344,45.63708337148031,-0.003387772138636189,49.69325612820759,9278671.45,1.7404971268812413,0.04515474378488071,4763.TW,2026-09-02,0.028901733254324657,0.0318840874565971,bull,0.2588126159554731,0.12337662337662338,2026-03-31,2026-05-15,2711414000.0,1506899000.0,1344230000.0,1277102000.0,163292000.0,1114887000.0,1.13,18689835000.0,1425022000.0,23180026000.0,1425022000.0,21755004000.0,10088044000.0,,,,0.1278613611128946,1172354922.5512135,21755004000.0,0.0538889775681591,0.0512473819816351,0.0480968830664814,0.0655031826240988,0.5557613112567834,0.4957671532270616,0.4111828735855166,-0.3473205110583516,,,80.5798896395777,80.5798896395777,False,61.743291861649936,61.743291861649936,66.45244130613187,83.0,True,False,True,True,True,True,False,False,True,True,False,True,True,True,True,False,False,10,False,0.07356901036926633,0.12846825860443944,1.0,477851579.67499995,0.17346938775510204,1.0,2.0,,,,,,0.05338320854174283,0.002940756033964489,0.23157011300500835,-0.8520770159688158,0.7316513761467891,-0.8520770159688158,0.6226664361444662,-83.0,0.8532110091743119,0.5688073394495413,0.6880733944954128,0.828440366972477,0.7348623853211009,材料*-KY
37.95000076293945,41.54999923706055,37.84999847412109,41.54999923706055,12903854.0,0.04924244540599676,39.44000015258789,0.13835614348111092,37.90500011444092,0.16877637493013098,36.97416667938232,0.41567286872314146,33.54208339055379,0.01902009746806607,66.5441102222621,3942367.5,3.273123066279336,0.09616143283510947,4976.TW,2026-09-02,0.028901733254324657,0.0318840874565971,bull,0.1150278293135436,0.09369202226345083,2026-03-31,2026-05-15,255023000.0,-36041000.0,-86075000.0,-69043000.0,-1135000.0,,-0.49,1541919000.0,276027000.0,2513042000.0,337040000.0,2176002000.0,819216000.0,,57046000.0,,0.0164390307489535,-84660010.42828383,2237015000.0,-0.0378450794600321,,,0.1548895635206217,-0.1413245079855542,-0.337518576755822,,0.009124831333072,,,25.456241566653603,25.456241566653603,False,81.06019483108642,81.06019483108642,67.15920651497822,761.0,True,True,True,True,True,True,True,True,True,True,True,True,False,True,False,False,False,13,False,0.12375755746862627,0.23874235101216068,1.0,163805366.6172123,0.2810760667903525,1.0,3.0,,,,,,-0.032648884609425624,-0.09165843031267833,0.09951984969609332,-1.98352261920337,0.12706422018348623,-1.98352261920337,0.13154828450052555,-761.0,0.26605504587155965,0.6146788990825688,0.06422018348623854,0.23577981651376145,0.33027522935779813,佳凌
81.5,89.5999984741211,81.5,89.5999984741211,2604148.0,0.08474576427738234,83.9,0.15762269648228733,79.725,0.026345880205750793,85.66389427185058,0.8666666348775227,74.48986384073893,0.037478034030584126,66.44736346775954,965566.5,2.6970156897531137,0.12386326088580879,5285.TW,2026-09-02,0.028901733254324657,0.0318840874565971,bull,0.09647495361781076,0.29962894248608535,2026-03-31,2026-05-15,1357374000.0,253577000.0,134024000.0,129371000.0,27307000.0,102064000.0,1.0,3890434000.0,1502170000.0,5486212000.0,2514807000.0,2971405000.0,1258334000.0,380000000.0,805975000.0,,0.2110751250280202,105734867.44324462,3984042000.0,0.0265395965813725,0.0343487340163996,0.0186037287658588,0.8463359925691718,0.1868143930854724,0.0987377097248068,0.0751922462048042,0.0164466220511887,,,49.817373099182696,49.817373099182696,False,68.56240175402516,68.56240175402516,63.876144590314546,375.0,True,False,True,True,True,False,True,True,True,False,True,True,True,True,False,False,False,11,False,0.04594822866421944,0.20284819778551322,1.0,86514756.92666245,0.35064935064935066,1.0,3.0,,,,,,0.05255865579367799,0.006588408901269386,0.29057354126486007,-1.1829224203103181,0.760091743119266,-1.1829224203103181,0.7920281053499567,-375.0,0.6422018348623854,0.44036697247706424,0.8899082568807339,0.6793577981651376,0.6311926605504588,界霖
535.0,540.0,530.0,535.0,521032.0,-0.001865671641791078,530.4,0.044921875,524.6,0.17324561403508776,517.2319376627604,0.6090225563909775,458.0534688313802,0.014454919023446986,52.46913580246914,786710.65,0.662291784152153,0.019824628288219515,5434.TW,2026-09-02,0.028901733254324657,0.0318840874565971,bull,0.31910946196660483,0.08905380333951762,2026-03-31,2026-05-15,18536692000.0,2517460000.0,1430469000.0,1720554000.0,385901000.0,1322921000.0,6.86,26594173000.0,20377745000.0,43809103000.0,24343457000.0,19465646000.0,6619207000.0,553886000.0,2499050000.0,0.0,0.2242888046524549,1109630817.8976076,23431358000.0,0.0473566584530699,0.0679618338893042,0.0301973998417634,1.25058562145844,0.1358095608428947,0.07716959422965,0.0713676960268854,0.1762262681445767,,,65.82773904429318,65.82773904429318,False,65.37368541760902,65.37368541760902,65.48719882428007,203.0,True,False,True,True,True,True,True,True,True,True,True,True,False,True,True,False,False,12,False,0.03435221424556456,0.1679859151922405,1.0,420890197.75,0.1836734693877551,3.0,3.0,,,,,,0.05062701036019787,0.009001988949383652,0.2601578634156551,-0.4230670081734951,0.7646788990825688,-0.4230670081734951,0.7150779970763781,-203.0,0.7706422018348624,0.5137614678899083,0.8440366972477065,0.7816513761467889,0.708256880733945,崇越
61.20000076293945,61.900001525878906,60.70000076293945,61.0,1875015.0,0.006600685411728646,61.36000061035156,0.10909090909090913,58.005000114440904,0.22736416626952627,58.10175635019937,0.42191137133649015,51.71046142578125,0.03932987053921571,61.60000610351566,3186567.8,0.5884120839983383,0.05163347779760552,5471.TW,2026-09-02,0.028901733254324657,0.0318840874565971,bull,0.150278293135436,0.06586270871985157,2026-03-31,2026-05-15,762695000.0,324634000.0,69170000.0,100354000.0,20035000.0,80319000.0,0.48,2907264000.0,471709000.0,4129482000.0,577986000.0,3551496000.0,1448788000.0,,,,0.1996432628495127,55360675.5086992,3657773000.0,0.0151350768647204,0.0226155400428439,0.019450139266862,0.1627443758911737,0.4256406558322789,0.0906915608467342,0.1053094618425451,0.2391711942393677,,,64.00671286733612,64.00671286733612,False,72.48119985605702,72.48119985605702,70.36257810887679,224.0,True,False,True,True,True,False,True,True,True,True,True,True,False,True,True,False,False,11,False,0.04988220377249708,0.17964524620519584,1.0,194380635.79999998,0.2588126159554731,1.0,3.0,,,,,,0.015215396132785546,-0.04277943808250866,0.21227074350173106,-1.5883212253738168,0.4646788990825689,-1.5883212253738168,0.44743097964976003,-224.0,0.7431192660550459,0.6972477064220184,0.41284403669724773,0.6935779816513762,0.6633027522935779,松翰
51.59999847412109,56.59999847412109,51.59999847412109,55.59999847412109,2799052.0,0.023941054425895336,52.539999389648436,0.15472474999275065,52.51249980926514,0.057034222186831185,50.92996406555176,0.10756967388670291,49.690398661295575,0.02318670700440673,61.48648526739883,1237628.9,2.2616246275438465,0.05879549966332398,5607.TW,2026-09-02,0.028901733254324657,0.0318840874565971,bull,0.10018552875695733,0.22448979591836735,2026-03-31,2026-05-15,1214027000.0,623213000.0,537027000.0,447750000.0,84390000.0,363360000.0,0.98,1402675000.0,2902177000.0,27156231000.0,15739732000.0,11416499000.0,684986000.0,1050000000.0,8303128000.0,,0.1884757118927973,435810453.86934674,24254054000.0,0.017968561209163,0.031827620709291,0.0133803545860248,1.378682904452582,0.5133436076792361,0.4423517763608223,0.2993014158663687,0.3566927382792288,,,69.90798459707267,69.90798459707267,False,80.74127502527706,80.74127502527706,78.03295241822596,165.0,True,True,True,True,True,True,True,True,True,True,True,True,True,True,True,False,False,14,False,0.09169522292532051,0.11892840411901484,1.0,68812164.95152815,0.3738404452690167,1.0,3.0,,,,,,0.06845738356344748,0.02885479431651968,0.3326110568828606,-0.7204048224450859,0.8954128440366973,-0.7204048224450859,0.8348428027254681,-165.0,0.8073394495412844,0.8532110091743119,0.9357798165137615,0.826605504587156,0.8467889908256881,遠雄港
545.0,566.0,532.0,536.0,12505718.0,-0.0806174957118353,555.8,0.5718475073313782,495.35,1.085603112840467,378.6142298380534,3.0452830188679245,305.43628158569334,0.15594189370515152,62.31617647058824,18022717.95,0.6938863513646676,0.08206318764509946,6213.TW,2026-09-02,0.028901733254324657,0.0318840874565971,bull,0.008348794063079777,0.006493506493506494,2026-03-31,2026-05-15,9143071000.0,1044251000.0,424199000.0,483404000.0,168881000.0,314523000.0,0.87,27657471000.0,15422932000.0,39926715000.0,18831086000.0,21095629000.0,3563235000.0,3355253000.0,1984813000.0,,0.3493578869847994,276001733.69893503,24503783000.0,0.0112636376880637,0.0149093918934581,0.0078775075785723,0.8926534496790781,0.11421228162835,0.0463956804010381,0.0344001484840268,0.206199391931416,,,35.19697595463791,35.19697595463791,False,89.96337918554131,89.96337918554131,76.27177837781545,601.0,True,True,True,True,True,True,True,True,True,True,True,False,False,True,False,False,False,12,False,0.41568899887694655,0.7548668325102681,1.0,9660176821.199999,0.022263450834879406,3.0,3.0,,,,,,-0.21404661713830084,-0.29017005804712837,0.13419877778295386,-2.3165225595248575,0.02522935779816514,-2.3165225595248575,0.03175108039691734,-601.0,0.4036697247706422,0.7889908256880734,0.009174311926605505,0.34449541284403673,0.44036697247706424,聯茂
73.9000015258789,74.5,71.19999694824219,71.69999694824219,7933350.0,0.08144786799283876,73.93999938964843,0.16207449046433897,67.0700002670288,0.03314114368579113,65.1266668955485,0.32532345601710366,64.01000010172525,0.08282208419876246,63.45381655309894,9293191.6,0.8536733494228184,0.06903230449947473,6269.TW,2026-09-02,0.028901733254324657,0.0318840874565971,bull,0.09369202226345083,0.2810760667903525,2026-03-31,2026-05-15,5467013000.0,-75600000.0,-999753000.0,-981765000.0,-164328000.0,-829726000.0,-2.6,17426263000.0,6996989000.0,34912338000.0,12380381000.0,22531957000.0,3093415000.0,100000000.0,730035000.0,2916556000.0,0.1673801775373944,-832414165.3664573,27915349000.0,-0.0298192283165242,-0.036824408993857,-0.0237659821006545,0.549458753183312,-0.0138283922134445,-0.1828700608540715,-0.1517695311864083,0.0572209060440906,,,18.580859061451324,18.580859061451324,False,78.18856686718395,78.18856686718395,63.28663991575079,886.0,True,True,True,True,True,True,True,True,True,True,True,True,True,True,False,False,False,14,False,0.10093146733942548,0.12013742906258273,1.0,666321809.35943,0.15120593692022263,1.0,3.0,,,,,,-0.004134482115607347,-0.10584261637595871,0.20136031523795916,-1.984515039120862,0.2527522935779817,-1.984515039120862,0.21255655970524998,-886.0,0.2018348623853211,0.3761467889908257,0.14678899082568808,0.19357798165137616,0.24311926605504589,台郡
275.0,285.0,257.0,257.0,2839794.0,-0.03926559863082346,261.80962524414065,0.5117647058823529,237.9818962097168,0.11255411255411252,201.05229873657225,0.9845559845559846,209.10948270161947,0.12239998465985334,64.8720395410493,2173908.7,1.3063078500030842,0.07991407789071436,6426.TW,2026-09-02,0.028901733254324657,0.0318840874565971,bull,0.012987012987012988,0.15120593692022263,2026-03-31,2026-05-15,154269000.0,60877000.0,19307000.0,27476000.0,-977000.0,28453000.0,0.74,831225000.0,83262000.0,1018747000.0,85873000.0,932874000.0,275168000.0,7500000.0,,,0.0,19307000.0,935485000.0,0.020638492332854,0.0305003676809515,0.0279294073994819,0.0920520884921222,0.3946158982037869,0.1251515210444094,0.1844375733297033,0.5607004835805192,,,75.05902824356723,75.05902824356723,False,85.74004693824784,85.74004693824784,83.0697922645777,120.0,True,True,True,True,True,True,True,True,True,True,True,False,True,True,True,False,False,13,False,0.2782743674904853,0.22902126044047466,1.0,558694535.9000001,0.15955473098330242,2.0,3.0,,,,,,5.568016748329156e-05,-0.13281487478440385,0.2776877928691251,-1.3170410499918055,0.46513761467889914,-1.3170410499918055,0.45669690044540767,-120.0,0.8440366972477065,0.926605504587156,0.43119266055045874,0.7821100917431193,0.7862385321100918,統新
19.450000762939453,19.799999237060547,19.399999618530277,19.600000381469727,117021.0,-0.03448270354182437,19.85,0.08888891008165145,19.560000038146974,0.11363636117336173,18.570833460489908,-0.19836401759222866,19.727916701634726,0.03042276084818807,52.25225410991011,103786.15,1.1275203868724295,0.002045007323350889,6431.TW,2026-09-02,0.028901733254324657,0.0318840874565971,bull,0.18552875695732837,0.150278293135436,2026-03-31,2026-05-15,85846000.0,19557000.0,-32996000.0,-38222000.0,0.0,-38722000.0,-0.4,453102000.0,370475000.0,1190820000.0,633837000.0,556983000.0,188041000.0,205018000.0,5667000.0,,-0.0,-32996000.0,820345000.0,-0.0402221016767335,-0.0695209728124556,-0.0325170890646781,1.1379826673345506,0.2278149243995061,-0.3843626959904946,-0.4510635323719218,-0.2172834778485918,,,15.06887924885221,15.06887924885221,False,67.1905494747883,67.1905494747883,54.16013191830427,957.0,True,False,True,True,True,True,True,True,True,True,True,True,True,True,False,False,False,13,False,0.05541845621357844,-0.006484025764078805,0.0,2034208.5795912743,0.8218923933209648,0.0,3.0,,,,,,0.0006316949361122215,-0.0672583354506631,0.19243888457650443,-1.6680994054249665,0.33669724770642206,-1.6680994054249665,0.3845633305532388,-957.0,0.14678899082568808,0.11926605504587157,0.30275229357798167,0.17018348623853213,0.16972477064220184,光麗-KY
399.0,399.5,390.0,394.0,324593.0,0.0395778364116095,388.4,0.06776551323505386,376.09974365234376,0.19756838905775087,351.7323237101237,0.40714285714285725,322.67449518839516,0.03325487541914504,65.18987341772151,456090.15,0.7116860559255664,0.04759443910762862,6491.TW,2026-09-02,0.028901733254324657,0.0318840874565971,bull,0.24582560296846012,0.07328385899814471,2026-03-31,2026-05-15,1885667000.0,1005547000.0,542809000.0,566411000.0,88526000.0,472275000.0,6.06,6983966000.0,4705377000.0,16639674000.0,5326767000.0,11312907000.0,1204500000.0,831456000.0,457203000.0,,0.1562928686060122,457971824.2848391,11934297000.0,0.0383744282788369,0.0417465643446021,0.0283824671084301,0.4708574904752598,0.5332579930602805,0.2878604758952667,0.2504551439888379,0.1833499738625503,,,86.74813401220891,86.74813401220891,False,75.10392378638217,75.10392378638217,78.01497634283885,52.0,True,True,True,True,True,True,True,True,True,True,True,True,False,True,True,False,False,13,False,0.12017000838600977,0.22104475524153555,1.0,179699519.10000002,0.2680890538033395,2.0,2.0,,,,,,0.046835453534326506,-0.0033569976145168185,0.3175326199714325,-1.3067416363129458,0.7302752293577983,-1.3067416363129458,0.7157886843390181,-52.0,0.926605504587156,0.8440366972477065,0.8532110091743119,0.9155963302752294,0.8871559633027524,晶碩
80.4000015258789,80.5,76.69999694824219,78.69999694824219,42729646.0,0.11789765969411548,74.5999984741211,0.16420116456615652,71.77499961853027,0.5019082949716032,66.75355529785156,0.3361629016879355,60.30927772521972,0.019241691700911088,65.83629323166596,22434129.7,1.9046714346133071,0.09648202530849015,6505.TW,2026-09-02,0.028901733254324657,0.0318840874565971,bull,0.08719851576994433,0.021335807050092765,2026-03-31,2026-05-15,161989437000.0,27190906000.0,24513957000.0,25616191000.0,5209581000.0,20407731000.0,2.14,296450387000.0,65693610000.0,463713281000.0,83114597000.0,380598684000.0,63985692000.0,123643000.0,1500200000.0,8100000000.0,0.2033706338307674,19528538027.20982,398019671000.0,0.0490642534780895,0.0536200776774099,0.0440093735421824,0.2183785716925915,0.1678560436011639,0.1513305895371437,0.1259818626321912,-0.0650893152444253,,,66.8716639923295,66.8716639923295,False,86.9782303582838,86.9782303582838,81.95158876679523,193.0,True,True,True,True,True,True,True,True,True,True,False,True,True,True,True,False,False,13,False,0.17896337651359695,0.30494013386819185,1.0,1765565938.9264693,0.07977736549165121,1.0,3.0,,,,,,0.027630454050789264,-0.024843897181937996,0.18451561686633705,-1.507907461085637,0.49678899082568806,-1.507907461085637,0.5005443427266209,-193.0,0.7798165137614679,0.908256880733945,0.5321100917431193,0.7426605504587156,0.7688073394495413,台塑化
260.0,266.5,256.0,263.5,1402683.0,-0.020446096654275103,264.2,0.15317286652078765,253.0,0.2577565632458234,223.16666666666666,0.36883116883116873,218.7375,0.04362173868206657,62.72727272727273,1873411.65,0.7487318657381041,0.04150197628458496,6533.TW,2026-09-02,0.028901733254324657,0.0318840874565971,bull,0.10296846011131726,0.05658627087198516,2026-03-31,2026-05-15,326356000.0,325982000.0,-202956000.0,-191919000.0,-25688000.0,-166231000.0,-3.28,1735463000.0,291379000.0,6111740000.0,1760341000.0,4351399000.0,1046856000.0,,,1419903000.0,0.1338481338481338,-175790718.14671814,5820361000.0,-0.0302027173480679,-0.0382017369586195,-0.0271986373765899,0.4045459862448835,0.9988540121830148,-0.621885303165868,-0.5093548149873145,0.2031025355560307,,,38.84336576062605,38.84336576062605,False,82.03559552938435,82.03559552938435,71.23753808719478,540.0,True,True,True,True,True,True,True,True,True,True,True,True,False,True,False,False,False,13,False,0.1807318894697536,0.20464026515800904,1.0,493643969.775,0.17161410018552875,2.0,3.0,,,,,,-0.05773724654772042,-0.08997798737647678,0.13009772107559817,-1.861835640740998,0.13761467889908258,-1.861835640740998,0.1383701747773523,-540.0,0.5045871559633027,0.7247706422018348,0.08256880733944955,0.44128440366972477,0.4862385321100917,晶心科
42.70000076293945,46.400001525878906,42.70000076293945,44.0,8030544.0,0.12676058539436896,43.67999954223633,0.23249297085945342,37.930000114440915,0.14732729467229522,37.941666793823245,0.24645895045248478,37.12541666030884,0.06060817650180947,74.67531727626681,1839842.5,4.364799704322516,0.16003163372646756,6668.TW,2026-09-02,0.028901733254324657,0.0318840874565971,bull,0.05102040816326531,0.11131725417439703,2026-03-31,2026-05-15,266191000.0,30013000.0,-64011000.0,-65550000.0,476000.0,-66026000.0,-0.62,1253334000.0,833718000.0,3689403000.0,1550388000.0,2139015000.0,347154000.0,202579000.0,608736000.0,,0.0,-64011000.0,2855685000.0,-0.022415287400396,-0.0308674787226831,-0.0178961203208215,0.7248139914867358,0.1127498675762892,-0.240470188699092,-0.2480399412451961,0.2035801162927393,,,23.40057097773575,23.40057097773575,False,70.68645640074212,70.68645640074212,58.864985044990526,801.0,True,False,True,True,True,False,True,False,True,True,False,True,False,False,False,False,False,8,False,0.15967493571376323,0.1851718837957408,1.0,80953070.0,0.35435992578849723,1.0,3.0,,,,,,-0.016580557390429015,-0.12189000252683725,0.21963150643477658,-1.8084624913437242,0.26146788990825687,-1.8084624913437242,0.34869303550511643,-801.0,0.25688073394495414,0.21100917431192662,0.26605504587155965,0.258256880733945,0.24495412844036699,中揚光
101.5,104.0,101.0,103.5,163859.0,0.014705882352941124,101.18000030517578,0.04229604047497415,99.8,0.09989374790972017,98.0316665649414,0.35179120441774026,92.2061071395874,0.019511695213350302,58.73786102130935,138396.4,1.1839831093872384,0.03707414829659328,6756.TW,2026-09-02,0.028901733254324657,0.0318840874565971,bull,0.3320964749536178,0.16883116883116883,2026-03-31,2026-05-15,414892000.0,185087000.0,-50699000.0,46990000.0,8682000.0,44595000.0,0.64,1744541000.0,848091000.0,3944534000.0,980235000.0,2964299000.0,833541000.0,,113508000.0,,0.1847627154713768,-41331715.08831666,3096443000.0,-0.0133481272183329,0.0150440289592918,0.0113055179648597,0.3306802046622152,0.4461088668858401,-0.1221980660027187,0.1074858035344137,0.0636156451162206,,,42.16370730947515,42.16370730947515,False,72.92554371278794,72.92554371278794,65.23508461195975,478.0,True,False,True,True,True,True,True,True,True,True,True,True,True,True,False,False,False,13,False,0.05578129625528794,0.12248530179584738,1.0,14324027.399999999,0.5797773654916512,2.0,3.0,,,,,,0.008880613521870273,-0.04286708438608161,0.26753747395743943,-1.3903369400318688,0.555045871559633,-1.3903369400318688,0.5836609122344146,-478.0,0.5596330275229358,0.4954128440366973,0.6146788990825688,0.5678899082568807,0.5513761467889908,威鋒電子
319.0,325.0,311.0,313.5,22863962.0,-0.021840873634945357,331.1,0.42500000000000004,277.5,1.3483146067415732,205.32433344523113,1.44921875,169.90383338928223,0.1475240359764293,64.74654377880185,37636574.85,0.6074931656539941,0.12972972972972974,8039.TW,2026-09-02,0.028901733254324657,0.0318840874565971,bull,0.01855287569573284,0.00463821892393321,2026-03-31,2026-05-15,2415476000.0,532169000.0,146484000.0,219817000.0,44902000.0,171370000.0,0.65,10090538000.0,4116000000.0,15838059000.0,5212295000.0,10625764000.0,3401205000.0,544660000.0,425464000.0,0.0,0.2042699154296528,116561725.70820272,11722059000.0,0.0099437927848855,0.0161277814941118,0.0108201390081953,0.4905336689201831,0.2203164096848819,0.060643947611154,0.0709466788326607,0.0846351629146733,,,39.59205928302138,39.59205928302138,False,90.16463183513874,90.16463183513874,77.5214886971094,518.0,True,True,True,True,True,True,True,True,True,True,True,False,False,True,False,False,False,12,False,0.5268526371893665,0.8451614289461702,1.0,11799066215.475,0.016697588126159554,2.0,3.0,,,,,,-0.014075941891426002,-0.1180570927059937,0.23963421091458859,-1.9989680860732428,0.2756880733944954,-1.9989680860732428,0.16754435826211325,-518.0,0.5137614678899083,0.8165137614678899,0.12844036697247707,0.4559633027522936,0.5275229357798165,台虹
1210.0,1225.0,1170.0,1200.0,7716435.0,0.016949152542372836,1238.0,0.13207547169811318,1198.25,0.3129102844638949,1105.6485483805338,1.5613660618996796,935.0909408569336,0.06086764054891545,48.62385321100918,11477110.25,0.6723325673376711,0.0014604631754642217,8046.TW,2026-09-02,0.028901733254324657,0.0318840874565971,bull,0.12430426716141002,0.04452690166975881,2026-03-31,2026-05-15,11177241000.0,1771445000.0,1352237000.0,1598197000.0,289571000.0,1308626000.0,2.03,25923065000.0,8163676000.0,62161816000.0,15455246000.0,46706570000.0,9657576000.0,,,,0.1811860490289995,1107230520.6191726,53998140000.0,0.0205049751828335,0.0280180282988025,0.0210519267969906,0.3309008989527597,0.1584867857819295,0.1209812868846614,0.1170795189975773,0.3214942908705003,,,61.16068715346135,61.16068715346135,False,70.27940470803574,70.27940470803574,67.99972531939214,249.0,True,False,True,True,True,True,True,False,True,True,True,True,False,True,True,False,False,11,False,0.08533584361654944,0.28329764258040946,1.0,13772532300.0,0.013914656771799629,3.0,3.0,,,,,,-0.1150188352714076,-0.17147219333876298,0.23285547617866342,-1.7666771394421952,0.23256880733944957,-1.7666771394421952,0.20542334238486423,-249.0,0.7247706422018348,0.6330275229357798,0.13761467889908258,0.636697247706422,0.5798165137614679,南電
21.5,21.5,21.299999237060547,21.399999618530277,82013.0,-0.002331055600499843,21.450000000000003,0.023923445412730393,21.402500057220458,0.04136255051225546,20.891752719879154,0.04390242041611114,20.990876324971516,0.009075908473704219,47.61899571846124,152283.5,0.538554735082921,-0.00011682928085487987,9905.TW,2026-09-02,0.028901733254324657,0.0318840874565971,bull,0.4137291280148423,0.2541743970315399,2026-03-31,2026-05-15,2262403000.0,227921000.0,110504000.0,146083000.0,37653000.0,108152000.0,0.35,9976288000.0,2845823000.0,12068826000.0,3342134000.0,8726692000.0,759126000.0,0.0,,,0.2577507307489577,82021513.24931718,9223003000.0,0.0088931461097125,0.0123932413336004,0.0089612693065588,0.3829783381835866,0.1007428826782849,0.0488436410312397,0.0478040384493832,0.1512060067798128,,,34.794291678762654,34.794291678762654,False,56.23376623376623,56.23376623376623,50.873897595015336,604.0,True,False,False,True,False,True,True,False,False,True,True,True,False,True,False,False,False,8,False,0.024327633275474714,0.019490529467416806,1.0,3258866.8419084554,0.7717996289424861,0.0,3.0,,,,,,0.03789293299902226,0.01762556414424195,0.18238052100672855,-1.6481918618028457,0.5201834862385322,-1.6481918618028457,0.5665923399435361,-604.0,0.3944954128440367,0.08256880733944955,0.5963302752293578,0.4247706422018349,0.3412844036697248,大華
237.0,239.0,227.0,234.5,474221.0,0.08564814814814814,226.8,0.43865030674846617,203.55,0.13285024154589364,194.02427190144857,0.30640668523676884,209.25380261739096,0.09112838381131064,77.30061349693251,314494.0,1.5078856830336986,0.15205109309751896,5292.TW,2026-09-02,0.028901733254324657,0.0318840874565971,bull,0.017625231910946195,0.1261595547309833,2026-03-31,2026-05-15,623564000.0,173960000.0,125946000.0,143885000.0,35083000.0,108802000.0,2.58,3846525000.0,2436152000.0,4308984000.0,2501925000.0,1807059000.0,1386930000.0,35446000.0,,,0.2438266671299996,95237006.58164506,1872832000.0,0.0508518684973585,0.0602094342243391,0.0252500357392833,1.3845286733858717,0.2789769775035121,0.2019776638805319,0.1744840946558813,-0.1342587321906073,,,67.1995898886902,67.1995898886902,False,85.54963486634452,85.54963486634452,80.96212362193094,189.0,True,True,True,True,True,True,True,False,True,True,True,False,True,False,True,False,False,11,False,0.20861167369364186,0.12064869104802045,1.0,73748843.0,0.3645640074211503,2.0,3.0,,,,,,0.11183690637423446,0.050993295695791,0.32732448501785216,0.5289935882877058,0.9568807339449541,0.5289935882877058,0.6395344650739617,-189.0,0.7981651376146789,0.8807339449541285,0.7155963302752294,0.7857798165137614,0.8064220183486238,華懋
248.5,251.5,238.0,239.0,457689.0,-0.028455284552845517,245.6,0.20100502512562812,219.45,0.2193877551020409,201.73749745686848,0.26455026455026465,202.95208206176758,0.06983546617915899,67.20430107526883,684698.7,0.6684531458873809,0.0890863522442471,6782.TW,2026-09-02,0.028901733254324657,0.0318840874565971,bull,0.0640074211502783,0.07050092764378478,2026-03-31,2026-05-15,1228595000.0,562960000.0,345415000.0,320529000.0,79940000.0,240471000.0,3.82,2257209000.0,1785112000.0,6287420000.0,2055065000.0,4232355000.0,548061000.0,34008000.0,243227000.0,,0.2494002102773852,259268426.36703697,4502308000.0,0.0575856708086245,0.0568173038414783,0.0382463713255993,0.4855606394076111,0.4582144644899255,0.2811463500990969,0.1957284540471026,0.2971931691721623,,,94.77818654579036,94.77818654579036,False,81.84744900000781,81.84744900000781,85.08013338645344,18.0,True,True,True,True,True,True,True,True,True,True,True,True,False,True,True,False,False,13,False,0.18470786548295637,0.17761787694920717,1.0,163642989.29999998,0.2820037105751391,2.0,1.0,,,,,,0.004677367813261688,-0.07188502974058845,0.18804532933793505,-1.6225755685263508,0.35825688073394496,-1.6225755685263508,0.3279123197955035,-18.0,0.963302752293578,0.9724770642201835,0.24770642201834864,0.8559633027522936,0.8229357798165138,視陽
2240.0,2240.0,2110.0,2110.0,1235610.0,0.041975308641975406,2254.0,0.3187500000000001,1924.6458435058594,0.08205128205128198,1672.9652811686199,0.1467391304347827,1782.0659739176433,0.11693728697394198,60.37870271604793,2204392.35,0.5605218145490298,0.09630559155574647,6805.TW,2026-09-02,0.028901733254324657,0.0318840874565971,bull,0.027829313543599257,0.19202226345083487,2026-03-31,2026-05-15,4183854000.0,1351837000.0,1120299000.0,1165338000.0,248078000.0,917260000.0,13.38,14924697000.0,8114461000.0,16208746000.0,8785852000.0,7422894000.0,8031178000.0,410000000.0,,,0.2128807264501801,881808935.0385897,8094285000.0,0.1089421653720606,0.1235717497784556,0.0565904358054595,1.1836154470210676,0.3231080721267998,0.2677672308832956,0.219238051805823,0.858077701800986,,,90.14552363242608,90.14552363242608,True,86.69969965489773,86.69969965489773,87.56115564927983,31.0,True,True,True,True,True,True,True,True,True,True,True,True,False,True,True,True,False,13,False,0.2612335855087784,0.18401901550335742,1.0,4651267858.5,0.04081632653061224,3.0,2.0,,,,,,0.05039661652104526,-0.026948329402888094,0.2627410249603054,-0.7953064740053135,0.7077981651376146,-0.7953064740053135,0.6423228358164267,-31.0,0.9541284403669725,1.0,0.7339449541284404,0.9211009174311927,0.9238532110091744,富世達
75.80000305175781,77.0,75.80000305175781,76.19999694824219,20000.0,0.022818750983116587,77.39999847412109,0.05686544467255028,74.46500015258789,0.028340060963085056,73.36833330790202,-0.03386044474384409,74.5963233947754,0.02315195726910134,66.32650995791379,33703.55,0.5934092996138388,0.02329949361578021,6918.TW,2026-09-02,0.028901733254324657,0.0318840874565971,bull,0.27736549165120594,0.2940630797773655,2026-03-31,2026-05-15,219385000.0,145307000.0,52877000.0,58755000.0,11065000.0,47501000.0,1.39,1203027000.0,380831000.0,1686462000.0,542764000.0,1143698000.0,607226000.0,,157857000.0,,0.1883243979235809,42918970.81099481,1305631000.0,0.0328722057081938,0.0415328172297232,0.0281660660008941,0.474569335611324,0.6623378991271053,0.2410237709961939,0.2165189051211341,0.1171055110572492,,,82.25632418471866,82.25632418471866,False,65.35073832632939,65.35073832632939,69.5771347909267,74.0,True,False,True,True,True,True,True,True,True,False,True,True,False,True,True,False,False,11,False,0.0385951746846509,0.02149802403772494,1.0,2568210.4071449284,0.800556586270872,1.0,2.0,,,,,,0.07001030728254737,0.05545567392221795,0.2155371126898287,-1.434308115979192,0.7596330275229357,-1.434308115979192,0.7695378928695717,-74.0,0.8715596330275229,0.6788990825688074,0.8807339449541285,0.8729357798165137,0.8155963302752294,愛派司
303.5,315.5,290.5,293.5,1728292.0,0.07116788321167888,287.6,0.12884615384615383,275.425,0.03345070422535201,270.4141220092773,0.10546139359698681,281.5570610046387,0.03310202550637655,50.0,450583.0,3.8356795529347534,0.06562585095761087,6937.TW,2026-09-02,0.028901733254324657,0.0318840874565971,bull,0.1261595547309833,0.28014842300556586,2026-03-31,2026-05-15,582447000.0,243295000.0,75551000.0,79509000.0,17753000.0,64817000.0,0.96,2979355000.0,819804000.0,4523134000.0,1044661000.0,3478473000.0,472664000.0,71200000.0,178118000.0,,0.2232828987913317,58681753.71341609,3703330000.0,0.0158456723309605,0.0186337510741063,0.0143301082833274,0.3003217216290021,0.4177118261404042,0.1297130897746919,0.1112839451486573,0.2629110526156022,,,64.73082411847425,64.73082411847425,False,69.68032369606559,69.68032369606559,68.44294880166775,214.0,True,False,True,True,True,True,True,True,True,True,True,True,False,True,True,False,False,12,False,0.08537230903173998,0.04241747286588038,1.0,132246110.5,0.300556586270872,2.0,3.0,,,,,,-0.004349718634481722,-0.06974261002689332,0.17750356474745316,-1.7951640084812095,0.27293577981651373,-1.7951640084812095,0.41412337052890563,-214.0,0.7614678899082569,0.6422018348623854,0.3486238532110092,0.6995412844036697,0.6431192660550459,天虹
171.0,181.0,170.0,179.5,311423.0,0.06528189910979232,170.2,0.10278676087268535,164.3745132446289,0.10122699386503076,166.0832206726074,0.24221453287197225,167.00827700297037,0.02032810737023367,70.8860759493671,84333.85,3.692740222342511,0.09201844286444039,4569.TW,2026-09-02,0.028901733254324657,0.0318840874565971,bull,0.15769944341372913,0.16697588126159554,2026-03-31,2026-05-15,499360000.0,140363000.0,83034000.0,97767000.0,0.0,97775000.0,3.22,1983309000.0,282050000.0,3633624000.0,903370000.0,2730254000.0,909890000.0,,,478335000.0,0.0,83034000.0,3351574000.0,0.0247746282791309,0.0358116863852227,0.0269083977868926,0.3308739772929551,0.281085789810958,0.1662808394745274,0.1958006247997436,0.0656468870972559,,,67.09571560472591,67.09571560472591,False,63.762823238084934,63.762823238084934,64.59604632974518,190.0,True,False,True,True,True,False,True,True,True,True,True,True,False,True,True,False,False,11,False,0.08078347272564335,0.07479702935206878,1.0,15137926.075000001,0.5686456400742115,2.0,3.0,,,,,,0.061921214744863555,0.027893573758928012,0.2328168719965705,-1.172914282467158,0.7655963302752293,-1.172914282467158,0.3840577246205153,-190.0,0.7889908256880734,0.46788990825688076,0.29357798165137616,0.7146788990825689,0.5935779816513762,六方科-KY
220.5,222.0,218.0,218.0,48582.0,-0.0022883295194507935,222.4,0.021077283372365363,217.1,0.13541666666666674,211.62067311604818,0.3053892215568863,187.57283655802408,0.01365319252511616,52.05479452054795,74268.55,0.6541396055261615,0.004145555043758575,6957.TW,2026-09-02,0.028901733254324657,0.0318840874565971,bull,0.4359925788497217,0.12430426716141002,2026-03-31,2026-05-15,1008397000.0,304729000.0,100942000.0,102458000.0,25691000.0,82568000.0,1.51,2765058000.0,1395803000.0,5405505000.0,3045045000.0,2360460000.0,1274466000.0,40000000.0,27000000.0,945042000.0,0.2507466474067423,75631131.9174686,4009702000.0,0.0188620331180393,0.0349796226159307,0.0152747985618364,1.2900218601459037,0.3021914979913665,0.1001014481399686,0.0818804498625045,0.2868739487648066,,,57.7309173012778,57.7309173012778,False,59.218961676395146,59.218961676395146,58.84695058261581,286.0,True,False,False,True,True,True,True,True,False,True,True,True,False,True,False,False,False,10,False,0.030145102508267296,0.16221519064442758,1.0,16190543.9,0.5593692022263451,2.0,3.0,,,,,,0.04882665283485194,0.01211413459307312,0.330658587843114,-0.23331155603413442,0.8142201834862386,-0.23331155603413442,0.814969154838286,-286.0,0.6972477064220184,0.2018348623853211,0.926605504587156,0.731651376146789,0.5944954128440367,裕慶-KY
87.69999694824219,91.4000015258789,87.4000015258789,89.80000305175781,278420.0,0.02511420794472552,89.12000122070313,0.11830634668689521,87.62999992370605,0.19733337402343754,84.5842955271403,0.2437674078592067,79.59881445566813,0.02743580910854085,48.24562489563964,512691.65,0.5430554603337113,0.02476324466439639,4590.TW,2026-09-02,0.028901733254324657,0.0318840874565971,bull,0.1391465677179963,0.07421150278293136,2026-03-31,2026-05-15,267545000.0,80743000.0,-23964000.0,81129000.0,16211000.0,,1.21,3151635000.0,1382797000.0,6125098000.0,2598258000.0,3526840000.0,2037662000.0,565000.0,505331000.0,,0.1998175744801489,-19175571.64515771,4742301000.0,-0.0040435163531706,,,0.7367099159587619,0.3017922218692183,-0.0895699788820572,,,,,35.37011980056409,35.37011980056409,False,71.03391912091985,71.03391912091985,62.11796929083091,597.0,True,False,True,True,True,True,True,False,True,True,True,True,False,True,False,False,False,11,False,0.0616628357795328,0.12815754437864335,1.0,46039711.73461075,0.41929499072356213,1.0,3.0,,,,,,0.04320793923964529,0.002321336789809842,0.3037940055405449,-1.4566577102780218,0.6986238532110092,-1.4566577102780218,0.7120739029913342,-597.0,0.41284403669724773,0.3394495412844037,0.8348623853211009,0.4761467889908257,0.47522935779816516,富田-創
