Open,High,Low,Close,Volume,ret5,ma5,ret20,ma20,ret60,ma60,ret120,ma120,ma20_slope,rsi14,volume_ma20,volume_ratio,ma20_deviation,symbol,date,benchmark_ret20,benchmark_ret60,market_regime,rs20_rank_pct,rs60_rank_pct,period_date,as_of_date,revenue,gross_profit,operating_income,pretax_income,tax_expense,net_income_parent,eps,current_assets,current_liabilities,assets,liabilities,equity,cash,short_borrowings,long_borrowings,bonds_payable,tax_rate,nopat,invested_capital_proxy,roic_proxy,roe,roa,debt_to_equity,gross_margin,operating_margin,net_margin,revenue_growth,pe,pb,eva_like_score,fundamental_score,fundamental_pass,technical_score,score,final_score,fundamental_rank,pass_market,pass_score,pass_rs20,pass_rs60,pass_close_ma20,pass_ma20_ma60,pass_ma20_slope,pass_rsi,pass_ret20_benchmark,pass_ret60_benchmark,pass_ret5_cap,pass_ret20_cap,pass_volume_ratio,pass_ma20_deviation,pass_fundamental_score,pass_fundamental_filter,pass_fundamental_universe,entry_pass_count,entry_all_pass,close_ma60_ratio,close_ma120_ratio,above_ma120,turnover20,liquidity_rank,price_bucket,eva_rank_bucket,forward_60d_return,forward_60d_max_drawdown,reward_60,fwd60_rank_label,top_quantile_60,reg_forward60,reg_reward60,cls_topq60,rank_forward60,ensemble_score,ranker_score,stable_ensemble_score,fundamental_rank_score,fundamental_score_rank,final_score_rank,stable_ml_rank,fund_ml_85_15,fund_final_ml,name
105.0,105.0,99.5999984741211,100.0,4021537.0,-0.0476190476190476,102.7,0.25,92.40499992370606,0.2195121951219512,83.62833302815756,0.137656408009944,91.05833301544187,0.0667859645493338,67.2609433592238,7513211.05,0.535262083446997,0.0821925229431819,1319.TW,2026-06-16,0.1374866086095136,0.3934210727089329,bull,0.1012950971322849,0.2358926919518963,2026-03-31,2026-05-15,5630744000.0,1830294000.0,887491000.0,1188417000.0,246396000.0,956054000.0,1.62,13192166000.0,5670104000.0,38354471000.0,8580797000.0,29773674000.0,4045292000.0,128141000.0,736917000.0,,0.2073312650357576,703486368.2621504,32684367000.0,0.0215236344721667,0.0321107163328247,0.0249267940626791,0.2882008112267233,0.325053669639394,0.1576152281119511,0.1697917717445509,-0.227679173959082,,,59.6843925876785,59.6843925876785,False,75.95660296669497,75.95660296669497,71.88855037194085,268.0,True,True,True,True,True,True,True,True,True,False,True,True,False,True,False,False,False,12,False,0.1957669892371301,0.0981971302180741,1.0,751321105.0,0.1968576709796672,1.0,3.0,,,,,,0.0194320169647754,-0.0745202263807448,0.2805083125839909,-0.8642280672060162,0.8693069306930693,-0.8642280672060162,0.7927875581483474,-268.0,0.6534653465346535,0.6534653465346535,0.9108910891089108,0.6920792079207921,0.704950495049505,東陽
25.799999237060547,26.89999961853028,25.75,26.89999961853028,15308765.0,0.0803212863710898,25.59000015258789,0.6107783466828698,23.124999809265137,0.6107783466828698,18.716666618982952,0.8237287876969679,16.994166652361553,0.1039503510067832,69.32367078537243,21864487.35,0.7001657415946685,0.1632432363416784,1409.TW,2026-06-16,0.1374866086095136,0.3934210727089329,bull,0.0222016651248843,0.0804810360777058,2026-03-31,2026-05-15,10013245000.0,,,,209690000.0,627489000.0,0.39,169282176000.0,19925661000.0,238947734000.0,165890727000.0,53131346000.0,8882755000.0,11746175000.0,14983665000.0,,,,219022073000.0,,0.0118101468763844,0.0026260512686008,3.1222760100976927,,,0.0626658990167523,-0.0458954689862156,,,9.260580144399032,9.260580144399032,False,83.07340104945257,83.07340104945257,64.62019582318919,1046.0,True,True,True,True,True,True,True,True,True,True,True,False,False,False,False,False,False,11,False,0.4372217107958511,0.5828960706815349,1.0,588154701.3743601,0.2301293900184843,0.0,3.0,,,,,,-0.1247572146454732,-0.2821357421341317,0.2266523468415742,-0.8766797346200453,0.3237623762376238,-0.8766797346200453,0.3591584815699694,-1046.0,0.0297029702970297,0.2871287128712871,0.3267326732673267,0.0742574257425742,0.1663366336633663,新纖
65.69999694824219,65.9000015258789,63.59999847412109,65.80000305175781,1389212.0,0.0612903718025452,61.58000030517578,0.4525387231778568,59.312500381469725,0.6307312401500924,47.955833498636885,0.6327544490682531,46.50583337148031,0.0753297355613077,63.78378712756449,2524520.9,0.5502873832417073,0.1093783372571306,1563.TW,2026-06-16,0.1374866086095136,0.3934210727089329,bull,0.0379278445883441,0.0777058279370952,2026-03-31,2026-05-15,1871936000.0,411927000.0,163156000.0,163478000.0,32736000.0,130706000.0,0.6,10888013000.0,5754269000.0,19938639000.0,11683940000.0,8254699000.0,2764628000.0,2859266000.0,5833677000.0,,0.2002471280539277,130484479.57523336,14184370000.0,0.009199173426471,0.0158341327769795,0.0065554123328076,1.415428957494392,0.2200539975725665,0.0871589626995794,0.0698239683407979,-0.0241387938944032,,,30.55810984175432,30.55810984175432,False,87.94128359361154,87.94128359361154,73.59549015564724,673.0,True,True,True,True,True,True,True,True,True,True,True,False,False,True,False,False,False,12,False,0.3720959109933546,0.4148763344623698,1.0,166113482.92422637,0.3659889094269871,1.0,3.0,,,,,,-0.0322608479246394,-0.1638402531143688,0.2589018131850953,-1.529797763129169,0.5455445544554455,-1.529797763129169,0.4146239912430379,-673.0,0.2772277227722772,0.7029702970297029,0.3861386138613861,0.2935643564356436,0.4267326732673267,巧新
40.04999923706055,40.400001525878906,39.0,39.150001525878906,48412011.0,0.088238397222881,37.09000015258789,0.1721556807578226,37.511508560180665,0.2158385278965131,33.88633626302084,0.3271186957925052,34.78025145530701,0.0157735045284166,53.54033946294371,68458491.9,0.7071732031537784,0.0436797406606446,1605.TW,2026-06-16,0.1374866086095136,0.3934210727089329,bull,0.1674375578168362,0.2377428307123034,2026-03-31,2026-05-15,41070352000.0,3192789000.0,547321000.0,4060027000.0,562012000.0,3584927000.0,0.81,90410765000.0,60341422000.0,306209880000.0,131730308000.0,174479572000.0,13913788000.0,12903118000.0,50244505000.0,5300000000.0,0.1384256804203519,471557718.1666526,245868458000.0,0.0019179268540686,0.0205463995521492,0.0117074178011499,0.7549898620796709,0.0777395090258783,0.0133264258363307,0.0872874671247034,-0.0841324099926965,,,22.373994815385178,22.373994815385178,False,69.38476917823407,69.38476917823407,57.63207558752184,821.0,True,False,True,True,True,True,True,True,True,False,True,True,False,True,False,False,False,11,False,0.1553329702568688,0.1256388291553059,1.0,2680150062.344369,0.0868761552680221,1.0,3.0,,,,,,-0.0466199736675827,-0.1680564736104034,0.1861882894343289,-1.4911865054559692,0.4074257425742574,-1.4911865054559692,0.3852529702766799,-821.0,0.1782178217821782,0.099009900990099,0.3564356435643564,0.2049504950495049,0.1900990099009901,華新
13.0,14.149999618530272,12.75,14.149999618530272,14948059.0,0.10546870372491,13.11999969482422,0.1940927563729986,12.564999961853028,0.2145922817047605,13.266666634877522,0.1841004053874058,12.616249974568683,0.0223759075144189,71.29629073646619,7744287.3,1.9302046038503764,0.1261440239943698,1905.TW,2026-06-16,0.1374866086095136,0.3934210727089329,bull,0.154486586493987,0.2386679000925069,2026-03-31,2026-05-15,4394312000.0,230376000.0,-214982000.0,-176778000.0,107000.0,-176549000.0,-0.16,20547530000.0,17495767000.0,40929435000.0,22082543000.0,18846892000.0,1795072000.0,5407827000.0,2123138000.0,,0.0,-214982000.0,23433668000.0,-0.0091740652807746,-0.0093675392207903,-0.0043134971201043,1.1716808797970508,0.0524259542790771,-0.0489227892785036,-0.0401767102563495,-0.0901678225104326,,,10.02479533469592,10.02479533469592,False,66.64699987078126,66.64699987078126,52.49144873675992,1042.0,True,False,True,True,True,False,True,True,True,False,False,True,True,True,False,False,False,10,False,0.0665828883745751,0.1215693765622316,1.0,109581662.34078884,0.4140480591497227,0.0,3.0,,,,,,-0.0539954488735672,-0.1743329420207058,0.19657753388125,-1.148038010415726,0.4267326732673268,-1.148038010415726,0.4486599378922892,-1042.0,0.0396039603960396,0.0396039603960396,0.4455445544554455,0.1004950495049505,0.1207920792079208,華紙
14.800000190734863,15.0,14.300000190734863,14.350000381469728,722225.0,-0.0620914900275897,14.360000038146971,0.2161017075861639,12.99749994277954,0.3601895850269341,12.090833314259848,0.5026178109809556,11.785666664441427,0.0464975855588399,66.42335217663211,1062738.15,0.6795888526256445,0.1040585069932267,2025.TW,2026-06-16,0.1374866086095136,0.3934210727089329,bull,0.1313598519888991,0.1609620721554116,2026-03-31,2026-05-15,378787000.0,84115000.0,71616000.0,81289000.0,,,0.47,1385153000.0,642110000.0,2300356000.0,643754000.0,1656602000.0,85331000.0,603413000.0,,,,57292800.0,1658246000.0,0.0345502416408663,,,0.3885990720764553,0.2220641151887472,0.1890666786346944,,0.965417224453369,,,82.3791102091105,82.3791102091105,False,79.68074802295872,79.68074802295872,80.35533856949667,72.0,True,True,True,True,True,True,True,True,True,False,True,True,False,True,True,False,False,12,False,0.186849575086395,0.2175807096907942,1.0,15250292.857902432,0.6719038817005545,0.0,2.0,,,,,,0.1380892890213063,0.0333599430610499,0.5421264134418411,-0.6550915014401503,0.9861386138613862,-0.6550915014401503,0.9790129936745292,-72.0,0.9207920792079208,0.900990099009901,1.0,0.9326732673267328,0.9306930693069306,千興
18.950000762939453,19.0,18.39999961853028,18.549999237060547,1641933.0,-0.0072386388749807,18.38999977111817,0.1041666713971942,18.04250020980835,0.2124182356738639,16.944166692097983,0.3589743410599355,16.26666666666667,0.0141933701548466,58.13537383029915,1910035.5,0.8596348078347235,0.0281279767964923,2030.TW,2026-06-16,0.1374866086095136,0.3934210727089329,bull,0.274745605920444,0.2432932469935245,2026-03-31,2026-05-15,2637279000.0,397354000.0,208556000.0,212139000.0,43592000.0,168547000.0,0.61,6688220000.0,4584464000.0,12076498000.0,7059382000.0,5017116000.0,1408221000.0,3147626000.0,2063078000.0,,0.2054879112280156,165700263.18592998,7492034000.0,0.0221168594784713,0.0335943996511143,0.0139566122563014,1.4070597530533475,0.1506681697309992,0.0790799911575529,0.0639094308944939,-0.0137930957114074,,,38.807934191914576,38.807934191914576,False,69.83638074758865,69.83638074758865,62.07926910867013,543.0,True,False,True,True,True,True,True,True,False,False,True,True,True,True,False,False,False,11,False,0.0947719987735633,0.1403688055570007,1.0,35431157.06775856,0.555452865064695,0.0,3.0,,,,,,0.0282934782000443,-0.0711983645755719,0.3018063438462698,0.2462845181814964,0.9415841584158416,0.2462845181814964,0.9268183249572642,-543.0,0.3663366336633663,0.1584158415841584,0.9702970297029704,0.4569306930693069,0.4247524752475247,彰源
7040.0,7050.0,6605.0,6650.0,840623.0,-0.0213392200147166,6658.0,0.4943820224719102,5603.0,0.8601398601398602,4500.916666666667,0.738562091503268,3931.0833333333335,0.0868532078948644,72.06632653061224,638582.4,1.31638923966586,0.186864179903623,2059.TW,2026-06-16,0.1374866086095136,0.3934210727089329,bull,0.03422756706753,0.0481036077705827,2026-03-31,2026-05-15,5449725000.0,4236615000.0,3654349000.0,4351760000.0,865950000.0,3485810000.0,36.58,34276607000.0,6265438000.0,39510069000.0,7981426000.0,31528643000.0,27231577000.0,,257007000.0,,0.1989884552456937,2927175737.561354,33244631000.0,0.088049578217949,0.1105601024439903,0.088225864652375,0.2531484149190943,0.7773997770529706,0.6705565877177289,0.6396304400680768,0.3782121233655666,,,100.0,100.0,True,85.40715979092504,85.40715979092504,89.05536984319377,1.0,True,True,True,True,True,True,True,False,True,True,True,False,True,False,True,True,True,12,False,0.4774768102793874,0.6916456447544146,1.0,4246572960.0,0.055452865064695,3.0,0.0,,,,,,-0.1166735880646176,-0.2693121178894666,0.1500711173904037,-1.8782489035431005,0.0881188118811881,-1.8782489035431005,0.0735864318861238,-1.0,1.0,1.0,0.0495049504950495,0.8574257425742574,0.80990099009901,川湖
44.25,45.04999923706055,43.09999847412109,43.29999923706055,2920556.0,0.0906800605777757,42.50999908447265,0.2983508611150447,37.50499982833863,0.3746031503828744,32.745833206176755,0.1485410705780703,32.919583257039385,0.0642735519419544,63.70808498932789,4685180.3,0.6233604286264074,0.1545127165776771,2241.TW,2026-06-16,0.1374866086095136,0.3934210727089329,bull,0.0740055504162812,0.150786308973173,2026-03-31,2026-05-15,218145000.0,24433000.0,-12795000.0,-10165000.0,484000.0,-15198000.0,-0.15,952113000.0,375178000.0,2376112000.0,856522000.0,1519590000.0,284149000.0,37000000.0,456985000.0,,0.0,-12795000.0,2000934000.0,-0.0063945137620731,-0.0100013819517106,-0.0063961631438248,0.5636533538651873,0.112003483921245,-0.0586536478030667,-0.0696692566870659,0.2386508815262753,,,25.4753354548809,25.4753354548809,False,86.0011924417068,86.0011924417068,70.86972819500033,761.0,True,True,True,True,True,True,True,True,True,False,True,True,False,False,False,False,False,11,False,0.3223056186853412,0.3153264699303706,1.0,202868303.4154911,0.33271719038817,1.0,3.0,,,,,,-0.0822250000847052,-0.2296682089644535,0.2050296077992361,-1.6124212527739372,0.245049504950495,-1.6124212527739372,0.1762881398315876,-761.0,0.2475247524752475,0.6039603960396039,0.099009900990099,0.2252475247524752,0.3247524752475247,艾姆勒
144.0,144.5,138.5,141.0,235093733.0,0.1058823529411765,131.9,0.2477876106194689,130.3,1.4020442617953264,93.38666655222576,1.898252735408372,76.08875010808309,0.0478909479275586,48.48484848484849,320176479.35,0.7342629710879166,0.0821181887950881,2303.TW,2026-06-16,0.1374866086095136,0.3934210727089329,bull,0.1036077705827937,0.0166512488436632,2026-03-31,2026-05-15,61037902000.0,17818490000.0,11276411000.0,16643830000.0,526846000.0,16171474000.0,1.29,216440269000.0,79611375000.0,599931908000.0,193195750000.0,406736158000.0,109018591000.0,3589671000.0,13091599000.0,34073429000.0,0.031654132492341,10919465992.16791,520320533000.0,0.0209860370668245,0.0397591256197094,0.0269555157582983,0.4749903498867194,0.2919250075141835,0.1847444068441277,0.264941511259676,0.0549430056265964,,,67.2329618749115,67.2329618749115,False,78.31866806101529,78.31866806101529,75.54724151448934,188.0,True,True,True,True,True,True,True,False,True,True,False,True,False,True,True,False,False,11,False,0.5098515152711536,0.8530991743156684,1.0,45144883588.350006,0.0046210720887245,2.0,3.0,,,,,,-0.0978523042299753,-0.245769005651949,0.2559116422787204,-1.307715853507648,0.343069306930693,-1.307715853507648,0.4306910597647068,-188.0,0.7524752475247525,0.7821782178217822,0.396039603960396,0.699009900990099,0.69009900990099,聯電
174.0,180.5,168.5,170.0,8796721.0,0.0089020771513352,161.6,0.2230215827338129,162.525,0.5740740740740742,130.11833330790202,0.566820276497696,114.66916675567629,0.0438342967244702,51.5625,8179660.45,1.075438406492778,0.045992924165513,2316.TW,2026-06-16,0.1374866086095136,0.3934210727089329,bull,0.122109158186864,0.0906567992599444,2026-03-31,2026-05-15,1022324000.0,63362000.0,-73021000.0,821202000.0,181542000.0,639660000.0,3.53,7528022000.0,3322172000.0,20029645000.0,6292603000.0,13737042000.0,1075192000.0,849278000.0,1341050000.0,,0.2210686286687075,-56878347.66598231,16707473000.0,-0.0034043656791175,0.046564609760966,0.0319356633629802,0.458075544939005,0.0619783943250867,-0.0714264753639746,0.6256920506610428,0.1737561496466644,,,45.827164257188265,45.827164257188265,False,73.53170234079471,73.53170234079471,66.6055678198931,417.0,True,False,True,True,True,True,True,True,True,True,True,True,True,True,False,False,False,13,False,0.3065030551669077,0.4825258158735577,1.0,1390542276.5,0.1414048059149723,2.0,3.0,,,,,,-0.1602454292461458,-0.3107766126088613,0.1028882646764101,-1.632644172916119,0.0782178217821782,-1.632644172916119,0.0648142860902324,-417.0,0.4554455445544554,0.3762376237623762,0.0396039603960396,0.3930693069306931,0.3485148514851485,楠梓電
270.0,271.0,265.5,269.0,55686714.0,-0.0306306306306306,263.7,0.0979591836734694,271.025,0.3121951219512195,235.9,0.1902654867256636,229.975,0.0151699597340573,52.01612903225806,96970729.95,0.5742631207242964,-0.0074716354579834,2317.TW,2026-06-16,0.1374866086095136,0.3934210727089329,bull,0.2950971322849213,0.1840888066604995,2026-03-31,2026-05-15,2119533391000.0,130980560000.0,75648689000.0,74031230000.0,17074953000.0,49919449000.0,3.56,4052387707000.0,2792211149000.0,5230479067000.0,3241680598000.0,1988798469000.0,986317310000.0,778365706000.0,25597034000.0,289268494000.0,0.2306452695706933,58200676732.92546,2438267918000.0,0.0238696807283855,0.0251003054246619,0.0095439535003496,1.6299693752429172,0.0617968844256816,0.0356911994504171,0.0235520936881527,0.289006464874042,,,39.93908373911616,39.93908373911616,False,61.56278701189326,61.56278701189326,56.15686119369899,512.0,True,False,True,True,False,True,True,True,False,False,True,True,False,True,False,False,False,9,False,0.1403136922424757,0.1696923578649853,1.0,26085126356.55,0.0073937153419593,2.0,3.0,,,,,,-0.0536500585716359,-0.1508028521374302,0.1929762059367714,-1.6834426279358543,0.3737623762376237,-1.6834426279358543,0.3509412318650485,-512.0,0.3861386138613861,0.0594059405940594,0.3069306930693069,0.3742574257425742,0.2722772277227723,鴻海
2375.0,2400.0,2350.0,2400.0,31149972.0,0.0439925663957034,2316.8,0.0884353741496599,2312.5035400390625,0.2972972972972973,2144.584513346354,0.6379798581663803,1938.4525553385415,0.0083722017887229,60.382615607991376,32910592.0,0.9465029374129764,0.0378362490893569,2330.TW,2026-06-16,0.1374866086095136,0.3934210727089329,bull,0.3219241443108233,0.1905642923219241,2026-03-31,2026-05-15,1134103440000.0,751295421000.0,658966142000.0,687799687000.0,114998383000.0,572479752000.0,22.08,4265512176000.0,1714253448000.0,8660949685000.0,2728560764000.0,5932388921000.0,3035637228000.0,,40991672000.0,860026070000.0,0.167197492487373,548788655423.5218,6946696237000.0,0.0789999500050863,0.096500711538565,0.0660989582922395,0.4599430010971123,0.6624575805889452,0.5810458894296273,0.5047861877572649,0.351323787607557,,,99.15374073493592,99.15374073493592,True,73.04520646228625,73.04520646228625,79.57234003044866,5.0,True,False,True,True,True,True,True,True,False,False,True,True,True,True,True,True,True,12,False,0.1190978882222282,0.2381009756418057,1.0,78985420800.0,0.0009242144177449,3.0,0.0,,,,,,-0.0842547238145374,-0.2463988417579071,0.1483680003387019,-1.7059298912029313,0.1435643564356435,-1.7059298912029313,0.131309405050238,-5.0,0.99009900990099,0.8613861386138614,0.0792079207920792,0.8534653465346534,0.7693069306930693,台積電
37.29999923706055,40.25,37.0,39.09999847412109,27084663.0,0.1171428135463168,35.21999893188477,0.1516935963313286,36.44249973297119,0.3695271285109409,34.28916645050049,0.4192377334632866,30.554583168029787,0.0001372139408903,47.72727272727272,8694937.3,3.1149923300769515,0.0729230640220197,2340.TW,2026-06-16,0.1374866086095136,0.3934210727089329,bull,0.1933395004625347,0.154486586493987,2026-03-31,2026-05-15,954029000.0,-37817000.0,-255186000.0,-223331000.0,14681000.0,-215090000.0,-0.49,5468504000.0,4374534000.0,14636848000.0,7853545000.0,6783303000.0,2380873000.0,1369339000.0,3251596000.0,,0.0,-255186000.0,10262314000.0,-0.0248663215723081,-0.0317087413019881,-0.0146951037545788,1.1577759389489162,-0.0396392562490238,-0.2674824350203191,-0.2254543624984146,-0.0130492849997362,,,12.85259993281939,12.85259993281939,False,71.41457232560927,71.41457232560927,56.77407922741181,998.0,True,False,True,True,True,True,True,False,True,False,False,True,False,True,False,False,False,9,False,0.1403018072943087,0.2796770376181283,1.0,339972035.1625785,0.2800369685767098,1.0,3.0,,,,,,-0.1117111303167364,-0.2682603706285592,0.1767467175908915,-1.886758947467258,0.1113861386138614,-1.886758947467258,0.1194427386276755,-998.0,0.0594059405940594,0.0792079207920792,0.0594059405940594,0.0594059405940594,0.0653465346534653,台亞
91.0,93.9000015258789,90.5999984741211,93.0,7038308.0,0.0219780219780219,91.15999908447266,0.1272727272727272,87.8849998474121,0.1862244667087387,83.62166684468588,0.55,74.61916659673055,0.0248979528448344,63.60153043909359,9641928.9,0.7299688758335482,0.0582010600383304,2347.TW,2026-06-16,0.1374866086095136,0.3934210727089329,bull,0.2284921369102682,0.2654949121184088,2026-03-31,2026-05-15,126357648000.0,5428837000.0,3373256000.0,3875913000.0,784782000.0,2954386000.0,1.77,208416617000.0,157729943000.0,249263901000.0,167490035000.0,81773866000.0,15304988000.0,56810338000.0,2500000000.0,,0.2024766809781334,2690250321.030425,91533958000.0,0.0293907351961162,0.036128730907745,0.0118524422836502,2.048209815590717,0.042964055487959,0.0266960967807821,0.0233811411241209,0.3825024363831348,,,42.4453478070041,42.4453478070041,False,73.46736204948861,73.46736204948861,65.71185848886749,475.0,True,False,True,True,True,True,True,True,False,False,True,True,False,True,False,False,False,10,False,0.1121519518707143,0.2463285807332349,1.0,896699387.7,0.1746765249537892,1.0,3.0,,,,,,-0.0227349853282142,-0.1403605347653439,0.2998651859575425,-0.6416593080333063,0.7910891089108911,-0.6416593080333063,0.7576270624242956,-475.0,0.396039603960396,0.3465346534653465,0.8712871287128713,0.4673267326732673,0.4762376237623762,聯強
39.25,39.25,37.84999847412109,38.900001525878906,44168976.0,0.0527740385027348,37.43000106811523,0.4018018567884289,35.497500324249266,0.3721340741605394,30.264166736602785,0.4679245858822229,28.438333431879684,0.0725130382456722,64.64843664143726,87752304.45,0.5033369354438646,0.0958518535262975,2353.TW,2026-06-16,0.1374866086095136,0.3934210727089329,bull,0.0462534690101757,0.1517113783533765,2026-03-31,2026-05-15,72423012000.0,8085890000.0,803155000.0,1763916000.0,424878000.0,702042000.0,0.23,191754114000.0,148022790000.0,274836716000.0,178156636000.0,96680080000.0,27423217000.0,15766697000.0,12189167000.0,5000000000.0,0.2408720143136067,609697437.3439552,126813926000.0,0.0048078113861403,0.0072614958531271,0.0025543966985837,1.8427439861448192,0.1116480767190406,0.0110897762716634,0.0096936316318907,0.1807202756047137,,,20.85435408729972,20.85435408729972,False,83.75344744089927,83.75344744089927,68.02867410249938,846.0,True,True,True,True,True,True,True,True,True,False,True,False,False,True,False,False,False,11,False,0.2853485068475907,0.3678720526664751,1.0,3413564777.0043902,0.066543438077634,1.0,3.0,,,,,,-0.1101114984450673,-0.2445201274172297,0.2663116891097266,-1.8006540825648083,0.2584158415841584,-1.8006540825648083,0.2840764595005338,-846.0,0.1386138613861386,0.4356435643564356,0.2178217821782178,0.1504950495049505,0.2435643564356436,宏碁
794.0,800.0,786.0,791.0,4152651.0,-0.0694117647058824,789.6,0.2320872274143302,783.1,0.3685121107266436,659.4666666666667,0.3361486486486487,597.1708333333333,0.0459463069320154,60.41666666666666,6208135.5,0.668904697714797,0.0100881113523176,2357.TW,2026-06-16,0.1374866086095136,0.3934210727089329,bull,0.1137835337650323,0.1554116558741905,2026-03-31,2026-05-15,208369726000.0,30970538000.0,11895859000.0,13859608000.0,2702804000.0,9797017000.0,13.19,485857648000.0,327627459000.0,671441698000.0,354711686000.0,316730012000.0,57955263000.0,41417377000.0,275376000.0,,0.1950130191272365,9576011621.29809,343814239000.0,0.0278522833991703,0.0309317608967223,0.0145910166574134,1.1199181402487366,0.1486326185407567,0.0570901504184921,0.0470174683629425,0.4108280576281871,,,51.58078089609261,51.58078089609261,False,77.89373038807258,77.89373038807258,71.31549301507759,343.0,True,True,True,True,True,True,True,True,True,False,True,True,False,True,False,False,False,12,False,0.1994541043267286,0.3245790916892848,1.0,4910635180.5,0.0499075785582255,3.0,3.0,,,,,,-0.0117790043471388,-0.1224951183894429,0.2815209669723524,-1.183545752418864,0.7653465346534652,-1.183545752418864,0.7036144760196977,-343.0,0.5643564356435643,0.6336633663366337,0.7920792079207921,0.5985148514851484,0.6306930693069307,華碩
49.20000076293945,50.0,48.59999847412109,48.59999847412109,2313537.0,0.0093457307161313,48.04000015258789,0.2607003744736482,45.38500003814697,0.2607003744736482,40.8908332824707,0.2029702138251041,39.81916669209798,0.0535662533640334,63.75227127283691,4004377.15,0.5777520231829312,0.0708383482047338,2362.TW,2026-06-16,0.1374866086095136,0.3934210727089329,bull,0.091581868640148,0.2109158186864014,2026-03-31,2026-05-15,4941226000.0,1031961000.0,338299000.0,460047000.0,109186000.0,350861000.0,0.61,21268600000.0,19086193000.0,104921126000.0,60685209000.0,44235917000.0,8972993000.0,7767445000.0,28201977000.0,,0.2373366199540481,258008258.80616543,85834933000.0,0.0030058654418261,0.0079315864527008,0.0033440453164789,1.3718537585645618,0.2088471565558831,0.0684645875335392,0.0710068715739778,0.1924432336345798,,,31.430349126543067,31.430349126543067,False,79.82476496532233,79.82476496532233,67.72616100562752,657.0,True,True,True,True,True,True,True,True,True,False,True,True,False,True,False,False,False,12,False,0.1885304008944026,0.2205177182616844,1.0,194612723.37980533,0.3401109057301293,1.0,3.0,,,,,,-0.0473771645601803,-0.1610977766695429,0.2004343257387699,-1.5510820698923025,0.4128712871287129,-1.5510820698923025,0.3506956091251765,-657.0,0.297029702970297,0.4257425742574257,0.297029702970297,0.297029702970297,0.3356435643564356,藍天
640.0,678.0,631.0,678.0,4254907.0,0.0414746543778801,646.0,0.2216216216216215,616.2,0.4228751311647429,557.1083333333333,0.2744360902255638,525.5375,0.0381602223907001,60.11080332409973,5812287.15,0.7320538180912138,0.1002921129503406,2379.TW,2026-06-16,0.1374866086095136,0.3934210727089329,bull,0.1230342275670675,0.1313598519888991,2026-03-31,2026-05-15,36422566000.0,18086981000.0,4331688000.0,4977325000.0,647630000.0,4329661000.0,8.44,108499843000.0,94606737000.0,143076312000.0,97865250000.0,45211062000.0,10988581000.0,9771140000.0,,,0.1301160764065035,3768065753.2228656,48469575000.0,0.0777408457413308,0.0957655230483194,0.0302612007499885,2.16463063840438,0.4965872256227087,0.1189286883301961,0.1188730360183848,0.0399792749759324,,,74.41354387638152,74.41354387638152,False,85.39465664590469,85.39465664590469,82.64937845352391,127.0,True,True,True,True,True,True,True,True,True,True,True,True,False,True,True,False,False,13,False,0.2169984892226226,0.2901077468306257,1.0,3940730687.7,0.0582255083179297,3.0,3.0,,,,,,-0.0227336951904583,-0.128330155287882,0.3352173994270592,-0.7467364041712299,0.8207920792079209,-0.7467364041712299,0.7617011113294851,-127.0,0.7920792079207921,0.9405940594059404,0.8811881188118812,0.8054455445544555,0.8544554455445544,瑞昱
5120.0,5220.0,5065.0,5120.0,2150576.0,0.0108588351431391,5003.0,0.1289966923925027,4984.5,0.7716262975778547,4245.833333333333,2.2100313479623823,3087.5,0.0149664019547953,45.14435695538058,2316830.85,0.9282404021855976,0.0271842712408465,2383.TW,2026-06-16,0.1374866086095136,0.3934210727089329,bull,0.2266419981498612,0.0573543015726179,2026-03-31,2026-05-15,33067261000.0,9729153000.0,7128470000.0,7194158000.0,1855381000.0,5339793000.0,14.9,90741002000.0,68350963000.0,130976723000.0,83055788000.0,47920935000.0,22134504000.0,12291308000.0,10978888000.0,0.0,0.2579010636130038,5290030005.06661,62625760000.0,0.0844705118958494,0.1114292323386428,0.0407690227522336,1.733183795349569,0.2942231290338803,0.2155748551414645,0.1614827729457241,0.5252381635035763,,,86.0587773245522,86.0587773245522,True,69.03223845292592,69.03223845292592,73.28887317083249,55.0,True,False,True,True,True,True,True,False,False,True,True,True,True,True,True,True,False,11,False,0.2058881256133464,0.6582995951417003,1.0,11862173952.0,0.0184842883548983,3.0,2.0,,,,,,-0.0733366714057819,-0.2256105891979946,0.2913717410401959,-0.9964156106120056,0.503960396039604,-0.9964156106120056,0.5728218202315516,-55.0,0.9306930693069309,0.6831683168316832,0.6138613861386139,0.8831683168316832,0.7930693069306931,台光電
48.70000076293945,52.79999923706055,47.79999923706055,52.79999923706055,14011171.0,0.1092437170090787,47.75000076293945,0.227906959001408,47.6975004196167,0.5598227951894017,41.675833511352536,1.0787401586628729,33.36416673660278,0.0098983720393855,59.75609812830132,10442184.4,1.341785440984934,0.1069762308832713,2399.TW,2026-06-16,0.1374866086095136,0.3934210727089329,bull,0.1156336725254394,0.0925069380203515,2026-03-31,2026-05-15,434635000.0,71576000.0,-38003000.0,293376000.0,30236000.0,263140000.0,1.48,2477133000.0,591690000.0,3098844000.0,636030000.0,2462814000.0,675875000.0,60000000.0,,,0.1030622818499127,-34086324.10285777,2507154000.0,-0.0135956244023533,0.1068452591222885,0.0849155362451288,0.2582533638350277,0.1646807091007397,-0.0874365847205126,0.60542754265073,-0.1279866459882791,,,45.4971718000302,45.4971718000302,False,89.59910109809879,89.59910109809879,78.57361877358164,426.0,True,True,True,True,True,True,True,True,True,True,False,True,True,True,False,False,False,13,False,0.2669212536007894,0.5825361278732408,1.0,551347328.3532456,0.2347504621072088,1.0,3.0,,,,,,-0.1822255493787072,-0.3036589185222496,0.0842305253103614,-1.6798471997951925,0.0658415841584158,-1.6798471997951925,0.0514878408872758,-426.0,0.4356435643564356,0.8415841584158416,0.0297029702970297,0.3747524752475247,0.4762376237623762,映泰
68.69999694824219,71.4000015258789,67.30000305175781,70.0,10157013.0,0.0971786965059704,65.07999954223632,0.1093502645441233,66.44500007629395,0.3565891874029232,64.99250005086263,0.1146496950702264,60.49166666666667,-0.0011274833198103,52.20339500297934,9453166.75,1.074456133972248,0.0535028959233065,2402.TW,2026-06-16,0.1374866086095136,0.3934210727089329,bull,0.2562442183163737,0.1637372802960222,2026-03-31,2026-05-15,2809995000.0,360299000.0,80580000.0,39562000.0,18949000.0,20613000.0,0.07,9322656000.0,6399824000.0,16030493000.0,8924609000.0,7105884000.0,3195968000.0,1973139000.0,1558247000.0,942707000.0,0.4,48348000.0,9630669000.0,0.0050202119915033,0.0029008354203361,0.0012858618883399,1.255946339681312,0.1282205128478876,0.0286762076089103,0.0073356002412815,0.1521897795254281,,,22.998274921559133,22.998274921559133,False,58.52427833424067,58.52427833424067,49.64277748107028,811.0,True,False,True,True,True,True,False,True,False,False,True,True,True,True,False,False,False,10,False,0.0770473507746054,0.1571841851494695,1.0,661721672.5,0.2153419593345656,1.0,3.0,,,,,,-0.0878617072647409,-0.2209633483740915,0.2243692189540099,-1.765058952546578,0.2405940594059405,-1.765058952546578,0.5024245130918678,-811.0,0.1881188118811881,0.0198019801980198,0.4752475247524752,0.2311881188118811,0.195049504950495,毅嘉
1380.0,1380.0,1245.0,1245.0,6610840.0,0.046218487394958,1256.0,0.2087378640776698,1191.75,0.360655737704918,1031.45,0.3879598662207357,1009.9166666666666,0.0516214427531436,50.617283950617285,4958411.6,1.3332576101588662,0.0446821900566394,2404.TW,2026-06-16,0.1374866086095136,0.3934210727089329,bull,0.1369102682701202,0.1600370027752081,2026-03-31,2026-05-15,20288456000.0,4731351000.0,3970281000.0,4415769000.0,1328758000.0,3081118000.0,16.31,80001823000.0,69797396000.0,85443204000.0,70802446000.0,14640758000.0,30246120000.0,,,,0.3009120268745942,2775575697.0283093,15645808000.0,0.1774005981045088,0.2104479836358199,0.0360604220787413,4.8359822626670015,0.2332040939931555,0.1956916287764825,0.1518655732106967,0.7615308303510635,,,76.52353900012174,76.52353900012174,False,73.39242947189337,73.39242947189337,74.17520685395046,107.0,True,False,True,True,True,True,True,True,True,False,True,True,True,True,True,False,False,12,False,0.2070386349314072,0.2327749814341118,1.0,6173222442.0,0.0388170055452865,3.0,3.0,,,,,,-0.0339035319589062,-0.1657088887508806,0.1692125451549707,-0.7972550299708283,0.5173267326732673,-0.7972550299708283,0.6159910059794135,-107.0,0.8316831683168316,0.7227722772277227,0.7227722772277227,0.8153465346534653,0.7772277227722773,漢唐
61.29999923706055,62.400001525878906,60.20000076293945,60.20000076293945,773163.0,0.0579964700978024,60.54000015258789,0.2541666825612385,53.775,0.3650794296119131,48.235000165303546,0.4647202675894215,44.86125011444092,0.0595015285357807,73.4375037252909,807631.7,0.9573212641356202,0.1194793261355546,2414.TW,2026-06-16,0.1374866086095136,0.3934210727089329,bull,0.095282146160962,0.1572617946345976,2026-03-31,2026-05-15,8173355000.0,667003000.0,256658000.0,257181000.0,49401000.0,189595000.0,1.17,10526345000.0,7572401000.0,12337526000.0,7788440000.0,4549086000.0,631577000.0,2226858000.0,0.0,,0.1920865071681034,207357461.2432489,4765125000.0,0.0435156394099313,0.0416776029294675,0.0153673435014442,1.712088977873797,0.0816070022652876,0.0314017927766504,0.0231967166481818,0.2916284367786956,,,50.75190410598769,50.75190410598769,False,78.16660126060242,78.16660126060242,71.31292697194874,357.0,True,True,True,True,True,True,True,False,True,False,True,True,True,True,False,False,False,12,False,0.2480564021277351,0.3419153636907002,1.0,48619428.95617408,0.5064695009242144,1.0,3.0,,,,,,0.02466510538075,-0.0628661366585705,0.3194258807018153,-0.7630278444218764,0.9292079207920791,-0.7630278444218764,0.934626491168562,-357.0,0.5346534653465347,0.6237623762376238,0.9801980198019802,0.6014851485148515,0.6504950495049505,精技
310.0,312.5,279.0,280.0,3475586.0,-0.0311418685121107,289.6,0.3084112149532709,271.65,0.728395061728395,208.39166666666668,0.5426997245179064,190.7125,0.0797972771539302,54.21686746987952,3232977.65,1.0750417652902735,0.0307380820909259,2428.TW,2026-06-16,0.1374866086095136,0.3934210727089329,bull,0.0684551341350601,0.061054579093432,2026-03-31,2026-05-15,2053739000.0,697718000.0,408603000.0,362327000.0,77885000.0,283006000.0,2.21,11421979000.0,3081899000.0,17353650000.0,5491553000.0,11862097000.0,3511782000.0,945000000.0,390554000.0,,0.2149577591512639,320770614.7375161,14271751000.0,0.0224759116619618,0.023858007568139,0.0163081541923457,0.4629495948313354,0.3397306084171357,0.1989556608702469,0.1378003728808772,0.083226526493898,,,64.00836216806215,64.00836216806215,False,77.07002246125242,77.07002246125242,73.80460738795486,223.0,True,True,True,True,True,True,True,True,True,True,True,True,True,True,True,False,False,14,False,0.3436237853401047,0.4681785409975749,1.0,905233742.0,0.1728280961182994,2.0,3.0,,,,,,-0.0387561157812758,-0.1705272309728892,0.2373313137866034,-1.35647036515996,0.5084158415841584,-1.35647036515996,0.4952822354556249,-223.0,0.7128712871287128,0.7128712871287128,0.4653465346534653,0.6757425742574257,0.6633663366336633,興勤
34.29999923706055,38.0,34.29999923706055,38.0,643207.0,0.0982659443878855,33.99000015258789,0.2709030262478602,33.835000324249265,0.2903225472177257,31.283333428700768,0.1603053435114503,30.714583333333334,0.0272485807458715,59.48616764680294,225868.4,2.847706894811315,0.1230973736023792,2434.TW,2026-06-16,0.1374866086095136,0.3934210727089329,bull,0.0823311748381128,0.1951896392229417,2026-03-31,2026-05-15,10860000.0,-2848000.0,-16820000.0,-1310000.0,3419000.0,-4729000.0,-0.13,108102000.0,111881000.0,690037000.0,222180000.0,467857000.0,67489000.0,60000000.0,62087000.0,,0.0,-16820000.0,578156000.0,-0.0290924940673451,-0.0101077893458898,-0.0068532556949844,0.4748886946225021,-0.2622467771639042,,-0.435451197053407,0.0598223870401093,,,22.24637294998911,22.24637294998911,False,85.96828782628633,85.96828782628633,70.03780910721203,824.0,True,True,True,True,True,True,True,True,True,False,True,True,True,True,False,False,False,13,False,0.2147043116938762,0.2371973139795156,1.0,8582999.2,0.7458410351201479,1.0,3.0,,,,,,-0.0518096118150631,-0.1396128815566411,0.0939746714051695,-1.5418567447225997,0.3752475247524752,-1.5418567447225997,0.4401026417607747,-824.0,0.1683168316831683,0.5247524752475248,0.4257425742574257,0.2069306930693069,0.3267326732673267,統懋
4550.0,4565.0,4415.0,4560.0,10609763.0,0.0189944134078212,4290.0,0.4453248811410459,4243.0,1.7142857142857144,2960.833333333333,2.332183223549586,2287.1214213053386,0.0590951638065522,48.31223628691984,12758301.3,0.8315968364848069,0.0747112891821824,2454.TW,2026-06-16,0.1374866086095136,0.3934210727089329,bull,0.0388529139685476,0.0092506938020351,2026-03-31,2026-05-15,149150510000.0,69055353000.0,22890845000.0,27019390000.0,2643006000.0,24153980000.0,15.17,378185472000.0,309807293000.0,738776057000.0,340329102000.0,398446955000.0,184514674000.0,16440000000.0,120000000.0,,0.0978188626760263,20651688576.4068,428968764000.0,0.0481426395335553,0.0606203151935243,0.0326945896136425,0.8541390459364911,0.4629910618475257,0.1534748020640358,0.1619436634846237,-0.0271454326245333,,,78.23114789730103,78.23114789730103,False,79.82908600107456,79.82908600107456,79.42960147513118,95.0,True,True,True,True,True,True,True,False,True,True,True,False,True,True,True,False,False,12,False,0.5401069518716577,0.9937725900872598,1.0,58177853928.0,0.0027726432532347,3.0,2.0,,,,,,-0.0429173370245617,-0.1660596294538671,0.3151048953619997,-1.057709001139439,0.6410891089108911,-1.057709001139439,0.6667556456967144,-95.0,0.8910891089108911,0.8514851485148515,0.7722772277227723,0.8732673267326733,0.8554455445544554,聯發科
37.900001525878906,37.900001525878906,34.75,34.849998474121094,3586202.0,0.1169871032669092,32.56999969482422,0.1169871032669092,32.45249996185303,0.3829364055168391,32.13249991734823,0.7468670246299409,27.655416663487756,-0.0021523584045457,58.950609798167214,1030555.9,3.4798713975631985,0.073877159389454,2460.TW,2026-06-16,0.1374866086095136,0.3934210727089329,bull,0.244218316373728,0.1470860314523589,2026-03-31,2026-05-15,1130635000.0,129255000.0,36172000.0,40710000.0,21769000.0,18941000.0,0.11,3036493000.0,3048223000.0,5150304000.0,3565610000.0,1584694000.0,366608000.0,2049411000.0,474796000.0,,0.4,21703200.0,2102081000.0,0.0103246259302091,0.0119524652708977,0.0036776469893815,2.2500306052777383,0.114320713581306,0.0319926413033383,0.0167525328686976,0.6226803679836963,,,27.363117844958968,27.363117844958968,False,67.87562944734171,67.87562944734171,57.74750154674602,727.0,True,False,True,True,True,True,False,True,False,False,False,True,False,True,False,False,False,8,False,0.0845716506267133,0.2601509099709944,1.0,35914871.542496495,0.5508317929759704,1.0,3.0,,,,,,-0.0274735961505095,-0.1636069090581378,0.269454939222124,-1.603565569369824,0.5668316831683169,-1.603565569369824,0.4464251843489088,-727.0,0.2574257425742574,0.1089108910891089,0.4356435643564356,0.2841584158415842,0.2485148514851485,建通
386.0,386.0,347.5,347.5,18040564.0,-0.0671140939597315,358.1,0.4978448275862068,339.675,1.71484375,228.34166666666667,2.188073394495413,170.1875,0.1042750325097528,51.700680272108855,10242495.3,1.7613446207781027,0.0230367262824757,2472.TW,2026-06-16,0.1374866086095136,0.3934210727089329,bull,0.0333024976873265,0.0083256244218316,2026-03-31,2026-05-15,2943086000.0,883334000.0,549622000.0,520427000.0,122244000.0,262833000.0,1.6,11680366000.0,3302511000.0,18688580000.0,4096143000.0,14592437000.0,4465054000.0,1452324000.0,282000000.0,,0.2348917331345222,420520335.8511376,15386069000.0,0.0273312394381656,0.0180115905245984,0.0140638293546112,0.2807031478018373,0.3001386979517418,0.1867502342778974,0.0893052394663288,0.0925167204371126,,,62.238957459260455,62.238957459260455,False,79.36797314255655,79.36797314255655,75.08571922173253,240.0,True,True,True,True,True,True,True,True,True,True,True,False,True,True,True,False,False,13,False,0.5218422685303457,1.04186558942343,1.0,3559267116.7500005,0.065619223659889,2.0,3.0,,,,,,-0.0685540215700444,-0.2321513068905482,0.2691639761846377,-1.3620852521738531,0.4108910891089109,-1.3620852521738531,0.4388433336107805,-240.0,0.693069306930693,0.7524752475247525,0.4158415841584158,0.6514851485148514,0.6554455445544554,立隆電
38.400001525878906,38.900001525878906,35.650001525878906,35.849998474121094,6671838.0,0.0669642887553392,35.65,0.5063025051822985,29.082500076293947,0.6875093653386628,24.60849889119466,0.9551519259403038,22.19239056905111,0.1122478261350056,76.59032323098782,4693694.3,1.4214470678245918,0.2327000216650405,2483.TW,2026-06-16,0.1374866086095136,0.3934210727089329,bull,0.0314523589269195,0.0656799259944495,2026-03-31,2026-05-15,480525000.0,63554000.0,-1427000.0,14856000.0,-1757000.0,16038000.0,0.15,1524758000.0,1006322000.0,4236476000.0,1639737000.0,2596739000.0,463750000.0,440000000.0,593051000.0,,0.0,-1427000.0,3230154000.0,-0.0004417746026969,0.0061762079284826,0.0037856935811745,0.6314600735768978,0.1322595078299776,-0.0029696685916445,0.0333759950054627,0.1414681771428436,,,25.378140859428456,25.378140859428456,False,85.92648998086945,85.92648998086945,70.7894027005092,764.0,True,True,True,True,True,True,True,False,True,True,True,False,True,False,False,False,False,11,False,0.4568137062171165,0.6154185085457402,1.0,168268933.49299088,0.3641404805914972,1.0,3.0,,,,,,-0.0835212569502325,-0.2529266679484236,0.2619424365788253,-1.5226562677231097,0.3178217821782178,-1.5226562677231097,0.5973145039649057,-764.0,0.2277227722772277,0.594059405940594,0.6831683168316832,0.2960396039603961,0.4287128712871287,百容
51.79999923706055,52.0,49.5,49.5,11345532.0,-0.0178571725918853,49.60999984741211,0.3846153846153846,48.2375,0.2531645569620253,41.622500038146974,0.736842105263158,36.80166664123535,0.0764896173535166,47.86822026355121,15353535.55,0.7389524037022208,0.0261725835708732,2495.TW,2026-06-16,0.1374866086095136,0.3934210727089329,bull,0.0471785383903792,0.217391304347826,2026-03-31,2026-05-15,370134000.0,147360000.0,46525000.0,102513000.0,12200000.0,90313000.0,0.33,6699309000.0,2713603000.0,7458195000.0,2779672000.0,4678523000.0,278672000.0,2380000000.0,,,0.1190092963819222,40988092.48583107,4744592000.0,0.008638907726066,0.0193037418005639,0.0121092301823698,0.594134516384765,0.3981260840668514,0.1256977202850859,0.2440008213241691,0.3507110561290958,,,59.87100186749289,59.87100186749289,False,70.33090987049907,70.33090987049907,67.71593286974753,265.0,True,False,True,True,True,True,True,False,True,False,True,True,False,True,False,False,False,10,False,0.1892606151632723,0.345047779562692,1.0,760000009.725,0.1950092421441774,1.0,3.0,,,,,,-0.0735184156244369,-0.2259104573187967,0.2048360075063369,-1.494935915660971,0.2910891089108911,-1.494935915660971,0.262513418538049,-265.0,0.6633663366336634,0.4158415841584158,0.1782178217821782,0.5905940594059407,0.492079207920792,普安
17.5,17.600000381469727,17.350000381469727,17.5,30142819.0,0.0233917900354978,17.20999984741211,0.0903427309573512,16.564999961853026,0.1627906829378922,16.04666666984558,0.104100919799301,15.884999950726828,0.0190710574962766,69.01410418214708,42269023.65,0.7131184114776685,0.0564443127256355,2834.TW,2026-06-16,0.1374866086095136,0.3934210727089329,bull,0.3108233117483811,0.2793709528214616,2026-03-31,2026-05-15,,,,,886677000.0,3437983000.0,,,,2555347612000.0,2406237987000.0,149109625000.0,29451426000.0,,,,,,2555347612000.0,,0.0230567476780925,0.0013454071703807,16.137375350518116,,,,,,,11.10187505518378,11.10187505518378,False,64.49015935176268,64.49015935176268,51.14308827761796,1026.0,True,False,True,True,True,True,True,True,False,False,True,True,False,True,False,False,False,10,False,0.0905691730286564,0.1016682438956682,1.0,739707913.875,0.2033271719038817,0.0,3.0,,,,,,-0.0146596263296714,-0.154954316877963,0.2101235713743855,-0.8996994578691647,0.6450495049504951,-0.8996994578691647,0.5572545147292333,-1026.0,0.0495049504950495,0.0297029702970297,0.5742574257425742,0.1282178217821782,0.1485148514851485,臺企銀
38.54999923706055,40.20000076293945,38.5,39.75,6059584.0,0.0743243243243243,37.59000015258789,0.1357142857142856,36.10249996185303,0.3097199176402472,32.81333322525025,0.525911752943504,29.975833304723107,0.0260764563995984,76.53627665595997,2498195.65,2.425584241170222,0.1010317856658411,2851.TW,2026-06-16,0.1374866086095136,0.3934210727089329,bull,0.2146160962072155,0.185013876040703,2026-03-31,2026-05-15,,,2142185000.0,2164691000.0,325242000.0,,,,,59204658000.0,35668047000.0,23536611000.0,16387176000.0,,,,0.1502486960032633,1820324497.152249,59204658000.0,0.0307463054199595,,,1.5154283256837613,,,,,,,65.92494981784269,65.92494981784269,False,72.35548568491939,72.35548568491939,70.74785171815022,201.0,True,False,True,True,True,True,True,False,False,False,True,True,True,True,True,False,False,10,False,0.2113978097602076,0.3260682228886307,1.0,99303277.0875,0.4306839186691312,1.0,3.0,,,,,,-0.0068503901603659,-0.1561525475603061,0.2287958755008022,-1.7669758545516394,0.5351485148514852,-1.7669758545516394,0.5152466677576155,-201.0,0.7425742574257426,0.5742574257425742,0.5148514851485149,0.7084158415841584,0.6465346534653466,中再保
52.20000076293945,52.900001525878906,51.5,52.59999847412109,9936546.0,-0.0259259541829428,51.34000015258789,0.3367217411384142,48.607500076293945,0.598784073999094,39.60583327611288,1.1735535874310457,33.787083276112874,0.0599105982525419,64.52830031148092,17366158.25,0.5721787085523075,0.082137497126175,2855.TW,2026-06-16,0.1374866086095136,0.3934210727089329,bull,0.0573543015726179,0.0841813135985199,2026-03-31,2026-05-15,,,2098581000.0,2515780000.0,218397000.0,2291390000.0,,256323628000.0,220745648000.0,267670154000.0,225790103000.0,41880051000.0,8784022000.0,11858164000.0,4700000000.0,,0.0868108499153344,1916401399.773828,46924506000.0,0.0408400974913583,0.0547131616434755,0.0085604986800284,5.391352149977085,,,,,,,49.23161191360978,49.23161191360978,False,84.09929586061648,84.09929586061648,75.3823748738648,381.0,True,True,True,True,True,True,True,True,True,True,True,True,False,True,False,False,False,13,False,0.3280871559353169,0.5568079092316547,1.0,913459897.4513452,0.1719038817005545,1.0,3.0,,,,,,-0.0597267309559202,-0.1653687031804321,0.2818076760025517,-0.1288828417615531,0.6306930693069308,-0.1288828417615531,0.6002334960987342,-381.0,0.504950495049505,0.7722772277227723,0.7029702970297029,0.5346534653465347,0.6247524752475248,統一證
104.5,109.5,104.0,109.5,54267316.0,0.0528846153846154,102.88000030517578,0.4074549576450943,91.68999977111817,0.529329641530333,80.2933334350586,0.582370011979914,77.74083309173584,0.0749750828196738,77.70115252986382,50538809.0,1.073775125963099,0.1942414687898372,2882.TW,2026-06-16,0.1374866086095136,0.3934210727089329,bull,0.0444033302497687,0.1008325624421831,2026-03-31,2026-05-15,72538053000.0,,,38391738000.0,6735806000.0,31593811000.0,,,,14450034484000.0,13633007653000.0,817026831000.0,293505959000.0,,,,0.1754493636104726,,14450034484000.0,,0.0386692453677815,0.0021864176888285,16.686119887046893,,,0.4355480977687669,-0.3173702053156907,,,13.906153918122188,13.906153918122188,False,81.76187874781152,81.76187874781152,64.79794754038919,986.0,True,True,True,True,True,True,True,False,True,True,True,False,True,False,False,False,False,11,False,0.3637495831277675,0.408526197176041,1.0,5533999585.5,0.0425138632162661,2.0,3.0,,,,,,-0.118583348653792,-0.3007478125214536,0.3661488128713729,-1.3002240970481236,0.4074257425742574,-1.3002240970481236,0.3975195026793426,-986.0,0.0792079207920792,0.3069306930693069,0.3663366336633663,0.1222772277227722,0.2049504950495049,國泰金
65.5999984741211,66.5,64.80000305175781,65.4000015258789,26693368.0,0.0092592352756812,63.64000015258789,0.1956124426636014,60.660000038146975,0.4779661361780543,53.78416659037271,0.741677839005956,48.11624994277954,0.0368344605974048,64.39023691299295,34354250.15,0.7770033659139552,0.0781404794716635,2885.TW,2026-06-16,0.1374866086095136,0.3934210727089329,bull,0.150786308973173,0.1137835337650323,2026-03-31,2026-05-15,39984934000.0,,,18723853000.0,3129395000.0,14409154000.0,,,,4640879682000.0,4254342700000.0,386536982000.0,77947312000.0,,,,0.167134136334012,,4640879682000.0,,0.0372775560192064,0.0031048324859373,11.00630184979299,,,0.360364581319554,0.2805185364050884,,,38.0190051862678,38.0190051862678,False,80.37659910599214,80.37659910599214,69.78720062606105,560.0,True,True,True,True,True,True,True,True,True,True,True,True,False,True,False,False,False,13,False,0.2159712731810816,0.3592082010475343,1.0,2246768012.2304254,0.0988909426987061,1.0,3.0,,,,,,-0.2060059359156417,-0.3419175336921481,0.1564740273021605,-1.250544033887156,0.1594059405940593,-1.250544033887156,0.1440482867242666,-560.0,0.3366336633663366,0.5148514851485149,0.0891089108910891,0.2995049504950495,0.3405940594059406,元大金
70.4000015258789,71.69999694824219,69.5999984741211,70.80000305175781,40945164.0,0.0231214765039995,68.83999938964844,0.2779783592367797,63.84499931335449,0.3720931229729802,57.05499973297119,0.5715872197732232,53.9783332824707,0.0575617001459432,73.01588382850993,65611406.85,0.6240555715198781,0.1089357633832497,2891.TW,2026-06-16,0.1374866086095136,0.3934210727089329,bull,0.0795559666975023,0.15263644773358,2026-03-31,2026-05-15,59859484000.0,,,28299359000.0,4691107000.0,23103564000.0,,,,9627795130000.0,9033405624000.0,594389506000.0,137297531000.0,,,,0.165767252890781,,9627795130000.0,,0.0388694009008967,0.0023996734130756,15.197787869424465,,,0.3859633003184591,-0.0259120213272754,,,18.776914292805223,18.776914292805223,False,77.87539008767291,77.87539008767291,63.10077113895599,884.0,True,True,True,True,True,True,True,False,True,False,True,True,False,True,False,False,False,11,False,0.2409079551856277,0.3116374431433195,1.0,4645287805.210124,0.0536044362292051,1.0,3.0,,,,,,-0.1683876624940461,-0.3277879481341263,0.2225642580792153,-1.412264246752062,0.2178217821782178,-1.412264246752062,0.1965100397374912,-884.0,0.1188118811881188,0.2376237623762376,0.1485148514851485,0.1232673267326732,0.1603960396039604,中信金
22.049999237060547,24.39999961853028,22.0,23.64999961853028,44844.0,0.1025640455636673,22.12999992370606,0.1129411585190718,21.760000133514403,0.1850474505025654,21.71534315745036,0.1766029176963224,20.968664662043256,0.0063591121830075,76.25001728535526,13231.4,3.389210514382454,0.0868565934475766,2910.TW,2026-06-16,0.1374866086095136,0.3934210727089329,bull,0.2497687326549491,0.2673450508788159,2026-03-31,2026-05-15,134947000.0,122139000.0,79615000.0,67368000.0,16123000.0,51245000.0,0.29,1046634000.0,924884000.0,6492314000.0,3855433000.0,2636881000.0,179700000.0,437000000.0,2663000000.0,,0.2393272770454815,60560958.83802399,5567430000.0,0.010877722546673,0.0194339448765416,0.0078931795350625,1.4621186925007237,0.9050886644386316,0.5899723595189222,0.3797416763618309,0.0604038975326104,,,53.55098246287692,53.55098246287692,False,68.06136120234585,68.06136120234585,64.43376651747862,318.0,True,False,True,True,True,True,True,False,False,False,False,True,False,True,False,False,False,8,False,0.0890916826435761,0.1278734244503743,1.0,312922.6049526215,0.9907578558225508,0.0,3.0,,,,,,0.0069290963831263,-0.0763384245526022,0.1411427078092851,-1.0473653174921267,0.655940594059406,-1.0473653174921267,0.6001130969570069,-318.0,0.594059405940594,0.2574257425742574,0.693069306930693,0.6089108910891089,0.5128712871287129,統領
64.19999694824219,68.19999694824219,63.20000076293945,67.4000015258789,4806764.0,0.049844310432235,65.18000030517578,0.1560892351270153,62.795000076293945,0.3493493592874284,56.81833318074544,0.4159664640015184,52.73041658401489,0.0253919026030297,61.90476094363897,1835569.6,2.618677058064156,0.0733338871564619,3003.TW,2026-06-16,0.1374866086095136,0.3934210727089329,bull,0.1840888066604995,0.1683626271970398,2026-03-31,2026-05-15,1263159000.0,291390000.0,111988000.0,120680000.0,40410000.0,73811000.0,0.47,6542183000.0,1409389000.0,8333214000.0,1821129000.0,6512085000.0,2249606000.0,451528000.0,158298000.0,,0.3348525024859131,74488537.95160756,6923825000.0,0.0107582929885731,0.0113344650753176,0.0088574468386387,0.2796537514482689,0.2306835481518953,0.0886570890917137,0.0584336572038832,0.2552234771772852,,,47.83935568476647,47.83935568476647,False,80.37413744592088,80.37413744592088,72.24044200563227,397.0,True,True,True,True,True,True,True,True,True,False,True,True,True,True,False,False,False,13,False,0.1862368667428522,0.2781996785193437,1.0,123717393.84085694,0.4020332717190388,1.0,3.0,,,,,,-0.0348751796557028,-0.1686577253769557,0.2114581691573336,-1.499849152102014,0.4613861386138614,-1.499849152102014,0.4351112315896529,-397.0,0.4851485148514851,0.6633663366336634,0.4059405940594059,0.4732673267326732,0.5227722772277228,健和興
138.0,138.0,130.5,133.0,726913.0,-0.0111524163568773,133.6,0.0682730923694778,128.95,0.3023505859450144,118.17851130167644,0.3901494831808396,112.63870137532552,0.0230067433558111,59.00000000000001,934199.8,0.7781129903902784,0.0314075222954635,3004.TW,2026-06-16,0.1374866086095136,0.3934210727089329,bull,0.395004625346901,0.1868640148011101,2026-03-31,2026-05-15,1204086000.0,303961000.0,167853000.0,159650000.0,36009000.0,123641000.0,1.92,4115707000.0,2713494000.0,8426161000.0,4784576000.0,3641585000.0,220728000.0,677601000.0,1977017000.0,,0.2255496398371437,129993816.30441593,5712667000.0,0.0227553638789756,0.0339525234204336,0.0146734675494569,1.3138718442656152,0.252441270806238,0.1394028333524349,0.1026845258561265,0.2866173569808965,,,59.60481555561746,59.60481555561746,False,68.87333217196496,68.87333217196496,66.55620301787809,270.0,True,False,True,True,True,True,True,True,False,False,True,True,False,True,False,False,False,10,False,0.1254161059829945,0.1807664539457731,1.0,124248573.4,0.4011090573012939,2.0,3.0,,,,,,-0.0265653233475247,-0.155097021579286,0.2882262346397109,-0.5303348554688334,0.7485148514851485,-0.5303348554688334,0.7066423164185471,-270.0,0.6435643564356436,0.3663366336633663,0.801980198019802,0.6673267326732674,0.5920792079207922,豐達科
152.0,156.0,148.5,150.0,2289394.0,0.0676156583629892,145.9,0.1194029850746267,147.775,0.2765957446808511,132.25,0.2875536480686695,124.99583333333334,0.0163342503438789,47.0,3195862.2,0.7163619257426055,0.0150566739976314,3014.TW,2026-06-16,0.1374866086095136,0.3934210727089329,bull,0.2377428307123034,0.2053654024051804,2026-03-31,2026-05-15,1734052000.0,992099000.0,498325000.0,506561000.0,47858000.0,458703000.0,2.85,7276847000.0,3534436000.0,9867430000.0,3664549000.0,6202881000.0,2464625000.0,,,,0.0944762822246481,451245106.6604022,6332994000.0,0.0712530450305814,0.0739499919472903,0.04648657249152,0.5907817673755147,0.572127594789545,0.2873760417796006,0.264526669327102,0.0068170034331778,,,86.91029224348934,86.91029224348934,False,63.988302851637336,63.988302851637336,69.71880019960034,51.0,True,False,True,True,True,True,True,False,False,False,True,True,False,True,True,False,False,9,False,0.1342155009451795,0.2000400013333778,1.0,479379330.0,0.2495378927911275,2.0,2.0,,,,,,-0.0330815188406873,-0.1290236328200326,0.2666772396398816,-1.5035924295670746,0.606930693069307,-1.5035924295670746,0.5573460892431727,-51.0,0.9405940594059404,0.504950495049505,0.5841584158415841,0.887128712871287,0.7386138613861386,聯陽
125.5,134.5,119.0,119.5,29003419.0,0.0669642857142858,113.1,0.1658536585365853,117.95,0.8613708049914781,91.4983331044515,1.3523622400533457,75.03499981562297,-0.0012701100762065,46.408839779005525,9371735.15,3.0947757843967665,0.0131411615091139,3016.TW,2026-06-16,0.1374866086095136,0.3934210727089329,bull,0.1720629047178538,0.0471785383903792,2026-03-31,2026-05-15,1058983000.0,188227000.0,112229000.0,125822000.0,25166000.0,100656000.0,0.35,4149251000.0,1259785000.0,7114003000.0,2217982000.0,4896021000.0,2593190000.0,337440000.0,,483682000.0,0.2000127163771041,89781772.85371397,5854218000.0,0.0153362537667223,0.0205587353485616,0.0141489960012667,0.4530172562576835,0.1777431743474635,0.1059780940770531,0.0950496844614125,0.1805514679651827,,,49.37869687987665,49.37869687987665,False,59.75374619113106,59.75374619113106,57.15998386331746,377.0,True,False,True,True,True,True,False,False,True,True,True,True,False,True,False,False,False,10,False,0.3060347215679078,0.5925901285218504,1.0,1119922350.425,0.1580406654343807,2.0,3.0,,,,,,-0.0701279415293909,-0.2589197343295486,0.2042352606237261,-1.5168784478044108,0.2633663366336634,-1.5168784478044108,0.2591312523057444,-377.0,0.5148514851485149,0.0891089108910891,0.1683168316831683,0.4628712871287129,0.3178217821782179,嘉晶
159.5,167.5,156.5,164.0,30195971.0,0.0825082508250825,151.9,0.0969899665551838,151.9,0.2377358490566037,139.83333333333334,0.197080291970803,141.23333333333332,0.0103092783505155,63.30275229357798,11895269.0,2.538485762701121,0.0796576695194206,3019.TW,2026-06-16,0.1374866086095136,0.3934210727089329,bull,0.2969472710453284,0.2247918593894542,2026-03-31,2026-05-15,6209310000.0,1073987000.0,482047000.0,415276000.0,60805000.0,294216000.0,1.05,23147848000.0,10340672000.0,27404424000.0,10678584000.0,16725840000.0,12314492000.0,,,,0.1464206937073175,411465343.8604687,17063752000.0,0.0241134156110841,0.0175905066651361,0.0107360767735895,0.6384482931798942,0.1729639847261612,0.0776329415023569,0.0473830425602844,0.1479124805263014,,,45.766678101894,45.766678101894,False,74.55131085099109,74.55131085099109,67.35515266371681,419.0,True,False,True,True,True,True,True,True,False,False,True,True,True,True,False,False,False,11,False,0.1728247914183551,0.161198961529384,1.0,1950824116.0,0.1146025878003696,2.0,3.0,,,,,,-0.0674233981550198,-0.2162712521106497,0.2074057572574026,-1.3914339586037872,0.3554455445544554,-1.3914339586037872,0.2900248949078952,-419.0,0.4455445544554455,0.396039603960396,0.2277227722772277,0.4128712871287129,0.3871287128712871,亞光
85.80000305175781,86.0,82.5999984741211,82.5999984741211,1727568.0,-0.0494821976553966,85.23999938964843,0.2200886587523809,77.80499992370605,0.2058393937827896,70.84666659037272,0.2383808433787033,67.39249998728434,0.0597970464656316,66.41508858158903,2382934.55,0.7249750103291759,0.0616284114789142,3022.TW,2026-06-16,0.1374866086095136,0.3934210727089329,bull,0.123959296947271,0.2497687326549491,2026-03-31,2026-05-15,1592354000.0,448280000.0,36432000.0,189589000.0,22663000.0,168988000.0,0.96,10450596000.0,3234728000.0,16026933000.0,4335529000.0,11691404000.0,3432970000.0,92494000.0,,,0.1195375259113134,32077008.85599903,12792205000.0,0.0025075433716078,0.0144540381976364,0.0105440011510624,0.3708304836613293,0.281520315206292,0.0228793346203168,0.1061246431383976,-0.1038362140769989,,,30.04604328275842,30.04604328275842,False,74.15593864112986,74.15593864112986,63.12846480153701,682.0,True,False,True,True,True,True,True,True,True,False,True,True,False,True,False,False,False,11,False,0.1658981635890477,0.225655651440533,1.0,196830390.1939304,0.3382624768946395,1.0,3.0,,,,,,-0.0216274403521643,-0.1400288908072,0.2332200995195806,-1.319624753775023,0.6321782178217822,-1.319624753775023,0.6319415545112745,-682.0,0.2673267326732673,0.2475247524752475,0.7524752475247525,0.34009900990099,0.3584158415841584,威強電
498.0,504.0,493.0,500.0,3159945.0,0.0405827263267428,490.0,0.0729613733905578,487.725,0.3386880856760375,442.01666666666665,0.3245033112582782,410.7583333333333,0.0064486174164259,56.88073394495412,5507572.85,0.5737454748328931,0.0251678712389153,3034.TW,2026-06-16,0.1374866086095136,0.3934210727089329,bull,0.3728029602220166,0.1729879740980573,2026-03-31,2026-05-15,23145303000.0,9039901000.0,4027546000.0,4389348000.0,622236000.0,3767112000.0,6.19,79261926000.0,21790635000.0,103666583000.0,31738768000.0,71927815000.0,48919537000.0,,,,0.1417604619182621,3456599218.642951,81875948000.0,0.0422175169030464,0.0523735080788982,0.036338730292673,0.4412586146263444,0.390571728527382,0.1740113750077067,0.1627592432036858,-0.1465659805926223,,,75.54535048945058,75.54535048945058,False,67.01157216074671,67.01157216074671,69.14501674292268,116.0,True,False,True,True,True,True,True,True,False,False,True,True,False,True,True,False,False,10,False,0.1311790656460918,0.2172607575419447,1.0,2753786425.0,0.0841035120147874,2.0,3.0,,,,,,0.0041361675363727,-0.0877316561380988,0.2904547376737311,-0.8039774143302355,0.8618811881188119,-0.8039774143302355,0.8507267172310771,-116.0,0.8118811881188119,0.495049504950495,0.9504950495049505,0.8326732673267327,0.7445544554455445,聯詠
240.5,247.0,222.0,229.0,39830932.0,0.0223410674627182,225.58472290039063,0.5472972972972974,205.15317306518557,1.4518200884241912,155.98772430419922,1.656612623054969,121.31802895863852,0.1059053379997694,60.26621195730388,37512978.15,1.0617907178878572,0.1162391328319223,3042.TW,2026-06-16,0.1374866086095136,0.3934210727089329,bull,0.0268270120259019,0.0157261794634597,2026-03-31,2026-05-15,3339207000.0,1079697000.0,503644000.0,553314000.0,102509000.0,450359000.0,1.32,13992302000.0,6050925000.0,22717388000.0,7476497000.0,15240891000.0,3786387000.0,763633000.0,975643000.0,,0.1852637019847681,410337048.0775834,16666463000.0,0.0246205237474552,0.029549387893398,0.0198244181945565,0.490555112558708,0.3233393437423915,0.1508274269908993,0.134870045492837,0.0545652359281587,,,61.80661362727634,61.80661362727634,False,93.188232156922,93.188232156922,85.34282752451058,244.0,True,True,True,True,True,True,True,True,True,True,True,False,True,True,True,False,False,13,False,0.4680642404489215,0.8876007297981572,1.0,8590471996.35,0.0286506469500924,2.0,3.0,,,,,,-0.0550613529231425,-0.1694010390367982,0.2869323878778558,-1.4206166964552551,0.5183168316831683,-1.4206166964552551,0.528226016447229,-244.0,0.6831683168316832,0.9504950495049505,0.5346534653465347,0.6608910891089109,0.7336633663366336,晶技
532.0,558.0,529.0,546.0,7288916.0,0.092,505.2,0.1805405405405404,501.675,0.4918032786885247,449.19166666666666,0.7872340425531914,398.94166666666666,0.0076324378609088,55.02283105022831,4236313.55,1.720579913165304,0.0883540140529226,3044.TW,2026-06-16,0.1374866086095136,0.3934210727089329,bull,0.1609620721554116,0.1119333950046253,2026-03-31,2026-05-15,20964231000.0,5558653000.0,3845829000.0,4106800000.0,1160501000.0,2946230000.0,5.61,70597125000.0,38074338000.0,103583725000.0,45274053000.0,58309672000.0,21846246000.0,4498565000.0,1000000000.0,,0.2825803545339437,2759073277.703078,65509387000.0,0.042117220203924,0.050527295025772,0.0284429817522009,0.7764415653032657,0.2651493870679063,0.1834471772420366,0.1405360396954221,0.2239921180540351,,,79.90151858407886,79.90151858407886,False,82.08950602184173,82.08950602184173,81.54250916240102,86.0,True,True,True,True,True,True,True,True,True,True,True,True,True,True,True,False,False,14,False,0.215516761590264,0.3686211434420237,1.0,2313027198.3,0.0961182994454713,3.0,2.0,,,,,,-0.0469848072127209,-0.1661777743365596,0.2534980183965172,-1.2439073055336698,0.5351485148514852,-1.2439073055336698,0.5195960992968381,-86.0,0.900990099009901,0.9207920792079208,0.5247524752475248,0.8445544554455445,0.8316831683168316,健鼎
74.19999694824219,75.0,71.0999984741211,71.0999984741211,10528498.0,-0.0069832403722845,73.18000030517578,0.2673796864169169,70.77500019073486,0.6709753172496848,50.60499998728434,0.7533908708224948,45.21124982833862,0.0751585618738203,51.55807236863007,20763536.65,0.5070666995451375,0.0045919926882427,3048.TW,2026-06-16,0.1374866086095136,0.3934210727089329,bull,0.0851063829787234,0.0712303422756706,2026-03-31,2026-05-15,33502237000.0,1335335000.0,677345000.0,415256000.0,85250000.0,330006000.0,1.22,31564687000.0,24960693000.0,35289648000.0,29455310000.0,5834338000.0,2818677000.0,6138128000.0,3041933000.0,,0.2052950469108213,538289426.4501898,10328955000.0,0.0521146066034937,0.056562715427183,0.0093513542555029,5.04861219901898,0.0398580847004335,0.0202179036581945,0.0098502676104882,0.1721137218657698,,,38.57486616999763,38.57486616999763,False,71.04871601110008,71.04871601110008,62.93025355082447,548.0,True,False,True,True,True,True,True,True,True,True,True,True,False,True,False,False,False,12,False,0.4049994761779782,0.5726174070409193,1.0,1476287424.1323574,0.1358595194085027,1.0,3.0,,,,,,-0.0413103541207944,-0.0929008862246083,0.2530996831954809,-0.4423260603310657,0.7044554455445544,-0.4423260603310657,0.6416122825890085,-548.0,0.3564356435643564,0.2079207920792079,0.7623762376237624,0.4173267326732673,0.3930693069306931,益登
47.84999847412109,49.0,46.59999847412109,47.650001525878906,8792293.0,0.0214362265228491,46.68000030517578,0.1318290558886696,45.72999992370605,0.2589168678159474,40.78249994913737,0.1440576177715611,40.30374994277954,0.0305352095483055,65.32663480340992,13831964.35,0.6356503514267661,0.0419856025667197,3059.TW,2026-06-16,0.1374866086095136,0.3934210727089329,bull,0.2210915818686401,0.2127659574468085,2026-03-31,2026-05-15,2020291000.0,483725000.0,100304000.0,164137000.0,41709000.0,79083000.0,0.26,10009497000.0,5342391000.0,16724305000.0,6281437000.0,10442868000.0,5091925000.0,2257592000.0,180000000.0,,0.2541108951668423,74815660.77118506,11381914000.0,0.0065732055936448,0.0075729196232299,0.0047286269892829,0.6015049697075554,0.2394333291590172,0.0496482932409242,0.0391443608866247,0.0901623244524882,,,33.47776456125828,33.47776456125828,False,71.7395318178751,71.7395318178751,62.1740900037209,619.0,True,False,True,True,True,True,True,True,False,False,True,True,False,True,False,False,False,10,False,0.1683933448245318,0.1822721606185295,1.0,659093122.3834026,0.2162661737523105,1.0,3.0,,,,,,-0.0526355180586961,-0.1836203177115895,0.1988555042437183,-1.4970173214961675,0.3737623762376237,-1.4970173214961675,0.3043332737488712,-619.0,0.3267326732673267,0.1683168316831683,0.2574257425742574,0.3163366336633663,0.2653465346534653,華晶科
49.59999847412109,49.84999847412109,48.650001525878906,48.650001525878906,112197.0,0.0406417438690676,48.12000045776367,0.0847269382617808,47.964999771118165,0.1865854030702172,45.12083307902017,0.1222607436750382,43.15458316802979,0.0187977960383768,47.8087678466291,131360.9,0.854112601238268,0.0142812833947558,3168.TW,2026-06-16,0.1374866086095136,0.3934210727089329,bull,0.333950046253469,0.2645698427382054,2026-03-31,2026-05-15,869660000.0,198367000.0,59008000.0,60984000.0,3073000.0,45035000.0,0.6,2581454000.0,1308407000.0,3715997000.0,1373554000.0,2342443000.0,992295000.0,37059000.0,,,0.0503902662993572,56034571.16620753,2407590000.0,0.0232741335386039,0.0192256545836974,0.0121192239929149,0.5863767015888968,0.2280971874065726,0.0678518041533472,0.0517846054780029,0.0652585058011916,,,45.215204196497154,45.215204196497154,False,59.55735949350378,59.55735949350378,55.971820669252125,428.0,True,False,True,True,True,True,True,False,False,False,True,True,True,True,False,False,False,10,False,0.0782159416400423,0.1273426355771243,1.0,6390707.985440826,0.7818853974121996,1.0,3.0,,,,,,0.0175209340392744,-0.0470066903937705,0.2204154185249668,-0.975187486004902,0.7841584158415842,-0.975187486004902,0.7739006247705402,-428.0,0.4257425742574257,0.0495049504950495,0.900990099009901,0.497029702970297,0.4079207920792079,眾福科
45.95000076293945,48.34999847412109,44.650001525878906,44.650001525878906,706432.0,-0.0121681245083408,43.59000015258789,0.245467320120257,44.67000007629394,1.5154930437114875,35.7408332824707,1.0434782950276338,29.529166571299235,0.0273098462554827,48.290014179606544,860165.5,0.8212745105447731,-0.000447695329771,3229.TW,2026-06-16,0.1374866086095136,0.3934210727089329,bull,0.1054579093432007,0.0148011100832562,2026-03-31,2026-05-15,342922000.0,37599000.0,21175000.0,35503000.0,188000.0,35315000.0,0.55,692865000.0,303681000.0,941103000.0,306548000.0,634555000.0,107034000.0,151140000.0,,,0.0052953271554516,21062871.447483312,637422000.0,0.0330438413601716,0.0556531742717337,0.0375251168044305,0.4830913002025041,0.1096430091974268,0.0617487358641323,0.1029826024577017,0.4578839294444752,,,67.33482851500801,67.33482851500801,False,71.46623496762257,71.46623496762257,70.43338335446893,186.0,True,False,True,True,False,True,True,False,True,True,True,True,True,True,True,False,False,11,False,0.2492714194153318,0.5120643997205228,1.0,38406390.88750839,0.5378927911275416,1.0,3.0,,,,,,-0.0165372618618739,-0.1163424959092391,0.2435366083673034,-1.5058924594137846,0.6415841584158417,-1.5058924594137846,0.566534944921,-186.0,0.7623762376237624,0.5445544554455446,0.594059405940594,0.7371287128712871,0.6633663366336634,晟鈦
41.29999923706055,41.29999923706055,39.400001525878906,39.95000076293945,2675212.0,0.0037688826320185,38.62999954223633,0.2887097020303049,36.98999996185303,0.2217125330534177,33.675833288828535,0.2928802995512667,32.894583288828535,0.0515991403347949,64.98515890532465,2161023.75,1.2379373433540468,0.0800216492062451,3311.TW,2026-06-16,0.1374866086095136,0.3934210727089329,bull,0.0777058279370952,0.2340425531914893,2026-03-31,2026-05-15,527357000.0,58301000.0,-4421000.0,51922000.0,2067000.0,49855000.0,0.5,1652997000.0,1378722000.0,5168704000.0,1449390000.0,3719314000.0,669406000.0,700000000.0,,,0.0398097145718577,-4245001.251877816,3789982000.0,-0.0011200584202979,0.0134043535985399,0.0096455513799977,0.3896928304520672,0.1105531926190417,-0.008383315287367,0.0945374765102198,-0.131939780613387,,,21.228645877035103,21.228645877035103,False,81.04108895465446,81.04108895465446,66.08797818524961,842.0,True,True,True,True,True,True,True,True,True,False,True,True,True,True,False,False,False,13,False,0.1863106822123472,0.2144856924363907,1.0,86332900.46123028,0.4482439926062846,1.0,3.0,,,,,,-0.0250997932405568,-0.1339911675508291,0.213638578373314,-1.491471749080724,0.5727722772277227,-1.491471749080724,0.406729359981582,-842.0,0.1485148514851485,0.3564356435643564,0.3762376237623762,0.1826732673267326,0.2564356435643564,閎暉
22.600000381469727,23.350000381469727,21.64999961853028,22.25,1989534.0,0.0595238095238095,20.980000305175786,0.4542483478839307,19.284999990463252,0.440129467617016,17.239166609446208,0.1180904736943546,17.67166664600372,0.0746726199328036,64.67889539020314,1194572.05,1.6654784447702422,0.1537464356236964,3321.TW,2026-06-16,0.1374866086095136,0.3934210727089329,bull,0.0370027752081406,0.125809435707678,2026-03-31,2026-05-15,440905000.0,7429000.0,-58626000.0,-57615000.0,2163000.0,-59778000.0,-0.69,1531176000.0,1101699000.0,2017279000.0,1344759000.0,672520000.0,295948000.0,433097000.0,200657000.0,,0.0,-58626000.0,915580000.0,-0.064031542847157,-0.0888865758639148,-0.0296329858190166,1.9995821685600428,0.0168494346854764,-0.1329674192853335,-0.1355802270330343,-0.0351892618154604,,,7.607885260241264,7.607885260241264,False,91.111365599975,91.111365599975,70.23549551504156,1063.0,True,True,True,True,True,True,True,True,True,True,True,False,True,False,False,False,False,12,False,0.2906656397072062,0.2590776210138406,1.0,26579228.1125,0.5998151571164511,0.0,3.0,,,,,,-0.1224395116680581,-0.2577296074737998,0.228265033774118,-0.939913748149174,0.3356435643564356,-0.939913748149174,0.3157426757277157,-1063.0,0.0099009900990099,0.5346534653465347,0.2673267326732673,0.0485148514851485,0.2188118811881188,同泰
731.0,770.0,729.0,744.0,7735741.0,0.0347705146036161,700.8,0.3698734942534678,623.4948059082031,0.7012698083720892,530.8408966064454,0.8519891071761734,479.6074961344401,0.0663361332653186,72.68838063029392,3798931.7,2.036293782275685,0.1932737738147874,3406.TW,2026-06-16,0.1374866086095136,0.3934210727089329,bull,0.0499537465309898,0.0638297872340425,2026-03-31,2026-05-15,6140741000.0,2060873000.0,1200606000.0,1239328000.0,347909000.0,890873000.0,7.9,22697154000.0,9791281000.0,44791309000.0,18698861000.0,26092448000.0,12605348000.0,216960000.0,2871110000.0,,0.2807239084407033,863567191.1826409,35000028000.0,0.0246733285808411,0.0341429443492615,0.019889416493722,0.7166388144186394,0.3356065660479737,0.1955148409613758,0.1450758141403456,0.1539913322030344,,,69.07874706062229,69.07874706062229,False,83.26986140425521,83.26986140425521,79.72208281834698,173.0,True,True,True,True,True,True,True,False,True,True,True,True,True,False,True,False,False,12,False,0.4015498895360851,0.5512684976705353,1.0,2826405184.8,0.0831792975970425,3.0,3.0,,,,,,-0.0098591897427815,-0.1506124808280738,0.3224486211968118,-1.5610494211188544,0.6945544554455445,-1.5610494211188544,0.6280819654300462,-173.0,0.7821782178217822,0.8712871287128713,0.7425742574257426,0.7762376237623763,0.800990099009901,玉晶光
518.0,542.0,498.0,499.5,11615751.0,-0.0147928994082839,478.4,0.2726114649681528,491.625,0.7903225806451613,383.85833333333335,0.8500000000000001,323.8958333333333,0.0348366047466189,49.77711738484398,10504929.4,1.1057428905709732,0.0160183066361556,3450.TW,2026-06-16,0.1374866086095136,0.3934210727089329,bull,0.0814061054579093,0.0545790934320074,2026-03-31,2026-05-15,2086881000.0,517637000.0,265998000.0,305196000.0,125755000.0,100381000.0,0.69,7884253000.0,4106443000.0,13684502000.0,5884300000.0,7800202000.0,2629692000.0,117848000.0,986625000.0,,0.4,159598800.0,9578059000.0,0.0166629585388855,0.0128690256995908,0.0073353783718252,0.7543778994441426,0.248043371902854,0.1274619875306737,0.048100969820512,-0.243335936667196,,,38.19504843746604,38.19504843746604,False,73.40938914156695,73.40938914156695,64.60580396554172,557.0,True,False,True,True,True,True,True,False,True,True,True,True,True,True,False,False,False,12,False,0.3012613160237065,0.5421624750755774,1.0,5247212235.3,0.044362292051756,2.0,3.0,,,,,,-0.0119120028708727,-0.1835422736396463,0.2721026718059286,-1.4539384943638625,0.6212871287128713,-1.4539384943638625,0.578566101541661,-557.0,0.3465346534653465,0.2772277227722772,0.6435643564356436,0.3910891089108911,0.3851485148514851,聯鈞
83.5,89.80000305175781,83.5,89.4000015258789,9122017.0,0.1161049092249668,80.2,0.1432225705206817,80.19500045776367,0.5000000640049895,68.24333356221517,0.7392995889478278,61.740000025431314,0.020747150927587,62.8260902736498,3342692.55,2.728942869723391,0.1147827297907833,3504.TW,2026-06-16,0.1374866086095136,0.3934210727089329,bull,0.2053654024051804,0.1082331174838112,2026-03-31,2026-05-15,684957000.0,124843000.0,-9502000.0,7393000.0,1414000.0,5979000.0,0.05,2230493000.0,1016643000.0,4251347000.0,1422483000.0,2828864000.0,1174939000.0,85127000.0,112000000.0,,0.1912620045989449,-7684628.432300826,3234704000.0,-0.002375682112583,0.0021135692631388,0.0014063777903803,0.5028460187552318,0.1822639961340638,-0.0138724036691354,0.0087290151060577,0.0537005671880119,,,23.10660181855068,23.10660181855068,False,83.66944828037036,83.66944828037036,68.52873666491544,807.0,True,True,True,True,True,True,True,True,True,True,False,True,True,True,False,False,False,13,False,0.310018090549107,0.44800779865653,1.0,298836719.07054406,0.2929759704251386,1.0,3.0,,,,,,-0.0401135093718577,-0.2025507307489695,0.2783030943991689,-1.4919842041535698,0.504950495049505,-1.4919842041535698,0.5061675314199288,-807.0,0.198019801980198,0.4653465346534653,0.504950495049505,0.244059405940594,0.3396039603960396,揚明光
124.0,129.0,119.5,123.0,1836811.0,-0.075187969924812,122.5,0.50366742556444,116.30000038146972,0.9523809523809524,87.87000045776367,0.7571428571428571,77.8691668510437,0.0922238922628611,59.70149253731344,1316220.75,1.3955189507535115,0.0576096267975403,3528.TW,2026-06-16,0.1374866086095136,0.3934210727089329,bull,0.032377428307123,0.0388529139685476,2026-03-31,2026-05-15,3501682000.0,486024000.0,351398000.0,235460000.0,47093000.0,,2.83,11619821000.0,9728162000.0,11847580000.0,9759913000.0,2087667000.0,357783000.0,5274267000.0,,,0.2000042470058608,281116907.6106345,2119418000.0,0.1326387279954376,,,4.675033422475902,0.1387972979842258,0.1003512026506119,,1.028623452252052,,,51.14489986186502,51.14489986186502,False,89.71136172132852,89.71136172132852,80.06974625646265,352.0,True,True,True,True,True,True,True,True,True,True,True,False,True,True,False,False,False,13,False,0.3997951446366752,0.5795725699144474,1.0,161895152.25,0.3715341959334565,2.0,3.0,,,,,,0.0128203102895389,-0.0545049757340304,0.3425713719147697,-0.715956772112806,0.9405940594059408,-0.715956772112806,0.9463479211907032,-352.0,0.5445544554455446,0.8811881188118812,0.99009900990099,0.6113861386138614,0.7346534653465346,安馳
217.5,217.5,209.5,211.5,305312.0,-0.009367681498829,213.3,0.125,210.225,0.2120343839541547,193.01666666666668,0.047029702970297,193.16666666666663,0.0259882869692532,46.39175257731959,489048.3,0.6242982543850986,0.0060649304316804,3617.TW,2026-06-16,0.1374866086095136,0.3934210727089329,bull,0.2303422756706753,0.244218316373728,2026-03-31,2026-05-15,2931932000.0,1579254000.0,476843000.0,521769000.0,118652000.0,388950000.0,4.13,10475363000.0,3752308000.0,14792411000.0,5524979000.0,9267432000.0,4373481000.0,0.0,,1434491000.0,0.2274033144935785,368407321.3069385,11040103000.0,0.033369917047598,0.0419695553201793,0.026293888129528,0.5961715176329322,0.5386393681708853,0.1626378101538507,0.1326599661929403,0.0219561852265348,,,74.61371274804436,74.61371274804436,False,62.48968468984325,62.48968468984325,65.52069170439353,123.0,True,False,True,True,True,True,True,False,False,False,True,True,False,True,True,False,False,9,False,0.0957602970382522,0.0949094046591889,1.0,103433715.45,0.4195933456561922,2.0,3.0,,,,,,-0.0126983834928559,-0.1046689082876834,0.183106175441942,-1.5947729825010852,0.5554455445544554,-1.5947729825010852,0.546964188099669,-123.0,0.801980198019802,0.3267326732673267,0.5544554455445545,0.7648514851485149,0.6099009900990099,碩天
36.25,38.5,36.25,36.900001525878906,776663.0,0.1014925828620569,34.73000030517578,0.255102109002121,33.58250007629395,0.3467154029054764,30.30249996185303,0.2724138457199623,29.30666666030884,0.0381791494455692,63.22580732490425,380115.4,2.0432295034613173,0.098786613326826,3652.TW,2026-06-16,0.1374866086095136,0.3934210727089329,bull,0.093432007400555,0.1692876965772433,2026-03-31,2026-05-15,620782000.0,216758000.0,32315000.0,36403000.0,6166000.0,30132000.0,0.4,2208650000.0,758801000.0,2721709000.0,839191000.0,1882518000.0,544591000.0,,,,0.1693816443699695,26841432.16218444,1962908000.0,0.0136743200201866,0.0160062214544562,0.0110709851787975,0.4457811293172229,0.3491692735936287,0.0520553108820809,0.0485387785083974,0.1012201049453453,,,46.42890186010385,46.42890186010385,False,85.03036669538318,85.03036669538318,75.38000048656335,410.0,True,True,True,True,True,True,True,True,True,False,False,True,True,True,False,False,False,12,False,0.2177213620107676,0.2590992334127857,1.0,14026258.840010071,0.6829944547134935,1.0,3.0,,,,,,0.0130529576715607,-0.0769631928860096,0.2693242639522393,-1.135350669439331,0.8103960396039604,-1.135350669439331,0.7526306535708678,-410.0,0.4653465346534653,0.7623762376237624,0.8613861386138614,0.5247524752475248,0.6336633663366337,精聯
48.5,48.5,45.70000076293945,46.70000076293945,3668265.0,-0.0440122370181981,46.16000061035156,0.2257218538908814,45.77000007629394,0.3715125347818055,38.66500002543132,0.4281345465859101,36.26666673024496,0.048868525381833,54.3026742507853,6827283.1,0.5372949892761881,0.0203190012037426,3704.TW,2026-06-16,0.1374866086095136,0.3934210727089329,bull,0.1174838112858464,0.1535615171137835,2026-03-31,2026-05-15,6310208000.0,1515158000.0,115260000.0,112471000.0,-4740000.0,117068000.0,0.29,18987830000.0,11005308000.0,23813014000.0,11738856000.0,12074158000.0,2873308000.0,1672011000.0,,0.0,0.0,115260000.0,12807706000.0,0.0089992696584384,0.0096957485565453,0.0049161353535507,0.9722297819856258,0.240112211832003,0.0182656419566518,0.0185521618304816,-0.1030157436159499,,,23.73423412536793,23.73423412536793,False,71.88822477920891,71.88822477920891,59.84972711574866,794.0,True,False,True,True,True,True,True,True,True,False,True,True,False,True,False,False,False,11,False,0.207810700432516,0.2876838423089352,1.0,318834125.97880363,0.2846580406654344,1.0,3.0,,,,,,-0.0209943124374107,-0.1438135757214272,0.3360093059454541,-1.2812472996058242,0.7495049504950495,-1.2812472996058242,0.6918410199075329,-794.0,0.2178217821782178,0.1287128712871287,0.7821782178217822,0.3024752475247524,0.303960396039604,合勤控
125.0,128.0,115.0,116.0,6842864.0,-0.1076923076923076,121.7,0.2236286525926341,111.63999977111816,0.3942308203708509,96.06000010172528,0.6197807252899936,83.70115667978922,0.0573972329209242,60.41666556287706,7109050.95,0.9625566124265856,0.0390541046024777,4739.TW,2026-06-16,0.1374866086095136,0.3934210727089329,bull,0.1202590194264569,0.1424606845513413,2026-03-31,2026-05-15,2370728000.0,424988000.0,313521000.0,283927000.0,61391000.0,186025000.0,1.51,8110096000.0,4785013000.0,13990342000.0,6831285000.0,7159057000.0,3702630000.0,2691169000.0,1157727000.0,552482000.0,0.2162210709090717,245731153.62751693,9205329000.0,0.0266944455355715,0.0259845675205547,0.0132966728047105,0.954215757745748,0.1792647659284405,0.132246719151248,0.0784674580972595,1.2500189816712983,,,57.75931672415181,57.75931672415181,False,80.43707164571487,80.43707164571487,74.7676329153241,285.0,True,True,True,True,True,True,True,True,True,True,True,True,True,True,False,False,False,14,False,0.2075785954315923,0.3858828790595408,1.0,824649910.2,0.1839186691312384,2.0,3.0,,,,,,-0.0502243054591851,-0.1827452329375312,0.2728026814786894,-1.162283668932566,0.556930693069307,-1.162283668932566,0.5356008485819961,-285.0,0.6237623762376238,0.7326732673267327,0.5445544554455446,0.6118811881188119,0.6405940594059406,康普
101.0,101.5,97.5999984741211,99.0,7491180.0,-0.1715481171548116,106.4,0.2102689035030858,108.54500045776368,0.5492957376519925,78.06833330790202,0.8965516964185036,69.50999994277954,0.0882249732779971,49.72825982732897,14184195.85,0.5281356856053282,-0.0879358829748936,4916.TW,2026-06-16,0.1374866086095136,0.3934210727089329,bull,0.1359851988899167,0.0943570767807585,2026-03-31,2026-05-15,1057619000.0,213081000.0,73478000.0,640771000.0,90227000.0,555583000.0,4.49,3012465000.0,993243000.0,5144004000.0,1478534000.0,3665470000.0,910021000.0,58190000.0,130335000.0,14219000.0,0.1408100553864017,63131558.750317976,4150761000.0,0.0152096347513908,0.1515721039866647,0.1080059424526108,0.4033681901638807,0.2014723638663829,0.0694749243347557,0.525314881824173,0.2343609764068088,,,67.75200750418804,67.75200750418804,True,68.56151711378354,68.56151711378354,68.35913971138467,182.0,True,False,True,True,False,True,True,False,True,True,True,True,False,True,True,True,False,10,False,0.2681198099816393,0.4242555039777953,1.0,1404235389.15,0.1404805914972273,1.0,3.0,,,,,,-0.0713034942276639,-0.2246657841112554,0.1533969501413947,-1.8537965464984745,0.1826732673267327,-1.8537965464984745,0.1883176728483659,-182.0,0.7722772277227723,0.4554455445544554,0.1287128712871287,0.6757425742574258,0.5485148514851486,事欣科
38.79999923706055,41.95000076293945,38.400001525878906,41.70000076293945,481996.0,0.0944882528345407,38.96999969482422,0.1519336984553532,38.87249984741211,0.1599443637822568,37.680833180745445,0.0283600874849798,38.57749999364217,0.0188716305950849,66.04362303649992,259255.15,1.8591568962082332,0.0727378204804489,4935.TW,2026-06-16,0.1374866086095136,0.3934210727089329,bull,0.1924144310823311,0.2821461609620722,2026-03-31,2026-05-15,1045467000.0,113869000.0,-65719000.0,56549000.0,5340000.0,51209000.0,0.4,6200682000.0,1061389000.0,10016382000.0,1923067000.0,8093315000.0,4603463000.0,,375392000.0,,0.0944313780968717,-59513064.262851685,8954993000.0,-0.0066457968490708,0.0063273207579341,0.0051125246620985,0.2376117820695228,0.1089168763815596,-0.0628609033092388,0.0489819382151708,-0.2492179555678116,,,18.21408268389135,18.21408268389135,False,75.47173168566937,75.47173168566937,61.15731943522486,894.0,True,True,True,True,True,True,True,True,True,False,True,True,True,True,False,False,False,13,False,0.1066634477776824,0.0809409829515104,1.0,10810939.952795982,0.7208872458410351,1.0,3.0,,,,,,-0.0034492780471265,-0.0733583133009574,0.1787919382187457,-1.66758110836411,0.5747524752475248,-1.66758110836411,0.4855496389918458,-894.0,0.099009900990099,0.1386138613861386,0.4554455445544554,0.1524752475247525,0.1821782178217821,茂林-KY
59.0,59.0,55.5,56.0,2889929.0,0.1416921686247094,53.45,0.1666666666666667,52.25500011444092,0.3008130311833119,47.54916667938232,0.5426997569417771,43.56083329518636,0.016140011948292,50.328948648022255,1912867.7,1.5107835215158896,0.0716677806402708,4952.TW,2026-06-16,0.1374866086095136,0.3934210727089329,bull,0.1711378353376503,0.1887141535615171,2026-03-31,2026-05-15,586800000.0,217186000.0,50714000.0,57361000.0,2716000.0,54645000.0,0.5,1968997000.0,498939000.0,2855009000.0,669784000.0,2185225000.0,875328000.0,135979000.0,,,0.0473492442600373,48312730.42659647,2356070000.0,0.0205056430524545,0.0250065782699722,0.0191400447424158,0.3065057373954627,0.3701192910702113,0.0864246762099522,0.0931237218813905,0.1151907683185478,,,59.13696523613547,59.13696523613547,False,75.3768555001542,75.3768555001542,71.31688293414953,276.0,True,True,True,True,True,True,True,True,True,False,False,True,True,True,False,False,False,12,False,0.1777283159892269,0.2855585112552981,1.0,107120591.2,0.4168207024029575,1.0,3.0,,,,,,-0.0241406316952292,-0.1459290482391992,0.2623741938915174,-1.2614736223368468,0.654950495049505,-1.2614736223368468,0.7255295286993915,-276.0,0.6336633663366337,0.6435643564356436,0.8217821782178217,0.6618811881188119,0.6742574257425743,凌通
596.0,639.0,592.0,624.0,43417183.0,0.144954128440367,559.4,0.5379812831298372,520.509260559082,1.99887999768857,381.9697809855143,3.303187441493983,274.92776629130043,0.0758675650703548,62.4743506028126,29355344.3,1.479021419619323,0.1988259331443171,4958.TW,2026-06-16,0.1374866086095136,0.3934210727089329,bull,0.0277520814061054,0.0046253469010175,2026-03-31,2026-05-15,40728186000.0,8811686000.0,2503378000.0,2400190000.0,352753000.0,1425634000.0,1.33,132303699000.0,83301038000.0,298402969000.0,123677759000.0,174725210000.0,82443029000.0,32052909000.0,19106770000.0,11406206000.0,0.1469687816381203,2135459585.3603256,215101931000.0,0.0099276634822972,0.0081592919533477,0.0047775462984753,0.7078415244142502,0.2163535100728522,0.061465492226931,0.035003621325045,0.0161248203146593,,,31.59280514295768,31.59280514295768,False,96.40548171232732,96.40548171232732,80.20231256998491,655.0,True,True,True,True,True,True,True,True,True,True,False,False,True,False,False,False,False,11,False,0.6336370861329064,1.2696870833295142,1.0,18317734843.2,0.0120147874306839,3.0,3.0,,,,,,-0.1516402658168276,-0.3157230655121871,0.1366757767160912,-1.7169227604335515,0.0673267326732673,-1.7169227604335515,0.0472455828148897,-655.0,0.3069306930693069,0.8910891089108911,0.0198019801980198,0.2638613861386139,0.4247524752475248,臻鼎-KY
34.599998474121094,38.04999923706055,34.5,38.04999923706055,6805684.0,0.0703234895542213,34.369998931884766,0.2353896162203903,33.07249984741211,0.281144722546286,30.510000038146973,0.2434640118534858,30.54958330790202,0.0272557778859672,69.0666637098527,2421237.0,2.8108293405395672,0.1505026657377979,4976.TW,2026-06-16,0.1374866086095136,0.3934210727089329,bull,0.1110083256244218,0.1998149861239593,2026-03-31,2026-05-15,255023000.0,-36041000.0,-86075000.0,-69043000.0,-1135000.0,,-0.49,1541919000.0,276027000.0,2513042000.0,337040000.0,2176002000.0,819216000.0,,57046000.0,,0.0164390307489535,-84660010.42828383,2237015000.0,-0.0378450794600321,,,0.1548895635206217,-0.1413245079855542,-0.337518576755822,,0.009124831333072,,,25.456241566653603,25.456241566653603,False,77.71141590055424,77.71141590055424,64.64762231707908,762.0,True,True,True,True,True,True,True,True,True,False,True,True,True,False,False,False,False,12,False,0.2471320612745406,0.245516145132443,1.0,92128066.00274277,0.4380776340110905,1.0,3.0,,,,,,-0.0720022027855278,-0.2007941303900024,0.1411158151051377,-1.7221858795515437,0.201980198019802,-1.7221858795515437,0.2522828809985694,-762.0,0.2376237623762376,0.297029702970297,0.1584158415841584,0.2257425742574257,0.2396039603960396,佳凌
470.0,480.0,469.5,470.5,1033584.0,0.0317982456140351,461.4,0.1941624365482233,456.2,0.4279210925644916,409.7166666666666,0.5502471169686984,364.0208333333333,0.0321266968325791,48.81889763779528,996281.35,1.037441883259182,0.0313459009206489,5434.TW,2026-06-16,0.1374866086095136,0.3934210727089329,bull,0.1535615171137835,0.1295097132284921,2026-03-31,2026-05-15,18536692000.0,2517460000.0,1430469000.0,1720554000.0,385901000.0,1322921000.0,6.86,26594173000.0,20377745000.0,43809103000.0,24343457000.0,19465646000.0,6619207000.0,553886000.0,2499050000.0,0.0,0.2242888046524549,1109630817.8976076,23431358000.0,0.0473566584530699,0.0679618338893042,0.0301973998417634,1.25058562145844,0.1358095608428947,0.07716959422965,0.0713676960268854,0.1762262681445767,,,65.82773904429318,65.82773904429318,False,70.07958575975478,70.07958575975478,69.01662408088939,203.0,True,False,True,True,True,True,True,False,True,True,True,True,True,True,True,False,False,12,False,0.1483545539600537,0.2925084415956047,1.0,468750375.175,0.2523105360443622,2.0,3.0,,,,,,-0.0309470675108739,-0.1469549965235308,0.2266289115611165,-1.0390071125256803,0.6118811881188119,-1.0390071125256803,0.5736792934720237,-203.0,0.7326732673267327,0.4851485148514851,0.6237623762376238,0.7163366336633663,0.6366336633663366,崇越
44.5,44.5,43.25,43.29999923706055,564682.0,0.0433734755918204,43.55,0.0879397001782076,41.44750003814697,0.1639784502423511,40.11749998728434,0.3282208976614968,37.25208331743876,0.0220071536461577,72.88134168600412,709843.55,0.7955020511209828,0.0446950768371698,5515.TW,2026-06-16,0.1374866086095136,0.3934210727089329,bull,0.3237742830712303,0.2784458834412581,2026-03-31,2026-05-15,2015280000.0,391103000.0,268702000.0,476647000.0,82479000.0,394168000.0,1.96,9114211000.0,5142167000.0,11530797000.0,5836747000.0,5694050000.0,2270517000.0,100000000.0,,,0.1730400065457246,222205804.1611507,6388630000.0,0.0347814483169553,0.0692245414072584,0.0341839336864572,1.02506072127923,0.1940688142590607,0.1333323409154063,0.1955896947322456,0.3881614203981094,,,76.63848749386133,76.63848749386133,False,62.050214158262456,62.050214158262456,65.69728249216217,104.0,True,False,True,True,True,True,True,False,False,False,True,True,False,True,True,False,False,9,False,0.0793294510072895,0.1623510789473239,1.0,30736225.173432358,0.5804066543438078,1.0,3.0,,,,,,0.0117257770895529,-0.0646282152195417,0.2369646021183665,-0.8429927116306449,0.8044554455445545,-0.8429927116306449,0.7475496074797581,-104.0,0.8613861386138614,0.3366336633663366,0.8514851485148515,0.8599009900990099,0.701980198019802,建國
41.0,41.09999847412109,39.70000076293945,39.75,18174107.0,-0.0221402581081316,39.06999969482422,0.296900505537627,37.94749994277954,0.422182429873378,31.91333335240682,0.5995975609578252,29.734166685740156,0.0546098787714759,60.042282650177285,22760495.7,0.798493461634054,0.047499836878277,6005.TW,2026-06-16,0.1374866086095136,0.3934210727089329,bull,0.0749306197964847,0.1322849213691027,2026-03-31,2026-05-15,,,2221460000.0,3326543000.0,224421000.0,2908675000.0,1.34,367374710000.0,331735961000.0,393239775000.0,340347500000.0,52892275000.0,16399922000.0,11743770000.0,6000000000.0,,0.0674637303651268,2071592021.5430856,61503814000.0,0.0336823342621172,0.0549924350956732,0.0073966958199993,6.434729835311489,,,,,,,44.400508064553975,44.400508064553975,False,82.3391477230424,82.3391477230424,72.85448780842029,441.0,True,True,True,True,True,True,True,True,True,True,True,True,False,True,False,False,False,13,False,0.2455608933437272,0.3368459395589256,1.0,904729704.075,0.1737523105360443,1.0,3.0,,,,,,-0.0192873157221258,-0.104730470652325,0.2643985110291891,-0.66221793259133,0.7821782178217822,-0.66221793259133,0.7657142076922356,-441.0,0.4158415841584158,0.6732673267326733,0.8910891089108911,0.4871287128712871,0.5881188118811882,群益證
884.0,884.0,797.0,812.0,9910409.0,0.0841121495327101,794.2,0.100271002710027,783.85,0.383304940374787,696.0833333333334,0.5378787878787878,629.9083333333333,0.0270571278825995,50.10060362173038,5748914.0,1.723874978822087,0.0359124832557249,6139.TW,2026-06-16,0.1374866086095136,0.3934210727089329,bull,0.2867715078630897,0.1461609620721554,2026-03-31,2026-05-15,20346268000.0,3810888000.0,3500691000.0,3755759000.0,771489000.0,2227075000.0,9.45,80079673000.0,54933867000.0,86440236000.0,56432727000.0,30007509000.0,42080764000.0,1694774000.0,301468000.0,0.0,0.2054149374334189,2781596777.261268,31506369000.0,0.0882868088436743,0.0742172567539678,0.0257643327119097,1.8806201807687533,0.1873015729469404,0.1720556811696376,0.1094586486327615,0.6849960227627989,,,75.64712525562624,75.64712525562624,False,69.70324616009644,69.70324616009644,71.18921593397889,113.0,True,False,True,True,True,True,True,True,False,False,True,True,True,True,True,False,False,11,False,0.1665269962887585,0.2890764529230445,1.0,4668118168.0,0.0526802218114602,3.0,3.0,,,,,,-0.025138958056507,-0.1009511477179097,0.3983252290630565,-0.8349499538734135,0.8405940594059406,-0.8349499538734135,0.8222212697705015,-113.0,0.8217821782178217,0.6138613861386139,0.9405940594059404,0.8396039603960396,0.7831683168316832,亞翔
25.0,25.0,22.950000762939453,23.100000381469727,48200800.0,0.1268292869009621,22.170000076293945,0.3050847110604018,19.620000076293945,0.3508771851550278,18.301666688919067,0.5348837268248432,17.106249992052714,0.0638470953505584,70.12448099940627,14831794.8,3.249829211499069,0.1773700454456432,6153.TW,2026-06-16,0.1374866086095136,0.3934210727089329,bull,0.0703052728954671,0.1665124884366327,2026-03-31,2026-05-15,1180166000.0,-102687000.0,-360714000.0,-355056000.0,864000.0,-355920000.0,-0.56,4873823000.0,3351720000.0,15425541000.0,6914052000.0,8511489000.0,2724425000.0,955889000.0,3356827000.0,,0.0,-360714000.0,12073821000.0,-0.0298757120881616,-0.0418164201351843,-0.0230734208933093,0.812319912532343,-0.0870106408759445,-0.3056468327337002,-0.3015846923229444,-0.0499135784479864,,,13.36382768753306,13.36382768753306,False,78.72802960222018,78.72802960222018,62.3869791235484,991.0,True,True,True,True,True,True,True,True,True,False,False,True,False,False,False,False,False,10,False,0.2621801486230684,0.3503836546409418,1.0,342614465.5378807,0.2791127541589648,0.0,3.0,,,,,,-0.1269543907127519,-0.3024330124685471,0.2070467707097083,-1.7720084783804542,0.1381188118811881,-1.7720084783804542,0.1811757099326832,-991.0,0.0693069306930693,0.1881188118811881,0.1089108910891089,0.0752475247524752,0.1128712871287128,嘉聯益
144.0,149.0,135.0,138.0,3902961.0,0.0036363636363636,132.2,0.2158590308370043,129.825,1.28099173553719,94.05999997456868,1.0689656119037778,78.56333341598511,0.0396396396396395,51.35135135135135,3501018.15,1.1148074168081648,0.0629693818601964,6166.TW,2026-06-16,0.1374866086095136,0.3934210727089329,bull,0.1322849213691027,0.0194264569842738,2026-03-31,2026-05-15,3443841000.0,1293055000.0,417400000.0,440128000.0,100613000.0,342530000.0,1.57,9685113000.0,6814747000.0,14840413000.0,9041778000.0,5798635000.0,2371557000.0,1276966000.0,2103192000.0,,0.2285994074451068,321982607.3324124,8025666000.0,0.0401191137697995,0.0590707985586263,0.023080894042504,1.5592942132070735,0.3754688442352594,0.1212018789485345,0.0994616185822748,0.2873272036683791,,,76.55639090357866,76.55639090357866,False,76.74996789607114,76.74996789607114,76.70157364794801,106.0,True,True,True,True,True,True,True,True,True,True,True,True,True,True,True,False,False,14,False,0.4671486289316555,0.7565446118395154,1.0,483140504.7,0.2476894639556377,2.0,3.0,,,,,,-0.0415173596217891,-0.200503562969226,0.2379679162917746,-0.8978959053445088,0.5282178217821782,-0.8978959053445088,0.5769654676084759,-106.0,0.8415841584158416,0.8118811881188119,0.6336633663366337,0.8103960396039603,0.791089108910891,凌華
57.900001525878906,60.5,56.59999847412109,56.59999847412109,13173439.0,0.0125223064245914,54.31999893188477,0.1658084317932509,52.659999465942384,0.2081109993074106,49.00499992370605,0.2648044351758902,47.300833257039386,0.0310832604618283,63.82978723404256,3400664.0,3.8737843550553657,0.0748195793417521,6189.TW,2026-06-16,0.1374866086095136,0.3934210727089329,bull,0.1729879740980573,0.246068455134135,2026-03-31,2026-05-15,7391885000.0,677085000.0,340237000.0,371536000.0,73903000.0,263910000.0,1.0,15205193000.0,9019856000.0,16530340000.0,9498582000.0,7031758000.0,3014491000.0,3096247000.0,200000000.0,0.0,0.1989120838895827,272559749.31366,7510484000.0,0.0362905705296303,0.0375311550824132,0.0159651888587893,1.350811845345076,0.0915984217828064,0.0460284487650984,0.0357026658288109,-0.0590932251748921,,,39.51795030832494,39.51795030832494,False,76.74940630602585,76.74940630602585,67.44154230660062,521.0,True,True,True,True,True,True,True,True,True,False,True,True,False,True,False,False,False,12,False,0.1549841559481559,0.1965962241415226,1.0,192477577.2109985,0.3438077634011091,1.0,3.0,,,,,,-0.0060995178495565,-0.1046082862281073,0.2911166748083978,-0.3679590361672734,0.8698019801980197,-0.3679590361672734,0.8057619757014576,-521.0,0.3762376237623762,0.4059405940594059,0.9306930693069309,0.4594059405940594,0.496039603960396,豐藝
575.0,580.0,538.0,541.0,3673375.0,0.0403846153846154,533.2,0.3358024691358023,499.8,0.928698752228164,401.9,1.2081632653061225,341.1333333333333,0.062951935346661,59.669811320754725,2674719.95,1.3733680791516134,0.0824329731892756,6196.TW,2026-06-16,0.1374866086095136,0.3934210727089329,bull,0.0582793709528214,0.0416281221091581,2026-03-31,2026-05-15,14308544000.0,1941121000.0,1179768000.0,1386251000.0,277186000.0,1112712000.0,5.08,46337341000.0,36023511000.0,57381180000.0,39725563000.0,17655617000.0,12671163000.0,1883857000.0,1404012000.0,0.0,0.1999536880406218,943869037.3676916,21357669000.0,0.0441934481411661,0.0630231160995393,0.0193915844881544,2.2500240574996613,0.1356616717955369,0.0824519951156455,0.0777655644068327,0.0790146048289421,,,51.54752142541584,51.54752142541584,False,90.7137434893392,90.7137434893392,80.92218797335835,345.0,True,True,True,True,True,True,True,True,True,True,True,True,True,True,False,False,False,14,False,0.3461059965165465,0.5858901700214969,1.0,1447023492.95,0.1386321626617375,3.0,3.0,,,,,,-0.0222422273459353,-0.1559103873837665,0.2453512365291952,-1.471985987355256,0.6034653465346534,-1.471985987355256,0.5948060806086559,-345.0,0.5544554455445545,0.9108910891089108,0.6633663366336634,0.5707920792079209,0.6831683168316832,帆宣
334.0,335.5,318.0,320.5,3520120.0,-0.0655976676384839,324.5,0.4837962962962963,300.425,0.635204081632653,229.50833333333333,1.4653846153846155,189.4208333333333,0.0927525688824224,64.23357664233578,6315825.2,0.5573491805948018,0.0668220021636014,6197.TW,2026-06-16,0.1374866086095136,0.3934210727089329,bull,0.0351526364477335,0.0758556891766882,2026-03-31,2026-05-15,2025886000.0,724668000.0,458448000.0,506606000.0,96522000.0,391675000.0,3.21,6657237000.0,3109326000.0,9069219000.0,4243979000.0,4825240000.0,2462563000.0,,,965928000.0,0.1905267604410528,371101387.7293202,5959893000.0,0.0622664513824862,0.0811721282257462,0.0431872909894446,0.8795373908862565,0.3577042340980687,0.2262950629995962,0.1933351629854789,0.2107817033776495,,,89.98012274352672,89.98012274352672,True,84.02466592152227,84.02466592152227,85.51353012702339,33.0,True,True,True,True,True,True,True,True,True,True,True,False,False,True,True,True,False,12,False,0.396463454486039,0.6919997360374828,1.0,2024221976.6,0.1099815157116451,2.0,2.0,,,,,,-0.0744340737941722,-0.2410871123010896,0.1872129370486013,-1.6847277741740505,0.2084158415841584,-1.6847277741740505,0.1916451258787892,-33.0,0.9603960396039604,0.9603960396039604,0.1386138613861386,0.8371287128712871,0.7960396039603961,佳必琪
87.19999694824219,95.3000030517578,86.4000015258789,95.3000030517578,49715561.0,0.0829545801336113,84.94000091552735,0.3272980362279338,83.62499961853027,0.5830565090362381,68.33749980926514,0.6043771145399428,64.77458343505859,0.0552050475843413,61.24160942808612,23591743.2,2.1073288471536094,0.1396114019310619,6209.TW,2026-06-16,0.1374866086095136,0.3934210727089329,bull,0.0601295097132284,0.0878815911193339,2026-03-31,2026-05-15,1158467000.0,358262000.0,185538000.0,185592000.0,41530000.0,144062000.0,0.81,2748435000.0,1264771000.0,5147431000.0,1713919000.0,3433512000.0,434911000.0,30000000.0,74426000.0,242436000.0,0.2237704211388421,144020083.6027415,3882660000.0,0.0370931484092713,0.0419576223994557,0.0279871648595192,0.4991737323183958,0.3092552485310328,0.1601582090814844,0.1243557218289342,0.4794367125302983,,,81.24950417592753,81.24950417592753,False,91.50287961757736,91.50287961757736,88.9395357571649,82.0,True,True,True,True,True,True,True,True,True,True,True,True,True,True,True,False,False,14,False,0.3945491614084058,0.4712561316168593,1.0,2248293198.9562864,0.0979667282809611,1.0,2.0,,,,,,-0.0340251307837193,-0.1949722003501659,0.3264084771559847,-1.307934234829618,0.602970297029703,-1.307934234829618,0.6093325874248612,-82.0,0.9108910891089108,0.99009900990099,0.7128712871287128,0.8811881188118812,0.8950495049504951,今國光
144.0,144.0,140.0,141.0,2085782.0,-0.0139860139860139,143.0,0.1417004048582995,138.85,0.2589285714285714,125.18333333333334,0.1701244813278009,120.5375,0.0381308411214952,60.16949152542372,2633361.9,0.792060521571304,0.015484335613972,6214.TW,2026-06-16,0.1374866086095136,0.3934210727089329,bull,0.2062904717853839,0.211840888066605,2026-03-31,2026-05-15,11968686000.0,2441124000.0,591731000.0,895921000.0,121622000.0,718327000.0,2.64,28637858000.0,16986250000.0,37839475000.0,17932964000.0,19906511000.0,4485498000.0,2337560000.0,448042000.0,0.0,0.1357508083860072,511403038.4029395,20853225000.0,0.0245239303946003,0.0360850276575337,0.0189835350516887,0.9008592213874144,0.203959231614899,0.0494399301644307,0.0600171982120677,0.2168964026850304,,,53.24611007538207,53.24611007538207,False,73.88283775196405,73.88283775196405,68.72365583281855,321.0,True,False,True,True,True,True,True,True,True,False,True,True,False,True,False,False,False,11,False,0.1263480228997471,0.1697604479933632,1.0,371304027.9,0.2735674676524954,2.0,3.0,,,,,,-0.0545594490590691,-0.1917091293838401,0.1767119562613486,-1.1002083456082798,0.3905940594059406,-1.1002083456082798,0.3426422761252003,-321.0,0.5841584158415841,0.4752475247524752,0.2772277227722772,0.538118811881188,0.49009900990099,精誠
329.0,357.0,321.0,346.5,52554177.0,0.0794392523364486,331.4,0.526431718061674,327.0,0.6861313868613139,251.175,1.1388888888888888,235.06666666666663,0.0776075135936728,51.224489795918366,30956231.9,1.6976929611384648,0.0596330275229357,6239.TW,2026-06-16,0.1374866086095136,0.3934210727089329,bull,0.0286771507863089,0.0666049953746531,2026-03-31,2026-05-15,21314167000.0,4143918000.0,2760690000.0,3157108000.0,770277000.0,1844043000.0,2.5,47281423000.0,24510579000.0,126980482000.0,53170570000.0,73809912000.0,16022517000.0,300000000.0,25969750000.0,,0.243981834007579,2087131790.6736164,102469903000.0,0.0203682420844451,0.0249836769890743,0.0145222554754517,0.7203716758258701,0.194420828174988,0.1295237106850106,0.0865172446101224,0.3756457364997505,,,57.54461196953751,57.54461196953751,False,81.62987154280185,81.62987154280185,75.60855664948576,289.0,True,True,True,True,True,True,True,True,True,True,True,False,True,True,False,False,False,13,False,0.3795162735144819,0.4740499149177539,1.0,10726334353.35,0.021256931608133,2.0,3.0,,,,,,-0.0325444706048531,-0.2102272778180015,0.2314902622988198,-1.757492988130942,0.398019801980198,-1.757492988130942,0.3008771377824245,-289.0,0.6039603960396039,0.7920792079207921,0.2475247524752475,0.5504950495049505,0.5891089108910892,力成
74.19999694824219,79.5,72.4000015258789,73.30000305175781,12841694.0,0.0561959861690293,70.66000213623047,0.2996454090187286,67.14000034332275,0.2792321819848955,64.08166688283285,0.2487223526245019,61.380833307902016,0.054085885296386,60.86957105498828,9610051.05,1.3362773967782406,0.0917486249171235,6269.TW,2026-06-16,0.1374866086095136,0.3934210727089329,bull,0.0721554116558741,0.2016651248843663,2026-03-31,2026-05-15,5467013000.0,-75600000.0,-999753000.0,-981765000.0,-164328000.0,-829726000.0,-2.6,17426263000.0,6996989000.0,34912338000.0,12380381000.0,22531957000.0,3093415000.0,100000000.0,730035000.0,2916556000.0,0.1673801775373944,-832414165.3664573,27915349000.0,-0.0298192283165242,-0.036824408993857,-0.0237659821006545,0.549458753183312,-0.0138283922134445,-0.1828700608540715,-0.1517695311864083,0.0572209060440906,,,18.580859061451324,18.580859061451324,False,88.09681886111389,88.09681886111389,70.71782891119825,887.0,True,True,True,True,True,True,True,True,True,False,True,True,True,True,False,False,False,13,False,0.1438529398085071,0.1941839023928884,1.0,704416771.2925484,0.2060998151571164,1.0,3.0,,,,,,-0.0529554292823069,-0.1973300969802351,0.2049873831019629,-1.75995893048663,0.3039603960396039,-1.75995893048663,0.2781700161543509,-887.0,0.1089108910891089,0.5643564356435643,0.198019801980198,0.1222772277227722,0.2633663366336634,台郡
933.0,933.0,903.0,903.0,870014.0,-0.0131147540983606,894.2,0.3011527377521614,790.75,0.2202702702702703,767.5,-0.1190243902439024,845.9,0.0599865951742627,70.67510548523207,1578426.6,0.55119066037027,0.1419538412899146,6409.TW,2026-06-16,0.1374866086095136,0.3934210727089329,bull,0.0712303422756706,0.2349676225716928,2026-03-31,2026-05-15,4204594000.0,1097283000.0,761311000.0,497580000.0,106071000.0,391509000.0,4.46,12925624000.0,6848461000.0,17835228000.0,7506620000.0,10328608000.0,7086998000.0,,489300000.0,,0.2131737610032557,599019470.8368503,10986767000.0,0.0545219053827982,0.0379053014694719,0.0219514435139264,0.7267794459814914,0.2609724030429573,0.1810664715784687,0.0931145789581586,-0.1581824756109622,,,62.88856390334461,62.88856390334461,False,76.98889916743755,76.98889916743755,73.46381535141431,235.0,True,True,True,True,True,True,True,True,True,False,True,True,False,True,True,False,False,12,False,0.1765472312703582,0.067502068802459,1.0,1425319219.8000002,0.1395563770794824,3.0,3.0,,,,,,0.0024974176551199,-0.0844683175245495,0.190673880371996,-1.234762731038081,0.6613861386138614,-1.234762731038081,0.7254878968188347,-235.0,0.7029702970297029,0.693069306930693,0.8118811881188119,0.7193069306930693,0.7217821782178218,旭隼
368.5,376.0,360.0,367.0,2812275.0,-0.0504803714114265,370.2714599609375,0.1189024390243902,363.9615341186524,0.3517495395948435,325.4621780395508,0.2547008547008547,305.5560890197754,0.0254064680527425,52.641605564029135,2018314.3,1.393378127479947,0.0083483159524135,6414.TW,2026-06-16,0.1374866086095136,0.3934210727089329,bull,0.2414431082331175,0.1655874190564292,2026-03-31,2026-05-15,37112748000.0,7463263000.0,1991965000.0,2414012000.0,571474000.0,751782000.0,5.15,113547832000.0,89321445000.0,170294132000.0,107066225000.0,63227907000.0,26537871000.0,13786805000.0,9111537000.0,0.0,0.236732046071022,1520403049.848137,80972687000.0,0.0187767394930112,0.0118900345697035,0.0044146089543472,1.693338117296845,0.2010970192775808,0.0536733361808724,0.0202567053240034,0.0767958564505,,,30.957982203301764,30.957982203301764,False,68.30376040610659,68.30376040610659,58.96731585540538,665.0,True,False,True,True,True,True,True,True,False,False,True,True,True,True,False,False,False,11,False,0.1276271860855102,0.201088812130489,1.0,740721348.1,0.2005545286506469,2.0,3.0,,,,,,-0.0378868093970139,-0.1325654454133109,0.1704523764358124,-1.798625819235154,0.395049504950495,-1.798625819235154,0.3715147687661997,-665.0,0.2871287128712871,0.1188118811881188,0.3465346534653465,0.296039603960396,0.2485148514851485,樺漢
961.0,997.0,952.0,991.0,1994125.0,0.0010101010101009,962.4,0.2449748743718593,907.5,0.5340557275541795,745.4,0.9469548133595284,679.4958333333333,0.0473167916907097,64.03940886699507,3095796.8,0.6441394990782341,0.0920110192837466,6446.TW,2026-06-16,0.1374866086095136,0.3934210727089329,bull,0.1063829787234042,0.0980573543015726,2026-03-31,2026-05-15,5121378000.0,4500097000.0,2087077000.0,2335581000.0,185954000.0,2149627000.0,5.79,30923112000.0,4737365000.0,40089669000.0,5635458000.0,34454211000.0,24175410000.0,,43340000.0,,0.0796178766653779,1920908360.822853,35352304000.0,0.0543361575761187,0.0623908351870254,0.0536204726459577,0.1635636932739513,0.8786887044853944,0.4075225456898514,0.4197360554132111,0.572274143110902,,,96.8555062833974,96.8555062833974,False,83.64754075774293,83.64754075774293,86.94953213915655,13.0,True,True,True,True,True,True,True,True,True,True,True,True,False,True,True,False,True,14,False,0.3294875234773275,0.4584342557901386,1.0,3067934628.8,0.0739371534195933,3.0,0.0,,,,,,-0.0748090286384291,-0.1663608976031894,0.1790932820725178,-1.6303793934127646,0.2871287128712871,-1.6303793934127646,0.2738767477417009,-13.0,0.9801980198019802,0.9702970297029704,0.1881188118811881,0.8613861386138614,0.8188118811881189,藥華藥
130.5,131.5,124.5,127.0,4398223.0,0.0672268907563025,122.9,0.2049623519480286,118.3331573486328,0.5593630104982088,98.4462178548177,0.7258574884936917,86.90510603586833,0.0392708365105247,53.10483092022705,2265641.25,1.941270710885936,0.0732410327380428,6525.TW,2026-06-16,0.1374866086095136,0.3934210727089329,bull,0.1424606845513413,0.093432007400555,2026-03-31,2026-05-15,1357265000.0,354799000.0,259528000.0,263032000.0,54316000.0,208716000.0,1.62,4515911000.0,2461742000.0,7258717000.0,2873578000.0,4385139000.0,1712193000.0,,,,0.2064995894035706,205935574.5612701,4796975000.0,0.0429302997329087,0.0475962107472533,0.0287538417601898,0.6552991820783788,0.2614073154468729,0.1912139486393593,0.1537768969213823,0.1176875549161651,,,76.8341855135769,76.8341855135769,False,77.87746599393004,77.87746599393004,77.61664587384175,101.0,True,True,True,True,True,True,True,True,True,True,True,True,True,True,True,False,False,14,False,0.2900444808076996,0.4613640762095534,1.0,287736438.75,0.2975970425138632,2.0,3.0,,,,,,-0.0511878294501357,-0.1591385443569783,0.2703143593750428,-1.2196505335676884,0.5762376237623763,-1.2196505335676884,0.5691054415734057,-101.0,0.8811881188118812,0.8316831683168316,0.6039603960396039,0.8396039603960396,0.8108910891089108,捷敏-KY
237.0,237.5,220.5,222.0,5818727.0,-0.0347826086956521,222.1,0.2402234636871507,213.6,1.0257850878799113,185.4562468210856,1.5493025466055306,139.49998009999592,0.043096081064583,55.55555555555556,5629278.4,1.0336541536122996,0.0393258426966292,6672.TW,2026-06-16,0.1374866086095136,0.3934210727089329,bull,0.1091581868640148,0.030527289546716,2026-03-31,2026-05-15,1245827000.0,423777000.0,145352000.0,148482000.0,24894000.0,123588000.0,1.73,4606299000.0,1439948000.0,6456499000.0,2742865000.0,3713634000.0,1563255000.0,30000000.0,69263000.0,896840000.0,0.1676566856588677,120982765.42611226,5016551000.0,0.0241167219123481,0.0332795315855035,0.0191416431722517,0.7385932485538425,0.3401571807321562,0.1166710947828229,0.0992015745364324,0.2185628742514969,,,64.4879602565514,64.4879602565514,False,78.47029427751721,78.47029427751721,74.97471077227576,216.0,True,True,True,True,True,True,True,True,True,True,True,True,True,True,True,False,False,14,False,0.1970478417702967,0.5913980764790552,1.0,1249699804.8000002,0.1478743068391867,2.0,3.0,,,,,,-0.0280762207059957,-0.1810215369773357,0.2827086798753882,-1.3359778979315615,0.6103960396039604,-1.3359778979315615,0.5546792538043996,-216.0,0.7227722772277227,0.7425742574257426,0.5643564356435643,0.699009900990099,0.697029702970297,騰輝電子-KY
325.0,337.0,314.0,314.0,9720816.0,0.0252941685848089,312.1996459960937,0.1984732824427482,313.99055633544924,0.6702127659574468,247.98851877848307,0.8309037900874636,212.8609260559082,0.0386182842285267,51.71720661854025,9617694.05,1.0107221075513415,3.0076269366130504e-05,8028.TW,2026-06-16,0.1374866086095136,0.3934210727089329,bull,0.1498612395929695,0.0721554116558741,2026-03-31,2026-05-15,1303393000.0,489754000.0,332381000.0,332398000.0,46053000.0,,1.61,2930820000.0,2266985000.0,12808707000.0,7375773000.0,5432934000.0,946326000.0,,3815318000.0,970842000.0,0.1385477650286704,286330355.3120055,10541722000.0,0.0271616302642021,,,1.35760401285935,0.3757531304832848,0.2550121106987685,,0.2041204902978814,,,76.71005758993898,76.71005758993898,False,68.79213477285575,68.79213477285575,70.77161547712656,103.0,True,False,True,True,True,True,True,True,True,True,True,True,True,True,True,False,False,13,False,0.2661876507294356,0.4751415669286691,1.0,3019955931.7000003,0.077634011090573,2.0,3.0,,,,,,0.0308861749719527,-0.1051651303193728,0.3634416326824323,-1.199357623250371,0.8683168316831683,-1.199357623250371,0.7943376706725818,-103.0,0.8712871287128713,0.5841584158415841,0.9207920792079208,0.8787128712871287,0.7950495049504951,昇陽半導體
860.0,929.0,858.0,902.0,16635711.0,-0.0131291028446389,847.0,0.1303258145363408,870.9,0.607843137254902,789.2333333333333,2.2446043165467624,577.0666666666667,0.0076945328319351,49.730700179533216,16810689.8,0.9895912183210946,0.0357101848662304,8046.TW,2026-06-16,0.1374866086095136,0.3934210727089329,bull,0.2238667900092507,0.0814061054579093,2026-03-31,2026-05-15,11177241000.0,1771445000.0,1352237000.0,1598197000.0,289571000.0,1308626000.0,2.03,25923065000.0,8163676000.0,62161816000.0,15455246000.0,46706570000.0,9657576000.0,,,,0.1811860490289995,1107230520.6191726,53998140000.0,0.0205049751828335,0.0280180282988025,0.0210519267969906,0.3309008989527597,0.1584867857819295,0.1209812868846614,0.1170795189975773,0.3214942908705003,,,61.16068715346135,61.16068715346135,False,69.22469240212729,69.22469240212729,67.20869108996081,249.0,True,False,True,True,True,True,True,False,False,True,True,True,True,True,True,False,False,11,False,0.142881277188833,0.5630776340110903,1.0,15163242199.6,0.0147874306839186,3.0,3.0,,,,,,-0.2374014839350936,-0.3789290990700572,0.150941624151306,-1.842394064484028,0.0400990099009901,-1.842394064484028,0.0262403598412426,-249.0,0.6732673267326733,0.3861386138613861,0.0099009900990099,0.5737623762376238,0.4544554455445544,南電
284.5,288.0,282.0,282.5,947003.0,0.0560747663551401,276.2,0.0700757575757575,279.6,0.1869747899159664,256.45,0.3581730769230768,241.75,0.0134106560347953,46.89265536723163,1360500.75,0.6960694435486345,0.0103719599427754,8081.TW,2026-06-16,0.1374866086095136,0.3934210727089329,bull,0.3857539315448658,0.2636447733580018,2026-03-31,2026-05-15,2111258000.0,836287000.0,370522000.0,438111000.0,35852000.0,395524000.0,4.62,8526362000.0,3289967000.0,12402096000.0,3675700000.0,8726396000.0,5153501000.0,,,,0.0818331427423643,340201020.28481364,9112129000.0,0.0373349653286091,0.0453250116084578,0.0318917060471068,0.4212162730180936,0.3961083865638401,0.1754982100719097,0.1873404387336839,-0.0216104520571243,,,76.58455198143469,76.58455198143469,False,57.70059271493525,57.70059271493525,62.42158253156011,105.0,True,False,True,True,True,True,True,False,False,False,True,True,False,True,True,False,False,9,False,0.1015792552154417,0.1685625646328852,1.0,384341461.875,0.2689463955637708,2.0,3.0,,,,,,-0.0253320871909318,-0.1153307596349606,0.2464264375390755,-1.543581624831872,0.6094059405940595,-1.543581624831872,0.5930770210047857,-105.0,0.8514851485148515,0.198019801980198,0.6534653465346535,0.8217821782178217,0.6158415841584158,致新
21.549999237060547,21.799999237060547,20.89999961853028,21.700000762939453,15835365.0,0.0023095217224105,21.340000534057616,0.3821656704819511,19.190000104904176,0.5839416835804638,15.618333371480306,0.9908258277412147,14.144166660308835,0.0767288604389205,68.1481537995515,20501038.4,0.7724177034856927,0.1307973238308541,8105.TW,2026-06-16,0.1374866086095136,0.3934210727089329,bull,0.0481036077705827,0.0869565217391304,2026-03-31,2026-05-15,2127313000.0,184229000.0,11272000.0,193328000.0,3672000.0,189656000.0,0.43,5147644000.0,2542344000.0,10820597000.0,2769008000.0,8051589000.0,2373786000.0,,27742000.0,,0.0189936274104113,11057903.831829844,8278253000.0,0.0013357774680031,0.023555101980491,0.0175273138811102,0.343908264567404,0.0866017365568677,0.0052987031057488,0.0891528421064507,0.0389918719517377,,,32.04706238803459,32.04706238803459,False,83.4405856127915,83.4405856127915,70.59220480660227,650.0,True,True,True,True,True,True,True,True,True,True,True,True,False,True,False,False,False,13,False,0.3893928530533554,0.5342014332900709,1.0,444872548.92105097,0.2578558225508318,0.0,3.0,,,,,,-0.089142105055186,-0.2304301746390161,0.1923958489980146,-1.5803305009317683,0.2153465346534653,-1.5803305009317683,0.1854442703029167,-650.0,0.3168316831683168,0.5544554455445545,0.1188118811881188,0.2871287128712871,0.3485148514851485,凌巨
96.5999984741211,101.5,94.4000015258789,94.5999984741211,47439128.0,-0.0135558188850185,94.5800003051758,0.2190721692561545,93.21500053405762,0.4921135046898512,77.94500039418539,1.0722890539333831,67.59041687647502,0.0348023959093606,50.44247599826926,54762026.55,0.8662778021314845,0.0148581015086455,8150.TW,2026-06-16,0.1374866086095136,0.3934210727089329,bull,0.1285846438482886,0.1110083256244218,2026-03-31,2026-05-15,6935628000.0,955465000.0,519677000.0,598149000.0,93257000.0,504892000.0,0.72,24338841000.0,9986027000.0,44831224000.0,20223938000.0,24607286000.0,12386933000.0,2903639000.0,9181032000.0,,0.1559093135656834,438654515.6541263,34845197000.0,0.0125886651079667,0.0205179880463046,0.0112620614596648,0.8218678809194968,0.1377618580465965,0.0749286149718525,0.0727968685748428,0.2536536129791198,,,43.57847362995483,43.57847362995483,False,69.60542766966125,69.60542766966125,63.09868915973465,455.0,True,False,True,True,True,True,True,True,True,True,True,True,True,True,False,False,False,13,False,0.2136762845045563,0.3996066727478169,1.0,5180487628.069778,0.0462107208872458,1.0,3.0,,,,,,-0.0538235728074436,-0.2172545350331759,0.2419292640039625,-1.6187692562808378,0.3633663366336633,-1.6187692562808378,0.3506864397193571,-455.0,0.4059405940594059,0.2277227722772277,0.2871287128712871,0.3881188118811881,0.3287128712871287,南茂
45.400001525878906,45.45000076293945,43.59999847412109,43.59999847412109,4867548.0,0.0163169446001048,43.29999923706054,0.327245068472948,39.61749973297119,0.5433627778449943,32.129166507720946,0.4225122028308783,31.32791659037272,0.0742272267426002,71.11109792450883,6943530.45,0.7010191767791556,0.1005237273425285,8163.TW,2026-06-16,0.1374866086095136,0.3934210727089329,bull,0.061054579093432,0.095282146160962,2026-03-31,2026-05-15,6024739000.0,1083613000.0,78937000.0,60349000.0,27879000.0,56888000.0,0.2,20417805000.0,15085268000.0,33141639000.0,20413316000.0,12728323000.0,6008622000.0,5347539000.0,4835856000.0,,0.4,47362200.0,18056371000.0,0.0026230187671708,0.0044694026070834,0.0017165113650534,1.6037710545214794,0.1798605715533901,0.0131021443418544,0.0094424007413433,0.0987348591424719,,,20.297029833794337,20.297029833794337,False,79.16328625171704,79.16328625171704,64.44672214723636,857.0,True,True,True,True,True,True,True,True,True,True,True,True,False,True,False,False,False,13,False,0.3570223947030679,0.3917299079990419,1.0,302737917.0250133,0.2902033271719039,1.0,3.0,,,,,,-0.0820019177707181,-0.2025329020841557,0.2773856497700646,-1.6057250518147237,0.3762376237623762,-1.6057250518147237,0.3519306920428803,-857.0,0.1287128712871287,0.2673267326732673,0.3168316831683168,0.1569306930693069,0.2079207920792079,達方
30.5,30.549999237060547,29.14999961853028,29.14999961853028,3033319.0,0.0121527913451935,29.149999618530277,0.0796296155011213,29.462499809265143,0.192228986050378,27.10166654586792,0.5505319575261851,23.733333269755047,0.0187586419727805,49.84025185302367,5070478.75,0.5982312814149946,-0.0106067099790558,8215.TW,2026-06-16,0.1374866086095136,0.3934210727089329,bull,0.3487511563367252,0.2571692876965772,2026-03-31,2026-05-15,4546266000.0,540359000.0,-238908000.0,-190336000.0,5854000.0,-204294000.0,-0.64,8661587000.0,8278605000.0,23044366000.0,15716133000.0,7328233000.0,523011000.0,3065000000.0,6755324000.0,,0.0,-238908000.0,14765761000.0,-0.0161798636724514,-0.027877661640944,-0.0088652471497805,2.1446006151824046,0.1188577615124148,-0.0525503787063933,-0.0449366579078302,-0.0074736398807204,,,8.600140083922543,8.600140083922543,False,58.108233117483806,58.108233117483806,45.7312098590935,1056.0,True,False,True,True,False,True,True,False,False,False,True,True,False,True,False,False,False,8,False,0.075579598368819,0.2282303242957468,1.0,147804453.6282659,0.3826247689463956,0.0,3.0,,,,,,-0.0295616077819103,-0.1929459305338833,0.3244634079513284,-1.1926395318366398,0.6455445544554456,-1.1926395318366398,0.6267873403720847,-1056.0,0.0198019801980198,0.0099009900990099,0.7326732673267327,0.1267326732673267,0.1594059405940594,明基材
305.5,321.0,300.0,321.0,2175561.0,-0.2302373469388651,366.8,0.6090225563909775,282.7805046081543,0.8135593220338984,214.76850153605145,0.5035128805620608,204.98008410135904,0.181424697422733,67.71117166212534,2867143.45,0.7587904260597773,0.1351560477791991,8454.TW,2026-06-16,0.1374866086095136,0.3934210727089329,bull,0.0231267345050878,0.0518038852913968,2026-03-31,2026-05-15,26593466000.0,2407545000.0,788497000.0,808886000.0,163978000.0,643777000.0,2.43,10815454000.0,14414518000.0,26823162000.0,16389804000.0,10433358000.0,3221978000.0,,,,0.2027207789478369,628652273.9619675,12408644000.0,0.0506624474005352,0.0617037199336972,0.0240007870809563,1.5709040176710125,0.0905314485896648,0.0296500275669218,0.0242080893103591,0.0071315617298379,,,48.88653874369089,48.88653874369089,False,85.55424343020096,85.55424343020096,76.38731725857345,387.0,True,True,True,True,True,True,True,True,True,True,True,False,False,True,False,False,False,12,False,0.4946325820786914,0.5660057971352532,1.0,920353047.45,0.1700554528650646,2.0,3.0,,,,,,-0.0699280869198002,-0.1440493600893425,0.2234891907844131,-1.09094141918913,0.505940594059406,-1.09094141918913,0.505940594059406,-387.0,0.495049504950495,0.801980198019802,0.495049504950495,0.495049504950495,0.5871287128712871,富邦媒
72.5,78.5999984741211,72.5,76.80000305175781,14307838.0,0.0448980007041879,74.78000030517578,0.3473684745922423,69.02500038146972,0.678158966924131,54.30901940663656,0.8686132823122972,48.84771601359049,0.0647898214944416,56.797581828122446,14279962.2,1.0019520920020364,0.1126403857634072,8926.TW,2026-06-16,0.1374866086095136,0.3934210727089329,bull,0.0555041628122109,0.0675300647548566,2026-03-31,2026-05-15,13705478000.0,1167742000.0,1158449000.0,2000219000.0,215282000.0,1543873000.0,2.11,25838478000.0,15258593000.0,79198716000.0,50673668000.0,28525048000.0,9791059000.0,,27061536000.0,6097731000.0,0.1076292146010012,1033766043.9746848,63940123000.0,0.0161677206028315,0.0541234146214232,0.019493661993207,1.776462146531708,0.0852025737446005,0.0845245236977506,0.1126464177316544,5.978828992827919,,,50.60223107136166,50.60223107136166,False,86.38023621942145,86.38023621942145,77.43573493240649,359.0,True,True,True,True,True,True,True,True,True,True,True,True,True,True,False,False,False,14,False,0.4141298055249522,0.5722332448540766,1.0,1096701140.5389862,0.1608133086876155,1.0,3.0,,,,,,-0.0763141971035451,-0.1954760045755046,0.2185059853261637,-1.2280975316436529,0.3757425742574257,-1.2280975316436529,0.3665898806640838,-359.0,0.5247524752475248,0.8217821782178217,0.3366336633663366,0.4965346534653465,0.5762376237623763,台汽電
1310.0,1380.0,1265.0,1380.0,3488078.0,0.037593984962406,1228.0,0.3269230769230768,1156.2,0.4589690130920507,1079.4088551839193,1.791709347085895,901.2158762613932,0.0416685436280913,59.32203389830508,3521793.6,0.9904265826367564,0.1935651271406331,8996.TW,2026-06-16,0.1374866086095136,0.3934210727089329,bull,0.0619796484736355,0.1165587419056429,2026-03-31,2026-05-15,3422971000.0,993397000.0,708890000.0,760217000.0,154549000.0,605668000.0,6.54,6117858000.0,3808253000.0,8901358000.0,4255580000.0,4645778000.0,1874428000.0,690000000.0,245167000.0,0.0,0.2032959010387823,564775568.7126175,5093105000.0,0.1108902268287454,0.1303695527422963,0.0680422020999492,0.91601019248014,0.2902148455245458,0.2070978690733868,0.1769421943685763,2.3761538742261066,,,90.21884377245992,90.21884377245992,True,88.36223521848883,88.36223521848883,88.82638735698161,30.0,True,True,True,True,True,True,True,True,True,True,True,True,True,False,True,True,False,13,False,0.2784775605392484,0.5312646352001658,1.0,4860075168.0,0.0508317929759704,3.0,1.0,,,,,,-0.0482382583240814,-0.1942988174564231,0.2324401056889338,-1.5973017186279557,0.4044554455445544,-1.5973017186279557,0.5042073997614336,-30.0,0.9702970297029704,0.9801980198019802,0.4851485148514851,0.8975247524752474,0.8762376237623762,高力
43.25,43.29999923706055,42.29999923706055,42.34999847412109,4459597.0,0.0367197076139491,41.56999969482422,0.1338688140366157,40.67249984741211,0.2134669519345977,37.954999923706055,0.3234374523162839,34.894999996821085,0.0274076473466885,61.538461538461526,7104896.1,0.6276794111035628,0.0412440502305566,9933.TW,2026-06-16,0.1374866086095136,0.3934210727089329,bull,0.2192414431082331,0.242368177613321,2026-03-31,2026-05-15,17199079000.0,2244665000.0,1663896000.0,1662544000.0,521286000.0,892046000.0,1.0,85054850000.0,82656832000.0,140062416000.0,114248656000.0,25813760000.0,42421531000.0,1206000000.0,17821605000.0,10618678000.0,0.3135471903300003,1142186084.198674,57405584000.0,0.0198967766654664,0.0345569959587444,0.0063689176973785,4.425882010214707,0.1305107674660951,0.0967433198021824,0.0518659167737993,-0.2275882612996864,,,23.64577886729635,23.64577886729635,False,75.20226585400911,75.20226585400911,62.31314410733092,798.0,True,True,True,True,True,True,True,True,False,False,True,True,False,True,False,False,False,11,False,0.1157949824594779,0.2136408791511432,1.0,300892338.99378884,0.2920517560073937,1.0,3.0,,,,,,0.0649621576679198,-0.0725854288245782,0.3392817136500795,-0.5122541137169813,0.9594059405940594,-0.5122541137169813,0.9139704703409708,-798.0,0.2079207920792079,0.1782178217821782,0.9603960396039604,0.3207920792079207,0.3495049504950495,中鼎
70.30000305175781,71.9000015258789,68.0999984741211,68.5,150740.0,-0.0043605092798051,67.36000061035156,0.0873015873015872,68.74500045776367,0.2275985830928923,61.725,0.3782695965485663,58.50166673660279,0.0252031935708967,47.87645219833938,203519.35,0.740666673709404,-0.0035639021911737,6792.TW,2026-06-16,0.1374866086095136,0.3934210727089329,bull,0.3265494912118409,0.2312673450508788,2026-03-31,2026-05-15,338152000.0,109027000.0,26461000.0,29884000.0,5216000.0,24668000.0,0.53,1506202000.0,473365000.0,1935964000.0,509836000.0,1426128000.0,735169000.0,,,,0.1745415607013786,21842455.76228081,1462599000.0,0.0149340015700002,0.0172971851054042,0.0127419724746947,0.3574966622911828,0.3224200951051598,0.0782517920934964,0.0729494428541011,0.0450885917116605,,,47.3547248751837,47.3547248751837,False,59.4218316373728,59.4218316373728,56.40505494682553,400.0,True,False,True,True,False,True,True,False,False,False,True,True,False,True,False,False,False,8,False,0.1097610368570272,0.1709068103719777,1.0,13941075.475,0.6839186691312384,1.0,3.0,,,,,,0.0185040687585771,-0.0641784079528274,0.2067695364521451,-1.0442634957053716,0.7544554455445545,-1.0442634957053716,0.7265242581397287,-400.0,0.4752475247524752,0.0693069306930693,0.8316831683168316,0.5287128712871286,0.4247524752475248,詠業
60.0,63.20000076293945,58.29999923706055,61.400001525878906,6835482.0,0.126605532584934,57.7,0.2926316110711349,58.40999984741211,0.4447059182559743,46.90083325703939,0.3318872789192542,45.86916662851969,0.069388501827058,52.15311354107918,3736307.35,1.829475297314607,0.0511898936188623,6742.TW,2026-06-16,0.1374866086095136,0.3934210727089329,bull,0.0758556891766882,0.123959296947271,2026-03-31,2026-05-15,85699000.0,-7604000.0,-30773000.0,-23739000.0,717000.0,-24456000.0,-0.35,1026905000.0,385812000.0,1661168000.0,423370000.0,1237798000.0,729435000.0,275000000.0,23356000.0,,0.0,-30773000.0,1275356000.0,-0.0241289490934295,-0.0197576664366883,-0.0147221713878427,0.3420348069717353,-0.0887291566996114,-0.3590823696892612,-0.2853708911422537,-0.429430289149728,,,14.063307899620447,14.063307899620447,False,77.14900338172237,77.14900338172237,61.377579511196885,984.0,True,True,True,True,True,True,True,True,True,True,False,True,True,True,False,False,False,13,False,0.3091452168744428,0.3385898641485834,1.0,229409276.99115255,0.3197781885397412,1.0,3.0,,,,,,-0.0828382408238297,-0.2301935705279572,0.1437744083138325,-1.7159838443347784,0.1599009900990099,-1.7159838443347784,0.1195990829194158,-984.0,0.0891089108910891,0.1485148514851485,0.0693069306930693,0.0861386138613861,0.1029702970297029,澤米
1005.0,1010.0,981.0,998.0,1025347.0,0.0765911542610571,967.8,0.111358574610245,935.65,0.1895113230035756,904.85,0.5917065390749601,813.325,0.0157963304744326,60.83916083916084,759000.65,1.3509171566585614,0.066638165980869,6944.TW,2026-06-16,0.1374866086095136,0.3934210727089329,bull,0.2543940795559667,0.2617946345975948,2026-03-31,2026-05-15,4706862000.0,1277717000.0,1059601000.0,1065706000.0,292637000.0,773069000.0,10.08,14742669000.0,8305817000.0,17618791000.0,8758959000.0,8859832000.0,7117376000.0,1066667000.0,108500000.0,,0.2745944941663085,768640399.3868853,9312974000.0,0.0825343654333068,0.0872554919777259,0.0438775282594588,0.9886145696667836,0.2714583516576436,0.2251183484878035,0.1642429712194663,0.5484097000990853,,,89.06912245037437,89.06912245037437,True,79.12209170689805,79.12209170689805,81.60884939276713,38.0,True,True,True,True,True,True,True,True,False,False,True,True,True,True,True,True,False,12,False,0.1029452395424654,0.2270617526818921,1.0,757482648.7,0.1959334565619223,3.0,2.0,,,,,,-0.0411513698859322,-0.1122974876769397,0.3262077604721378,-1.1720994603012314,0.7173267326732673,-1.1720994603012314,0.7266846567902621,-38.0,0.9504950495049505,0.9306930693069309,0.8415841584158416,0.934158415841584,0.9227722772277228,兆聯實業
83.4000015258789,84.5,77.5,78.30000305175781,773040.0,-0.0357142118900923,78.96000213623047,0.0875000423855252,77.31000061035157,0.6111112244880341,75.50083325703939,0.5818182434698549,62.56708329518636,0.0138351673687109,53.90244388069639,800329.5,0.965902169044125,0.0128056193712366,7721.TW,2026-06-16,0.1374866086095136,0.3934210727089329,bull,0.3256244218316373,0.0795559666975023,2026-03-31,2026-05-15,143810000.0,92276000.0,13499000.0,14331000.0,2866000.0,11465000.0,0.21,816949000.0,205668000.0,1635464000.0,373710000.0,1261754000.0,231995000.0,,,,0.1999860442397599,10799388.38880748,1429796000.0,0.0075530973571107,0.0090865572845419,0.0070102429646876,0.2961829326477269,0.6416521799596691,0.0938669077254711,0.0797232459495167,0.2008784675250932,,,52.83788634104024,52.83788634104024,False,66.42332965932349,66.42332965932349,63.02696882975268,326.0,True,False,True,True,True,True,True,True,False,True,True,True,True,True,False,False,False,12,False,0.0370746874433658,0.251456819272601,1.0,62665802.29241181,0.4842883548983364,1.0,3.0,,,,,,-0.0369853372020324,-0.1928811603129122,0.1718016390821762,-1.74332273132087,0.3282178217821782,-1.74332273132087,0.2790505298945742,-326.0,0.5742574257425742,0.2178217821782178,0.2079207920792079,0.5193069306930692,0.394059405940594,微程式
193.5,194.5,192.0,193.0,96203.0,0.0052083333333332,189.9,0.20625,177.925,0.20625,165.80833333333334,-0.0102564102564102,175.75,0.0446205783061795,72.64150943396226,186261.8,0.5164934516900406,0.0847267106927074,6957.TW,2026-06-16,0.1374866086095136,0.3934210727089329,bull,0.1396854764107308,0.2488436632747456,2026-03-31,2026-05-15,1008397000.0,304729000.0,100942000.0,102458000.0,25691000.0,82568000.0,1.51,2765058000.0,1395803000.0,5405505000.0,3045045000.0,2360460000.0,1274466000.0,40000000.0,27000000.0,945042000.0,0.2507466474067423,75631131.9174686,4009702000.0,0.0188620331180393,0.0349796226159307,0.0152747985618364,1.2900218601459037,0.3021914979913665,0.1001014481399686,0.0818804498625045,0.2868739487648066,,,57.7309173012778,57.7309173012778,False,71.64890335020172,71.64890335020172,68.16940683797074,286.0,True,False,True,True,True,True,True,False,True,False,True,True,False,True,False,False,False,10,False,0.1639945720460369,0.0981507823613085,1.0,35948527.4,0.5499075785582255,2.0,3.0,,,,,,-0.0302817367102439,-0.1240547830259046,0.2569495621944713,-0.981735093266436,0.6881188118811882,-0.981735093266436,0.5955498426187562,-286.0,0.6138613861386139,0.4455445544554455,0.6732673267326733,0.6227722772277228,0.5752475247524753,裕慶-KY
165.5,172.0,162.0,169.5,945723.0,0.0727848101265822,161.1,0.2988505747126437,150.325,0.2463235294117647,140.525,1.0446320492176009,131.24166673024496,0.0490230286113047,68.05555555555556,1077231.35,0.8779200493932895,0.1275569599201731,7827.TW,2026-06-16,0.1374866086095136,0.3934210727089329,bull,0.0730804810360777,0.2192414431082331,2026-03-31,2026-05-15,0.0,0.0,-319867000.0,-320859000.0,9489000.0,-273651000.0,-2.1,880888000.0,384114000.0,965156000.0,384114000.0,581042000.0,816012000.0,95154000.0,,,0.0,-319867000.0,581042000.0,-0.5505058154143763,-0.4709659542683661,-0.2835303308480701,0.6610778566781748,,,,,,,21.65668651223912,21.65668651223912,False,79.48704331837233,79.48704331837233,65.02945411683902,832.0,True,True,True,True,True,True,True,True,True,False,True,True,True,True,False,False,False,13,False,0.2061910692047677,0.2915105714741606,1.0,182590713.825,0.3475046210720887,2.0,3.0,,,,,,-0.0685413334089468,-0.2766891080451009,0.2812210537455644,-1.923203698968928,0.3123762376237624,-1.923203698968928,0.2916161535307187,-832.0,0.1584158415841584,0.3168316831683168,0.2376237623762376,0.1702970297029703,0.2217821782178217,漢康-KY創
